{
"type": "FeatureCollection",
"crs": { "type": "name", "properties": { "name": "urn:ogc:def:crs:OGC:1.3:CRS84" } },
"features": [
{ "type": "Feature", "properties": { "difference_1990_2000": 0.0, "difference_1990_2010": 0.0, "difference_1990_2020": 93.0 }, "geometry": { "type": "Polygon", "coordinates": [ [ [ -102.363968907178801, 21.84946729832253 ], [ -102.359396433470494, 21.84946729832253 ], [ -102.359396433470494, 21.845280270214527 ], [ -102.363968907178801, 21.845280270214527 ], [ -102.363968907178801, 21.84946729832253 ] ] ] } },
{ "type": "Feature", "properties": { "difference_1990_2000": 0.0, "difference_1990_2010": 0.0, "difference_1990_2020": 11.0 }, "geometry": { "type": "Polygon", "coordinates": [ [ [ -102.363968907178801, 21.853654447709399 ], [ -102.359396433470494, 21.853654447709435 ], [ -102.359396433470494, 21.84946729832253 ], [ -102.363968907178801, 21.84946729832253 ], [ -102.363968907178801, 21.853654447709399 ] ] ] } },
{ "type": "Feature", "properties": { "difference_1990_2000": 9.0, "difference_1990_2010": 82.0, "difference_1990_2020": 500.0 }, "geometry": { "type": "Polygon", "coordinates": [ [ [ -102.363968907178801, 21.970944002984044 ], [ -102.359396433470494, 21.970944002984044 ], [ -102.359396433470494, 21.966753444459183 ], [ -102.363968907178801, 21.966753444459183 ], [ -102.363968907178801, 21.970944002984044 ] ] ] } },
{ "type": "Feature", "properties": { "difference_1990_2000": 11.0, "difference_1990_2010": 120.0, "difference_1990_2020": 596.0 }, "geometry": { "type": "Polygon", "coordinates": [ [ [ -102.363968907178801, 21.966753444459183 ], [ -102.359396433470494, 21.966753444459183 ], [ -102.359396433470494, 21.962563008133465 ], [ -102.363968907178801, 21.962563008133412 ], [ -102.363968907178801, 21.966753444459183 ] ] ] } },
{ "type": "Feature", "properties": { "difference_1990_2000": 0.0, "difference_1990_2010": 0.0, "difference_1990_2020": 2.0 }, "geometry": { "type": "Polygon", "coordinates": [ [ [ -102.363968907178801, 21.862029110450607 ], [ -102.359396433470494, 21.862029110450639 ], [ -102.359396433470494, 21.857841718407858 ], [ -102.363968907178801, 21.857841718407826 ], [ -102.363968907178801, 21.862029110450607 ] ] ] } },
{ "type": "Feature", "properties": { "difference_1990_2000": 1.0, "difference_1990_2010": 0.0, "difference_1990_2020": 7.0 }, "geometry": { "type": "Polygon", "coordinates": [ [ [ -102.363968907178801, 21.975134683741025 ], [ -102.359396433470494, 21.975134683741057 ], [ -102.359396433470494, 21.970944002984044 ], [ -102.363968907178801, 21.970944002984044 ], [ -102.363968907178801, 21.975134683741025 ] ] ] } },
{ "type": "Feature", "properties": { "difference_1990_2000": 30.0, "difference_1990_2010": 37.0, "difference_1990_2020": 45.0 }, "geometry": { "type": "Polygon", "coordinates": [ [ [ -102.176497485139464, 21.836906577703839 ], [ -102.171925011431185, 21.836906577703839 ], [ -102.171925011431185, 21.832719913235636 ], [ -102.176497485139464, 21.83271991323565 ], [ -102.176497485139464, 21.836906577703839 ] ] ] } },
{ "type": "Feature", "properties": { "difference_1990_2000": 0.0, "difference_1990_2010": 0.0, "difference_1990_2020": 300.0 }, "geometry": { "type": "Polygon", "coordinates": [ [ [ -102.354823959762243, 21.84946729832253 ], [ -102.350251486053963, 21.84946729832253 ], [ -102.350251486053963, 21.845280270214527 ], [ -102.354823959762243, 21.845280270214527 ], [ -102.354823959762243, 21.84946729832253 ] ] ] } },
{ "type": "Feature", "properties": { "difference_1990_2000": 0.0, "difference_1990_2010": 0.0, "difference_1990_2020": 295.0 }, "geometry": { "type": "Polygon", "coordinates": [ [ [ -102.354823959762243, 21.853654447709385 ], [ -102.350251486053963, 21.853654447709399 ], [ -102.350251486053963, 21.84946729832253 ], [ -102.354823959762243, 21.84946729832253 ], [ -102.354823959762243, 21.853654447709385 ] ] ] } },
{ "type": "Feature", "properties": { "difference_1990_2000": 405.0, "difference_1990_2010": 826.0, "difference_1990_2020": 1215.0 }, "geometry": { "type": "Polygon", "coordinates": [ [ [ -102.354823959762243, 21.95837269397385 ], [ -102.350251486053963, 21.95837269397385 ], [ -102.350251486053963, 21.954182501947557 ], [ -102.354823959762243, 21.954182501947557 ], [ -102.354823959762243, 21.95837269397385 ] ] ] } },
{ "type": "Feature", "properties": { "difference_1990_2000": 499.0, "difference_1990_2010": 1692.0, "difference_1990_2020": 1971.0 }, "geometry": { "type": "Polygon", "coordinates": [ [ [ -102.354823959762243, 21.970944002984044 ], [ -102.350251486053963, 21.970944002984044 ], [ -102.350251486053963, 21.966753444459183 ], [ -102.354823959762243, 21.966753444459201 ], [ -102.354823959762243, 21.970944002984044 ] ] ] } },
{ "type": "Feature", "properties": { "difference_1990_2000": 46.0, "difference_1990_2010": 340.0, "difference_1990_2020": 404.0 }, "geometry": { "type": "Polygon", "coordinates": [ [ [ -102.354823959762243, 21.945802484162716 ], [ -102.350251486053963, 21.945802484162684 ], [ -102.350251486053963, 21.941612658338251 ], [ -102.354823959762243, 21.9416126583383 ], [ -102.354823959762243, 21.945802484162716 ] ] ] } },
{ "type": "Feature", "properties": { "difference_1990_2000": 124.0, "difference_1990_2010": 307.0, "difference_1990_2020": 429.0 }, "geometry": { "type": "Polygon", "coordinates": [ [ [ -102.354823959762243, 21.966753444459201 ], [ -102.350251486053963, 21.966753444459183 ], [ -102.350251486053963, 21.962563008133451 ], [ -102.354823959762243, 21.962563008133451 ], [ -102.354823959762243, 21.966753444459201 ] ] ] } },
{ "type": "Feature", "properties": { "difference_1990_2000": 0.0, "difference_1990_2010": 0.0, "difference_1990_2020": 15.0 }, "geometry": { "type": "Polygon", "coordinates": [ [ [ -102.354823959762243, 21.845280270214527 ], [ -102.350251486053963, 21.845280270214527 ], [ -102.350251486053963, 21.841093363352506 ], [ -102.354823959762243, 21.841093363352506 ], [ -102.354823959762243, 21.845280270214527 ] ] ] } },
{ "type": "Feature", "properties": { "difference_1990_2000": 546.0, "difference_1990_2010": 1263.0, "difference_1990_2020": 1412.0 }, "geometry": { "type": "Polygon", "coordinates": [ [ [ -102.354823959762243, 21.954182501947521 ], [ -102.350251486053963, 21.954182501947521 ], [ -102.350251486053963, 21.949992432021446 ], [ -102.354823959762243, 21.949992432021467 ], [ -102.354823959762243, 21.954182501947521 ] ] ] } },
{ "type": "Feature", "properties": { "difference_1990_2000": 403.0, "difference_1990_2010": 67.0, "difference_1990_2020": 340.0 }, "geometry": { "type": "Polygon", "coordinates": [ [ [ -102.354823959762243, 21.962563008133451 ], [ -102.350251486053963, 21.962563008133451 ], [ -102.350251486053963, 21.95837269397385 ], [ -102.354823959762243, 21.95837269397385 ], [ -102.354823959762243, 21.962563008133451 ] ] ] } },
{ "type": "Feature", "properties": { "difference_1990_2000": 6.0, "difference_1990_2010": 16.0, "difference_1990_2020": 93.0 }, "geometry": { "type": "Polygon", "coordinates": [ [ [ -102.354823959762243, 21.857841718407858 ], [ -102.350251486053963, 21.857841718407826 ], [ -102.350251486053963, 21.853654447709399 ], [ -102.354823959762243, 21.853654447709385 ], [ -102.354823959762243, 21.857841718407858 ] ] ] } },
{ "type": "Feature", "properties": { "difference_1990_2000": 388.0, "difference_1990_2010": 869.0, "difference_1990_2020": 1030.0 }, "geometry": { "type": "Polygon", "coordinates": [ [ [ -102.354823959762243, 21.949992432021467 ], [ -102.350251486053963, 21.949992432021446 ], [ -102.350251486053963, 21.945802484162684 ], [ -102.354823959762243, 21.945802484162716 ], [ -102.354823959762243, 21.949992432021467 ] ] ] } },
{ "type": "Feature", "properties": { "difference_1990_2000": 16.0, "difference_1990_2010": 44.0, "difference_1990_2020": 54.0 }, "geometry": { "type": "Polygon", "coordinates": [ [ [ -102.354823959762243, 21.862029110450639 ], [ -102.350251486053963, 21.862029110450639 ], [ -102.350251486053963, 21.857841718407826 ], [ -102.354823959762243, 21.857841718407858 ], [ -102.354823959762243, 21.862029110450639 ] ] ] } },
{ "type": "Feature", "properties": { "difference_1990_2000": 275.0, "difference_1990_2010": 987.0, "difference_1990_2020": 1288.0 }, "geometry": { "type": "Polygon", "coordinates": [ [ [ -102.354823959762243, 21.975134683741057 ], [ -102.350251486053963, 21.975134683741025 ], [ -102.350251486053963, 21.970944002984044 ], [ -102.354823959762243, 21.970944002984044 ], [ -102.354823959762243, 21.975134683741057 ] ] ] } },
{ "type": "Feature", "properties": { "difference_1990_2000": 0.0, "difference_1990_2010": 187.0, "difference_1990_2020": 389.0 }, "geometry": { "type": "Polygon", "coordinates": [ [ [ -102.345679012345684, 21.84946729832253 ], [ -102.341106538637405, 21.849467298322516 ], [ -102.341106538637405, 21.845280270214527 ], [ -102.345679012345684, 21.845280270214527 ], [ -102.345679012345684, 21.84946729832253 ] ] ] } },
{ "type": "Feature", "properties": { "difference_1990_2000": 60.0, "difference_1990_2010": 523.0, "difference_1990_2020": 1821.0 }, "geometry": { "type": "Polygon", "coordinates": [ [ [ -102.345679012345684, 21.853654447709435 ], [ -102.341106538637405, 21.853654447709385 ], [ -102.341106538637405, 21.849467298322516 ], [ -102.345679012345684, 21.84946729832253 ], [ -102.345679012345684, 21.853654447709435 ] ] ] } },
{ "type": "Feature", "properties": { "difference_1990_2000": 535.0, "difference_1990_2010": 951.0, "difference_1990_2020": 775.0 }, "geometry": { "type": "Polygon", "coordinates": [ [ [ -102.345679012345684, 21.95837269397385 ], [ -102.341106538637405, 21.95837269397385 ], [ -102.341106538637405, 21.954182501947571 ], [ -102.345679012345684, 21.954182501947571 ], [ -102.345679012345684, 21.95837269397385 ] ] ] } },
{ "type": "Feature", "properties": { "difference_1990_2000": 0.0, "difference_1990_2010": 91.0, "difference_1990_2020": 745.0 }, "geometry": { "type": "Polygon", "coordinates": [ [ [ -102.345679012345684, 21.882967891977646 ], [ -102.341106538637405, 21.882967891977646 ], [ -102.341106538637405, 21.878779892721155 ], [ -102.345679012345684, 21.878779892721155 ], [ -102.345679012345684, 21.882967891977646 ] ] ] } },
{ "type": "Feature", "properties": { "difference_1990_2000": 398.0, "difference_1990_2010": 761.0, "difference_1990_2020": 989.0 }, "geometry": { "type": "Polygon", "coordinates": [ [ [ -102.345679012345684, 21.970944002984044 ], [ -102.341106538637405, 21.970944002984044 ], [ -102.341106538637405, 21.966753444459183 ], [ -102.345679012345684, 21.966753444459201 ], [ -102.345679012345684, 21.970944002984044 ] ] ] } },
{ "type": "Feature", "properties": { "difference_1990_2000": 0.0, "difference_1990_2010": 0.0, "difference_1990_2020": 976.0 }, "geometry": { "type": "Polygon", "coordinates": [ [ [ -102.345679012345684, 21.991898629750128 ], [ -102.341106538637405, 21.991898629750128 ], [ -102.341106538637405, 21.987707459734704 ], [ -102.345679012345684, 21.987707459734704 ], [ -102.345679012345684, 21.991898629750128 ] ] ] } },
{ "type": "Feature", "properties": { "difference_1990_2000": 10.0, "difference_1990_2010": 163.0, "difference_1990_2020": 772.0 }, "geometry": { "type": "Polygon", "coordinates": [ [ [ -102.345679012345684, 21.945802484162733 ], [ -102.341106538637405, 21.945802484162716 ], [ -102.341106538637405, 21.941612658338283 ], [ -102.345679012345684, 21.941612658338283 ], [ -102.345679012345684, 21.945802484162733 ] ] ] } },
{ "type": "Feature", "properties": { "difference_1990_2000": 0.0, "difference_1990_2010": 0.0, "difference_1990_2020": 1336.0 }, "geometry": { "type": "Polygon", "coordinates": [ [ [ -102.345679012345684, 21.996089922162689 ], [ -102.341106538637405, 21.996089922162689 ], [ -102.341106538637405, 21.991898629750128 ], [ -102.345679012345684, 21.991898629750128 ], [ -102.345679012345684, 21.996089922162689 ] ] ] } },
{ "type": "Feature", "properties": { "difference_1990_2000": 210.0, "difference_1990_2010": 380.0, "difference_1990_2020": 443.0 }, "geometry": { "type": "Polygon", "coordinates": [ [ [ -102.345679012345684, 21.966753444459201 ], [ -102.341106538637405, 21.966753444459183 ], [ -102.341106538637405, 21.962563008133451 ], [ -102.345679012345684, 21.962563008133465 ], [ -102.345679012345684, 21.966753444459201 ] ] ] } },
{ "type": "Feature", "properties": { "difference_1990_2000": 37.0, "difference_1990_2010": 141.0, "difference_1990_2020": 189.0 }, "geometry": { "type": "Polygon", "coordinates": [ [ [ -102.345679012345684, 21.97932548676317 ], [ -102.341106538637405, 21.97932548676317 ], [ -102.341106538637405, 21.975134683741057 ], [ -102.345679012345684, 21.975134683741057 ], [ -102.345679012345684, 21.97932548676317 ] ] ] } },
{ "type": "Feature", "properties": { "difference_1990_2000": 0.0, "difference_1990_2010": 26.0, "difference_1990_2020": 99.0 }, "geometry": { "type": "Polygon", "coordinates": [ [ [ -102.345679012345684, 21.845280270214527 ], [ -102.341106538637405, 21.845280270214527 ], [ -102.341106538637405, 21.841093363352506 ], [ -102.345679012345684, 21.841093363352506 ], [ -102.345679012345684, 21.845280270214527 ] ] ] } },
{ "type": "Feature", "properties": { "difference_1990_2000": 48.0, "difference_1990_2010": 287.0, "difference_1990_2020": 426.0 }, "geometry": { "type": "Polygon", "coordinates": [ [ [ -102.345679012345684, 21.866216623870553 ], [ -102.341106538637405, 21.866216623870553 ], [ -102.341106538637405, 21.862029110450639 ], [ -102.345679012345684, 21.862029110450639 ], [ -102.345679012345684, 21.866216623870553 ] ] ] } },
{ "type": "Feature", "properties": { "difference_1990_2000": 0.0, "difference_1990_2010": 0.0, "difference_1990_2020": 21.0 }, "geometry": { "type": "Polygon", "coordinates": [ [ [ -102.345679012345684, 21.912287291764724 ], [ -102.341106538637405, 21.912287291764688 ], [ -102.341106538637405, 21.908098441030358 ], [ -102.345679012345684, 21.908098441030358 ], [ -102.345679012345684, 21.912287291764724 ] ] ] } },
{ "type": "Feature", "properties": { "difference_1990_2000": 0.0, "difference_1990_2010": 0.0, "difference_1990_2020": 72.0 }, "geometry": { "type": "Polygon", "coordinates": [ [ [ -102.345679012345684, 21.878779892721155 ], [ -102.341106538637405, 21.878779892721155 ], [ -102.341106538637405, 21.874592014973036 ], [ -102.345679012345684, 21.874592014973036 ], [ -102.345679012345684, 21.878779892721155 ] ] ] } },
{ "type": "Feature", "properties": { "difference_1990_2000": 679.0, "difference_1990_2010": 1413.0, "difference_1990_2020": 1363.0 }, "geometry": { "type": "Polygon", "coordinates": [ [ [ -102.345679012345684, 21.954182501947521 ], [ -102.341106538637405, 21.954182501947521 ], [ -102.341106538637405, 21.949992432021467 ], [ -102.345679012345684, 21.949992432021446 ], [ -102.345679012345684, 21.954182501947521 ] ] ] } },
{ "type": "Feature", "properties": { "difference_1990_2000": 0.0, "difference_1990_2010": 0.0, "difference_1990_2020": 349.0 }, "geometry": { "type": "Polygon", "coordinates": [ [ [ -102.345679012345684, 22.000281337005386 ], [ -102.341106538637405, 22.000281337005369 ], [ -102.341106538637405, 21.996089922162689 ], [ -102.345679012345684, 21.996089922162689 ], [ -102.345679012345684, 22.000281337005386 ] ] ] } },
{ "type": "Feature", "properties": { "difference_1990_2000": 740.0, "difference_1990_2010": 1393.0, "difference_1990_2020": 1559.0 }, "geometry": { "type": "Polygon", "coordinates": [ [ [ -102.345679012345684, 21.949992432021446 ], [ -102.341106538637405, 21.949992432021467 ], [ -102.341106538637405, 21.945802484162716 ], [ -102.345679012345684, 21.945802484162733 ], [ -102.345679012345684, 21.949992432021446 ] ] ] } },
{ "type": "Feature", "properties": { "difference_1990_2000": 0.0, "difference_1990_2010": 0.0, "difference_1990_2020": 11.0 }, "geometry": { "type": "Polygon", "coordinates": [ [ [ -102.345679012345684, 21.916476264270191 ], [ -102.341106538637405, 21.916476264270152 ], [ -102.341106538637405, 21.912287291764688 ], [ -102.345679012345684, 21.912287291764724 ], [ -102.345679012345684, 21.916476264270191 ] ] ] } },
{ "type": "Feature", "properties": { "difference_1990_2000": 84.0, "difference_1990_2010": 830.0, "difference_1990_2020": 2082.0 }, "geometry": { "type": "Polygon", "coordinates": [ [ [ -102.345679012345684, 21.857841718407858 ], [ -102.341106538637405, 21.857841718407858 ], [ -102.341106538637405, 21.853654447709385 ], [ -102.345679012345684, 21.853654447709435 ], [ -102.345679012345684, 21.857841718407858 ] ] ] } },
{ "type": "Feature", "properties": { "difference_1990_2000": 159.0, "difference_1990_2010": 300.0, "difference_1990_2020": 251.0 }, "geometry": { "type": "Polygon", "coordinates": [ [ [ -102.345679012345684, 21.962563008133465 ], [ -102.341106538637405, 21.962563008133451 ], [ -102.341106538637405, 21.95837269397385 ], [ -102.345679012345684, 21.95837269397385 ], [ -102.345679012345684, 21.962563008133465 ] ] ] } },
{ "type": "Feature", "properties": { "difference_1990_2000": 0.0, "difference_1990_2010": 108.0, "difference_1990_2020": 422.0 }, "geometry": { "type": "Polygon", "coordinates": [ [ [ -102.345679012345684, 21.8871560127753 ], [ -102.341106538637405, 21.8871560127753 ], [ -102.341106538637405, 21.882967891977646 ], [ -102.345679012345684, 21.882967891977646 ], [ -102.345679012345684, 21.8871560127753 ] ] ] } },
{ "type": "Feature", "properties": { "difference_1990_2000": 0.0, "difference_1990_2010": 1.0, "difference_1990_2020": 1.0 }, "geometry": { "type": "Polygon", "coordinates": [ [ [ -102.345679012345684, 21.870404258700432 ], [ -102.341106538637405, 21.870404258700432 ], [ -102.341106538637405, 21.866216623870553 ], [ -102.345679012345684, 21.866216623870553 ], [ -102.345679012345684, 21.870404258700432 ] ] ] } },
{ "type": "Feature", "properties": { "difference_1990_2000": 88.0, "difference_1990_2010": 514.0, "difference_1990_2020": 762.0 }, "geometry": { "type": "Polygon", "coordinates": [ [ [ -102.345679012345684, 21.862029110450639 ], [ -102.341106538637405, 21.862029110450639 ], [ -102.341106538637405, 21.857841718407858 ], [ -102.345679012345684, 21.857841718407858 ], [ -102.345679012345684, 21.862029110450639 ] ] ] } },
{ "type": "Feature", "properties": { "difference_1990_2000": 167.0, "difference_1990_2010": 481.0, "difference_1990_2020": 635.0 }, "geometry": { "type": "Polygon", "coordinates": [ [ [ -102.345679012345684, 21.975134683741025 ], [ -102.341106538637405, 21.975134683741025 ], [ -102.341106538637405, 21.970944002984044 ], [ -102.345679012345684, 21.970944002984044 ], [ -102.345679012345684, 21.975134683741025 ] ] ] } },
{ "type": "Feature", "properties": { "difference_1990_2000": 0.0, "difference_1990_2010": 1.0, "difference_1990_2020": 1.0 }, "geometry": { "type": "Polygon", "coordinates": [ [ [ -102.33653406492914, 21.941612658338283 ], [ -102.33196159122086, 21.941612658338283 ], [ -102.33196159122086, 21.937422954515348 ], [ -102.33653406492914, 21.937422954515348 ], [ -102.33653406492914, 21.941612658338283 ] ] ] } },
{ "type": "Feature", "properties": { "difference_1990_2000": 664.0, "difference_1990_2010": 1187.0, "difference_1990_2020": 1262.0 }, "geometry": { "type": "Polygon", "coordinates": [ [ [ -102.33653406492914, 21.924854574725966 ], [ -102.33196159122086, 21.924854574725966 ], [ -102.33196159122086, 21.920665358579601 ], [ -102.33653406492914, 21.920665358579601 ], [ -102.33653406492914, 21.924854574725966 ] ] ] } },
{ "type": "Feature", "properties": { "difference_1990_2000": 0.0, "difference_1990_2010": 0.0, "difference_1990_2020": 424.0 }, "geometry": { "type": "Polygon", "coordinates": [ [ [ -102.33653406492914, 21.899721104743605 ], [ -102.33196159122086, 21.899721104743605 ], [ -102.33196159122086, 21.895532619125422 ], [ -102.33653406492914, 21.895532619125422 ], [ -102.33653406492914, 21.899721104743605 ] ] ] } },
{ "type": "Feature", "properties": { "difference_1990_2000": 167.0, "difference_1990_2010": -31.0, "difference_1990_2020": 162.0 }, "geometry": { "type": "Polygon", "coordinates": [ [ [ -102.33653406492914, 21.849467298322562 ], [ -102.33196159122086, 21.84946729832253 ], [ -102.33196159122086, 21.845280270214527 ], [ -102.33653406492914, 21.845280270214527 ], [ -102.33653406492914, 21.849467298322562 ] ] ] } },
{ "type": "Feature", "properties": { "difference_1990_2000": 226.0, "difference_1990_2010": -39.0, "difference_1990_2020": 224.0 }, "geometry": { "type": "Polygon", "coordinates": [ [ [ -102.33653406492914, 21.853654447709399 ], [ -102.33196159122086, 21.853654447709399 ], [ -102.33196159122086, 21.84946729832253 ], [ -102.33653406492914, 21.849467298322562 ], [ -102.33653406492914, 21.853654447709399 ] ] ] } },
{ "type": "Feature", "properties": { "difference_1990_2000": 634.0, "difference_1990_2010": 334.0, "difference_1990_2020": 464.0 }, "geometry": { "type": "Polygon", "coordinates": [ [ [ -102.33653406492914, 21.95837269397385 ], [ -102.33196159122086, 21.95837269397385 ], [ -102.33196159122086, 21.954182501947557 ], [ -102.33653406492914, 21.954182501947521 ], [ -102.33653406492914, 21.95837269397385 ] ] ] } },
{ "type": "Feature", "properties": { "difference_1990_2000": 784.0, "difference_1990_2010": 1528.0, "difference_1990_2020": 1575.0 }, "geometry": { "type": "Polygon", "coordinates": [ [ [ -102.33653406492914, 21.882967891977646 ], [ -102.33196159122086, 21.882967891977646 ], [ -102.33196159122086, 21.878779892721155 ], [ -102.33653406492914, 21.878779892721155 ], [ -102.33653406492914, 21.882967891977646 ] ] ] } },
{ "type": "Feature", "properties": { "difference_1990_2000": 52.0, "difference_1990_2010": 62.0, "difference_1990_2020": 73.0 }, "geometry": { "type": "Polygon", "coordinates": [ [ [ -102.33653406492914, 21.933233372660926 ], [ -102.33196159122086, 21.933233372660926 ], [ -102.33196159122086, 21.929043912742092 ], [ -102.33653406492914, 21.929043912742092 ], [ -102.33653406492914, 21.933233372660926 ] ] ] } },
{ "type": "Feature", "properties": { "difference_1990_2000": 36.0, "difference_1990_2010": 56.0, "difference_1990_2020": 97.0 }, "geometry": { "type": "Polygon", "coordinates": [ [ [ -102.33653406492914, 21.970944002984044 ], [ -102.33196159122086, 21.970944002984044 ], [ -102.33196159122086, 21.966753444459183 ], [ -102.33653406492914, 21.966753444459183 ], [ -102.33653406492914, 21.970944002984044 ] ] ] } },
{ "type": "Feature", "properties": { "difference_1990_2000": 0.0, "difference_1990_2010": 122.0, "difference_1990_2020": 152.0 }, "geometry": { "type": "Polygon", "coordinates": [ [ [ -102.33653406492914, 21.945802484162716 ], [ -102.33196159122086, 21.945802484162716 ], [ -102.33196159122086, 21.941612658338283 ], [ -102.33653406492914, 21.941612658338283 ], [ -102.33653406492914, 21.945802484162716 ] ] ] } },
{ "type": "Feature", "properties": { "difference_1990_2000": 25.0, "difference_1990_2010": 29.0, "difference_1990_2020": 82.0 }, "geometry": { "type": "Polygon", "coordinates": [ [ [ -102.33653406492914, 21.966753444459183 ], [ -102.33196159122086, 21.966753444459183 ], [ -102.33196159122086, 21.962563008133451 ], [ -102.33653406492914, 21.962563008133451 ], [ -102.33653406492914, 21.966753444459183 ] ] ] } },
{ "type": "Feature", "properties": { "difference_1990_2000": 44.0, "difference_1990_2010": 0.0, "difference_1990_2020": 77.0 }, "geometry": { "type": "Polygon", "coordinates": [ [ [ -102.33653406492914, 21.891344255146929 ], [ -102.33196159122086, 21.891344255146929 ], [ -102.33196159122086, 21.887156012775268 ], [ -102.33653406492914, 21.8871560127753 ], [ -102.33653406492914, 21.891344255146929 ] ] ] } },
{ "type": "Feature", "properties": { "difference_1990_2000": 267.0, "difference_1990_2010": 431.0, "difference_1990_2020": 502.0 }, "geometry": { "type": "Polygon", "coordinates": [ [ [ -102.33653406492914, 21.929043912742092 ], [ -102.33196159122086, 21.929043912742092 ], [ -102.33196159122086, 21.924854574725966 ], [ -102.33653406492914, 21.924854574725966 ], [ -102.33653406492914, 21.929043912742092 ] ] ] } },
{ "type": "Feature", "properties": { "difference_1990_2000": 0.0, "difference_1990_2010": 0.0, "difference_1990_2020": 27.0 }, "geometry": { "type": "Polygon", "coordinates": [ [ [ -102.33653406492914, 21.845280270214527 ], [ -102.33196159122086, 21.845280270214527 ], [ -102.33196159122086, 21.841093363352485 ], [ -102.33653406492914, 21.841093363352506 ], [ -102.33653406492914, 21.845280270214527 ] ] ] } },
{ "type": "Feature", "properties": { "difference_1990_2000": -9.0, "difference_1990_2010": -37.0, "difference_1990_2020": 10.0 }, "geometry": { "type": "Polygon", "coordinates": [ [ [ -102.33653406492914, 21.866216623870553 ], [ -102.33196159122086, 21.866216623870553 ], [ -102.33196159122086, 21.862029110450639 ], [ -102.33653406492914, 21.862029110450656 ], [ -102.33653406492914, 21.866216623870553 ] ] ] } },
{ "type": "Feature", "properties": { "difference_1990_2000": 0.0, "difference_1990_2010": 0.0, "difference_1990_2020": 269.0 }, "geometry": { "type": "Polygon", "coordinates": [ [ [ -102.33653406492914, 21.912287291764688 ], [ -102.33196159122086, 21.912287291764688 ], [ -102.33196159122086, 21.908098441030358 ], [ -102.33653406492914, 21.908098441030358 ], [ -102.33653406492914, 21.912287291764688 ] ] ] } },
{ "type": "Feature", "properties": { "difference_1990_2000": 841.0, "difference_1990_2010": 1070.0, "difference_1990_2020": 1187.0 }, "geometry": { "type": "Polygon", "coordinates": [ [ [ -102.33653406492914, 21.878779892721155 ], [ -102.33196159122086, 21.878779892721155 ], [ -102.33196159122086, 21.874592014973036 ], [ -102.33653406492914, 21.874592014973036 ], [ -102.33653406492914, 21.878779892721155 ] ] ] } },
{ "type": "Feature", "properties": { "difference_1990_2000": 29.0, "difference_1990_2010": 287.0, "difference_1990_2020": 355.0 }, "geometry": { "type": "Polygon", "coordinates": [ [ [ -102.33653406492914, 21.954182501947514 ], [ -102.33196159122086, 21.954182501947521 ], [ -102.33196159122086, 21.949992432021446 ], [ -102.33653406492914, 21.949992432021446 ], [ -102.33653406492914, 21.954182501947514 ] ] ] } },
{ "type": "Feature", "properties": { "difference_1990_2000": 84.0, "difference_1990_2010": 70.0, "difference_1990_2020": 257.0 }, "geometry": { "type": "Polygon", "coordinates": [ [ [ -102.33653406492914, 21.916476264270152 ], [ -102.33196159122086, 21.916476264270152 ], [ -102.33196159122086, 21.912287291764688 ], [ -102.33653406492914, 21.912287291764688 ], [ -102.33653406492914, 21.916476264270152 ] ] ] } },
{ "type": "Feature", "properties": { "difference_1990_2000": 1.0, "difference_1990_2010": 1.0, "difference_1990_2020": 1.0 }, "geometry": { "type": "Polygon", "coordinates": [ [ [ -102.33653406492914, 21.937422954515348 ], [ -102.33196159122086, 21.937422954515348 ], [ -102.33196159122086, 21.933233372660926 ], [ -102.33653406492914, 21.933233372660926 ], [ -102.33653406492914, 21.937422954515348 ] ] ] } },
{ "type": "Feature", "properties": { "difference_1990_2000": 335.0, "difference_1990_2010": 368.0, "difference_1990_2020": 460.0 }, "geometry": { "type": "Polygon", "coordinates": [ [ [ -102.33653406492914, 21.962563008133451 ], [ -102.33196159122086, 21.962563008133451 ], [ -102.33196159122086, 21.95837269397385 ], [ -102.33653406492914, 21.95837269397385 ], [ -102.33653406492914, 21.962563008133451 ] ] ] } },
{ "type": "Feature", "properties": { "difference_1990_2000": 0.0, "difference_1990_2010": 294.0, "difference_1990_2020": 367.0 }, "geometry": { "type": "Polygon", "coordinates": [ [ [ -102.33653406492914, 21.949992432021446 ], [ -102.33196159122086, 21.949992432021446 ], [ -102.33196159122086, 21.945802484162716 ], [ -102.33653406492914, 21.945802484162716 ], [ -102.33653406492914, 21.949992432021446 ] ] ] } },
{ "type": "Feature", "properties": { "difference_1990_2000": 96.0, "difference_1990_2010": 724.0, "difference_1990_2020": 1017.0 }, "geometry": { "type": "Polygon", "coordinates": [ [ [ -102.33653406492914, 21.857841718407858 ], [ -102.33196159122086, 21.857841718407858 ], [ -102.33196159122086, 21.853654447709399 ], [ -102.33653406492914, 21.853654447709399 ], [ -102.33653406492914, 21.857841718407858 ] ] ] } },
{ "type": "Feature", "properties": { "difference_1990_2000": 506.0, "difference_1990_2010": 699.0, "difference_1990_2020": 924.0 }, "geometry": { "type": "Polygon", "coordinates": [ [ [ -102.33653406492914, 21.920665358579601 ], [ -102.33196159122086, 21.920665358579601 ], [ -102.33196159122086, 21.916476264270152 ], [ -102.33653406492914, 21.916476264270152 ], [ -102.33653406492914, 21.920665358579601 ] ] ] } },
{ "type": "Feature", "properties": { "difference_1990_2000": 399.0, "difference_1990_2010": 416.0, "difference_1990_2020": 917.0 }, "geometry": { "type": "Polygon", "coordinates": [ [ [ -102.33653406492914, 21.8871560127753 ], [ -102.33196159122086, 21.887156012775268 ], [ -102.33196159122086, 21.882967891977646 ], [ -102.33653406492914, 21.882967891977646 ], [ -102.33653406492914, 21.8871560127753 ] ] ] } },
{ "type": "Feature", "properties": { "difference_1990_2000": -12.0, "difference_1990_2010": -3.0, "difference_1990_2020": 57.0 }, "geometry": { "type": "Polygon", "coordinates": [ [ [ -102.33653406492914, 21.870404258700432 ], [ -102.33196159122086, 21.870404258700432 ], [ -102.33196159122086, 21.866216623870553 ], [ -102.33653406492914, 21.866216623870553 ], [ -102.33653406492914, 21.870404258700432 ] ] ] } },
{ "type": "Feature", "properties": { "difference_1990_2000": 136.0, "difference_1990_2010": 272.0, "difference_1990_2020": 363.0 }, "geometry": { "type": "Polygon", "coordinates": [ [ [ -102.33653406492914, 21.874592014973036 ], [ -102.33196159122086, 21.874592014973036 ], [ -102.33196159122086, 21.870404258700432 ], [ -102.33653406492914, 21.870404258700432 ], [ -102.33653406492914, 21.874592014973036 ] ] ] } },
{ "type": "Feature", "properties": { "difference_1990_2000": 150.0, "difference_1990_2010": 145.0, "difference_1990_2020": 386.0 }, "geometry": { "type": "Polygon", "coordinates": [ [ [ -102.33653406492914, 21.862029110450656 ], [ -102.33196159122086, 21.862029110450639 ], [ -102.33196159122086, 21.857841718407858 ], [ -102.33653406492914, 21.857841718407858 ], [ -102.33653406492914, 21.862029110450656 ] ] ] } },
{ "type": "Feature", "properties": { "difference_1990_2000": 1.0, "difference_1990_2010": 5.0, "difference_1990_2020": 7.0 }, "geometry": { "type": "Polygon", "coordinates": [ [ [ -102.33653406492914, 21.975134683741025 ], [ -102.33196159122086, 21.975134683741025 ], [ -102.33196159122086, 21.970944002984044 ], [ -102.33653406492914, 21.970944002984044 ], [ -102.33653406492914, 21.975134683741025 ] ] ] } },
{ "type": "Feature", "properties": { "difference_1990_2000": 0.0, "difference_1990_2010": 0.0, "difference_1990_2020": 23.0 }, "geometry": { "type": "Polygon", "coordinates": [ [ [ -102.149062642889803, 22.01285631644463 ], [ -102.144490169181523, 22.012856316444662 ], [ -102.144490169181523, 22.00866453411329 ], [ -102.149062642889803, 22.00866453411329 ], [ -102.149062642889803, 22.01285631644463 ] ] ] } },
{ "type": "Feature", "properties": { "difference_1990_2000": 0.0, "difference_1990_2010": 0.0, "difference_1990_2020": 789.0 }, "geometry": { "type": "Polygon", "coordinates": [ [ [ -102.149062642889803, 22.017048221338296 ], [ -102.144490169181523, 22.017048221338296 ], [ -102.144490169181523, 22.012856316444662 ], [ -102.149062642889803, 22.01285631644463 ], [ -102.149062642889803, 22.017048221338296 ] ] ] } },
{ "type": "Feature", "properties": { "difference_1990_2000": 0.0, "difference_1990_2010": 0.0, "difference_1990_2020": 301.0 }, "geometry": { "type": "Polygon", "coordinates": [ [ [ -102.149062642889803, 22.021240248827258 ], [ -102.144490169181523, 22.021240248827258 ], [ -102.144490169181523, 22.017048221338296 ], [ -102.149062642889803, 22.017048221338296 ], [ -102.149062642889803, 22.021240248827258 ] ] ] } },
{ "type": "Feature", "properties": { "difference_1990_2000": 0.0, "difference_1990_2010": 0.0, "difference_1990_2020": 26.0 }, "geometry": { "type": "Polygon", "coordinates": [ [ [ -102.149062642889803, 22.025432398944695 ], [ -102.144490169181523, 22.025432398944695 ], [ -102.144490169181523, 22.021240248827258 ], [ -102.149062642889803, 22.021240248827258 ], [ -102.149062642889803, 22.025432398944695 ] ] ] } },
{ "type": "Feature", "properties": { "difference_1990_2000": 29.0, "difference_1990_2010": 43.0, "difference_1990_2020": 65.0 }, "geometry": { "type": "Polygon", "coordinates": [ [ [ -102.327389117512581, 21.924854574725948 ], [ -102.322816643804302, 21.924854574725966 ], [ -102.322816643804302, 21.920665358579601 ], [ -102.327389117512581, 21.920665358579601 ], [ -102.327389117512581, 21.924854574725948 ] ] ] } },
{ "type": "Feature", "properties": { "difference_1990_2000": 0.0, "difference_1990_2010": 423.0, "difference_1990_2020": 585.0 }, "geometry": { "type": "Polygon", "coordinates": [ [ [ -102.327389117512581, 21.941612658338283 ], [ -102.322816643804302, 21.941612658338283 ], [ -102.322816643804302, 21.937422954515348 ], [ -102.327389117512581, 21.937422954515348 ], [ -102.327389117512581, 21.941612658338283 ] ] ] } },
{ "type": "Feature", "properties": { "difference_1990_2000": -162.0, "difference_1990_2010": -307.0, "difference_1990_2020": -276.0 }, "geometry": { "type": "Polygon", "coordinates": [ [ [ -102.327389117512581, 21.899721104743623 ], [ -102.322816643804302, 21.899721104743605 ], [ -102.322816643804302, 21.895532619125444 ], [ -102.327389117512581, 21.895532619125444 ], [ -102.327389117512581, 21.899721104743623 ] ] ] } },
{ "type": "Feature", "properties": { "difference_1990_2000": -7.0, "difference_1990_2010": -192.0, "difference_1990_2020": -258.0 }, "geometry": { "type": "Polygon", "coordinates": [ [ [ -102.327389117512581, 21.84946729832253 ], [ -102.322816643804302, 21.849467298322562 ], [ -102.322816643804302, 21.845280270214527 ], [ -102.327389117512581, 21.845280270214527 ], [ -102.327389117512581, 21.84946729832253 ] ] ] } },
{ "type": "Feature", "properties": { "difference_1990_2000": -249.0, "difference_1990_2010": -465.0, "difference_1990_2020": -482.0 }, "geometry": { "type": "Polygon", "coordinates": [ [ [ -102.327389117512581, 21.895532619125444 ], [ -102.322816643804302, 21.895532619125444 ], [ -102.322816643804302, 21.891344255146929 ], [ -102.327389117512581, 21.891344255146929 ], [ -102.327389117512581, 21.895532619125444 ] ] ] } },
{ "type": "Feature", "properties": { "difference_1990_2000": 0.0, "difference_1990_2010": 25.0, "difference_1990_2020": 52.0 }, "geometry": { "type": "Polygon", "coordinates": [ [ [ -102.327389117512581, 21.908098441030358 ], [ -102.322816643804302, 21.908098441030376 ], [ -102.322816643804302, 21.903909712034313 ], [ -102.327389117512581, 21.903909712034299 ], [ -102.327389117512581, 21.908098441030358 ] ] ] } },
{ "type": "Feature", "properties": { "difference_1990_2000": -349.0, "difference_1990_2010": -957.0, "difference_1990_2020": -1170.0 }, "geometry": { "type": "Polygon", "coordinates": [ [ [ -102.327389117512581, 21.853654447709399 ], [ -102.322816643804302, 21.853654447709399 ], [ -102.322816643804302, 21.849467298322562 ], [ -102.327389117512581, 21.84946729832253 ], [ -102.327389117512581, 21.853654447709399 ] ] ] } },
{ "type": "Feature", "properties": { "difference_1990_2000": 0.0, "difference_1990_2010": 0.0, "difference_1990_2020": 8.0 }, "geometry": { "type": "Polygon", "coordinates": [ [ [ -102.327389117512581, 21.83271991323565 ], [ -102.322816643804302, 21.83271991323565 ], [ -102.322816643804302, 21.828533369915302 ], [ -102.327389117512581, 21.828533369915288 ], [ -102.327389117512581, 21.83271991323565 ] ] ] } },
{ "type": "Feature", "properties": { "difference_1990_2000": -37.0, "difference_1990_2010": -84.0, "difference_1990_2020": 504.0 }, "geometry": { "type": "Polygon", "coordinates": [ [ [ -102.327389117512581, 21.882967891977646 ], [ -102.322816643804302, 21.882967891977628 ], [ -102.322816643804302, 21.878779892721155 ], [ -102.327389117512581, 21.878779892721155 ], [ -102.327389117512581, 21.882967891977646 ] ] ] } },
{ "type": "Feature", "properties": { "difference_1990_2000": 106.0, "difference_1990_2010": 241.0, "difference_1990_2020": 324.0 }, "geometry": { "type": "Polygon", "coordinates": [ [ [ -102.327389117512581, 21.933233372660926 ], [ -102.322816643804302, 21.933233372660926 ], [ -102.322816643804302, 21.929043912742092 ], [ -102.327389117512581, 21.929043912742092 ], [ -102.327389117512581, 21.933233372660926 ] ] ] } },
{ "type": "Feature", "properties": { "difference_1990_2000": 0.0, "difference_1990_2010": 70.0, "difference_1990_2020": 872.0 }, "geometry": { "type": "Polygon", "coordinates": [ [ [ -102.327389117512581, 21.841093363352506 ], [ -102.322816643804302, 21.841093363352506 ], [ -102.322816643804302, 21.836906577703839 ], [ -102.327389117512581, 21.836906577703807 ], [ -102.327389117512581, 21.841093363352506 ] ] ] } },
{ "type": "Feature", "properties": { "difference_1990_2000": 0.0, "difference_1990_2010": 0.0, "difference_1990_2020": 1063.0 }, "geometry": { "type": "Polygon", "coordinates": [ [ [ -102.327389117512581, 21.970944002984044 ], [ -102.322816643804302, 21.970944002984044 ], [ -102.322816643804302, 21.966753444459183 ], [ -102.327389117512581, 21.966753444459183 ], [ -102.327389117512581, 21.970944002984044 ] ] ] } },
{ "type": "Feature", "properties": { "difference_1990_2000": 0.0, "difference_1990_2010": 372.0, "difference_1990_2020": 482.0 }, "geometry": { "type": "Polygon", "coordinates": [ [ [ -102.327389117512581, 21.945802484162716 ], [ -102.322816643804302, 21.945802484162716 ], [ -102.322816643804302, 21.941612658338283 ], [ -102.327389117512581, 21.941612658338283 ], [ -102.327389117512581, 21.945802484162716 ] ] ] } },
{ "type": "Feature", "properties": { "difference_1990_2000": 0.0, "difference_1990_2010": 0.0, "difference_1990_2020": 389.0 }, "geometry": { "type": "Polygon", "coordinates": [ [ [ -102.327389117512581, 21.903909712034299 ], [ -102.322816643804302, 21.903909712034313 ], [ -102.322816643804302, 21.899721104743605 ], [ -102.327389117512581, 21.899721104743623 ], [ -102.327389117512581, 21.903909712034299 ] ] ] } },
{ "type": "Feature", "properties": { "difference_1990_2000": 1.0, "difference_1990_2010": 7.0, "difference_1990_2020": 332.0 }, "geometry": { "type": "Polygon", "coordinates": [ [ [ -102.327389117512581, 21.966753444459183 ], [ -102.322816643804302, 21.966753444459183 ], [ -102.322816643804302, 21.962563008133451 ], [ -102.327389117512581, 21.962563008133451 ], [ -102.327389117512581, 21.966753444459183 ] ] ] } },
{ "type": "Feature", "properties": { "difference_1990_2000": -15.0, "difference_1990_2010": -26.0, "difference_1990_2020": -27.0 }, "geometry": { "type": "Polygon", "coordinates": [ [ [ -102.327389117512581, 21.891344255146929 ], [ -102.322816643804302, 21.891344255146929 ], [ -102.322816643804302, 21.8871560127753 ], [ -102.327389117512581, 21.8871560127753 ], [ -102.327389117512581, 21.891344255146929 ] ] ] } },
{ "type": "Feature", "properties": { "difference_1990_2000": 97.0, "difference_1990_2010": 110.0, "difference_1990_2020": 128.0 }, "geometry": { "type": "Polygon", "coordinates": [ [ [ -102.327389117512581, 21.929043912742092 ], [ -102.322816643804302, 21.929043912742092 ], [ -102.322816643804302, 21.924854574725966 ], [ -102.327389117512581, 21.924854574725948 ], [ -102.327389117512581, 21.929043912742092 ] ] ] } },
{ "type": "Feature", "properties": { "difference_1990_2000": 0.0, "difference_1990_2010": 29.0, "difference_1990_2020": 507.0 }, "geometry": { "type": "Polygon", "coordinates": [ [ [ -102.327389117512581, 21.845280270214527 ], [ -102.322816643804302, 21.845280270214527 ], [ -102.322816643804302, 21.841093363352506 ], [ -102.327389117512581, 21.841093363352506 ], [ -102.327389117512581, 21.845280270214527 ] ] ] } },
{ "type": "Feature", "properties": { "difference_1990_2000": -31.0, "difference_1990_2010": -72.0, "difference_1990_2020": 9.0 }, "geometry": { "type": "Polygon", "coordinates": [ [ [ -102.327389117512581, 21.866216623870553 ], [ -102.322816643804302, 21.866216623870553 ], [ -102.322816643804302, 21.862029110450639 ], [ -102.327389117512581, 21.862029110450639 ], [ -102.327389117512581, 21.866216623870553 ] ] ] } },
{ "type": "Feature", "properties": { "difference_1990_2000": 0.0, "difference_1990_2010": 97.0, "difference_1990_2020": 198.0 }, "geometry": { "type": "Polygon", "coordinates": [ [ [ -102.327389117512581, 21.912287291764688 ], [ -102.322816643804302, 21.912287291764688 ], [ -102.322816643804302, 21.908098441030376 ], [ -102.327389117512581, 21.908098441030358 ], [ -102.327389117512581, 21.912287291764688 ] ] ] } },
{ "type": "Feature", "properties": { "difference_1990_2000": 0.0, "difference_1990_2010": 62.0, "difference_1990_2020": 695.0 }, "geometry": { "type": "Polygon", "coordinates": [ [ [ -102.327389117512581, 21.836906577703807 ], [ -102.322816643804302, 21.836906577703839 ], [ -102.322816643804302, 21.83271991323565 ], [ -102.327389117512581, 21.83271991323565 ], [ -102.327389117512581, 21.836906577703807 ] ] ] } },
{ "type": "Feature", "properties": { "difference_1990_2000": -56.0, "difference_1990_2010": -202.0, "difference_1990_2020": -247.0 }, "geometry": { "type": "Polygon", "coordinates": [ [ [ -102.327389117512581, 21.878779892721155 ], [ -102.322816643804302, 21.878779892721155 ], [ -102.322816643804302, 21.874592014973036 ], [ -102.327389117512581, 21.874592014973036 ], [ -102.327389117512581, 21.878779892721155 ] ] ] } },
{ "type": "Feature", "properties": { "difference_1990_2000": 0.0, "difference_1990_2010": 88.0, "difference_1990_2020": 111.0 }, "geometry": { "type": "Polygon", "coordinates": [ [ [ -102.327389117512581, 21.954182501947521 ], [ -102.322816643804302, 21.954182501947521 ], [ -102.322816643804302, 21.949992432021467 ], [ -102.327389117512581, 21.949992432021467 ], [ -102.327389117512581, 21.954182501947521 ] ] ] } },
{ "type": "Feature", "properties": { "difference_1990_2000": 0.0, "difference_1990_2010": 97.0, "difference_1990_2020": 198.0 }, "geometry": { "type": "Polygon", "coordinates": [ [ [ -102.327389117512581, 21.916476264270152 ], [ -102.322816643804302, 21.916476264270152 ], [ -102.322816643804302, 21.912287291764688 ], [ -102.327389117512581, 21.912287291764688 ], [ -102.327389117512581, 21.916476264270152 ] ] ] } },
{ "type": "Feature", "properties": { "difference_1990_2000": 67.0, "difference_1990_2010": 375.0, "difference_1990_2020": 559.0 }, "geometry": { "type": "Polygon", "coordinates": [ [ [ -102.327389117512581, 21.937422954515348 ], [ -102.322816643804302, 21.937422954515348 ], [ -102.322816643804302, 21.933233372660926 ], [ -102.327389117512581, 21.933233372660926 ], [ -102.327389117512581, 21.937422954515348 ] ] ] } },
{ "type": "Feature", "properties": { "difference_1990_2000": 5.0, "difference_1990_2010": 31.0, "difference_1990_2020": 35.0 }, "geometry": { "type": "Polygon", "coordinates": [ [ [ -102.327389117512581, 21.962563008133451 ], [ -102.322816643804302, 21.962563008133451 ], [ -102.322816643804302, 21.958372693973882 ], [ -102.327389117512581, 21.958372693973882 ], [ -102.327389117512581, 21.962563008133451 ] ] ] } },
{ "type": "Feature", "properties": { "difference_1990_2000": -453.0, "difference_1990_2010": -1092.0, "difference_1990_2020": -1315.0 }, "geometry": { "type": "Polygon", "coordinates": [ [ [ -102.327389117512581, 21.857841718407858 ], [ -102.322816643804302, 21.857841718407858 ], [ -102.322816643804302, 21.853654447709399 ], [ -102.327389117512581, 21.853654447709399 ], [ -102.327389117512581, 21.857841718407858 ] ] ] } },
{ "type": "Feature", "properties": { "difference_1990_2000": 0.0, "difference_1990_2010": 376.0, "difference_1990_2020": 488.0 }, "geometry": { "type": "Polygon", "coordinates": [ [ [ -102.327389117512581, 21.949992432021467 ], [ -102.322816643804302, 21.949992432021467 ], [ -102.322816643804302, 21.945802484162716 ], [ -102.327389117512581, 21.945802484162716 ], [ -102.327389117512581, 21.949992432021467 ] ] ] } },
{ "type": "Feature", "properties": { "difference_1990_2000": 1.0, "difference_1990_2010": 68.0, "difference_1990_2020": 144.0 }, "geometry": { "type": "Polygon", "coordinates": [ [ [ -102.327389117512581, 21.920665358579601 ], [ -102.322816643804302, 21.920665358579601 ], [ -102.322816643804302, 21.916476264270152 ], [ -102.327389117512581, 21.916476264270152 ], [ -102.327389117512581, 21.920665358579601 ] ] ] } },
{ "type": "Feature", "properties": { "difference_1990_2000": 0.0, "difference_1990_2010": 2.0, "difference_1990_2020": 302.0 }, "geometry": { "type": "Polygon", "coordinates": [ [ [ -102.327389117512581, 21.8871560127753 ], [ -102.322816643804302, 21.8871560127753 ], [ -102.322816643804302, 21.882967891977628 ], [ -102.327389117512581, 21.882967891977646 ], [ -102.327389117512581, 21.8871560127753 ] ] ] } },
{ "type": "Feature", "properties": { "difference_1990_2000": -32.0, "difference_1990_2010": -37.0, "difference_1990_2020": 48.0 }, "geometry": { "type": "Polygon", "coordinates": [ [ [ -102.327389117512581, 21.870404258700432 ], [ -102.322816643804302, 21.870404258700411 ], [ -102.322816643804302, 21.866216623870553 ], [ -102.327389117512581, 21.866216623870553 ], [ -102.327389117512581, 21.870404258700432 ] ] ] } },
{ "type": "Feature", "properties": { "difference_1990_2000": -143.0, "difference_1990_2010": -337.0, "difference_1990_2020": -335.0 }, "geometry": { "type": "Polygon", "coordinates": [ [ [ -102.327389117512581, 21.862029110450639 ], [ -102.322816643804302, 21.862029110450639 ], [ -102.322816643804302, 21.857841718407858 ], [ -102.327389117512581, 21.857841718407858 ], [ -102.327389117512581, 21.862029110450639 ] ] ] } },
{ "type": "Feature", "properties": { "difference_1990_2000": -28.0, "difference_1990_2010": 62.0, "difference_1990_2020": 145.0 }, "geometry": { "type": "Polygon", "coordinates": [ [ [ -102.327389117512581, 21.874592014973036 ], [ -102.322816643804302, 21.874592014973036 ], [ -102.322816643804302, 21.870404258700411 ], [ -102.327389117512581, 21.870404258700432 ], [ -102.327389117512581, 21.874592014973036 ] ] ] } },
{ "type": "Feature", "properties": { "difference_1990_2000": 0.0, "difference_1990_2010": 0.0, "difference_1990_2020": 12.0 }, "geometry": { "type": "Polygon", "coordinates": [ [ [ -102.139917695473258, 22.01285631644463 ], [ -102.135345221764979, 22.01285631644463 ], [ -102.135345221764979, 22.00866453411329 ], [ -102.139917695473258, 22.00866453411329 ], [ -102.139917695473258, 22.01285631644463 ] ] ] } },
{ "type": "Feature", "properties": { "difference_1990_2000": 0.0, "difference_1990_2010": 0.0, "difference_1990_2020": 143.0 }, "geometry": { "type": "Polygon", "coordinates": [ [ [ -102.139917695473258, 22.017048221338268 ], [ -102.135345221764979, 22.017048221338253 ], [ -102.135345221764979, 22.01285631644463 ], [ -102.139917695473258, 22.01285631644463 ], [ -102.139917695473258, 22.017048221338268 ] ] ] } },
{ "type": "Feature", "properties": { "difference_1990_2000": 0.0, "difference_1990_2010": 0.0, "difference_1990_2020": 19.0 }, "geometry": { "type": "Polygon", "coordinates": [ [ [ -102.139917695473258, 22.021240248827272 ], [ -102.135345221764979, 22.021240248827258 ], [ -102.135345221764979, 22.017048221338253 ], [ -102.139917695473258, 22.017048221338268 ], [ -102.139917695473258, 22.021240248827272 ] ] ] } },
{ "type": "Feature", "properties": { "difference_1990_2000": 0.0, "difference_1990_2010": 234.0, "difference_1990_2020": 386.0 }, "geometry": { "type": "Polygon", "coordinates": [ [ [ -102.318244170096023, 21.941612658338283 ], [ -102.313671696387743, 21.941612658338283 ], [ -102.313671696387743, 21.937422954515348 ], [ -102.318244170096023, 21.937422954515348 ], [ -102.318244170096023, 21.941612658338283 ] ] ] } },
{ "type": "Feature", "properties": { "difference_1990_2000": 347.0, "difference_1990_2010": 293.0, "difference_1990_2020": 220.0 }, "geometry": { "type": "Polygon", "coordinates": [ [ [ -102.318244170096023, 21.924854574725966 ], [ -102.313671696387743, 21.924854574725966 ], [ -102.313671696387743, 21.920665358579601 ], [ -102.318244170096023, 21.920665358579601 ], [ -102.318244170096023, 21.924854574725966 ] ] ] } },
{ "type": "Feature", "properties": { "difference_1990_2000": 692.0, "difference_1990_2010": 389.0, "difference_1990_2020": 172.0 }, "geometry": { "type": "Polygon", "coordinates": [ [ [ -102.318244170096023, 21.899721104743623 ], [ -102.313671696387743, 21.899721104743605 ], [ -102.313671696387743, 21.895532619125422 ], [ -102.318244170096023, 21.895532619125444 ], [ -102.318244170096023, 21.899721104743623 ] ] ] } },
{ "type": "Feature", "properties": { "difference_1990_2000": -153.0, "difference_1990_2010": -98.0, "difference_1990_2020": -16.0 }, "geometry": { "type": "Polygon", "coordinates": [ [ [ -102.318244170096023, 21.84946729832253 ], [ -102.313671696387743, 21.84946729832253 ], [ -102.313671696387743, 21.845280270214527 ], [ -102.318244170096023, 21.845280270214527 ], [ -102.318244170096023, 21.84946729832253 ] ] ] } },
{ "type": "Feature", "properties": { "difference_1990_2000": 263.0, "difference_1990_2010": -178.0, "difference_1990_2020": -368.0 }, "geometry": { "type": "Polygon", "coordinates": [ [ [ -102.318244170096023, 21.895532619125444 ], [ -102.313671696387743, 21.895532619125422 ], [ -102.313671696387743, 21.891344255146929 ], [ -102.318244170096023, 21.891344255146929 ], [ -102.318244170096023, 21.895532619125444 ] ] ] } },
{ "type": "Feature", "properties": { "difference_1990_2000": -54.0, "difference_1990_2010": -34.0, "difference_1990_2020": -69.0 }, "geometry": { "type": "Polygon", "coordinates": [ [ [ -102.318244170096023, 21.908098441030358 ], [ -102.313671696387743, 21.908098441030358 ], [ -102.313671696387743, 21.903909712034256 ], [ -102.318244170096023, 21.903909712034299 ], [ -102.318244170096023, 21.908098441030358 ] ] ] } },
{ "type": "Feature", "properties": { "difference_1990_2000": 0.0, "difference_1990_2010": 13.0, "difference_1990_2020": 851.0 }, "geometry": { "type": "Polygon", "coordinates": [ [ [ -102.318244170096023, 21.83271991323565 ], [ -102.313671696387743, 21.83271991323565 ], [ -102.313671696387743, 21.828533369915302 ], [ -102.318244170096023, 21.828533369915302 ], [ -102.318244170096023, 21.83271991323565 ] ] ] } },
{ "type": "Feature", "properties": { "difference_1990_2000": 460.0, "difference_1990_2010": -171.0, "difference_1990_2020": -378.0 }, "geometry": { "type": "Polygon", "coordinates": [ [ [ -102.318244170096023, 21.853654447709435 ], [ -102.313671696387743, 21.853654447709385 ], [ -102.313671696387743, 21.84946729832253 ], [ -102.318244170096023, 21.84946729832253 ], [ -102.318244170096023, 21.853654447709435 ] ] ] } },
{ "type": "Feature", "properties": { "difference_1990_2000": 0.0, "difference_1990_2010": 0.0, "difference_1990_2020": 1131.0 }, "geometry": { "type": "Polygon", "coordinates": [ [ [ -102.318244170096023, 21.95837269397385 ], [ -102.313671696387743, 21.95837269397385 ], [ -102.313671696387743, 21.954182501947521 ], [ -102.318244170096023, 21.954182501947571 ], [ -102.318244170096023, 21.95837269397385 ] ] ] } },
{ "type": "Feature", "properties": { "difference_1990_2000": -344.0, "difference_1990_2010": -631.0, "difference_1990_2020": -770.0 }, "geometry": { "type": "Polygon", "coordinates": [ [ [ -102.318244170096023, 21.882967891977646 ], [ -102.313671696387743, 21.882967891977646 ], [ -102.313671696387743, 21.878779892721155 ], [ -102.318244170096023, 21.878779892721194 ], [ -102.318244170096023, 21.882967891977646 ] ] ] } },
{ "type": "Feature", "properties": { "difference_1990_2000": 124.0, "difference_1990_2010": 404.0, "difference_1990_2020": 564.0 }, "geometry": { "type": "Polygon", "coordinates": [ [ [ -102.318244170096023, 21.933233372660926 ], [ -102.313671696387743, 21.933233372660926 ], [ -102.313671696387743, 21.929043912742092 ], [ -102.318244170096023, 21.929043912742092 ], [ -102.318244170096023, 21.933233372660926 ] ] ] } },
{ "type": "Feature", "properties": { "difference_1990_2000": -26.0, "difference_1990_2010": 482.0, "difference_1990_2020": 1378.0 }, "geometry": { "type": "Polygon", "coordinates": [ [ [ -102.318244170096023, 21.841093363352506 ], [ -102.313671696387743, 21.841093363352506 ], [ -102.313671696387743, 21.836906577703807 ], [ -102.318244170096023, 21.836906577703839 ], [ -102.318244170096023, 21.841093363352506 ] ] ] } },
{ "type": "Feature", "properties": { "difference_1990_2000": 0.0, "difference_1990_2010": 0.0, "difference_1990_2020": 270.0 }, "geometry": { "type": "Polygon", "coordinates": [ [ [ -102.318244170096023, 21.828533369915302 ], [ -102.313671696387743, 21.828533369915302 ], [ -102.313671696387743, 21.824346947710072 ], [ -102.318244170096023, 21.824346947710072 ], [ -102.318244170096023, 21.828533369915302 ] ] ] } },
{ "type": "Feature", "properties": { "difference_1990_2000": 0.0, "difference_1990_2010": 199.0, "difference_1990_2020": 288.0 }, "geometry": { "type": "Polygon", "coordinates": [ [ [ -102.318244170096023, 21.945802484162716 ], [ -102.313671696387743, 21.945802484162716 ], [ -102.313671696387743, 21.941612658338283 ], [ -102.318244170096023, 21.941612658338283 ], [ -102.318244170096023, 21.945802484162716 ] ] ] } },
{ "type": "Feature", "properties": { "difference_1990_2000": 254.0, "difference_1990_2010": 163.0, "difference_1990_2020": 18.0 }, "geometry": { "type": "Polygon", "coordinates": [ [ [ -102.318244170096023, 21.903909712034299 ], [ -102.313671696387743, 21.903909712034256 ], [ -102.313671696387743, 21.899721104743605 ], [ -102.318244170096023, 21.899721104743623 ], [ -102.318244170096023, 21.903909712034299 ] ] ] } },
{ "type": "Feature", "properties": { "difference_1990_2000": -108.0, "difference_1990_2010": -309.0, "difference_1990_2020": -354.0 }, "geometry": { "type": "Polygon", "coordinates": [ [ [ -102.318244170096023, 21.891344255146929 ], [ -102.313671696387743, 21.891344255146929 ], [ -102.313671696387743, 21.887156012775268 ], [ -102.318244170096023, 21.8871560127753 ], [ -102.318244170096023, 21.891344255146929 ] ] ] } },
{ "type": "Feature", "properties": { "difference_1990_2000": 547.0, "difference_1990_2010": 610.0, "difference_1990_2020": 603.0 }, "geometry": { "type": "Polygon", "coordinates": [ [ [ -102.318244170096023, 21.929043912742092 ], [ -102.313671696387743, 21.929043912742092 ], [ -102.313671696387743, 21.924854574725966 ], [ -102.318244170096023, 21.924854574725966 ], [ -102.318244170096023, 21.929043912742092 ] ] ] } },
{ "type": "Feature", "properties": { "difference_1990_2000": -270.0, "difference_1990_2010": 174.0, "difference_1990_2020": 825.0 }, "geometry": { "type": "Polygon", "coordinates": [ [ [ -102.318244170096023, 21.845280270214527 ], [ -102.313671696387743, 21.845280270214527 ], [ -102.313671696387743, 21.841093363352506 ], [ -102.318244170096023, 21.841093363352506 ], [ -102.318244170096023, 21.845280270214527 ] ] ] } },
{ "type": "Feature", "properties": { "difference_1990_2000": 124.0, "difference_1990_2010": -694.0, "difference_1990_2020": -976.0 }, "geometry": { "type": "Polygon", "coordinates": [ [ [ -102.318244170096023, 21.866216623870553 ], [ -102.313671696387743, 21.866216623870571 ], [ -102.313671696387743, 21.862029110450639 ], [ -102.318244170096023, 21.862029110450639 ], [ -102.318244170096023, 21.866216623870553 ] ] ] } },
{ "type": "Feature", "properties": { "difference_1990_2000": -14.0, "difference_1990_2010": -24.0, "difference_1990_2020": -35.0 }, "geometry": { "type": "Polygon", "coordinates": [ [ [ -102.318244170096023, 21.912287291764688 ], [ -102.313671696387743, 21.91228729176467 ], [ -102.313671696387743, 21.908098441030358 ], [ -102.318244170096023, 21.908098441030358 ], [ -102.318244170096023, 21.912287291764688 ] ] ] } },
{ "type": "Feature", "properties": { "difference_1990_2000": 0.0, "difference_1990_2010": 102.0, "difference_1990_2020": 1015.0 }, "geometry": { "type": "Polygon", "coordinates": [ [ [ -102.318244170096023, 21.836906577703839 ], [ -102.313671696387743, 21.836906577703807 ], [ -102.313671696387743, 21.83271991323565 ], [ -102.318244170096023, 21.83271991323565 ], [ -102.318244170096023, 21.836906577703839 ] ] ] } },
{ "type": "Feature", "properties": { "difference_1990_2000": 0.0, "difference_1990_2010": 0.0, "difference_1990_2020": 1195.0 }, "geometry": { "type": "Polygon", "coordinates": [ [ [ -102.318244170096023, 21.954182501947521 ], [ -102.313671696387743, 21.954182501947514 ], [ -102.313671696387743, 21.949992432021446 ], [ -102.318244170096023, 21.949992432021467 ], [ -102.318244170096023, 21.954182501947521 ] ] ] } },
{ "type": "Feature", "properties": { "difference_1990_2000": -531.0, "difference_1990_2010": -974.0, "difference_1990_2020": -1128.0 }, "geometry": { "type": "Polygon", "coordinates": [ [ [ -102.318244170096023, 21.878779892721194 ], [ -102.313671696387743, 21.878779892721155 ], [ -102.313671696387743, 21.874592014973036 ], [ -102.318244170096023, 21.874592014973036 ], [ -102.318244170096023, 21.878779892721194 ] ] ] } },
{ "type": "Feature", "properties": { "difference_1990_2000": 41.0, "difference_1990_2010": 385.0, "difference_1990_2020": 678.0 }, "geometry": { "type": "Polygon", "coordinates": [ [ [ -102.318244170096023, 21.937422954515348 ], [ -102.313671696387743, 21.937422954515348 ], [ -102.313671696387743, 21.933233372660926 ], [ -102.318244170096023, 21.933233372660926 ], [ -102.318244170096023, 21.937422954515348 ] ] ] } },
{ "type": "Feature", "properties": { "difference_1990_2000": 0.0, "difference_1990_2010": 0.0, "difference_1990_2020": 269.0 }, "geometry": { "type": "Polygon", "coordinates": [ [ [ -102.318244170096023, 21.962563008133451 ], [ -102.313671696387743, 21.962563008133451 ], [ -102.313671696387743, 21.95837269397385 ], [ -102.318244170096023, 21.95837269397385 ], [ -102.318244170096023, 21.962563008133451 ] ] ] } },
{ "type": "Feature", "properties": { "difference_1990_2000": 6.0, "difference_1990_2010": -20.0, "difference_1990_2020": -18.0 }, "geometry": { "type": "Polygon", "coordinates": [ [ [ -102.318244170096023, 21.916476264270191 ], [ -102.313671696387743, 21.916476264270152 ], [ -102.313671696387743, 21.91228729176467 ], [ -102.318244170096023, 21.912287291764688 ], [ -102.318244170096023, 21.916476264270191 ] ] ] } },
{ "type": "Feature", "properties": { "difference_1990_2000": 114.0, "difference_1990_2010": -332.0, "difference_1990_2020": -553.0 }, "geometry": { "type": "Polygon", "coordinates": [ [ [ -102.318244170096023, 21.857841718407858 ], [ -102.313671696387743, 21.857841718407858 ], [ -102.313671696387743, 21.853654447709385 ], [ -102.318244170096023, 21.853654447709435 ], [ -102.318244170096023, 21.857841718407858 ] ] ] } },
{ "type": "Feature", "properties": { "difference_1990_2000": 0.0, "difference_1990_2010": 90.0, "difference_1990_2020": 381.0 }, "geometry": { "type": "Polygon", "coordinates": [ [ [ -102.318244170096023, 21.949992432021467 ], [ -102.313671696387743, 21.949992432021446 ], [ -102.313671696387743, 21.945802484162716 ], [ -102.318244170096023, 21.945802484162716 ], [ -102.318244170096023, 21.949992432021467 ] ] ] } },
{ "type": "Feature", "properties": { "difference_1990_2000": 89.0, "difference_1990_2010": 54.0, "difference_1990_2020": 27.0 }, "geometry": { "type": "Polygon", "coordinates": [ [ [ -102.318244170096023, 21.920665358579601 ], [ -102.313671696387743, 21.920665358579601 ], [ -102.313671696387743, 21.916476264270152 ], [ -102.318244170096023, 21.916476264270191 ], [ -102.318244170096023, 21.920665358579601 ] ] ] } },
{ "type": "Feature", "properties": { "difference_1990_2000": -9.0, "difference_1990_2010": 2.0, "difference_1990_2020": -82.0 }, "geometry": { "type": "Polygon", "coordinates": [ [ [ -102.318244170096023, 21.8871560127753 ], [ -102.313671696387743, 21.887156012775268 ], [ -102.313671696387743, 21.882967891977646 ], [ -102.318244170096023, 21.882967891977646 ], [ -102.318244170096023, 21.8871560127753 ] ] ] } },
{ "type": "Feature", "properties": { "difference_1990_2000": -549.0, "difference_1990_2010": -1179.0, "difference_1990_2020": -1387.0 }, "geometry": { "type": "Polygon", "coordinates": [ [ [ -102.318244170096023, 21.870404258700432 ], [ -102.313671696387743, 21.870404258700464 ], [ -102.313671696387743, 21.866216623870571 ], [ -102.318244170096023, 21.866216623870553 ], [ -102.318244170096023, 21.870404258700432 ] ] ] } },
{ "type": "Feature", "properties": { "difference_1990_2000": 261.0, "difference_1990_2010": -16.0, "difference_1990_2020": -263.0 }, "geometry": { "type": "Polygon", "coordinates": [ [ [ -102.318244170096023, 21.862029110450639 ], [ -102.313671696387743, 21.862029110450639 ], [ -102.313671696387743, 21.857841718407858 ], [ -102.318244170096023, 21.857841718407858 ], [ -102.318244170096023, 21.862029110450639 ] ] ] } },
{ "type": "Feature", "properties": { "difference_1990_2000": -148.0, "difference_1990_2010": -475.0, "difference_1990_2020": -610.0 }, "geometry": { "type": "Polygon", "coordinates": [ [ [ -102.318244170096023, 21.874592014973036 ], [ -102.313671696387743, 21.874592014973036 ], [ -102.313671696387743, 21.870404258700464 ], [ -102.318244170096023, 21.870404258700432 ], [ -102.318244170096023, 21.874592014973036 ] ] ] } },
{ "type": "Feature", "properties": { "difference_1990_2000": -61.0, "difference_1990_2010": 592.0, "difference_1990_2020": 1055.0 }, "geometry": { "type": "Polygon", "coordinates": [ [ [ -102.309099222679478, 21.9416126583383 ], [ -102.304526748971199, 21.941612658338251 ], [ -102.304526748971199, 21.937422954515348 ], [ -102.309099222679478, 21.937422954515348 ], [ -102.309099222679478, 21.9416126583383 ] ] ] } },
{ "type": "Feature", "properties": { "difference_1990_2000": 559.0, "difference_1990_2010": 563.0, "difference_1990_2020": 453.0 }, "geometry": { "type": "Polygon", "coordinates": [ [ [ -102.309099222679478, 21.924854574725998 ], [ -102.304526748971199, 21.924854574725966 ], [ -102.304526748971199, 21.920665358579601 ], [ -102.309099222679478, 21.920665358579601 ], [ -102.309099222679478, 21.924854574725998 ] ] ] } },
{ "type": "Feature", "properties": { "difference_1990_2000": -290.0, "difference_1990_2010": -610.0, "difference_1990_2020": -752.0 }, "geometry": { "type": "Polygon", "coordinates": [ [ [ -102.309099222679478, 21.899721104743605 ], [ -102.304526748971199, 21.899721104743605 ], [ -102.304526748971199, 21.895532619125422 ], [ -102.309099222679478, 21.895532619125444 ], [ -102.309099222679478, 21.899721104743605 ] ] ] } },
{ "type": "Feature", "properties": { "difference_1990_2000": 173.0, "difference_1990_2010": 331.0, "difference_1990_2020": 276.0 }, "geometry": { "type": "Polygon", "coordinates": [ [ [ -102.309099222679478, 21.84946729832253 ], [ -102.304526748971199, 21.84946729832253 ], [ -102.304526748971199, 21.845280270214527 ], [ -102.309099222679478, 21.845280270214527 ], [ -102.309099222679478, 21.84946729832253 ] ] ] } },
{ "type": "Feature", "properties": { "difference_1990_2000": -1089.0, "difference_1990_2010": -1858.0, "difference_1990_2020": -2024.0 }, "geometry": { "type": "Polygon", "coordinates": [ [ [ -102.309099222679478, 21.895532619125444 ], [ -102.304526748971199, 21.895532619125422 ], [ -102.304526748971199, 21.891344255146929 ], [ -102.309099222679478, 21.891344255146929 ], [ -102.309099222679478, 21.895532619125444 ] ] ] } },
{ "type": "Feature", "properties": { "difference_1990_2000": 375.0, "difference_1990_2010": 461.0, "difference_1990_2020": 445.0 }, "geometry": { "type": "Polygon", "coordinates": [ [ [ -102.309099222679478, 21.908098441030358 ], [ -102.304526748971199, 21.908098441030358 ], [ -102.304526748971199, 21.903909712034299 ], [ -102.309099222679478, 21.903909712034299 ], [ -102.309099222679478, 21.908098441030358 ] ] ] } },
{ "type": "Feature", "properties": { "difference_1990_2000": -808.0, "difference_1990_2010": -1224.0, "difference_1990_2020": -1285.0 }, "geometry": { "type": "Polygon", "coordinates": [ [ [ -102.309099222679478, 21.853654447709385 ], [ -102.304526748971199, 21.853654447709385 ], [ -102.304526748971199, 21.84946729832253 ], [ -102.309099222679478, 21.84946729832253 ], [ -102.309099222679478, 21.853654447709385 ] ] ] } },
{ "type": "Feature", "properties": { "difference_1990_2000": 0.0, "difference_1990_2010": 0.0, "difference_1990_2020": 121.0 }, "geometry": { "type": "Polygon", "coordinates": [ [ [ -102.309099222679478, 21.811788407457495 ], [ -102.304526748971199, 21.811788407457495 ], [ -102.304526748971199, 21.807602469385365 ], [ -102.309099222679478, 21.807602469385365 ], [ -102.309099222679478, 21.811788407457495 ] ] ] } },
{ "type": "Feature", "properties": { "difference_1990_2000": -457.0, "difference_1990_2010": -838.0, "difference_1990_2020": -1061.0 }, "geometry": { "type": "Polygon", "coordinates": [ [ [ -102.309099222679478, 21.882967891977646 ], [ -102.304526748971199, 21.882967891977646 ], [ -102.304526748971199, 21.878779892721155 ], [ -102.309099222679478, 21.878779892721155 ], [ -102.309099222679478, 21.882967891977646 ] ] ] } },
{ "type": "Feature", "properties": { "difference_1990_2000": 0.0, "difference_1990_2010": 0.0, "difference_1990_2020": 22.0 }, "geometry": { "type": "Polygon", "coordinates": [ [ [ -102.309099222679478, 21.815974466513847 ], [ -102.304526748971199, 21.815974466513847 ], [ -102.304526748971199, 21.811788407457495 ], [ -102.309099222679478, 21.811788407457495 ], [ -102.309099222679478, 21.815974466513847 ] ] ] } },
{ "type": "Feature", "properties": { "difference_1990_2000": 0.0, "difference_1990_2010": 0.0, "difference_1990_2020": 1209.0 }, "geometry": { "type": "Polygon", "coordinates": [ [ [ -102.309099222679478, 21.958372693973882 ], [ -102.304526748971199, 21.958372693973882 ], [ -102.304526748971199, 21.954182501947557 ], [ -102.309099222679478, 21.954182501947557 ], [ -102.309099222679478, 21.958372693973882 ] ] ] } },
{ "type": "Feature", "properties": { "difference_1990_2000": 210.0, "difference_1990_2010": 448.0, "difference_1990_2020": 657.0 }, "geometry": { "type": "Polygon", "coordinates": [ [ [ -102.309099222679478, 21.933233372660926 ], [ -102.304526748971199, 21.933233372660926 ], [ -102.304526748971199, 21.929043912742092 ], [ -102.309099222679478, 21.929043912742092 ], [ -102.309099222679478, 21.933233372660926 ] ] ] } },
{ "type": "Feature", "properties": { "difference_1990_2000": 561.0, "difference_1990_2010": 871.0, "difference_1990_2020": 900.0 }, "geometry": { "type": "Polygon", "coordinates": [ [ [ -102.309099222679478, 21.841093363352506 ], [ -102.304526748971199, 21.841093363352506 ], [ -102.304526748971199, 21.836906577703839 ], [ -102.309099222679478, 21.836906577703839 ], [ -102.309099222679478, 21.841093363352506 ] ] ] } },
{ "type": "Feature", "properties": { "difference_1990_2000": 0.0, "difference_1990_2010": 749.0, "difference_1990_2020": 1406.0 }, "geometry": { "type": "Polygon", "coordinates": [ [ [ -102.309099222679478, 21.945802484162716 ], [ -102.304526748971199, 21.945802484162716 ], [ -102.304526748971199, 21.941612658338251 ], [ -102.309099222679478, 21.9416126583383 ], [ -102.309099222679478, 21.945802484162716 ] ] ] } },
{ "type": "Feature", "properties": { "difference_1990_2000": 9.0, "difference_1990_2010": -144.0, "difference_1990_2020": -242.0 }, "geometry": { "type": "Polygon", "coordinates": [ [ [ -102.309099222679478, 21.903909712034299 ], [ -102.304526748971199, 21.903909712034299 ], [ -102.304526748971199, 21.899721104743605 ], [ -102.309099222679478, 21.899721104743605 ], [ -102.309099222679478, 21.903909712034299 ] ] ] } },
{ "type": "Feature", "properties": { "difference_1990_2000": 0.0, "difference_1990_2010": 167.0, "difference_1990_2020": 227.0 }, "geometry": { "type": "Polygon", "coordinates": [ [ [ -102.309099222679478, 21.966753444459183 ], [ -102.304526748971199, 21.966753444459144 ], [ -102.304526748971199, 21.962563008133451 ], [ -102.309099222679478, 21.962563008133465 ], [ -102.309099222679478, 21.966753444459183 ] ] ] } },
{ "type": "Feature", "properties": { "difference_1990_2000": -897.0, "difference_1990_2010": -1349.0, "difference_1990_2020": -1587.0 }, "geometry": { "type": "Polygon", "coordinates": [ [ [ -102.309099222679478, 21.891344255146929 ], [ -102.304526748971199, 21.891344255146929 ], [ -102.304526748971199, 21.8871560127753 ], [ -102.309099222679478, 21.8871560127753 ], [ -102.309099222679478, 21.891344255146929 ] ] ] } },
{ "type": "Feature", "properties": { "difference_1990_2000": 765.0, "difference_1990_2010": 692.0, "difference_1990_2020": 638.0 }, "geometry": { "type": "Polygon", "coordinates": [ [ [ -102.309099222679478, 21.929043912742092 ], [ -102.304526748971199, 21.929043912742092 ], [ -102.304526748971199, 21.924854574725966 ], [ -102.309099222679478, 21.924854574725998 ], [ -102.309099222679478, 21.929043912742092 ] ] ] } },
{ "type": "Feature", "properties": { "difference_1990_2000": 761.0, "difference_1990_2010": 1367.0, "difference_1990_2020": 1417.0 }, "geometry": { "type": "Polygon", "coordinates": [ [ [ -102.309099222679478, 21.845280270214527 ], [ -102.304526748971199, 21.845280270214527 ], [ -102.304526748971199, 21.841093363352506 ], [ -102.309099222679478, 21.841093363352506 ], [ -102.309099222679478, 21.845280270214527 ] ] ] } },
{ "type": "Feature", "properties": { "difference_1990_2000": 250.0, "difference_1990_2010": 184.0, "difference_1990_2020": 136.0 }, "geometry": { "type": "Polygon", "coordinates": [ [ [ -102.309099222679478, 21.866216623870553 ], [ -102.304526748971199, 21.866216623870553 ], [ -102.304526748971199, 21.862029110450639 ], [ -102.309099222679478, 21.862029110450639 ], [ -102.309099222679478, 21.866216623870553 ] ] ] } },
{ "type": "Feature", "properties": { "difference_1990_2000": 603.0, "difference_1990_2010": 754.0, "difference_1990_2020": 735.0 }, "geometry": { "type": "Polygon", "coordinates": [ [ [ -102.309099222679478, 21.912287291764724 ], [ -102.304526748971199, 21.912287291764688 ], [ -102.304526748971199, 21.908098441030358 ], [ -102.309099222679478, 21.908098441030358 ], [ -102.309099222679478, 21.912287291764724 ] ] ] } },
{ "type": "Feature", "properties": { "difference_1990_2000": -430.0, "difference_1990_2010": -768.0, "difference_1990_2020": -935.0 }, "geometry": { "type": "Polygon", "coordinates": [ [ [ -102.309099222679478, 21.878779892721155 ], [ -102.304526748971199, 21.878779892721155 ], [ -102.304526748971199, 21.874592014973036 ], [ -102.309099222679478, 21.874592014973036 ], [ -102.309099222679478, 21.878779892721155 ] ] ] } },
{ "type": "Feature", "properties": { "difference_1990_2000": 0.0, "difference_1990_2010": 0.0, "difference_1990_2020": 452.0 }, "geometry": { "type": "Polygon", "coordinates": [ [ [ -102.309099222679478, 21.954182501947521 ], [ -102.304526748971199, 21.954182501947521 ], [ -102.304526748971199, 21.949992432021467 ], [ -102.309099222679478, 21.949992432021467 ], [ -102.309099222679478, 21.954182501947521 ] ] ] } },
{ "type": "Feature", "properties": { "difference_1990_2000": 386.0, "difference_1990_2010": 390.0, "difference_1990_2020": 274.0 }, "geometry": { "type": "Polygon", "coordinates": [ [ [ -102.309099222679478, 21.916476264270152 ], [ -102.304526748971199, 21.916476264270152 ], [ -102.304526748971199, 21.912287291764688 ], [ -102.309099222679478, 21.912287291764724 ], [ -102.309099222679478, 21.916476264270152 ] ] ] } },
{ "type": "Feature", "properties": { "difference_1990_2000": 17.0, "difference_1990_2010": 369.0, "difference_1990_2020": 716.0 }, "geometry": { "type": "Polygon", "coordinates": [ [ [ -102.309099222679478, 21.937422954515348 ], [ -102.304526748971199, 21.937422954515348 ], [ -102.304526748971199, 21.933233372660926 ], [ -102.309099222679478, 21.933233372660926 ], [ -102.309099222679478, 21.937422954515348 ] ] ] } },
{ "type": "Feature", "properties": { "difference_1990_2000": 721.0, "difference_1990_2010": 563.0, "difference_1990_2020": 452.0 }, "geometry": { "type": "Polygon", "coordinates": [ [ [ -102.309099222679478, 21.857841718407858 ], [ -102.304526748971199, 21.857841718407858 ], [ -102.304526748971199, 21.853654447709385 ], [ -102.309099222679478, 21.853654447709385 ], [ -102.309099222679478, 21.857841718407858 ] ] ] } },
{ "type": "Feature", "properties": { "difference_1990_2000": 0.0, "difference_1990_2010": 0.0, "difference_1990_2020": 557.0 }, "geometry": { "type": "Polygon", "coordinates": [ [ [ -102.309099222679478, 21.962563008133465 ], [ -102.304526748971199, 21.962563008133451 ], [ -102.304526748971199, 21.958372693973882 ], [ -102.309099222679478, 21.958372693973882 ], [ -102.309099222679478, 21.962563008133465 ] ] ] } },
{ "type": "Feature", "properties": { "difference_1990_2000": 0.0, "difference_1990_2010": 143.0, "difference_1990_2020": 315.0 }, "geometry": { "type": "Polygon", "coordinates": [ [ [ -102.309099222679478, 21.949992432021467 ], [ -102.304526748971199, 21.949992432021467 ], [ -102.304526748971199, 21.945802484162716 ], [ -102.309099222679478, 21.945802484162716 ], [ -102.309099222679478, 21.949992432021467 ] ] ] } },
{ "type": "Feature", "properties": { "difference_1990_2000": 225.0, "difference_1990_2010": 223.0, "difference_1990_2020": 168.0 }, "geometry": { "type": "Polygon", "coordinates": [ [ [ -102.309099222679478, 21.920665358579601 ], [ -102.304526748971199, 21.920665358579601 ], [ -102.304526748971199, 21.916476264270152 ], [ -102.309099222679478, 21.916476264270152 ], [ -102.309099222679478, 21.920665358579601 ] ] ] } },
{ "type": "Feature", "properties": { "difference_1990_2000": -713.0, "difference_1990_2010": -1146.0, "difference_1990_2020": -1404.0 }, "geometry": { "type": "Polygon", "coordinates": [ [ [ -102.309099222679478, 21.8871560127753 ], [ -102.304526748971199, 21.8871560127753 ], [ -102.304526748971199, 21.882967891977646 ], [ -102.309099222679478, 21.882967891977646 ], [ -102.309099222679478, 21.8871560127753 ] ] ] } },
{ "type": "Feature", "properties": { "difference_1990_2000": 724.0, "difference_1990_2010": 625.0, "difference_1990_2020": 520.0 }, "geometry": { "type": "Polygon", "coordinates": [ [ [ -102.309099222679478, 21.862029110450639 ], [ -102.304526748971199, 21.862029110450639 ], [ -102.304526748971199, 21.857841718407858 ], [ -102.309099222679478, 21.857841718407858 ], [ -102.309099222679478, 21.862029110450639 ] ] ] } },
{ "type": "Feature", "properties": { "difference_1990_2000": -412.0, "difference_1990_2010": -834.0, "difference_1990_2020": -999.0 }, "geometry": { "type": "Polygon", "coordinates": [ [ [ -102.309099222679478, 21.874592014973036 ], [ -102.304526748971199, 21.874592014973036 ], [ -102.304526748971199, 21.870404258700464 ], [ -102.309099222679478, 21.870404258700464 ], [ -102.309099222679478, 21.874592014973036 ] ] ] } },
{ "type": "Feature", "properties": { "difference_1990_2000": -138.0, "difference_1990_2010": -384.0, "difference_1990_2020": -547.0 }, "geometry": { "type": "Polygon", "coordinates": [ [ [ -102.309099222679478, 21.870404258700464 ], [ -102.304526748971199, 21.870404258700464 ], [ -102.304526748971199, 21.866216623870553 ], [ -102.309099222679478, 21.866216623870553 ], [ -102.309099222679478, 21.870404258700464 ] ] ] } },
{ "type": "Feature", "properties": { "difference_1990_2000": 252.0, "difference_1990_2010": 278.0, "difference_1990_2020": 219.0 }, "geometry": { "type": "Polygon", "coordinates": [ [ [ -102.29995427526292, 21.924854574725966 ], [ -102.29538180155464, 21.924854574725948 ], [ -102.29538180155464, 21.920665358579601 ], [ -102.29995427526292, 21.920665358579601 ], [ -102.29995427526292, 21.924854574725966 ] ] ] } },
{ "type": "Feature", "properties": { "difference_1990_2000": -387.0, "difference_1990_2010": -854.0, "difference_1990_2020": -1004.0 }, "geometry": { "type": "Polygon", "coordinates": [ [ [ -102.29995427526292, 21.899721104743605 ], [ -102.29538180155464, 21.899721104743605 ], [ -102.29538180155464, 21.895532619125444 ], [ -102.29995427526292, 21.895532619125422 ], [ -102.29995427526292, 21.899721104743605 ] ] ] } },
{ "type": "Feature", "properties": { "difference_1990_2000": 564.0, "difference_1990_2010": -28.0, "difference_1990_2020": -283.0 }, "geometry": { "type": "Polygon", "coordinates": [ [ [ -102.29995427526292, 21.849467298322516 ], [ -102.29538180155464, 21.84946729832253 ], [ -102.29538180155464, 21.845280270214527 ], [ -102.29995427526292, 21.845280270214527 ], [ -102.29995427526292, 21.849467298322516 ] ] ] } },
{ "type": "Feature", "properties": { "difference_1990_2000": -623.0, "difference_1990_2010": -1237.0, "difference_1990_2020": -1347.0 }, "geometry": { "type": "Polygon", "coordinates": [ [ [ -102.29995427526292, 21.895532619125422 ], [ -102.29538180155464, 21.895532619125444 ], [ -102.29538180155464, 21.891344255146929 ], [ -102.29995427526292, 21.891344255146915 ], [ -102.29995427526292, 21.895532619125422 ] ] ] } },
{ "type": "Feature", "properties": { "difference_1990_2000": 102.0, "difference_1990_2010": 87.0, "difference_1990_2020": 69.0 }, "geometry": { "type": "Polygon", "coordinates": [ [ [ -102.29995427526292, 21.908098441030358 ], [ -102.29538180155464, 21.908098441030358 ], [ -102.29538180155464, 21.903909712034299 ], [ -102.29995427526292, 21.903909712034299 ], [ -102.29995427526292, 21.908098441030358 ] ] ] } },
{ "type": "Feature", "properties": { "difference_1990_2000": -519.0, "difference_1990_2010": -1451.0, "difference_1990_2020": -1528.0 }, "geometry": { "type": "Polygon", "coordinates": [ [ [ -102.29995427526292, 21.853654447709385 ], [ -102.29538180155464, 21.853654447709399 ], [ -102.29538180155464, 21.84946729832253 ], [ -102.29995427526292, 21.849467298322516 ], [ -102.29995427526292, 21.853654447709385 ] ] ] } },
{ "type": "Feature", "properties": { "difference_1990_2000": 98.0, "difference_1990_2010": 774.0, "difference_1990_2020": 1007.0 }, "geometry": { "type": "Polygon", "coordinates": [ [ [ -102.29995427526292, 21.83271991323565 ], [ -102.29538180155464, 21.83271991323565 ], [ -102.29538180155464, 21.828533369915345 ], [ -102.29995427526292, 21.828533369915302 ], [ -102.29995427526292, 21.83271991323565 ] ] ] } },
{ "type": "Feature", "properties": { "difference_1990_2000": -378.0, "difference_1990_2010": -738.0, "difference_1990_2020": -816.0 }, "geometry": { "type": "Polygon", "coordinates": [ [ [ -102.29995427526292, 21.882967891977628 ], [ -102.29538180155464, 21.882967891977646 ], [ -102.29538180155464, 21.878779892721155 ], [ -102.29995427526292, 21.878779892721155 ], [ -102.29995427526292, 21.882967891977628 ] ] ] } },
{ "type": "Feature", "properties": { "difference_1990_2000": 0.0, "difference_1990_2010": 0.0, "difference_1990_2020": 1033.0 }, "geometry": { "type": "Polygon", "coordinates": [ [ [ -102.29995427526292, 21.811788407457495 ], [ -102.29538180155464, 21.811788407457481 ], [ -102.29538180155464, 21.807602469385365 ], [ -102.29995427526292, 21.807602469385365 ], [ -102.29995427526292, 21.811788407457495 ] ] ] } },
{ "type": "Feature", "properties": { "difference_1990_2000": 131.0, "difference_1990_2010": 200.0, "difference_1990_2020": 296.0 }, "geometry": { "type": "Polygon", "coordinates": [ [ [ -102.29995427526292, 21.933233372660926 ], [ -102.29538180155464, 21.933233372660926 ], [ -102.29538180155464, 21.929043912742092 ], [ -102.29995427526292, 21.929043912742092 ], [ -102.29995427526292, 21.933233372660926 ] ] ] } },
{ "type": "Feature", "properties": { "difference_1990_2000": 189.0, "difference_1990_2010": 311.0, "difference_1990_2020": 895.0 }, "geometry": { "type": "Polygon", "coordinates": [ [ [ -102.29995427526292, 21.841093363352506 ], [ -102.29538180155464, 21.841093363352506 ], [ -102.29538180155464, 21.836906577703839 ], [ -102.29995427526292, 21.836906577703807 ], [ -102.29995427526292, 21.841093363352506 ] ] ] } },
{ "type": "Feature", "properties": { "difference_1990_2000": 19.0, "difference_1990_2010": 188.0, "difference_1990_2020": 25.0 }, "geometry": { "type": "Polygon", "coordinates": [ [ [ -102.29995427526292, 21.828533369915302 ], [ -102.29538180155464, 21.828533369915345 ], [ -102.29538180155464, 21.824346947710072 ], [ -102.29995427526292, 21.824346947710072 ], [ -102.29995427526292, 21.828533369915302 ] ] ] } },
{ "type": "Feature", "properties": { "difference_1990_2000": 0.0, "difference_1990_2010": 1289.0, "difference_1990_2020": 1490.0 }, "geometry": { "type": "Polygon", "coordinates": [ [ [ -102.29995427526292, 21.970944002984044 ], [ -102.29538180155464, 21.970944002984044 ], [ -102.29538180155464, 21.966753444459183 ], [ -102.29995427526292, 21.966753444459183 ], [ -102.29995427526292, 21.970944002984044 ] ] ] } },
{ "type": "Feature", "properties": { "difference_1990_2000": -1.0, "difference_1990_2010": -4.0, "difference_1990_2020": 522.0 }, "geometry": { "type": "Polygon", "coordinates": [ [ [ -102.29995427526292, 21.945802484162716 ], [ -102.29538180155464, 21.945802484162716 ], [ -102.29538180155464, 21.941612658338283 ], [ -102.29995427526292, 21.941612658338251 ], [ -102.29995427526292, 21.945802484162716 ] ] ] } },
{ "type": "Feature", "properties": { "difference_1990_2000": -87.0, "difference_1990_2010": -474.0, "difference_1990_2020": -602.0 }, "geometry": { "type": "Polygon", "coordinates": [ [ [ -102.29995427526292, 21.903909712034299 ], [ -102.29538180155464, 21.903909712034299 ], [ -102.29538180155464, 21.899721104743605 ], [ -102.29995427526292, 21.899721104743605 ], [ -102.29995427526292, 21.903909712034299 ] ] ] } },
{ "type": "Feature", "properties": { "difference_1990_2000": 0.0, "difference_1990_2010": 1536.0, "difference_1990_2020": 1920.0 }, "geometry": { "type": "Polygon", "coordinates": [ [ [ -102.29995427526292, 21.966753444459183 ], [ -102.29538180155464, 21.966753444459183 ], [ -102.29538180155464, 21.962563008133451 ], [ -102.29995427526292, 21.962563008133412 ], [ -102.29995427526292, 21.966753444459183 ] ] ] } },
{ "type": "Feature", "properties": { "difference_1990_2000": -1059.0, "difference_1990_2010": -1758.0, "difference_1990_2020": -1946.0 }, "geometry": { "type": "Polygon", "coordinates": [ [ [ -102.29995427526292, 21.891344255146915 ], [ -102.29538180155464, 21.891344255146929 ], [ -102.29538180155464, 21.8871560127753 ], [ -102.29995427526292, 21.887156012775268 ], [ -102.29995427526292, 21.891344255146915 ] ] ] } },
{ "type": "Feature", "properties": { "difference_1990_2000": 298.0, "difference_1990_2010": 288.0, "difference_1990_2020": 254.0 }, "geometry": { "type": "Polygon", "coordinates": [ [ [ -102.29995427526292, 21.929043912742092 ], [ -102.29538180155464, 21.929043912742092 ], [ -102.29538180155464, 21.924854574725948 ], [ -102.29995427526292, 21.924854574725966 ], [ -102.29995427526292, 21.929043912742092 ] ] ] } },
{ "type": "Feature", "properties": { "difference_1990_2000": 150.0, "difference_1990_2010": 97.0, "difference_1990_2020": 74.0 }, "geometry": { "type": "Polygon", "coordinates": [ [ [ -102.29995427526292, 21.866216623870518 ], [ -102.29538180155464, 21.866216623870553 ], [ -102.29538180155464, 21.862029110450639 ], [ -102.29995427526292, 21.862029110450639 ], [ -102.29995427526292, 21.866216623870518 ] ] ] } },
{ "type": "Feature", "properties": { "difference_1990_2000": 157.0, "difference_1990_2010": -401.0, "difference_1990_2020": -612.0 }, "geometry": { "type": "Polygon", "coordinates": [ [ [ -102.29995427526292, 21.845280270214527 ], [ -102.29538180155464, 21.845280270214527 ], [ -102.29538180155464, 21.841093363352506 ], [ -102.29995427526292, 21.841093363352506 ], [ -102.29995427526292, 21.845280270214527 ] ] ] } },
{ "type": "Feature", "properties": { "difference_1990_2000": -34.0, "difference_1990_2010": -42.0, "difference_1990_2020": -54.0 }, "geometry": { "type": "Polygon", "coordinates": [ [ [ -102.29995427526292, 21.912287291764688 ], [ -102.29538180155464, 21.912287291764688 ], [ -102.29538180155464, 21.908098441030358 ], [ -102.29995427526292, 21.908098441030358 ], [ -102.29995427526292, 21.912287291764688 ] ] ] } },
{ "type": "Feature", "properties": { "difference_1990_2000": 58.0, "difference_1990_2010": 1255.0, "difference_1990_2020": 1508.0 }, "geometry": { "type": "Polygon", "coordinates": [ [ [ -102.29995427526292, 21.836906577703807 ], [ -102.29538180155464, 21.836906577703839 ], [ -102.29538180155464, 21.83271991323565 ], [ -102.29995427526292, 21.83271991323565 ], [ -102.29995427526292, 21.836906577703807 ] ] ] } },
{ "type": "Feature", "properties": { "difference_1990_2000": 0.0, "difference_1990_2010": 0.0, "difference_1990_2020": 7.0 }, "geometry": { "type": "Polygon", "coordinates": [ [ [ -102.29995427526292, 21.682080422977947 ], [ -102.29538180155464, 21.682080422977947 ], [ -102.29538180155464, 21.677898219236059 ], [ -102.29995427526292, 21.677898219236045 ], [ -102.29995427526292, 21.682080422977947 ] ] ] } },
{ "type": "Feature", "properties": { "difference_1990_2000": -357.0, "difference_1990_2010": -538.0, "difference_1990_2020": -609.0 }, "geometry": { "type": "Polygon", "coordinates": [ [ [ -102.29995427526292, 21.878779892721155 ], [ -102.29538180155464, 21.878779892721155 ], [ -102.29538180155464, 21.874592014973036 ], [ -102.29995427526292, 21.874592014973004 ], [ -102.29995427526292, 21.878779892721155 ] ] ] } },
{ "type": "Feature", "properties": { "difference_1990_2000": 0.0, "difference_1990_2010": 0.0, "difference_1990_2020": 907.0 }, "geometry": { "type": "Polygon", "coordinates": [ [ [ -102.29995427526292, 21.677898219236045 ], [ -102.29538180155464, 21.677898219236059 ], [ -102.29538180155464, 21.673716135435733 ], [ -102.29995427526292, 21.673716135435733 ], [ -102.29995427526292, 21.677898219236045 ] ] ] } },
{ "type": "Feature", "properties": { "difference_1990_2000": 57.0, "difference_1990_2010": 134.0, "difference_1990_2020": 120.0 }, "geometry": { "type": "Polygon", "coordinates": [ [ [ -102.29995427526292, 22.000281337005369 ], [ -102.29538180155464, 22.000281337005369 ], [ -102.29538180155464, 21.996089922162689 ], [ -102.29995427526292, 21.996089922162689 ], [ -102.29995427526292, 22.000281337005369 ] ] ] } },
{ "type": "Feature", "properties": { "difference_1990_2000": 0.0, "difference_1990_2010": 675.0, "difference_1990_2020": 930.0 }, "geometry": { "type": "Polygon", "coordinates": [ [ [ -102.29995427526292, 21.962563008133412 ], [ -102.29538180155464, 21.962563008133451 ], [ -102.29538180155464, 21.95837269397385 ], [ -102.29995427526292, 21.95837269397385 ], [ -102.29995427526292, 21.962563008133412 ] ] ] } },
{ "type": "Feature", "properties": { "difference_1990_2000": 0.0, "difference_1990_2010": 0.0, "difference_1990_2020": 5.0 }, "geometry": { "type": "Polygon", "coordinates": [ [ [ -102.29995427526292, 21.799230956062949 ], [ -102.29538180155464, 21.799230956062949 ], [ -102.29538180155464, 21.795045380747354 ], [ -102.29995427526292, 21.795045380747354 ], [ -102.29995427526292, 21.799230956062949 ] ] ] } },
{ "type": "Feature", "properties": { "difference_1990_2000": -23.0, "difference_1990_2010": -26.0, "difference_1990_2020": -44.0 }, "geometry": { "type": "Polygon", "coordinates": [ [ [ -102.29995427526292, 21.916476264270152 ], [ -102.29538180155464, 21.916476264270152 ], [ -102.29538180155464, 21.912287291764688 ], [ -102.29995427526292, 21.912287291764688 ], [ -102.29995427526292, 21.916476264270152 ] ] ] } },
{ "type": "Feature", "properties": { "difference_1990_2000": -71.0, "difference_1990_2010": -426.0, "difference_1990_2020": -609.0 }, "geometry": { "type": "Polygon", "coordinates": [ [ [ -102.29995427526292, 21.857841718407826 ], [ -102.29538180155464, 21.857841718407826 ], [ -102.29538180155464, 21.853654447709399 ], [ -102.29995427526292, 21.853654447709385 ], [ -102.29995427526292, 21.857841718407826 ] ] ] } },
{ "type": "Feature", "properties": { "difference_1990_2000": -3.0, "difference_1990_2010": 178.0, "difference_1990_2020": 416.0 }, "geometry": { "type": "Polygon", "coordinates": [ [ [ -102.29995427526292, 21.937422954515348 ], [ -102.29538180155464, 21.937422954515348 ], [ -102.29538180155464, 21.933233372660926 ], [ -102.29995427526292, 21.933233372660926 ], [ -102.29995427526292, 21.937422954515348 ] ] ] } },
{ "type": "Feature", "properties": { "difference_1990_2000": 27.0, "difference_1990_2010": 52.0, "difference_1990_2020": 122.0 }, "geometry": { "type": "Polygon", "coordinates": [ [ [ -102.29995427526292, 22.004472874311212 ], [ -102.29538180155464, 22.004472874311187 ], [ -102.29538180155464, 22.000281337005337 ], [ -102.29995427526292, 22.000281337005337 ], [ -102.29995427526292, 22.004472874311212 ] ] ] } },
{ "type": "Feature", "properties": { "difference_1990_2000": -554.0, "difference_1990_2010": -1126.0, "difference_1990_2020": -1227.0 }, "geometry": { "type": "Polygon", "coordinates": [ [ [ -102.29995427526292, 21.887156012775268 ], [ -102.29538180155464, 21.8871560127753 ], [ -102.29538180155464, 21.882967891977646 ], [ -102.29995427526292, 21.882967891977628 ], [ -102.29995427526292, 21.887156012775268 ] ] ] } },
{ "type": "Feature", "properties": { "difference_1990_2000": 0.0, "difference_1990_2010": 0.0, "difference_1990_2020": 11.0 }, "geometry": { "type": "Polygon", "coordinates": [ [ [ -102.29995427526292, 21.949992432021467 ], [ -102.29538180155464, 21.949992432021446 ], [ -102.29538180155464, 21.945802484162716 ], [ -102.29995427526292, 21.945802484162716 ], [ -102.29995427526292, 21.949992432021467 ] ] ] } },
{ "type": "Feature", "properties": { "difference_1990_2000": 0.0, "difference_1990_2010": 0.0, "difference_1990_2020": 841.0 }, "geometry": { "type": "Polygon", "coordinates": [ [ [ -102.29995427526292, 21.807602469385365 ], [ -102.29538180155464, 21.807602469385365 ], [ -102.29538180155464, 21.803416652264719 ], [ -102.29995427526292, 21.803416652264698 ], [ -102.29995427526292, 21.807602469385365 ] ] ] } },
{ "type": "Feature", "properties": { "difference_1990_2000": 74.0, "difference_1990_2010": 85.0, "difference_1990_2020": 54.0 }, "geometry": { "type": "Polygon", "coordinates": [ [ [ -102.29995427526292, 21.920665358579601 ], [ -102.29538180155464, 21.920665358579601 ], [ -102.29538180155464, 21.916476264270152 ], [ -102.29995427526292, 21.916476264270152 ], [ -102.29995427526292, 21.920665358579601 ] ] ] } },
{ "type": "Feature", "properties": { "difference_1990_2000": -90.0, "difference_1990_2010": -229.0, "difference_1990_2020": -284.0 }, "geometry": { "type": "Polygon", "coordinates": [ [ [ -102.29995427526292, 21.870404258700411 ], [ -102.29538180155464, 21.870404258700432 ], [ -102.29538180155464, 21.866216623870553 ], [ -102.29995427526292, 21.866216623870518 ], [ -102.29995427526292, 21.870404258700411 ] ] ] } },
{ "type": "Feature", "properties": { "difference_1990_2000": -702.0, "difference_1990_2010": -996.0, "difference_1990_2020": -1175.0 }, "geometry": { "type": "Polygon", "coordinates": [ [ [ -102.29995427526292, 21.874592014973004 ], [ -102.29538180155464, 21.874592014973036 ], [ -102.29538180155464, 21.870404258700432 ], [ -102.29995427526292, 21.870404258700411 ], [ -102.29995427526292, 21.874592014973004 ] ] ] } },
{ "type": "Feature", "properties": { "difference_1990_2000": 179.0, "difference_1990_2010": 58.0, "difference_1990_2020": -3.0 }, "geometry": { "type": "Polygon", "coordinates": [ [ [ -102.29995427526292, 21.862029110450639 ], [ -102.29538180155464, 21.862029110450639 ], [ -102.29538180155464, 21.857841718407826 ], [ -102.29995427526292, 21.857841718407826 ], [ -102.29995427526292, 21.862029110450639 ] ] ] } },
{ "type": "Feature", "properties": { "difference_1990_2000": 0.0, "difference_1990_2010": 0.0, "difference_1990_2020": 72.0 }, "geometry": { "type": "Polygon", "coordinates": [ [ [ -102.29995427526292, 21.673716135435733 ], [ -102.29538180155464, 21.673716135435733 ], [ -102.29538180155464, 21.669534171544587 ], [ -102.29995427526292, 21.669534171544555 ], [ -102.29995427526292, 21.673716135435733 ] ] ] } },
{ "type": "Feature", "properties": { "difference_1990_2000": 0.0, "difference_1990_2010": 0.0, "difference_1990_2020": 508.0 }, "geometry": { "type": "Polygon", "coordinates": [ [ [ -102.29995427526292, 21.803416652264698 ], [ -102.29538180155464, 21.803416652264719 ], [ -102.29538180155464, 21.799230956062949 ], [ -102.29995427526292, 21.799230956062949 ], [ -102.29995427526292, 21.803416652264698 ] ] ] } },
{ "type": "Feature", "properties": { "difference_1990_2000": 0.0, "difference_1990_2010": 84.0, "difference_1990_2020": 97.0 }, "geometry": { "type": "Polygon", "coordinates": [ [ [ -102.29995427526292, 21.975134683741 ], [ -102.29538180155464, 21.975134683741025 ], [ -102.29538180155464, 21.970944002984044 ], [ -102.29995427526292, 21.970944002984044 ], [ -102.29995427526292, 21.975134683741 ] ] ] } },
{ "type": "Feature", "properties": { "difference_1990_2000": -1.0, "difference_1990_2010": 201.0, "difference_1990_2020": 455.0 }, "geometry": { "type": "Polygon", "coordinates": [ [ [ -102.29995427526292, 21.941612658338251 ], [ -102.29538180155464, 21.941612658338283 ], [ -102.29538180155464, 21.937422954515348 ], [ -102.29995427526292, 21.937422954515348 ], [ -102.29995427526292, 21.941612658338251 ] ] ] } },
{ "type": "Feature", "properties": { "difference_1990_2000": 26.0, "difference_1990_2010": -20.0, "difference_1990_2020": -97.0 }, "geometry": { "type": "Polygon", "coordinates": [ [ [ -102.290809327846375, 21.924854574725966 ], [ -102.286236854138096, 21.924854574725966 ], [ -102.286236854138096, 21.920665358579601 ], [ -102.290809327846375, 21.920665358579601 ], [ -102.290809327846375, 21.924854574725966 ] ] ] } },
{ "type": "Feature", "properties": { "difference_1990_2000": -810.0, "difference_1990_2010": -1360.0, "difference_1990_2020": -1561.0 }, "geometry": { "type": "Polygon", "coordinates": [ [ [ -102.290809327846375, 21.899721104743605 ], [ -102.286236854138096, 21.899721104743605 ], [ -102.286236854138096, 21.895532619125422 ], [ -102.290809327846375, 21.895532619125476 ], [ -102.290809327846375, 21.899721104743605 ] ] ] } },
{ "type": "Feature", "properties": { "difference_1990_2000": 475.0, "difference_1990_2010": 545.0, "difference_1990_2020": 528.0 }, "geometry": { "type": "Polygon", "coordinates": [ [ [ -102.290809327846375, 21.84946729832253 ], [ -102.286236854138096, 21.84946729832253 ], [ -102.286236854138096, 21.845280270214527 ], [ -102.290809327846375, 21.845280270214548 ], [ -102.290809327846375, 21.84946729832253 ] ] ] } },
{ "type": "Feature", "properties": { "difference_1990_2000": 235.0, "difference_1990_2010": 233.0, "difference_1990_2020": 203.0 }, "geometry": { "type": "Polygon", "coordinates": [ [ [ -102.290809327846375, 21.908098441030358 ], [ -102.286236854138096, 21.908098441030358 ], [ -102.286236854138096, 21.903909712034299 ], [ -102.290809327846375, 21.903909712034299 ], [ -102.290809327846375, 21.908098441030358 ] ] ] } },
{ "type": "Feature", "properties": { "difference_1990_2000": -611.0, "difference_1990_2010": -1136.0, "difference_1990_2020": -1284.0 }, "geometry": { "type": "Polygon", "coordinates": [ [ [ -102.290809327846375, 21.895532619125476 ], [ -102.286236854138096, 21.895532619125422 ], [ -102.286236854138096, 21.891344255146915 ], [ -102.290809327846375, 21.891344255146929 ], [ -102.290809327846375, 21.895532619125476 ] ] ] } },
{ "type": "Feature", "properties": { "difference_1990_2000": 491.0, "difference_1990_2010": 563.0, "difference_1990_2020": 542.0 }, "geometry": { "type": "Polygon", "coordinates": [ [ [ -102.290809327846375, 21.853654447709399 ], [ -102.286236854138096, 21.853654447709399 ], [ -102.286236854138096, 21.84946729832253 ], [ -102.290809327846375, 21.84946729832253 ], [ -102.290809327846375, 21.853654447709399 ] ] ] } },
{ "type": "Feature", "properties": { "difference_1990_2000": 20.0, "difference_1990_2010": 16.0, "difference_1990_2020": 33.0 }, "geometry": { "type": "Polygon", "coordinates": [ [ [ -102.290809327846375, 21.983516412083379 ], [ -102.286236854138096, 21.983516412083379 ], [ -102.286236854138096, 21.97932548676317 ], [ -102.290809327846375, 21.97932548676317 ], [ -102.290809327846375, 21.983516412083379 ] ] ] } },
{ "type": "Feature", "properties": { "difference_1990_2000": -40.0, "difference_1990_2010": -68.0, "difference_1990_2020": -50.0 }, "geometry": { "type": "Polygon", "coordinates": [ [ [ -102.290809327846375, 21.83271991323565 ], [ -102.286236854138096, 21.832719913235636 ], [ -102.286236854138096, 21.828533369915302 ], [ -102.290809327846375, 21.828533369915302 ], [ -102.290809327846375, 21.83271991323565 ] ] ] } },
{ "type": "Feature", "properties": { "difference_1990_2000": 0.0, "difference_1990_2010": 0.0, "difference_1990_2020": 134.0 }, "geometry": { "type": "Polygon", "coordinates": [ [ [ -102.290809327846375, 22.01285631644463 ], [ -102.286236854138096, 22.01285631644463 ], [ -102.286236854138096, 22.00866453411329 ], [ -102.290809327846375, 22.00866453411329 ], [ -102.290809327846375, 22.01285631644463 ] ] ] } },
{ "type": "Feature", "properties": { "difference_1990_2000": 0.0, "difference_1990_2010": 0.0, "difference_1990_2020": 15.0 }, "geometry": { "type": "Polygon", "coordinates": [ [ [ -102.290809327846375, 21.811788407457481 ], [ -102.286236854138096, 21.811788407457495 ], [ -102.286236854138096, 21.807602469385365 ], [ -102.290809327846375, 21.807602469385365 ], [ -102.290809327846375, 21.811788407457481 ] ] ] } },
{ "type": "Feature", "properties": { "difference_1990_2000": -561.0, "difference_1990_2010": -1140.0, "difference_1990_2020": -1162.0 }, "geometry": { "type": "Polygon", "coordinates": [ [ [ -102.290809327846375, 21.882967891977646 ], [ -102.286236854138096, 21.882967891977628 ], [ -102.286236854138096, 21.878779892721155 ], [ -102.290809327846375, 21.878779892721155 ], [ -102.290809327846375, 21.882967891977646 ] ] ] } },
{ "type": "Feature", "properties": { "difference_1990_2000": 26.0, "difference_1990_2010": -20.0, "difference_1990_2020": -97.0 }, "geometry": { "type": "Polygon", "coordinates": [ [ [ -102.290809327846375, 21.933233372660926 ], [ -102.286236854138096, 21.933233372660926 ], [ -102.286236854138096, 21.929043912742092 ], [ -102.290809327846375, 21.929043912742092 ], [ -102.290809327846375, 21.933233372660926 ] ] ] } },
{ "type": "Feature", "properties": { "difference_1990_2000": -17.0, "difference_1990_2010": 7.0, "difference_1990_2020": 76.0 }, "geometry": { "type": "Polygon", "coordinates": [ [ [ -102.290809327846375, 21.841093363352506 ], [ -102.286236854138096, 21.841093363352506 ], [ -102.286236854138096, 21.836906577703839 ], [ -102.290809327846375, 21.836906577703864 ], [ -102.290809327846375, 21.841093363352506 ] ] ] } },
{ "type": "Feature", "properties": { "difference_1990_2000": -6.0, "difference_1990_2010": -43.0, "difference_1990_2020": -4.0 }, "geometry": { "type": "Polygon", "coordinates": [ [ [ -102.290809327846375, 21.828533369915302 ], [ -102.286236854138096, 21.828533369915302 ], [ -102.286236854138096, 21.824346947710072 ], [ -102.290809327846375, 21.824346947710072 ], [ -102.290809327846375, 21.828533369915302 ] ] ] } },
{ "type": "Feature", "properties": { "difference_1990_2000": 0.0, "difference_1990_2010": 0.0, "difference_1990_2020": 15.0 }, "geometry": { "type": "Polygon", "coordinates": [ [ [ -102.290809327846375, 21.815974466513868 ], [ -102.286236854138096, 21.815974466513847 ], [ -102.286236854138096, 21.811788407457495 ], [ -102.290809327846375, 21.811788407457481 ], [ -102.290809327846375, 21.815974466513868 ] ] ] } },
{ "type": "Feature", "properties": { "difference_1990_2000": 0.0, "difference_1990_2010": 95.0, "difference_1990_2020": 118.0 }, "geometry": { "type": "Polygon", "coordinates": [ [ [ -102.290809327846375, 21.970944002984044 ], [ -102.286236854138096, 21.970944002984044 ], [ -102.286236854138096, 21.966753444459183 ], [ -102.290809327846375, 21.966753444459201 ], [ -102.290809327846375, 21.970944002984044 ] ] ] } },
{ "type": "Feature", "properties": { "difference_1990_2000": 0.0, "difference_1990_2010": 0.0, "difference_1990_2020": 0.0 }, "geometry": { "type": "Polygon", "coordinates": [ [ [ -102.290809327846375, 21.945802484162716 ], [ -102.286236854138096, 21.945802484162733 ], [ -102.286236854138096, 21.941612658338283 ], [ -102.290809327846375, 21.941612658338283 ], [ -102.290809327846375, 21.945802484162716 ] ] ] } },
{ "type": "Feature", "properties": { "difference_1990_2000": 265.0, "difference_1990_2010": 396.0, "difference_1990_2020": 594.0 }, "geometry": { "type": "Polygon", "coordinates": [ [ [ -102.290809327846375, 21.991898629750128 ], [ -102.286236854138096, 21.991898629750128 ], [ -102.286236854138096, 21.987707459734704 ], [ -102.290809327846375, 21.987707459734736 ], [ -102.290809327846375, 21.991898629750128 ] ] ] } },
{ "type": "Feature", "properties": { "difference_1990_2000": 332.0, "difference_1990_2010": 390.0, "difference_1990_2020": 506.0 }, "geometry": { "type": "Polygon", "coordinates": [ [ [ -102.290809327846375, 21.996089922162689 ], [ -102.286236854138096, 21.996089922162689 ], [ -102.286236854138096, 21.991898629750128 ], [ -102.290809327846375, 21.991898629750128 ], [ -102.290809327846375, 21.996089922162689 ] ] ] } },
{ "type": "Feature", "properties": { "difference_1990_2000": -247.0, "difference_1990_2010": -535.0, "difference_1990_2020": -670.0 }, "geometry": { "type": "Polygon", "coordinates": [ [ [ -102.290809327846375, 21.903909712034299 ], [ -102.286236854138096, 21.903909712034299 ], [ -102.286236854138096, 21.899721104743605 ], [ -102.290809327846375, 21.899721104743605 ], [ -102.290809327846375, 21.903909712034299 ] ] ] } },
{ "type": "Feature", "properties": { "difference_1990_2000": -603.0, "difference_1990_2010": -1163.0, "difference_1990_2020": -1300.0 }, "geometry": { "type": "Polygon", "coordinates": [ [ [ -102.290809327846375, 21.891344255146929 ], [ -102.286236854138096, 21.891344255146915 ], [ -102.286236854138096, 21.887156012775268 ], [ -102.290809327846375, 21.887156012775321 ], [ -102.290809327846375, 21.891344255146929 ] ] ] } },
{ "type": "Feature", "properties": { "difference_1990_2000": 0.0, "difference_1990_2010": 161.0, "difference_1990_2020": 201.0 }, "geometry": { "type": "Polygon", "coordinates": [ [ [ -102.290809327846375, 21.966753444459201 ], [ -102.286236854138096, 21.966753444459183 ], [ -102.286236854138096, 21.962563008133412 ], [ -102.290809327846375, 21.962563008133451 ], [ -102.290809327846375, 21.966753444459201 ] ] ] } },
{ "type": "Feature", "properties": { "difference_1990_2000": 195.0, "difference_1990_2010": 159.0, "difference_1990_2020": 331.0 }, "geometry": { "type": "Polygon", "coordinates": [ [ [ -102.290809327846375, 21.987707459734736 ], [ -102.286236854138096, 21.987707459734704 ], [ -102.286236854138096, 21.983516412083379 ], [ -102.290809327846375, 21.983516412083379 ], [ -102.290809327846375, 21.987707459734736 ] ] ] } },
{ "type": "Feature", "properties": { "difference_1990_2000": 26.0, "difference_1990_2010": -20.0, "difference_1990_2020": -97.0 }, "geometry": { "type": "Polygon", "coordinates": [ [ [ -102.290809327846375, 21.929043912742092 ], [ -102.286236854138096, 21.929043912742092 ], [ -102.286236854138096, 21.924854574725966 ], [ -102.290809327846375, 21.924854574725966 ], [ -102.290809327846375, 21.929043912742092 ] ] ] } },
{ "type": "Feature", "properties": { "difference_1990_2000": 1.0, "difference_1990_2010": 26.0, "difference_1990_2020": 105.0 }, "geometry": { "type": "Polygon", "coordinates": [ [ [ -102.290809327846375, 21.845280270214548 ], [ -102.286236854138096, 21.845280270214527 ], [ -102.286236854138096, 21.841093363352506 ], [ -102.290809327846375, 21.841093363352506 ], [ -102.290809327846375, 21.845280270214548 ] ] ] } },
{ "type": "Feature", "properties": { "difference_1990_2000": -88.0, "difference_1990_2010": -247.0, "difference_1990_2020": -301.0 }, "geometry": { "type": "Polygon", "coordinates": [ [ [ -102.290809327846375, 21.866216623870553 ], [ -102.286236854138096, 21.866216623870553 ], [ -102.286236854138096, 21.862029110450639 ], [ -102.290809327846375, 21.862029110450639 ], [ -102.290809327846375, 21.866216623870553 ] ] ] } },
{ "type": "Feature", "properties": { "difference_1990_2000": -229.0, "difference_1990_2010": -343.0, "difference_1990_2020": -306.0 }, "geometry": { "type": "Polygon", "coordinates": [ [ [ -102.290809327846375, 21.912287291764688 ], [ -102.286236854138096, 21.912287291764688 ], [ -102.286236854138096, 21.908098441030358 ], [ -102.290809327846375, 21.908098441030358 ], [ -102.290809327846375, 21.912287291764688 ] ] ] } },
{ "type": "Feature", "properties": { "difference_1990_2000": -25.0, "difference_1990_2010": -4.0, "difference_1990_2020": 52.0 }, "geometry": { "type": "Polygon", "coordinates": [ [ [ -102.290809327846375, 21.836906577703864 ], [ -102.286236854138096, 21.836906577703839 ], [ -102.286236854138096, 21.832719913235636 ], [ -102.290809327846375, 21.83271991323565 ], [ -102.290809327846375, 21.836906577703864 ] ] ] } },
{ "type": "Feature", "properties": { "difference_1990_2000": -475.0, "difference_1990_2010": -1037.0, "difference_1990_2020": -1234.0 }, "geometry": { "type": "Polygon", "coordinates": [ [ [ -102.290809327846375, 21.878779892721155 ], [ -102.286236854138096, 21.878779892721155 ], [ -102.286236854138096, 21.874592014973036 ], [ -102.290809327846375, 21.874592014973036 ], [ -102.290809327846375, 21.878779892721155 ] ] ] } },
{ "type": "Feature", "properties": { "difference_1990_2000": 0.0, "difference_1990_2010": 0.0, "difference_1990_2020": 107.0 }, "geometry": { "type": "Polygon", "coordinates": [ [ [ -102.290809327846375, 21.677898219236059 ], [ -102.286236854138096, 21.677898219236059 ], [ -102.286236854138096, 21.673716135435754 ], [ -102.290809327846375, 21.673716135435733 ], [ -102.290809327846375, 21.677898219236059 ] ] ] } },
{ "type": "Feature", "properties": { "difference_1990_2000": 279.0, "difference_1990_2010": 318.0, "difference_1990_2020": 278.0 }, "geometry": { "type": "Polygon", "coordinates": [ [ [ -102.290809327846375, 22.000281337005369 ], [ -102.286236854138096, 22.000281337005369 ], [ -102.286236854138096, 21.996089922162689 ], [ -102.290809327846375, 21.996089922162689 ], [ -102.290809327846375, 22.000281337005369 ] ] ] } },
{ "type": "Feature", "properties": { "difference_1990_2000": 0.0, "difference_1990_2010": 0.0, "difference_1990_2020": 9.0 }, "geometry": { "type": "Polygon", "coordinates": [ [ [ -102.290809327846375, 21.799230956062949 ], [ -102.286236854138096, 21.799230956062949 ], [ -102.286236854138096, 21.795045380747354 ], [ -102.290809327846375, 21.795045380747354 ], [ -102.290809327846375, 21.799230956062949 ] ] ] } },
{ "type": "Feature", "properties": { "difference_1990_2000": -175.0, "difference_1990_2010": -269.0, "difference_1990_2020": -238.0 }, "geometry": { "type": "Polygon", "coordinates": [ [ [ -102.290809327846375, 21.916476264270152 ], [ -102.286236854138096, 21.916476264270152 ], [ -102.286236854138096, 21.912287291764688 ], [ -102.290809327846375, 21.912287291764688 ], [ -102.290809327846375, 21.916476264270152 ] ] ] } },
{ "type": "Feature", "properties": { "difference_1990_2000": 12.0, "difference_1990_2010": 251.0, "difference_1990_2020": 180.0 }, "geometry": { "type": "Polygon", "coordinates": [ [ [ -102.290809327846375, 21.937422954515348 ], [ -102.286236854138096, 21.937422954515348 ], [ -102.286236854138096, 21.933233372660926 ], [ -102.290809327846375, 21.933233372660926 ], [ -102.290809327846375, 21.937422954515348 ] ] ] } },
{ "type": "Feature", "properties": { "difference_1990_2000": 491.0, "difference_1990_2010": 563.0, "difference_1990_2020": 542.0 }, "geometry": { "type": "Polygon", "coordinates": [ [ [ -102.290809327846375, 21.857841718407858 ], [ -102.286236854138096, 21.857841718407826 ], [ -102.286236854138096, 21.853654447709399 ], [ -102.290809327846375, 21.853654447709399 ], [ -102.290809327846375, 21.857841718407858 ] ] ] } },
{ "type": "Feature", "properties": { "difference_1990_2000": 30.0, "difference_1990_2010": 1079.0, "difference_1990_2020": 329.0 }, "geometry": { "type": "Polygon", "coordinates": [ [ [ -102.290809327846375, 22.004472874311244 ], [ -102.286236854138096, 22.004472874311212 ], [ -102.286236854138096, 22.000281337005337 ], [ -102.290809327846375, 22.000281337005337 ], [ -102.290809327846375, 22.004472874311244 ] ] ] } },
{ "type": "Feature", "properties": { "difference_1990_2000": 0.0, "difference_1990_2010": 0.0, "difference_1990_2020": 7.0 }, "geometry": { "type": "Polygon", "coordinates": [ [ [ -102.290809327846375, 21.949992432021467 ], [ -102.286236854138096, 21.949992432021467 ], [ -102.286236854138096, 21.945802484162733 ], [ -102.290809327846375, 21.945802484162716 ], [ -102.290809327846375, 21.949992432021467 ] ] ] } },
{ "type": "Feature", "properties": { "difference_1990_2000": 0.0, "difference_1990_2010": 0.0, "difference_1990_2020": 23.0 }, "geometry": { "type": "Polygon", "coordinates": [ [ [ -102.290809327846375, 21.807602469385365 ], [ -102.286236854138096, 21.807602469385365 ], [ -102.286236854138096, 21.803416652264719 ], [ -102.290809327846375, 21.803416652264719 ], [ -102.290809327846375, 21.807602469385365 ] ] ] } },
{ "type": "Feature", "properties": { "difference_1990_2000": 21.0, "difference_1990_2010": 0.0, "difference_1990_2020": 41.0 }, "geometry": { "type": "Polygon", "coordinates": [ [ [ -102.290809327846375, 21.820160646587123 ], [ -102.286236854138096, 21.820160646587123 ], [ -102.286236854138096, 21.815974466513847 ], [ -102.290809327846375, 21.815974466513868 ], [ -102.290809327846375, 21.820160646587123 ] ] ] } },
{ "type": "Feature", "properties": { "difference_1990_2000": 0.0, "difference_1990_2010": 0.0, "difference_1990_2020": 378.0 }, "geometry": { "type": "Polygon", "coordinates": [ [ [ -102.290809327846375, 22.00866453411329 ], [ -102.286236854138096, 22.00866453411329 ], [ -102.286236854138096, 22.004472874311212 ], [ -102.290809327846375, 22.004472874311244 ], [ -102.290809327846375, 22.00866453411329 ] ] ] } },
{ "type": "Feature", "properties": { "difference_1990_2000": -21.0, "difference_1990_2010": -77.0, "difference_1990_2020": -101.0 }, "geometry": { "type": "Polygon", "coordinates": [ [ [ -102.290809327846375, 21.920665358579601 ], [ -102.286236854138096, 21.920665358579601 ], [ -102.286236854138096, 21.916476264270152 ], [ -102.290809327846375, 21.916476264270152 ], [ -102.290809327846375, 21.920665358579601 ] ] ] } },
{ "type": "Feature", "properties": { "difference_1990_2000": -591.0, "difference_1990_2010": -1217.0, "difference_1990_2020": -1259.0 }, "geometry": { "type": "Polygon", "coordinates": [ [ [ -102.290809327846375, 21.887156012775321 ], [ -102.286236854138096, 21.887156012775268 ], [ -102.286236854138096, 21.882967891977628 ], [ -102.290809327846375, 21.882967891977646 ], [ -102.290809327846375, 21.887156012775321 ] ] ] } },
{ "type": "Feature", "properties": { "difference_1990_2000": -123.0, "difference_1990_2010": -280.0, "difference_1990_2020": -322.0 }, "geometry": { "type": "Polygon", "coordinates": [ [ [ -102.290809327846375, 21.870404258700432 ], [ -102.286236854138096, 21.870404258700411 ], [ -102.286236854138096, 21.866216623870553 ], [ -102.290809327846375, 21.866216623870553 ], [ -102.290809327846375, 21.870404258700432 ] ] ] } },
{ "type": "Feature", "properties": { "difference_1990_2000": 66.0, "difference_1990_2010": -27.0, "difference_1990_2020": -83.0 }, "geometry": { "type": "Polygon", "coordinates": [ [ [ -102.290809327846375, 21.862029110450639 ], [ -102.286236854138096, 21.862029110450639 ], [ -102.286236854138096, 21.857841718407826 ], [ -102.290809327846375, 21.857841718407858 ], [ -102.290809327846375, 21.862029110450639 ] ] ] } },
{ "type": "Feature", "properties": { "difference_1990_2000": 114.0, "difference_1990_2010": 0.0, "difference_1990_2020": 154.0 }, "geometry": { "type": "Polygon", "coordinates": [ [ [ -102.290809327846375, 21.824346947710072 ], [ -102.286236854138096, 21.824346947710072 ], [ -102.286236854138096, 21.820160646587123 ], [ -102.290809327846375, 21.820160646587123 ], [ -102.290809327846375, 21.824346947710072 ] ] ] } },
{ "type": "Feature", "properties": { "difference_1990_2000": -428.0, "difference_1990_2010": -776.0, "difference_1990_2020": -871.0 }, "geometry": { "type": "Polygon", "coordinates": [ [ [ -102.290809327846375, 21.874592014973036 ], [ -102.286236854138096, 21.874592014973036 ], [ -102.286236854138096, 21.870404258700411 ], [ -102.290809327846375, 21.870404258700432 ], [ -102.290809327846375, 21.874592014973036 ] ] ] } },
{ "type": "Feature", "properties": { "difference_1990_2000": 0.0, "difference_1990_2010": 0.0, "difference_1990_2020": 61.0 }, "geometry": { "type": "Polygon", "coordinates": [ [ [ -102.290809327846375, 21.673716135435733 ], [ -102.286236854138096, 21.673716135435754 ], [ -102.286236854138096, 21.669534171544587 ], [ -102.290809327846375, 21.669534171544587 ], [ -102.290809327846375, 21.673716135435733 ] ] ] } },
{ "type": "Feature", "properties": { "difference_1990_2000": 0.0, "difference_1990_2010": 0.0, "difference_1990_2020": 20.0 }, "geometry": { "type": "Polygon", "coordinates": [ [ [ -102.290809327846375, 21.803416652264719 ], [ -102.286236854138096, 21.803416652264719 ], [ -102.286236854138096, 21.799230956062949 ], [ -102.290809327846375, 21.799230956062949 ], [ -102.290809327846375, 21.803416652264719 ] ] ] } },
{ "type": "Feature", "properties": { "difference_1990_2000": 199.0, "difference_1990_2010": 1414.0, "difference_1990_2020": 1419.0 }, "geometry": { "type": "Polygon", "coordinates": [ [ [ -102.281664380429817, 21.924854574725966 ], [ -102.277091906721537, 21.924854574725966 ], [ -102.277091906721537, 21.920665358579601 ], [ -102.281664380429817, 21.920665358579637 ], [ -102.281664380429817, 21.924854574725966 ] ] ] } },
{ "type": "Feature", "properties": { "difference_1990_2000": 3.0, "difference_1990_2010": 700.0, "difference_1990_2020": 869.0 }, "geometry": { "type": "Polygon", "coordinates": [ [ [ -102.281664380429817, 21.9416126583383 ], [ -102.277091906721537, 21.941612658338283 ], [ -102.277091906721537, 21.937422954515348 ], [ -102.281664380429817, 21.937422954515348 ], [ -102.281664380429817, 21.9416126583383 ] ] ] } },
{ "type": "Feature", "properties": { "difference_1990_2000": 346.0, "difference_1990_2010": 94.0, "difference_1990_2020": -122.0 }, "geometry": { "type": "Polygon", "coordinates": [ [ [ -102.281664380429817, 21.899721104743605 ], [ -102.277091906721537, 21.899721104743623 ], [ -102.277091906721537, 21.895532619125444 ], [ -102.281664380429817, 21.895532619125476 ], [ -102.281664380429817, 21.899721104743605 ] ] ] } },
{ "type": "Feature", "properties": { "difference_1990_2000": 345.0, "difference_1990_2010": 407.0, "difference_1990_2020": 441.0 }, "geometry": { "type": "Polygon", "coordinates": [ [ [ -102.281664380429817, 21.84946729832253 ], [ -102.277091906721537, 21.84946729832253 ], [ -102.277091906721537, 21.845280270214527 ], [ -102.281664380429817, 21.845280270214527 ], [ -102.281664380429817, 21.84946729832253 ] ] ] } },
{ "type": "Feature", "properties": { "difference_1990_2000": 237.0, "difference_1990_2010": 434.0, "difference_1990_2020": 522.0 }, "geometry": { "type": "Polygon", "coordinates": [ [ [ -102.281664380429817, 21.908098441030358 ], [ -102.277091906721537, 21.908098441030358 ], [ -102.277091906721537, 21.903909712034313 ], [ -102.281664380429817, 21.903909712034299 ], [ -102.281664380429817, 21.908098441030358 ] ] ] } },
{ "type": "Feature", "properties": { "difference_1990_2000": 101.0, "difference_1990_2010": -90.0, "difference_1990_2020": -204.0 }, "geometry": { "type": "Polygon", "coordinates": [ [ [ -102.281664380429817, 21.895532619125476 ], [ -102.277091906721537, 21.895532619125444 ], [ -102.277091906721537, 21.891344255146929 ], [ -102.281664380429817, 21.891344255146929 ], [ -102.281664380429817, 21.895532619125476 ] ] ] } },
{ "type": "Feature", "properties": { "difference_1990_2000": 0.0, "difference_1990_2010": 0.0, "difference_1990_2020": 431.0 }, "geometry": { "type": "Polygon", "coordinates": [ [ [ -102.281664380429817, 22.029624671723649 ], [ -102.277091906721537, 22.029624671723649 ], [ -102.277091906721537, 22.025432398944695 ], [ -102.281664380429817, 22.025432398944726 ], [ -102.281664380429817, 22.029624671723649 ] ] ] } },
{ "type": "Feature", "properties": { "difference_1990_2000": -5.0, "difference_1990_2010": 16.0, "difference_1990_2020": 103.0 }, "geometry": { "type": "Polygon", "coordinates": [ [ [ -102.281664380429817, 21.83271991323565 ], [ -102.277091906721537, 21.83271991323565 ], [ -102.277091906721537, 21.828533369915345 ], [ -102.281664380429817, 21.828533369915302 ], [ -102.281664380429817, 21.83271991323565 ] ] ] } },
{ "type": "Feature", "properties": { "difference_1990_2000": 563.0, "difference_1990_2010": 662.0, "difference_1990_2020": 676.0 }, "geometry": { "type": "Polygon", "coordinates": [ [ [ -102.281664380429817, 21.853654447709435 ], [ -102.277091906721537, 21.853654447709399 ], [ -102.277091906721537, 21.84946729832253 ], [ -102.281664380429817, 21.84946729832253 ], [ -102.281664380429817, 21.853654447709435 ] ] ] } },
{ "type": "Feature", "properties": { "difference_1990_2000": 0.0, "difference_1990_2010": 0.0, "difference_1990_2020": 1630.0 }, "geometry": { "type": "Polygon", "coordinates": [ [ [ -102.281664380429817, 21.95837269397385 ], [ -102.277091906721537, 21.95837269397385 ], [ -102.277091906721537, 21.954182501947571 ], [ -102.281664380429817, 21.954182501947571 ], [ -102.281664380429817, 21.95837269397385 ] ] ] } },
{ "type": "Feature", "properties": { "difference_1990_2000": 0.0, "difference_1990_2010": 0.0, "difference_1990_2020": 15.0 }, "geometry": { "type": "Polygon", "coordinates": [ [ [ -102.281664380429817, 21.811788407457495 ], [ -102.277091906721537, 21.811788407457481 ], [ -102.277091906721537, 21.80760246938539 ], [ -102.281664380429817, 21.807602469385365 ], [ -102.281664380429817, 21.811788407457495 ] ] ] } },
{ "type": "Feature", "properties": { "difference_1990_2000": -907.0, "difference_1990_2010": -1470.0, "difference_1990_2020": -1635.0 }, "geometry": { "type": "Polygon", "coordinates": [ [ [ -102.281664380429817, 21.882967891977646 ], [ -102.277091906721537, 21.882967891977646 ], [ -102.277091906721537, 21.878779892721155 ], [ -102.281664380429817, 21.878779892721155 ], [ -102.281664380429817, 21.882967891977646 ] ] ] } },
{ "type": "Feature", "properties": { "difference_1990_2000": 0.0, "difference_1990_2010": 0.0, "difference_1990_2020": 15.0 }, "geometry": { "type": "Polygon", "coordinates": [ [ [ -102.281664380429817, 21.815974466513847 ], [ -102.277091906721537, 21.815974466513847 ], [ -102.277091906721537, 21.811788407457481 ], [ -102.281664380429817, 21.811788407457495 ], [ -102.281664380429817, 21.815974466513847 ] ] ] } },
{ "type": "Feature", "properties": { "difference_1990_2000": 2151.0, "difference_1990_2010": 2506.0, "difference_1990_2020": 2704.0 }, "geometry": { "type": "Polygon", "coordinates": [ [ [ -102.281664380429817, 21.933233372660926 ], [ -102.277091906721537, 21.933233372660965 ], [ -102.277091906721537, 21.929043912742092 ], [ -102.281664380429817, 21.929043912742092 ], [ -102.281664380429817, 21.933233372660926 ] ] ] } },
{ "type": "Feature", "properties": { "difference_1990_2000": -5.0, "difference_1990_2010": 16.0, "difference_1990_2020": 98.0 }, "geometry": { "type": "Polygon", "coordinates": [ [ [ -102.281664380429817, 21.841093363352506 ], [ -102.277091906721537, 21.841093363352506 ], [ -102.277091906721537, 21.836906577703864 ], [ -102.281664380429817, 21.836906577703839 ], [ -102.281664380429817, 21.841093363352506 ] ] ] } },
{ "type": "Feature", "properties": { "difference_1990_2000": -5.0, "difference_1990_2010": 17.0, "difference_1990_2020": 104.0 }, "geometry": { "type": "Polygon", "coordinates": [ [ [ -102.281664380429817, 21.828533369915302 ], [ -102.277091906721537, 21.828533369915345 ], [ -102.277091906721537, 21.824346947710072 ], [ -102.281664380429817, 21.824346947710072 ], [ -102.281664380429817, 21.828533369915302 ] ] ] } },
{ "type": "Feature", "properties": { "difference_1990_2000": 0.0, "difference_1990_2010": 0.0, "difference_1990_2020": 15.0 }, "geometry": { "type": "Polygon", "coordinates": [ [ [ -102.281664380429817, 21.795045380747371 ], [ -102.277091906721537, 21.795045380747354 ], [ -102.277091906721537, 21.790859926285211 ], [ -102.281664380429817, 21.790859926285229 ], [ -102.281664380429817, 21.795045380747371 ] ] ] } },
{ "type": "Feature", "properties": { "difference_1990_2000": 0.0, "difference_1990_2010": 0.0, "difference_1990_2020": 419.0 }, "geometry": { "type": "Polygon", "coordinates": [ [ [ -102.281664380429817, 21.945802484162716 ], [ -102.277091906721537, 21.945802484162684 ], [ -102.277091906721537, 21.941612658338283 ], [ -102.281664380429817, 21.9416126583383 ], [ -102.281664380429817, 21.945802484162716 ] ] ] } },
{ "type": "Feature", "properties": { "difference_1990_2000": -44.0, "difference_1990_2010": 1234.0, "difference_1990_2020": 1008.0 }, "geometry": { "type": "Polygon", "coordinates": [ [ [ -102.281664380429817, 21.903909712034299 ], [ -102.277091906721537, 21.903909712034313 ], [ -102.277091906721537, 21.899721104743623 ], [ -102.281664380429817, 21.899721104743605 ], [ -102.281664380429817, 21.903909712034299 ] ] ] } },
{ "type": "Feature", "properties": { "difference_1990_2000": -301.0, "difference_1990_2010": -333.0, "difference_1990_2020": -357.0 }, "geometry": { "type": "Polygon", "coordinates": [ [ [ -102.281664380429817, 21.891344255146929 ], [ -102.277091906721537, 21.891344255146929 ], [ -102.277091906721537, 21.887156012775268 ], [ -102.281664380429817, 21.8871560127753 ], [ -102.281664380429817, 21.891344255146929 ] ] ] } },
{ "type": "Feature", "properties": { "difference_1990_2000": 10.0, "difference_1990_2010": 9.0, "difference_1990_2020": 17.0 }, "geometry": { "type": "Polygon", "coordinates": [ [ [ -102.281664380429817, 21.996089922162721 ], [ -102.277091906721537, 21.996089922162689 ], [ -102.277091906721537, 21.991898629750128 ], [ -102.281664380429817, 21.991898629750143 ], [ -102.281664380429817, 21.996089922162721 ] ] ] } },
{ "type": "Feature", "properties": { "difference_1990_2000": 0.0, "difference_1990_2010": 0.0, "difference_1990_2020": 14.0 }, "geometry": { "type": "Polygon", "coordinates": [ [ [ -102.281664380429817, 22.021240248827272 ], [ -102.277091906721537, 22.021240248827258 ], [ -102.277091906721537, 22.017048221338268 ], [ -102.281664380429817, 22.017048221338268 ], [ -102.281664380429817, 22.021240248827272 ] ] ] } },
{ "type": "Feature", "properties": { "difference_1990_2000": 9.0, "difference_1990_2010": 0.0, "difference_1990_2020": -13.0 }, "geometry": { "type": "Polygon", "coordinates": [ [ [ -102.281664380429817, 22.079941524717871 ], [ -102.277091906721537, 22.079941524717871 ], [ -102.277091906721537, 22.075747777418332 ], [ -102.281664380429817, 22.075747777418297 ], [ -102.281664380429817, 22.079941524717871 ] ] ] } },
{ "type": "Feature", "properties": { "difference_1990_2000": 2357.0, "difference_1990_2010": 2981.0, "difference_1990_2020": 3090.0 }, "geometry": { "type": "Polygon", "coordinates": [ [ [ -102.281664380429817, 21.929043912742092 ], [ -102.277091906721537, 21.929043912742092 ], [ -102.277091906721537, 21.924854574725966 ], [ -102.281664380429817, 21.924854574725966 ], [ -102.281664380429817, 21.929043912742092 ] ] ] } },
{ "type": "Feature", "properties": { "difference_1990_2000": -4.0, "difference_1990_2010": 16.0, "difference_1990_2020": 97.0 }, "geometry": { "type": "Polygon", "coordinates": [ [ [ -102.281664380429817, 21.845280270214527 ], [ -102.277091906721537, 21.845280270214527 ], [ -102.277091906721537, 21.841093363352506 ], [ -102.281664380429817, 21.841093363352506 ], [ -102.281664380429817, 21.845280270214527 ] ] ] } },
{ "type": "Feature", "properties": { "difference_1990_2000": 0.0, "difference_1990_2010": 0.0, "difference_1990_2020": 0.0 }, "geometry": { "type": "Polygon", "coordinates": [ [ [ -102.281664380429817, 22.084135395109584 ], [ -102.277091906721537, 22.084135395109584 ], [ -102.277091906721537, 22.079941524717871 ], [ -102.281664380429817, 22.079941524717871 ], [ -102.281664380429817, 22.084135395109584 ] ] ] } },
{ "type": "Feature", "properties": { "difference_1990_2000": 1071.0, "difference_1990_2010": 1116.0, "difference_1990_2020": 1155.0 }, "geometry": { "type": "Polygon", "coordinates": [ [ [ -102.281664380429817, 21.912287291764688 ], [ -102.277091906721537, 21.912287291764724 ], [ -102.277091906721537, 21.908098441030358 ], [ -102.281664380429817, 21.908098441030358 ], [ -102.281664380429817, 21.912287291764688 ] ] ] } },
{ "type": "Feature", "properties": { "difference_1990_2000": 489.0, "difference_1990_2010": -182.0, "difference_1990_2020": -284.0 }, "geometry": { "type": "Polygon", "coordinates": [ [ [ -102.281664380429817, 21.866216623870571 ], [ -102.277091906721537, 21.866216623870553 ], [ -102.277091906721537, 21.862029110450639 ], [ -102.281664380429817, 21.862029110450639 ], [ -102.281664380429817, 21.866216623870571 ] ] ] } },
{ "type": "Feature", "properties": { "difference_1990_2000": 0.0, "difference_1990_2010": 0.0, "difference_1990_2020": 929.0 }, "geometry": { "type": "Polygon", "coordinates": [ [ [ -102.281664380429817, 22.03381706719718 ], [ -102.277091906721537, 22.033817067197162 ], [ -102.277091906721537, 22.029624671723649 ], [ -102.281664380429817, 22.029624671723649 ], [ -102.281664380429817, 22.03381706719718 ] ] ] } },
{ "type": "Feature", "properties": { "difference_1990_2000": 82.0, "difference_1990_2010": 0.0, "difference_1990_2020": 25.0 }, "geometry": { "type": "Polygon", "coordinates": [ [ [ -102.281664380429817, 22.071554153177736 ], [ -102.277091906721537, 22.071554153177736 ], [ -102.277091906721537, 22.067360651962957 ], [ -102.281664380429817, 22.067360651962957 ], [ -102.281664380429817, 22.071554153177736 ] ] ] } },
{ "type": "Feature", "properties": { "difference_1990_2000": -5.0, "difference_1990_2010": 16.0, "difference_1990_2020": 100.0 }, "geometry": { "type": "Polygon", "coordinates": [ [ [ -102.281664380429817, 21.836906577703839 ], [ -102.277091906721537, 21.836906577703864 ], [ -102.277091906721537, 21.83271991323565 ], [ -102.281664380429817, 21.83271991323565 ], [ -102.281664380429817, 21.836906577703839 ] ] ] } },
{ "type": "Feature", "properties": { "difference_1990_2000": 46.0, "difference_1990_2010": 0.0, "difference_1990_2020": 14.0 }, "geometry": { "type": "Polygon", "coordinates": [ [ [ -102.281664380429817, 22.075747777418297 ], [ -102.277091906721537, 22.075747777418332 ], [ -102.277091906721537, 22.071554153177736 ], [ -102.281664380429817, 22.071554153177736 ], [ -102.281664380429817, 22.075747777418297 ] ] ] } },
{ "type": "Feature", "properties": { "difference_1990_2000": -268.0, "difference_1990_2010": -587.0, "difference_1990_2020": -625.0 }, "geometry": { "type": "Polygon", "coordinates": [ [ [ -102.281664380429817, 21.878779892721155 ], [ -102.277091906721537, 21.878779892721155 ], [ -102.277091906721537, 21.874592014973036 ], [ -102.281664380429817, 21.874592014973036 ], [ -102.281664380429817, 21.878779892721155 ] ] ] } },
{ "type": "Feature", "properties": { "difference_1990_2000": 0.0, "difference_1990_2010": 0.0, "difference_1990_2020": 13.0 }, "geometry": { "type": "Polygon", "coordinates": [ [ [ -102.281664380429817, 21.790859926285229 ], [ -102.277091906721537, 21.790859926285211 ], [ -102.277091906721537, 21.786674592643884 ], [ -102.281664380429817, 21.786674592643884 ], [ -102.281664380429817, 21.790859926285229 ] ] ] } },
{ "type": "Feature", "properties": { "difference_1990_2000": 0.0, "difference_1990_2010": 0.0, "difference_1990_2020": 132.0 }, "geometry": { "type": "Polygon", "coordinates": [ [ [ -102.281664380429817, 21.954182501947557 ], [ -102.277091906721537, 21.954182501947521 ], [ -102.277091906721537, 21.949992432021467 ], [ -102.281664380429817, 21.949992432021467 ], [ -102.281664380429817, 21.954182501947557 ] ] ] } },
{ "type": "Feature", "properties": { "difference_1990_2000": 0.0, "difference_1990_2010": 0.0, "difference_1990_2020": 15.0 }, "geometry": { "type": "Polygon", "coordinates": [ [ [ -102.281664380429817, 21.799230956062949 ], [ -102.277091906721537, 21.799230956062949 ], [ -102.277091906721537, 21.795045380747354 ], [ -102.281664380429817, 21.795045380747371 ], [ -102.281664380429817, 21.799230956062949 ] ] ] } },
{ "type": "Feature", "properties": { "difference_1990_2000": 822.0, "difference_1990_2010": 1031.0, "difference_1990_2020": 1064.0 }, "geometry": { "type": "Polygon", "coordinates": [ [ [ -102.281664380429817, 21.916476264270152 ], [ -102.277091906721537, 21.916476264270152 ], [ -102.277091906721537, 21.912287291764724 ], [ -102.281664380429817, 21.912287291764688 ], [ -102.281664380429817, 21.916476264270152 ] ] ] } },
{ "type": "Feature", "properties": { "difference_1990_2000": 2886.0, "difference_1990_2010": 2667.0, "difference_1990_2020": 2609.0 }, "geometry": { "type": "Polygon", "coordinates": [ [ [ -102.281664380429817, 21.937422954515348 ], [ -102.277091906721537, 21.937422954515348 ], [ -102.277091906721537, 21.933233372660965 ], [ -102.281664380429817, 21.933233372660926 ], [ -102.281664380429817, 21.937422954515348 ] ] ] } },
{ "type": "Feature", "properties": { "difference_1990_2000": 330.0, "difference_1990_2010": 168.0, "difference_1990_2020": 123.0 }, "geometry": { "type": "Polygon", "coordinates": [ [ [ -102.281664380429817, 21.857841718407858 ], [ -102.277091906721537, 21.857841718407858 ], [ -102.277091906721537, 21.853654447709399 ], [ -102.281664380429817, 21.853654447709435 ], [ -102.281664380429817, 21.857841718407858 ] ] ] } },
{ "type": "Feature", "properties": { "difference_1990_2000": 0.0, "difference_1990_2010": 0.0, "difference_1990_2020": 632.0 }, "geometry": { "type": "Polygon", "coordinates": [ [ [ -102.281664380429817, 21.962563008133465 ], [ -102.277091906721537, 21.962563008133451 ], [ -102.277091906721537, 21.95837269397385 ], [ -102.281664380429817, 21.95837269397385 ], [ -102.281664380429817, 21.962563008133465 ] ] ] } },
{ "type": "Feature", "properties": { "difference_1990_2000": 0.0, "difference_1990_2010": 0.0, "difference_1990_2020": 612.0 }, "geometry": { "type": "Polygon", "coordinates": [ [ [ -102.281664380429817, 21.949992432021467 ], [ -102.277091906721537, 21.949992432021467 ], [ -102.277091906721537, 21.945802484162684 ], [ -102.281664380429817, 21.945802484162716 ], [ -102.281664380429817, 21.949992432021467 ] ] ] } },
{ "type": "Feature", "properties": { "difference_1990_2000": 0.0, "difference_1990_2010": 0.0, "difference_1990_2020": 15.0 }, "geometry": { "type": "Polygon", "coordinates": [ [ [ -102.281664380429817, 21.807602469385365 ], [ -102.277091906721537, 21.80760246938539 ], [ -102.277091906721537, 21.803416652264755 ], [ -102.281664380429817, 21.803416652264719 ], [ -102.281664380429817, 21.807602469385365 ] ] ] } },
{ "type": "Feature", "properties": { "difference_1990_2000": 0.0, "difference_1990_2010": 0.0, "difference_1990_2020": 11.0 }, "geometry": { "type": "Polygon", "coordinates": [ [ [ -102.281664380429817, 21.820160646587123 ], [ -102.277091906721537, 21.820160646587141 ], [ -102.277091906721537, 21.815974466513847 ], [ -102.281664380429817, 21.815974466513847 ], [ -102.281664380429817, 21.820160646587123 ] ] ] } },
{ "type": "Feature", "properties": { "difference_1990_2000": -315.0, "difference_1990_2010": -374.0, "difference_1990_2020": -405.0 }, "geometry": { "type": "Polygon", "coordinates": [ [ [ -102.281664380429817, 21.8871560127753 ], [ -102.277091906721537, 21.887156012775268 ], [ -102.277091906721537, 21.882967891977646 ], [ -102.281664380429817, 21.882967891977646 ], [ -102.281664380429817, 21.8871560127753 ] ] ] } },
{ "type": "Feature", "properties": { "difference_1990_2000": 9.0, "difference_1990_2010": 0.0, "difference_1990_2020": 2.0 }, "geometry": { "type": "Polygon", "coordinates": [ [ [ -102.281664380429817, 22.067360651962957 ], [ -102.277091906721537, 22.067360651962957 ], [ -102.277091906721537, 22.063167273740852 ], [ -102.281664380429817, 22.063167273740852 ], [ -102.281664380429817, 22.067360651962957 ] ] ] } },
{ "type": "Feature", "properties": { "difference_1990_2000": 199.0, "difference_1990_2010": 808.0, "difference_1990_2020": 866.0 }, "geometry": { "type": "Polygon", "coordinates": [ [ [ -102.281664380429817, 21.920665358579637 ], [ -102.277091906721537, 21.920665358579601 ], [ -102.277091906721537, 21.916476264270152 ], [ -102.281664380429817, 21.916476264270152 ], [ -102.281664380429817, 21.920665358579637 ] ] ] } },
{ "type": "Feature", "properties": { "difference_1990_2000": -1064.0, "difference_1990_2010": -1797.0, "difference_1990_2020": -2093.0 }, "geometry": { "type": "Polygon", "coordinates": [ [ [ -102.281664380429817, 21.870404258700432 ], [ -102.277091906721537, 21.870404258700464 ], [ -102.277091906721537, 21.866216623870553 ], [ -102.281664380429817, 21.866216623870571 ], [ -102.281664380429817, 21.870404258700432 ] ] ] } },
{ "type": "Feature", "properties": { "difference_1990_2000": -606.0, "difference_1990_2010": -1470.0, "difference_1990_2020": -1643.0 }, "geometry": { "type": "Polygon", "coordinates": [ [ [ -102.281664380429817, 21.862029110450639 ], [ -102.277091906721537, 21.862029110450639 ], [ -102.277091906721537, 21.857841718407858 ], [ -102.281664380429817, 21.857841718407858 ], [ -102.281664380429817, 21.862029110450639 ] ] ] } },
{ "type": "Feature", "properties": { "difference_1990_2000": -4.0, "difference_1990_2010": 16.0, "difference_1990_2020": 94.0 }, "geometry": { "type": "Polygon", "coordinates": [ [ [ -102.281664380429817, 21.824346947710072 ], [ -102.277091906721537, 21.824346947710072 ], [ -102.277091906721537, 21.820160646587141 ], [ -102.281664380429817, 21.820160646587123 ], [ -102.281664380429817, 21.824346947710072 ] ] ] } },
{ "type": "Feature", "properties": { "difference_1990_2000": -987.0, "difference_1990_2010": -1665.0, "difference_1990_2020": -1940.0 }, "geometry": { "type": "Polygon", "coordinates": [ [ [ -102.281664380429817, 21.874592014973036 ], [ -102.277091906721537, 21.874592014973036 ], [ -102.277091906721537, 21.870404258700464 ], [ -102.281664380429817, 21.870404258700432 ], [ -102.281664380429817, 21.874592014973036 ] ] ] } },
{ "type": "Feature", "properties": { "difference_1990_2000": 0.0, "difference_1990_2010": 0.0, "difference_1990_2020": 5.0 }, "geometry": { "type": "Polygon", "coordinates": [ [ [ -102.281664380429817, 21.786674592643884 ], [ -102.277091906721537, 21.786674592643884 ], [ -102.277091906721537, 21.782489379790693 ], [ -102.281664380429817, 21.782489379790746 ], [ -102.281664380429817, 21.786674592643884 ] ] ] } },
{ "type": "Feature", "properties": { "difference_1990_2000": 0.0, "difference_1990_2010": 0.0, "difference_1990_2020": 15.0 }, "geometry": { "type": "Polygon", "coordinates": [ [ [ -102.281664380429817, 21.803416652264719 ], [ -102.277091906721537, 21.803416652264755 ], [ -102.277091906721537, 21.799230956062949 ], [ -102.281664380429817, 21.799230956062949 ], [ -102.281664380429817, 21.803416652264719 ] ] ] } },
{ "type": "Feature", "properties": { "difference_1990_2000": 0.0, "difference_1990_2010": 0.0, "difference_1990_2020": 637.0 }, "geometry": { "type": "Polygon", "coordinates": [ [ [ -102.281664380429817, 22.025432398944726 ], [ -102.277091906721537, 22.025432398944695 ], [ -102.277091906721537, 22.021240248827258 ], [ -102.281664380429817, 22.021240248827258 ], [ -102.281664380429817, 22.025432398944726 ] ] ] } },
{ "type": "Feature", "properties": { "difference_1990_2000": 506.0, "difference_1990_2010": 814.0, "difference_1990_2020": 702.0 }, "geometry": { "type": "Polygon", "coordinates": [ [ [ -102.272519433013287, 21.899721104743566 ], [ -102.267946959304993, 21.899721104743605 ], [ -102.267946959304993, 21.895532619125444 ], [ -102.272519433013287, 21.895532619125444 ], [ -102.272519433013287, 21.899721104743566 ] ] ] } },
{ "type": "Feature", "properties": { "difference_1990_2000": 147.0, "difference_1990_2010": 824.0, "difference_1990_2020": 846.0 }, "geometry": { "type": "Polygon", "coordinates": [ [ [ -102.272519433013287, 21.924854574725966 ], [ -102.267946959304993, 21.924854574725966 ], [ -102.267946959304993, 21.920665358579601 ], [ -102.272519433013287, 21.920665358579601 ], [ -102.272519433013287, 21.924854574725966 ] ] ] } },
{ "type": "Feature", "properties": { "difference_1990_2000": 883.0, "difference_1990_2010": 1022.0, "difference_1990_2020": 1339.0 }, "geometry": { "type": "Polygon", "coordinates": [ [ [ -102.272519433013287, 21.84946729832253 ], [ -102.267946959304993, 21.84946729832253 ], [ -102.267946959304993, 21.845280270214527 ], [ -102.272519433013287, 21.845280270214527 ], [ -102.272519433013287, 21.84946729832253 ] ] ] } },
{ "type": "Feature", "properties": { "difference_1990_2000": 812.0, "difference_1990_2010": 1284.0, "difference_1990_2020": 1338.0 }, "geometry": { "type": "Polygon", "coordinates": [ [ [ -102.272519433013287, 21.895532619125444 ], [ -102.267946959304993, 21.895532619125444 ], [ -102.267946959304993, 21.891344255146929 ], [ -102.272519433013287, 21.891344255146915 ], [ -102.272519433013287, 21.895532619125444 ] ] ] } },
{ "type": "Feature", "properties": { "difference_1990_2000": 395.0, "difference_1990_2010": 78.0, "difference_1990_2020": -5.0 }, "geometry": { "type": "Polygon", "coordinates": [ [ [ -102.272519433013287, 21.908098441030358 ], [ -102.267946959304993, 21.908098441030358 ], [ -102.267946959304993, 21.903909712034256 ], [ -102.272519433013287, 21.903909712034256 ], [ -102.272519433013287, 21.908098441030358 ] ] ] } },
{ "type": "Feature", "properties": { "difference_1990_2000": 1347.0, "difference_1990_2010": 1549.0, "difference_1990_2020": 1832.0 }, "geometry": { "type": "Polygon", "coordinates": [ [ [ -102.272519433013287, 21.853654447709385 ], [ -102.267946959304993, 21.853654447709399 ], [ -102.267946959304993, 21.84946729832253 ], [ -102.272519433013287, 21.84946729832253 ], [ -102.272519433013287, 21.853654447709385 ] ] ] } },
{ "type": "Feature", "properties": { "difference_1990_2000": 0.0, "difference_1990_2010": 0.0, "difference_1990_2020": 383.0 }, "geometry": { "type": "Polygon", "coordinates": [ [ [ -102.272519433013287, 22.029624671723649 ], [ -102.267946959304993, 22.029624671723649 ], [ -102.267946959304993, 22.025432398944695 ], [ -102.272519433013287, 22.025432398944695 ], [ -102.272519433013287, 22.029624671723649 ] ] ] } },
{ "type": "Feature", "properties": { "difference_1990_2000": 0.0, "difference_1990_2010": 0.0, "difference_1990_2020": 116.0 }, "geometry": { "type": "Polygon", "coordinates": [ [ [ -102.272519433013287, 21.958372693973832 ], [ -102.267946959304993, 21.958372693973882 ], [ -102.267946959304993, 21.954182501947557 ], [ -102.272519433013287, 21.954182501947557 ], [ -102.272519433013287, 21.958372693973832 ] ] ] } },
{ "type": "Feature", "properties": { "difference_1990_2000": 0.0, "difference_1990_2010": 0.0, "difference_1990_2020": 1848.0 }, "geometry": { "type": "Polygon", "coordinates": [ [ [ -102.272519433013287, 21.811788407457481 ], [ -102.267946959304993, 21.811788407457481 ], [ -102.267946959304993, 21.807602469385365 ], [ -102.272519433013287, 21.807602469385365 ], [ -102.272519433013287, 21.811788407457481 ] ] ] } },
{ "type": "Feature", "properties": { "difference_1990_2000": -127.0, "difference_1990_2010": -161.0, "difference_1990_2020": -186.0 }, "geometry": { "type": "Polygon", "coordinates": [ [ [ -102.272519433013287, 21.882967891977646 ], [ -102.267946959304993, 21.882967891977646 ], [ -102.267946959304993, 21.878779892721155 ], [ -102.272519433013287, 21.878779892721155 ], [ -102.272519433013287, 21.882967891977646 ] ] ] } },
{ "type": "Feature", "properties": { "difference_1990_2000": 0.0, "difference_1990_2010": 0.0, "difference_1990_2020": 458.0 }, "geometry": { "type": "Polygon", "coordinates": [ [ [ -102.272519433013287, 21.815974466513847 ], [ -102.267946959304993, 21.815974466513847 ], [ -102.267946959304993, 21.811788407457481 ], [ -102.272519433013287, 21.811788407457481 ], [ -102.272519433013287, 21.815974466513847 ] ] ] } },
{ "type": "Feature", "properties": { "difference_1990_2000": 0.0, "difference_1990_2010": 390.0, "difference_1990_2020": 461.0 }, "geometry": { "type": "Polygon", "coordinates": [ [ [ -102.272519433013287, 21.933233372660926 ], [ -102.267946959304993, 21.933233372660926 ], [ -102.267946959304993, 21.929043912742092 ], [ -102.272519433013287, 21.929043912742092 ], [ -102.272519433013287, 21.933233372660926 ] ] ] } },
{ "type": "Feature", "properties": { "difference_1990_2000": 0.0, "difference_1990_2010": 110.0, "difference_1990_2020": 739.0 }, "geometry": { "type": "Polygon", "coordinates": [ [ [ -102.272519433013287, 21.828533369915302 ], [ -102.267946959304993, 21.828533369915302 ], [ -102.267946959304993, 21.824346947710072 ], [ -102.272519433013287, 21.824346947710072 ], [ -102.272519433013287, 21.828533369915302 ] ] ] } },
{ "type": "Feature", "properties": { "difference_1990_2000": -117.0, "difference_1990_2010": 40.0, "difference_1990_2020": 37.0 }, "geometry": { "type": "Polygon", "coordinates": [ [ [ -102.272519433013287, 21.903909712034256 ], [ -102.267946959304993, 21.903909712034256 ], [ -102.267946959304993, 21.899721104743605 ], [ -102.272519433013287, 21.899721104743566 ], [ -102.272519433013287, 21.903909712034256 ] ] ] } },
{ "type": "Feature", "properties": { "difference_1990_2000": -7.0, "difference_1990_2010": 0.0, "difference_1990_2020": -25.0 }, "geometry": { "type": "Polygon", "coordinates": [ [ [ -102.272519433013287, 22.088329388626669 ], [ -102.267946959304993, 22.088329388626669 ], [ -102.267946959304993, 22.084135395109584 ], [ -102.272519433013287, 22.084135395109584 ], [ -102.272519433013287, 22.088329388626669 ] ] ] } },
{ "type": "Feature", "properties": { "difference_1990_2000": -164.0, "difference_1990_2010": -52.0, "difference_1990_2020": -30.0 }, "geometry": { "type": "Polygon", "coordinates": [ [ [ -102.272519433013287, 21.891344255146915 ], [ -102.267946959304993, 21.891344255146929 ], [ -102.267946959304993, 21.8871560127753 ], [ -102.272519433013287, 21.887156012775268 ], [ -102.272519433013287, 21.891344255146915 ] ] ] } },
{ "type": "Feature", "properties": { "difference_1990_2000": -7.0, "difference_1990_2010": 0.0, "difference_1990_2020": 98.0 }, "geometry": { "type": "Polygon", "coordinates": [ [ [ -102.272519433013287, 22.079941524717871 ], [ -102.267946959304993, 22.079941524717871 ], [ -102.267946959304993, 22.075747777418297 ], [ -102.272519433013287, 22.075747777418297 ], [ -102.272519433013287, 22.079941524717871 ] ] ] } },
{ "type": "Feature", "properties": { "difference_1990_2000": 30.0, "difference_1990_2010": 238.0, "difference_1990_2020": 504.0 }, "geometry": { "type": "Polygon", "coordinates": [ [ [ -102.272519433013287, 21.929043912742092 ], [ -102.267946959304993, 21.929043912742092 ], [ -102.267946959304993, 21.924854574725966 ], [ -102.272519433013287, 21.924854574725966 ], [ -102.272519433013287, 21.929043912742092 ] ] ] } },
{ "type": "Feature", "properties": { "difference_1990_2000": 670.0, "difference_1990_2010": 629.0, "difference_1990_2020": 1015.0 }, "geometry": { "type": "Polygon", "coordinates": [ [ [ -102.272519433013287, 21.845280270214527 ], [ -102.267946959304993, 21.845280270214527 ], [ -102.267946959304993, 21.841093363352506 ], [ -102.272519433013287, 21.841093363352506 ], [ -102.272519433013287, 21.845280270214527 ] ] ] } },
{ "type": "Feature", "properties": { "difference_1990_2000": -50.0, "difference_1990_2010": 0.0, "difference_1990_2020": -229.0 }, "geometry": { "type": "Polygon", "coordinates": [ [ [ -102.272519433013287, 22.084135395109584 ], [ -102.267946959304993, 22.084135395109584 ], [ -102.267946959304993, 22.079941524717871 ], [ -102.272519433013287, 22.079941524717871 ], [ -102.272519433013287, 22.084135395109584 ] ] ] } },
{ "type": "Feature", "properties": { "difference_1990_2000": 412.0, "difference_1990_2010": 873.0, "difference_1990_2020": 997.0 }, "geometry": { "type": "Polygon", "coordinates": [ [ [ -102.272519433013287, 21.866216623870553 ], [ -102.267946959304993, 21.866216623870553 ], [ -102.267946959304993, 21.862029110450639 ], [ -102.272519433013287, 21.862029110450656 ], [ -102.272519433013287, 21.866216623870553 ] ] ] } },
{ "type": "Feature", "properties": { "difference_1990_2000": 139.0, "difference_1990_2010": 106.0, "difference_1990_2020": 81.0 }, "geometry": { "type": "Polygon", "coordinates": [ [ [ -102.272519433013287, 21.912287291764688 ], [ -102.267946959304993, 21.912287291764688 ], [ -102.267946959304993, 21.908098441030358 ], [ -102.272519433013287, 21.908098441030358 ], [ -102.272519433013287, 21.912287291764688 ] ] ] } },
{ "type": "Feature", "properties": { "difference_1990_2000": 537.0, "difference_1990_2010": 0.0, "difference_1990_2020": 1255.0 }, "geometry": { "type": "Polygon", "coordinates": [ [ [ -102.272519433013287, 22.071554153177722 ], [ -102.267946959304993, 22.071554153177722 ], [ -102.267946959304993, 22.067360651962957 ], [ -102.272519433013287, 22.067360651962957 ], [ -102.272519433013287, 22.071554153177722 ] ] ] } },
{ "type": "Feature", "properties": { "difference_1990_2000": 240.0, "difference_1990_2010": 0.0, "difference_1990_2020": 1413.0 }, "geometry": { "type": "Polygon", "coordinates": [ [ [ -102.272519433013287, 22.075747777418297 ], [ -102.267946959304993, 22.075747777418297 ], [ -102.267946959304993, 22.071554153177722 ], [ -102.272519433013287, 22.071554153177722 ], [ -102.272519433013287, 22.075747777418297 ] ] ] } },
{ "type": "Feature", "properties": { "difference_1990_2000": 802.0, "difference_1990_2010": 325.0, "difference_1990_2020": 183.0 }, "geometry": { "type": "Polygon", "coordinates": [ [ [ -102.272519433013287, 21.878779892721155 ], [ -102.267946959304993, 21.878779892721155 ], [ -102.267946959304993, 21.874592014973036 ], [ -102.272519433013287, 21.874592014973036 ], [ -102.272519433013287, 21.878779892721155 ] ] ] } },
{ "type": "Feature", "properties": { "difference_1990_2000": 0.0, "difference_1990_2010": 0.0, "difference_1990_2020": 379.0 }, "geometry": { "type": "Polygon", "coordinates": [ [ [ -102.272519433013287, 21.962563008133412 ], [ -102.267946959304993, 21.962563008133451 ], [ -102.267946959304993, 21.958372693973882 ], [ -102.272519433013287, 21.958372693973832 ], [ -102.272519433013287, 21.962563008133412 ] ] ] } },
{ "type": "Feature", "properties": { "difference_1990_2000": -5.0, "difference_1990_2010": -5.0, "difference_1990_2020": -5.0 }, "geometry": { "type": "Polygon", "coordinates": [ [ [ -102.272519433013287, 21.916476264270152 ], [ -102.267946959304993, 21.916476264270191 ], [ -102.267946959304993, 21.912287291764688 ], [ -102.272519433013287, 21.912287291764688 ], [ -102.272519433013287, 21.916476264270152 ] ] ] } },
{ "type": "Feature", "properties": { "difference_1990_2000": 2049.0, "difference_1990_2010": 2165.0, "difference_1990_2020": 2199.0 }, "geometry": { "type": "Polygon", "coordinates": [ [ [ -102.272519433013287, 21.857841718407826 ], [ -102.267946959304993, 21.857841718407858 ], [ -102.267946959304993, 21.853654447709399 ], [ -102.272519433013287, 21.853654447709385 ], [ -102.272519433013287, 21.857841718407826 ] ] ] } },
{ "type": "Feature", "properties": { "difference_1990_2000": 0.0, "difference_1990_2010": 0.0, "difference_1990_2020": 1333.0 }, "geometry": { "type": "Polygon", "coordinates": [ [ [ -102.272519433013287, 21.937422954515348 ], [ -102.267946959304993, 21.937422954515348 ], [ -102.267946959304993, 21.933233372660926 ], [ -102.272519433013287, 21.933233372660926 ], [ -102.272519433013287, 21.937422954515348 ] ] ] } },
{ "type": "Feature", "properties": { "difference_1990_2000": 0.0, "difference_1990_2010": 0.0, "difference_1990_2020": 1105.0 }, "geometry": { "type": "Polygon", "coordinates": [ [ [ -102.272519433013287, 21.820160646587087 ], [ -102.267946959304993, 21.820160646587123 ], [ -102.267946959304993, 21.815974466513847 ], [ -102.272519433013287, 21.815974466513847 ], [ -102.272519433013287, 21.820160646587087 ] ] ] } },
{ "type": "Feature", "properties": { "difference_1990_2000": -389.0, "difference_1990_2010": -572.0, "difference_1990_2020": -649.0 }, "geometry": { "type": "Polygon", "coordinates": [ [ [ -102.272519433013287, 21.887156012775268 ], [ -102.267946959304993, 21.8871560127753 ], [ -102.267946959304993, 21.882967891977646 ], [ -102.272519433013287, 21.882967891977646 ], [ -102.272519433013287, 21.887156012775268 ] ] ] } },
{ "type": "Feature", "properties": { "difference_1990_2000": 0.0, "difference_1990_2010": 0.0, "difference_1990_2020": 2168.0 }, "geometry": { "type": "Polygon", "coordinates": [ [ [ -102.272519433013287, 21.807602469385365 ], [ -102.267946959304993, 21.807602469385365 ], [ -102.267946959304993, 21.803416652264719 ], [ -102.272519433013287, 21.803416652264719 ], [ -102.272519433013287, 21.807602469385365 ] ] ] } },
{ "type": "Feature", "properties": { "difference_1990_2000": 1.0, "difference_1990_2010": 27.0, "difference_1990_2020": 28.0 }, "geometry": { "type": "Polygon", "coordinates": [ [ [ -102.272519433013287, 21.920665358579601 ], [ -102.267946959304993, 21.920665358579601 ], [ -102.267946959304993, 21.916476264270191 ], [ -102.272519433013287, 21.916476264270152 ], [ -102.272519433013287, 21.920665358579601 ] ] ] } },
{ "type": "Feature", "properties": { "difference_1990_2000": 0.0, "difference_1990_2010": 0.0, "difference_1990_2020": 296.0 }, "geometry": { "type": "Polygon", "coordinates": [ [ [ -102.272519433013287, 22.067360651962957 ], [ -102.267946959304993, 22.067360651962957 ], [ -102.267946959304993, 22.063167273740852 ], [ -102.272519433013287, 22.063167273740831 ], [ -102.272519433013287, 22.067360651962957 ] ] ] } },
{ "type": "Feature", "properties": { "difference_1990_2000": 537.0, "difference_1990_2010": 271.0, "difference_1990_2020": 223.0 }, "geometry": { "type": "Polygon", "coordinates": [ [ [ -102.272519433013287, 21.870404258700432 ], [ -102.267946959304993, 21.870404258700464 ], [ -102.267946959304993, 21.866216623870553 ], [ -102.272519433013287, 21.866216623870553 ], [ -102.272519433013287, 21.870404258700432 ] ] ] } },
{ "type": "Feature", "properties": { "difference_1990_2000": 0.0, "difference_1990_2010": 0.0, "difference_1990_2020": 1381.0 }, "geometry": { "type": "Polygon", "coordinates": [ [ [ -102.272519433013287, 21.824346947710072 ], [ -102.267946959304993, 21.824346947710072 ], [ -102.267946959304993, 21.820160646587123 ], [ -102.272519433013287, 21.820160646587087 ], [ -102.272519433013287, 21.824346947710072 ] ] ] } },
{ "type": "Feature", "properties": { "difference_1990_2000": 2.0, "difference_1990_2010": -589.0, "difference_1990_2020": -812.0 }, "geometry": { "type": "Polygon", "coordinates": [ [ [ -102.272519433013287, 21.874592014973036 ], [ -102.267946959304993, 21.874592014973036 ], [ -102.267946959304993, 21.870404258700464 ], [ -102.272519433013287, 21.870404258700432 ], [ -102.272519433013287, 21.874592014973036 ] ] ] } },
{ "type": "Feature", "properties": { "difference_1990_2000": 1584.0, "difference_1990_2010": 1831.0, "difference_1990_2020": 1797.0 }, "geometry": { "type": "Polygon", "coordinates": [ [ [ -102.272519433013287, 21.862029110450656 ], [ -102.267946959304993, 21.862029110450639 ], [ -102.267946959304993, 21.857841718407858 ], [ -102.272519433013287, 21.857841718407826 ], [ -102.272519433013287, 21.862029110450656 ] ] ] } },
{ "type": "Feature", "properties": { "difference_1990_2000": 0.0, "difference_1990_2010": 0.0, "difference_1990_2020": 76.0 }, "geometry": { "type": "Polygon", "coordinates": [ [ [ -102.272519433013287, 21.803416652264719 ], [ -102.267946959304993, 21.803416652264719 ], [ -102.267946959304993, 21.799230956062949 ], [ -102.272519433013287, 21.799230956062932 ], [ -102.272519433013287, 21.803416652264719 ] ] ] } },
{ "type": "Feature", "properties": { "difference_1990_2000": 0.0, "difference_1990_2010": 0.0, "difference_1990_2020": 800.0 }, "geometry": { "type": "Polygon", "coordinates": [ [ [ -102.272519433013287, 22.025432398944695 ], [ -102.267946959304993, 22.025432398944695 ], [ -102.267946959304993, 22.021240248827258 ], [ -102.272519433013287, 22.021240248827223 ], [ -102.272519433013287, 22.025432398944695 ] ] ] } },
{ "type": "Feature", "properties": { "difference_1990_2000": 0.0, "difference_1990_2010": 0.0, "difference_1990_2020": 186.0 }, "geometry": { "type": "Polygon", "coordinates": [ [ [ -102.272519433013287, 22.063167273740831 ], [ -102.267946959304993, 22.063167273740852 ], [ -102.267946959304993, 22.058974018478299 ], [ -102.272519433013287, 22.058974018478299 ], [ -102.272519433013287, 22.063167273740831 ] ] ] } },
{ "type": "Feature", "properties": { "difference_1990_2000": 0.0, "difference_1990_2010": 0.0, "difference_1990_2020": 746.0 }, "geometry": { "type": "Polygon", "coordinates": [ [ [ -102.272519433013287, 21.941612658338251 ], [ -102.267946959304993, 21.941612658338283 ], [ -102.267946959304993, 21.937422954515348 ], [ -102.272519433013287, 21.937422954515348 ], [ -102.272519433013287, 21.941612658338251 ] ] ] } },
{ "type": "Feature", "properties": { "difference_1990_2000": 0.0, "difference_1990_2010": 1654.0, "difference_1990_2020": 4171.0 }, "geometry": { "type": "Polygon", "coordinates": [ [ [ -102.263374485596714, 21.941612658338283 ], [ -102.258802011888434, 21.941612658338283 ], [ -102.258802011888434, 21.937422954515348 ], [ -102.263374485596714, 21.937422954515348 ], [ -102.263374485596714, 21.941612658338283 ] ] ] } },
{ "type": "Feature", "properties": { "difference_1990_2000": 8.0, "difference_1990_2010": 0.0, "difference_1990_2020": 814.0 }, "geometry": { "type": "Polygon", "coordinates": [ [ [ -102.263374485596714, 22.063167273740888 ], [ -102.258802011888434, 22.063167273740852 ], [ -102.258802011888434, 22.058974018478299 ], [ -102.263374485596714, 22.058974018478299 ], [ -102.263374485596714, 22.063167273740888 ] ] ] } },
{ "type": "Feature", "properties": { "difference_1990_2000": 158.0, "difference_1990_2010": 1559.0, "difference_1990_2020": 1668.0 }, "geometry": { "type": "Polygon", "coordinates": [ [ [ -102.263374485596714, 21.924854574725966 ], [ -102.258802011888434, 21.924854574725966 ], [ -102.258802011888434, 21.920665358579601 ], [ -102.263374485596714, 21.920665358579601 ], [ -102.263374485596714, 21.924854574725966 ] ] ] } },
{ "type": "Feature", "properties": { "difference_1990_2000": 1999.0, "difference_1990_2010": 2322.0, "difference_1990_2020": 2214.0 }, "geometry": { "type": "Polygon", "coordinates": [ [ [ -102.263374485596714, 21.899721104743623 ], [ -102.258802011888434, 21.899721104743605 ], [ -102.258802011888434, 21.895532619125422 ], [ -102.263374485596714, 21.895532619125422 ], [ -102.263374485596714, 21.899721104743623 ] ] ] } },
{ "type": "Feature", "properties": { "difference_1990_2000": 3000.0, "difference_1990_2010": 2733.0, "difference_1990_2020": 2387.0 }, "geometry": { "type": "Polygon", "coordinates": [ [ [ -102.263374485596714, 21.895532619125422 ], [ -102.258802011888434, 21.895532619125422 ], [ -102.258802011888434, 21.891344255146929 ], [ -102.263374485596714, 21.891344255146972 ], [ -102.263374485596714, 21.895532619125422 ] ] ] } },
{ "type": "Feature", "properties": { "difference_1990_2000": 334.0, "difference_1990_2010": 2582.0, "difference_1990_2020": 3537.0 }, "geometry": { "type": "Polygon", "coordinates": [ [ [ -102.263374485596714, 21.849467298322562 ], [ -102.258802011888434, 21.84946729832253 ], [ -102.258802011888434, 21.845280270214527 ], [ -102.263374485596714, 21.845280270214527 ], [ -102.263374485596714, 21.849467298322562 ] ] ] } },
{ "type": "Feature", "properties": { "difference_1990_2000": -121.0, "difference_1990_2010": -43.0, "difference_1990_2020": -245.0 }, "geometry": { "type": "Polygon", "coordinates": [ [ [ -102.263374485596714, 21.908098441030358 ], [ -102.258802011888434, 21.908098441030358 ], [ -102.258802011888434, 21.903909712034299 ], [ -102.263374485596714, 21.903909712034299 ], [ -102.263374485596714, 21.908098441030358 ] ] ] } },
{ "type": "Feature", "properties": { "difference_1990_2000": 2798.0, "difference_1990_2010": 2813.0, "difference_1990_2020": 3220.0 }, "geometry": { "type": "Polygon", "coordinates": [ [ [ -102.263374485596714, 21.853654447709399 ], [ -102.258802011888434, 21.853654447709399 ], [ -102.258802011888434, 21.84946729832253 ], [ -102.263374485596714, 21.849467298322562 ], [ -102.263374485596714, 21.853654447709399 ] ] ] } },
{ "type": "Feature", "properties": { "difference_1990_2000": 0.0, "difference_1990_2010": 0.0, "difference_1990_2020": 220.0 }, "geometry": { "type": "Polygon", "coordinates": [ [ [ -102.263374485596714, 21.83271991323565 ], [ -102.258802011888434, 21.83271991323565 ], [ -102.258802011888434, 21.828533369915302 ], [ -102.263374485596714, 21.828533369915302 ], [ -102.263374485596714, 21.83271991323565 ] ] ] } },
{ "type": "Feature", "properties": { "difference_1990_2000": 0.0, "difference_1990_2010": 0.0, "difference_1990_2020": 193.0 }, "geometry": { "type": "Polygon", "coordinates": [ [ [ -102.263374485596714, 21.811788407457481 ], [ -102.258802011888434, 21.811788407457481 ], [ -102.258802011888434, 21.807602469385365 ], [ -102.263374485596714, 21.807602469385365 ], [ -102.263374485596714, 21.811788407457481 ] ] ] } },
{ "type": "Feature", "properties": { "difference_1990_2000": -8.0, "difference_1990_2010": 287.0, "difference_1990_2020": 372.0 }, "geometry": { "type": "Polygon", "coordinates": [ [ [ -102.263374485596714, 21.882967891977628 ], [ -102.258802011888434, 21.882967891977682 ], [ -102.258802011888434, 21.878779892721155 ], [ -102.263374485596714, 21.878779892721155 ], [ -102.263374485596714, 21.882967891977628 ] ] ] } },
{ "type": "Feature", "properties": { "difference_1990_2000": 7.0, "difference_1990_2010": 2745.0, "difference_1990_2020": 3155.0 }, "geometry": { "type": "Polygon", "coordinates": [ [ [ -102.263374485596714, 21.933233372660926 ], [ -102.258802011888434, 21.933233372660926 ], [ -102.258802011888434, 21.929043912742092 ], [ -102.263374485596714, 21.929043912742092 ], [ -102.263374485596714, 21.933233372660926 ] ] ] } },
{ "type": "Feature", "properties": { "difference_1990_2000": 0.0, "difference_1990_2010": 5.0, "difference_1990_2020": 6.0 }, "geometry": { "type": "Polygon", "coordinates": [ [ [ -102.263374485596714, 21.841093363352506 ], [ -102.258802011888434, 21.841093363352506 ], [ -102.258802011888434, 21.836906577703839 ], [ -102.263374485596714, 21.836906577703864 ], [ -102.263374485596714, 21.841093363352506 ] ] ] } },
{ "type": "Feature", "properties": { "difference_1990_2000": 0.0, "difference_1990_2010": 0.0, "difference_1990_2020": 95.0 }, "geometry": { "type": "Polygon", "coordinates": [ [ [ -102.263374485596714, 21.828533369915302 ], [ -102.258802011888434, 21.828533369915302 ], [ -102.258802011888434, 21.824346947710072 ], [ -102.263374485596714, 21.824346947710072 ], [ -102.263374485596714, 21.828533369915302 ] ] ] } },
{ "type": "Feature", "properties": { "difference_1990_2000": 0.0, "difference_1990_2010": 0.0, "difference_1990_2020": 870.0 }, "geometry": { "type": "Polygon", "coordinates": [ [ [ -102.263374485596714, 21.945802484162716 ], [ -102.258802011888434, 21.945802484162716 ], [ -102.258802011888434, 21.941612658338283 ], [ -102.263374485596714, 21.941612658338283 ], [ -102.263374485596714, 21.945802484162716 ] ] ] } },
{ "type": "Feature", "properties": { "difference_1990_2000": 1233.0, "difference_1990_2010": 1711.0, "difference_1990_2020": 1629.0 }, "geometry": { "type": "Polygon", "coordinates": [ [ [ -102.263374485596714, 21.903909712034299 ], [ -102.258802011888434, 21.903909712034299 ], [ -102.258802011888434, 21.899721104743605 ], [ -102.263374485596714, 21.899721104743623 ], [ -102.263374485596714, 21.903909712034299 ] ] ] } },
{ "type": "Feature", "properties": { "difference_1990_2000": 1608.0, "difference_1990_2010": 1373.0, "difference_1990_2020": 1127.0 }, "geometry": { "type": "Polygon", "coordinates": [ [ [ -102.263374485596714, 21.891344255146972 ], [ -102.258802011888434, 21.891344255146929 ], [ -102.258802011888434, 21.8871560127753 ], [ -102.263374485596714, 21.887156012775268 ], [ -102.263374485596714, 21.891344255146972 ] ] ] } },
{ "type": "Feature", "properties": { "difference_1990_2000": 140.0, "difference_1990_2010": 1207.0, "difference_1990_2020": 1505.0 }, "geometry": { "type": "Polygon", "coordinates": [ [ [ -102.263374485596714, 21.929043912742092 ], [ -102.258802011888434, 21.929043912742092 ], [ -102.258802011888434, 21.924854574725966 ], [ -102.263374485596714, 21.924854574725966 ], [ -102.263374485596714, 21.929043912742092 ] ] ] } },
{ "type": "Feature", "properties": { "difference_1990_2000": 0.0, "difference_1990_2010": 0.0, "difference_1990_2020": 4.0 }, "geometry": { "type": "Polygon", "coordinates": [ [ [ -102.263374485596714, 21.97932548676317 ], [ -102.258802011888434, 21.97932548676317 ], [ -102.258802011888434, 21.975134683741057 ], [ -102.263374485596714, 21.975134683741057 ], [ -102.263374485596714, 21.97932548676317 ] ] ] } },
{ "type": "Feature", "properties": { "difference_1990_2000": 0.0, "difference_1990_2010": 2753.0, "difference_1990_2020": 3367.0 }, "geometry": { "type": "Polygon", "coordinates": [ [ [ -102.263374485596714, 21.845280270214527 ], [ -102.258802011888434, 21.845280270214527 ], [ -102.258802011888434, 21.841093363352506 ], [ -102.263374485596714, 21.841093363352506 ], [ -102.263374485596714, 21.845280270214527 ] ] ] } },
{ "type": "Feature", "properties": { "difference_1990_2000": 895.0, "difference_1990_2010": 986.0, "difference_1990_2020": 968.0 }, "geometry": { "type": "Polygon", "coordinates": [ [ [ -102.263374485596714, 21.866216623870553 ], [ -102.258802011888434, 21.866216623870553 ], [ -102.258802011888434, 21.862029110450639 ], [ -102.263374485596714, 21.862029110450639 ], [ -102.263374485596714, 21.866216623870553 ] ] ] } },
{ "type": "Feature", "properties": { "difference_1990_2000": 1849.0, "difference_1990_2010": 2136.0, "difference_1990_2020": 2162.0 }, "geometry": { "type": "Polygon", "coordinates": [ [ [ -102.263374485596714, 21.912287291764688 ], [ -102.258802011888434, 21.912287291764688 ], [ -102.258802011888434, 21.908098441030358 ], [ -102.263374485596714, 21.908098441030358 ], [ -102.263374485596714, 21.912287291764688 ] ] ] } },
{ "type": "Feature", "properties": { "difference_1990_2000": 298.0, "difference_1990_2010": 0.0, "difference_1990_2020": 1311.0 }, "geometry": { "type": "Polygon", "coordinates": [ [ [ -102.263374485596714, 22.071554153177722 ], [ -102.258802011888434, 22.071554153177722 ], [ -102.258802011888434, 22.067360651962957 ], [ -102.263374485596714, 22.067360651962943 ], [ -102.263374485596714, 22.071554153177722 ] ] ] } },
{ "type": "Feature", "properties": { "difference_1990_2000": -722.0, "difference_1990_2010": -936.0, "difference_1990_2020": -1029.0 }, "geometry": { "type": "Polygon", "coordinates": [ [ [ -102.263374485596714, 21.878779892721155 ], [ -102.258802011888434, 21.878779892721155 ], [ -102.258802011888434, 21.874592014973036 ], [ -102.263374485596714, 21.874592014973036 ], [ -102.263374485596714, 21.878779892721155 ] ] ] } },
{ "type": "Feature", "properties": { "difference_1990_2000": 1959.0, "difference_1990_2010": 2615.0, "difference_1990_2020": 2918.0 }, "geometry": { "type": "Polygon", "coordinates": [ [ [ -102.263374485596714, 21.916476264270152 ], [ -102.258802011888434, 21.916476264270152 ], [ -102.258802011888434, 21.912287291764688 ], [ -102.263374485596714, 21.912287291764688 ], [ -102.263374485596714, 21.916476264270152 ] ] ] } },
{ "type": "Feature", "properties": { "difference_1990_2000": 2435.0, "difference_1990_2010": 2374.0, "difference_1990_2020": 2233.0 }, "geometry": { "type": "Polygon", "coordinates": [ [ [ -102.263374485596714, 21.857841718407826 ], [ -102.258802011888434, 21.857841718407858 ], [ -102.258802011888434, 21.853654447709399 ], [ -102.263374485596714, 21.853654447709399 ], [ -102.263374485596714, 21.857841718407826 ] ] ] } },
{ "type": "Feature", "properties": { "difference_1990_2000": 0.0, "difference_1990_2010": 3236.0, "difference_1990_2020": 3643.0 }, "geometry": { "type": "Polygon", "coordinates": [ [ [ -102.263374485596714, 21.937422954515348 ], [ -102.258802011888434, 21.937422954515348 ], [ -102.258802011888434, 21.933233372660926 ], [ -102.263374485596714, 21.933233372660926 ], [ -102.263374485596714, 21.937422954515348 ] ] ] } },
{ "type": "Feature", "properties": { "difference_1990_2000": 0.0, "difference_1990_2010": 0.0, "difference_1990_2020": 318.0 }, "geometry": { "type": "Polygon", "coordinates": [ [ [ -102.263374485596714, 21.949992432021446 ], [ -102.258802011888434, 21.949992432021467 ], [ -102.258802011888434, 21.945802484162716 ], [ -102.263374485596714, 21.945802484162716 ], [ -102.263374485596714, 21.949992432021446 ] ] ] } },
{ "type": "Feature", "properties": { "difference_1990_2000": -55.0, "difference_1990_2010": 39.0, "difference_1990_2020": 46.0 }, "geometry": { "type": "Polygon", "coordinates": [ [ [ -102.263374485596714, 21.887156012775268 ], [ -102.258802011888434, 21.8871560127753 ], [ -102.258802011888434, 21.882967891977682 ], [ -102.263374485596714, 21.882967891977628 ], [ -102.263374485596714, 21.887156012775268 ] ] ] } },
{ "type": "Feature", "properties": { "difference_1990_2000": 0.0, "difference_1990_2010": 0.0, "difference_1990_2020": 193.0 }, "geometry": { "type": "Polygon", "coordinates": [ [ [ -102.263374485596714, 21.807602469385365 ], [ -102.258802011888434, 21.807602469385365 ], [ -102.258802011888434, 21.803416652264719 ], [ -102.263374485596714, 21.803416652264719 ], [ -102.263374485596714, 21.807602469385365 ] ] ] } },
{ "type": "Feature", "properties": { "difference_1990_2000": 394.0, "difference_1990_2010": 0.0, "difference_1990_2020": 1918.0 }, "geometry": { "type": "Polygon", "coordinates": [ [ [ -102.263374485596714, 22.067360651962943 ], [ -102.258802011888434, 22.067360651962957 ], [ -102.258802011888434, 22.063167273740852 ], [ -102.263374485596714, 22.063167273740888 ], [ -102.263374485596714, 22.067360651962943 ] ] ] } },
{ "type": "Feature", "properties": { "difference_1990_2000": 387.0, "difference_1990_2010": 1604.0, "difference_1990_2020": 2306.0 }, "geometry": { "type": "Polygon", "coordinates": [ [ [ -102.263374485596714, 21.920665358579601 ], [ -102.258802011888434, 21.920665358579601 ], [ -102.258802011888434, 21.916476264270152 ], [ -102.263374485596714, 21.916476264270152 ], [ -102.263374485596714, 21.920665358579601 ] ] ] } },
{ "type": "Feature", "properties": { "difference_1990_2000": 944.0, "difference_1990_2010": 831.0, "difference_1990_2020": 783.0 }, "geometry": { "type": "Polygon", "coordinates": [ [ [ -102.263374485596714, 21.870404258700432 ], [ -102.258802011888434, 21.870404258700432 ], [ -102.258802011888434, 21.866216623870553 ], [ -102.263374485596714, 21.866216623870553 ], [ -102.263374485596714, 21.870404258700432 ] ] ] } },
{ "type": "Feature", "properties": { "difference_1990_2000": 1436.0, "difference_1990_2010": 1511.0, "difference_1990_2020": 1425.0 }, "geometry": { "type": "Polygon", "coordinates": [ [ [ -102.263374485596714, 21.862029110450639 ], [ -102.258802011888434, 21.862029110450639 ], [ -102.258802011888434, 21.857841718407858 ], [ -102.263374485596714, 21.857841718407826 ], [ -102.263374485596714, 21.862029110450639 ] ] ] } },
{ "type": "Feature", "properties": { "difference_1990_2000": 563.0, "difference_1990_2010": 437.0, "difference_1990_2020": 380.0 }, "geometry": { "type": "Polygon", "coordinates": [ [ [ -102.263374485596714, 21.874592014973036 ], [ -102.258802011888434, 21.874592014973036 ], [ -102.258802011888434, 21.870404258700432 ], [ -102.263374485596714, 21.870404258700432 ], [ -102.263374485596714, 21.874592014973036 ] ] ] } },
{ "type": "Feature", "properties": { "difference_1990_2000": 0.0, "difference_1990_2010": 359.0, "difference_1990_2020": 674.0 }, "geometry": { "type": "Polygon", "coordinates": [ [ [ -102.254229538180155, 21.941612658338283 ], [ -102.249657064471876, 21.941612658338283 ], [ -102.249657064471876, 21.937422954515348 ], [ -102.254229538180155, 21.937422954515348 ], [ -102.254229538180155, 21.941612658338283 ] ] ] } },
{ "type": "Feature", "properties": { "difference_1990_2000": 0.0, "difference_1990_2010": 0.0, "difference_1990_2020": 907.0 }, "geometry": { "type": "Polygon", "coordinates": [ [ [ -102.254229538180155, 21.924854574725966 ], [ -102.249657064471876, 21.924854574725966 ], [ -102.249657064471876, 21.920665358579601 ], [ -102.254229538180155, 21.920665358579601 ], [ -102.254229538180155, 21.924854574725966 ] ] ] } },
{ "type": "Feature", "properties": { "difference_1990_2000": 3518.0, "difference_1990_2010": 3291.0, "difference_1990_2020": 3220.0 }, "geometry": { "type": "Polygon", "coordinates": [ [ [ -102.254229538180155, 21.899721104743605 ], [ -102.249657064471876, 21.899721104743623 ], [ -102.249657064471876, 21.895532619125444 ], [ -102.254229538180155, 21.895532619125422 ], [ -102.254229538180155, 21.899721104743605 ] ] ] } },
{ "type": "Feature", "properties": { "difference_1990_2000": 1503.0, "difference_1990_2010": 3606.0, "difference_1990_2020": 3851.0 }, "geometry": { "type": "Polygon", "coordinates": [ [ [ -102.254229538180155, 21.84946729832253 ], [ -102.249657064471876, 21.84946729832253 ], [ -102.249657064471876, 21.845280270214548 ], [ -102.254229538180155, 21.845280270214495 ], [ -102.254229538180155, 21.84946729832253 ] ] ] } },
{ "type": "Feature", "properties": { "difference_1990_2000": 2455.0, "difference_1990_2010": 2775.0, "difference_1990_2020": 2763.0 }, "geometry": { "type": "Polygon", "coordinates": [ [ [ -102.254229538180155, 21.895532619125422 ], [ -102.249657064471876, 21.895532619125444 ], [ -102.249657064471876, 21.891344255146915 ], [ -102.254229538180155, 21.891344255146929 ], [ -102.254229538180155, 21.895532619125422 ] ] ] } },
{ "type": "Feature", "properties": { "difference_1990_2000": 2152.0, "difference_1990_2010": 2232.0, "difference_1990_2020": 2154.0 }, "geometry": { "type": "Polygon", "coordinates": [ [ [ -102.254229538180155, 21.908098441030358 ], [ -102.249657064471876, 21.908098441030358 ], [ -102.249657064471876, 21.903909712034313 ], [ -102.254229538180155, 21.903909712034256 ], [ -102.254229538180155, 21.908098441030358 ] ] ] } },
{ "type": "Feature", "properties": { "difference_1990_2000": 1335.0, "difference_1990_2010": 3369.0, "difference_1990_2020": 3531.0 }, "geometry": { "type": "Polygon", "coordinates": [ [ [ -102.254229538180155, 21.853654447709399 ], [ -102.249657064471876, 21.853654447709435 ], [ -102.249657064471876, 21.84946729832253 ], [ -102.254229538180155, 21.84946729832253 ], [ -102.254229538180155, 21.853654447709399 ] ] ] } },
{ "type": "Feature", "properties": { "difference_1990_2000": 0.0, "difference_1990_2010": 0.0, "difference_1990_2020": 360.0 }, "geometry": { "type": "Polygon", "coordinates": [ [ [ -102.254229538180155, 21.983516412083379 ], [ -102.249657064471876, 21.983516412083365 ], [ -102.249657064471876, 21.97932548676317 ], [ -102.254229538180155, 21.97932548676317 ], [ -102.254229538180155, 21.983516412083379 ] ] ] } },
{ "type": "Feature", "properties": { "difference_1990_2000": 0.0, "difference_1990_2010": 186.0, "difference_1990_2020": 118.0 }, "geometry": { "type": "Polygon", "coordinates": [ [ [ -102.254229538180155, 21.83271991323565 ], [ -102.249657064471876, 21.83271991323565 ], [ -102.249657064471876, 21.828533369915302 ], [ -102.254229538180155, 21.828533369915302 ], [ -102.254229538180155, 21.83271991323565 ] ] ] } },
{ "type": "Feature", "properties": { "difference_1990_2000": 0.0, "difference_1990_2010": 0.0, "difference_1990_2020": 2881.0 }, "geometry": { "type": "Polygon", "coordinates": [ [ [ -102.254229538180155, 21.95837269397385 ], [ -102.249657064471876, 21.958372693973882 ], [ -102.249657064471876, 21.954182501947557 ], [ -102.254229538180155, 21.954182501947557 ], [ -102.254229538180155, 21.95837269397385 ] ] ] } },
{ "type": "Feature", "properties": { "difference_1990_2000": 579.0, "difference_1990_2010": 196.0, "difference_1990_2020": 179.0 }, "geometry": { "type": "Polygon", "coordinates": [ [ [ -102.254229538180155, 21.882967891977646 ], [ -102.249657064471876, 21.882967891977646 ], [ -102.249657064471876, 21.878779892721155 ], [ -102.254229538180155, 21.878779892721155 ], [ -102.254229538180155, 21.882967891977646 ] ] ] } },
{ "type": "Feature", "properties": { "difference_1990_2000": 0.0, "difference_1990_2010": 3037.0, "difference_1990_2020": 3655.0 }, "geometry": { "type": "Polygon", "coordinates": [ [ [ -102.254229538180155, 21.933233372660926 ], [ -102.249657064471876, 21.933233372660926 ], [ -102.249657064471876, 21.929043912742092 ], [ -102.254229538180155, 21.929043912742092 ], [ -102.254229538180155, 21.933233372660926 ] ] ] } },
{ "type": "Feature", "properties": { "difference_1990_2000": 133.0, "difference_1990_2010": 988.0, "difference_1990_2020": 2269.0 }, "geometry": { "type": "Polygon", "coordinates": [ [ [ -102.254229538180155, 21.841093363352506 ], [ -102.249657064471876, 21.841093363352506 ], [ -102.249657064471876, 21.836906577703839 ], [ -102.254229538180155, 21.836906577703839 ], [ -102.254229538180155, 21.841093363352506 ] ] ] } },
{ "type": "Feature", "properties": { "difference_1990_2000": 4152.0, "difference_1990_2010": 4138.0, "difference_1990_2020": 4224.0 }, "geometry": { "type": "Polygon", "coordinates": [ [ [ -102.254229538180155, 21.903909712034256 ], [ -102.249657064471876, 21.903909712034313 ], [ -102.249657064471876, 21.899721104743623 ], [ -102.254229538180155, 21.899721104743605 ], [ -102.254229538180155, 21.903909712034256 ] ] ] } },
{ "type": "Feature", "properties": { "difference_1990_2000": 0.0, "difference_1990_2010": 0.0, "difference_1990_2020": 77.0 }, "geometry": { "type": "Polygon", "coordinates": [ [ [ -102.254229538180155, 21.966753444459183 ], [ -102.249657064471876, 21.966753444459183 ], [ -102.249657064471876, 21.962563008133451 ], [ -102.254229538180155, 21.962563008133451 ], [ -102.254229538180155, 21.966753444459183 ] ] ] } },
{ "type": "Feature", "properties": { "difference_1990_2000": 758.0, "difference_1990_2010": 1654.0, "difference_1990_2020": 1577.0 }, "geometry": { "type": "Polygon", "coordinates": [ [ [ -102.254229538180155, 21.891344255146929 ], [ -102.249657064471876, 21.891344255146915 ], [ -102.249657064471876, 21.8871560127753 ], [ -102.254229538180155, 21.887156012775268 ], [ -102.254229538180155, 21.891344255146929 ] ] ] } },
{ "type": "Feature", "properties": { "difference_1990_2000": 0.0, "difference_1990_2010": 854.0, "difference_1990_2020": 3355.0 }, "geometry": { "type": "Polygon", "coordinates": [ [ [ -102.254229538180155, 21.929043912742092 ], [ -102.249657064471876, 21.929043912742092 ], [ -102.249657064471876, 21.924854574725966 ], [ -102.254229538180155, 21.924854574725966 ], [ -102.254229538180155, 21.929043912742092 ] ] ] } },
{ "type": "Feature", "properties": { "difference_1990_2000": 1047.0, "difference_1990_2010": 3241.0, "difference_1990_2020": 3626.0 }, "geometry": { "type": "Polygon", "coordinates": [ [ [ -102.254229538180155, 21.845280270214495 ], [ -102.249657064471876, 21.845280270214548 ], [ -102.249657064471876, 21.841093363352506 ], [ -102.254229538180155, 21.841093363352506 ], [ -102.254229538180155, 21.845280270214495 ] ] ] } },
{ "type": "Feature", "properties": { "difference_1990_2000": 0.0, "difference_1990_2010": 0.0, "difference_1990_2020": 639.0 }, "geometry": { "type": "Polygon", "coordinates": [ [ [ -102.254229538180155, 21.97932548676317 ], [ -102.249657064471876, 21.97932548676317 ], [ -102.249657064471876, 21.975134683741057 ], [ -102.254229538180155, 21.975134683741057 ], [ -102.254229538180155, 21.97932548676317 ] ] ] } },
{ "type": "Feature", "properties": { "difference_1990_2000": 2950.0, "difference_1990_2010": 2984.0, "difference_1990_2020": 3052.0 }, "geometry": { "type": "Polygon", "coordinates": [ [ [ -102.254229538180155, 21.866216623870553 ], [ -102.249657064471876, 21.866216623870553 ], [ -102.249657064471876, 21.862029110450656 ], [ -102.254229538180155, 21.862029110450639 ], [ -102.254229538180155, 21.866216623870553 ] ] ] } },
{ "type": "Feature", "properties": { "difference_1990_2000": 1484.0, "difference_1990_2010": 1957.0, "difference_1990_2020": 1989.0 }, "geometry": { "type": "Polygon", "coordinates": [ [ [ -102.254229538180155, 21.912287291764688 ], [ -102.249657064471876, 21.912287291764688 ], [ -102.249657064471876, 21.908098441030358 ], [ -102.254229538180155, 21.908098441030358 ], [ -102.254229538180155, 21.912287291764688 ] ] ] } },
{ "type": "Feature", "properties": { "difference_1990_2000": 0.0, "difference_1990_2010": 644.0, "difference_1990_2020": 777.0 }, "geometry": { "type": "Polygon", "coordinates": [ [ [ -102.254229538180155, 21.836906577703839 ], [ -102.249657064471876, 21.836906577703839 ], [ -102.249657064471876, 21.83271991323565 ], [ -102.254229538180155, 21.83271991323565 ], [ -102.254229538180155, 21.836906577703839 ] ] ] } },
{ "type": "Feature", "properties": { "difference_1990_2000": 611.0, "difference_1990_2010": 365.0, "difference_1990_2020": 373.0 }, "geometry": { "type": "Polygon", "coordinates": [ [ [ -102.254229538180155, 21.878779892721155 ], [ -102.249657064471876, 21.878779892721155 ], [ -102.249657064471876, 21.874592014973036 ], [ -102.254229538180155, 21.874592014973036 ], [ -102.254229538180155, 21.878779892721155 ] ] ] } },
{ "type": "Feature", "properties": { "difference_1990_2000": 0.0, "difference_1990_2010": 0.0, "difference_1990_2020": 983.0 }, "geometry": { "type": "Polygon", "coordinates": [ [ [ -102.254229538180155, 21.954182501947521 ], [ -102.249657064471876, 21.954182501947514 ], [ -102.249657064471876, 21.949992432021467 ], [ -102.254229538180155, 21.949992432021467 ], [ -102.254229538180155, 21.954182501947521 ] ] ] } },
{ "type": "Feature", "properties": { "difference_1990_2000": 1217.0, "difference_1990_2010": 2236.0, "difference_1990_2020": 2595.0 }, "geometry": { "type": "Polygon", "coordinates": [ [ [ -102.254229538180155, 21.916476264270152 ], [ -102.249657064471876, 21.916476264270152 ], [ -102.249657064471876, 21.912287291764688 ], [ -102.254229538180155, 21.912287291764688 ], [ -102.254229538180155, 21.916476264270152 ] ] ] } },
{ "type": "Feature", "properties": { "difference_1990_2000": 2697.0, "difference_1990_2010": 2777.0, "difference_1990_2020": 2637.0 }, "geometry": { "type": "Polygon", "coordinates": [ [ [ -102.254229538180155, 21.857841718407826 ], [ -102.249657064471876, 21.857841718407858 ], [ -102.249657064471876, 21.853654447709435 ], [ -102.254229538180155, 21.853654447709399 ], [ -102.254229538180155, 21.857841718407826 ] ] ] } },
{ "type": "Feature", "properties": { "difference_1990_2000": 0.0, "difference_1990_2010": 1342.0, "difference_1990_2020": 2126.0 }, "geometry": { "type": "Polygon", "coordinates": [ [ [ -102.254229538180155, 21.937422954515348 ], [ -102.249657064471876, 21.937422954515348 ], [ -102.249657064471876, 21.933233372660926 ], [ -102.254229538180155, 21.933233372660926 ], [ -102.254229538180155, 21.937422954515348 ] ] ] } },
{ "type": "Feature", "properties": { "difference_1990_2000": 0.0, "difference_1990_2010": 0.0, "difference_1990_2020": 972.0 }, "geometry": { "type": "Polygon", "coordinates": [ [ [ -102.254229538180155, 21.962563008133451 ], [ -102.249657064471876, 21.962563008133451 ], [ -102.249657064471876, 21.958372693973882 ], [ -102.254229538180155, 21.95837269397385 ], [ -102.254229538180155, 21.962563008133451 ] ] ] } },
{ "type": "Feature", "properties": { "difference_1990_2000": 627.0, "difference_1990_2010": 678.0, "difference_1990_2020": 402.0 }, "geometry": { "type": "Polygon", "coordinates": [ [ [ -102.254229538180155, 21.887156012775268 ], [ -102.249657064471876, 21.8871560127753 ], [ -102.249657064471876, 21.882967891977646 ], [ -102.254229538180155, 21.882967891977646 ], [ -102.254229538180155, 21.887156012775268 ] ] ] } },
{ "type": "Feature", "properties": { "difference_1990_2000": 487.0, "difference_1990_2010": 1376.0, "difference_1990_2020": 1900.0 }, "geometry": { "type": "Polygon", "coordinates": [ [ [ -102.254229538180155, 21.920665358579601 ], [ -102.249657064471876, 21.920665358579601 ], [ -102.249657064471876, 21.916476264270152 ], [ -102.254229538180155, 21.916476264270152 ], [ -102.254229538180155, 21.920665358579601 ] ] ] } },
{ "type": "Feature", "properties": { "difference_1990_2000": 1294.0, "difference_1990_2010": 1266.0, "difference_1990_2020": 1171.0 }, "geometry": { "type": "Polygon", "coordinates": [ [ [ -102.254229538180155, 21.870404258700432 ], [ -102.249657064471876, 21.870404258700411 ], [ -102.249657064471876, 21.866216623870553 ], [ -102.254229538180155, 21.866216623870553 ], [ -102.254229538180155, 21.870404258700432 ] ] ] } },
{ "type": "Feature", "properties": { "difference_1990_2000": 2317.0, "difference_1990_2010": 2406.0, "difference_1990_2020": 2292.0 }, "geometry": { "type": "Polygon", "coordinates": [ [ [ -102.254229538180155, 21.862029110450639 ], [ -102.249657064471876, 21.862029110450656 ], [ -102.249657064471876, 21.857841718407858 ], [ -102.254229538180155, 21.857841718407826 ], [ -102.254229538180155, 21.862029110450639 ] ] ] } },
{ "type": "Feature", "properties": { "difference_1990_2000": 612.0, "difference_1990_2010": 450.0, "difference_1990_2020": 387.0 }, "geometry": { "type": "Polygon", "coordinates": [ [ [ -102.254229538180155, 21.874592014973036 ], [ -102.249657064471876, 21.874592014973036 ], [ -102.249657064471876, 21.870404258700411 ], [ -102.254229538180155, 21.870404258700432 ], [ -102.254229538180155, 21.874592014973036 ] ] ] } },
{ "type": "Feature", "properties": { "difference_1990_2000": 0.0, "difference_1990_2010": 125.0, "difference_1990_2020": 2800.0 }, "geometry": { "type": "Polygon", "coordinates": [ [ [ -102.245084590763625, 21.941612658338283 ], [ -102.240512117055346, 21.941612658338283 ], [ -102.240512117055346, 21.937422954515348 ], [ -102.245084590763625, 21.937422954515348 ], [ -102.245084590763625, 21.941612658338283 ] ] ] } },
{ "type": "Feature", "properties": { "difference_1990_2000": 0.0, "difference_1990_2010": 284.0, "difference_1990_2020": 1169.0 }, "geometry": { "type": "Polygon", "coordinates": [ [ [ -102.245084590763625, 21.924854574725966 ], [ -102.240512117055346, 21.924854574725966 ], [ -102.240512117055346, 21.920665358579601 ], [ -102.245084590763625, 21.920665358579601 ], [ -102.245084590763625, 21.924854574725966 ] ] ] } },
{ "type": "Feature", "properties": { "difference_1990_2000": 100.0, "difference_1990_2010": 1333.0, "difference_1990_2020": 2118.0 }, "geometry": { "type": "Polygon", "coordinates": [ [ [ -102.245084590763625, 21.899721104743605 ], [ -102.240512117055346, 21.899721104743623 ], [ -102.240512117055346, 21.895532619125444 ], [ -102.245084590763625, 21.895532619125422 ], [ -102.245084590763625, 21.899721104743605 ] ] ] } },
{ "type": "Feature", "properties": { "difference_1990_2000": 0.0, "difference_1990_2010": 1259.0, "difference_1990_2020": 1527.0 }, "geometry": { "type": "Polygon", "coordinates": [ [ [ -102.245084590763625, 21.84946729832253 ], [ -102.240512117055346, 21.84946729832253 ], [ -102.240512117055346, 21.845280270214548 ], [ -102.245084590763625, 21.845280270214548 ], [ -102.245084590763625, 21.84946729832253 ] ] ] } },
{ "type": "Feature", "properties": { "difference_1990_2000": 26.0, "difference_1990_2010": 752.0, "difference_1990_2020": 2609.0 }, "geometry": { "type": "Polygon", "coordinates": [ [ [ -102.245084590763625, 21.895532619125422 ], [ -102.240512117055346, 21.895532619125444 ], [ -102.240512117055346, 21.891344255146929 ], [ -102.245084590763625, 21.891344255146972 ], [ -102.245084590763625, 21.895532619125422 ] ] ] } },
{ "type": "Feature", "properties": { "difference_1990_2000": 51.0, "difference_1990_2010": 2701.0, "difference_1990_2020": 3414.0 }, "geometry": { "type": "Polygon", "coordinates": [ [ [ -102.245084590763625, 21.908098441030358 ], [ -102.240512117055346, 21.908098441030358 ], [ -102.240512117055346, 21.903909712034299 ], [ -102.245084590763625, 21.903909712034299 ], [ -102.245084590763625, 21.908098441030358 ] ] ] } },
{ "type": "Feature", "properties": { "difference_1990_2000": 12.0, "difference_1990_2010": 1786.0, "difference_1990_2020": 2271.0 }, "geometry": { "type": "Polygon", "coordinates": [ [ [ -102.245084590763625, 21.853654447709399 ], [ -102.240512117055346, 21.853654447709399 ], [ -102.240512117055346, 21.84946729832253 ], [ -102.245084590763625, 21.84946729832253 ], [ -102.245084590763625, 21.853654447709399 ] ] ] } },
{ "type": "Feature", "properties": { "difference_1990_2000": 0.0, "difference_1990_2010": 0.0, "difference_1990_2020": 125.0 }, "geometry": { "type": "Polygon", "coordinates": [ [ [ -102.245084590763625, 21.983516412083379 ], [ -102.240512117055346, 21.983516412083365 ], [ -102.240512117055346, 21.97932548676317 ], [ -102.245084590763625, 21.97932548676317 ], [ -102.245084590763625, 21.983516412083379 ] ] ] } },
{ "type": "Feature", "properties": { "difference_1990_2000": 1207.0, "difference_1990_2010": 2745.0, "difference_1990_2020": 3019.0 }, "geometry": { "type": "Polygon", "coordinates": [ [ [ -102.245084590763625, 21.882967891977646 ], [ -102.240512117055346, 21.882967891977646 ], [ -102.240512117055346, 21.878779892721155 ], [ -102.245084590763625, 21.878779892721194 ], [ -102.245084590763625, 21.882967891977646 ] ] ] } },
{ "type": "Feature", "properties": { "difference_1990_2000": 0.0, "difference_1990_2010": 0.0, "difference_1990_2020": 94.0 }, "geometry": { "type": "Polygon", "coordinates": [ [ [ -102.245084590763625, 21.933233372660926 ], [ -102.240512117055346, 21.933233372660926 ], [ -102.240512117055346, 21.929043912742092 ], [ -102.245084590763625, 21.929043912742092 ], [ -102.245084590763625, 21.933233372660926 ] ] ] } },
{ "type": "Feature", "properties": { "difference_1990_2000": 0.0, "difference_1990_2010": 0.0, "difference_1990_2020": 66.0 }, "geometry": { "type": "Polygon", "coordinates": [ [ [ -102.245084590763625, 21.945802484162716 ], [ -102.240512117055346, 21.945802484162716 ], [ -102.240512117055346, 21.941612658338283 ], [ -102.245084590763625, 21.941612658338283 ], [ -102.245084590763625, 21.945802484162716 ] ] ] } },
{ "type": "Feature", "properties": { "difference_1990_2000": 244.0, "difference_1990_2010": 1369.0, "difference_1990_2020": 1865.0 }, "geometry": { "type": "Polygon", "coordinates": [ [ [ -102.245084590763625, 21.903909712034299 ], [ -102.240512117055346, 21.903909712034299 ], [ -102.240512117055346, 21.899721104743623 ], [ -102.245084590763625, 21.899721104743605 ], [ -102.245084590763625, 21.903909712034299 ] ] ] } },
{ "type": "Feature", "properties": { "difference_1990_2000": 115.0, "difference_1990_2010": 2316.0, "difference_1990_2020": 2998.0 }, "geometry": { "type": "Polygon", "coordinates": [ [ [ -102.245084590763625, 21.891344255146972 ], [ -102.240512117055346, 21.891344255146929 ], [ -102.240512117055346, 21.8871560127753 ], [ -102.245084590763625, 21.8871560127753 ], [ -102.245084590763625, 21.891344255146972 ] ] ] } },
{ "type": "Feature", "properties": { "difference_1990_2000": 0.0, "difference_1990_2010": 0.0, "difference_1990_2020": 1052.0 }, "geometry": { "type": "Polygon", "coordinates": [ [ [ -102.245084590763625, 21.929043912742092 ], [ -102.240512117055346, 21.929043912742092 ], [ -102.240512117055346, 21.924854574725966 ], [ -102.245084590763625, 21.924854574725966 ], [ -102.245084590763625, 21.929043912742092 ] ] ] } },
{ "type": "Feature", "properties": { "difference_1990_2000": 0.0, "difference_1990_2010": 0.0, "difference_1990_2020": 27.0 }, "geometry": { "type": "Polygon", "coordinates": [ [ [ -102.245084590763625, 21.97932548676317 ], [ -102.240512117055346, 21.97932548676317 ], [ -102.240512117055346, 21.975134683741057 ], [ -102.245084590763625, 21.975134683741057 ], [ -102.245084590763625, 21.97932548676317 ] ] ] } },
{ "type": "Feature", "properties": { "difference_1990_2000": 950.0, "difference_1990_2010": 2888.0, "difference_1990_2020": 3202.0 }, "geometry": { "type": "Polygon", "coordinates": [ [ [ -102.245084590763625, 21.866216623870553 ], [ -102.240512117055346, 21.866216623870553 ], [ -102.240512117055346, 21.862029110450656 ], [ -102.245084590763625, 21.862029110450656 ], [ -102.245084590763625, 21.866216623870553 ] ] ] } },
{ "type": "Feature", "properties": { "difference_1990_2000": 0.0, "difference_1990_2010": 47.0, "difference_1990_2020": 0.0 }, "geometry": { "type": "Polygon", "coordinates": [ [ [ -102.245084590763625, 21.836906577703839 ], [ -102.240512117055346, 21.836906577703839 ], [ -102.240512117055346, 21.83271991323565 ], [ -102.245084590763625, 21.83271991323565 ], [ -102.245084590763625, 21.836906577703839 ] ] ] } },
{ "type": "Feature", "properties": { "difference_1990_2000": 196.0, "difference_1990_2010": 2570.0, "difference_1990_2020": 3642.0 }, "geometry": { "type": "Polygon", "coordinates": [ [ [ -102.245084590763625, 21.912287291764724 ], [ -102.240512117055346, 21.912287291764688 ], [ -102.240512117055346, 21.908098441030358 ], [ -102.245084590763625, 21.908098441030358 ], [ -102.245084590763625, 21.912287291764724 ] ] ] } },
{ "type": "Feature", "properties": { "difference_1990_2000": 1580.0, "difference_1990_2010": 2530.0, "difference_1990_2020": 2546.0 }, "geometry": { "type": "Polygon", "coordinates": [ [ [ -102.245084590763625, 21.878779892721194 ], [ -102.240512117055346, 21.878779892721155 ], [ -102.240512117055346, 21.874592014973036 ], [ -102.245084590763625, 21.874592014973036 ], [ -102.245084590763625, 21.878779892721194 ] ] ] } },
{ "type": "Feature", "properties": { "difference_1990_2000": 1205.0, "difference_1990_2010": 1946.0, "difference_1990_2020": 3328.0 }, "geometry": { "type": "Polygon", "coordinates": [ [ [ -102.245084590763625, 21.916476264270152 ], [ -102.240512117055346, 21.916476264270152 ], [ -102.240512117055346, 21.912287291764688 ], [ -102.245084590763625, 21.912287291764724 ], [ -102.245084590763625, 21.916476264270152 ] ] ] } },
{ "type": "Feature", "properties": { "difference_1990_2000": 0.0, "difference_1990_2010": 68.0, "difference_1990_2020": 751.0 }, "geometry": { "type": "Polygon", "coordinates": [ [ [ -102.245084590763625, 21.937422954515348 ], [ -102.240512117055346, 21.937422954515348 ], [ -102.240512117055346, 21.933233372660926 ], [ -102.245084590763625, 21.933233372660926 ], [ -102.245084590763625, 21.937422954515348 ] ] ] } },
{ "type": "Feature", "properties": { "difference_1990_2000": 0.0, "difference_1990_2010": 0.0, "difference_1990_2020": 376.0 }, "geometry": { "type": "Polygon", "coordinates": [ [ [ -102.245084590763625, 21.962563008133451 ], [ -102.240512117055346, 21.962563008133412 ], [ -102.240512117055346, 21.95837269397385 ], [ -102.245084590763625, 21.95837269397385 ], [ -102.245084590763625, 21.962563008133451 ] ] ] } },
{ "type": "Feature", "properties": { "difference_1990_2000": 396.0, "difference_1990_2010": 768.0, "difference_1990_2020": 1355.0 }, "geometry": { "type": "Polygon", "coordinates": [ [ [ -102.245084590763625, 21.857841718407858 ], [ -102.240512117055346, 21.857841718407858 ], [ -102.240512117055346, 21.853654447709399 ], [ -102.245084590763625, 21.853654447709399 ], [ -102.245084590763625, 21.857841718407858 ] ] ] } },
{ "type": "Feature", "properties": { "difference_1990_2000": 62.0, "difference_1990_2010": 344.0, "difference_1990_2020": 1407.0 }, "geometry": { "type": "Polygon", "coordinates": [ [ [ -102.245084590763625, 21.920665358579601 ], [ -102.240512117055346, 21.920665358579601 ], [ -102.240512117055346, 21.916476264270152 ], [ -102.245084590763625, 21.916476264270152 ], [ -102.245084590763625, 21.920665358579601 ] ] ] } },
{ "type": "Feature", "properties": { "difference_1990_2000": 247.0, "difference_1990_2010": 1920.0, "difference_1990_2020": 2317.0 }, "geometry": { "type": "Polygon", "coordinates": [ [ [ -102.245084590763625, 21.8871560127753 ], [ -102.240512117055346, 21.8871560127753 ], [ -102.240512117055346, 21.882967891977646 ], [ -102.245084590763625, 21.882967891977646 ], [ -102.245084590763625, 21.8871560127753 ] ] ] } },
{ "type": "Feature", "properties": { "difference_1990_2000": 894.0, "difference_1990_2010": 2106.0, "difference_1990_2020": 2311.0 }, "geometry": { "type": "Polygon", "coordinates": [ [ [ -102.245084590763625, 21.874592014973036 ], [ -102.240512117055346, 21.874592014973036 ], [ -102.240512117055346, 21.870404258700464 ], [ -102.245084590763625, 21.870404258700464 ], [ -102.245084590763625, 21.874592014973036 ] ] ] } },
{ "type": "Feature", "properties": { "difference_1990_2000": 853.0, "difference_1990_2010": 1418.0, "difference_1990_2020": 1902.0 }, "geometry": { "type": "Polygon", "coordinates": [ [ [ -102.245084590763625, 21.862029110450656 ], [ -102.240512117055346, 21.862029110450656 ], [ -102.240512117055346, 21.857841718407858 ], [ -102.245084590763625, 21.857841718407858 ], [ -102.245084590763625, 21.862029110450656 ] ] ] } },
{ "type": "Feature", "properties": { "difference_1990_2000": 1211.0, "difference_1990_2010": 2514.0, "difference_1990_2020": 2571.0 }, "geometry": { "type": "Polygon", "coordinates": [ [ [ -102.245084590763625, 21.870404258700464 ], [ -102.240512117055346, 21.870404258700464 ], [ -102.240512117055346, 21.866216623870553 ], [ -102.245084590763625, 21.866216623870553 ], [ -102.245084590763625, 21.870404258700464 ] ] ] } },
{ "type": "Feature", "properties": { "difference_1990_2000": 0.0, "difference_1990_2010": 1.0, "difference_1990_2020": 42.0 }, "geometry": { "type": "Polygon", "coordinates": [ [ [ -102.235939643347066, 21.899721104743623 ], [ -102.231367169638773, 21.899721104743605 ], [ -102.231367169638773, 21.895532619125422 ], [ -102.235939643347066, 21.895532619125444 ], [ -102.235939643347066, 21.899721104743623 ] ] ] } },
{ "type": "Feature", "properties": { "difference_1990_2000": 0.0, "difference_1990_2010": 0.0, "difference_1990_2020": 954.0 }, "geometry": { "type": "Polygon", "coordinates": [ [ [ -102.235939643347066, 21.895532619125444 ], [ -102.231367169638773, 21.895532619125422 ], [ -102.231367169638773, 21.891344255146929 ], [ -102.235939643347066, 21.891344255146929 ], [ -102.235939643347066, 21.895532619125444 ] ] ] } },
{ "type": "Feature", "properties": { "difference_1990_2000": 0.0, "difference_1990_2010": 172.0, "difference_1990_2020": 1144.0 }, "geometry": { "type": "Polygon", "coordinates": [ [ [ -102.235939643347066, 21.853654447709399 ], [ -102.231367169638773, 21.853654447709385 ], [ -102.231367169638773, 21.84946729832253 ], [ -102.235939643347066, 21.849467298322562 ], [ -102.235939643347066, 21.853654447709399 ] ] ] } },
{ "type": "Feature", "properties": { "difference_1990_2000": 0.0, "difference_1990_2010": 1778.0, "difference_1990_2020": 2328.0 }, "geometry": { "type": "Polygon", "coordinates": [ [ [ -102.235939643347066, 21.882967891977646 ], [ -102.231367169638773, 21.882967891977628 ], [ -102.231367169638773, 21.878779892721155 ], [ -102.235939643347066, 21.878779892721155 ], [ -102.235939643347066, 21.882967891977646 ] ] ] } },
{ "type": "Feature", "properties": { "difference_1990_2000": 0.0, "difference_1990_2010": 35.0, "difference_1990_2020": 1831.0 }, "geometry": { "type": "Polygon", "coordinates": [ [ [ -102.235939643347066, 21.891344255146929 ], [ -102.231367169638773, 21.891344255146929 ], [ -102.231367169638773, 21.887156012775268 ], [ -102.235939643347066, 21.8871560127753 ], [ -102.235939643347066, 21.891344255146929 ] ] ] } },
{ "type": "Feature", "properties": { "difference_1990_2000": 0.0, "difference_1990_2010": 2620.0, "difference_1990_2020": 3007.0 }, "geometry": { "type": "Polygon", "coordinates": [ [ [ -102.235939643347066, 21.866216623870553 ], [ -102.231367169638773, 21.866216623870518 ], [ -102.231367169638773, 21.862029110450639 ], [ -102.235939643347066, 21.862029110450656 ], [ -102.235939643347066, 21.866216623870553 ] ] ] } },
{ "type": "Feature", "properties": { "difference_1990_2000": 0.0, "difference_1990_2010": 647.0, "difference_1990_2020": 1453.0 }, "geometry": { "type": "Polygon", "coordinates": [ [ [ -102.235939643347066, 21.912287291764688 ], [ -102.231367169638773, 21.912287291764688 ], [ -102.231367169638773, 21.908098441030358 ], [ -102.235939643347066, 21.908098441030358 ], [ -102.235939643347066, 21.912287291764688 ] ] ] } },
{ "type": "Feature", "properties": { "difference_1990_2000": 0.0, "difference_1990_2010": 460.0, "difference_1990_2020": 1595.0 }, "geometry": { "type": "Polygon", "coordinates": [ [ [ -102.235939643347066, 21.878779892721155 ], [ -102.231367169638773, 21.878779892721155 ], [ -102.231367169638773, 21.874592014973004 ], [ -102.235939643347066, 21.874592014973036 ], [ -102.235939643347066, 21.878779892721155 ] ] ] } },
{ "type": "Feature", "properties": { "difference_1990_2000": 0.0, "difference_1990_2010": 0.0, "difference_1990_2020": 735.0 }, "geometry": { "type": "Polygon", "coordinates": [ [ [ -102.235939643347066, 21.916476264270191 ], [ -102.231367169638773, 21.916476264270138 ], [ -102.231367169638773, 21.912287291764688 ], [ -102.235939643347066, 21.912287291764688 ], [ -102.235939643347066, 21.916476264270191 ] ] ] } },
{ "type": "Feature", "properties": { "difference_1990_2000": 0.0, "difference_1990_2010": 294.0, "difference_1990_2020": 1127.0 }, "geometry": { "type": "Polygon", "coordinates": [ [ [ -102.235939643347066, 21.857841718407858 ], [ -102.231367169638773, 21.857841718407826 ], [ -102.231367169638773, 21.853654447709385 ], [ -102.235939643347066, 21.853654447709399 ], [ -102.235939643347066, 21.857841718407858 ] ] ] } },
{ "type": "Feature", "properties": { "difference_1990_2000": 0.0, "difference_1990_2010": 2052.0, "difference_1990_2020": 3288.0 }, "geometry": { "type": "Polygon", "coordinates": [ [ [ -102.235939643347066, 21.8871560127753 ], [ -102.231367169638773, 21.887156012775268 ], [ -102.231367169638773, 21.882967891977628 ], [ -102.235939643347066, 21.882967891977646 ], [ -102.235939643347066, 21.8871560127753 ] ] ] } },
{ "type": "Feature", "properties": { "difference_1990_2000": 0.0, "difference_1990_2010": 3258.0, "difference_1990_2020": 3427.0 }, "geometry": { "type": "Polygon", "coordinates": [ [ [ -102.235939643347066, 21.870404258700432 ], [ -102.231367169638773, 21.870404258700411 ], [ -102.231367169638773, 21.866216623870518 ], [ -102.235939643347066, 21.866216623870553 ], [ -102.235939643347066, 21.870404258700432 ] ] ] } },
{ "type": "Feature", "properties": { "difference_1990_2000": 0.0, "difference_1990_2010": 2832.0, "difference_1990_2020": 3257.0 }, "geometry": { "type": "Polygon", "coordinates": [ [ [ -102.235939643347066, 21.874592014973036 ], [ -102.231367169638773, 21.874592014973004 ], [ -102.231367169638773, 21.870404258700411 ], [ -102.235939643347066, 21.870404258700432 ], [ -102.235939643347066, 21.874592014973036 ] ] ] } },
{ "type": "Feature", "properties": { "difference_1990_2000": 0.0, "difference_1990_2010": 1468.0, "difference_1990_2020": 1719.0 }, "geometry": { "type": "Polygon", "coordinates": [ [ [ -102.235939643347066, 21.862029110450656 ], [ -102.231367169638773, 21.862029110450639 ], [ -102.231367169638773, 21.857841718407826 ], [ -102.235939643347066, 21.857841718407858 ], [ -102.235939643347066, 21.862029110450656 ] ] ] } },
{ "type": "Feature", "properties": { "difference_1990_2000": 0.0, "difference_1990_2010": 118.0, "difference_1990_2020": 136.0 }, "geometry": { "type": "Polygon", "coordinates": [ [ [ -102.226794695930494, 21.895532619125476 ], [ -102.222222222222243, 21.895532619125444 ], [ -102.222222222222243, 21.891344255146929 ], [ -102.226794695930494, 21.891344255146929 ], [ -102.226794695930494, 21.895532619125476 ] ] ] } },
{ "type": "Feature", "properties": { "difference_1990_2000": 0.0, "difference_1990_2010": 0.0, "difference_1990_2020": 1019.0 }, "geometry": { "type": "Polygon", "coordinates": [ [ [ -102.226794695930494, 21.882967891977646 ], [ -102.222222222222243, 21.882967891977646 ], [ -102.222222222222243, 21.878779892721155 ], [ -102.226794695930494, 21.878779892721155 ], [ -102.226794695930494, 21.882967891977646 ] ] ] } },
{ "type": "Feature", "properties": { "difference_1990_2000": 0.0, "difference_1990_2010": 405.0, "difference_1990_2020": 429.0 }, "geometry": { "type": "Polygon", "coordinates": [ [ [ -102.226794695930494, 21.891344255146929 ], [ -102.222222222222243, 21.891344255146929 ], [ -102.222222222222243, 21.8871560127753 ], [ -102.226794695930494, 21.8871560127753 ], [ -102.226794695930494, 21.891344255146929 ] ] ] } },
{ "type": "Feature", "properties": { "difference_1990_2000": 0.0, "difference_1990_2010": 0.0, "difference_1990_2020": 897.0 }, "geometry": { "type": "Polygon", "coordinates": [ [ [ -102.226794695930494, 21.878779892721155 ], [ -102.222222222222243, 21.878779892721155 ], [ -102.222222222222243, 21.874592014973036 ], [ -102.226794695930494, 21.874592014973036 ], [ -102.226794695930494, 21.878779892721155 ] ] ] } },
{ "type": "Feature", "properties": { "difference_1990_2000": 0.0, "difference_1990_2010": 137.0, "difference_1990_2020": 370.0 }, "geometry": { "type": "Polygon", "coordinates": [ [ [ -102.226794695930494, 21.8871560127753 ], [ -102.222222222222243, 21.8871560127753 ], [ -102.222222222222243, 21.882967891977646 ], [ -102.226794695930494, 21.882967891977646 ], [ -102.226794695930494, 21.8871560127753 ] ] ] } },
{ "type": "Feature", "properties": { "difference_1990_2000": 0.0, "difference_1990_2010": 0.0, "difference_1990_2020": 219.0 }, "geometry": { "type": "Polygon", "coordinates": [ [ [ -102.226794695930494, 21.874592014973036 ], [ -102.222222222222243, 21.874592014973036 ], [ -102.222222222222243, 21.870404258700432 ], [ -102.226794695930494, 21.870404258700411 ], [ -102.226794695930494, 21.874592014973036 ] ] ] } },
{ "type": "Feature", "properties": { "difference_1990_2000": 0.0, "difference_1990_2010": 11.0, "difference_1990_2020": 14.0 }, "geometry": { "type": "Polygon", "coordinates": [ [ [ -102.217649748513963, 21.899721104743605 ], [ -102.213077274805656, 21.899721104743605 ], [ -102.213077274805656, 21.895532619125444 ], [ -102.217649748513963, 21.895532619125476 ], [ -102.217649748513963, 21.899721104743605 ] ] ] } },
{ "type": "Feature", "properties": { "difference_1990_2000": 0.0, "difference_1990_2010": 229.0, "difference_1990_2020": 246.0 }, "geometry": { "type": "Polygon", "coordinates": [ [ [ -102.217649748513963, 21.895532619125476 ], [ -102.213077274805656, 21.895532619125444 ], [ -102.213077274805656, 21.891344255146915 ], [ -102.217649748513963, 21.891344255146972 ], [ -102.217649748513963, 21.895532619125476 ] ] ] } },
{ "type": "Feature", "properties": { "difference_1990_2000": 0.0, "difference_1990_2010": 651.0, "difference_1990_2020": 741.0 }, "geometry": { "type": "Polygon", "coordinates": [ [ [ -102.217649748513963, 21.891344255146972 ], [ -102.213077274805656, 21.891344255146915 ], [ -102.213077274805656, 21.887156012775268 ], [ -102.217649748513963, 21.887156012775321 ], [ -102.217649748513963, 21.891344255146972 ] ] ] } },
{ "type": "Feature", "properties": { "difference_1990_2000": 0.0, "difference_1990_2010": 307.0, "difference_1990_2020": 308.0 }, "geometry": { "type": "Polygon", "coordinates": [ [ [ -102.217649748513963, 21.887156012775321 ], [ -102.213077274805656, 21.887156012775268 ], [ -102.213077274805656, 21.882967891977628 ], [ -102.217649748513963, 21.882967891977646 ], [ -102.217649748513963, 21.887156012775321 ] ] ] } },
{ "type": "Feature", "properties": { "difference_1990_2000": 0.0, "difference_1990_2010": 3.0, "difference_1990_2020": 4.0 }, "geometry": { "type": "Polygon", "coordinates": [ [ [ -102.208504801097405, 21.899721104743605 ], [ -102.203932327389126, 21.899721104743605 ], [ -102.203932327389126, 21.895532619125444 ], [ -102.208504801097405, 21.895532619125422 ], [ -102.208504801097405, 21.899721104743605 ] ] ] } },
{ "type": "Feature", "properties": { "difference_1990_2000": 0.0, "difference_1990_2010": 159.0, "difference_1990_2020": 196.0 }, "geometry": { "type": "Polygon", "coordinates": [ [ [ -102.208504801097405, 21.895532619125422 ], [ -102.203932327389126, 21.895532619125444 ], [ -102.203932327389126, 21.891344255146929 ], [ -102.208504801097405, 21.891344255146929 ], [ -102.208504801097405, 21.895532619125422 ] ] ] } },
{ "type": "Feature", "properties": { "difference_1990_2000": 0.0, "difference_1990_2010": 20.0, "difference_1990_2020": 43.0 }, "geometry": { "type": "Polygon", "coordinates": [ [ [ -102.208504801097405, 21.996089922162689 ], [ -102.203932327389126, 21.996089922162721 ], [ -102.203932327389126, 21.991898629750128 ], [ -102.208504801097405, 21.991898629750128 ], [ -102.208504801097405, 21.996089922162689 ] ] ] } },
{ "type": "Feature", "properties": { "difference_1990_2000": 0.0, "difference_1990_2010": 356.0, "difference_1990_2020": 449.0 }, "geometry": { "type": "Polygon", "coordinates": [ [ [ -102.208504801097405, 21.866216623870553 ], [ -102.203932327389126, 21.866216623870553 ], [ -102.203932327389126, 21.862029110450639 ], [ -102.208504801097405, 21.862029110450639 ], [ -102.208504801097405, 21.866216623870553 ] ] ] } },
{ "type": "Feature", "properties": { "difference_1990_2000": 0.0, "difference_1990_2010": 482.0, "difference_1990_2020": 424.0 }, "geometry": { "type": "Polygon", "coordinates": [ [ [ -102.208504801097405, 22.000281337005369 ], [ -102.203932327389126, 22.000281337005386 ], [ -102.203932327389126, 21.996089922162721 ], [ -102.208504801097405, 21.996089922162689 ], [ -102.208504801097405, 22.000281337005369 ] ] ] } },
{ "type": "Feature", "properties": { "difference_1990_2000": 0.0, "difference_1990_2010": 59.0, "difference_1990_2020": 52.0 }, "geometry": { "type": "Polygon", "coordinates": [ [ [ -102.208504801097405, 22.004472874311212 ], [ -102.203932327389126, 22.004472874311212 ], [ -102.203932327389126, 22.000281337005337 ], [ -102.208504801097405, 22.000281337005337 ], [ -102.208504801097405, 22.004472874311212 ] ] ] } },
{ "type": "Feature", "properties": { "difference_1990_2000": 0.0, "difference_1990_2010": 417.0, "difference_1990_2020": 529.0 }, "geometry": { "type": "Polygon", "coordinates": [ [ [ -102.208504801097405, 21.857841718407858 ], [ -102.203932327389126, 21.857841718407858 ], [ -102.203932327389126, 21.853654447709399 ], [ -102.208504801097405, 21.853654447709399 ], [ -102.208504801097405, 21.857841718407858 ] ] ] } },
{ "type": "Feature", "properties": { "difference_1990_2000": 0.0, "difference_1990_2010": 12.0, "difference_1990_2020": 13.0 }, "geometry": { "type": "Polygon", "coordinates": [ [ [ -102.208504801097405, 21.870404258700432 ], [ -102.203932327389126, 21.870404258700432 ], [ -102.203932327389126, 21.866216623870553 ], [ -102.208504801097405, 21.866216623870553 ], [ -102.208504801097405, 21.870404258700432 ] ] ] } },
{ "type": "Feature", "properties": { "difference_1990_2000": 0.0, "difference_1990_2010": 719.0, "difference_1990_2020": 828.0 }, "geometry": { "type": "Polygon", "coordinates": [ [ [ -102.208504801097405, 21.862029110450639 ], [ -102.203932327389126, 21.862029110450639 ], [ -102.203932327389126, 21.857841718407858 ], [ -102.208504801097405, 21.857841718407858 ], [ -102.208504801097405, 21.862029110450639 ] ] ] } },
{ "type": "Feature", "properties": { "difference_1990_2000": 9.0, "difference_1990_2010": 24.0, "difference_1990_2020": 24.0 }, "geometry": { "type": "Polygon", "coordinates": [ [ [ -102.199359853680846, 21.83271991323565 ], [ -102.194787379972581, 21.832719913235636 ], [ -102.194787379972581, 21.828533369915302 ], [ -102.199359853680846, 21.828533369915302 ], [ -102.199359853680846, 21.83271991323565 ] ] ] } },
{ "type": "Feature", "properties": { "difference_1990_2000": 7.0, "difference_1990_2010": 20.0, "difference_1990_2020": 20.0 }, "geometry": { "type": "Polygon", "coordinates": [ [ [ -102.199359853680846, 21.815974466513847 ], [ -102.194787379972581, 21.815974466513847 ], [ -102.194787379972581, 21.811788407457446 ], [ -102.199359853680846, 21.811788407457534 ], [ -102.199359853680846, 21.815974466513847 ] ] ] } },
{ "type": "Feature", "properties": { "difference_1990_2000": 46.0, "difference_1990_2010": 123.0, "difference_1990_2020": 124.0 }, "geometry": { "type": "Polygon", "coordinates": [ [ [ -102.199359853680846, 21.828533369915302 ], [ -102.194787379972581, 21.828533369915302 ], [ -102.194787379972581, 21.824346947710072 ], [ -102.199359853680846, 21.824346947710072 ], [ -102.199359853680846, 21.828533369915302 ] ] ] } },
{ "type": "Feature", "properties": { "difference_1990_2000": 0.0, "difference_1990_2010": 88.0, "difference_1990_2020": 168.0 }, "geometry": { "type": "Polygon", "coordinates": [ [ [ -102.199359853680846, 22.000281337005369 ], [ -102.194787379972581, 22.000281337005369 ], [ -102.194787379972581, 21.996089922162689 ], [ -102.199359853680846, 21.996089922162689 ], [ -102.199359853680846, 22.000281337005369 ] ] ] } },
{ "type": "Feature", "properties": { "difference_1990_2000": 0.0, "difference_1990_2010": 487.0, "difference_1990_2020": 831.0 }, "geometry": { "type": "Polygon", "coordinates": [ [ [ -102.199359853680846, 22.004472874311212 ], [ -102.194787379972581, 22.004472874311212 ], [ -102.194787379972581, 22.000281337005337 ], [ -102.199359853680846, 22.000281337005337 ], [ -102.199359853680846, 22.004472874311212 ] ] ] } },
{ "type": "Feature", "properties": { "difference_1990_2000": 100.0, "difference_1990_2010": 250.0, "difference_1990_2020": 271.0 }, "geometry": { "type": "Polygon", "coordinates": [ [ [ -102.199359853680846, 21.820160646587141 ], [ -102.194787379972581, 21.820160646587123 ], [ -102.194787379972581, 21.815974466513847 ], [ -102.199359853680846, 21.815974466513847 ], [ -102.199359853680846, 21.820160646587141 ] ] ] } },
{ "type": "Feature", "properties": { "difference_1990_2000": 121.0, "difference_1990_2010": 329.0, "difference_1990_2020": 331.0 }, "geometry": { "type": "Polygon", "coordinates": [ [ [ -102.199359853680846, 21.824346947710072 ], [ -102.194787379972581, 21.824346947710072 ], [ -102.194787379972581, 21.820160646587123 ], [ -102.199359853680846, 21.820160646587141 ], [ -102.199359853680846, 21.824346947710072 ] ] ] } },
{ "type": "Feature", "properties": { "difference_1990_2000": 3.0, "difference_1990_2010": 0.0, "difference_1990_2020": 181.0 }, "geometry": { "type": "Polygon", "coordinates": [ [ [ -102.368541380887066, 21.970944002984044 ], [ -102.363968907178801, 21.970944002984044 ], [ -102.363968907178801, 21.966753444459183 ], [ -102.368541380887066, 21.966753444459183 ], [ -102.368541380887066, 21.970944002984044 ] ] ] } },
{ "type": "Feature", "properties": { "difference_1990_2000": 2.0, "difference_1990_2010": 0.0, "difference_1990_2020": 98.0 }, "geometry": { "type": "Polygon", "coordinates": [ [ [ -102.368541380887066, 21.966753444459183 ], [ -102.363968907178801, 21.966753444459183 ], [ -102.363968907178801, 21.962563008133412 ], [ -102.368541380887066, 21.962563008133451 ], [ -102.368541380887066, 21.966753444459183 ] ] ] } },
{ "type": "Feature", "properties": { "difference_1990_2000": 76.0, "difference_1990_2010": 171.0, "difference_1990_2020": 239.0 }, "geometry": { "type": "Polygon", "coordinates": [ [ [ -102.190214906264345, 21.84946729832253 ], [ -102.185642432556037, 21.84946729832253 ], [ -102.185642432556037, 21.845280270214548 ], [ -102.190214906264345, 21.845280270214527 ], [ -102.190214906264345, 21.84946729832253 ] ] ] } },
{ "type": "Feature", "properties": { "difference_1990_2000": 156.0, "difference_1990_2010": 163.0, "difference_1990_2020": 198.0 }, "geometry": { "type": "Polygon", "coordinates": [ [ [ -102.190214906264345, 21.83271991323565 ], [ -102.185642432556037, 21.83271991323565 ], [ -102.185642432556037, 21.828533369915302 ], [ -102.190214906264345, 21.828533369915288 ], [ -102.190214906264345, 21.83271991323565 ] ] ] } },
{ "type": "Feature", "properties": { "difference_1990_2000": 450.0, "difference_1990_2010": 378.0, "difference_1990_2020": 439.0 }, "geometry": { "type": "Polygon", "coordinates": [ [ [ -102.190214906264345, 21.828533369915288 ], [ -102.185642432556037, 21.828533369915302 ], [ -102.185642432556037, 21.824346947710072 ], [ -102.190214906264345, 21.824346947710072 ], [ -102.190214906264345, 21.828533369915288 ] ] ] } },
{ "type": "Feature", "properties": { "difference_1990_2000": 21.0, "difference_1990_2010": 21.0, "difference_1990_2020": 31.0 }, "geometry": { "type": "Polygon", "coordinates": [ [ [ -102.190214906264345, 21.841093363352506 ], [ -102.185642432556037, 21.841093363352506 ], [ -102.185642432556037, 21.836906577703839 ], [ -102.190214906264345, 21.836906577703807 ], [ -102.190214906264345, 21.841093363352506 ] ] ] } },
{ "type": "Feature", "properties": { "difference_1990_2000": 82.0, "difference_1990_2010": 138.0, "difference_1990_2020": 189.0 }, "geometry": { "type": "Polygon", "coordinates": [ [ [ -102.190214906264345, 21.845280270214527 ], [ -102.185642432556037, 21.845280270214548 ], [ -102.185642432556037, 21.841093363352506 ], [ -102.190214906264345, 21.841093363352506 ], [ -102.190214906264345, 21.845280270214527 ] ] ] } },
{ "type": "Feature", "properties": { "difference_1990_2000": 76.0, "difference_1990_2010": 95.0, "difference_1990_2020": 114.0 }, "geometry": { "type": "Polygon", "coordinates": [ [ [ -102.190214906264345, 21.836906577703807 ], [ -102.185642432556037, 21.836906577703839 ], [ -102.185642432556037, 21.83271991323565 ], [ -102.190214906264345, 21.83271991323565 ], [ -102.190214906264345, 21.836906577703807 ] ] ] } },
{ "type": "Feature", "properties": { "difference_1990_2000": 219.0, "difference_1990_2010": 237.0, "difference_1990_2020": 262.0 }, "geometry": { "type": "Polygon", "coordinates": [ [ [ -102.190214906264345, 21.820160646587123 ], [ -102.185642432556037, 21.820160646587123 ], [ -102.185642432556037, 21.815974466513847 ], [ -102.190214906264345, 21.815974466513847 ], [ -102.190214906264345, 21.820160646587123 ] ] ] } },
{ "type": "Feature", "properties": { "difference_1990_2000": 487.0, "difference_1990_2010": 403.0, "difference_1990_2020": 467.0 }, "geometry": { "type": "Polygon", "coordinates": [ [ [ -102.190214906264345, 21.824346947710072 ], [ -102.185642432556037, 21.824346947710072 ], [ -102.185642432556037, 21.820160646587123 ], [ -102.190214906264345, 21.820160646587123 ], [ -102.190214906264345, 21.824346947710072 ] ] ] } },
{ "type": "Feature", "properties": { "difference_1990_2000": 21.0, "difference_1990_2010": 26.0, "difference_1990_2020": 31.0 }, "geometry": { "type": "Polygon", "coordinates": [ [ [ -102.181069958847758, 21.83271991323565 ], [ -102.176497485139464, 21.83271991323565 ], [ -102.176497485139464, 21.828533369915302 ], [ -102.181069958847758, 21.828533369915302 ], [ -102.181069958847758, 21.83271991323565 ] ] ] } },
{ "type": "Feature", "properties": { "difference_1990_2000": 65.0, "difference_1990_2010": 81.0, "difference_1990_2020": 97.0 }, "geometry": { "type": "Polygon", "coordinates": [ [ [ -102.181069958847758, 21.841093363352506 ], [ -102.176497485139464, 21.841093363352506 ], [ -102.176497485139464, 21.836906577703839 ], [ -102.181069958847758, 21.836906577703839 ], [ -102.181069958847758, 21.841093363352506 ] ] ] } },
{ "type": "Feature", "properties": { "difference_1990_2000": 2.0, "difference_1990_2010": 2.0, "difference_1990_2020": 2.0 }, "geometry": { "type": "Polygon", "coordinates": [ [ [ -102.181069958847758, 21.828533369915302 ], [ -102.176497485139464, 21.828533369915302 ], [ -102.176497485139464, 21.824346947710072 ], [ -102.181069958847758, 21.824346947710094 ], [ -102.181069958847758, 21.828533369915302 ] ] ] } },
{ "type": "Feature", "properties": { "difference_1990_2000": 101.0, "difference_1990_2010": 125.0, "difference_1990_2020": 150.0 }, "geometry": { "type": "Polygon", "coordinates": [ [ [ -102.181069958847758, 21.836906577703839 ], [ -102.176497485139464, 21.836906577703839 ], [ -102.176497485139464, 21.83271991323565 ], [ -102.181069958847758, 21.83271991323565 ], [ -102.181069958847758, 21.836906577703839 ] ] ] } },
{ "type": "Feature", "properties": { "difference_1990_2000": 0.0, "difference_1990_2010": 0.0, "difference_1990_2020": 791.0 }, "geometry": { "type": "Polygon", "coordinates": [ [ [ -102.359396433470522, 21.84946729832253 ], [ -102.354823959762243, 21.84946729832253 ], [ -102.354823959762243, 21.845280270214527 ], [ -102.359396433470522, 21.845280270214527 ], [ -102.359396433470522, 21.84946729832253 ] ] ] } },
{ "type": "Feature", "properties": { "difference_1990_2000": 0.0, "difference_1990_2010": 0.0, "difference_1990_2020": 600.0 }, "geometry": { "type": "Polygon", "coordinates": [ [ [ -102.359396433470522, 21.853654447709435 ], [ -102.354823959762243, 21.853654447709385 ], [ -102.354823959762243, 21.84946729832253 ], [ -102.359396433470522, 21.84946729832253 ], [ -102.359396433470522, 21.853654447709435 ] ] ] } },
{ "type": "Feature", "properties": { "difference_1990_2000": 9.0, "difference_1990_2010": 57.0, "difference_1990_2020": 147.0 }, "geometry": { "type": "Polygon", "coordinates": [ [ [ -102.359396433470522, 21.95837269397385 ], [ -102.354823959762243, 21.95837269397385 ], [ -102.354823959762243, 21.954182501947557 ], [ -102.359396433470522, 21.954182501947557 ], [ -102.359396433470522, 21.95837269397385 ] ] ] } },
{ "type": "Feature", "properties": { "difference_1990_2000": 331.0, "difference_1990_2010": 1832.0, "difference_1990_2020": 2646.0 }, "geometry": { "type": "Polygon", "coordinates": [ [ [ -102.359396433470522, 21.970944002984044 ], [ -102.354823959762243, 21.970944002984044 ], [ -102.354823959762243, 21.966753444459201 ], [ -102.359396433470522, 21.966753444459183 ], [ -102.359396433470522, 21.970944002984044 ] ] ] } },
{ "type": "Feature", "properties": { "difference_1990_2000": 91.0, "difference_1990_2010": 849.0, "difference_1990_2020": 1116.0 }, "geometry": { "type": "Polygon", "coordinates": [ [ [ -102.359396433470522, 21.966753444459183 ], [ -102.354823959762243, 21.966753444459201 ], [ -102.354823959762243, 21.962563008133451 ], [ -102.359396433470522, 21.962563008133465 ], [ -102.359396433470522, 21.966753444459183 ] ] ] } },
{ "type": "Feature", "properties": { "difference_1990_2000": 0.0, "difference_1990_2010": 0.0, "difference_1990_2020": 63.0 }, "geometry": { "type": "Polygon", "coordinates": [ [ [ -102.359396433470522, 21.845280270214527 ], [ -102.354823959762243, 21.845280270214527 ], [ -102.354823959762243, 21.841093363352506 ], [ -102.359396433470522, 21.841093363352506 ], [ -102.359396433470522, 21.845280270214527 ] ] ] } },
{ "type": "Feature", "properties": { "difference_1990_2000": 15.0, "difference_1990_2010": 73.0, "difference_1990_2020": 231.0 }, "geometry": { "type": "Polygon", "coordinates": [ [ [ -102.359396433470522, 21.954182501947521 ], [ -102.354823959762243, 21.954182501947521 ], [ -102.354823959762243, 21.949992432021467 ], [ -102.359396433470522, 21.949992432021446 ], [ -102.359396433470522, 21.954182501947521 ] ] ] } },
{ "type": "Feature", "properties": { "difference_1990_2000": 10.0, "difference_1990_2010": 0.0, "difference_1990_2020": 91.0 }, "geometry": { "type": "Polygon", "coordinates": [ [ [ -102.359396433470522, 21.949992432021446 ], [ -102.354823959762243, 21.949992432021467 ], [ -102.354823959762243, 21.945802484162716 ], [ -102.359396433470522, 21.945802484162716 ], [ -102.359396433470522, 21.949992432021446 ] ] ] } },
{ "type": "Feature", "properties": { "difference_1990_2000": 0.0, "difference_1990_2010": 0.0, "difference_1990_2020": 10.0 }, "geometry": { "type": "Polygon", "coordinates": [ [ [ -102.359396433470522, 21.857841718407858 ], [ -102.354823959762243, 21.857841718407858 ], [ -102.354823959762243, 21.853654447709385 ], [ -102.359396433470522, 21.853654447709435 ], [ -102.359396433470522, 21.857841718407858 ] ] ] } },
{ "type": "Feature", "properties": { "difference_1990_2000": 2.0, "difference_1990_2010": -2.0, "difference_1990_2020": 6.0 }, "geometry": { "type": "Polygon", "coordinates": [ [ [ -102.359396433470522, 21.962563008133465 ], [ -102.354823959762243, 21.962563008133451 ], [ -102.354823959762243, 21.95837269397385 ], [ -102.359396433470522, 21.95837269397385 ], [ -102.359396433470522, 21.962563008133465 ] ] ] } },
{ "type": "Feature", "properties": { "difference_1990_2000": 0.0, "difference_1990_2010": 0.0, "difference_1990_2020": 15.0 }, "geometry": { "type": "Polygon", "coordinates": [ [ [ -102.359396433470522, 21.862029110450639 ], [ -102.354823959762243, 21.862029110450639 ], [ -102.354823959762243, 21.857841718407858 ], [ -102.359396433470522, 21.857841718407858 ], [ -102.359396433470522, 21.862029110450639 ] ] ] } },
{ "type": "Feature", "properties": { "difference_1990_2000": 288.0, "difference_1990_2010": 660.0, "difference_1990_2020": 2033.0 }, "geometry": { "type": "Polygon", "coordinates": [ [ [ -102.359396433470522, 21.975134683741057 ], [ -102.354823959762243, 21.975134683741057 ], [ -102.354823959762243, 21.970944002984044 ], [ -102.359396433470522, 21.970944002984044 ], [ -102.359396433470522, 21.975134683741057 ] ] ] } },
{ "type": "Feature", "properties": { "difference_1990_2000": 0.0, "difference_1990_2010": 5.0, "difference_1990_2020": 20.0 }, "geometry": { "type": "Polygon", "coordinates": [ [ [ -102.350251486053963, 21.84946729832253 ], [ -102.345679012345684, 21.84946729832253 ], [ -102.345679012345684, 21.845280270214527 ], [ -102.350251486053963, 21.845280270214527 ], [ -102.350251486053963, 21.84946729832253 ] ] ] } },
{ "type": "Feature", "properties": { "difference_1990_2000": 0.0, "difference_1990_2010": 0.0, "difference_1990_2020": 361.0 }, "geometry": { "type": "Polygon", "coordinates": [ [ [ -102.350251486053963, 21.853654447709399 ], [ -102.345679012345684, 21.853654447709435 ], [ -102.345679012345684, 21.84946729832253 ], [ -102.350251486053963, 21.84946729832253 ], [ -102.350251486053963, 21.853654447709399 ] ] ] } },
{ "type": "Feature", "properties": { "difference_1990_2000": 1431.0, "difference_1990_2010": 2264.0, "difference_1990_2020": 2353.0 }, "geometry": { "type": "Polygon", "coordinates": [ [ [ -102.350251486053963, 21.95837269397385 ], [ -102.345679012345684, 21.95837269397385 ], [ -102.345679012345684, 21.954182501947571 ], [ -102.350251486053963, 21.954182501947557 ], [ -102.350251486053963, 21.95837269397385 ] ] ] } },
{ "type": "Feature", "properties": { "difference_1990_2000": 0.0, "difference_1990_2010": 9.0, "difference_1990_2020": 36.0 }, "geometry": { "type": "Polygon", "coordinates": [ [ [ -102.350251486053963, 21.882967891977646 ], [ -102.345679012345684, 21.882967891977646 ], [ -102.345679012345684, 21.878779892721155 ], [ -102.350251486053963, 21.878779892721138 ], [ -102.350251486053963, 21.882967891977646 ] ] ] } },
{ "type": "Feature", "properties": { "difference_1990_2000": 34.0, "difference_1990_2010": 390.0, "difference_1990_2020": 389.0 }, "geometry": { "type": "Polygon", "coordinates": [ [ [ -102.350251486053963, 21.945802484162684 ], [ -102.345679012345684, 21.945802484162733 ], [ -102.345679012345684, 21.941612658338283 ], [ -102.350251486053963, 21.941612658338251 ], [ -102.350251486053963, 21.945802484162684 ] ] ] } },
{ "type": "Feature", "properties": { "difference_1990_2000": 532.0, "difference_1990_2010": 1005.0, "difference_1990_2020": 1263.0 }, "geometry": { "type": "Polygon", "coordinates": [ [ [ -102.350251486053963, 21.970944002984044 ], [ -102.345679012345684, 21.970944002984044 ], [ -102.345679012345684, 21.966753444459201 ], [ -102.350251486053963, 21.966753444459183 ], [ -102.350251486053963, 21.970944002984044 ] ] ] } },
{ "type": "Feature", "properties": { "difference_1990_2000": 0.0, "difference_1990_2010": 0.0, "difference_1990_2020": 4.0 }, "geometry": { "type": "Polygon", "coordinates": [ [ [ -102.350251486053963, 21.996089922162689 ], [ -102.345679012345684, 21.996089922162689 ], [ -102.345679012345684, 21.991898629750128 ], [ -102.350251486053963, 21.991898629750128 ], [ -102.350251486053963, 21.996089922162689 ] ] ] } },
{ "type": "Feature", "properties": { "difference_1990_2000": 252.0, "difference_1990_2010": 363.0, "difference_1990_2020": 355.0 }, "geometry": { "type": "Polygon", "coordinates": [ [ [ -102.350251486053963, 21.966753444459183 ], [ -102.345679012345684, 21.966753444459201 ], [ -102.345679012345684, 21.962563008133465 ], [ -102.350251486053963, 21.962563008133451 ], [ -102.350251486053963, 21.966753444459183 ] ] ] } },
{ "type": "Feature", "properties": { "difference_1990_2000": 13.0, "difference_1990_2010": 49.0, "difference_1990_2020": 68.0 }, "geometry": { "type": "Polygon", "coordinates": [ [ [ -102.350251486053963, 21.97932548676317 ], [ -102.345679012345684, 21.97932548676317 ], [ -102.345679012345684, 21.975134683741057 ], [ -102.350251486053963, 21.975134683741057 ], [ -102.350251486053963, 21.97932548676317 ] ] ] } },
{ "type": "Feature", "properties": { "difference_1990_2000": 30.0, "difference_1990_2010": 80.0, "difference_1990_2020": 94.0 }, "geometry": { "type": "Polygon", "coordinates": [ [ [ -102.350251486053963, 21.866216623870518 ], [ -102.345679012345684, 21.866216623870553 ], [ -102.345679012345684, 21.862029110450639 ], [ -102.350251486053963, 21.862029110450639 ], [ -102.350251486053963, 21.866216623870518 ] ] ] } },
{ "type": "Feature", "properties": { "difference_1990_2000": 0.0, "difference_1990_2010": 4.0, "difference_1990_2020": 15.0 }, "geometry": { "type": "Polygon", "coordinates": [ [ [ -102.350251486053963, 21.845280270214527 ], [ -102.345679012345684, 21.845280270214527 ], [ -102.345679012345684, 21.841093363352506 ], [ -102.350251486053963, 21.841093363352506 ], [ -102.350251486053963, 21.845280270214527 ] ] ] } },
{ "type": "Feature", "properties": { "difference_1990_2000": 1391.0, "difference_1990_2010": 2255.0, "difference_1990_2020": 2375.0 }, "geometry": { "type": "Polygon", "coordinates": [ [ [ -102.350251486053963, 21.954182501947521 ], [ -102.345679012345684, 21.954182501947521 ], [ -102.345679012345684, 21.949992432021446 ], [ -102.350251486053963, 21.949992432021446 ], [ -102.350251486053963, 21.954182501947521 ] ] ] } },
{ "type": "Feature", "properties": { "difference_1990_2000": 19.0, "difference_1990_2010": 47.0, "difference_1990_2020": 254.0 }, "geometry": { "type": "Polygon", "coordinates": [ [ [ -102.350251486053963, 21.857841718407826 ], [ -102.345679012345684, 21.857841718407858 ], [ -102.345679012345684, 21.853654447709435 ], [ -102.350251486053963, 21.853654447709399 ], [ -102.350251486053963, 21.857841718407826 ] ] ] } },
{ "type": "Feature", "properties": { "difference_1990_2000": 376.0, "difference_1990_2010": 366.0, "difference_1990_2020": 210.0 }, "geometry": { "type": "Polygon", "coordinates": [ [ [ -102.350251486053963, 21.962563008133451 ], [ -102.345679012345684, 21.962563008133465 ], [ -102.345679012345684, 21.95837269397385 ], [ -102.350251486053963, 21.95837269397385 ], [ -102.350251486053963, 21.962563008133451 ] ] ] } },
{ "type": "Feature", "properties": { "difference_1990_2000": 770.0, "difference_1990_2010": 1301.0, "difference_1990_2020": 1337.0 }, "geometry": { "type": "Polygon", "coordinates": [ [ [ -102.350251486053963, 21.949992432021446 ], [ -102.345679012345684, 21.949992432021446 ], [ -102.345679012345684, 21.945802484162733 ], [ -102.350251486053963, 21.945802484162684 ], [ -102.350251486053963, 21.949992432021446 ] ] ] } },
{ "type": "Feature", "properties": { "difference_1990_2000": 0.0, "difference_1990_2010": 16.0, "difference_1990_2020": 63.0 }, "geometry": { "type": "Polygon", "coordinates": [ [ [ -102.350251486053963, 21.8871560127753 ], [ -102.345679012345684, 21.8871560127753 ], [ -102.345679012345684, 21.882967891977646 ], [ -102.350251486053963, 21.882967891977646 ], [ -102.350251486053963, 21.8871560127753 ] ] ] } },
{ "type": "Feature", "properties": { "difference_1990_2000": 111.0, "difference_1990_2010": 299.0, "difference_1990_2020": 353.0 }, "geometry": { "type": "Polygon", "coordinates": [ [ [ -102.350251486053963, 21.862029110450639 ], [ -102.345679012345684, 21.862029110450639 ], [ -102.345679012345684, 21.857841718407858 ], [ -102.350251486053963, 21.857841718407826 ], [ -102.350251486053963, 21.862029110450639 ] ] ] } },
{ "type": "Feature", "properties": { "difference_1990_2000": 169.0, "difference_1990_2010": 491.0, "difference_1990_2020": 526.0 }, "geometry": { "type": "Polygon", "coordinates": [ [ [ -102.350251486053963, 21.975134683741025 ], [ -102.345679012345684, 21.975134683741025 ], [ -102.345679012345684, 21.970944002984044 ], [ -102.350251486053963, 21.970944002984044 ], [ -102.350251486053963, 21.975134683741025 ] ] ] } },
{ "type": "Feature", "properties": { "difference_1990_2000": 121.0, "difference_1990_2010": 215.0, "difference_1990_2020": 229.0 }, "geometry": { "type": "Polygon", "coordinates": [ [ [ -102.341106538637405, 21.924854574725966 ], [ -102.33653406492914, 21.924854574725966 ], [ -102.33653406492914, 21.920665358579601 ], [ -102.341106538637405, 21.920665358579601 ], [ -102.341106538637405, 21.924854574725966 ] ] ] } },
{ "type": "Feature", "properties": { "difference_1990_2000": 61.0, "difference_1990_2010": 332.0, "difference_1990_2020": 582.0 }, "geometry": { "type": "Polygon", "coordinates": [ [ [ -102.341106538637405, 21.849467298322516 ], [ -102.33653406492914, 21.849467298322562 ], [ -102.33653406492914, 21.845280270214527 ], [ -102.341106538637405, 21.845280270214527 ], [ -102.341106538637405, 21.849467298322516 ] ] ] } },
{ "type": "Feature", "properties": { "difference_1990_2000": 216.0, "difference_1990_2010": 844.0, "difference_1990_2020": 1034.0 }, "geometry": { "type": "Polygon", "coordinates": [ [ [ -102.341106538637405, 21.853654447709385 ], [ -102.33653406492914, 21.853654447709399 ], [ -102.33653406492914, 21.849467298322562 ], [ -102.341106538637405, 21.849467298322516 ], [ -102.341106538637405, 21.853654447709385 ] ] ] } },
{ "type": "Feature", "properties": { "difference_1990_2000": 511.0, "difference_1990_2010": 522.0, "difference_1990_2020": 532.0 }, "geometry": { "type": "Polygon", "coordinates": [ [ [ -102.341106538637405, 21.95837269397385 ], [ -102.33653406492914, 21.95837269397385 ], [ -102.33653406492914, 21.954182501947521 ], [ -102.341106538637405, 21.954182501947571 ], [ -102.341106538637405, 21.95837269397385 ] ] ] } },
{ "type": "Feature", "properties": { "difference_1990_2000": 0.0, "difference_1990_2010": 354.0, "difference_1990_2020": 981.0 }, "geometry": { "type": "Polygon", "coordinates": [ [ [ -102.341106538637405, 21.882967891977646 ], [ -102.33653406492914, 21.882967891977646 ], [ -102.33653406492914, 21.878779892721155 ], [ -102.341106538637405, 21.878779892721155 ], [ -102.341106538637405, 21.882967891977646 ] ] ] } },
{ "type": "Feature", "properties": { "difference_1990_2000": 86.0, "difference_1990_2010": 83.0, "difference_1990_2020": 162.0 }, "geometry": { "type": "Polygon", "coordinates": [ [ [ -102.341106538637405, 21.933233372660926 ], [ -102.33653406492914, 21.933233372660926 ], [ -102.33653406492914, 21.929043912742092 ], [ -102.341106538637405, 21.929043912742092 ], [ -102.341106538637405, 21.933233372660926 ] ] ] } },
{ "type": "Feature", "properties": { "difference_1990_2000": 172.0, "difference_1990_2010": 273.0, "difference_1990_2020": 385.0 }, "geometry": { "type": "Polygon", "coordinates": [ [ [ -102.341106538637405, 21.970944002984044 ], [ -102.33653406492914, 21.970944002984044 ], [ -102.33653406492914, 21.966753444459183 ], [ -102.341106538637405, 21.966753444459183 ], [ -102.341106538637405, 21.970944002984044 ] ] ] } },
{ "type": "Feature", "properties": { "difference_1990_2000": 0.0, "difference_1990_2010": 30.0, "difference_1990_2020": 103.0 }, "geometry": { "type": "Polygon", "coordinates": [ [ [ -102.341106538637405, 21.945802484162716 ], [ -102.33653406492914, 21.945802484162716 ], [ -102.33653406492914, 21.941612658338283 ], [ -102.341106538637405, 21.941612658338283 ], [ -102.341106538637405, 21.945802484162716 ] ] ] } },
{ "type": "Feature", "properties": { "difference_1990_2000": 0.0, "difference_1990_2010": 0.0, "difference_1990_2020": 52.0 }, "geometry": { "type": "Polygon", "coordinates": [ [ [ -102.341106538637405, 21.996089922162689 ], [ -102.33653406492914, 21.996089922162689 ], [ -102.33653406492914, 21.991898629750128 ], [ -102.341106538637405, 21.991898629750128 ], [ -102.341106538637405, 21.996089922162689 ] ] ] } },
{ "type": "Feature", "properties": { "difference_1990_2000": 120.0, "difference_1990_2010": 258.0, "difference_1990_2020": 342.0 }, "geometry": { "type": "Polygon", "coordinates": [ [ [ -102.341106538637405, 21.966753444459183 ], [ -102.33653406492914, 21.966753444459183 ], [ -102.33653406492914, 21.962563008133451 ], [ -102.341106538637405, 21.962563008133451 ], [ -102.341106538637405, 21.966753444459183 ] ] ] } },
{ "type": "Feature", "properties": { "difference_1990_2000": 75.0, "difference_1990_2010": 0.0, "difference_1990_2020": 129.0 }, "geometry": { "type": "Polygon", "coordinates": [ [ [ -102.341106538637405, 21.891344255146929 ], [ -102.33653406492914, 21.891344255146929 ], [ -102.33653406492914, 21.8871560127753 ], [ -102.341106538637405, 21.8871560127753 ], [ -102.341106538637405, 21.891344255146929 ] ] ] } },
{ "type": "Feature", "properties": { "difference_1990_2000": 390.0, "difference_1990_2010": 661.0, "difference_1990_2020": 739.0 }, "geometry": { "type": "Polygon", "coordinates": [ [ [ -102.341106538637405, 21.929043912742092 ], [ -102.33653406492914, 21.929043912742092 ], [ -102.33653406492914, 21.924854574725966 ], [ -102.341106538637405, 21.924854574725966 ], [ -102.341106538637405, 21.929043912742092 ] ] ] } },
{ "type": "Feature", "properties": { "difference_1990_2000": 19.0, "difference_1990_2010": 72.0, "difference_1990_2020": 97.0 }, "geometry": { "type": "Polygon", "coordinates": [ [ [ -102.341106538637405, 21.97932548676317 ], [ -102.33653406492914, 21.97932548676317 ], [ -102.33653406492914, 21.975134683741057 ], [ -102.341106538637405, 21.975134683741057 ], [ -102.341106538637405, 21.97932548676317 ] ] ] } },
{ "type": "Feature", "properties": { "difference_1990_2000": -1.0, "difference_1990_2010": 267.0, "difference_1990_2020": 467.0 }, "geometry": { "type": "Polygon", "coordinates": [ [ [ -102.341106538637405, 21.866216623870553 ], [ -102.33653406492914, 21.866216623870553 ], [ -102.33653406492914, 21.862029110450656 ], [ -102.341106538637405, 21.862029110450639 ], [ -102.341106538637405, 21.866216623870553 ] ] ] } },
{ "type": "Feature", "properties": { "difference_1990_2000": 0.0, "difference_1990_2010": 0.0, "difference_1990_2020": 331.0 }, "geometry": { "type": "Polygon", "coordinates": [ [ [ -102.341106538637405, 21.912287291764688 ], [ -102.33653406492914, 21.912287291764688 ], [ -102.33653406492914, 21.908098441030358 ], [ -102.341106538637405, 21.908098441030358 ], [ -102.341106538637405, 21.912287291764688 ] ] ] } },
{ "type": "Feature", "properties": { "difference_1990_2000": 0.0, "difference_1990_2010": 88.0, "difference_1990_2020": 229.0 }, "geometry": { "type": "Polygon", "coordinates": [ [ [ -102.341106538637405, 21.878779892721155 ], [ -102.33653406492914, 21.878779892721155 ], [ -102.33653406492914, 21.874592014973036 ], [ -102.341106538637405, 21.874592014973036 ], [ -102.341106538637405, 21.878779892721155 ] ] ] } },
{ "type": "Feature", "properties": { "difference_1990_2000": 245.0, "difference_1990_2010": 644.0, "difference_1990_2020": 641.0 }, "geometry": { "type": "Polygon", "coordinates": [ [ [ -102.341106538637405, 21.954182501947521 ], [ -102.33653406492914, 21.954182501947514 ], [ -102.33653406492914, 21.949992432021446 ], [ -102.341106538637405, 21.949992432021467 ], [ -102.341106538637405, 21.954182501947521 ] ] ] } },
{ "type": "Feature", "properties": { "difference_1990_2000": 0.0, "difference_1990_2010": 0.0, "difference_1990_2020": 109.0 }, "geometry": { "type": "Polygon", "coordinates": [ [ [ -102.341106538637405, 22.000281337005369 ], [ -102.33653406492914, 22.000281337005369 ], [ -102.33653406492914, 21.996089922162689 ], [ -102.341106538637405, 21.996089922162689 ], [ -102.341106538637405, 22.000281337005369 ] ] ] } },
{ "type": "Feature", "properties": { "difference_1990_2000": 0.0, "difference_1990_2010": 0.0, "difference_1990_2020": 162.0 }, "geometry": { "type": "Polygon", "coordinates": [ [ [ -102.341106538637405, 21.916476264270152 ], [ -102.33653406492914, 21.916476264270152 ], [ -102.33653406492914, 21.912287291764688 ], [ -102.341106538637405, 21.912287291764688 ], [ -102.341106538637405, 21.916476264270152 ] ] ] } },
{ "type": "Feature", "properties": { "difference_1990_2000": 62.0, "difference_1990_2010": 347.0, "difference_1990_2020": 399.0 }, "geometry": { "type": "Polygon", "coordinates": [ [ [ -102.341106538637405, 21.962563008133451 ], [ -102.33653406492914, 21.962563008133451 ], [ -102.33653406492914, 21.95837269397385 ], [ -102.341106538637405, 21.95837269397385 ], [ -102.341106538637405, 21.962563008133451 ] ] ] } },
{ "type": "Feature", "properties": { "difference_1990_2000": 226.0, "difference_1990_2010": 828.0, "difference_1990_2020": 999.0 }, "geometry": { "type": "Polygon", "coordinates": [ [ [ -102.341106538637405, 21.857841718407858 ], [ -102.33653406492914, 21.857841718407858 ], [ -102.33653406492914, 21.853654447709399 ], [ -102.341106538637405, 21.853654447709385 ], [ -102.341106538637405, 21.857841718407858 ] ] ] } },
{ "type": "Feature", "properties": { "difference_1990_2000": 350.0, "difference_1990_2010": 109.0, "difference_1990_2020": 625.0 }, "geometry": { "type": "Polygon", "coordinates": [ [ [ -102.341106538637405, 21.949992432021467 ], [ -102.33653406492914, 21.949992432021446 ], [ -102.33653406492914, 21.945802484162716 ], [ -102.341106538637405, 21.945802484162716 ], [ -102.341106538637405, 21.949992432021467 ] ] ] } },
{ "type": "Feature", "properties": { "difference_1990_2000": 78.0, "difference_1990_2010": 134.0, "difference_1990_2020": 540.0 }, "geometry": { "type": "Polygon", "coordinates": [ [ [ -102.341106538637405, 21.8871560127753 ], [ -102.33653406492914, 21.8871560127753 ], [ -102.33653406492914, 21.882967891977646 ], [ -102.341106538637405, 21.882967891977646 ], [ -102.341106538637405, 21.8871560127753 ] ] ] } },
{ "type": "Feature", "properties": { "difference_1990_2000": 0.0, "difference_1990_2010": 2.0, "difference_1990_2020": 4.0 }, "geometry": { "type": "Polygon", "coordinates": [ [ [ -102.341106538637405, 21.870404258700432 ], [ -102.33653406492914, 21.870404258700432 ], [ -102.33653406492914, 21.866216623870553 ], [ -102.341106538637405, 21.866216623870553 ], [ -102.341106538637405, 21.870404258700432 ] ] ] } },
{ "type": "Feature", "properties": { "difference_1990_2000": 119.0, "difference_1990_2010": 48.0, "difference_1990_2020": 422.0 }, "geometry": { "type": "Polygon", "coordinates": [ [ [ -102.341106538637405, 21.862029110450639 ], [ -102.33653406492914, 21.862029110450656 ], [ -102.33653406492914, 21.857841718407858 ], [ -102.341106538637405, 21.857841718407858 ], [ -102.341106538637405, 21.862029110450639 ] ] ] } },
{ "type": "Feature", "properties": { "difference_1990_2000": -8.0, "difference_1990_2010": 21.0, "difference_1990_2020": 42.0 }, "geometry": { "type": "Polygon", "coordinates": [ [ [ -102.341106538637405, 21.874592014973036 ], [ -102.33653406492914, 21.874592014973036 ], [ -102.33653406492914, 21.870404258700432 ], [ -102.341106538637405, 21.870404258700432 ], [ -102.341106538637405, 21.874592014973036 ] ] ] } },
{ "type": "Feature", "properties": { "difference_1990_2000": 118.0, "difference_1990_2010": 293.0, "difference_1990_2020": 416.0 }, "geometry": { "type": "Polygon", "coordinates": [ [ [ -102.341106538637405, 21.975134683741025 ], [ -102.33653406492914, 21.975134683741025 ], [ -102.33653406492914, 21.970944002984044 ], [ -102.341106538637405, 21.970944002984044 ], [ -102.341106538637405, 21.975134683741025 ] ] ] } },
{ "type": "Feature", "properties": { "difference_1990_2000": 0.0, "difference_1990_2010": 0.0, "difference_1990_2020": 58.0 }, "geometry": { "type": "Polygon", "coordinates": [ [ [ -102.153635116598096, 22.017048221338268 ], [ -102.149062642889803, 22.017048221338296 ], [ -102.149062642889803, 22.01285631644463 ], [ -102.153635116598096, 22.012856316444608 ], [ -102.153635116598096, 22.017048221338268 ] ] ] } },
{ "type": "Feature", "properties": { "difference_1990_2000": 0.0, "difference_1990_2010": 234.0, "difference_1990_2020": 292.0 }, "geometry": { "type": "Polygon", "coordinates": [ [ [ -102.33196159122086, 21.941612658338283 ], [ -102.327389117512581, 21.941612658338283 ], [ -102.327389117512581, 21.937422954515348 ], [ -102.33196159122086, 21.937422954515348 ], [ -102.33196159122086, 21.941612658338283 ] ] ] } },
{ "type": "Feature", "properties": { "difference_1990_2000": 526.0, "difference_1990_2010": 726.0, "difference_1990_2020": 1005.0 }, "geometry": { "type": "Polygon", "coordinates": [ [ [ -102.33196159122086, 21.924854574725966 ], [ -102.327389117512581, 21.924854574725948 ], [ -102.327389117512581, 21.920665358579601 ], [ -102.33196159122086, 21.920665358579601 ], [ -102.33196159122086, 21.924854574725966 ] ] ] } },
{ "type": "Feature", "properties": { "difference_1990_2000": 0.0, "difference_1990_2010": 0.0, "difference_1990_2020": 765.0 }, "geometry": { "type": "Polygon", "coordinates": [ [ [ -102.33196159122086, 21.899721104743605 ], [ -102.327389117512581, 21.899721104743623 ], [ -102.327389117512581, 21.895532619125444 ], [ -102.33196159122086, 21.895532619125422 ], [ -102.33196159122086, 21.899721104743605 ] ] ] } },
{ "type": "Feature", "properties": { "difference_1990_2000": 41.0, "difference_1990_2010": -8.0, "difference_1990_2020": 39.0 }, "geometry": { "type": "Polygon", "coordinates": [ [ [ -102.33196159122086, 21.84946729832253 ], [ -102.327389117512581, 21.84946729832253 ], [ -102.327389117512581, 21.845280270214527 ], [ -102.33196159122086, 21.845280270214527 ], [ -102.33196159122086, 21.84946729832253 ] ] ] } },
{ "type": "Feature", "properties": { "difference_1990_2000": 0.0, "difference_1990_2010": 0.0, "difference_1990_2020": 36.0 }, "geometry": { "type": "Polygon", "coordinates": [ [ [ -102.33196159122086, 21.895532619125422 ], [ -102.327389117512581, 21.895532619125444 ], [ -102.327389117512581, 21.891344255146929 ], [ -102.33196159122086, 21.891344255146929 ], [ -102.33196159122086, 21.895532619125422 ] ] ] } },
{ "type": "Feature", "properties": { "difference_1990_2000": 0.0, "difference_1990_2010": 11.0, "difference_1990_2020": 337.0 }, "geometry": { "type": "Polygon", "coordinates": [ [ [ -102.33196159122086, 21.908098441030358 ], [ -102.327389117512581, 21.908098441030358 ], [ -102.327389117512581, 21.903909712034299 ], [ -102.33196159122086, 21.903909712034299 ], [ -102.33196159122086, 21.908098441030358 ] ] ] } },
{ "type": "Feature", "properties": { "difference_1990_2000": 87.0, "difference_1990_2010": -230.0, "difference_1990_2020": -72.0 }, "geometry": { "type": "Polygon", "coordinates": [ [ [ -102.33196159122086, 21.853654447709399 ], [ -102.327389117512581, 21.853654447709399 ], [ -102.327389117512581, 21.84946729832253 ], [ -102.33196159122086, 21.84946729832253 ], [ -102.33196159122086, 21.853654447709399 ] ] ] } },
{ "type": "Feature", "properties": { "difference_1990_2000": 0.0, "difference_1990_2010": 0.0, "difference_1990_2020": 9.0 }, "geometry": { "type": "Polygon", "coordinates": [ [ [ -102.33196159122086, 21.83271991323565 ], [ -102.327389117512581, 21.83271991323565 ], [ -102.327389117512581, 21.828533369915288 ], [ -102.33196159122086, 21.828533369915302 ], [ -102.33196159122086, 21.83271991323565 ] ] ] } },
{ "type": "Feature", "properties": { "difference_1990_2000": 184.0, "difference_1990_2010": 95.0, "difference_1990_2020": 132.0 }, "geometry": { "type": "Polygon", "coordinates": [ [ [ -102.33196159122086, 21.95837269397385 ], [ -102.327389117512581, 21.958372693973882 ], [ -102.327389117512581, 21.954182501947557 ], [ -102.33196159122086, 21.954182501947557 ], [ -102.33196159122086, 21.95837269397385 ] ] ] } },
{ "type": "Feature", "properties": { "difference_1990_2000": 0.0, "difference_1990_2010": 0.0, "difference_1990_2020": 4.0 }, "geometry": { "type": "Polygon", "coordinates": [ [ [ -102.33196159122086, 21.841093363352485 ], [ -102.327389117512581, 21.841093363352506 ], [ -102.327389117512581, 21.836906577703807 ], [ -102.33196159122086, 21.836906577703807 ], [ -102.33196159122086, 21.841093363352485 ] ] ] } },
{ "type": "Feature", "properties": { "difference_1990_2000": 57.0, "difference_1990_2010": 107.0, "difference_1990_2020": 924.0 }, "geometry": { "type": "Polygon", "coordinates": [ [ [ -102.33196159122086, 21.882967891977646 ], [ -102.327389117512581, 21.882967891977646 ], [ -102.327389117512581, 21.878779892721155 ], [ -102.33196159122086, 21.878779892721155 ], [ -102.33196159122086, 21.882967891977646 ] ] ] } },
{ "type": "Feature", "properties": { "difference_1990_2000": 128.0, "difference_1990_2010": 155.0, "difference_1990_2020": 178.0 }, "geometry": { "type": "Polygon", "coordinates": [ [ [ -102.33196159122086, 21.933233372660926 ], [ -102.327389117512581, 21.933233372660926 ], [ -102.327389117512581, 21.929043912742092 ], [ -102.33196159122086, 21.929043912742092 ], [ -102.33196159122086, 21.933233372660926 ] ] ] } },
{ "type": "Feature", "properties": { "difference_1990_2000": 0.0, "difference_1990_2010": 0.0, "difference_1990_2020": 2080.0 }, "geometry": { "type": "Polygon", "coordinates": [ [ [ -102.33196159122086, 21.970944002984044 ], [ -102.327389117512581, 21.970944002984044 ], [ -102.327389117512581, 21.966753444459183 ], [ -102.33196159122086, 21.966753444459183 ], [ -102.33196159122086, 21.970944002984044 ] ] ] } },
{ "type": "Feature", "properties": { "difference_1990_2000": 0.0, "difference_1990_2010": 517.0, "difference_1990_2020": 644.0 }, "geometry": { "type": "Polygon", "coordinates": [ [ [ -102.33196159122086, 21.945802484162716 ], [ -102.327389117512581, 21.945802484162716 ], [ -102.327389117512581, 21.941612658338283 ], [ -102.33196159122086, 21.941612658338283 ], [ -102.33196159122086, 21.945802484162716 ] ] ] } },
{ "type": "Feature", "properties": { "difference_1990_2000": 0.0, "difference_1990_2010": 0.0, "difference_1990_2020": 677.0 }, "geometry": { "type": "Polygon", "coordinates": [ [ [ -102.33196159122086, 21.903909712034299 ], [ -102.327389117512581, 21.903909712034299 ], [ -102.327389117512581, 21.899721104743623 ], [ -102.33196159122086, 21.899721104743605 ], [ -102.33196159122086, 21.903909712034299 ] ] ] } },
{ "type": "Feature", "properties": { "difference_1990_2000": 12.0, "difference_1990_2010": -85.0, "difference_1990_2020": 812.0 }, "geometry": { "type": "Polygon", "coordinates": [ [ [ -102.33196159122086, 21.966753444459183 ], [ -102.327389117512581, 21.966753444459183 ], [ -102.327389117512581, 21.962563008133451 ], [ -102.33196159122086, 21.962563008133451 ], [ -102.33196159122086, 21.966753444459183 ] ] ] } },
{ "type": "Feature", "properties": { "difference_1990_2000": 66.0, "difference_1990_2010": 80.0, "difference_1990_2020": 92.0 }, "geometry": { "type": "Polygon", "coordinates": [ [ [ -102.33196159122086, 21.929043912742092 ], [ -102.327389117512581, 21.929043912742092 ], [ -102.327389117512581, 21.924854574725948 ], [ -102.33196159122086, 21.924854574725966 ], [ -102.33196159122086, 21.929043912742092 ] ] ] } },
{ "type": "Feature", "properties": { "difference_1990_2000": 0.0, "difference_1990_2010": 0.0, "difference_1990_2020": 774.0 }, "geometry": { "type": "Polygon", "coordinates": [ [ [ -102.33196159122086, 21.845280270214527 ], [ -102.327389117512581, 21.845280270214527 ], [ -102.327389117512581, 21.841093363352506 ], [ -102.33196159122086, 21.841093363352485 ], [ -102.33196159122086, 21.845280270214527 ] ] ] } },
{ "type": "Feature", "properties": { "difference_1990_2000": -30.0, "difference_1990_2010": -69.0, "difference_1990_2020": 9.0 }, "geometry": { "type": "Polygon", "coordinates": [ [ [ -102.33196159122086, 21.866216623870553 ], [ -102.327389117512581, 21.866216623870553 ], [ -102.327389117512581, 21.862029110450639 ], [ -102.33196159122086, 21.862029110450639 ], [ -102.33196159122086, 21.866216623870553 ] ] ] } },
{ "type": "Feature", "properties": { "difference_1990_2000": 0.0, "difference_1990_2010": 50.0, "difference_1990_2020": 157.0 }, "geometry": { "type": "Polygon", "coordinates": [ [ [ -102.33196159122086, 21.912287291764688 ], [ -102.327389117512581, 21.912287291764688 ], [ -102.327389117512581, 21.908098441030358 ], [ -102.33196159122086, 21.908098441030358 ], [ -102.33196159122086, 21.912287291764688 ] ] ] } },
{ "type": "Feature", "properties": { "difference_1990_2000": 0.0, "difference_1990_2010": 0.0, "difference_1990_2020": 25.0 }, "geometry": { "type": "Polygon", "coordinates": [ [ [ -102.33196159122086, 21.836906577703807 ], [ -102.327389117512581, 21.836906577703807 ], [ -102.327389117512581, 21.83271991323565 ], [ -102.33196159122086, 21.83271991323565 ], [ -102.33196159122086, 21.836906577703807 ] ] ] } },
{ "type": "Feature", "properties": { "difference_1990_2000": 420.0, "difference_1990_2010": 543.0, "difference_1990_2020": 581.0 }, "geometry": { "type": "Polygon", "coordinates": [ [ [ -102.33196159122086, 21.878779892721155 ], [ -102.327389117512581, 21.878779892721155 ], [ -102.327389117512581, 21.874592014973036 ], [ -102.33196159122086, 21.874592014973036 ], [ -102.33196159122086, 21.878779892721155 ] ] ] } },
{ "type": "Feature", "properties": { "difference_1990_2000": 0.0, "difference_1990_2010": 205.0, "difference_1990_2020": 255.0 }, "geometry": { "type": "Polygon", "coordinates": [ [ [ -102.33196159122086, 21.954182501947521 ], [ -102.327389117512581, 21.954182501947521 ], [ -102.327389117512581, 21.949992432021467 ], [ -102.33196159122086, 21.949992432021446 ], [ -102.33196159122086, 21.954182501947521 ] ] ] } },
{ "type": "Feature", "properties": { "difference_1990_2000": 235.0, "difference_1990_2010": 199.0, "difference_1990_2020": 526.0 }, "geometry": { "type": "Polygon", "coordinates": [ [ [ -102.33196159122086, 21.916476264270152 ], [ -102.327389117512581, 21.916476264270152 ], [ -102.327389117512581, 21.912287291764688 ], [ -102.33196159122086, 21.912287291764688 ], [ -102.33196159122086, 21.916476264270152 ] ] ] } },
{ "type": "Feature", "properties": { "difference_1990_2000": 66.0, "difference_1990_2010": 171.0, "difference_1990_2020": 234.0 }, "geometry": { "type": "Polygon", "coordinates": [ [ [ -102.33196159122086, 21.937422954515348 ], [ -102.327389117512581, 21.937422954515348 ], [ -102.327389117512581, 21.933233372660926 ], [ -102.33196159122086, 21.933233372660926 ], [ -102.33196159122086, 21.937422954515348 ] ] ] } },
{ "type": "Feature", "properties": { "difference_1990_2000": 124.0, "difference_1990_2010": 298.0, "difference_1990_2020": 359.0 }, "geometry": { "type": "Polygon", "coordinates": [ [ [ -102.33196159122086, 21.962563008133451 ], [ -102.327389117512581, 21.962563008133451 ], [ -102.327389117512581, 21.958372693973882 ], [ -102.33196159122086, 21.95837269397385 ], [ -102.33196159122086, 21.962563008133451 ] ] ] } },
{ "type": "Feature", "properties": { "difference_1990_2000": 0.0, "difference_1990_2010": 517.0, "difference_1990_2020": 644.0 }, "geometry": { "type": "Polygon", "coordinates": [ [ [ -102.33196159122086, 21.949992432021446 ], [ -102.327389117512581, 21.949992432021467 ], [ -102.327389117512581, 21.945802484162716 ], [ -102.33196159122086, 21.945802484162716 ], [ -102.33196159122086, 21.949992432021446 ] ] ] } },
{ "type": "Feature", "properties": { "difference_1990_2000": 114.0, "difference_1990_2010": 177.0, "difference_1990_2020": 434.0 }, "geometry": { "type": "Polygon", "coordinates": [ [ [ -102.33196159122086, 21.857841718407858 ], [ -102.327389117512581, 21.857841718407858 ], [ -102.327389117512581, 21.853654447709399 ], [ -102.33196159122086, 21.853654447709399 ], [ -102.33196159122086, 21.857841718407858 ] ] ] } },
{ "type": "Feature", "properties": { "difference_1990_2000": 0.0, "difference_1990_2010": 0.0, "difference_1990_2020": 1141.0 }, "geometry": { "type": "Polygon", "coordinates": [ [ [ -102.33196159122086, 21.887156012775268 ], [ -102.327389117512581, 21.8871560127753 ], [ -102.327389117512581, 21.882967891977646 ], [ -102.33196159122086, 21.882967891977646 ], [ -102.33196159122086, 21.887156012775268 ] ] ] } },
{ "type": "Feature", "properties": { "difference_1990_2000": 699.0, "difference_1990_2010": 496.0, "difference_1990_2020": 1207.0 }, "geometry": { "type": "Polygon", "coordinates": [ [ [ -102.33196159122086, 21.920665358579601 ], [ -102.327389117512581, 21.920665358579601 ], [ -102.327389117512581, 21.916476264270152 ], [ -102.33196159122086, 21.916476264270152 ], [ -102.33196159122086, 21.920665358579601 ] ] ] } },
{ "type": "Feature", "properties": { "difference_1990_2000": -27.0, "difference_1990_2010": -55.0, "difference_1990_2020": 87.0 }, "geometry": { "type": "Polygon", "coordinates": [ [ [ -102.33196159122086, 21.870404258700432 ], [ -102.327389117512581, 21.870404258700432 ], [ -102.327389117512581, 21.866216623870553 ], [ -102.33196159122086, 21.866216623870553 ], [ -102.33196159122086, 21.870404258700432 ] ] ] } },
{ "type": "Feature", "properties": { "difference_1990_2000": -20.0, "difference_1990_2010": -53.0, "difference_1990_2020": 45.0 }, "geometry": { "type": "Polygon", "coordinates": [ [ [ -102.33196159122086, 21.862029110450639 ], [ -102.327389117512581, 21.862029110450639 ], [ -102.327389117512581, 21.857841718407858 ], [ -102.33196159122086, 21.857841718407858 ], [ -102.33196159122086, 21.862029110450639 ] ] ] } },
{ "type": "Feature", "properties": { "difference_1990_2000": 246.0, "difference_1990_2010": 401.0, "difference_1990_2020": 501.0 }, "geometry": { "type": "Polygon", "coordinates": [ [ [ -102.33196159122086, 21.874592014973036 ], [ -102.327389117512581, 21.874592014973036 ], [ -102.327389117512581, 21.870404258700432 ], [ -102.33196159122086, 21.870404258700432 ], [ -102.33196159122086, 21.874592014973036 ] ] ] } },
{ "type": "Feature", "properties": { "difference_1990_2000": 0.0, "difference_1990_2010": 0.0, "difference_1990_2020": 324.0 }, "geometry": { "type": "Polygon", "coordinates": [ [ [ -102.144490169181566, 22.012856316444662 ], [ -102.139917695473258, 22.01285631644463 ], [ -102.139917695473258, 22.00866453411329 ], [ -102.144490169181566, 22.00866453411329 ], [ -102.144490169181566, 22.012856316444662 ] ] ] } },
{ "type": "Feature", "properties": { "difference_1990_2000": 0.0, "difference_1990_2010": 0.0, "difference_1990_2020": 691.0 }, "geometry": { "type": "Polygon", "coordinates": [ [ [ -102.144490169181566, 22.017048221338296 ], [ -102.139917695473258, 22.017048221338268 ], [ -102.139917695473258, 22.01285631644463 ], [ -102.144490169181566, 22.012856316444662 ], [ -102.144490169181566, 22.017048221338296 ] ] ] } },
{ "type": "Feature", "properties": { "difference_1990_2000": 0.0, "difference_1990_2010": 0.0, "difference_1990_2020": 408.0 }, "geometry": { "type": "Polygon", "coordinates": [ [ [ -102.144490169181566, 22.021240248827272 ], [ -102.139917695473258, 22.021240248827272 ], [ -102.139917695473258, 22.017048221338268 ], [ -102.144490169181566, 22.017048221338296 ], [ -102.144490169181566, 22.021240248827272 ] ] ] } },
{ "type": "Feature", "properties": { "difference_1990_2000": 0.0, "difference_1990_2010": 0.0, "difference_1990_2020": 10.0 }, "geometry": { "type": "Polygon", "coordinates": [ [ [ -102.144490169181566, 22.00866453411329 ], [ -102.139917695473258, 22.00866453411329 ], [ -102.139917695473258, 22.004472874311244 ], [ -102.144490169181566, 22.004472874311212 ], [ -102.144490169181566, 22.00866453411329 ] ] ] } },
{ "type": "Feature", "properties": { "difference_1990_2000": 0.0, "difference_1990_2010": 260.0, "difference_1990_2020": 457.0 }, "geometry": { "type": "Polygon", "coordinates": [ [ [ -102.322816643804302, 21.941612658338283 ], [ -102.318244170096023, 21.941612658338283 ], [ -102.318244170096023, 21.937422954515348 ], [ -102.322816643804302, 21.937422954515348 ], [ -102.322816643804302, 21.941612658338283 ] ] ] } },
{ "type": "Feature", "properties": { "difference_1990_2000": 6.0, "difference_1990_2010": -20.0, "difference_1990_2020": -18.0 }, "geometry": { "type": "Polygon", "coordinates": [ [ [ -102.322816643804302, 21.924854574725966 ], [ -102.318244170096023, 21.924854574725966 ], [ -102.318244170096023, 21.920665358579601 ], [ -102.322816643804302, 21.920665358579601 ], [ -102.322816643804302, 21.924854574725966 ] ] ] } },
{ "type": "Feature", "properties": { "difference_1990_2000": 123.0, "difference_1990_2010": -187.0, "difference_1990_2020": -377.0 }, "geometry": { "type": "Polygon", "coordinates": [ [ [ -102.322816643804302, 21.899721104743605 ], [ -102.318244170096023, 21.899721104743623 ], [ -102.318244170096023, 21.895532619125444 ], [ -102.322816643804302, 21.895532619125444 ], [ -102.322816643804302, 21.899721104743605 ] ] ] } },
{ "type": "Feature", "properties": { "difference_1990_2000": -280.0, "difference_1990_2010": -519.0, "difference_1990_2020": -583.0 }, "geometry": { "type": "Polygon", "coordinates": [ [ [ -102.322816643804302, 21.849467298322562 ], [ -102.318244170096023, 21.84946729832253 ], [ -102.318244170096023, 21.845280270214527 ], [ -102.322816643804302, 21.845280270214527 ], [ -102.322816643804302, 21.849467298322562 ] ] ] } },
{ "type": "Feature", "properties": { "difference_1990_2000": 112.0, "difference_1990_2010": -317.0, "difference_1990_2020": -462.0 }, "geometry": { "type": "Polygon", "coordinates": [ [ [ -102.322816643804302, 21.895532619125444 ], [ -102.318244170096023, 21.895532619125444 ], [ -102.318244170096023, 21.891344255146929 ], [ -102.322816643804302, 21.891344255146929 ], [ -102.322816643804302, 21.895532619125444 ] ] ] } },
{ "type": "Feature", "properties": { "difference_1990_2000": -13.0, "difference_1990_2010": 3.0, "difference_1990_2020": 6.0 }, "geometry": { "type": "Polygon", "coordinates": [ [ [ -102.322816643804302, 21.908098441030376 ], [ -102.318244170096023, 21.908098441030358 ], [ -102.318244170096023, 21.903909712034299 ], [ -102.322816643804302, 21.903909712034313 ], [ -102.322816643804302, 21.908098441030376 ] ] ] } },
{ "type": "Feature", "properties": { "difference_1990_2000": 37.0, "difference_1990_2010": -637.0, "difference_1990_2020": -878.0 }, "geometry": { "type": "Polygon", "coordinates": [ [ [ -102.322816643804302, 21.853654447709399 ], [ -102.318244170096023, 21.853654447709435 ], [ -102.318244170096023, 21.84946729832253 ], [ -102.322816643804302, 21.849467298322562 ], [ -102.322816643804302, 21.853654447709399 ] ] ] } },
{ "type": "Feature", "properties": { "difference_1990_2000": 0.0, "difference_1990_2010": 0.0, "difference_1990_2020": 208.0 }, "geometry": { "type": "Polygon", "coordinates": [ [ [ -102.322816643804302, 21.83271991323565 ], [ -102.318244170096023, 21.83271991323565 ], [ -102.318244170096023, 21.828533369915302 ], [ -102.322816643804302, 21.828533369915302 ], [ -102.322816643804302, 21.83271991323565 ] ] ] } },
{ "type": "Feature", "properties": { "difference_1990_2000": -287.0, "difference_1990_2010": -418.0, "difference_1990_2020": -559.0 }, "geometry": { "type": "Polygon", "coordinates": [ [ [ -102.322816643804302, 21.882967891977628 ], [ -102.318244170096023, 21.882967891977646 ], [ -102.318244170096023, 21.878779892721194 ], [ -102.322816643804302, 21.878779892721155 ], [ -102.322816643804302, 21.882967891977628 ] ] ] } },
{ "type": "Feature", "properties": { "difference_1990_2000": 208.0, "difference_1990_2010": 365.0, "difference_1990_2020": 448.0 }, "geometry": { "type": "Polygon", "coordinates": [ [ [ -102.322816643804302, 21.933233372660926 ], [ -102.318244170096023, 21.933233372660926 ], [ -102.318244170096023, 21.929043912742092 ], [ -102.322816643804302, 21.929043912742092 ], [ -102.322816643804302, 21.933233372660926 ] ] ] } },
{ "type": "Feature", "properties": { "difference_1990_2000": 0.0, "difference_1990_2010": 366.0, "difference_1990_2020": 1277.0 }, "geometry": { "type": "Polygon", "coordinates": [ [ [ -102.322816643804302, 21.841093363352506 ], [ -102.318244170096023, 21.841093363352506 ], [ -102.318244170096023, 21.836906577703839 ], [ -102.322816643804302, 21.836906577703839 ], [ -102.322816643804302, 21.841093363352506 ] ] ] } },
{ "type": "Feature", "properties": { "difference_1990_2000": 0.0, "difference_1990_2010": 0.0, "difference_1990_2020": 9.0 }, "geometry": { "type": "Polygon", "coordinates": [ [ [ -102.322816643804302, 21.970944002984044 ], [ -102.318244170096023, 21.970944002984044 ], [ -102.318244170096023, 21.966753444459201 ], [ -102.322816643804302, 21.966753444459183 ], [ -102.322816643804302, 21.970944002984044 ] ] ] } },
{ "type": "Feature", "properties": { "difference_1990_2000": 0.0, "difference_1990_2010": 199.0, "difference_1990_2020": 288.0 }, "geometry": { "type": "Polygon", "coordinates": [ [ [ -102.322816643804302, 21.945802484162716 ], [ -102.318244170096023, 21.945802484162716 ], [ -102.318244170096023, 21.941612658338283 ], [ -102.322816643804302, 21.941612658338283 ], [ -102.322816643804302, 21.945802484162716 ] ] ] } },
{ "type": "Feature", "properties": { "difference_1990_2000": 0.0, "difference_1990_2010": 0.0, "difference_1990_2020": 8.0 }, "geometry": { "type": "Polygon", "coordinates": [ [ [ -102.322816643804302, 21.966753444459183 ], [ -102.318244170096023, 21.966753444459201 ], [ -102.318244170096023, 21.962563008133451 ], [ -102.322816643804302, 21.962563008133451 ], [ -102.322816643804302, 21.966753444459183 ] ] ] } },
{ "type": "Feature", "properties": { "difference_1990_2000": -6.0, "difference_1990_2010": -34.0, "difference_1990_2020": -130.0 }, "geometry": { "type": "Polygon", "coordinates": [ [ [ -102.322816643804302, 21.903909712034313 ], [ -102.318244170096023, 21.903909712034299 ], [ -102.318244170096023, 21.899721104743623 ], [ -102.322816643804302, 21.899721104743605 ], [ -102.322816643804302, 21.903909712034313 ] ] ] } },
{ "type": "Feature", "properties": { "difference_1990_2000": -276.0, "difference_1990_2010": -431.0, "difference_1990_2020": -456.0 }, "geometry": { "type": "Polygon", "coordinates": [ [ [ -102.322816643804302, 21.891344255146929 ], [ -102.318244170096023, 21.891344255146929 ], [ -102.318244170096023, 21.8871560127753 ], [ -102.322816643804302, 21.8871560127753 ], [ -102.322816643804302, 21.891344255146929 ] ] ] } },
{ "type": "Feature", "properties": { "difference_1990_2000": 90.0, "difference_1990_2010": 78.0, "difference_1990_2020": 78.0 }, "geometry": { "type": "Polygon", "coordinates": [ [ [ -102.322816643804302, 21.929043912742092 ], [ -102.318244170096023, 21.929043912742092 ], [ -102.318244170096023, 21.924854574725966 ], [ -102.322816643804302, 21.924854574725966 ], [ -102.322816643804302, 21.929043912742092 ] ] ] } },
{ "type": "Feature", "properties": { "difference_1990_2000": -7.0, "difference_1990_2010": 299.0, "difference_1990_2020": 1067.0 }, "geometry": { "type": "Polygon", "coordinates": [ [ [ -102.322816643804302, 21.845280270214527 ], [ -102.318244170096023, 21.845280270214527 ], [ -102.318244170096023, 21.841093363352506 ], [ -102.322816643804302, 21.841093363352506 ], [ -102.322816643804302, 21.845280270214527 ] ] ] } },
{ "type": "Feature", "properties": { "difference_1990_2000": 6.0, "difference_1990_2010": -79.0, "difference_1990_2020": -160.0 }, "geometry": { "type": "Polygon", "coordinates": [ [ [ -102.322816643804302, 21.866216623870553 ], [ -102.318244170096023, 21.866216623870553 ], [ -102.318244170096023, 21.862029110450639 ], [ -102.322816643804302, 21.862029110450639 ], [ -102.322816643804302, 21.866216623870553 ] ] ] } },
{ "type": "Feature", "properties": { "difference_1990_2000": -11.0, "difference_1990_2010": -7.0, "difference_1990_2020": -2.0 }, "geometry": { "type": "Polygon", "coordinates": [ [ [ -102.322816643804302, 21.912287291764688 ], [ -102.318244170096023, 21.912287291764688 ], [ -102.318244170096023, 21.908098441030358 ], [ -102.322816643804302, 21.908098441030376 ], [ -102.322816643804302, 21.912287291764688 ] ] ] } },
{ "type": "Feature", "properties": { "difference_1990_2000": 0.0, "difference_1990_2010": 94.0, "difference_1990_2020": 931.0 }, "geometry": { "type": "Polygon", "coordinates": [ [ [ -102.322816643804302, 21.836906577703839 ], [ -102.318244170096023, 21.836906577703839 ], [ -102.318244170096023, 21.83271991323565 ], [ -102.322816643804302, 21.83271991323565 ], [ -102.322816643804302, 21.836906577703839 ] ] ] } },
{ "type": "Feature", "properties": { "difference_1990_2000": -242.0, "difference_1990_2010": -845.0, "difference_1990_2020": -1037.0 }, "geometry": { "type": "Polygon", "coordinates": [ [ [ -102.322816643804302, 21.878779892721155 ], [ -102.318244170096023, 21.878779892721194 ], [ -102.318244170096023, 21.874592014973036 ], [ -102.322816643804302, 21.874592014973036 ], [ -102.322816643804302, 21.878779892721155 ] ] ] } },
{ "type": "Feature", "properties": { "difference_1990_2000": 0.0, "difference_1990_2010": 4.0, "difference_1990_2020": 30.0 }, "geometry": { "type": "Polygon", "coordinates": [ [ [ -102.322816643804302, 21.954182501947521 ], [ -102.318244170096023, 21.954182501947521 ], [ -102.318244170096023, 21.949992432021467 ], [ -102.322816643804302, 21.949992432021467 ], [ -102.322816643804302, 21.954182501947521 ] ] ] } },
{ "type": "Feature", "properties": { "difference_1990_2000": 5.0, "difference_1990_2010": 3.0, "difference_1990_2020": 24.0 }, "geometry": { "type": "Polygon", "coordinates": [ [ [ -102.322816643804302, 21.916476264270152 ], [ -102.318244170096023, 21.916476264270191 ], [ -102.318244170096023, 21.912287291764688 ], [ -102.322816643804302, 21.912287291764688 ], [ -102.322816643804302, 21.916476264270152 ] ] ] } },
{ "type": "Feature", "properties": { "difference_1990_2000": 54.0, "difference_1990_2010": 382.0, "difference_1990_2020": 631.0 }, "geometry": { "type": "Polygon", "coordinates": [ [ [ -102.322816643804302, 21.937422954515348 ], [ -102.318244170096023, 21.937422954515348 ], [ -102.318244170096023, 21.933233372660926 ], [ -102.322816643804302, 21.933233372660926 ], [ -102.322816643804302, 21.937422954515348 ] ] ] } },
{ "type": "Feature", "properties": { "difference_1990_2000": 88.0, "difference_1990_2010": -301.0, "difference_1990_2020": -552.0 }, "geometry": { "type": "Polygon", "coordinates": [ [ [ -102.322816643804302, 21.857841718407858 ], [ -102.318244170096023, 21.857841718407858 ], [ -102.318244170096023, 21.853654447709435 ], [ -102.322816643804302, 21.853654447709399 ], [ -102.322816643804302, 21.857841718407858 ] ] ] } },
{ "type": "Feature", "properties": { "difference_1990_2000": 0.0, "difference_1990_2010": 146.0, "difference_1990_2020": 281.0 }, "geometry": { "type": "Polygon", "coordinates": [ [ [ -102.322816643804302, 21.949992432021467 ], [ -102.318244170096023, 21.949992432021467 ], [ -102.318244170096023, 21.945802484162716 ], [ -102.322816643804302, 21.945802484162716 ], [ -102.322816643804302, 21.949992432021467 ] ] ] } },
{ "type": "Feature", "properties": { "difference_1990_2000": 6.0, "difference_1990_2010": -20.0, "difference_1990_2020": -18.0 }, "geometry": { "type": "Polygon", "coordinates": [ [ [ -102.322816643804302, 21.920665358579601 ], [ -102.318244170096023, 21.920665358579601 ], [ -102.318244170096023, 21.916476264270191 ], [ -102.322816643804302, 21.916476264270152 ], [ -102.322816643804302, 21.920665358579601 ] ] ] } },
{ "type": "Feature", "properties": { "difference_1990_2000": -9.0, "difference_1990_2010": 418.0, "difference_1990_2020": 384.0 }, "geometry": { "type": "Polygon", "coordinates": [ [ [ -102.322816643804302, 21.8871560127753 ], [ -102.318244170096023, 21.8871560127753 ], [ -102.318244170096023, 21.882967891977646 ], [ -102.322816643804302, 21.882967891977628 ], [ -102.322816643804302, 21.8871560127753 ] ] ] } },
{ "type": "Feature", "properties": { "difference_1990_2000": 12.0, "difference_1990_2010": -297.0, "difference_1990_2020": -404.0 }, "geometry": { "type": "Polygon", "coordinates": [ [ [ -102.322816643804302, 21.870404258700411 ], [ -102.318244170096023, 21.870404258700432 ], [ -102.318244170096023, 21.866216623870553 ], [ -102.322816643804302, 21.866216623870553 ], [ -102.322816643804302, 21.870404258700411 ] ] ] } },
{ "type": "Feature", "properties": { "difference_1990_2000": -13.0, "difference_1990_2010": -66.0, "difference_1990_2020": -7.0 }, "geometry": { "type": "Polygon", "coordinates": [ [ [ -102.322816643804302, 21.862029110450639 ], [ -102.318244170096023, 21.862029110450639 ], [ -102.318244170096023, 21.857841718407858 ], [ -102.322816643804302, 21.857841718407858 ], [ -102.322816643804302, 21.862029110450639 ] ] ] } },
{ "type": "Feature", "properties": { "difference_1990_2000": 64.0, "difference_1990_2010": -157.0, "difference_1990_2020": -228.0 }, "geometry": { "type": "Polygon", "coordinates": [ [ [ -102.322816643804302, 21.874592014973036 ], [ -102.318244170096023, 21.874592014973036 ], [ -102.318244170096023, 21.870404258700432 ], [ -102.322816643804302, 21.870404258700411 ], [ -102.322816643804302, 21.874592014973036 ] ] ] } },
{ "type": "Feature", "properties": { "difference_1990_2000": 0.0, "difference_1990_2010": 212.0, "difference_1990_2020": 323.0 }, "geometry": { "type": "Polygon", "coordinates": [ [ [ -102.313671696387757, 21.941612658338283 ], [ -102.309099222679478, 21.9416126583383 ], [ -102.309099222679478, 21.937422954515348 ], [ -102.313671696387757, 21.937422954515348 ], [ -102.313671696387757, 21.941612658338283 ] ] ] } },
{ "type": "Feature", "properties": { "difference_1990_2000": 536.0, "difference_1990_2010": 440.0, "difference_1990_2020": 315.0 }, "geometry": { "type": "Polygon", "coordinates": [ [ [ -102.313671696387757, 21.924854574725966 ], [ -102.309099222679478, 21.924854574725998 ], [ -102.309099222679478, 21.920665358579601 ], [ -102.313671696387757, 21.920665358579601 ], [ -102.313671696387757, 21.924854574725966 ] ] ] } },
{ "type": "Feature", "properties": { "difference_1990_2000": 2.0, "difference_1990_2010": -273.0, "difference_1990_2020": -390.0 }, "geometry": { "type": "Polygon", "coordinates": [ [ [ -102.313671696387757, 21.899721104743605 ], [ -102.309099222679478, 21.899721104743605 ], [ -102.309099222679478, 21.895532619125444 ], [ -102.313671696387757, 21.895532619125422 ], [ -102.313671696387757, 21.899721104743605 ] ] ] } },
{ "type": "Feature", "properties": { "difference_1990_2000": 189.0, "difference_1990_2010": 123.0, "difference_1990_2020": 62.0 }, "geometry": { "type": "Polygon", "coordinates": [ [ [ -102.313671696387757, 21.84946729832253 ], [ -102.309099222679478, 21.84946729832253 ], [ -102.309099222679478, 21.845280270214527 ], [ -102.313671696387757, 21.845280270214527 ], [ -102.313671696387757, 21.84946729832253 ] ] ] } },
{ "type": "Feature", "properties": { "difference_1990_2000": -879.0, "difference_1990_2010": -1429.0, "difference_1990_2020": -1737.0 }, "geometry": { "type": "Polygon", "coordinates": [ [ [ -102.313671696387757, 21.895532619125422 ], [ -102.309099222679478, 21.895532619125444 ], [ -102.309099222679478, 21.891344255146929 ], [ -102.313671696387757, 21.891344255146929 ], [ -102.313671696387757, 21.895532619125422 ] ] ] } },
{ "type": "Feature", "properties": { "difference_1990_2000": -10.0, "difference_1990_2010": 17.0, "difference_1990_2020": -17.0 }, "geometry": { "type": "Polygon", "coordinates": [ [ [ -102.313671696387757, 21.908098441030358 ], [ -102.309099222679478, 21.908098441030358 ], [ -102.309099222679478, 21.903909712034299 ], [ -102.313671696387757, 21.903909712034256 ], [ -102.313671696387757, 21.908098441030358 ] ] ] } },
{ "type": "Feature", "properties": { "difference_1990_2000": 176.0, "difference_1990_2010": -436.0, "difference_1990_2020": -616.0 }, "geometry": { "type": "Polygon", "coordinates": [ [ [ -102.313671696387757, 21.853654447709385 ], [ -102.309099222679478, 21.853654447709385 ], [ -102.309099222679478, 21.84946729832253 ], [ -102.313671696387757, 21.84946729832253 ], [ -102.313671696387757, 21.853654447709385 ] ] ] } },
{ "type": "Feature", "properties": { "difference_1990_2000": 0.0, "difference_1990_2010": 28.0, "difference_1990_2020": 566.0 }, "geometry": { "type": "Polygon", "coordinates": [ [ [ -102.313671696387757, 21.83271991323565 ], [ -102.309099222679478, 21.83271991323565 ], [ -102.309099222679478, 21.828533369915302 ], [ -102.313671696387757, 21.828533369915302 ], [ -102.313671696387757, 21.83271991323565 ] ] ] } },
{ "type": "Feature", "properties": { "difference_1990_2000": 0.0, "difference_1990_2010": 0.0, "difference_1990_2020": 1208.0 }, "geometry": { "type": "Polygon", "coordinates": [ [ [ -102.313671696387757, 21.958372693973832 ], [ -102.309099222679478, 21.958372693973882 ], [ -102.309099222679478, 21.954182501947557 ], [ -102.313671696387757, 21.954182501947521 ], [ -102.313671696387757, 21.958372693973832 ] ] ] } },
{ "type": "Feature", "properties": { "difference_1990_2000": -703.0, "difference_1990_2010": -1184.0, "difference_1990_2020": -1470.0 }, "geometry": { "type": "Polygon", "coordinates": [ [ [ -102.313671696387757, 21.882967891977646 ], [ -102.309099222679478, 21.882967891977646 ], [ -102.309099222679478, 21.878779892721155 ], [ -102.313671696387757, 21.878779892721155 ], [ -102.313671696387757, 21.882967891977646 ] ] ] } },
{ "type": "Feature", "properties": { "difference_1990_2000": 94.0, "difference_1990_2010": 387.0, "difference_1990_2020": 560.0 }, "geometry": { "type": "Polygon", "coordinates": [ [ [ -102.313671696387757, 21.933233372660926 ], [ -102.309099222679478, 21.933233372660926 ], [ -102.309099222679478, 21.929043912742092 ], [ -102.313671696387757, 21.929043912742092 ], [ -102.313671696387757, 21.933233372660926 ] ] ] } },
{ "type": "Feature", "properties": { "difference_1990_2000": -117.0, "difference_1990_2010": 197.0, "difference_1990_2020": 631.0 }, "geometry": { "type": "Polygon", "coordinates": [ [ [ -102.313671696387757, 21.841093363352506 ], [ -102.309099222679478, 21.841093363352506 ], [ -102.309099222679478, 21.836906577703839 ], [ -102.313671696387757, 21.836906577703807 ], [ -102.313671696387757, 21.841093363352506 ] ] ] } },
{ "type": "Feature", "properties": { "difference_1990_2000": 0.0, "difference_1990_2010": 0.0, "difference_1990_2020": 445.0 }, "geometry": { "type": "Polygon", "coordinates": [ [ [ -102.313671696387757, 21.828533369915302 ], [ -102.309099222679478, 21.828533369915302 ], [ -102.309099222679478, 21.824346947710072 ], [ -102.313671696387757, 21.824346947710072 ], [ -102.313671696387757, 21.828533369915302 ] ] ] } },
{ "type": "Feature", "properties": { "difference_1990_2000": -13.0, "difference_1990_2010": -183.0, "difference_1990_2020": -271.0 }, "geometry": { "type": "Polygon", "coordinates": [ [ [ -102.313671696387757, 21.903909712034256 ], [ -102.309099222679478, 21.903909712034299 ], [ -102.309099222679478, 21.899721104743605 ], [ -102.313671696387757, 21.899721104743605 ], [ -102.313671696387757, 21.903909712034256 ] ] ] } },
{ "type": "Feature", "properties": { "difference_1990_2000": 0.0, "difference_1990_2010": 198.0, "difference_1990_2020": 288.0 }, "geometry": { "type": "Polygon", "coordinates": [ [ [ -102.313671696387757, 21.945802484162716 ], [ -102.309099222679478, 21.945802484162716 ], [ -102.309099222679478, 21.9416126583383 ], [ -102.313671696387757, 21.941612658338283 ], [ -102.313671696387757, 21.945802484162716 ] ] ] } },
{ "type": "Feature", "properties": { "difference_1990_2000": -233.0, "difference_1990_2010": -600.0, "difference_1990_2020": -797.0 }, "geometry": { "type": "Polygon", "coordinates": [ [ [ -102.313671696387757, 21.891344255146929 ], [ -102.309099222679478, 21.891344255146929 ], [ -102.309099222679478, 21.8871560127753 ], [ -102.313671696387757, 21.887156012775268 ], [ -102.313671696387757, 21.891344255146929 ] ] ] } },
{ "type": "Feature", "properties": { "difference_1990_2000": 678.0, "difference_1990_2010": 660.0, "difference_1990_2020": 629.0 }, "geometry": { "type": "Polygon", "coordinates": [ [ [ -102.313671696387757, 21.929043912742092 ], [ -102.309099222679478, 21.929043912742092 ], [ -102.309099222679478, 21.924854574725998 ], [ -102.313671696387757, 21.924854574725966 ], [ -102.313671696387757, 21.929043912742092 ] ] ] } },
{ "type": "Feature", "properties": { "difference_1990_2000": -609.0, "difference_1990_2010": -333.0, "difference_1990_2020": -229.0 }, "geometry": { "type": "Polygon", "coordinates": [ [ [ -102.313671696387757, 21.845280270214527 ], [ -102.309099222679478, 21.845280270214527 ], [ -102.309099222679478, 21.841093363352506 ], [ -102.313671696387757, 21.841093363352506 ], [ -102.313671696387757, 21.845280270214527 ] ] ] } },
{ "type": "Feature", "properties": { "difference_1990_2000": 259.0, "difference_1990_2010": 323.0, "difference_1990_2020": 306.0 }, "geometry": { "type": "Polygon", "coordinates": [ [ [ -102.313671696387757, 21.91228729176467 ], [ -102.309099222679478, 21.912287291764724 ], [ -102.309099222679478, 21.908098441030358 ], [ -102.313671696387757, 21.908098441030358 ], [ -102.313671696387757, 21.91228729176467 ] ] ] } },
{ "type": "Feature", "properties": { "difference_1990_2000": 122.0, "difference_1990_2010": -391.0, "difference_1990_2020": -547.0 }, "geometry": { "type": "Polygon", "coordinates": [ [ [ -102.313671696387757, 21.866216623870553 ], [ -102.309099222679478, 21.866216623870553 ], [ -102.309099222679478, 21.862029110450639 ], [ -102.313671696387757, 21.862029110450639 ], [ -102.313671696387757, 21.866216623870553 ] ] ] } },
{ "type": "Feature", "properties": { "difference_1990_2000": 0.0, "difference_1990_2010": 63.0, "difference_1990_2020": 627.0 }, "geometry": { "type": "Polygon", "coordinates": [ [ [ -102.313671696387757, 21.836906577703807 ], [ -102.309099222679478, 21.836906577703839 ], [ -102.309099222679478, 21.83271991323565 ], [ -102.313671696387757, 21.83271991323565 ], [ -102.313671696387757, 21.836906577703807 ] ] ] } },
{ "type": "Feature", "properties": { "difference_1990_2000": -705.0, "difference_1990_2010": -1245.0, "difference_1990_2020": -1480.0 }, "geometry": { "type": "Polygon", "coordinates": [ [ [ -102.313671696387757, 21.878779892721155 ], [ -102.309099222679478, 21.878779892721155 ], [ -102.309099222679478, 21.874592014973036 ], [ -102.313671696387757, 21.874592014973036 ], [ -102.313671696387757, 21.878779892721155 ] ] ] } },
{ "type": "Feature", "properties": { "difference_1990_2000": 0.0, "difference_1990_2010": 0.0, "difference_1990_2020": 377.0 }, "geometry": { "type": "Polygon", "coordinates": [ [ [ -102.313671696387757, 21.954182501947514 ], [ -102.309099222679478, 21.954182501947521 ], [ -102.309099222679478, 21.949992432021467 ], [ -102.313671696387757, 21.949992432021446 ], [ -102.313671696387757, 21.954182501947514 ] ] ] } },
{ "type": "Feature", "properties": { "difference_1990_2000": 318.0, "difference_1990_2010": 295.0, "difference_1990_2020": 176.0 }, "geometry": { "type": "Polygon", "coordinates": [ [ [ -102.313671696387757, 21.916476264270152 ], [ -102.309099222679478, 21.916476264270152 ], [ -102.309099222679478, 21.912287291764724 ], [ -102.313671696387757, 21.91228729176467 ], [ -102.313671696387757, 21.916476264270152 ] ] ] } },
{ "type": "Feature", "properties": { "difference_1990_2000": 29.0, "difference_1990_2010": 388.0, "difference_1990_2020": 722.0 }, "geometry": { "type": "Polygon", "coordinates": [ [ [ -102.313671696387757, 21.937422954515348 ], [ -102.309099222679478, 21.937422954515348 ], [ -102.309099222679478, 21.933233372660926 ], [ -102.313671696387757, 21.933233372660926 ], [ -102.313671696387757, 21.937422954515348 ] ] ] } },
{ "type": "Feature", "properties": { "difference_1990_2000": 0.0, "difference_1990_2010": 0.0, "difference_1990_2020": 874.0 }, "geometry": { "type": "Polygon", "coordinates": [ [ [ -102.313671696387757, 21.962563008133451 ], [ -102.309099222679478, 21.962563008133465 ], [ -102.309099222679478, 21.958372693973882 ], [ -102.313671696387757, 21.958372693973832 ], [ -102.313671696387757, 21.962563008133451 ] ] ] } },
{ "type": "Feature", "properties": { "difference_1990_2000": 0.0, "difference_1990_2010": 70.0, "difference_1990_2020": 246.0 }, "geometry": { "type": "Polygon", "coordinates": [ [ [ -102.313671696387757, 21.949992432021446 ], [ -102.309099222679478, 21.949992432021467 ], [ -102.309099222679478, 21.945802484162716 ], [ -102.313671696387757, 21.945802484162716 ], [ -102.313671696387757, 21.949992432021446 ] ] ] } },
{ "type": "Feature", "properties": { "difference_1990_2000": 486.0, "difference_1990_2010": 163.0, "difference_1990_2020": 29.0 }, "geometry": { "type": "Polygon", "coordinates": [ [ [ -102.313671696387757, 21.857841718407858 ], [ -102.309099222679478, 21.857841718407858 ], [ -102.309099222679478, 21.853654447709385 ], [ -102.313671696387757, 21.853654447709385 ], [ -102.313671696387757, 21.857841718407858 ] ] ] } },
{ "type": "Feature", "properties": { "difference_1990_2000": -673.0, "difference_1990_2010": -976.0, "difference_1990_2020": -1133.0 }, "geometry": { "type": "Polygon", "coordinates": [ [ [ -102.313671696387757, 21.887156012775268 ], [ -102.309099222679478, 21.8871560127753 ], [ -102.309099222679478, 21.882967891977646 ], [ -102.313671696387757, 21.882967891977646 ], [ -102.313671696387757, 21.887156012775268 ] ] ] } },
{ "type": "Feature", "properties": { "difference_1990_2000": 338.0, "difference_1990_2010": 291.0, "difference_1990_2020": 159.0 }, "geometry": { "type": "Polygon", "coordinates": [ [ [ -102.313671696387757, 21.920665358579601 ], [ -102.309099222679478, 21.920665358579601 ], [ -102.309099222679478, 21.916476264270152 ], [ -102.313671696387757, 21.916476264270152 ], [ -102.313671696387757, 21.920665358579601 ] ] ] } },
{ "type": "Feature", "properties": { "difference_1990_2000": -1254.0, "difference_1990_2010": -1720.0, "difference_1990_2020": -1938.0 }, "geometry": { "type": "Polygon", "coordinates": [ [ [ -102.313671696387757, 21.870404258700411 ], [ -102.309099222679478, 21.870404258700464 ], [ -102.309099222679478, 21.866216623870553 ], [ -102.313671696387757, 21.866216623870553 ], [ -102.313671696387757, 21.870404258700411 ] ] ] } },
{ "type": "Feature", "properties": { "difference_1990_2000": 714.0, "difference_1990_2010": 572.0, "difference_1990_2020": 460.0 }, "geometry": { "type": "Polygon", "coordinates": [ [ [ -102.313671696387757, 21.862029110450639 ], [ -102.309099222679478, 21.862029110450639 ], [ -102.309099222679478, 21.857841718407858 ], [ -102.313671696387757, 21.857841718407858 ], [ -102.313671696387757, 21.862029110450639 ] ] ] } },
{ "type": "Feature", "properties": { "difference_1990_2000": -338.0, "difference_1990_2010": -714.0, "difference_1990_2020": -847.0 }, "geometry": { "type": "Polygon", "coordinates": [ [ [ -102.313671696387757, 21.874592014973036 ], [ -102.309099222679478, 21.874592014973036 ], [ -102.309099222679478, 21.870404258700464 ], [ -102.313671696387757, 21.870404258700411 ], [ -102.313671696387757, 21.874592014973036 ] ] ] } },
{ "type": "Feature", "properties": { "difference_1990_2000": 554.0, "difference_1990_2010": 580.0, "difference_1990_2020": 471.0 }, "geometry": { "type": "Polygon", "coordinates": [ [ [ -102.304526748971199, 21.924854574725966 ], [ -102.29995427526292, 21.924854574725966 ], [ -102.29995427526292, 21.920665358579601 ], [ -102.304526748971199, 21.920665358579601 ], [ -102.304526748971199, 21.924854574725966 ] ] ] } },
{ "type": "Feature", "properties": { "difference_1990_2000": -321.0, "difference_1990_2010": -702.0, "difference_1990_2020": -875.0 }, "geometry": { "type": "Polygon", "coordinates": [ [ [ -102.304526748971199, 21.899721104743605 ], [ -102.29995427526292, 21.899721104743605 ], [ -102.29995427526292, 21.895532619125422 ], [ -102.304526748971199, 21.895532619125422 ], [ -102.304526748971199, 21.899721104743605 ] ] ] } },
{ "type": "Feature", "properties": { "difference_1990_2000": 1818.0, "difference_1990_2010": 1195.0, "difference_1990_2020": 913.0 }, "geometry": { "type": "Polygon", "coordinates": [ [ [ -102.304526748971199, 21.84946729832253 ], [ -102.29995427526292, 21.849467298322516 ], [ -102.29995427526292, 21.845280270214527 ], [ -102.304526748971199, 21.845280270214527 ], [ -102.304526748971199, 21.84946729832253 ] ] ] } },
{ "type": "Feature", "properties": { "difference_1990_2000": -1182.0, "difference_1990_2010": -2199.0, "difference_1990_2020": -2514.0 }, "geometry": { "type": "Polygon", "coordinates": [ [ [ -102.304526748971199, 21.895532619125422 ], [ -102.29995427526292, 21.895532619125422 ], [ -102.29995427526292, 21.891344255146915 ], [ -102.304526748971199, 21.891344255146929 ], [ -102.304526748971199, 21.895532619125422 ] ] ] } },
{ "type": "Feature", "properties": { "difference_1990_2000": 213.0, "difference_1990_2010": 246.0, "difference_1990_2020": 233.0 }, "geometry": { "type": "Polygon", "coordinates": [ [ [ -102.304526748971199, 21.908098441030358 ], [ -102.29995427526292, 21.908098441030358 ], [ -102.29995427526292, 21.903909712034299 ], [ -102.304526748971199, 21.903909712034299 ], [ -102.304526748971199, 21.908098441030358 ] ] ] } },
{ "type": "Feature", "properties": { "difference_1990_2000": 1104.0, "difference_1990_2010": 110.0, "difference_1990_2020": -205.0 }, "geometry": { "type": "Polygon", "coordinates": [ [ [ -102.304526748971199, 21.853654447709385 ], [ -102.29995427526292, 21.853654447709385 ], [ -102.29995427526292, 21.849467298322516 ], [ -102.304526748971199, 21.84946729832253 ], [ -102.304526748971199, 21.853654447709385 ] ] ] } },
{ "type": "Feature", "properties": { "difference_1990_2000": 0.0, "difference_1990_2010": 0.0, "difference_1990_2020": 855.0 }, "geometry": { "type": "Polygon", "coordinates": [ [ [ -102.304526748971199, 21.832719913235636 ], [ -102.29995427526292, 21.83271991323565 ], [ -102.29995427526292, 21.828533369915302 ], [ -102.304526748971199, 21.828533369915302 ], [ -102.304526748971199, 21.832719913235636 ] ] ] } },
{ "type": "Feature", "properties": { "difference_1990_2000": 0.0, "difference_1990_2010": 0.0, "difference_1990_2020": 834.0 }, "geometry": { "type": "Polygon", "coordinates": [ [ [ -102.304526748971199, 21.811788407457495 ], [ -102.29995427526292, 21.811788407457495 ], [ -102.29995427526292, 21.807602469385365 ], [ -102.304526748971199, 21.807602469385365 ], [ -102.304526748971199, 21.811788407457495 ] ] ] } },
{ "type": "Feature", "properties": { "difference_1990_2000": -415.0, "difference_1990_2010": -778.0, "difference_1990_2020": -918.0 }, "geometry": { "type": "Polygon", "coordinates": [ [ [ -102.304526748971199, 21.882967891977646 ], [ -102.29995427526292, 21.882967891977628 ], [ -102.29995427526292, 21.878779892721155 ], [ -102.304526748971199, 21.878779892721155 ], [ -102.304526748971199, 21.882967891977646 ] ] ] } },
{ "type": "Feature", "properties": { "difference_1990_2000": 0.0, "difference_1990_2010": 0.0, "difference_1990_2020": 8.0 }, "geometry": { "type": "Polygon", "coordinates": [ [ [ -102.304526748971199, 21.815974466513847 ], [ -102.29995427526292, 21.815974466513811 ], [ -102.29995427526292, 21.811788407457495 ], [ -102.304526748971199, 21.811788407457495 ], [ -102.304526748971199, 21.815974466513847 ] ] ] } },
{ "type": "Feature", "properties": { "difference_1990_2000": 0.0, "difference_1990_2010": 0.0, "difference_1990_2020": 233.0 }, "geometry": { "type": "Polygon", "coordinates": [ [ [ -102.304526748971199, 21.958372693973882 ], [ -102.29995427526292, 21.95837269397385 ], [ -102.29995427526292, 21.954182501947557 ], [ -102.304526748971199, 21.954182501947557 ], [ -102.304526748971199, 21.958372693973882 ] ] ] } },
{ "type": "Feature", "properties": { "difference_1990_2000": 285.0, "difference_1990_2010": 483.0, "difference_1990_2020": 691.0 }, "geometry": { "type": "Polygon", "coordinates": [ [ [ -102.304526748971199, 21.933233372660926 ], [ -102.29995427526292, 21.933233372660926 ], [ -102.29995427526292, 21.929043912742092 ], [ -102.304526748971199, 21.929043912742092 ], [ -102.304526748971199, 21.933233372660926 ] ] ] } },
{ "type": "Feature", "properties": { "difference_1990_2000": 698.0, "difference_1990_2010": 1085.0, "difference_1990_2020": 1390.0 }, "geometry": { "type": "Polygon", "coordinates": [ [ [ -102.304526748971199, 21.841093363352506 ], [ -102.29995427526292, 21.841093363352506 ], [ -102.29995427526292, 21.836906577703807 ], [ -102.304526748971199, 21.836906577703839 ], [ -102.304526748971199, 21.841093363352506 ] ] ] } },
{ "type": "Feature", "properties": { "difference_1990_2000": 0.0, "difference_1990_2010": 0.0, "difference_1990_2020": 49.0 }, "geometry": { "type": "Polygon", "coordinates": [ [ [ -102.304526748971199, 21.828533369915302 ], [ -102.29995427526292, 21.828533369915302 ], [ -102.29995427526292, 21.824346947710072 ], [ -102.304526748971199, 21.824346947710072 ], [ -102.304526748971199, 21.828533369915302 ] ] ] } },
{ "type": "Feature", "properties": { "difference_1990_2000": 0.0, "difference_1990_2010": 1204.0, "difference_1990_2020": 1569.0 }, "geometry": { "type": "Polygon", "coordinates": [ [ [ -102.304526748971199, 21.966753444459144 ], [ -102.29995427526292, 21.966753444459183 ], [ -102.29995427526292, 21.962563008133412 ], [ -102.304526748971199, 21.962563008133451 ], [ -102.304526748971199, 21.966753444459144 ] ] ] } },
{ "type": "Feature", "properties": { "difference_1990_2000": -3.0, "difference_1990_2010": 29.0, "difference_1990_2020": 991.0 }, "geometry": { "type": "Polygon", "coordinates": [ [ [ -102.304526748971199, 21.945802484162716 ], [ -102.29995427526292, 21.945802484162716 ], [ -102.29995427526292, 21.941612658338251 ], [ -102.304526748971199, 21.941612658338251 ], [ -102.304526748971199, 21.945802484162716 ] ] ] } },
{ "type": "Feature", "properties": { "difference_1990_2000": 0.0, "difference_1990_2010": 621.0, "difference_1990_2020": 698.0 }, "geometry": { "type": "Polygon", "coordinates": [ [ [ -102.304526748971199, 21.970944002984059 ], [ -102.29995427526292, 21.970944002984044 ], [ -102.29995427526292, 21.966753444459183 ], [ -102.304526748971199, 21.966753444459144 ], [ -102.304526748971199, 21.970944002984059 ] ] ] } },
{ "type": "Feature", "properties": { "difference_1990_2000": 42.0, "difference_1990_2010": -198.0, "difference_1990_2020": -331.0 }, "geometry": { "type": "Polygon", "coordinates": [ [ [ -102.304526748971199, 21.903909712034299 ], [ -102.29995427526292, 21.903909712034299 ], [ -102.29995427526292, 21.899721104743605 ], [ -102.304526748971199, 21.899721104743605 ], [ -102.304526748971199, 21.903909712034299 ] ] ] } },
{ "type": "Feature", "properties": { "difference_1990_2000": -953.0, "difference_1990_2010": -1649.0, "difference_1990_2020": -1908.0 }, "geometry": { "type": "Polygon", "coordinates": [ [ [ -102.304526748971199, 21.891344255146929 ], [ -102.29995427526292, 21.891344255146915 ], [ -102.29995427526292, 21.887156012775268 ], [ -102.304526748971199, 21.8871560127753 ], [ -102.304526748971199, 21.891344255146929 ] ] ] } },
{ "type": "Feature", "properties": { "difference_1990_2000": 763.0, "difference_1990_2010": 690.0, "difference_1990_2020": 636.0 }, "geometry": { "type": "Polygon", "coordinates": [ [ [ -102.304526748971199, 21.929043912742092 ], [ -102.29995427526292, 21.929043912742092 ], [ -102.29995427526292, 21.924854574725966 ], [ -102.304526748971199, 21.924854574725966 ], [ -102.304526748971199, 21.929043912742092 ] ] ] } },
{ "type": "Feature", "properties": { "difference_1990_2000": 807.0, "difference_1990_2010": 952.0, "difference_1990_2020": 898.0 }, "geometry": { "type": "Polygon", "coordinates": [ [ [ -102.304526748971199, 21.845280270214527 ], [ -102.29995427526292, 21.845280270214527 ], [ -102.29995427526292, 21.841093363352506 ], [ -102.304526748971199, 21.841093363352506 ], [ -102.304526748971199, 21.845280270214527 ] ] ] } },
{ "type": "Feature", "properties": { "difference_1990_2000": 64.0, "difference_1990_2010": 19.0, "difference_1990_2020": -26.0 }, "geometry": { "type": "Polygon", "coordinates": [ [ [ -102.304526748971199, 21.866216623870553 ], [ -102.29995427526292, 21.866216623870518 ], [ -102.29995427526292, 21.862029110450639 ], [ -102.304526748971199, 21.862029110450639 ], [ -102.304526748971199, 21.866216623870553 ] ] ] } },
{ "type": "Feature", "properties": { "difference_1990_2000": 263.0, "difference_1990_2010": 310.0, "difference_1990_2020": 289.0 }, "geometry": { "type": "Polygon", "coordinates": [ [ [ -102.304526748971199, 21.912287291764688 ], [ -102.29995427526292, 21.912287291764688 ], [ -102.29995427526292, 21.908098441030358 ], [ -102.304526748971199, 21.908098441030358 ], [ -102.304526748971199, 21.912287291764688 ] ] ] } },
{ "type": "Feature", "properties": { "difference_1990_2000": 0.0, "difference_1990_2010": 0.0, "difference_1990_2020": 52.0 }, "geometry": { "type": "Polygon", "coordinates": [ [ [ -102.304526748971199, 21.836906577703839 ], [ -102.29995427526292, 21.836906577703807 ], [ -102.29995427526292, 21.83271991323565 ], [ -102.304526748971199, 21.832719913235636 ], [ -102.304526748971199, 21.836906577703839 ] ] ] } },
{ "type": "Feature", "properties": { "difference_1990_2000": -448.0, "difference_1990_2010": -777.0, "difference_1990_2020": -912.0 }, "geometry": { "type": "Polygon", "coordinates": [ [ [ -102.304526748971199, 21.878779892721155 ], [ -102.29995427526292, 21.878779892721155 ], [ -102.29995427526292, 21.874592014973004 ], [ -102.304526748971199, 21.874592014973036 ], [ -102.304526748971199, 21.878779892721155 ] ] ] } },
{ "type": "Feature", "properties": { "difference_1990_2000": 0.0, "difference_1990_2010": 0.0, "difference_1990_2020": 442.0 }, "geometry": { "type": "Polygon", "coordinates": [ [ [ -102.304526748971199, 21.677898219236059 ], [ -102.29995427526292, 21.677898219236045 ], [ -102.29995427526292, 21.673716135435733 ], [ -102.304526748971199, 21.673716135435754 ], [ -102.304526748971199, 21.677898219236059 ] ] ] } },
{ "type": "Feature", "properties": { "difference_1990_2000": 0.0, "difference_1990_2010": 0.0, "difference_1990_2020": 108.0 }, "geometry": { "type": "Polygon", "coordinates": [ [ [ -102.304526748971199, 21.954182501947521 ], [ -102.29995427526292, 21.954182501947514 ], [ -102.29995427526292, 21.949992432021467 ], [ -102.304526748971199, 21.949992432021467 ], [ -102.304526748971199, 21.954182501947521 ] ] ] } },
{ "type": "Feature", "properties": { "difference_1990_2000": 137.0, "difference_1990_2010": 133.0, "difference_1990_2020": 92.0 }, "geometry": { "type": "Polygon", "coordinates": [ [ [ -102.304526748971199, 21.916476264270152 ], [ -102.29995427526292, 21.916476264270152 ], [ -102.29995427526292, 21.912287291764688 ], [ -102.304526748971199, 21.912287291764688 ], [ -102.304526748971199, 21.916476264270152 ] ] ] } },
{ "type": "Feature", "properties": { "difference_1990_2000": 12.0, "difference_1990_2010": 365.0, "difference_1990_2020": 722.0 }, "geometry": { "type": "Polygon", "coordinates": [ [ [ -102.304526748971199, 21.937422954515348 ], [ -102.29995427526292, 21.937422954515348 ], [ -102.29995427526292, 21.933233372660926 ], [ -102.304526748971199, 21.933233372660926 ], [ -102.304526748971199, 21.937422954515348 ] ] ] } },
{ "type": "Feature", "properties": { "difference_1990_2000": 0.0, "difference_1990_2010": 415.0, "difference_1990_2020": 614.0 }, "geometry": { "type": "Polygon", "coordinates": [ [ [ -102.304526748971199, 21.962563008133451 ], [ -102.29995427526292, 21.962563008133412 ], [ -102.29995427526292, 21.95837269397385 ], [ -102.304526748971199, 21.958372693973882 ], [ -102.304526748971199, 21.962563008133451 ] ] ] } },
{ "type": "Feature", "properties": { "difference_1990_2000": 582.0, "difference_1990_2010": 221.0, "difference_1990_2020": 59.0 }, "geometry": { "type": "Polygon", "coordinates": [ [ [ -102.304526748971199, 21.857841718407858 ], [ -102.29995427526292, 21.857841718407826 ], [ -102.29995427526292, 21.853654447709385 ], [ -102.304526748971199, 21.853654447709385 ], [ -102.304526748971199, 21.857841718407858 ] ] ] } },
{ "type": "Feature", "properties": { "difference_1990_2000": 0.0, "difference_1990_2010": 0.0, "difference_1990_2020": 118.0 }, "geometry": { "type": "Polygon", "coordinates": [ [ [ -102.304526748971199, 21.949992432021467 ], [ -102.29995427526292, 21.949992432021467 ], [ -102.29995427526292, 21.945802484162716 ], [ -102.304526748971199, 21.945802484162716 ], [ -102.304526748971199, 21.949992432021467 ] ] ] } },
{ "type": "Feature", "properties": { "difference_1990_2000": 0.0, "difference_1990_2010": 0.0, "difference_1990_2020": 596.0 }, "geometry": { "type": "Polygon", "coordinates": [ [ [ -102.304526748971199, 21.807602469385365 ], [ -102.29995427526292, 21.807602469385365 ], [ -102.29995427526292, 21.803416652264698 ], [ -102.304526748971199, 21.803416652264698 ], [ -102.304526748971199, 21.807602469385365 ] ] ] } },
{ "type": "Feature", "properties": { "difference_1990_2000": 173.0, "difference_1990_2010": 171.0, "difference_1990_2020": 125.0 }, "geometry": { "type": "Polygon", "coordinates": [ [ [ -102.304526748971199, 21.920665358579601 ], [ -102.29995427526292, 21.920665358579601 ], [ -102.29995427526292, 21.916476264270152 ], [ -102.304526748971199, 21.916476264270152 ], [ -102.304526748971199, 21.920665358579601 ] ] ] } },
{ "type": "Feature", "properties": { "difference_1990_2000": -567.0, "difference_1990_2010": -1149.0, "difference_1990_2020": -1350.0 }, "geometry": { "type": "Polygon", "coordinates": [ [ [ -102.304526748971199, 21.8871560127753 ], [ -102.29995427526292, 21.887156012775268 ], [ -102.29995427526292, 21.882967891977628 ], [ -102.304526748971199, 21.882967891977646 ], [ -102.304526748971199, 21.8871560127753 ] ] ] } },
{ "type": "Feature", "properties": { "difference_1990_2000": 457.0, "difference_1990_2010": 284.0, "difference_1990_2020": 179.0 }, "geometry": { "type": "Polygon", "coordinates": [ [ [ -102.304526748971199, 21.862029110450639 ], [ -102.29995427526292, 21.862029110450639 ], [ -102.29995427526292, 21.857841718407826 ], [ -102.304526748971199, 21.857841718407858 ], [ -102.304526748971199, 21.862029110450639 ] ] ] } },
{ "type": "Feature", "properties": { "difference_1990_2000": -415.0, "difference_1990_2010": -804.0, "difference_1990_2020": -997.0 }, "geometry": { "type": "Polygon", "coordinates": [ [ [ -102.304526748971199, 21.874592014973036 ], [ -102.29995427526292, 21.874592014973004 ], [ -102.29995427526292, 21.870404258700411 ], [ -102.304526748971199, 21.870404258700464 ], [ -102.304526748971199, 21.874592014973036 ] ] ] } },
{ "type": "Feature", "properties": { "difference_1990_2000": 0.0, "difference_1990_2010": 0.0, "difference_1990_2020": 253.0 }, "geometry": { "type": "Polygon", "coordinates": [ [ [ -102.304526748971199, 21.803416652264698 ], [ -102.29995427526292, 21.803416652264698 ], [ -102.29995427526292, 21.799230956062949 ], [ -102.304526748971199, 21.799230956062949 ], [ -102.304526748971199, 21.803416652264698 ] ] ] } },
{ "type": "Feature", "properties": { "difference_1990_2000": -235.0, "difference_1990_2010": -440.0, "difference_1990_2020": -569.0 }, "geometry": { "type": "Polygon", "coordinates": [ [ [ -102.304526748971199, 21.870404258700464 ], [ -102.29995427526292, 21.870404258700411 ], [ -102.29995427526292, 21.866216623870518 ], [ -102.304526748971199, 21.866216623870553 ], [ -102.304526748971199, 21.870404258700464 ] ] ] } },
{ "type": "Feature", "properties": { "difference_1990_2000": 0.0, "difference_1990_2010": 0.0, "difference_1990_2020": 466.0 }, "geometry": { "type": "Polygon", "coordinates": [ [ [ -102.304526748971199, 21.673716135435754 ], [ -102.29995427526292, 21.673716135435733 ], [ -102.29995427526292, 21.669534171544555 ], [ -102.304526748971199, 21.669534171544587 ], [ -102.304526748971199, 21.673716135435754 ] ] ] } },
{ "type": "Feature", "properties": { "difference_1990_2000": 0.0, "difference_1990_2010": 69.0, "difference_1990_2020": 77.0 }, "geometry": { "type": "Polygon", "coordinates": [ [ [ -102.304526748971199, 21.975134683741057 ], [ -102.29995427526292, 21.975134683741 ], [ -102.29995427526292, 21.970944002984044 ], [ -102.304526748971199, 21.970944002984059 ], [ -102.304526748971199, 21.975134683741057 ] ] ] } },
{ "type": "Feature", "properties": { "difference_1990_2000": -4.0, "difference_1990_2010": 330.0, "difference_1990_2020": 810.0 }, "geometry": { "type": "Polygon", "coordinates": [ [ [ -102.304526748971199, 21.941612658338251 ], [ -102.29995427526292, 21.941612658338251 ], [ -102.29995427526292, 21.937422954515348 ], [ -102.304526748971199, 21.937422954515348 ], [ -102.304526748971199, 21.941612658338251 ] ] ] } },
{ "type": "Feature", "properties": { "difference_1990_2000": 13.0, "difference_1990_2010": 25.0, "difference_1990_2020": -5.0 }, "geometry": { "type": "Polygon", "coordinates": [ [ [ -102.295381801554655, 21.924854574725948 ], [ -102.290809327846375, 21.924854574725966 ], [ -102.290809327846375, 21.920665358579601 ], [ -102.295381801554655, 21.920665358579601 ], [ -102.295381801554655, 21.924854574725948 ] ] ] } },
{ "type": "Feature", "properties": { "difference_1990_2000": -18.0, "difference_1990_2010": -37.0, "difference_1990_2020": 58.0 }, "geometry": { "type": "Polygon", "coordinates": [ [ [ -102.295381801554655, 21.941612658338283 ], [ -102.290809327846375, 21.941612658338283 ], [ -102.290809327846375, 21.937422954515348 ], [ -102.295381801554655, 21.937422954515348 ], [ -102.295381801554655, 21.941612658338283 ] ] ] } },
{ "type": "Feature", "properties": { "difference_1990_2000": -497.0, "difference_1990_2010": -914.0, "difference_1990_2020": -1033.0 }, "geometry": { "type": "Polygon", "coordinates": [ [ [ -102.295381801554655, 21.899721104743605 ], [ -102.290809327846375, 21.899721104743605 ], [ -102.290809327846375, 21.895532619125476 ], [ -102.295381801554655, 21.895532619125444 ], [ -102.295381801554655, 21.899721104743605 ] ] ] } },
{ "type": "Feature", "properties": { "difference_1990_2000": -330.0, "difference_1990_2010": -382.0, "difference_1990_2020": -450.0 }, "geometry": { "type": "Polygon", "coordinates": [ [ [ -102.295381801554655, 21.84946729832253 ], [ -102.290809327846375, 21.84946729832253 ], [ -102.290809327846375, 21.845280270214548 ], [ -102.295381801554655, 21.845280270214527 ], [ -102.295381801554655, 21.84946729832253 ] ] ] } },
{ "type": "Feature", "properties": { "difference_1990_2000": -718.0, "difference_1990_2010": -1335.0, "difference_1990_2020": -1517.0 }, "geometry": { "type": "Polygon", "coordinates": [ [ [ -102.295381801554655, 21.895532619125444 ], [ -102.290809327846375, 21.895532619125476 ], [ -102.290809327846375, 21.891344255146929 ], [ -102.295381801554655, 21.891344255146929 ], [ -102.295381801554655, 21.895532619125444 ] ] ] } },
{ "type": "Feature", "properties": { "difference_1990_2000": 233.0, "difference_1990_2010": 226.0, "difference_1990_2020": 190.0 }, "geometry": { "type": "Polygon", "coordinates": [ [ [ -102.295381801554655, 21.908098441030358 ], [ -102.290809327846375, 21.908098441030358 ], [ -102.290809327846375, 21.903909712034299 ], [ -102.295381801554655, 21.903909712034299 ], [ -102.295381801554655, 21.908098441030358 ] ] ] } },
{ "type": "Feature", "properties": { "difference_1990_2000": -8.0, "difference_1990_2010": -112.0, "difference_1990_2020": -155.0 }, "geometry": { "type": "Polygon", "coordinates": [ [ [ -102.295381801554655, 21.853654447709399 ], [ -102.290809327846375, 21.853654447709399 ], [ -102.290809327846375, 21.84946729832253 ], [ -102.295381801554655, 21.84946729832253 ], [ -102.295381801554655, 21.853654447709399 ] ] ] } },
{ "type": "Feature", "properties": { "difference_1990_2000": 48.0, "difference_1990_2010": 49.0, "difference_1990_2020": 85.0 }, "geometry": { "type": "Polygon", "coordinates": [ [ [ -102.295381801554655, 21.983516412083365 ], [ -102.290809327846375, 21.983516412083379 ], [ -102.290809327846375, 21.97932548676317 ], [ -102.295381801554655, 21.97932548676317 ], [ -102.295381801554655, 21.983516412083365 ] ] ] } },
{ "type": "Feature", "properties": { "difference_1990_2000": 0.0, "difference_1990_2010": 0.0, "difference_1990_2020": 85.0 }, "geometry": { "type": "Polygon", "coordinates": [ [ [ -102.295381801554655, 22.012856316444608 ], [ -102.290809327846375, 22.01285631644463 ], [ -102.290809327846375, 22.00866453411329 ], [ -102.295381801554655, 22.00866453411329 ], [ -102.295381801554655, 22.012856316444608 ] ] ] } },
{ "type": "Feature", "properties": { "difference_1990_2000": 134.0, "difference_1990_2010": 227.0, "difference_1990_2020": 153.0 }, "geometry": { "type": "Polygon", "coordinates": [ [ [ -102.295381801554655, 21.83271991323565 ], [ -102.290809327846375, 21.83271991323565 ], [ -102.290809327846375, 21.828533369915302 ], [ -102.295381801554655, 21.828533369915345 ], [ -102.295381801554655, 21.83271991323565 ] ] ] } },
{ "type": "Feature", "properties": { "difference_1990_2000": 0.0, "difference_1990_2010": 0.0, "difference_1990_2020": 243.0 }, "geometry": { "type": "Polygon", "coordinates": [ [ [ -102.295381801554655, 21.811788407457481 ], [ -102.290809327846375, 21.811788407457481 ], [ -102.290809327846375, 21.807602469385365 ], [ -102.295381801554655, 21.807602469385365 ], [ -102.295381801554655, 21.811788407457481 ] ] ] } },
{ "type": "Feature", "properties": { "difference_1990_2000": -325.0, "difference_1990_2010": -736.0, "difference_1990_2020": -761.0 }, "geometry": { "type": "Polygon", "coordinates": [ [ [ -102.295381801554655, 21.882967891977646 ], [ -102.290809327846375, 21.882967891977646 ], [ -102.290809327846375, 21.878779892721155 ], [ -102.295381801554655, 21.878779892721155 ], [ -102.295381801554655, 21.882967891977646 ] ] ] } },
{ "type": "Feature", "properties": { "difference_1990_2000": 0.0, "difference_1990_2010": 0.0, "difference_1990_2020": 7.0 }, "geometry": { "type": "Polygon", "coordinates": [ [ [ -102.295381801554655, 21.815974466513847 ], [ -102.290809327846375, 21.815974466513868 ], [ -102.290809327846375, 21.811788407457481 ], [ -102.295381801554655, 21.811788407457481 ], [ -102.295381801554655, 21.815974466513847 ] ] ] } },
{ "type": "Feature", "properties": { "difference_1990_2000": -14.0, "difference_1990_2010": -36.0, "difference_1990_2020": 43.0 }, "geometry": { "type": "Polygon", "coordinates": [ [ [ -102.295381801554655, 21.933233372660926 ], [ -102.290809327846375, 21.933233372660926 ], [ -102.290809327846375, 21.929043912742092 ], [ -102.295381801554655, 21.929043912742092 ], [ -102.295381801554655, 21.933233372660926 ] ] ] } },
{ "type": "Feature", "properties": { "difference_1990_2000": -57.0, "difference_1990_2010": -36.0, "difference_1990_2020": 27.0 }, "geometry": { "type": "Polygon", "coordinates": [ [ [ -102.295381801554655, 21.841093363352506 ], [ -102.290809327846375, 21.841093363352506 ], [ -102.290809327846375, 21.836906577703864 ], [ -102.295381801554655, 21.836906577703839 ], [ -102.295381801554655, 21.841093363352506 ] ] ] } },
{ "type": "Feature", "properties": { "difference_1990_2000": -7.0, "difference_1990_2010": -15.0, "difference_1990_2020": 25.0 }, "geometry": { "type": "Polygon", "coordinates": [ [ [ -102.295381801554655, 21.945802484162716 ], [ -102.290809327846375, 21.945802484162716 ], [ -102.290809327846375, 21.941612658338283 ], [ -102.295381801554655, 21.941612658338283 ], [ -102.295381801554655, 21.945802484162716 ] ] ] } },
{ "type": "Feature", "properties": { "difference_1990_2000": 211.0, "difference_1990_2010": 1240.0, "difference_1990_2020": 1225.0 }, "geometry": { "type": "Polygon", "coordinates": [ [ [ -102.295381801554655, 21.991898629750128 ], [ -102.290809327846375, 21.991898629750128 ], [ -102.290809327846375, 21.987707459734736 ], [ -102.295381801554655, 21.987707459734683 ], [ -102.295381801554655, 21.991898629750128 ] ] ] } },
{ "type": "Feature", "properties": { "difference_1990_2000": 71.0, "difference_1990_2010": 236.0, "difference_1990_2020": 81.0 }, "geometry": { "type": "Polygon", "coordinates": [ [ [ -102.295381801554655, 21.828533369915345 ], [ -102.290809327846375, 21.828533369915302 ], [ -102.290809327846375, 21.824346947710072 ], [ -102.295381801554655, 21.824346947710072 ], [ -102.295381801554655, 21.828533369915345 ] ] ] } },
{ "type": "Feature", "properties": { "difference_1990_2000": 222.0, "difference_1990_2010": 501.0, "difference_1990_2020": 502.0 }, "geometry": { "type": "Polygon", "coordinates": [ [ [ -102.295381801554655, 21.996089922162689 ], [ -102.290809327846375, 21.996089922162689 ], [ -102.290809327846375, 21.991898629750128 ], [ -102.295381801554655, 21.991898629750128 ], [ -102.295381801554655, 21.996089922162689 ] ] ] } },
{ "type": "Feature", "properties": { "difference_1990_2000": 217.0, "difference_1990_2010": 145.0, "difference_1990_2020": 90.0 }, "geometry": { "type": "Polygon", "coordinates": [ [ [ -102.295381801554655, 21.903909712034299 ], [ -102.290809327846375, 21.903909712034299 ], [ -102.290809327846375, 21.899721104743605 ], [ -102.295381801554655, 21.899721104743605 ], [ -102.295381801554655, 21.903909712034299 ] ] ] } },
{ "type": "Feature", "properties": { "difference_1990_2000": 0.0, "difference_1990_2010": 788.0, "difference_1990_2020": 1008.0 }, "geometry": { "type": "Polygon", "coordinates": [ [ [ -102.295381801554655, 21.966753444459183 ], [ -102.290809327846375, 21.966753444459201 ], [ -102.290809327846375, 21.962563008133451 ], [ -102.295381801554655, 21.962563008133451 ], [ -102.295381801554655, 21.966753444459183 ] ] ] } },
{ "type": "Feature", "properties": { "difference_1990_2000": 141.0, "difference_1990_2010": 550.0, "difference_1990_2020": 592.0 }, "geometry": { "type": "Polygon", "coordinates": [ [ [ -102.295381801554655, 21.987707459734683 ], [ -102.290809327846375, 21.987707459734736 ], [ -102.290809327846375, 21.983516412083379 ], [ -102.295381801554655, 21.983516412083379 ], [ -102.295381801554655, 21.987707459734683 ] ] ] } },
{ "type": "Feature", "properties": { "difference_1990_2000": -500.0, "difference_1990_2010": -1055.0, "difference_1990_2020": -1087.0 }, "geometry": { "type": "Polygon", "coordinates": [ [ [ -102.295381801554655, 21.891344255146929 ], [ -102.290809327846375, 21.891344255146929 ], [ -102.290809327846375, 21.887156012775321 ], [ -102.295381801554655, 21.8871560127753 ], [ -102.295381801554655, 21.891344255146929 ] ] ] } },
{ "type": "Feature", "properties": { "difference_1990_2000": 0.0, "difference_1990_2010": 464.0, "difference_1990_2020": 577.0 }, "geometry": { "type": "Polygon", "coordinates": [ [ [ -102.295381801554655, 21.970944002984098 ], [ -102.290809327846375, 21.970944002984044 ], [ -102.290809327846375, 21.966753444459201 ], [ -102.295381801554655, 21.966753444459183 ], [ -102.295381801554655, 21.970944002984098 ] ] ] } },
{ "type": "Feature", "properties": { "difference_1990_2000": 9.0, "difference_1990_2010": 17.0, "difference_1990_2020": 7.0 }, "geometry": { "type": "Polygon", "coordinates": [ [ [ -102.295381801554655, 21.929043912742092 ], [ -102.290809327846375, 21.929043912742092 ], [ -102.290809327846375, 21.924854574725966 ], [ -102.295381801554655, 21.924854574725948 ], [ -102.295381801554655, 21.929043912742092 ] ] ] } },
{ "type": "Feature", "properties": { "difference_1990_2000": -108.0, "difference_1990_2010": -91.0, "difference_1990_2020": -94.0 }, "geometry": { "type": "Polygon", "coordinates": [ [ [ -102.295381801554655, 21.845280270214527 ], [ -102.290809327846375, 21.845280270214548 ], [ -102.290809327846375, 21.841093363352506 ], [ -102.295381801554655, 21.841093363352506 ], [ -102.295381801554655, 21.845280270214527 ] ] ] } },
{ "type": "Feature", "properties": { "difference_1990_2000": -195.0, "difference_1990_2010": -195.0, "difference_1990_2020": -191.0 }, "geometry": { "type": "Polygon", "coordinates": [ [ [ -102.295381801554655, 21.912287291764688 ], [ -102.290809327846375, 21.912287291764688 ], [ -102.290809327846375, 21.908098441030358 ], [ -102.295381801554655, 21.908098441030358 ], [ -102.295381801554655, 21.912287291764688 ] ] ] } },
{ "type": "Feature", "properties": { "difference_1990_2000": -31.0, "difference_1990_2010": -150.0, "difference_1990_2020": -219.0 }, "geometry": { "type": "Polygon", "coordinates": [ [ [ -102.295381801554655, 21.866216623870571 ], [ -102.290809327846375, 21.866216623870553 ], [ -102.290809327846375, 21.862029110450639 ], [ -102.295381801554655, 21.862029110450639 ], [ -102.295381801554655, 21.866216623870571 ] ] ] } },
{ "type": "Feature", "properties": { "difference_1990_2000": 317.0, "difference_1990_2010": 489.0, "difference_1990_2020": 599.0 }, "geometry": { "type": "Polygon", "coordinates": [ [ [ -102.295381801554655, 21.836906577703839 ], [ -102.290809327846375, 21.836906577703864 ], [ -102.290809327846375, 21.83271991323565 ], [ -102.295381801554655, 21.83271991323565 ], [ -102.295381801554655, 21.836906577703839 ] ] ] } },
{ "type": "Feature", "properties": { "difference_1990_2000": -401.0, "difference_1990_2010": -791.0, "difference_1990_2020": -822.0 }, "geometry": { "type": "Polygon", "coordinates": [ [ [ -102.295381801554655, 21.878779892721155 ], [ -102.290809327846375, 21.878779892721155 ], [ -102.290809327846375, 21.874592014973036 ], [ -102.295381801554655, 21.874592014973036 ], [ -102.295381801554655, 21.878779892721155 ] ] ] } },
{ "type": "Feature", "properties": { "difference_1990_2000": 0.0, "difference_1990_2010": 0.0, "difference_1990_2020": 541.0 }, "geometry": { "type": "Polygon", "coordinates": [ [ [ -102.295381801554655, 21.677898219236059 ], [ -102.290809327846375, 21.677898219236059 ], [ -102.290809327846375, 21.673716135435733 ], [ -102.295381801554655, 21.673716135435733 ], [ -102.295381801554655, 21.677898219236059 ] ] ] } },
{ "type": "Feature", "properties": { "difference_1990_2000": 318.0, "difference_1990_2010": 344.0, "difference_1990_2020": 357.0 }, "geometry": { "type": "Polygon", "coordinates": [ [ [ -102.295381801554655, 22.000281337005369 ], [ -102.290809327846375, 22.000281337005369 ], [ -102.290809327846375, 21.996089922162689 ], [ -102.295381801554655, 21.996089922162689 ], [ -102.295381801554655, 22.000281337005369 ] ] ] } },
{ "type": "Feature", "properties": { "difference_1990_2000": 148.0, "difference_1990_2010": 870.0, "difference_1990_2020": 975.0 }, "geometry": { "type": "Polygon", "coordinates": [ [ [ -102.295381801554655, 22.004472874311187 ], [ -102.290809327846375, 22.004472874311244 ], [ -102.290809327846375, 22.000281337005337 ], [ -102.295381801554655, 22.000281337005337 ], [ -102.295381801554655, 22.004472874311187 ] ] ] } },
{ "type": "Feature", "properties": { "difference_1990_2000": 0.0, "difference_1990_2010": 0.0, "difference_1990_2020": 8.0 }, "geometry": { "type": "Polygon", "coordinates": [ [ [ -102.295381801554655, 21.799230956062949 ], [ -102.290809327846375, 21.799230956062949 ], [ -102.290809327846375, 21.795045380747354 ], [ -102.295381801554655, 21.795045380747354 ], [ -102.295381801554655, 21.799230956062949 ] ] ] } },
{ "type": "Feature", "properties": { "difference_1990_2000": -148.0, "difference_1990_2010": -142.0, "difference_1990_2020": -143.0 }, "geometry": { "type": "Polygon", "coordinates": [ [ [ -102.295381801554655, 21.916476264270152 ], [ -102.290809327846375, 21.916476264270152 ], [ -102.290809327846375, 21.912287291764688 ], [ -102.295381801554655, 21.912287291764688 ], [ -102.295381801554655, 21.916476264270152 ] ] ] } },
{ "type": "Feature", "properties": { "difference_1990_2000": 158.0, "difference_1990_2010": 154.0, "difference_1990_2020": 116.0 }, "geometry": { "type": "Polygon", "coordinates": [ [ [ -102.295381801554655, 21.857841718407826 ], [ -102.290809327846375, 21.857841718407858 ], [ -102.290809327846375, 21.853654447709399 ], [ -102.295381801554655, 21.853654447709399 ], [ -102.295381801554655, 21.857841718407826 ] ] ] } },
{ "type": "Feature", "properties": { "difference_1990_2000": -16.0, "difference_1990_2010": -21.0, "difference_1990_2020": 67.0 }, "geometry": { "type": "Polygon", "coordinates": [ [ [ -102.295381801554655, 21.937422954515348 ], [ -102.290809327846375, 21.937422954515348 ], [ -102.290809327846375, 21.933233372660926 ], [ -102.295381801554655, 21.933233372660926 ], [ -102.295381801554655, 21.937422954515348 ] ] ] } },
{ "type": "Feature", "properties": { "difference_1990_2000": 0.0, "difference_1990_2010": 176.0, "difference_1990_2020": 241.0 }, "geometry": { "type": "Polygon", "coordinates": [ [ [ -102.295381801554655, 21.962563008133451 ], [ -102.290809327846375, 21.962563008133451 ], [ -102.290809327846375, 21.95837269397385 ], [ -102.295381801554655, 21.95837269397385 ], [ -102.295381801554655, 21.962563008133451 ] ] ] } },
{ "type": "Feature", "properties": { "difference_1990_2000": 3.0, "difference_1990_2010": 0.0, "difference_1990_2020": 13.0 }, "geometry": { "type": "Polygon", "coordinates": [ [ [ -102.295381801554655, 21.820160646587087 ], [ -102.290809327846375, 21.820160646587123 ], [ -102.290809327846375, 21.815974466513868 ], [ -102.295381801554655, 21.815974466513847 ], [ -102.295381801554655, 21.820160646587087 ] ] ] } },
{ "type": "Feature", "properties": { "difference_1990_2000": 0.0, "difference_1990_2010": 0.0, "difference_1990_2020": 1029.0 }, "geometry": { "type": "Polygon", "coordinates": [ [ [ -102.295381801554655, 21.807602469385365 ], [ -102.290809327846375, 21.807602469385365 ], [ -102.290809327846375, 21.803416652264719 ], [ -102.295381801554655, 21.803416652264719 ], [ -102.295381801554655, 21.807602469385365 ] ] ] } },
{ "type": "Feature", "properties": { "difference_1990_2000": 0.0, "difference_1990_2010": 0.0, "difference_1990_2020": 228.0 }, "geometry": { "type": "Polygon", "coordinates": [ [ [ -102.295381801554655, 22.00866453411329 ], [ -102.290809327846375, 22.00866453411329 ], [ -102.290809327846375, 22.004472874311244 ], [ -102.295381801554655, 22.004472874311187 ], [ -102.295381801554655, 22.00866453411329 ] ] ] } },
{ "type": "Feature", "properties": { "difference_1990_2000": 11.0, "difference_1990_2010": 31.0, "difference_1990_2020": 5.0 }, "geometry": { "type": "Polygon", "coordinates": [ [ [ -102.295381801554655, 21.920665358579601 ], [ -102.290809327846375, 21.920665358579601 ], [ -102.290809327846375, 21.916476264270152 ], [ -102.295381801554655, 21.916476264270152 ], [ -102.295381801554655, 21.920665358579601 ] ] ] } },
{ "type": "Feature", "properties": { "difference_1990_2000": -374.0, "difference_1990_2010": -872.0, "difference_1990_2020": -903.0 }, "geometry": { "type": "Polygon", "coordinates": [ [ [ -102.295381801554655, 21.8871560127753 ], [ -102.290809327846375, 21.887156012775321 ], [ -102.290809327846375, 21.882967891977646 ], [ -102.295381801554655, 21.882967891977646 ], [ -102.295381801554655, 21.8871560127753 ] ] ] } },
{ "type": "Feature", "properties": { "difference_1990_2000": 46.0, "difference_1990_2010": -49.0, "difference_1990_2020": -107.0 }, "geometry": { "type": "Polygon", "coordinates": [ [ [ -102.295381801554655, 21.862029110450639 ], [ -102.290809327846375, 21.862029110450639 ], [ -102.290809327846375, 21.857841718407858 ], [ -102.295381801554655, 21.857841718407826 ], [ -102.295381801554655, 21.862029110450639 ] ] ] } },
{ "type": "Feature", "properties": { "difference_1990_2000": 93.0, "difference_1990_2010": 0.0, "difference_1990_2020": 125.0 }, "geometry": { "type": "Polygon", "coordinates": [ [ [ -102.295381801554655, 21.824346947710072 ], [ -102.290809327846375, 21.824346947710072 ], [ -102.290809327846375, 21.820160646587123 ], [ -102.295381801554655, 21.820160646587087 ], [ -102.295381801554655, 21.824346947710072 ] ] ] } },
{ "type": "Feature", "properties": { "difference_1990_2000": -416.0, "difference_1990_2010": -633.0, "difference_1990_2020": -688.0 }, "geometry": { "type": "Polygon", "coordinates": [ [ [ -102.295381801554655, 21.874592014973036 ], [ -102.290809327846375, 21.874592014973036 ], [ -102.290809327846375, 21.870404258700432 ], [ -102.295381801554655, 21.870404258700464 ], [ -102.295381801554655, 21.874592014973036 ] ] ] } },
{ "type": "Feature", "properties": { "difference_1990_2000": 0.0, "difference_1990_2010": 0.0, "difference_1990_2020": 13.0 }, "geometry": { "type": "Polygon", "coordinates": [ [ [ -102.295381801554655, 21.673716135435733 ], [ -102.290809327846375, 21.673716135435733 ], [ -102.290809327846375, 21.669534171544587 ], [ -102.295381801554655, 21.669534171544587 ], [ -102.295381801554655, 21.673716135435733 ] ] ] } },
{ "type": "Feature", "properties": { "difference_1990_2000": -67.0, "difference_1990_2010": -199.0, "difference_1990_2020": -240.0 }, "geometry": { "type": "Polygon", "coordinates": [ [ [ -102.295381801554655, 21.870404258700464 ], [ -102.290809327846375, 21.870404258700432 ], [ -102.290809327846375, 21.866216623870553 ], [ -102.295381801554655, 21.866216623870571 ], [ -102.295381801554655, 21.870404258700464 ] ] ] } },
{ "type": "Feature", "properties": { "difference_1990_2000": 0.0, "difference_1990_2010": 0.0, "difference_1990_2020": 225.0 }, "geometry": { "type": "Polygon", "coordinates": [ [ [ -102.295381801554655, 21.803416652264719 ], [ -102.290809327846375, 21.803416652264719 ], [ -102.290809327846375, 21.799230956062949 ], [ -102.295381801554655, 21.799230956062949 ], [ -102.295381801554655, 21.803416652264719 ] ] ] } },
{ "type": "Feature", "properties": { "difference_1990_2000": 5.0, "difference_1990_2010": -131.0, "difference_1990_2020": -17.0 }, "geometry": { "type": "Polygon", "coordinates": [ [ [ -102.286236854138096, 21.941612658338283 ], [ -102.281664380429817, 21.9416126583383 ], [ -102.281664380429817, 21.937422954515348 ], [ -102.286236854138096, 21.937422954515348 ], [ -102.286236854138096, 21.941612658338283 ] ] ] } },
{ "type": "Feature", "properties": { "difference_1990_2000": 155.0, "difference_1990_2010": 1032.0, "difference_1990_2020": 1019.0 }, "geometry": { "type": "Polygon", "coordinates": [ [ [ -102.286236854138096, 21.924854574725966 ], [ -102.281664380429817, 21.924854574725966 ], [ -102.281664380429817, 21.920665358579637 ], [ -102.286236854138096, 21.920665358579601 ], [ -102.286236854138096, 21.924854574725966 ] ] ] } },
{ "type": "Feature", "properties": { "difference_1990_2000": -214.0, "difference_1990_2010": -438.0, "difference_1990_2020": -538.0 }, "geometry": { "type": "Polygon", "coordinates": [ [ [ -102.286236854138096, 21.899721104743605 ], [ -102.281664380429817, 21.899721104743605 ], [ -102.281664380429817, 21.895532619125476 ], [ -102.286236854138096, 21.895532619125422 ], [ -102.286236854138096, 21.899721104743605 ] ] ] } },
{ "type": "Feature", "properties": { "difference_1990_2000": 400.0, "difference_1990_2010": 462.0, "difference_1990_2020": 461.0 }, "geometry": { "type": "Polygon", "coordinates": [ [ [ -102.286236854138096, 21.84946729832253 ], [ -102.281664380429817, 21.84946729832253 ], [ -102.281664380429817, 21.845280270214527 ], [ -102.286236854138096, 21.845280270214527 ], [ -102.286236854138096, 21.84946729832253 ] ] ] } },
{ "type": "Feature", "properties": { "difference_1990_2000": -357.0, "difference_1990_2010": -595.0, "difference_1990_2020": -666.0 }, "geometry": { "type": "Polygon", "coordinates": [ [ [ -102.286236854138096, 21.895532619125422 ], [ -102.281664380429817, 21.895532619125476 ], [ -102.281664380429817, 21.891344255146929 ], [ -102.286236854138096, 21.891344255146915 ], [ -102.286236854138096, 21.895532619125422 ] ] ] } },
{ "type": "Feature", "properties": { "difference_1990_2000": -344.0, "difference_1990_2010": 169.0, "difference_1990_2020": 391.0 }, "geometry": { "type": "Polygon", "coordinates": [ [ [ -102.286236854138096, 21.908098441030358 ], [ -102.281664380429817, 21.908098441030358 ], [ -102.281664380429817, 21.903909712034299 ], [ -102.286236854138096, 21.903909712034299 ], [ -102.286236854138096, 21.908098441030358 ] ] ] } },
{ "type": "Feature", "properties": { "difference_1990_2000": 491.0, "difference_1990_2010": 563.0, "difference_1990_2020": 542.0 }, "geometry": { "type": "Polygon", "coordinates": [ [ [ -102.286236854138096, 21.853654447709399 ], [ -102.281664380429817, 21.853654447709435 ], [ -102.281664380429817, 21.84946729832253 ], [ -102.286236854138096, 21.84946729832253 ], [ -102.286236854138096, 21.853654447709399 ] ] ] } },
{ "type": "Feature", "properties": { "difference_1990_2000": -5.0, "difference_1990_2010": 17.0, "difference_1990_2020": 104.0 }, "geometry": { "type": "Polygon", "coordinates": [ [ [ -102.286236854138096, 21.832719913235636 ], [ -102.281664380429817, 21.83271991323565 ], [ -102.281664380429817, 21.828533369915302 ], [ -102.286236854138096, 21.828533369915302 ], [ -102.286236854138096, 21.832719913235636 ] ] ] } },
{ "type": "Feature", "properties": { "difference_1990_2000": -640.0, "difference_1990_2010": -1229.0, "difference_1990_2020": -1254.0 }, "geometry": { "type": "Polygon", "coordinates": [ [ [ -102.286236854138096, 21.882967891977628 ], [ -102.281664380429817, 21.882967891977646 ], [ -102.281664380429817, 21.878779892721155 ], [ -102.286236854138096, 21.878779892721155 ], [ -102.286236854138096, 21.882967891977628 ] ] ] } },
{ "type": "Feature", "properties": { "difference_1990_2000": 0.0, "difference_1990_2010": 0.0, "difference_1990_2020": 15.0 }, "geometry": { "type": "Polygon", "coordinates": [ [ [ -102.286236854138096, 21.811788407457495 ], [ -102.281664380429817, 21.811788407457495 ], [ -102.281664380429817, 21.807602469385365 ], [ -102.286236854138096, 21.807602469385365 ], [ -102.286236854138096, 21.811788407457495 ] ] ] } },
{ "type": "Feature", "properties": { "difference_1990_2000": 0.0, "difference_1990_2010": 0.0, "difference_1990_2020": 15.0 }, "geometry": { "type": "Polygon", "coordinates": [ [ [ -102.286236854138096, 21.815974466513847 ], [ -102.281664380429817, 21.815974466513847 ], [ -102.281664380429817, 21.811788407457495 ], [ -102.286236854138096, 21.811788407457495 ], [ -102.286236854138096, 21.815974466513847 ] ] ] } },
{ "type": "Feature", "properties": { "difference_1990_2000": 888.0, "difference_1990_2010": 1011.0, "difference_1990_2020": 999.0 }, "geometry": { "type": "Polygon", "coordinates": [ [ [ -102.286236854138096, 21.933233372660926 ], [ -102.281664380429817, 21.933233372660926 ], [ -102.281664380429817, 21.929043912742092 ], [ -102.286236854138096, 21.929043912742092 ], [ -102.286236854138096, 21.933233372660926 ] ] ] } },
{ "type": "Feature", "properties": { "difference_1990_2000": -5.0, "difference_1990_2010": 17.0, "difference_1990_2020": 104.0 }, "geometry": { "type": "Polygon", "coordinates": [ [ [ -102.286236854138096, 21.841093363352506 ], [ -102.281664380429817, 21.841093363352506 ], [ -102.281664380429817, 21.836906577703839 ], [ -102.286236854138096, 21.836906577703839 ], [ -102.286236854138096, 21.841093363352506 ] ] ] } },
{ "type": "Feature", "properties": { "difference_1990_2000": -5.0, "difference_1990_2010": 17.0, "difference_1990_2020": 104.0 }, "geometry": { "type": "Polygon", "coordinates": [ [ [ -102.286236854138096, 21.828533369915302 ], [ -102.281664380429817, 21.828533369915302 ], [ -102.281664380429817, 21.824346947710072 ], [ -102.286236854138096, 21.824346947710072 ], [ -102.286236854138096, 21.828533369915302 ] ] ] } },
{ "type": "Feature", "properties": { "difference_1990_2000": 0.0, "difference_1990_2010": 0.0, "difference_1990_2020": 1.0 }, "geometry": { "type": "Polygon", "coordinates": [ [ [ -102.286236854138096, 21.795045380747354 ], [ -102.281664380429817, 21.795045380747371 ], [ -102.281664380429817, 21.790859926285229 ], [ -102.286236854138096, 21.790859926285211 ], [ -102.286236854138096, 21.795045380747354 ] ] ] } },
{ "type": "Feature", "properties": { "difference_1990_2000": 79.0, "difference_1990_2010": 64.0, "difference_1990_2020": 134.0 }, "geometry": { "type": "Polygon", "coordinates": [ [ [ -102.286236854138096, 21.991898629750128 ], [ -102.281664380429817, 21.991898629750143 ], [ -102.281664380429817, 21.987707459734704 ], [ -102.286236854138096, 21.987707459734704 ], [ -102.286236854138096, 21.991898629750128 ] ] ] } },
{ "type": "Feature", "properties": { "difference_1990_2000": 0.0, "difference_1990_2010": 0.0, "difference_1990_2020": 151.0 }, "geometry": { "type": "Polygon", "coordinates": [ [ [ -102.286236854138096, 21.945802484162733 ], [ -102.281664380429817, 21.945802484162716 ], [ -102.281664380429817, 21.9416126583383 ], [ -102.286236854138096, 21.941612658338283 ], [ -102.286236854138096, 21.945802484162733 ] ] ] } },
{ "type": "Feature", "properties": { "difference_1990_2000": 246.0, "difference_1990_2010": 205.0, "difference_1990_2020": 401.0 }, "geometry": { "type": "Polygon", "coordinates": [ [ [ -102.286236854138096, 21.996089922162689 ], [ -102.281664380429817, 21.996089922162721 ], [ -102.281664380429817, 21.991898629750143 ], [ -102.286236854138096, 21.991898629750128 ], [ -102.286236854138096, 21.996089922162689 ] ] ] } },
{ "type": "Feature", "properties": { "difference_1990_2000": -3.0, "difference_1990_2010": 54.0, "difference_1990_2020": -28.0 }, "geometry": { "type": "Polygon", "coordinates": [ [ [ -102.286236854138096, 21.903909712034299 ], [ -102.281664380429817, 21.903909712034299 ], [ -102.281664380429817, 21.899721104743605 ], [ -102.286236854138096, 21.899721104743605 ], [ -102.286236854138096, 21.903909712034299 ] ] ] } },
{ "type": "Feature", "properties": { "difference_1990_2000": -519.0, "difference_1990_2010": -958.0, "difference_1990_2020": -1073.0 }, "geometry": { "type": "Polygon", "coordinates": [ [ [ -102.286236854138096, 21.891344255146915 ], [ -102.281664380429817, 21.891344255146929 ], [ -102.281664380429817, 21.8871560127753 ], [ -102.286236854138096, 21.887156012775268 ], [ -102.286236854138096, 21.891344255146915 ] ] ] } },
{ "type": "Feature", "properties": { "difference_1990_2000": 12.0, "difference_1990_2010": 10.0, "difference_1990_2020": 21.0 }, "geometry": { "type": "Polygon", "coordinates": [ [ [ -102.286236854138096, 21.987707459734704 ], [ -102.281664380429817, 21.987707459734704 ], [ -102.281664380429817, 21.983516412083379 ], [ -102.286236854138096, 21.983516412083379 ], [ -102.286236854138096, 21.987707459734704 ] ] ] } },
{ "type": "Feature", "properties": { "difference_1990_2000": 846.0, "difference_1990_2010": 1328.0, "difference_1990_2020": 1324.0 }, "geometry": { "type": "Polygon", "coordinates": [ [ [ -102.286236854138096, 21.929043912742092 ], [ -102.281664380429817, 21.929043912742092 ], [ -102.281664380429817, 21.924854574725966 ], [ -102.286236854138096, 21.924854574725966 ], [ -102.286236854138096, 21.929043912742092 ] ] ] } },
{ "type": "Feature", "properties": { "difference_1990_2000": -5.0, "difference_1990_2010": 17.0, "difference_1990_2020": 104.0 }, "geometry": { "type": "Polygon", "coordinates": [ [ [ -102.286236854138096, 21.845280270214527 ], [ -102.281664380429817, 21.845280270214527 ], [ -102.281664380429817, 21.841093363352506 ], [ -102.286236854138096, 21.841093363352506 ], [ -102.286236854138096, 21.845280270214527 ] ] ] } },
{ "type": "Feature", "properties": { "difference_1990_2000": -1245.0, "difference_1990_2010": -1606.0, "difference_1990_2020": -1739.0 }, "geometry": { "type": "Polygon", "coordinates": [ [ [ -102.286236854138096, 21.866216623870553 ], [ -102.281664380429817, 21.866216623870571 ], [ -102.281664380429817, 21.862029110450639 ], [ -102.286236854138096, 21.862029110450639 ], [ -102.286236854138096, 21.866216623870553 ] ] ] } },
{ "type": "Feature", "properties": { "difference_1990_2000": -7.0, "difference_1990_2010": -232.0, "difference_1990_2020": -90.0 }, "geometry": { "type": "Polygon", "coordinates": [ [ [ -102.286236854138096, 21.912287291764688 ], [ -102.281664380429817, 21.912287291764688 ], [ -102.281664380429817, 21.908098441030358 ], [ -102.286236854138096, 21.908098441030358 ], [ -102.286236854138096, 21.912287291764688 ] ] ] } },
{ "type": "Feature", "properties": { "difference_1990_2000": -5.0, "difference_1990_2010": 17.0, "difference_1990_2020": 104.0 }, "geometry": { "type": "Polygon", "coordinates": [ [ [ -102.286236854138096, 21.836906577703839 ], [ -102.281664380429817, 21.836906577703839 ], [ -102.281664380429817, 21.83271991323565 ], [ -102.286236854138096, 21.832719913235636 ], [ -102.286236854138096, 21.836906577703839 ] ] ] } },
{ "type": "Feature", "properties": { "difference_1990_2000": -524.0, "difference_1990_2010": -987.0, "difference_1990_2020": -1101.0 }, "geometry": { "type": "Polygon", "coordinates": [ [ [ -102.286236854138096, 21.878779892721155 ], [ -102.281664380429817, 21.878779892721155 ], [ -102.281664380429817, 21.874592014973036 ], [ -102.286236854138096, 21.874592014973036 ], [ -102.286236854138096, 21.878779892721155 ] ] ] } },
{ "type": "Feature", "properties": { "difference_1990_2000": 0.0, "difference_1990_2010": 0.0, "difference_1990_2020": 4.0 }, "geometry": { "type": "Polygon", "coordinates": [ [ [ -102.286236854138096, 21.954182501947521 ], [ -102.281664380429817, 21.954182501947557 ], [ -102.281664380429817, 21.949992432021467 ], [ -102.286236854138096, 21.949992432021467 ], [ -102.286236854138096, 21.954182501947521 ] ] ] } },
{ "type": "Feature", "properties": { "difference_1990_2000": 72.0, "difference_1990_2010": 72.0, "difference_1990_2020": 69.0 }, "geometry": { "type": "Polygon", "coordinates": [ [ [ -102.286236854138096, 22.000281337005369 ], [ -102.281664380429817, 22.000281337005386 ], [ -102.281664380429817, 21.996089922162721 ], [ -102.286236854138096, 21.996089922162689 ], [ -102.286236854138096, 22.000281337005369 ] ] ] } },
{ "type": "Feature", "properties": { "difference_1990_2000": 0.0, "difference_1990_2010": 0.0, "difference_1990_2020": 8.0 }, "geometry": { "type": "Polygon", "coordinates": [ [ [ -102.286236854138096, 21.799230956062949 ], [ -102.281664380429817, 21.799230956062949 ], [ -102.281664380429817, 21.795045380747371 ], [ -102.286236854138096, 21.795045380747354 ], [ -102.286236854138096, 21.799230956062949 ] ] ] } },
{ "type": "Feature", "properties": { "difference_1990_2000": -146.0, "difference_1990_2010": -307.0, "difference_1990_2020": -182.0 }, "geometry": { "type": "Polygon", "coordinates": [ [ [ -102.286236854138096, 21.916476264270152 ], [ -102.281664380429817, 21.916476264270152 ], [ -102.281664380429817, 21.912287291764688 ], [ -102.286236854138096, 21.912287291764688 ], [ -102.286236854138096, 21.916476264270152 ] ] ] } },
{ "type": "Feature", "properties": { "difference_1990_2000": 487.0, "difference_1990_2010": 556.0, "difference_1990_2020": 535.0 }, "geometry": { "type": "Polygon", "coordinates": [ [ [ -102.286236854138096, 21.857841718407826 ], [ -102.281664380429817, 21.857841718407858 ], [ -102.281664380429817, 21.853654447709435 ], [ -102.286236854138096, 21.853654447709399 ], [ -102.286236854138096, 21.857841718407826 ] ] ] } },
{ "type": "Feature", "properties": { "difference_1990_2000": 229.0, "difference_1990_2010": 217.0, "difference_1990_2020": 143.0 }, "geometry": { "type": "Polygon", "coordinates": [ [ [ -102.286236854138096, 21.937422954515348 ], [ -102.281664380429817, 21.937422954515348 ], [ -102.281664380429817, 21.933233372660926 ], [ -102.286236854138096, 21.933233372660926 ], [ -102.286236854138096, 21.937422954515348 ] ] ] } },
{ "type": "Feature", "properties": { "difference_1990_2000": -739.0, "difference_1990_2010": -1367.0, "difference_1990_2020": -1535.0 }, "geometry": { "type": "Polygon", "coordinates": [ [ [ -102.286236854138096, 21.887156012775268 ], [ -102.281664380429817, 21.8871560127753 ], [ -102.281664380429817, 21.882967891977646 ], [ -102.286236854138096, 21.882967891977628 ], [ -102.286236854138096, 21.887156012775268 ] ] ] } },
{ "type": "Feature", "properties": { "difference_1990_2000": 0.0, "difference_1990_2010": 0.0, "difference_1990_2020": 174.0 }, "geometry": { "type": "Polygon", "coordinates": [ [ [ -102.286236854138096, 21.949992432021467 ], [ -102.281664380429817, 21.949992432021467 ], [ -102.281664380429817, 21.945802484162716 ], [ -102.286236854138096, 21.945802484162733 ], [ -102.286236854138096, 21.949992432021467 ] ] ] } },
{ "type": "Feature", "properties": { "difference_1990_2000": 0.0, "difference_1990_2010": 0.0, "difference_1990_2020": 15.0 }, "geometry": { "type": "Polygon", "coordinates": [ [ [ -102.286236854138096, 21.807602469385365 ], [ -102.281664380429817, 21.807602469385365 ], [ -102.281664380429817, 21.803416652264719 ], [ -102.286236854138096, 21.803416652264719 ], [ -102.286236854138096, 21.807602469385365 ] ] ] } },
{ "type": "Feature", "properties": { "difference_1990_2000": 0.0, "difference_1990_2010": 0.0, "difference_1990_2020": 14.0 }, "geometry": { "type": "Polygon", "coordinates": [ [ [ -102.286236854138096, 21.820160646587123 ], [ -102.281664380429817, 21.820160646587123 ], [ -102.281664380429817, 21.815974466513847 ], [ -102.286236854138096, 21.815974466513847 ], [ -102.286236854138096, 21.820160646587123 ] ] ] } },
{ "type": "Feature", "properties": { "difference_1990_2000": 168.0, "difference_1990_2010": 707.0, "difference_1990_2020": 767.0 }, "geometry": { "type": "Polygon", "coordinates": [ [ [ -102.286236854138096, 21.920665358579601 ], [ -102.281664380429817, 21.920665358579637 ], [ -102.281664380429817, 21.916476264270152 ], [ -102.286236854138096, 21.916476264270152 ], [ -102.286236854138096, 21.920665358579601 ] ] ] } },
{ "type": "Feature", "properties": { "difference_1990_2000": -283.0, "difference_1990_2010": -604.0, "difference_1990_2020": -613.0 }, "geometry": { "type": "Polygon", "coordinates": [ [ [ -102.286236854138096, 21.870404258700411 ], [ -102.281664380429817, 21.870404258700432 ], [ -102.281664380429817, 21.866216623870571 ], [ -102.286236854138096, 21.866216623870553 ], [ -102.286236854138096, 21.870404258700411 ] ] ] } },
{ "type": "Feature", "properties": { "difference_1990_2000": -196.0, "difference_1990_2010": -495.0, "difference_1990_2020": -573.0 }, "geometry": { "type": "Polygon", "coordinates": [ [ [ -102.286236854138096, 21.862029110450639 ], [ -102.281664380429817, 21.862029110450639 ], [ -102.281664380429817, 21.857841718407858 ], [ -102.286236854138096, 21.857841718407826 ], [ -102.286236854138096, 21.862029110450639 ] ] ] } },
{ "type": "Feature", "properties": { "difference_1990_2000": -3.0, "difference_1990_2010": 10.0, "difference_1990_2020": 61.0 }, "geometry": { "type": "Polygon", "coordinates": [ [ [ -102.286236854138096, 21.824346947710072 ], [ -102.281664380429817, 21.824346947710072 ], [ -102.281664380429817, 21.820160646587123 ], [ -102.286236854138096, 21.820160646587123 ], [ -102.286236854138096, 21.824346947710072 ] ] ] } },
{ "type": "Feature", "properties": { "difference_1990_2000": -279.0, "difference_1990_2010": -654.0, "difference_1990_2020": -649.0 }, "geometry": { "type": "Polygon", "coordinates": [ [ [ -102.286236854138096, 21.874592014973036 ], [ -102.281664380429817, 21.874592014973036 ], [ -102.281664380429817, 21.870404258700432 ], [ -102.286236854138096, 21.870404258700411 ], [ -102.286236854138096, 21.874592014973036 ] ] ] } },
{ "type": "Feature", "properties": { "difference_1990_2000": 0.0, "difference_1990_2010": 0.0, "difference_1990_2020": 15.0 }, "geometry": { "type": "Polygon", "coordinates": [ [ [ -102.286236854138096, 21.803416652264719 ], [ -102.281664380429817, 21.803416652264719 ], [ -102.281664380429817, 21.799230956062949 ], [ -102.286236854138096, 21.799230956062949 ], [ -102.286236854138096, 21.803416652264719 ] ] ] } },
{ "type": "Feature", "properties": { "difference_1990_2000": 0.0, "difference_1990_2010": 1.0, "difference_1990_2020": 534.0 }, "geometry": { "type": "Polygon", "coordinates": [ [ [ -102.277091906721537, 21.941612658338283 ], [ -102.272519433013258, 21.941612658338251 ], [ -102.272519433013258, 21.937422954515348 ], [ -102.277091906721537, 21.937422954515348 ], [ -102.277091906721537, 21.941612658338283 ] ] ] } },
{ "type": "Feature", "properties": { "difference_1990_2000": 174.0, "difference_1990_2010": 1277.0, "difference_1990_2020": 1278.0 }, "geometry": { "type": "Polygon", "coordinates": [ [ [ -102.277091906721537, 21.924854574725966 ], [ -102.272519433013258, 21.924854574725966 ], [ -102.272519433013258, 21.920665358579601 ], [ -102.277091906721537, 21.920665358579601 ], [ -102.277091906721537, 21.924854574725966 ] ] ] } },
{ "type": "Feature", "properties": { "difference_1990_2000": 52.0, "difference_1990_2010": 97.0, "difference_1990_2020": -82.0 }, "geometry": { "type": "Polygon", "coordinates": [ [ [ -102.277091906721537, 21.899721104743623 ], [ -102.272519433013258, 21.899721104743566 ], [ -102.272519433013258, 21.895532619125444 ], [ -102.277091906721537, 21.895532619125444 ], [ -102.277091906721537, 21.899721104743623 ] ] ] } },
{ "type": "Feature", "properties": { "difference_1990_2000": 397.0, "difference_1990_2010": 465.0, "difference_1990_2020": 603.0 }, "geometry": { "type": "Polygon", "coordinates": [ [ [ -102.277091906721537, 21.84946729832253 ], [ -102.272519433013258, 21.84946729832253 ], [ -102.272519433013258, 21.845280270214527 ], [ -102.277091906721537, 21.845280270214527 ], [ -102.277091906721537, 21.84946729832253 ] ] ] } },
{ "type": "Feature", "properties": { "difference_1990_2000": 158.0, "difference_1990_2010": 120.0, "difference_1990_2020": 35.0 }, "geometry": { "type": "Polygon", "coordinates": [ [ [ -102.277091906721537, 21.895532619125444 ], [ -102.272519433013258, 21.895532619125444 ], [ -102.272519433013258, 21.891344255146915 ], [ -102.277091906721537, 21.891344255146929 ], [ -102.277091906721537, 21.895532619125444 ] ] ] } },
{ "type": "Feature", "properties": { "difference_1990_2000": 38.0, "difference_1990_2010": -245.0, "difference_1990_2020": -196.0 }, "geometry": { "type": "Polygon", "coordinates": [ [ [ -102.277091906721537, 21.908098441030358 ], [ -102.272519433013258, 21.908098441030358 ], [ -102.272519433013258, 21.903909712034256 ], [ -102.277091906721537, 21.903909712034313 ], [ -102.277091906721537, 21.908098441030358 ] ] ] } },
{ "type": "Feature", "properties": { "difference_1990_2000": 1136.0, "difference_1990_2010": 1436.0, "difference_1990_2020": 1722.0 }, "geometry": { "type": "Polygon", "coordinates": [ [ [ -102.277091906721537, 21.853654447709399 ], [ -102.272519433013258, 21.853654447709385 ], [ -102.272519433013258, 21.84946729832253 ], [ -102.277091906721537, 21.84946729832253 ], [ -102.277091906721537, 21.853654447709399 ] ] ] } },
{ "type": "Feature", "properties": { "difference_1990_2000": 0.0, "difference_1990_2010": 0.0, "difference_1990_2020": 1263.0 }, "geometry": { "type": "Polygon", "coordinates": [ [ [ -102.277091906721537, 22.029624671723649 ], [ -102.272519433013258, 22.029624671723649 ], [ -102.272519433013258, 22.025432398944695 ], [ -102.277091906721537, 22.025432398944695 ], [ -102.277091906721537, 22.029624671723649 ] ] ] } },
{ "type": "Feature", "properties": { "difference_1990_2000": 0.0, "difference_1990_2010": 0.0, "difference_1990_2020": 2747.0 }, "geometry": { "type": "Polygon", "coordinates": [ [ [ -102.277091906721537, 21.95837269397385 ], [ -102.272519433013258, 21.958372693973832 ], [ -102.272519433013258, 21.954182501947557 ], [ -102.277091906721537, 21.954182501947571 ], [ -102.277091906721537, 21.95837269397385 ] ] ] } },
{ "type": "Feature", "properties": { "difference_1990_2000": 0.0, "difference_1990_2010": 0.0, "difference_1990_2020": 1080.0 }, "geometry": { "type": "Polygon", "coordinates": [ [ [ -102.277091906721537, 21.811788407457481 ], [ -102.272519433013258, 21.811788407457495 ], [ -102.272519433013258, 21.807602469385365 ], [ -102.277091906721537, 21.80760246938539 ], [ -102.277091906721537, 21.811788407457481 ] ] ] } },
{ "type": "Feature", "properties": { "difference_1990_2000": -323.0, "difference_1990_2010": -600.0, "difference_1990_2020": -661.0 }, "geometry": { "type": "Polygon", "coordinates": [ [ [ -102.277091906721537, 21.882967891977646 ], [ -102.272519433013258, 21.882967891977646 ], [ -102.272519433013258, 21.878779892721155 ], [ -102.277091906721537, 21.878779892721155 ], [ -102.277091906721537, 21.882967891977646 ] ] ] } },
{ "type": "Feature", "properties": { "difference_1990_2000": 0.0, "difference_1990_2010": 0.0, "difference_1990_2020": 4.0 }, "geometry": { "type": "Polygon", "coordinates": [ [ [ -102.277091906721537, 21.815974466513847 ], [ -102.272519433013258, 21.815974466513847 ], [ -102.272519433013258, 21.811788407457495 ], [ -102.277091906721537, 21.811788407457481 ], [ -102.277091906721537, 21.815974466513847 ] ] ] } },
{ "type": "Feature", "properties": { "difference_1990_2000": 0.0, "difference_1990_2010": 0.0, "difference_1990_2020": 17.0 }, "geometry": { "type": "Polygon", "coordinates": [ [ [ -102.277091906721537, 21.945802484162684 ], [ -102.272519433013258, 21.945802484162716 ], [ -102.272519433013258, 21.941612658338251 ], [ -102.277091906721537, 21.941612658338283 ], [ -102.277091906721537, 21.945802484162684 ] ] ] } },
{ "type": "Feature", "properties": { "difference_1990_2000": 0.0, "difference_1990_2010": 0.0, "difference_1990_2020": 805.0 }, "geometry": { "type": "Polygon", "coordinates": [ [ [ -102.277091906721537, 21.795045380747354 ], [ -102.272519433013258, 21.795045380747354 ], [ -102.272519433013258, 21.790859926285187 ], [ -102.277091906721537, 21.790859926285211 ], [ -102.277091906721537, 21.795045380747354 ] ] ] } },
{ "type": "Feature", "properties": { "difference_1990_2000": 138.0, "difference_1990_2010": 178.0, "difference_1990_2020": 263.0 }, "geometry": { "type": "Polygon", "coordinates": [ [ [ -102.277091906721537, 21.933233372660965 ], [ -102.272519433013258, 21.933233372660926 ], [ -102.272519433013258, 21.929043912742092 ], [ -102.277091906721537, 21.929043912742092 ], [ -102.277091906721537, 21.933233372660965 ] ] ] } },
{ "type": "Feature", "properties": { "difference_1990_2000": 0.0, "difference_1990_2010": 1356.0, "difference_1990_2020": 1555.0 }, "geometry": { "type": "Polygon", "coordinates": [ [ [ -102.277091906721537, 21.828533369915345 ], [ -102.272519433013258, 21.828533369915302 ], [ -102.272519433013258, 21.824346947710072 ], [ -102.277091906721537, 21.824346947710072 ], [ -102.277091906721537, 21.828533369915345 ] ] ] } },
{ "type": "Feature", "properties": { "difference_1990_2000": -194.0, "difference_1990_2010": 418.0, "difference_1990_2020": 374.0 }, "geometry": { "type": "Polygon", "coordinates": [ [ [ -102.277091906721537, 21.903909712034313 ], [ -102.272519433013258, 21.903909712034256 ], [ -102.272519433013258, 21.899721104743566 ], [ -102.277091906721537, 21.899721104743623 ], [ -102.277091906721537, 21.903909712034313 ] ] ] } },
{ "type": "Feature", "properties": { "difference_1990_2000": -1168.0, "difference_1990_2010": -1381.0, "difference_1990_2020": -1517.0 }, "geometry": { "type": "Polygon", "coordinates": [ [ [ -102.277091906721537, 21.891344255146929 ], [ -102.272519433013258, 21.891344255146915 ], [ -102.272519433013258, 21.887156012775268 ], [ -102.277091906721537, 21.887156012775268 ], [ -102.277091906721537, 21.891344255146929 ] ] ] } },
{ "type": "Feature", "properties": { "difference_1990_2000": -13.0, "difference_1990_2010": 0.0, "difference_1990_2020": -73.0 }, "geometry": { "type": "Polygon", "coordinates": [ [ [ -102.277091906721537, 22.088329388626686 ], [ -102.272519433013258, 22.088329388626669 ], [ -102.272519433013258, 22.084135395109584 ], [ -102.277091906721537, 22.084135395109584 ], [ -102.277091906721537, 22.088329388626686 ] ] ] } },
{ "type": "Feature", "properties": { "difference_1990_2000": 0.0, "difference_1990_2010": 0.0, "difference_1990_2020": 113.0 }, "geometry": { "type": "Polygon", "coordinates": [ [ [ -102.277091906721537, 22.021240248827258 ], [ -102.272519433013258, 22.021240248827258 ], [ -102.272519433013258, 22.017048221338268 ], [ -102.277091906721537, 22.017048221338268 ], [ -102.277091906721537, 22.021240248827258 ] ] ] } },
{ "type": "Feature", "properties": { "difference_1990_2000": 63.0, "difference_1990_2010": 0.0, "difference_1990_2020": -187.0 }, "geometry": { "type": "Polygon", "coordinates": [ [ [ -102.277091906721537, 22.079941524717871 ], [ -102.272519433013258, 22.079941524717871 ], [ -102.272519433013258, 22.075747777418297 ], [ -102.277091906721537, 22.075747777418332 ], [ -102.277091906721537, 22.079941524717871 ] ] ] } },
{ "type": "Feature", "properties": { "difference_1990_2000": 380.0, "difference_1990_2010": 448.0, "difference_1990_2020": 467.0 }, "geometry": { "type": "Polygon", "coordinates": [ [ [ -102.277091906721537, 21.929043912742092 ], [ -102.272519433013258, 21.929043912742092 ], [ -102.272519433013258, 21.924854574725966 ], [ -102.277091906721537, 21.924854574725966 ], [ -102.277091906721537, 21.929043912742092 ] ] ] } },
{ "type": "Feature", "properties": { "difference_1990_2000": 41.0, "difference_1990_2010": 52.0, "difference_1990_2020": 62.0 }, "geometry": { "type": "Polygon", "coordinates": [ [ [ -102.277091906721537, 21.845280270214527 ], [ -102.272519433013258, 21.845280270214527 ], [ -102.272519433013258, 21.841093363352506 ], [ -102.277091906721537, 21.841093363352506 ], [ -102.277091906721537, 21.845280270214527 ] ] ] } },
{ "type": "Feature", "properties": { "difference_1990_2000": -4.0, "difference_1990_2010": 0.0, "difference_1990_2020": -182.0 }, "geometry": { "type": "Polygon", "coordinates": [ [ [ -102.277091906721537, 22.084135395109584 ], [ -102.272519433013258, 22.084135395109584 ], [ -102.272519433013258, 22.079941524717871 ], [ -102.277091906721537, 22.079941524717871 ], [ -102.277091906721537, 22.084135395109584 ] ] ] } },
{ "type": "Feature", "properties": { "difference_1990_2000": 479.0, "difference_1990_2010": 871.0, "difference_1990_2020": 1028.0 }, "geometry": { "type": "Polygon", "coordinates": [ [ [ -102.277091906721537, 21.866216623870553 ], [ -102.272519433013258, 21.866216623870553 ], [ -102.272519433013258, 21.862029110450656 ], [ -102.277091906721537, 21.862029110450639 ], [ -102.277091906721537, 21.866216623870553 ] ] ] } },
{ "type": "Feature", "properties": { "difference_1990_2000": 0.0, "difference_1990_2010": 0.0, "difference_1990_2020": 1703.0 }, "geometry": { "type": "Polygon", "coordinates": [ [ [ -102.277091906721537, 22.033817067197162 ], [ -102.272519433013258, 22.03381706719718 ], [ -102.272519433013258, 22.029624671723649 ], [ -102.277091906721537, 22.029624671723649 ], [ -102.277091906721537, 22.033817067197162 ] ] ] } },
{ "type": "Feature", "properties": { "difference_1990_2000": 229.0, "difference_1990_2010": 0.0, "difference_1990_2020": 221.0 }, "geometry": { "type": "Polygon", "coordinates": [ [ [ -102.277091906721537, 22.071554153177736 ], [ -102.272519433013258, 22.071554153177722 ], [ -102.272519433013258, 22.067360651962957 ], [ -102.277091906721537, 22.067360651962957 ], [ -102.277091906721537, 22.071554153177736 ] ] ] } },
{ "type": "Feature", "properties": { "difference_1990_2000": 1218.0, "difference_1990_2010": 1274.0, "difference_1990_2020": 1265.0 }, "geometry": { "type": "Polygon", "coordinates": [ [ [ -102.277091906721537, 21.912287291764724 ], [ -102.272519433013258, 21.912287291764688 ], [ -102.272519433013258, 21.908098441030358 ], [ -102.277091906721537, 21.908098441030358 ], [ -102.277091906721537, 21.912287291764724 ] ] ] } },
{ "type": "Feature", "properties": { "difference_1990_2000": 217.0, "difference_1990_2010": 0.0, "difference_1990_2020": 356.0 }, "geometry": { "type": "Polygon", "coordinates": [ [ [ -102.277091906721537, 22.075747777418332 ], [ -102.272519433013258, 22.075747777418297 ], [ -102.272519433013258, 22.071554153177722 ], [ -102.277091906721537, 22.071554153177736 ], [ -102.277091906721537, 22.075747777418332 ] ] ] } },
{ "type": "Feature", "properties": { "difference_1990_2000": -410.0, "difference_1990_2010": -791.0, "difference_1990_2020": -865.0 }, "geometry": { "type": "Polygon", "coordinates": [ [ [ -102.277091906721537, 21.878779892721155 ], [ -102.272519433013258, 21.878779892721155 ], [ -102.272519433013258, 21.874592014973036 ], [ -102.277091906721537, 21.874592014973036 ], [ -102.277091906721537, 21.878779892721155 ] ] ] } },
{ "type": "Feature", "properties": { "difference_1990_2000": 0.0, "difference_1990_2010": 0.0, "difference_1990_2020": 12.0 }, "geometry": { "type": "Polygon", "coordinates": [ [ [ -102.277091906721537, 21.790859926285211 ], [ -102.272519433013258, 21.790859926285187 ], [ -102.272519433013258, 21.786674592643884 ], [ -102.277091906721537, 21.786674592643884 ], [ -102.277091906721537, 21.790859926285211 ] ] ] } },
{ "type": "Feature", "properties": { "difference_1990_2000": 0.0, "difference_1990_2010": 0.0, "difference_1990_2020": 28.0 }, "geometry": { "type": "Polygon", "coordinates": [ [ [ -102.277091906721537, 21.954182501947521 ], [ -102.272519433013258, 21.954182501947521 ], [ -102.272519433013258, 21.949992432021467 ], [ -102.277091906721537, 21.949992432021467 ], [ -102.277091906721537, 21.954182501947521 ] ] ] } },
{ "type": "Feature", "properties": { "difference_1990_2000": 0.0, "difference_1990_2010": 0.0, "difference_1990_2020": 252.0 }, "geometry": { "type": "Polygon", "coordinates": [ [ [ -102.277091906721537, 21.799230956062949 ], [ -102.272519433013258, 21.799230956062932 ], [ -102.272519433013258, 21.795045380747354 ], [ -102.277091906721537, 21.795045380747354 ], [ -102.277091906721537, 21.799230956062949 ] ] ] } },
{ "type": "Feature", "properties": { "difference_1990_2000": 438.0, "difference_1990_2010": 654.0, "difference_1990_2020": 668.0 }, "geometry": { "type": "Polygon", "coordinates": [ [ [ -102.277091906721537, 21.916476264270152 ], [ -102.272519433013258, 21.916476264270152 ], [ -102.272519433013258, 21.912287291764688 ], [ -102.277091906721537, 21.912287291764724 ], [ -102.277091906721537, 21.916476264270152 ] ] ] } },
{ "type": "Feature", "properties": { "difference_1990_2000": 0.0, "difference_1990_2010": 0.0, "difference_1990_2020": 403.0 }, "geometry": { "type": "Polygon", "coordinates": [ [ [ -102.277091906721537, 21.937422954515348 ], [ -102.272519433013258, 21.937422954515348 ], [ -102.272519433013258, 21.933233372660926 ], [ -102.277091906721537, 21.933233372660965 ], [ -102.277091906721537, 21.937422954515348 ] ] ] } },
{ "type": "Feature", "properties": { "difference_1990_2000": 0.0, "difference_1990_2010": 0.0, "difference_1990_2020": 1983.0 }, "geometry": { "type": "Polygon", "coordinates": [ [ [ -102.277091906721537, 21.962563008133451 ], [ -102.272519433013258, 21.962563008133412 ], [ -102.272519433013258, 21.958372693973832 ], [ -102.277091906721537, 21.95837269397385 ], [ -102.277091906721537, 21.962563008133451 ] ] ] } },
{ "type": "Feature", "properties": { "difference_1990_2000": 1736.0, "difference_1990_2010": 1987.0, "difference_1990_2020": 2093.0 }, "geometry": { "type": "Polygon", "coordinates": [ [ [ -102.277091906721537, 21.857841718407858 ], [ -102.272519433013258, 21.857841718407826 ], [ -102.272519433013258, 21.853654447709385 ], [ -102.277091906721537, 21.853654447709399 ], [ -102.277091906721537, 21.857841718407858 ] ] ] } },
{ "type": "Feature", "properties": { "difference_1990_2000": -1012.0, "difference_1990_2010": -1228.0, "difference_1990_2020": -1357.0 }, "geometry": { "type": "Polygon", "coordinates": [ [ [ -102.277091906721537, 21.887156012775268 ], [ -102.272519433013258, 21.887156012775268 ], [ -102.272519433013258, 21.882967891977646 ], [ -102.277091906721537, 21.882967891977646 ], [ -102.277091906721537, 21.887156012775268 ] ] ] } },
{ "type": "Feature", "properties": { "difference_1990_2000": 0.0, "difference_1990_2010": 0.0, "difference_1990_2020": 73.0 }, "geometry": { "type": "Polygon", "coordinates": [ [ [ -102.277091906721537, 21.949992432021467 ], [ -102.272519433013258, 21.949992432021467 ], [ -102.272519433013258, 21.945802484162716 ], [ -102.277091906721537, 21.945802484162684 ], [ -102.277091906721537, 21.949992432021467 ] ] ] } },
{ "type": "Feature", "properties": { "difference_1990_2000": 116.0, "difference_1990_2010": 537.0, "difference_1990_2020": 564.0 }, "geometry": { "type": "Polygon", "coordinates": [ [ [ -102.277091906721537, 21.920665358579601 ], [ -102.272519433013258, 21.920665358579601 ], [ -102.272519433013258, 21.916476264270152 ], [ -102.277091906721537, 21.916476264270152 ], [ -102.277091906721537, 21.920665358579601 ] ] ] } },
{ "type": "Feature", "properties": { "difference_1990_2000": 33.0, "difference_1990_2010": 0.0, "difference_1990_2020": 203.0 }, "geometry": { "type": "Polygon", "coordinates": [ [ [ -102.277091906721537, 22.067360651962957 ], [ -102.272519433013258, 22.067360651962957 ], [ -102.272519433013258, 22.063167273740831 ], [ -102.277091906721537, 22.063167273740852 ], [ -102.277091906721537, 22.067360651962957 ] ] ] } },
{ "type": "Feature", "properties": { "difference_1990_2000": 0.0, "difference_1990_2010": 114.0, "difference_1990_2020": 455.0 }, "geometry": { "type": "Polygon", "coordinates": [ [ [ -102.277091906721537, 21.820160646587141 ], [ -102.272519433013258, 21.820160646587087 ], [ -102.272519433013258, 21.815974466513847 ], [ -102.277091906721537, 21.815974466513847 ], [ -102.277091906721537, 21.820160646587141 ] ] ] } },
{ "type": "Feature", "properties": { "difference_1990_2000": 0.0, "difference_1990_2010": 0.0, "difference_1990_2020": 3438.0 }, "geometry": { "type": "Polygon", "coordinates": [ [ [ -102.277091906721537, 21.80760246938539 ], [ -102.272519433013258, 21.807602469385365 ], [ -102.272519433013258, 21.803416652264719 ], [ -102.277091906721537, 21.803416652264755 ], [ -102.277091906721537, 21.80760246938539 ] ] ] } },
{ "type": "Feature", "properties": { "difference_1990_2000": 1492.0, "difference_1990_2010": 1869.0, "difference_1990_2020": 1888.0 }, "geometry": { "type": "Polygon", "coordinates": [ [ [ -102.277091906721537, 21.862029110450639 ], [ -102.272519433013258, 21.862029110450656 ], [ -102.272519433013258, 21.857841718407826 ], [ -102.277091906721537, 21.857841718407858 ], [ -102.277091906721537, 21.862029110450639 ] ] ] } },
{ "type": "Feature", "properties": { "difference_1990_2000": -1.0, "difference_1990_2010": 1091.0, "difference_1990_2020": 1947.0 }, "geometry": { "type": "Polygon", "coordinates": [ [ [ -102.277091906721537, 21.824346947710072 ], [ -102.272519433013258, 21.824346947710072 ], [ -102.272519433013258, 21.820160646587087 ], [ -102.277091906721537, 21.820160646587141 ], [ -102.277091906721537, 21.824346947710072 ] ] ] } },
{ "type": "Feature", "properties": { "difference_1990_2000": -599.0, "difference_1990_2010": -1166.0, "difference_1990_2020": -1441.0 }, "geometry": { "type": "Polygon", "coordinates": [ [ [ -102.277091906721537, 21.874592014973036 ], [ -102.272519433013258, 21.874592014973036 ], [ -102.272519433013258, 21.870404258700464 ], [ -102.277091906721537, 21.870404258700464 ], [ -102.277091906721537, 21.874592014973036 ] ] ] } },
{ "type": "Feature", "properties": { "difference_1990_2000": 0.0, "difference_1990_2010": 0.0, "difference_1990_2020": 3.0 }, "geometry": { "type": "Polygon", "coordinates": [ [ [ -102.277091906721537, 21.786674592643884 ], [ -102.272519433013258, 21.786674592643884 ], [ -102.272519433013258, 21.782489379790725 ], [ -102.277091906721537, 21.782489379790693 ], [ -102.277091906721537, 21.786674592643884 ] ] ] } },
{ "type": "Feature", "properties": { "difference_1990_2000": 497.0, "difference_1990_2010": 124.0, "difference_1990_2020": 38.0 }, "geometry": { "type": "Polygon", "coordinates": [ [ [ -102.277091906721537, 21.870404258700464 ], [ -102.272519433013258, 21.870404258700464 ], [ -102.272519433013258, 21.866216623870553 ], [ -102.277091906721537, 21.866216623870553 ], [ -102.277091906721537, 21.870404258700464 ] ] ] } },
{ "type": "Feature", "properties": { "difference_1990_2000": 0.0, "difference_1990_2010": 0.0, "difference_1990_2020": 2513.0 }, "geometry": { "type": "Polygon", "coordinates": [ [ [ -102.277091906721537, 22.025432398944695 ], [ -102.272519433013258, 22.025432398944695 ], [ -102.272519433013258, 22.021240248827223 ], [ -102.277091906721537, 22.021240248827258 ], [ -102.277091906721537, 22.025432398944695 ] ] ] } },
{ "type": "Feature", "properties": { "difference_1990_2000": 0.0, "difference_1990_2010": 0.0, "difference_1990_2020": 65.0 }, "geometry": { "type": "Polygon", "coordinates": [ [ [ -102.277091906721537, 21.803416652264755 ], [ -102.272519433013258, 21.803416652264719 ], [ -102.272519433013258, 21.799230956062932 ], [ -102.277091906721537, 21.799230956062949 ], [ -102.277091906721537, 21.803416652264755 ] ] ] } },
{ "type": "Feature", "properties": { "difference_1990_2000": 0.0, "difference_1990_2010": 0.0, "difference_1990_2020": 134.0 }, "geometry": { "type": "Polygon", "coordinates": [ [ [ -102.277091906721537, 22.063167273740852 ], [ -102.272519433013258, 22.063167273740831 ], [ -102.272519433013258, 22.058974018478299 ], [ -102.277091906721537, 22.058974018478299 ], [ -102.277091906721537, 22.063167273740852 ] ] ] } },
{ "type": "Feature", "properties": { "difference_1990_2000": 0.0, "difference_1990_2010": 7.0, "difference_1990_2020": 3643.0 }, "geometry": { "type": "Polygon", "coordinates": [ [ [ -102.267946959304993, 21.941612658338283 ], [ -102.263374485596714, 21.941612658338283 ], [ -102.263374485596714, 21.937422954515348 ], [ -102.267946959304993, 21.937422954515348 ], [ -102.267946959304993, 21.941612658338283 ] ] ] } },
{ "type": "Feature", "properties": { "difference_1990_2000": 153.0, "difference_1990_2010": 919.0, "difference_1990_2020": 939.0 }, "geometry": { "type": "Polygon", "coordinates": [ [ [ -102.267946959304993, 21.924854574725966 ], [ -102.263374485596714, 21.924854574725966 ], [ -102.263374485596714, 21.920665358579601 ], [ -102.267946959304993, 21.920665358579601 ], [ -102.267946959304993, 21.924854574725966 ] ] ] } },
{ "type": "Feature", "properties": { "difference_1990_2000": 1142.0, "difference_1990_2010": 1242.0, "difference_1990_2020": 1167.0 }, "geometry": { "type": "Polygon", "coordinates": [ [ [ -102.267946959304993, 21.899721104743605 ], [ -102.263374485596714, 21.899721104743623 ], [ -102.263374485596714, 21.895532619125422 ], [ -102.267946959304993, 21.895532619125444 ], [ -102.267946959304993, 21.899721104743605 ] ] ] } },
{ "type": "Feature", "properties": { "difference_1990_2000": 328.0, "difference_1990_2010": 345.0, "difference_1990_2020": 592.0 }, "geometry": { "type": "Polygon", "coordinates": [ [ [ -102.267946959304993, 21.84946729832253 ], [ -102.263374485596714, 21.849467298322562 ], [ -102.263374485596714, 21.845280270214527 ], [ -102.267946959304993, 21.845280270214527 ], [ -102.267946959304993, 21.84946729832253 ] ] ] } },
{ "type": "Feature", "properties": { "difference_1990_2000": 1579.0, "difference_1990_2010": 1930.0, "difference_1990_2020": 1898.0 }, "geometry": { "type": "Polygon", "coordinates": [ [ [ -102.267946959304993, 21.895532619125444 ], [ -102.263374485596714, 21.895532619125422 ], [ -102.263374485596714, 21.891344255146972 ], [ -102.267946959304993, 21.891344255146929 ], [ -102.267946959304993, 21.895532619125444 ] ] ] } },
{ "type": "Feature", "properties": { "difference_1990_2000": 462.0, "difference_1990_2010": 174.0, "difference_1990_2020": 13.0 }, "geometry": { "type": "Polygon", "coordinates": [ [ [ -102.267946959304993, 21.908098441030358 ], [ -102.263374485596714, 21.908098441030358 ], [ -102.263374485596714, 21.903909712034299 ], [ -102.267946959304993, 21.903909712034256 ], [ -102.267946959304993, 21.908098441030358 ] ] ] } },
{ "type": "Feature", "properties": { "difference_1990_2000": 2668.0, "difference_1990_2010": 2606.0, "difference_1990_2020": 3003.0 }, "geometry": { "type": "Polygon", "coordinates": [ [ [ -102.267946959304993, 21.853654447709399 ], [ -102.263374485596714, 21.853654447709399 ], [ -102.263374485596714, 21.849467298322562 ], [ -102.267946959304993, 21.84946729832253 ], [ -102.267946959304993, 21.853654447709399 ] ] ] } },
{ "type": "Feature", "properties": { "difference_1990_2000": 0.0, "difference_1990_2010": 0.0, "difference_1990_2020": 39.0 }, "geometry": { "type": "Polygon", "coordinates": [ [ [ -102.267946959304993, 22.029624671723649 ], [ -102.263374485596714, 22.029624671723649 ], [ -102.263374485596714, 22.025432398944695 ], [ -102.267946959304993, 22.025432398944695 ], [ -102.267946959304993, 22.029624671723649 ] ] ] } },
{ "type": "Feature", "properties": { "difference_1990_2000": 0.0, "difference_1990_2010": 0.0, "difference_1990_2020": 283.0 }, "geometry": { "type": "Polygon", "coordinates": [ [ [ -102.267946959304993, 21.832719913235682 ], [ -102.263374485596714, 21.83271991323565 ], [ -102.263374485596714, 21.828533369915302 ], [ -102.267946959304993, 21.828533369915302 ], [ -102.267946959304993, 21.832719913235682 ] ] ] } },
{ "type": "Feature", "properties": { "difference_1990_2000": 0.0, "difference_1990_2010": 0.0, "difference_1990_2020": 2940.0 }, "geometry": { "type": "Polygon", "coordinates": [ [ [ -102.267946959304993, 21.811788407457481 ], [ -102.263374485596714, 21.811788407457481 ], [ -102.263374485596714, 21.807602469385365 ], [ -102.267946959304993, 21.807602469385365 ], [ -102.267946959304993, 21.811788407457481 ] ] ] } },
{ "type": "Feature", "properties": { "difference_1990_2000": -28.0, "difference_1990_2010": 119.0, "difference_1990_2020": 153.0 }, "geometry": { "type": "Polygon", "coordinates": [ [ [ -102.267946959304993, 21.882967891977646 ], [ -102.263374485596714, 21.882967891977628 ], [ -102.263374485596714, 21.878779892721155 ], [ -102.267946959304993, 21.878779892721155 ], [ -102.267946959304993, 21.882967891977646 ] ] ] } },
{ "type": "Feature", "properties": { "difference_1990_2000": 0.0, "difference_1990_2010": 0.0, "difference_1990_2020": 234.0 }, "geometry": { "type": "Polygon", "coordinates": [ [ [ -102.267946959304993, 21.815974466513847 ], [ -102.263374485596714, 21.815974466513847 ], [ -102.263374485596714, 21.811788407457481 ], [ -102.267946959304993, 21.811788407457481 ], [ -102.267946959304993, 21.815974466513847 ] ] ] } },
{ "type": "Feature", "properties": { "difference_1990_2000": 3.0, "difference_1990_2010": 1825.0, "difference_1990_2020": 2054.0 }, "geometry": { "type": "Polygon", "coordinates": [ [ [ -102.267946959304993, 21.933233372660926 ], [ -102.263374485596714, 21.933233372660926 ], [ -102.263374485596714, 21.929043912742092 ], [ -102.267946959304993, 21.929043912742092 ], [ -102.267946959304993, 21.933233372660926 ] ] ] } },
{ "type": "Feature", "properties": { "difference_1990_2000": 0.0, "difference_1990_2010": 123.0, "difference_1990_2020": 156.0 }, "geometry": { "type": "Polygon", "coordinates": [ [ [ -102.267946959304993, 21.841093363352506 ], [ -102.263374485596714, 21.841093363352506 ], [ -102.263374485596714, 21.836906577703864 ], [ -102.267946959304993, 21.836906577703839 ], [ -102.267946959304993, 21.841093363352506 ] ] ] } },
{ "type": "Feature", "properties": { "difference_1990_2000": 0.0, "difference_1990_2010": 0.0, "difference_1990_2020": 901.0 }, "geometry": { "type": "Polygon", "coordinates": [ [ [ -102.267946959304993, 21.828533369915302 ], [ -102.263374485596714, 21.828533369915302 ], [ -102.263374485596714, 21.824346947710072 ], [ -102.267946959304993, 21.824346947710072 ], [ -102.267946959304993, 21.828533369915302 ] ] ] } },
{ "type": "Feature", "properties": { "difference_1990_2000": 11.0, "difference_1990_2010": -10.0, "difference_1990_2020": -65.0 }, "geometry": { "type": "Polygon", "coordinates": [ [ [ -102.267946959304993, 21.903909712034256 ], [ -102.263374485596714, 21.903909712034299 ], [ -102.263374485596714, 21.899721104743623 ], [ -102.267946959304993, 21.899721104743605 ], [ -102.267946959304993, 21.903909712034256 ] ] ] } },
{ "type": "Feature", "properties": { "difference_1990_2000": 0.0, "difference_1990_2010": 0.0, "difference_1990_2020": 494.0 }, "geometry": { "type": "Polygon", "coordinates": [ [ [ -102.267946959304993, 21.945802484162716 ], [ -102.263374485596714, 21.945802484162716 ], [ -102.263374485596714, 21.941612658338283 ], [ -102.267946959304993, 21.941612658338283 ], [ -102.267946959304993, 21.945802484162716 ] ] ] } },
{ "type": "Feature", "properties": { "difference_1990_2000": 150.0, "difference_1990_2010": 498.0, "difference_1990_2020": 587.0 }, "geometry": { "type": "Polygon", "coordinates": [ [ [ -102.267946959304993, 21.891344255146929 ], [ -102.263374485596714, 21.891344255146972 ], [ -102.263374485596714, 21.887156012775268 ], [ -102.267946959304993, 21.8871560127753 ], [ -102.267946959304993, 21.891344255146929 ] ] ] } },
{ "type": "Feature", "properties": { "difference_1990_2000": -39.0, "difference_1990_2010": 0.0, "difference_1990_2020": -95.0 }, "geometry": { "type": "Polygon", "coordinates": [ [ [ -102.267946959304993, 22.079941524717871 ], [ -102.263374485596714, 22.079941524717871 ], [ -102.263374485596714, 22.075747777418297 ], [ -102.267946959304993, 22.075747777418297 ], [ -102.267946959304993, 22.079941524717871 ] ] ] } },
{ "type": "Feature", "properties": { "difference_1990_2000": 121.0, "difference_1990_2010": 1002.0, "difference_1990_2020": 1232.0 }, "geometry": { "type": "Polygon", "coordinates": [ [ [ -102.267946959304993, 21.929043912742092 ], [ -102.263374485596714, 21.929043912742092 ], [ -102.263374485596714, 21.924854574725966 ], [ -102.267946959304993, 21.924854574725966 ], [ -102.267946959304993, 21.929043912742092 ] ] ] } },
{ "type": "Feature", "properties": { "difference_1990_2000": 78.0, "difference_1990_2010": 1069.0, "difference_1990_2020": 1493.0 }, "geometry": { "type": "Polygon", "coordinates": [ [ [ -102.267946959304993, 21.845280270214527 ], [ -102.263374485596714, 21.845280270214527 ], [ -102.263374485596714, 21.841093363352506 ], [ -102.267946959304993, 21.841093363352506 ], [ -102.267946959304993, 21.845280270214527 ] ] ] } },
{ "type": "Feature", "properties": { "difference_1990_2000": 673.0, "difference_1990_2010": 830.0, "difference_1990_2020": 806.0 }, "geometry": { "type": "Polygon", "coordinates": [ [ [ -102.267946959304993, 21.866216623870553 ], [ -102.263374485596714, 21.866216623870553 ], [ -102.263374485596714, 21.862029110450639 ], [ -102.267946959304993, 21.862029110450639 ], [ -102.267946959304993, 21.866216623870553 ] ] ] } },
{ "type": "Feature", "properties": { "difference_1990_2000": 1261.0, "difference_1990_2010": 1447.0, "difference_1990_2020": 1466.0 }, "geometry": { "type": "Polygon", "coordinates": [ [ [ -102.267946959304993, 21.912287291764688 ], [ -102.263374485596714, 21.912287291764688 ], [ -102.263374485596714, 21.908098441030358 ], [ -102.267946959304993, 21.908098441030358 ], [ -102.267946959304993, 21.912287291764688 ] ] ] } },
{ "type": "Feature", "properties": { "difference_1990_2000": 457.0, "difference_1990_2010": 0.0, "difference_1990_2020": 1574.0 }, "geometry": { "type": "Polygon", "coordinates": [ [ [ -102.267946959304993, 22.071554153177722 ], [ -102.263374485596714, 22.071554153177722 ], [ -102.263374485596714, 22.067360651962943 ], [ -102.267946959304993, 22.067360651962957 ], [ -102.267946959304993, 22.071554153177722 ] ] ] } },
{ "type": "Feature", "properties": { "difference_1990_2000": 75.0, "difference_1990_2010": 0.0, "difference_1990_2020": 544.0 }, "geometry": { "type": "Polygon", "coordinates": [ [ [ -102.267946959304993, 22.075747777418297 ], [ -102.263374485596714, 22.075747777418297 ], [ -102.263374485596714, 22.071554153177722 ], [ -102.267946959304993, 22.071554153177722 ], [ -102.267946959304993, 22.075747777418297 ] ] ] } },
{ "type": "Feature", "properties": { "difference_1990_2000": -477.0, "difference_1990_2010": -737.0, "difference_1990_2020": -843.0 }, "geometry": { "type": "Polygon", "coordinates": [ [ [ -102.267946959304993, 21.878779892721155 ], [ -102.263374485596714, 21.878779892721155 ], [ -102.263374485596714, 21.874592014973036 ], [ -102.267946959304993, 21.874592014973036 ], [ -102.267946959304993, 21.878779892721155 ] ] ] } },
{ "type": "Feature", "properties": { "difference_1990_2000": 0.0, "difference_1990_2010": 1464.0, "difference_1990_2020": 3881.0 }, "geometry": { "type": "Polygon", "coordinates": [ [ [ -102.267946959304993, 21.937422954515348 ], [ -102.263374485596714, 21.937422954515348 ], [ -102.263374485596714, 21.933233372660926 ], [ -102.267946959304993, 21.933233372660926 ], [ -102.267946959304993, 21.937422954515348 ] ] ] } },
{ "type": "Feature", "properties": { "difference_1990_2000": 1704.0, "difference_1990_2010": 2232.0, "difference_1990_2020": 2262.0 }, "geometry": { "type": "Polygon", "coordinates": [ [ [ -102.267946959304993, 21.916476264270191 ], [ -102.263374485596714, 21.916476264270152 ], [ -102.263374485596714, 21.912287291764688 ], [ -102.267946959304993, 21.912287291764688 ], [ -102.267946959304993, 21.916476264270191 ] ] ] } },
{ "type": "Feature", "properties": { "difference_1990_2000": 2897.0, "difference_1990_2010": 2700.0, "difference_1990_2020": 2520.0 }, "geometry": { "type": "Polygon", "coordinates": [ [ [ -102.267946959304993, 21.857841718407858 ], [ -102.263374485596714, 21.857841718407826 ], [ -102.263374485596714, 21.853654447709399 ], [ -102.267946959304993, 21.853654447709399 ], [ -102.267946959304993, 21.857841718407858 ] ] ] } },
{ "type": "Feature", "properties": { "difference_1990_2000": 0.0, "difference_1990_2010": 0.0, "difference_1990_2020": 2002.0 }, "geometry": { "type": "Polygon", "coordinates": [ [ [ -102.267946959304993, 21.807602469385365 ], [ -102.263374485596714, 21.807602469385365 ], [ -102.263374485596714, 21.803416652264719 ], [ -102.267946959304993, 21.803416652264719 ], [ -102.267946959304993, 21.807602469385365 ] ] ] } },
{ "type": "Feature", "properties": { "difference_1990_2000": 0.0, "difference_1990_2010": 0.0, "difference_1990_2020": 603.0 }, "geometry": { "type": "Polygon", "coordinates": [ [ [ -102.267946959304993, 21.820160646587123 ], [ -102.263374485596714, 21.820160646587141 ], [ -102.263374485596714, 21.815974466513847 ], [ -102.267946959304993, 21.815974466513847 ], [ -102.267946959304993, 21.820160646587123 ] ] ] } },
{ "type": "Feature", "properties": { "difference_1990_2000": 605.0, "difference_1990_2010": 1791.0, "difference_1990_2020": 1768.0 }, "geometry": { "type": "Polygon", "coordinates": [ [ [ -102.267946959304993, 21.920665358579601 ], [ -102.263374485596714, 21.920665358579601 ], [ -102.263374485596714, 21.916476264270152 ], [ -102.267946959304993, 21.916476264270191 ], [ -102.267946959304993, 21.920665358579601 ] ] ] } },
{ "type": "Feature", "properties": { "difference_1990_2000": -6.0, "difference_1990_2010": 308.0, "difference_1990_2020": 398.0 }, "geometry": { "type": "Polygon", "coordinates": [ [ [ -102.267946959304993, 21.8871560127753 ], [ -102.263374485596714, 21.887156012775268 ], [ -102.263374485596714, 21.882967891977628 ], [ -102.267946959304993, 21.882967891977646 ], [ -102.267946959304993, 21.8871560127753 ] ] ] } },
{ "type": "Feature", "properties": { "difference_1990_2000": 254.0, "difference_1990_2010": 0.0, "difference_1990_2020": 1242.0 }, "geometry": { "type": "Polygon", "coordinates": [ [ [ -102.267946959304993, 22.067360651962957 ], [ -102.263374485596714, 22.067360651962943 ], [ -102.263374485596714, 22.063167273740888 ], [ -102.267946959304993, 22.063167273740852 ], [ -102.267946959304993, 22.067360651962957 ] ] ] } },
{ "type": "Feature", "properties": { "difference_1990_2000": 1791.0, "difference_1990_2010": 1762.0, "difference_1990_2020": 1616.0 }, "geometry": { "type": "Polygon", "coordinates": [ [ [ -102.267946959304993, 21.862029110450639 ], [ -102.263374485596714, 21.862029110450639 ], [ -102.263374485596714, 21.857841718407826 ], [ -102.267946959304993, 21.857841718407858 ], [ -102.267946959304993, 21.862029110450639 ] ] ] } },
{ "type": "Feature", "properties": { "difference_1990_2000": 0.0, "difference_1990_2010": 0.0, "difference_1990_2020": 84.0 }, "geometry": { "type": "Polygon", "coordinates": [ [ [ -102.267946959304993, 21.824346947710072 ], [ -102.263374485596714, 21.824346947710072 ], [ -102.263374485596714, 21.820160646587141 ], [ -102.267946959304993, 21.820160646587123 ], [ -102.267946959304993, 21.824346947710072 ] ] ] } },
{ "type": "Feature", "properties": { "difference_1990_2000": -666.0, "difference_1990_2010": -1042.0, "difference_1990_2020": -1187.0 }, "geometry": { "type": "Polygon", "coordinates": [ [ [ -102.267946959304993, 21.874592014973036 ], [ -102.263374485596714, 21.874592014973036 ], [ -102.263374485596714, 21.870404258700432 ], [ -102.267946959304993, 21.870404258700464 ], [ -102.267946959304993, 21.874592014973036 ] ] ] } },
{ "type": "Feature", "properties": { "difference_1990_2000": 245.0, "difference_1990_2010": 18.0, "difference_1990_2020": -93.0 }, "geometry": { "type": "Polygon", "coordinates": [ [ [ -102.267946959304993, 21.870404258700464 ], [ -102.263374485596714, 21.870404258700432 ], [ -102.263374485596714, 21.866216623870553 ], [ -102.267946959304993, 21.866216623870553 ], [ -102.267946959304993, 21.870404258700464 ] ] ] } },
{ "type": "Feature", "properties": { "difference_1990_2000": 0.0, "difference_1990_2010": 0.0, "difference_1990_2020": 65.0 }, "geometry": { "type": "Polygon", "coordinates": [ [ [ -102.267946959304993, 22.025432398944695 ], [ -102.263374485596714, 22.025432398944695 ], [ -102.263374485596714, 22.021240248827258 ], [ -102.267946959304993, 22.021240248827258 ], [ -102.267946959304993, 22.025432398944695 ] ] ] } },
{ "type": "Feature", "properties": { "difference_1990_2000": 0.0, "difference_1990_2010": 0.0, "difference_1990_2020": 227.0 }, "geometry": { "type": "Polygon", "coordinates": [ [ [ -102.267946959304993, 22.063167273740852 ], [ -102.263374485596714, 22.063167273740888 ], [ -102.263374485596714, 22.058974018478299 ], [ -102.267946959304993, 22.058974018478299 ], [ -102.267946959304993, 22.063167273740852 ] ] ] } },
{ "type": "Feature", "properties": { "difference_1990_2000": 0.0, "difference_1990_2010": 2683.0, "difference_1990_2020": 3272.0 }, "geometry": { "type": "Polygon", "coordinates": [ [ [ -102.258802011888434, 21.941612658338283 ], [ -102.254229538180155, 21.941612658338283 ], [ -102.254229538180155, 21.937422954515348 ], [ -102.258802011888434, 21.937422954515348 ], [ -102.258802011888434, 21.941612658338283 ] ] ] } },
{ "type": "Feature", "properties": { "difference_1990_2000": 116.0, "difference_1990_2010": 717.0, "difference_1990_2020": 1317.0 }, "geometry": { "type": "Polygon", "coordinates": [ [ [ -102.258802011888434, 21.924854574725966 ], [ -102.254229538180155, 21.924854574725966 ], [ -102.254229538180155, 21.920665358579601 ], [ -102.258802011888434, 21.920665358579601 ], [ -102.258802011888434, 21.924854574725966 ] ] ] } },
{ "type": "Feature", "properties": { "difference_1990_2000": 3657.0, "difference_1990_2010": 3680.0, "difference_1990_2020": 3480.0 }, "geometry": { "type": "Polygon", "coordinates": [ [ [ -102.258802011888434, 21.899721104743605 ], [ -102.254229538180155, 21.899721104743605 ], [ -102.254229538180155, 21.895532619125422 ], [ -102.258802011888434, 21.895532619125422 ], [ -102.258802011888434, 21.899721104743605 ] ] ] } },
{ "type": "Feature", "properties": { "difference_1990_2000": 456.0, "difference_1990_2010": 3337.0, "difference_1990_2020": 3683.0 }, "geometry": { "type": "Polygon", "coordinates": [ [ [ -102.258802011888434, 21.84946729832253 ], [ -102.254229538180155, 21.84946729832253 ], [ -102.254229538180155, 21.845280270214495 ], [ -102.258802011888434, 21.845280270214527 ], [ -102.258802011888434, 21.84946729832253 ] ] ] } },
{ "type": "Feature", "properties": { "difference_1990_2000": 4540.0, "difference_1990_2010": 4054.0, "difference_1990_2020": 3756.0 }, "geometry": { "type": "Polygon", "coordinates": [ [ [ -102.258802011888434, 21.895532619125422 ], [ -102.254229538180155, 21.895532619125422 ], [ -102.254229538180155, 21.891344255146929 ], [ -102.258802011888434, 21.891344255146929 ], [ -102.258802011888434, 21.895532619125422 ] ] ] } },
{ "type": "Feature", "properties": { "difference_1990_2000": 954.0, "difference_1990_2010": 1059.0, "difference_1990_2020": 899.0 }, "geometry": { "type": "Polygon", "coordinates": [ [ [ -102.258802011888434, 21.908098441030358 ], [ -102.254229538180155, 21.908098441030358 ], [ -102.254229538180155, 21.903909712034256 ], [ -102.258802011888434, 21.903909712034299 ], [ -102.258802011888434, 21.908098441030358 ] ] ] } },
{ "type": "Feature", "properties": { "difference_1990_2000": 2573.0, "difference_1990_2010": 2974.0, "difference_1990_2020": 2961.0 }, "geometry": { "type": "Polygon", "coordinates": [ [ [ -102.258802011888434, 21.853654447709399 ], [ -102.254229538180155, 21.853654447709399 ], [ -102.254229538180155, 21.84946729832253 ], [ -102.258802011888434, 21.84946729832253 ], [ -102.258802011888434, 21.853654447709399 ] ] ] } },
{ "type": "Feature", "properties": { "difference_1990_2000": 0.0, "difference_1990_2010": 0.0, "difference_1990_2020": 99.0 }, "geometry": { "type": "Polygon", "coordinates": [ [ [ -102.258802011888434, 21.983516412083365 ], [ -102.254229538180155, 21.983516412083379 ], [ -102.254229538180155, 21.97932548676317 ], [ -102.258802011888434, 21.97932548676317 ], [ -102.258802011888434, 21.983516412083365 ] ] ] } },
{ "type": "Feature", "properties": { "difference_1990_2000": 0.0, "difference_1990_2010": 0.0, "difference_1990_2020": 733.0 }, "geometry": { "type": "Polygon", "coordinates": [ [ [ -102.258802011888434, 21.95837269397385 ], [ -102.254229538180155, 21.95837269397385 ], [ -102.254229538180155, 21.954182501947557 ], [ -102.258802011888434, 21.954182501947571 ], [ -102.258802011888434, 21.95837269397385 ] ] ] } },
{ "type": "Feature", "properties": { "difference_1990_2000": 0.0, "difference_1990_2010": 2990.0, "difference_1990_2020": 3521.0 }, "geometry": { "type": "Polygon", "coordinates": [ [ [ -102.258802011888434, 21.933233372660926 ], [ -102.254229538180155, 21.933233372660926 ], [ -102.254229538180155, 21.929043912742092 ], [ -102.258802011888434, 21.929043912742092 ], [ -102.258802011888434, 21.933233372660926 ] ] ] } },
{ "type": "Feature", "properties": { "difference_1990_2000": 98.0, "difference_1990_2010": 300.0, "difference_1990_2020": 336.0 }, "geometry": { "type": "Polygon", "coordinates": [ [ [ -102.258802011888434, 21.841093363352506 ], [ -102.254229538180155, 21.841093363352506 ], [ -102.254229538180155, 21.836906577703839 ], [ -102.258802011888434, 21.836906577703839 ], [ -102.258802011888434, 21.841093363352506 ] ] ] } },
{ "type": "Feature", "properties": { "difference_1990_2000": 144.0, "difference_1990_2010": -135.0, "difference_1990_2020": -198.0 }, "geometry": { "type": "Polygon", "coordinates": [ [ [ -102.258802011888434, 21.882967891977682 ], [ -102.254229538180155, 21.882967891977646 ], [ -102.254229538180155, 21.878779892721155 ], [ -102.258802011888434, 21.878779892721155 ], [ -102.258802011888434, 21.882967891977682 ] ] ] } },
{ "type": "Feature", "properties": { "difference_1990_2000": 0.0, "difference_1990_2010": 143.0, "difference_1990_2020": 2621.0 }, "geometry": { "type": "Polygon", "coordinates": [ [ [ -102.258802011888434, 21.945802484162716 ], [ -102.254229538180155, 21.945802484162716 ], [ -102.254229538180155, 21.941612658338283 ], [ -102.258802011888434, 21.941612658338283 ], [ -102.258802011888434, 21.945802484162716 ] ] ] } },
{ "type": "Feature", "properties": { "difference_1990_2000": 2580.0, "difference_1990_2010": 3415.0, "difference_1990_2020": 3305.0 }, "geometry": { "type": "Polygon", "coordinates": [ [ [ -102.258802011888434, 21.903909712034299 ], [ -102.254229538180155, 21.903909712034256 ], [ -102.254229538180155, 21.899721104743605 ], [ -102.258802011888434, 21.899721104743605 ], [ -102.258802011888434, 21.903909712034299 ] ] ] } },
{ "type": "Feature", "properties": { "difference_1990_2000": 774.0, "difference_1990_2010": 395.0, "difference_1990_2020": 123.0 }, "geometry": { "type": "Polygon", "coordinates": [ [ [ -102.258802011888434, 21.891344255146929 ], [ -102.254229538180155, 21.891344255146929 ], [ -102.254229538180155, 21.887156012775268 ], [ -102.258802011888434, 21.8871560127753 ], [ -102.258802011888434, 21.891344255146929 ] ] ] } },
{ "type": "Feature", "properties": { "difference_1990_2000": 41.0, "difference_1990_2010": 1537.0, "difference_1990_2020": 2755.0 }, "geometry": { "type": "Polygon", "coordinates": [ [ [ -102.258802011888434, 21.929043912742092 ], [ -102.254229538180155, 21.929043912742092 ], [ -102.254229538180155, 21.924854574725966 ], [ -102.258802011888434, 21.924854574725966 ], [ -102.258802011888434, 21.929043912742092 ] ] ] } },
{ "type": "Feature", "properties": { "difference_1990_2000": 0.0, "difference_1990_2010": 0.0, "difference_1990_2020": 482.0 }, "geometry": { "type": "Polygon", "coordinates": [ [ [ -102.258802011888434, 21.97932548676317 ], [ -102.254229538180155, 21.97932548676317 ], [ -102.254229538180155, 21.975134683741057 ], [ -102.258802011888434, 21.975134683741057 ], [ -102.258802011888434, 21.97932548676317 ] ] ] } },
{ "type": "Feature", "properties": { "difference_1990_2000": 434.0, "difference_1990_2010": 2273.0, "difference_1990_2020": 2540.0 }, "geometry": { "type": "Polygon", "coordinates": [ [ [ -102.258802011888434, 21.845280270214527 ], [ -102.254229538180155, 21.845280270214495 ], [ -102.254229538180155, 21.841093363352506 ], [ -102.258802011888434, 21.841093363352506 ], [ -102.258802011888434, 21.845280270214527 ] ] ] } },
{ "type": "Feature", "properties": { "difference_1990_2000": 4902.0, "difference_1990_2010": 4149.0, "difference_1990_2020": 4513.0 }, "geometry": { "type": "Polygon", "coordinates": [ [ [ -102.258802011888434, 21.866216623870553 ], [ -102.254229538180155, 21.866216623870553 ], [ -102.254229538180155, 21.862029110450639 ], [ -102.258802011888434, 21.862029110450639 ], [ -102.258802011888434, 21.866216623870553 ] ] ] } },
{ "type": "Feature", "properties": { "difference_1990_2000": 1265.0, "difference_1990_2010": 1357.0, "difference_1990_2020": 1268.0 }, "geometry": { "type": "Polygon", "coordinates": [ [ [ -102.258802011888434, 21.912287291764688 ], [ -102.254229538180155, 21.912287291764688 ], [ -102.254229538180155, 21.908098441030358 ], [ -102.258802011888434, 21.908098441030358 ], [ -102.258802011888434, 21.912287291764688 ] ] ] } },
{ "type": "Feature", "properties": { "difference_1990_2000": 351.0, "difference_1990_2010": 316.0, "difference_1990_2020": 365.0 }, "geometry": { "type": "Polygon", "coordinates": [ [ [ -102.258802011888434, 21.878779892721155 ], [ -102.254229538180155, 21.878779892721155 ], [ -102.254229538180155, 21.874592014973036 ], [ -102.258802011888434, 21.874592014973036 ], [ -102.258802011888434, 21.878779892721155 ] ] ] } },
{ "type": "Feature", "properties": { "difference_1990_2000": 0.0, "difference_1990_2010": 0.0, "difference_1990_2020": 6.0 }, "geometry": { "type": "Polygon", "coordinates": [ [ [ -102.258802011888434, 21.954182501947521 ], [ -102.254229538180155, 21.954182501947521 ], [ -102.254229538180155, 21.949992432021467 ], [ -102.258802011888434, 21.949992432021467 ], [ -102.258802011888434, 21.954182501947521 ] ] ] } },
{ "type": "Feature", "properties": { "difference_1990_2000": 886.0, "difference_1990_2010": 1452.0, "difference_1990_2020": 2180.0 }, "geometry": { "type": "Polygon", "coordinates": [ [ [ -102.258802011888434, 21.916476264270152 ], [ -102.254229538180155, 21.916476264270152 ], [ -102.254229538180155, 21.912287291764688 ], [ -102.258802011888434, 21.912287291764688 ], [ -102.258802011888434, 21.916476264270152 ] ] ] } },
{ "type": "Feature", "properties": { "difference_1990_2000": 0.0, "difference_1990_2010": 2424.0, "difference_1990_2020": 2965.0 }, "geometry": { "type": "Polygon", "coordinates": [ [ [ -102.258802011888434, 21.937422954515348 ], [ -102.254229538180155, 21.937422954515348 ], [ -102.254229538180155, 21.933233372660926 ], [ -102.258802011888434, 21.933233372660926 ], [ -102.258802011888434, 21.937422954515348 ] ] ] } },
{ "type": "Feature", "properties": { "difference_1990_2000": 0.0, "difference_1990_2010": 0.0, "difference_1990_2020": 466.0 }, "geometry": { "type": "Polygon", "coordinates": [ [ [ -102.258802011888434, 21.962563008133451 ], [ -102.254229538180155, 21.962563008133451 ], [ -102.254229538180155, 21.95837269397385 ], [ -102.258802011888434, 21.95837269397385 ], [ -102.258802011888434, 21.962563008133451 ] ] ] } },
{ "type": "Feature", "properties": { "difference_1990_2000": 2560.0, "difference_1990_2010": 2479.0, "difference_1990_2020": 2317.0 }, "geometry": { "type": "Polygon", "coordinates": [ [ [ -102.258802011888434, 21.857841718407858 ], [ -102.254229538180155, 21.857841718407826 ], [ -102.254229538180155, 21.853654447709399 ], [ -102.258802011888434, 21.853654447709399 ], [ -102.258802011888434, 21.857841718407858 ] ] ] } },
{ "type": "Feature", "properties": { "difference_1990_2000": 0.0, "difference_1990_2010": 0.0, "difference_1990_2020": 918.0 }, "geometry": { "type": "Polygon", "coordinates": [ [ [ -102.258802011888434, 21.949992432021467 ], [ -102.254229538180155, 21.949992432021467 ], [ -102.254229538180155, 21.945802484162716 ], [ -102.258802011888434, 21.945802484162716 ], [ -102.258802011888434, 21.949992432021467 ] ] ] } },
{ "type": "Feature", "properties": { "difference_1990_2000": 151.0, "difference_1990_2010": 863.0, "difference_1990_2020": 1576.0 }, "geometry": { "type": "Polygon", "coordinates": [ [ [ -102.258802011888434, 21.920665358579601 ], [ -102.254229538180155, 21.920665358579601 ], [ -102.254229538180155, 21.916476264270152 ], [ -102.258802011888434, 21.916476264270152 ], [ -102.258802011888434, 21.920665358579601 ] ] ] } },
{ "type": "Feature", "properties": { "difference_1990_2000": -65.0, "difference_1990_2010": -534.0, "difference_1990_2020": -749.0 }, "geometry": { "type": "Polygon", "coordinates": [ [ [ -102.258802011888434, 21.8871560127753 ], [ -102.254229538180155, 21.887156012775268 ], [ -102.254229538180155, 21.882967891977646 ], [ -102.258802011888434, 21.882967891977682 ], [ -102.258802011888434, 21.8871560127753 ] ] ] } },
{ "type": "Feature", "properties": { "difference_1990_2000": 1746.0, "difference_1990_2010": 1617.0, "difference_1990_2020": 1661.0 }, "geometry": { "type": "Polygon", "coordinates": [ [ [ -102.258802011888434, 21.870404258700432 ], [ -102.254229538180155, 21.870404258700432 ], [ -102.254229538180155, 21.866216623870553 ], [ -102.258802011888434, 21.866216623870553 ], [ -102.258802011888434, 21.870404258700432 ] ] ] } },
{ "type": "Feature", "properties": { "difference_1990_2000": 3526.0, "difference_1990_2010": 3153.0, "difference_1990_2020": 3234.0 }, "geometry": { "type": "Polygon", "coordinates": [ [ [ -102.258802011888434, 21.862029110450639 ], [ -102.254229538180155, 21.862029110450639 ], [ -102.254229538180155, 21.857841718407826 ], [ -102.258802011888434, 21.857841718407858 ], [ -102.258802011888434, 21.862029110450639 ] ] ] } },
{ "type": "Feature", "properties": { "difference_1990_2000": 1124.0, "difference_1990_2010": 1071.0, "difference_1990_2020": 1046.0 }, "geometry": { "type": "Polygon", "coordinates": [ [ [ -102.258802011888434, 21.874592014973036 ], [ -102.254229538180155, 21.874592014973036 ], [ -102.254229538180155, 21.870404258700432 ], [ -102.258802011888434, 21.870404258700432 ], [ -102.258802011888434, 21.874592014973036 ] ] ] } },
{ "type": "Feature", "properties": { "difference_1990_2000": 0.0, "difference_1990_2010": 253.0, "difference_1990_2020": 2088.0 }, "geometry": { "type": "Polygon", "coordinates": [ [ [ -102.249657064471904, 21.941612658338283 ], [ -102.245084590763625, 21.941612658338283 ], [ -102.245084590763625, 21.937422954515348 ], [ -102.249657064471904, 21.937422954515348 ], [ -102.249657064471904, 21.941612658338283 ] ] ] } },
{ "type": "Feature", "properties": { "difference_1990_2000": 0.0, "difference_1990_2010": 390.0, "difference_1990_2020": 922.0 }, "geometry": { "type": "Polygon", "coordinates": [ [ [ -102.249657064471904, 21.924854574725966 ], [ -102.245084590763625, 21.924854574725966 ], [ -102.245084590763625, 21.920665358579601 ], [ -102.249657064471904, 21.920665358579601 ], [ -102.249657064471904, 21.924854574725966 ] ] ] } },
{ "type": "Feature", "properties": { "difference_1990_2000": 2342.0, "difference_1990_2010": 2581.0, "difference_1990_2020": 2781.0 }, "geometry": { "type": "Polygon", "coordinates": [ [ [ -102.249657064471904, 21.899721104743623 ], [ -102.245084590763625, 21.899721104743605 ], [ -102.245084590763625, 21.895532619125422 ], [ -102.249657064471904, 21.895532619125444 ], [ -102.249657064471904, 21.899721104743623 ] ] ] } },
{ "type": "Feature", "properties": { "difference_1990_2000": 1246.0, "difference_1990_2010": 3194.0, "difference_1990_2020": 3485.0 }, "geometry": { "type": "Polygon", "coordinates": [ [ [ -102.249657064471904, 21.84946729832253 ], [ -102.245084590763625, 21.84946729832253 ], [ -102.245084590763625, 21.845280270214548 ], [ -102.249657064471904, 21.845280270214548 ], [ -102.249657064471904, 21.84946729832253 ] ] ] } },
{ "type": "Feature", "properties": { "difference_1990_2000": 793.0, "difference_1990_2010": 2221.0, "difference_1990_2020": 2462.0 }, "geometry": { "type": "Polygon", "coordinates": [ [ [ -102.249657064471904, 21.895532619125444 ], [ -102.245084590763625, 21.895532619125422 ], [ -102.245084590763625, 21.891344255146972 ], [ -102.249657064471904, 21.891344255146915 ], [ -102.249657064471904, 21.895532619125444 ] ] ] } },
{ "type": "Feature", "properties": { "difference_1990_2000": 1491.0, "difference_1990_2010": 1841.0, "difference_1990_2020": 2229.0 }, "geometry": { "type": "Polygon", "coordinates": [ [ [ -102.249657064471904, 21.908098441030358 ], [ -102.245084590763625, 21.908098441030358 ], [ -102.245084590763625, 21.903909712034299 ], [ -102.249657064471904, 21.903909712034313 ], [ -102.249657064471904, 21.908098441030358 ] ] ] } },
{ "type": "Feature", "properties": { "difference_1990_2000": 0.0, "difference_1990_2010": 0.0, "difference_1990_2020": 562.0 }, "geometry": { "type": "Polygon", "coordinates": [ [ [ -102.249657064471904, 21.983516412083365 ], [ -102.245084590763625, 21.983516412083379 ], [ -102.245084590763625, 21.97932548676317 ], [ -102.249657064471904, 21.97932548676317 ], [ -102.249657064471904, 21.983516412083365 ] ] ] } },
{ "type": "Feature", "properties": { "difference_1990_2000": 0.0, "difference_1990_2010": 8.0, "difference_1990_2020": 0.0 }, "geometry": { "type": "Polygon", "coordinates": [ [ [ -102.249657064471904, 21.83271991323565 ], [ -102.245084590763625, 21.83271991323565 ], [ -102.245084590763625, 21.828533369915302 ], [ -102.249657064471904, 21.828533369915302 ], [ -102.249657064471904, 21.83271991323565 ] ] ] } },
{ "type": "Feature", "properties": { "difference_1990_2000": 367.0, "difference_1990_2010": 3183.0, "difference_1990_2020": 3583.0 }, "geometry": { "type": "Polygon", "coordinates": [ [ [ -102.249657064471904, 21.853654447709435 ], [ -102.245084590763625, 21.853654447709399 ], [ -102.245084590763625, 21.84946729832253 ], [ -102.249657064471904, 21.84946729832253 ], [ -102.249657064471904, 21.853654447709435 ] ] ] } },
{ "type": "Feature", "properties": { "difference_1990_2000": 2998.0, "difference_1990_2010": 3804.0, "difference_1990_2020": 3738.0 }, "geometry": { "type": "Polygon", "coordinates": [ [ [ -102.249657064471904, 21.882967891977646 ], [ -102.245084590763625, 21.882967891977646 ], [ -102.245084590763625, 21.878779892721194 ], [ -102.249657064471904, 21.878779892721155 ], [ -102.249657064471904, 21.882967891977646 ] ] ] } },
{ "type": "Feature", "properties": { "difference_1990_2000": 0.0, "difference_1990_2010": 0.0, "difference_1990_2020": 2832.0 }, "geometry": { "type": "Polygon", "coordinates": [ [ [ -102.249657064471904, 21.958372693973882 ], [ -102.245084590763625, 21.95837269397385 ], [ -102.245084590763625, 21.954182501947557 ], [ -102.249657064471904, 21.954182501947557 ], [ -102.249657064471904, 21.958372693973882 ] ] ] } },
{ "type": "Feature", "properties": { "difference_1990_2000": 0.0, "difference_1990_2010": 949.0, "difference_1990_2020": 1543.0 }, "geometry": { "type": "Polygon", "coordinates": [ [ [ -102.249657064471904, 21.933233372660926 ], [ -102.245084590763625, 21.933233372660926 ], [ -102.245084590763625, 21.929043912742092 ], [ -102.249657064471904, 21.929043912742092 ], [ -102.249657064471904, 21.933233372660926 ] ] ] } },
{ "type": "Feature", "properties": { "difference_1990_2000": 0.0, "difference_1990_2010": 107.0, "difference_1990_2020": 315.0 }, "geometry": { "type": "Polygon", "coordinates": [ [ [ -102.249657064471904, 21.841093363352506 ], [ -102.245084590763625, 21.841093363352506 ], [ -102.245084590763625, 21.836906577703839 ], [ -102.249657064471904, 21.836906577703839 ], [ -102.249657064471904, 21.841093363352506 ] ] ] } },
{ "type": "Feature", "properties": { "difference_1990_2000": 0.0, "difference_1990_2010": 0.0, "difference_1990_2020": 105.0 }, "geometry": { "type": "Polygon", "coordinates": [ [ [ -102.249657064471904, 21.966753444459183 ], [ -102.245084590763625, 21.966753444459183 ], [ -102.245084590763625, 21.962563008133451 ], [ -102.249657064471904, 21.962563008133451 ], [ -102.249657064471904, 21.966753444459183 ] ] ] } },
{ "type": "Feature", "properties": { "difference_1990_2000": 776.0, "difference_1990_2010": 3338.0, "difference_1990_2020": 3284.0 }, "geometry": { "type": "Polygon", "coordinates": [ [ [ -102.249657064471904, 21.891344255146915 ], [ -102.245084590763625, 21.891344255146972 ], [ -102.245084590763625, 21.8871560127753 ], [ -102.249657064471904, 21.8871560127753 ], [ -102.249657064471904, 21.891344255146915 ] ] ] } },
{ "type": "Feature", "properties": { "difference_1990_2000": 1843.0, "difference_1990_2010": 2427.0, "difference_1990_2020": 2676.0 }, "geometry": { "type": "Polygon", "coordinates": [ [ [ -102.249657064471904, 21.903909712034313 ], [ -102.245084590763625, 21.903909712034299 ], [ -102.245084590763625, 21.899721104743605 ], [ -102.249657064471904, 21.899721104743623 ], [ -102.249657064471904, 21.903909712034313 ] ] ] } },
{ "type": "Feature", "properties": { "difference_1990_2000": 0.0, "difference_1990_2010": 183.0, "difference_1990_2020": 1707.0 }, "geometry": { "type": "Polygon", "coordinates": [ [ [ -102.249657064471904, 21.929043912742092 ], [ -102.245084590763625, 21.929043912742092 ], [ -102.245084590763625, 21.924854574725966 ], [ -102.249657064471904, 21.924854574725966 ], [ -102.249657064471904, 21.929043912742092 ] ] ] } },
{ "type": "Feature", "properties": { "difference_1990_2000": 0.0, "difference_1990_2010": 0.0, "difference_1990_2020": 305.0 }, "geometry": { "type": "Polygon", "coordinates": [ [ [ -102.249657064471904, 21.97932548676317 ], [ -102.245084590763625, 21.97932548676317 ], [ -102.245084590763625, 21.975134683741057 ], [ -102.249657064471904, 21.975134683741057 ], [ -102.249657064471904, 21.97932548676317 ] ] ] } },
{ "type": "Feature", "properties": { "difference_1990_2000": 94.0, "difference_1990_2010": 1425.0, "difference_1990_2020": 1988.0 }, "geometry": { "type": "Polygon", "coordinates": [ [ [ -102.249657064471904, 21.845280270214548 ], [ -102.245084590763625, 21.845280270214548 ], [ -102.245084590763625, 21.841093363352506 ], [ -102.249657064471904, 21.841093363352506 ], [ -102.249657064471904, 21.845280270214548 ] ] ] } },
{ "type": "Feature", "properties": { "difference_1990_2000": 1835.0, "difference_1990_2010": 2791.0, "difference_1990_2020": 2550.0 }, "geometry": { "type": "Polygon", "coordinates": [ [ [ -102.249657064471904, 21.866216623870553 ], [ -102.245084590763625, 21.866216623870553 ], [ -102.245084590763625, 21.862029110450656 ], [ -102.249657064471904, 21.862029110450656 ], [ -102.249657064471904, 21.866216623870553 ] ] ] } },
{ "type": "Feature", "properties": { "difference_1990_2000": 903.0, "difference_1990_2010": 2604.0, "difference_1990_2020": 3044.0 }, "geometry": { "type": "Polygon", "coordinates": [ [ [ -102.249657064471904, 21.912287291764688 ], [ -102.245084590763625, 21.912287291764724 ], [ -102.245084590763625, 21.908098441030358 ], [ -102.249657064471904, 21.908098441030358 ], [ -102.249657064471904, 21.912287291764688 ] ] ] } },
{ "type": "Feature", "properties": { "difference_1990_2000": 0.0, "difference_1990_2010": 723.0, "difference_1990_2020": 34.0 }, "geometry": { "type": "Polygon", "coordinates": [ [ [ -102.249657064471904, 21.836906577703839 ], [ -102.245084590763625, 21.836906577703839 ], [ -102.245084590763625, 21.83271991323565 ], [ -102.249657064471904, 21.83271991323565 ], [ -102.249657064471904, 21.836906577703839 ] ] ] } },
{ "type": "Feature", "properties": { "difference_1990_2000": 2091.0, "difference_1990_2010": 2125.0, "difference_1990_2020": 2109.0 }, "geometry": { "type": "Polygon", "coordinates": [ [ [ -102.249657064471904, 21.878779892721155 ], [ -102.245084590763625, 21.878779892721194 ], [ -102.245084590763625, 21.874592014973036 ], [ -102.249657064471904, 21.874592014973036 ], [ -102.249657064471904, 21.878779892721155 ] ] ] } },
{ "type": "Feature", "properties": { "difference_1990_2000": 0.0, "difference_1990_2010": 0.0, "difference_1990_2020": 700.0 }, "geometry": { "type": "Polygon", "coordinates": [ [ [ -102.249657064471904, 21.954182501947514 ], [ -102.245084590763625, 21.954182501947521 ], [ -102.245084590763625, 21.949992432021467 ], [ -102.249657064471904, 21.949992432021467 ], [ -102.249657064471904, 21.954182501947514 ] ] ] } },
{ "type": "Feature", "properties": { "difference_1990_2000": 1359.0, "difference_1990_2010": 2472.0, "difference_1990_2020": 2891.0 }, "geometry": { "type": "Polygon", "coordinates": [ [ [ -102.249657064471904, 21.916476264270152 ], [ -102.245084590763625, 21.916476264270152 ], [ -102.245084590763625, 21.912287291764724 ], [ -102.249657064471904, 21.912287291764688 ], [ -102.249657064471904, 21.916476264270152 ] ] ] } },
{ "type": "Feature", "properties": { "difference_1990_2000": 0.0, "difference_1990_2010": 783.0, "difference_1990_2020": 2164.0 }, "geometry": { "type": "Polygon", "coordinates": [ [ [ -102.249657064471904, 21.937422954515348 ], [ -102.245084590763625, 21.937422954515348 ], [ -102.245084590763625, 21.933233372660926 ], [ -102.249657064471904, 21.933233372660926 ], [ -102.249657064471904, 21.937422954515348 ] ] ] } },
{ "type": "Feature", "properties": { "difference_1990_2000": 0.0, "difference_1990_2010": 0.0, "difference_1990_2020": 2034.0 }, "geometry": { "type": "Polygon", "coordinates": [ [ [ -102.249657064471904, 21.962563008133451 ], [ -102.245084590763625, 21.962563008133451 ], [ -102.245084590763625, 21.95837269397385 ], [ -102.249657064471904, 21.958372693973882 ], [ -102.249657064471904, 21.962563008133451 ] ] ] } },
{ "type": "Feature", "properties": { "difference_1990_2000": 1011.0, "difference_1990_2010": 1818.0, "difference_1990_2020": 2586.0 }, "geometry": { "type": "Polygon", "coordinates": [ [ [ -102.249657064471904, 21.857841718407858 ], [ -102.245084590763625, 21.857841718407858 ], [ -102.245084590763625, 21.853654447709399 ], [ -102.249657064471904, 21.853654447709435 ], [ -102.249657064471904, 21.857841718407858 ] ] ] } },
{ "type": "Feature", "properties": { "difference_1990_2000": 340.0, "difference_1990_2010": 1372.0, "difference_1990_2020": 1496.0 }, "geometry": { "type": "Polygon", "coordinates": [ [ [ -102.249657064471904, 21.920665358579601 ], [ -102.245084590763625, 21.920665358579601 ], [ -102.245084590763625, 21.916476264270152 ], [ -102.249657064471904, 21.916476264270152 ], [ -102.249657064471904, 21.920665358579601 ] ] ] } },
{ "type": "Feature", "properties": { "difference_1990_2000": 775.0, "difference_1990_2010": 3724.0, "difference_1990_2020": 3661.0 }, "geometry": { "type": "Polygon", "coordinates": [ [ [ -102.249657064471904, 21.8871560127753 ], [ -102.245084590763625, 21.8871560127753 ], [ -102.245084590763625, 21.882967891977646 ], [ -102.249657064471904, 21.882967891977646 ], [ -102.249657064471904, 21.8871560127753 ] ] ] } },
{ "type": "Feature", "properties": { "difference_1990_2000": 1147.0, "difference_1990_2010": 1055.0, "difference_1990_2020": 934.0 }, "geometry": { "type": "Polygon", "coordinates": [ [ [ -102.249657064471904, 21.870404258700411 ], [ -102.245084590763625, 21.870404258700464 ], [ -102.245084590763625, 21.866216623870553 ], [ -102.249657064471904, 21.866216623870553 ], [ -102.249657064471904, 21.870404258700411 ] ] ] } },
{ "type": "Feature", "properties": { "difference_1990_2000": 1565.0, "difference_1990_2010": 1352.0, "difference_1990_2020": 1315.0 }, "geometry": { "type": "Polygon", "coordinates": [ [ [ -102.249657064471904, 21.874592014973036 ], [ -102.245084590763625, 21.874592014973036 ], [ -102.245084590763625, 21.870404258700464 ], [ -102.249657064471904, 21.870404258700411 ], [ -102.249657064471904, 21.874592014973036 ] ] ] } },
{ "type": "Feature", "properties": { "difference_1990_2000": 1933.0, "difference_1990_2010": 2615.0, "difference_1990_2020": 3300.0 }, "geometry": { "type": "Polygon", "coordinates": [ [ [ -102.249657064471904, 21.862029110450656 ], [ -102.245084590763625, 21.862029110450656 ], [ -102.245084590763625, 21.857841718407858 ], [ -102.249657064471904, 21.857841718407858 ], [ -102.249657064471904, 21.862029110450656 ] ] ] } },
{ "type": "Feature", "properties": { "difference_1990_2000": 0.0, "difference_1990_2010": 482.0, "difference_1990_2020": 1657.0 }, "geometry": { "type": "Polygon", "coordinates": [ [ [ -102.240512117055346, 21.899721104743623 ], [ -102.235939643347066, 21.899721104743623 ], [ -102.235939643347066, 21.895532619125444 ], [ -102.240512117055346, 21.895532619125444 ], [ -102.240512117055346, 21.899721104743623 ] ] ] } },
{ "type": "Feature", "properties": { "difference_1990_2000": 0.0, "difference_1990_2010": 191.0, "difference_1990_2020": 276.0 }, "geometry": { "type": "Polygon", "coordinates": [ [ [ -102.240512117055346, 21.84946729832253 ], [ -102.235939643347066, 21.849467298322562 ], [ -102.235939643347066, 21.845280270214527 ], [ -102.240512117055346, 21.845280270214548 ], [ -102.240512117055346, 21.84946729832253 ] ] ] } },
{ "type": "Feature", "properties": { "difference_1990_2000": 0.0, "difference_1990_2010": 94.0, "difference_1990_2020": 1109.0 }, "geometry": { "type": "Polygon", "coordinates": [ [ [ -102.240512117055346, 21.895532619125444 ], [ -102.235939643347066, 21.895532619125444 ], [ -102.235939643347066, 21.891344255146929 ], [ -102.240512117055346, 21.891344255146929 ], [ -102.240512117055346, 21.895532619125444 ] ] ] } },
{ "type": "Feature", "properties": { "difference_1990_2000": 0.0, "difference_1990_2010": 1333.0, "difference_1990_2020": 1828.0 }, "geometry": { "type": "Polygon", "coordinates": [ [ [ -102.240512117055346, 21.908098441030358 ], [ -102.235939643347066, 21.908098441030358 ], [ -102.235939643347066, 21.903909712034299 ], [ -102.240512117055346, 21.903909712034299 ], [ -102.240512117055346, 21.908098441030358 ] ] ] } },
{ "type": "Feature", "properties": { "difference_1990_2000": 0.0, "difference_1990_2010": 501.0, "difference_1990_2020": 1444.0 }, "geometry": { "type": "Polygon", "coordinates": [ [ [ -102.240512117055346, 21.853654447709399 ], [ -102.235939643347066, 21.853654447709399 ], [ -102.235939643347066, 21.849467298322562 ], [ -102.240512117055346, 21.84946729832253 ], [ -102.240512117055346, 21.853654447709399 ] ] ] } },
{ "type": "Feature", "properties": { "difference_1990_2000": 0.0, "difference_1990_2010": 2053.0, "difference_1990_2020": 2634.0 }, "geometry": { "type": "Polygon", "coordinates": [ [ [ -102.240512117055346, 21.882967891977646 ], [ -102.235939643347066, 21.882967891977646 ], [ -102.235939643347066, 21.878779892721155 ], [ -102.240512117055346, 21.878779892721155 ], [ -102.240512117055346, 21.882967891977646 ] ] ] } },
{ "type": "Feature", "properties": { "difference_1990_2000": 0.0, "difference_1990_2010": 0.0, "difference_1990_2020": 78.0 }, "geometry": { "type": "Polygon", "coordinates": [ [ [ -102.240512117055346, 21.933233372660926 ], [ -102.235939643347066, 21.933233372660926 ], [ -102.235939643347066, 21.929043912742092 ], [ -102.240512117055346, 21.929043912742092 ], [ -102.240512117055346, 21.933233372660926 ] ] ] } },
{ "type": "Feature", "properties": { "difference_1990_2000": 35.0, "difference_1990_2010": 1077.0, "difference_1990_2020": 1905.0 }, "geometry": { "type": "Polygon", "coordinates": [ [ [ -102.240512117055346, 21.903909712034299 ], [ -102.235939643347066, 21.903909712034299 ], [ -102.235939643347066, 21.899721104743623 ], [ -102.240512117055346, 21.899721104743623 ], [ -102.240512117055346, 21.903909712034299 ] ] ] } },
{ "type": "Feature", "properties": { "difference_1990_2000": 0.0, "difference_1990_2010": 124.0, "difference_1990_2020": 2563.0 }, "geometry": { "type": "Polygon", "coordinates": [ [ [ -102.240512117055346, 21.891344255146929 ], [ -102.235939643347066, 21.891344255146929 ], [ -102.235939643347066, 21.8871560127753 ], [ -102.240512117055346, 21.8871560127753 ], [ -102.240512117055346, 21.891344255146929 ] ] ] } },
{ "type": "Feature", "properties": { "difference_1990_2000": 0.0, "difference_1990_2010": 0.0, "difference_1990_2020": 320.0 }, "geometry": { "type": "Polygon", "coordinates": [ [ [ -102.240512117055346, 21.929043912742092 ], [ -102.235939643347066, 21.929043912742092 ], [ -102.235939643347066, 21.924854574725998 ], [ -102.240512117055346, 21.924854574725966 ], [ -102.240512117055346, 21.929043912742092 ] ] ] } },
{ "type": "Feature", "properties": { "difference_1990_2000": 0.0, "difference_1990_2010": 2418.0, "difference_1990_2020": 3068.0 }, "geometry": { "type": "Polygon", "coordinates": [ [ [ -102.240512117055346, 21.866216623870553 ], [ -102.235939643347066, 21.866216623870553 ], [ -102.235939643347066, 21.862029110450656 ], [ -102.240512117055346, 21.862029110450656 ], [ -102.240512117055346, 21.866216623870553 ] ] ] } },
{ "type": "Feature", "properties": { "difference_1990_2000": 0.0, "difference_1990_2010": 1561.0, "difference_1990_2020": 3504.0 }, "geometry": { "type": "Polygon", "coordinates": [ [ [ -102.240512117055346, 21.912287291764688 ], [ -102.235939643347066, 21.912287291764688 ], [ -102.235939643347066, 21.908098441030358 ], [ -102.240512117055346, 21.908098441030358 ], [ -102.240512117055346, 21.912287291764688 ] ] ] } },
{ "type": "Feature", "properties": { "difference_1990_2000": 0.0, "difference_1990_2010": 569.0, "difference_1990_2020": 633.0 }, "geometry": { "type": "Polygon", "coordinates": [ [ [ -102.240512117055346, 21.878779892721155 ], [ -102.235939643347066, 21.878779892721155 ], [ -102.235939643347066, 21.874592014973036 ], [ -102.240512117055346, 21.874592014973036 ], [ -102.240512117055346, 21.878779892721155 ] ] ] } },
{ "type": "Feature", "properties": { "difference_1990_2000": 97.0, "difference_1990_2010": 457.0, "difference_1990_2020": 2353.0 }, "geometry": { "type": "Polygon", "coordinates": [ [ [ -102.240512117055346, 21.916476264270152 ], [ -102.235939643347066, 21.916476264270191 ], [ -102.235939643347066, 21.912287291764688 ], [ -102.240512117055346, 21.912287291764688 ], [ -102.240512117055346, 21.916476264270152 ] ] ] } },
{ "type": "Feature", "properties": { "difference_1990_2000": 0.0, "difference_1990_2010": 92.0, "difference_1990_2020": 115.0 }, "geometry": { "type": "Polygon", "coordinates": [ [ [ -102.240512117055346, 21.857841718407858 ], [ -102.235939643347066, 21.857841718407858 ], [ -102.235939643347066, 21.853654447709399 ], [ -102.240512117055346, 21.853654447709399 ], [ -102.240512117055346, 21.857841718407858 ] ] ] } },
{ "type": "Feature", "properties": { "difference_1990_2000": 48.0, "difference_1990_2010": 0.0, "difference_1990_2020": 931.0 }, "geometry": { "type": "Polygon", "coordinates": [ [ [ -102.240512117055346, 21.920665358579601 ], [ -102.235939643347066, 21.920665358579601 ], [ -102.235939643347066, 21.916476264270191 ], [ -102.240512117055346, 21.916476264270152 ], [ -102.240512117055346, 21.920665358579601 ] ] ] } },
{ "type": "Feature", "properties": { "difference_1990_2000": 0.0, "difference_1990_2010": 619.0, "difference_1990_2020": 1394.0 }, "geometry": { "type": "Polygon", "coordinates": [ [ [ -102.240512117055346, 21.8871560127753 ], [ -102.235939643347066, 21.8871560127753 ], [ -102.235939643347066, 21.882967891977646 ], [ -102.240512117055346, 21.882967891977646 ], [ -102.240512117055346, 21.8871560127753 ] ] ] } },
{ "type": "Feature", "properties": { "difference_1990_2000": 0.0, "difference_1990_2010": 4243.0, "difference_1990_2020": 4386.0 }, "geometry": { "type": "Polygon", "coordinates": [ [ [ -102.240512117055346, 21.874592014973036 ], [ -102.235939643347066, 21.874592014973036 ], [ -102.235939643347066, 21.870404258700432 ], [ -102.240512117055346, 21.870404258700464 ], [ -102.240512117055346, 21.874592014973036 ] ] ] } },
{ "type": "Feature", "properties": { "difference_1990_2000": 30.0, "difference_1990_2010": 362.0, "difference_1990_2020": 447.0 }, "geometry": { "type": "Polygon", "coordinates": [ [ [ -102.240512117055346, 21.862029110450656 ], [ -102.235939643347066, 21.862029110450656 ], [ -102.235939643347066, 21.857841718407858 ], [ -102.240512117055346, 21.857841718407858 ], [ -102.240512117055346, 21.862029110450656 ] ] ] } },
{ "type": "Feature", "properties": { "difference_1990_2000": 0.0, "difference_1990_2010": 3409.0, "difference_1990_2020": 3561.0 }, "geometry": { "type": "Polygon", "coordinates": [ [ [ -102.240512117055346, 21.870404258700464 ], [ -102.235939643347066, 21.870404258700432 ], [ -102.235939643347066, 21.866216623870553 ], [ -102.240512117055346, 21.866216623870553 ], [ -102.240512117055346, 21.870404258700464 ] ] ] } },
{ "type": "Feature", "properties": { "difference_1990_2000": 0.0, "difference_1990_2010": 2.0, "difference_1990_2020": 2.0 }, "geometry": { "type": "Polygon", "coordinates": [ [ [ -102.231367169638773, 21.895532619125422 ], [ -102.226794695930494, 21.895532619125476 ], [ -102.226794695930494, 21.891344255146929 ], [ -102.231367169638773, 21.891344255146929 ], [ -102.231367169638773, 21.895532619125422 ] ] ] } },
{ "type": "Feature", "properties": { "difference_1990_2000": 0.0, "difference_1990_2010": 191.0, "difference_1990_2020": 915.0 }, "geometry": { "type": "Polygon", "coordinates": [ [ [ -102.231367169638773, 21.882967891977628 ], [ -102.226794695930494, 21.882967891977646 ], [ -102.226794695930494, 21.878779892721155 ], [ -102.231367169638773, 21.878779892721155 ], [ -102.231367169638773, 21.882967891977628 ] ] ] } },
{ "type": "Feature", "properties": { "difference_1990_2000": 0.0, "difference_1990_2010": 99.0, "difference_1990_2020": 459.0 }, "geometry": { "type": "Polygon", "coordinates": [ [ [ -102.231367169638773, 21.891344255146929 ], [ -102.226794695930494, 21.891344255146929 ], [ -102.226794695930494, 21.8871560127753 ], [ -102.231367169638773, 21.887156012775268 ], [ -102.231367169638773, 21.891344255146929 ] ] ] } },
{ "type": "Feature", "properties": { "difference_1990_2000": 0.0, "difference_1990_2010": 2053.0, "difference_1990_2020": 2087.0 }, "geometry": { "type": "Polygon", "coordinates": [ [ [ -102.231367169638773, 21.866216623870518 ], [ -102.226794695930494, 21.866216623870553 ], [ -102.226794695930494, 21.862029110450656 ], [ -102.231367169638773, 21.862029110450639 ], [ -102.231367169638773, 21.866216623870518 ] ] ] } },
{ "type": "Feature", "properties": { "difference_1990_2000": 0.0, "difference_1990_2010": 393.0, "difference_1990_2020": 888.0 }, "geometry": { "type": "Polygon", "coordinates": [ [ [ -102.231367169638773, 21.878779892721155 ], [ -102.226794695930494, 21.878779892721155 ], [ -102.226794695930494, 21.874592014973036 ], [ -102.231367169638773, 21.874592014973004 ], [ -102.231367169638773, 21.878779892721155 ] ] ] } },
{ "type": "Feature", "properties": { "difference_1990_2000": 0.0, "difference_1990_2010": 605.0, "difference_1990_2020": 1187.0 }, "geometry": { "type": "Polygon", "coordinates": [ [ [ -102.231367169638773, 21.887156012775268 ], [ -102.226794695930494, 21.8871560127753 ], [ -102.226794695930494, 21.882967891977646 ], [ -102.231367169638773, 21.882967891977628 ], [ -102.231367169638773, 21.887156012775268 ] ] ] } },
{ "type": "Feature", "properties": { "difference_1990_2000": 0.0, "difference_1990_2010": 498.0, "difference_1990_2020": 1114.0 }, "geometry": { "type": "Polygon", "coordinates": [ [ [ -102.231367169638773, 21.870404258700411 ], [ -102.226794695930494, 21.870404258700411 ], [ -102.226794695930494, 21.866216623870553 ], [ -102.231367169638773, 21.866216623870518 ], [ -102.231367169638773, 21.870404258700411 ] ] ] } },
{ "type": "Feature", "properties": { "difference_1990_2000": 0.0, "difference_1990_2010": 819.0, "difference_1990_2020": 2390.0 }, "geometry": { "type": "Polygon", "coordinates": [ [ [ -102.231367169638773, 21.874592014973004 ], [ -102.226794695930494, 21.874592014973036 ], [ -102.226794695930494, 21.870404258700411 ], [ -102.231367169638773, 21.870404258700411 ], [ -102.231367169638773, 21.874592014973004 ] ] ] } },
{ "type": "Feature", "properties": { "difference_1990_2000": 0.0, "difference_1990_2010": 143.0, "difference_1990_2020": 183.0 }, "geometry": { "type": "Polygon", "coordinates": [ [ [ -102.231367169638773, 21.862029110450639 ], [ -102.226794695930494, 21.862029110450656 ], [ -102.226794695930494, 21.857841718407858 ], [ -102.231367169638773, 21.857841718407826 ], [ -102.231367169638773, 21.862029110450639 ] ] ] } },
{ "type": "Feature", "properties": { "difference_1990_2000": 0.0, "difference_1990_2010": 12.0, "difference_1990_2020": 12.0 }, "geometry": { "type": "Polygon", "coordinates": [ [ [ -102.222222222222243, 21.895532619125444 ], [ -102.217649748513963, 21.895532619125476 ], [ -102.217649748513963, 21.891344255146972 ], [ -102.222222222222243, 21.891344255146929 ], [ -102.222222222222243, 21.895532619125444 ] ] ] } },
{ "type": "Feature", "properties": { "difference_1990_2000": 0.0, "difference_1990_2010": 430.0, "difference_1990_2020": 444.0 }, "geometry": { "type": "Polygon", "coordinates": [ [ [ -102.222222222222243, 21.891344255146929 ], [ -102.217649748513963, 21.891344255146972 ], [ -102.217649748513963, 21.887156012775321 ], [ -102.222222222222243, 21.8871560127753 ], [ -102.222222222222243, 21.891344255146929 ] ] ] } },
{ "type": "Feature", "properties": { "difference_1990_2000": 0.0, "difference_1990_2010": 0.0, "difference_1990_2020": 4.0 }, "geometry": { "type": "Polygon", "coordinates": [ [ [ -102.222222222222243, 21.878779892721155 ], [ -102.217649748513963, 21.878779892721155 ], [ -102.217649748513963, 21.874592014973057 ], [ -102.222222222222243, 21.874592014973036 ], [ -102.222222222222243, 21.878779892721155 ] ] ] } },
{ "type": "Feature", "properties": { "difference_1990_2000": 0.0, "difference_1990_2010": 299.0, "difference_1990_2020": 482.0 }, "geometry": { "type": "Polygon", "coordinates": [ [ [ -102.222222222222243, 21.8871560127753 ], [ -102.217649748513963, 21.887156012775321 ], [ -102.217649748513963, 21.882967891977646 ], [ -102.222222222222243, 21.882967891977646 ], [ -102.222222222222243, 21.8871560127753 ] ] ] } },
{ "type": "Feature", "properties": { "difference_1990_2000": 0.0, "difference_1990_2010": 205.0, "difference_1990_2020": 253.0 }, "geometry": { "type": "Polygon", "coordinates": [ [ [ -102.213077274805698, 21.899721104743605 ], [ -102.208504801097405, 21.899721104743605 ], [ -102.208504801097405, 21.895532619125422 ], [ -102.213077274805698, 21.895532619125444 ], [ -102.213077274805698, 21.899721104743605 ] ] ] } },
{ "type": "Feature", "properties": { "difference_1990_2000": 0.0, "difference_1990_2010": 474.0, "difference_1990_2020": 594.0 }, "geometry": { "type": "Polygon", "coordinates": [ [ [ -102.213077274805698, 21.895532619125444 ], [ -102.208504801097405, 21.895532619125422 ], [ -102.208504801097405, 21.891344255146929 ], [ -102.213077274805698, 21.891344255146915 ], [ -102.213077274805698, 21.895532619125444 ] ] ] } },
{ "type": "Feature", "properties": { "difference_1990_2000": 0.0, "difference_1990_2010": 189.0, "difference_1990_2020": 137.0 }, "geometry": { "type": "Polygon", "coordinates": [ [ [ -102.213077274805698, 21.853654447709385 ], [ -102.208504801097405, 21.853654447709399 ], [ -102.208504801097405, 21.84946729832253 ], [ -102.213077274805698, 21.84946729832253 ], [ -102.213077274805698, 21.853654447709385 ] ] ] } },
{ "type": "Feature", "properties": { "difference_1990_2000": 0.0, "difference_1990_2010": 76.0, "difference_1990_2020": 155.0 }, "geometry": { "type": "Polygon", "coordinates": [ [ [ -102.213077274805698, 21.996089922162689 ], [ -102.208504801097405, 21.996089922162689 ], [ -102.208504801097405, 21.991898629750128 ], [ -102.213077274805698, 21.991898629750128 ], [ -102.213077274805698, 21.996089922162689 ] ] ] } },
{ "type": "Feature", "properties": { "difference_1990_2000": 0.0, "difference_1990_2010": 129.0, "difference_1990_2020": 194.0 }, "geometry": { "type": "Polygon", "coordinates": [ [ [ -102.213077274805698, 21.891344255146915 ], [ -102.208504801097405, 21.891344255146929 ], [ -102.208504801097405, 21.8871560127753 ], [ -102.213077274805698, 21.887156012775268 ], [ -102.213077274805698, 21.891344255146915 ] ] ] } },
{ "type": "Feature", "properties": { "difference_1990_2000": 0.0, "difference_1990_2010": 34.0, "difference_1990_2020": 163.0 }, "geometry": { "type": "Polygon", "coordinates": [ [ [ -102.213077274805698, 21.866216623870571 ], [ -102.208504801097405, 21.866216623870553 ], [ -102.208504801097405, 21.862029110450639 ], [ -102.213077274805698, 21.862029110450607 ], [ -102.213077274805698, 21.866216623870571 ] ] ] } },
{ "type": "Feature", "properties": { "difference_1990_2000": 0.0, "difference_1990_2010": 150.0, "difference_1990_2020": 132.0 }, "geometry": { "type": "Polygon", "coordinates": [ [ [ -102.213077274805698, 22.000281337005369 ], [ -102.208504801097405, 22.000281337005369 ], [ -102.208504801097405, 21.996089922162689 ], [ -102.213077274805698, 21.996089922162689 ], [ -102.213077274805698, 22.000281337005369 ] ] ] } },
{ "type": "Feature", "properties": { "difference_1990_2000": 0.0, "difference_1990_2010": 327.0, "difference_1990_2020": 418.0 }, "geometry": { "type": "Polygon", "coordinates": [ [ [ -102.213077274805698, 21.857841718407858 ], [ -102.208504801097405, 21.857841718407858 ], [ -102.208504801097405, 21.853654447709399 ], [ -102.213077274805698, 21.853654447709385 ], [ -102.213077274805698, 21.857841718407858 ] ] ] } },
{ "type": "Feature", "properties": { "difference_1990_2000": 0.0, "difference_1990_2010": 85.0, "difference_1990_2020": 108.0 }, "geometry": { "type": "Polygon", "coordinates": [ [ [ -102.213077274805698, 21.887156012775268 ], [ -102.208504801097405, 21.8871560127753 ], [ -102.208504801097405, 21.882967891977646 ], [ -102.213077274805698, 21.882967891977628 ], [ -102.213077274805698, 21.887156012775268 ] ] ] } },
{ "type": "Feature", "properties": { "difference_1990_2000": 0.0, "difference_1990_2010": 200.0, "difference_1990_2020": 239.0 }, "geometry": { "type": "Polygon", "coordinates": [ [ [ -102.213077274805698, 21.862029110450607 ], [ -102.208504801097405, 21.862029110450639 ], [ -102.208504801097405, 21.857841718407858 ], [ -102.213077274805698, 21.857841718407858 ], [ -102.213077274805698, 21.862029110450607 ] ] ] } },
{ "type": "Feature", "properties": { "difference_1990_2000": 0.0, "difference_1990_2010": 0.0, "difference_1990_2020": 58.0 }, "geometry": { "type": "Polygon", "coordinates": [ [ [ -102.213077274805698, 21.870404258700432 ], [ -102.208504801097405, 21.870404258700432 ], [ -102.208504801097405, 21.866216623870553 ], [ -102.213077274805698, 21.866216623870571 ], [ -102.213077274805698, 21.870404258700432 ] ] ] } },
{ "type": "Feature", "properties": { "difference_1990_2000": 0.0, "difference_1990_2010": 48.0, "difference_1990_2020": 104.0 }, "geometry": { "type": "Polygon", "coordinates": [ [ [ -102.203932327389126, 21.996089922162721 ], [ -102.199359853680846, 21.996089922162689 ], [ -102.199359853680846, 21.991898629750128 ], [ -102.203932327389126, 21.991898629750128 ], [ -102.203932327389126, 21.996089922162721 ] ] ] } },
{ "type": "Feature", "properties": { "difference_1990_2000": 0.0, "difference_1990_2010": 0.0, "difference_1990_2020": 10.0 }, "geometry": { "type": "Polygon", "coordinates": [ [ [ -102.203932327389126, 21.866216623870553 ], [ -102.199359853680846, 21.866216623870571 ], [ -102.199359853680846, 21.862029110450639 ], [ -102.203932327389126, 21.862029110450639 ], [ -102.203932327389126, 21.866216623870553 ] ] ] } },
{ "type": "Feature", "properties": { "difference_1990_2000": 0.0, "difference_1990_2010": 630.0, "difference_1990_2020": 1090.0 }, "geometry": { "type": "Polygon", "coordinates": [ [ [ -102.203932327389126, 22.000281337005386 ], [ -102.199359853680846, 22.000281337005369 ], [ -102.199359853680846, 21.996089922162689 ], [ -102.203932327389126, 21.996089922162721 ], [ -102.203932327389126, 22.000281337005386 ] ] ] } },
{ "type": "Feature", "properties": { "difference_1990_2000": 0.0, "difference_1990_2010": 460.0, "difference_1990_2020": 823.0 }, "geometry": { "type": "Polygon", "coordinates": [ [ [ -102.203932327389126, 22.004472874311212 ], [ -102.199359853680846, 22.004472874311212 ], [ -102.199359853680846, 22.000281337005337 ], [ -102.203932327389126, 22.000281337005337 ], [ -102.203932327389126, 22.004472874311212 ] ] ] } },
{ "type": "Feature", "properties": { "difference_1990_2000": 0.0, "difference_1990_2010": 93.0, "difference_1990_2020": 219.0 }, "geometry": { "type": "Polygon", "coordinates": [ [ [ -102.203932327389126, 21.857841718407858 ], [ -102.199359853680846, 21.857841718407858 ], [ -102.199359853680846, 21.853654447709399 ], [ -102.203932327389126, 21.853654447709399 ], [ -102.203932327389126, 21.857841718407858 ] ] ] } },
{ "type": "Feature", "properties": { "difference_1990_2000": 6.0, "difference_1990_2010": 0.0, "difference_1990_2020": 17.0 }, "geometry": { "type": "Polygon", "coordinates": [ [ [ -102.203932327389126, 21.820160646587141 ], [ -102.199359853680846, 21.820160646587141 ], [ -102.199359853680846, 21.815974466513847 ], [ -102.203932327389126, 21.815974466513847 ], [ -102.203932327389126, 21.820160646587141 ] ] ] } },
{ "type": "Feature", "properties": { "difference_1990_2000": 0.0, "difference_1990_2010": 192.0, "difference_1990_2020": 302.0 }, "geometry": { "type": "Polygon", "coordinates": [ [ [ -102.203932327389126, 21.862029110450639 ], [ -102.199359853680846, 21.862029110450639 ], [ -102.199359853680846, 21.857841718407858 ], [ -102.203932327389126, 21.857841718407858 ], [ -102.203932327389126, 21.862029110450639 ] ] ] } },
{ "type": "Feature", "properties": { "difference_1990_2000": 9.0, "difference_1990_2010": 15.0, "difference_1990_2020": 24.0 }, "geometry": { "type": "Polygon", "coordinates": [ [ [ -102.203932327389126, 21.824346947710072 ], [ -102.199359853680846, 21.824346947710072 ], [ -102.199359853680846, 21.820160646587141 ], [ -102.203932327389126, 21.820160646587141 ], [ -102.203932327389126, 21.824346947710072 ] ] ] } },
{ "type": "Feature", "properties": { "difference_1990_2000": 19.0, "difference_1990_2010": 43.0, "difference_1990_2020": 71.0 }, "geometry": { "type": "Polygon", "coordinates": [ [ [ -102.194787379972581, 21.84946729832253 ], [ -102.190214906264302, 21.84946729832253 ], [ -102.190214906264302, 21.845280270214527 ], [ -102.194787379972581, 21.845280270214527 ], [ -102.194787379972581, 21.84946729832253 ] ] ] } },
{ "type": "Feature", "properties": { "difference_1990_2000": 7.0, "difference_1990_2010": 5.0, "difference_1990_2020": 7.0 }, "geometry": { "type": "Polygon", "coordinates": [ [ [ -102.194787379972581, 21.832719913235636 ], [ -102.190214906264302, 21.83271991323565 ], [ -102.190214906264302, 21.828533369915288 ], [ -102.194787379972581, 21.828533369915302 ], [ -102.194787379972581, 21.832719913235636 ] ] ] } },
{ "type": "Feature", "properties": { "difference_1990_2000": 1.0, "difference_1990_2010": 4.0, "difference_1990_2020": 4.0 }, "geometry": { "type": "Polygon", "coordinates": [ [ [ -102.194787379972581, 21.815974466513847 ], [ -102.190214906264302, 21.815974466513847 ], [ -102.190214906264302, 21.811788407457534 ], [ -102.194787379972581, 21.811788407457446 ], [ -102.194787379972581, 21.815974466513847 ] ] ] } },
{ "type": "Feature", "properties": { "difference_1990_2000": 30.0, "difference_1990_2010": 35.0, "difference_1990_2020": 44.0 }, "geometry": { "type": "Polygon", "coordinates": [ [ [ -102.194787379972581, 21.841093363352506 ], [ -102.190214906264302, 21.841093363352506 ], [ -102.190214906264302, 21.836906577703807 ], [ -102.194787379972581, 21.836906577703839 ], [ -102.194787379972581, 21.841093363352506 ] ] ] } },
{ "type": "Feature", "properties": { "difference_1990_2000": 261.0, "difference_1990_2010": 224.0, "difference_1990_2020": 268.0 }, "geometry": { "type": "Polygon", "coordinates": [ [ [ -102.194787379972581, 21.828533369915302 ], [ -102.190214906264302, 21.828533369915288 ], [ -102.190214906264302, 21.824346947710072 ], [ -102.194787379972581, 21.824346947710072 ], [ -102.194787379972581, 21.828533369915302 ] ] ] } },
{ "type": "Feature", "properties": { "difference_1990_2000": 51.0, "difference_1990_2010": 87.0, "difference_1990_2020": 111.0 }, "geometry": { "type": "Polygon", "coordinates": [ [ [ -102.194787379972581, 21.845280270214527 ], [ -102.190214906264302, 21.845280270214527 ], [ -102.190214906264302, 21.841093363352506 ], [ -102.194787379972581, 21.841093363352506 ], [ -102.194787379972581, 21.845280270214527 ] ] ] } },
{ "type": "Feature", "properties": { "difference_1990_2000": 10.0, "difference_1990_2010": 9.0, "difference_1990_2020": 14.0 }, "geometry": { "type": "Polygon", "coordinates": [ [ [ -102.194787379972581, 21.836906577703839 ], [ -102.190214906264302, 21.836906577703807 ], [ -102.190214906264302, 21.83271991323565 ], [ -102.194787379972581, 21.832719913235636 ], [ -102.194787379972581, 21.836906577703839 ] ] ] } },
{ "type": "Feature", "properties": { "difference_1990_2000": 99.0, "difference_1990_2010": 268.0, "difference_1990_2020": 269.0 }, "geometry": { "type": "Polygon", "coordinates": [ [ [ -102.194787379972581, 21.820160646587123 ], [ -102.190214906264302, 21.820160646587123 ], [ -102.190214906264302, 21.815974466513847 ], [ -102.194787379972581, 21.815974466513847 ], [ -102.194787379972581, 21.820160646587123 ] ] ] } },
{ "type": "Feature", "properties": { "difference_1990_2000": 247.0, "difference_1990_2010": 372.0, "difference_1990_2020": 394.0 }, "geometry": { "type": "Polygon", "coordinates": [ [ [ -102.194787379972581, 21.824346947710072 ], [ -102.190214906264302, 21.824346947710072 ], [ -102.190214906264302, 21.820160646587123 ], [ -102.194787379972581, 21.820160646587123 ], [ -102.194787379972581, 21.824346947710072 ] ] ] } },
{ "type": "Feature", "properties": { "difference_1990_2000": 112.0, "difference_1990_2010": 139.0, "difference_1990_2020": 167.0 }, "geometry": { "type": "Polygon", "coordinates": [ [ [ -102.185642432555994, 21.83271991323565 ], [ -102.181069958847715, 21.83271991323565 ], [ -102.181069958847715, 21.828533369915302 ], [ -102.185642432555994, 21.828533369915302 ], [ -102.185642432555994, 21.83271991323565 ] ] ] } },
{ "type": "Feature", "properties": { "difference_1990_2000": 83.0, "difference_1990_2010": 103.0, "difference_1990_2020": 123.0 }, "geometry": { "type": "Polygon", "coordinates": [ [ [ -102.185642432555994, 21.841093363352506 ], [ -102.181069958847715, 21.841093363352506 ], [ -102.181069958847715, 21.836906577703839 ], [ -102.185642432555994, 21.836906577703839 ], [ -102.185642432555994, 21.841093363352506 ] ] ] } },
{ "type": "Feature", "properties": { "difference_1990_2000": 117.0, "difference_1990_2010": 134.0, "difference_1990_2020": 160.0 }, "geometry": { "type": "Polygon", "coordinates": [ [ [ -102.185642432555994, 21.828533369915302 ], [ -102.181069958847715, 21.828533369915302 ], [ -102.181069958847715, 21.824346947710094 ], [ -102.185642432555994, 21.824346947710072 ], [ -102.185642432555994, 21.828533369915302 ] ] ] } },
{ "type": "Feature", "properties": { "difference_1990_2000": 121.0, "difference_1990_2010": 150.0, "difference_1990_2020": 179.0 }, "geometry": { "type": "Polygon", "coordinates": [ [ [ -102.185642432555994, 21.836906577703839 ], [ -102.181069958847715, 21.836906577703839 ], [ -102.181069958847715, 21.83271991323565 ], [ -102.185642432555994, 21.83271991323565 ], [ -102.185642432555994, 21.836906577703839 ] ] ] } },
{ "type": "Feature", "properties": { "difference_1990_2000": 22.0, "difference_1990_2010": 18.0, "difference_1990_2020": 21.0 }, "geometry": { "type": "Polygon", "coordinates": [ [ [ -102.185642432555994, 21.820160646587123 ], [ -102.181069958847715, 21.820160646587141 ], [ -102.181069958847715, 21.815974466513847 ], [ -102.185642432555994, 21.815974466513847 ], [ -102.185642432555994, 21.820160646587123 ] ] ] } },
{ "type": "Feature", "properties": { "difference_1990_2000": 299.0, "difference_1990_2010": 253.0, "difference_1990_2020": 293.0 }, "geometry": { "type": "Polygon", "coordinates": [ [ [ -102.185642432555994, 21.824346947710072 ], [ -102.181069958847715, 21.824346947710094 ], [ -102.181069958847715, 21.820160646587141 ], [ -102.185642432555994, 21.820160646587123 ], [ -102.185642432555994, 21.824346947710072 ] ] ] } }
]
}
