{
"type": "FeatureCollection",
"crs": { "type": "name", "properties": { "name": "urn:ogc:def:crs:OGC:1.3:CRS84" } },
"features": [
{ "type": "Feature", "properties": { "difference_1990_2000": -15.0, "difference_1990_2010": 12.0, "difference_1990_2020": 81.0 }, "geometry": { "type": "Polygon", "coordinates": [ [ [ -90.54412437128488, 19.799333998320439 ], [ -90.539551897576587, 19.799333998320439 ], [ -90.539551897576587, 19.795202911348035 ], [ -90.54412437128488, 19.795202911348085 ], [ -90.54412437128488, 19.799333998320439 ] ] ] } },
{ "type": "Feature", "properties": { "difference_1990_2000": -51.0, "difference_1990_2010": 45.0, "difference_1990_2020": 272.0 }, "geometry": { "type": "Polygon", "coordinates": [ [ [ -90.54412437128488, 19.807596490187294 ], [ -90.539551897576587, 19.807596490187294 ], [ -90.539551897576587, 19.803465191257029 ], [ -90.54412437128488, 19.803465191257029 ], [ -90.54412437128488, 19.807596490187294 ] ] ] } },
{ "type": "Feature", "properties": { "difference_1990_2000": -75.0, "difference_1990_2010": -162.0, "difference_1990_2020": -148.0 }, "geometry": { "type": "Polygon", "coordinates": [ [ [ -90.54412437128488, 19.848915315629871 ], [ -90.539551897576587, 19.848915315629871 ], [ -90.539551897576587, 19.844782955140506 ], [ -90.54412437128488, 19.844782955140506 ], [ -90.54412437128488, 19.848915315629871 ] ] ] } },
{ "type": "Feature", "properties": { "difference_1990_2000": -54.0, "difference_1990_2010": 57.0, "difference_1990_2020": 313.0 }, "geometry": { "type": "Polygon", "coordinates": [ [ [ -90.54412437128488, 19.811727895140613 ], [ -90.539551897576587, 19.811727895140613 ], [ -90.539551897576587, 19.807596490187294 ], [ -90.54412437128488, 19.807596490187294 ], [ -90.54412437128488, 19.811727895140613 ] ] ] } },
{ "type": "Feature", "properties": { "difference_1990_2000": -55.0, "difference_1990_2010": -268.0, "difference_1990_2020": -332.0 }, "geometry": { "type": "Polygon", "coordinates": [ [ [ -90.54412437128488, 19.836518552998569 ], [ -90.539551897576587, 19.836518552998516 ], [ -90.539551897576587, 19.832386511286874 ], [ -90.54412437128488, 19.832386511286888 ], [ -90.54412437128488, 19.836518552998569 ] ] ] } },
{ "type": "Feature", "properties": { "difference_1990_2000": -54.0, "difference_1990_2010": 43.0, "difference_1990_2020": 286.0 }, "geometry": { "type": "Polygon", "coordinates": [ [ [ -90.54412437128488, 19.803465191257029 ], [ -90.539551897576587, 19.803465191257029 ], [ -90.539551897576587, 19.799333998320439 ], [ -90.54412437128488, 19.799333998320439 ], [ -90.54412437128488, 19.803465191257029 ] ] ] } },
{ "type": "Feature", "properties": { "difference_1990_2000": 233.0, "difference_1990_2010": 400.0, "difference_1990_2020": 507.0 }, "geometry": { "type": "Polygon", "coordinates": [ [ [ -90.54412437128488, 19.824122746434501 ], [ -90.539551897576587, 19.824122746434501 ], [ -90.539551897576587, 19.819991023234731 ], [ -90.54412437128488, 19.819991023234731 ], [ -90.54412437128488, 19.824122746434501 ] ] ] } },
{ "type": "Feature", "properties": { "difference_1990_2000": -173.0, "difference_1990_2010": -427.0, "difference_1990_2020": -447.0 }, "geometry": { "type": "Polygon", "coordinates": [ [ [ -90.54412437128488, 19.840650700939921 ], [ -90.539551897576587, 19.840650700939904 ], [ -90.539551897576587, 19.836518552998516 ], [ -90.54412437128488, 19.836518552998569 ], [ -90.54412437128488, 19.840650700939921 ] ] ] } },
{ "type": "Feature", "properties": { "difference_1990_2000": 509.0, "difference_1990_2010": 675.0, "difference_1990_2020": 819.0 }, "geometry": { "type": "Polygon", "coordinates": [ [ [ -90.54412437128488, 19.819991023234731 ], [ -90.539551897576587, 19.819991023234731 ], [ -90.539551897576587, 19.815859406146661 ], [ -90.54412437128488, 19.815859406146661 ], [ -90.54412437128488, 19.819991023234731 ] ] ] } },
{ "type": "Feature", "properties": { "difference_1990_2000": 1194.0, "difference_1990_2010": 1388.0, "difference_1990_2020": 1677.0 }, "geometry": { "type": "Polygon", "coordinates": [ [ [ -90.54412437128488, 19.815859406146661 ], [ -90.539551897576587, 19.815859406146661 ], [ -90.539551897576587, 19.811727895140613 ], [ -90.54412437128488, 19.811727895140613 ], [ -90.54412437128488, 19.815859406146661 ] ] ] } },
{ "type": "Feature", "properties": { "difference_1990_2000": 306.0, "difference_1990_2010": 483.0, "difference_1990_2020": 633.0 }, "geometry": { "type": "Polygon", "coordinates": [ [ [ -90.54412437128488, 19.828254575775365 ], [ -90.539551897576587, 19.828254575775347 ], [ -90.539551897576587, 19.824122746434501 ], [ -90.54412437128488, 19.824122746434501 ], [ -90.54412437128488, 19.828254575775365 ] ] ] } },
{ "type": "Feature", "properties": { "difference_1990_2000": 343.0, "difference_1990_2010": 552.0, "difference_1990_2020": 717.0 }, "geometry": { "type": "Polygon", "coordinates": [ [ [ -90.54412437128488, 19.832386511286888 ], [ -90.539551897576587, 19.832386511286874 ], [ -90.539551897576587, 19.828254575775347 ], [ -90.54412437128488, 19.828254575775365 ], [ -90.54412437128488, 19.832386511286888 ] ] ] } },
{ "type": "Feature", "properties": { "difference_1990_2000": -170.0, "difference_1990_2010": -409.0, "difference_1990_2020": -425.0 }, "geometry": { "type": "Polygon", "coordinates": [ [ [ -90.54412437128488, 19.844782955140506 ], [ -90.539551897576587, 19.844782955140506 ], [ -90.539551897576587, 19.840650700939904 ], [ -90.54412437128488, 19.840650700939921 ], [ -90.54412437128488, 19.844782955140506 ] ] ] } },
{ "type": "Feature", "properties": { "difference_1990_2000": 0.0, "difference_1990_2010": 0.0, "difference_1990_2020": 376.0 }, "geometry": { "type": "Polygon", "coordinates": [ [ [ -89.990855052583441, 19.489794461800663 ], [ -89.986282578875162, 19.489794461800692 ], [ -89.986282578875162, 19.485671238567409 ], [ -89.990855052583441, 19.485671238567409 ], [ -89.990855052583441, 19.489794461800663 ] ] ] } },
{ "type": "Feature", "properties": { "difference_1990_2000": 0.0, "difference_1990_2010": 0.0, "difference_1990_2020": 311.0 }, "geometry": { "type": "Polygon", "coordinates": [ [ [ -89.990855052583441, 19.485671238567409 ], [ -89.986282578875162, 19.485671238567409 ], [ -89.986282578875162, 19.481548119075441 ], [ -89.990855052583441, 19.481548119075441 ], [ -89.990855052583441, 19.485671238567409 ] ] ] } },
{ "type": "Feature", "properties": { "difference_1990_2000": -55.0, "difference_1990_2010": 49.0, "difference_1990_2020": 308.0 }, "geometry": { "type": "Polygon", "coordinates": [ [ [ -90.534979423868336, 19.807596490187294 ], [ -90.530406950160042, 19.807596490187294 ], [ -90.530406950160042, 19.803465191257029 ], [ -90.534979423868336, 19.803465191257029 ], [ -90.534979423868336, 19.807596490187294 ] ] ] } },
{ "type": "Feature", "properties": { "difference_1990_2000": -21.0, "difference_1990_2010": 19.0, "difference_1990_2020": 112.0 }, "geometry": { "type": "Polygon", "coordinates": [ [ [ -90.534979423868336, 19.799333998320453 ], [ -90.530406950160042, 19.799333998320453 ], [ -90.530406950160042, 19.795202911348053 ], [ -90.534979423868336, 19.795202911348053 ], [ -90.534979423868336, 19.799333998320453 ] ] ] } },
{ "type": "Feature", "properties": { "difference_1990_2000": 1.0, "difference_1990_2010": 1.0, "difference_1990_2020": 3.0 }, "geometry": { "type": "Polygon", "coordinates": [ [ [ -90.534979423868336, 19.865445821065823 ], [ -90.530406950160042, 19.865445821065823 ], [ -90.530406950160042, 19.861313035125942 ], [ -90.534979423868336, 19.861313035125942 ], [ -90.534979423868336, 19.865445821065823 ] ] ] } },
{ "type": "Feature", "properties": { "difference_1990_2000": -504.0, "difference_1990_2010": -671.0, "difference_1990_2020": -701.0 }, "geometry": { "type": "Polygon", "coordinates": [ [ [ -90.534979423868336, 19.848915315629871 ], [ -90.530406950160042, 19.848915315629871 ], [ -90.530406950160042, 19.844782955140506 ], [ -90.534979423868336, 19.844782955140474 ], [ -90.534979423868336, 19.848915315629871 ] ] ] } },
{ "type": "Feature", "properties": { "difference_1990_2000": 377.0, "difference_1990_2010": 589.0, "difference_1990_2020": 818.0 }, "geometry": { "type": "Polygon", "coordinates": [ [ [ -90.534979423868336, 19.811727895140613 ], [ -90.530406950160042, 19.811727895140649 ], [ -90.530406950160042, 19.807596490187294 ], [ -90.534979423868336, 19.807596490187294 ], [ -90.534979423868336, 19.811727895140613 ] ] ] } },
{ "type": "Feature", "properties": { "difference_1990_2000": 293.0, "difference_1990_2010": 282.0, "difference_1990_2020": 229.0 }, "geometry": { "type": "Polygon", "coordinates": [ [ [ -90.534979423868336, 19.836518552998552 ], [ -90.530406950160042, 19.836518552998552 ], [ -90.530406950160042, 19.832386511286888 ], [ -90.534979423868336, 19.832386511286874 ], [ -90.534979423868336, 19.836518552998552 ] ] ] } },
{ "type": "Feature", "properties": { "difference_1990_2000": -57.0, "difference_1990_2010": 48.0, "difference_1990_2020": 306.0 }, "geometry": { "type": "Polygon", "coordinates": [ [ [ -90.534979423868336, 19.803465191257029 ], [ -90.530406950160042, 19.803465191257029 ], [ -90.530406950160042, 19.799333998320453 ], [ -90.534979423868336, 19.799333998320453 ], [ -90.534979423868336, 19.803465191257029 ] ] ] } },
{ "type": "Feature", "properties": { "difference_1990_2000": 362.0, "difference_1990_2010": 335.0, "difference_1990_2020": 511.0 }, "geometry": { "type": "Polygon", "coordinates": [ [ [ -90.534979423868336, 19.824122746434487 ], [ -90.530406950160042, 19.824122746434501 ], [ -90.530406950160042, 19.819991023234756 ], [ -90.534979423868336, 19.819991023234731 ], [ -90.534979423868336, 19.824122746434487 ] ] ] } },
{ "type": "Feature", "properties": { "difference_1990_2000": -35.0, "difference_1990_2010": -248.0, "difference_1990_2020": -231.0 }, "geometry": { "type": "Polygon", "coordinates": [ [ [ -90.534979423868336, 19.840650700939921 ], [ -90.530406950160042, 19.840650700939953 ], [ -90.530406950160042, 19.836518552998552 ], [ -90.534979423868336, 19.836518552998552 ], [ -90.534979423868336, 19.840650700939921 ] ] ] } },
{ "type": "Feature", "properties": { "difference_1990_2000": 108.0, "difference_1990_2010": 231.0, "difference_1990_2020": 346.0 }, "geometry": { "type": "Polygon", "coordinates": [ [ [ -90.534979423868336, 19.819991023234731 ], [ -90.530406950160042, 19.819991023234756 ], [ -90.530406950160042, 19.81585940614664 ], [ -90.534979423868336, 19.81585940614664 ], [ -90.534979423868336, 19.819991023234731 ] ] ] } },
{ "type": "Feature", "properties": { "difference_1990_2000": 21.0, "difference_1990_2010": 27.0, "difference_1990_2020": -8.0 }, "geometry": { "type": "Polygon", "coordinates": [ [ [ -90.534979423868336, 19.853047782437528 ], [ -90.530406950160042, 19.853047782437514 ], [ -90.530406950160042, 19.848915315629871 ], [ -90.534979423868336, 19.848915315629871 ], [ -90.534979423868336, 19.853047782437528 ] ] ] } },
{ "type": "Feature", "properties": { "difference_1990_2000": 369.0, "difference_1990_2010": 569.0, "difference_1990_2020": 745.0 }, "geometry": { "type": "Polygon", "coordinates": [ [ [ -90.534979423868336, 19.81585940614664 ], [ -90.530406950160042, 19.81585940614664 ], [ -90.530406950160042, 19.811727895140649 ], [ -90.534979423868336, 19.811727895140613 ], [ -90.534979423868336, 19.81585940614664 ] ] ] } },
{ "type": "Feature", "properties": { "difference_1990_2000": 11.0, "difference_1990_2010": 14.0, "difference_1990_2020": 5.0 }, "geometry": { "type": "Polygon", "coordinates": [ [ [ -90.534979423868336, 19.857180355593002 ], [ -90.530406950160042, 19.857180355593002 ], [ -90.530406950160042, 19.853047782437514 ], [ -90.534979423868336, 19.853047782437528 ], [ -90.534979423868336, 19.857180355593002 ] ] ] } },
{ "type": "Feature", "properties": { "difference_1990_2000": 308.0, "difference_1990_2010": 365.0, "difference_1990_2020": 305.0 }, "geometry": { "type": "Polygon", "coordinates": [ [ [ -90.534979423868336, 19.828254575775347 ], [ -90.530406950160042, 19.828254575775365 ], [ -90.530406950160042, 19.824122746434501 ], [ -90.534979423868336, 19.824122746434487 ], [ -90.534979423868336, 19.828254575775347 ] ] ] } },
{ "type": "Feature", "properties": { "difference_1990_2000": 364.0, "difference_1990_2010": 415.0, "difference_1990_2020": 354.0 }, "geometry": { "type": "Polygon", "coordinates": [ [ [ -90.534979423868336, 19.832386511286874 ], [ -90.530406950160042, 19.832386511286888 ], [ -90.530406950160042, 19.828254575775365 ], [ -90.534979423868336, 19.828254575775347 ], [ -90.534979423868336, 19.832386511286874 ] ] ] } },
{ "type": "Feature", "properties": { "difference_1990_2000": 51.0, "difference_1990_2010": -123.0, "difference_1990_2020": -144.0 }, "geometry": { "type": "Polygon", "coordinates": [ [ [ -90.534979423868336, 19.844782955140474 ], [ -90.530406950160042, 19.844782955140506 ], [ -90.530406950160042, 19.840650700939953 ], [ -90.534979423868336, 19.840650700939921 ], [ -90.534979423868336, 19.844782955140474 ] ] ] } },
{ "type": "Feature", "properties": { "difference_1990_2000": 15.0, "difference_1990_2010": 7.0, "difference_1990_2020": 37.0 }, "geometry": { "type": "Polygon", "coordinates": [ [ [ -90.525834476451763, 19.861313035125942 ], [ -90.521262002743498, 19.861313035125942 ], [ -90.521262002743498, 19.857180355593002 ], [ -90.525834476451763, 19.857180355593002 ], [ -90.525834476451763, 19.861313035125942 ] ] ] } },
{ "type": "Feature", "properties": { "difference_1990_2000": 0.0, "difference_1990_2010": 0.0, "difference_1990_2020": 32.0 }, "geometry": { "type": "Polygon", "coordinates": [ [ [ -90.525834476451763, 19.799333998320453 ], [ -90.521262002743498, 19.799333998320488 ], [ -90.521262002743498, 19.795202911348053 ], [ -90.525834476451763, 19.795202911348053 ], [ -90.525834476451763, 19.799333998320453 ] ] ] } },
{ "type": "Feature", "properties": { "difference_1990_2000": 1.0, "difference_1990_2010": 0.0, "difference_1990_2020": 2.0 }, "geometry": { "type": "Polygon", "coordinates": [ [ [ -90.525834476451763, 19.865445821065823 ], [ -90.521262002743498, 19.865445821065823 ], [ -90.521262002743498, 19.861313035125942 ], [ -90.525834476451763, 19.861313035125942 ], [ -90.525834476451763, 19.865445821065823 ] ] ] } },
{ "type": "Feature", "properties": { "difference_1990_2000": 0.0, "difference_1990_2010": 0.0, "difference_1990_2020": 4.0 }, "geometry": { "type": "Polygon", "coordinates": [ [ [ -90.525834476451763, 19.807596490187311 ], [ -90.521262002743498, 19.807596490187294 ], [ -90.521262002743498, 19.803465191257065 ], [ -90.525834476451763, 19.803465191257065 ], [ -90.525834476451763, 19.807596490187311 ] ] ] } },
{ "type": "Feature", "properties": { "difference_1990_2000": -178.0, "difference_1990_2010": -463.0, "difference_1990_2020": -498.0 }, "geometry": { "type": "Polygon", "coordinates": [ [ [ -90.525834476451763, 19.848915315629906 ], [ -90.521262002743498, 19.848915315629871 ], [ -90.521262002743498, 19.844782955140506 ], [ -90.525834476451763, 19.844782955140506 ], [ -90.525834476451763, 19.848915315629906 ] ] ] } },
{ "type": "Feature", "properties": { "difference_1990_2000": 127.0, "difference_1990_2010": 38.0, "difference_1990_2020": 104.0 }, "geometry": { "type": "Polygon", "coordinates": [ [ [ -90.525834476451763, 19.836518552998569 ], [ -90.521262002743498, 19.836518552998516 ], [ -90.521262002743498, 19.832386511286874 ], [ -90.525834476451763, 19.832386511286888 ], [ -90.525834476451763, 19.836518552998569 ] ] ] } },
{ "type": "Feature", "properties": { "difference_1990_2000": 0.0, "difference_1990_2010": 0.0, "difference_1990_2020": 4.0 }, "geometry": { "type": "Polygon", "coordinates": [ [ [ -90.525834476451763, 19.811727895140649 ], [ -90.521262002743498, 19.811727895140596 ], [ -90.521262002743498, 19.807596490187294 ], [ -90.525834476451763, 19.807596490187311 ], [ -90.525834476451763, 19.811727895140649 ] ] ] } },
{ "type": "Feature", "properties": { "difference_1990_2000": 0.0, "difference_1990_2010": 0.0, "difference_1990_2020": 4.0 }, "geometry": { "type": "Polygon", "coordinates": [ [ [ -90.525834476451763, 19.803465191257065 ], [ -90.521262002743498, 19.803465191257065 ], [ -90.521262002743498, 19.799333998320488 ], [ -90.525834476451763, 19.799333998320453 ], [ -90.525834476451763, 19.803465191257065 ] ] ] } },
{ "type": "Feature", "properties": { "difference_1990_2000": 1604.0, "difference_1990_2010": 1081.0, "difference_1990_2020": 1376.0 }, "geometry": { "type": "Polygon", "coordinates": [ [ [ -90.525834476451763, 19.824122746434501 ], [ -90.521262002743498, 19.824122746434501 ], [ -90.521262002743498, 19.819991023234696 ], [ -90.525834476451763, 19.819991023234731 ], [ -90.525834476451763, 19.824122746434501 ] ] ] } },
{ "type": "Feature", "properties": { "difference_1990_2000": 0.0, "difference_1990_2010": 0.0, "difference_1990_2020": 9.0 }, "geometry": { "type": "Polygon", "coordinates": [ [ [ -90.525834476451763, 19.791071930310402 ], [ -90.521262002743498, 19.791071930310384 ], [ -90.521262002743498, 19.786941055177905 ], [ -90.525834476451763, 19.786941055177905 ], [ -90.525834476451763, 19.791071930310402 ] ] ] } },
{ "type": "Feature", "properties": { "difference_1990_2000": 0.0, "difference_1990_2010": 0.0, "difference_1990_2020": 55.0 }, "geometry": { "type": "Polygon", "coordinates": [ [ [ -90.525834476451763, 19.795202911348053 ], [ -90.521262002743498, 19.795202911348053 ], [ -90.521262002743498, 19.791071930310384 ], [ -90.525834476451763, 19.791071930310402 ], [ -90.525834476451763, 19.795202911348053 ] ] ] } },
{ "type": "Feature", "properties": { "difference_1990_2000": -81.0, "difference_1990_2010": -228.0, "difference_1990_2020": -148.0 }, "geometry": { "type": "Polygon", "coordinates": [ [ [ -90.525834476451763, 19.840650700939953 ], [ -90.521262002743498, 19.840650700939921 ], [ -90.521262002743498, 19.836518552998516 ], [ -90.525834476451763, 19.836518552998569 ], [ -90.525834476451763, 19.840650700939953 ] ] ] } },
{ "type": "Feature", "properties": { "difference_1990_2000": 630.0, "difference_1990_2010": 911.0, "difference_1990_2020": 802.0 }, "geometry": { "type": "Polygon", "coordinates": [ [ [ -90.525834476451763, 19.819991023234731 ], [ -90.521262002743498, 19.819991023234696 ], [ -90.521262002743498, 19.81585940614664 ], [ -90.525834476451763, 19.81585940614664 ], [ -90.525834476451763, 19.819991023234731 ] ] ] } },
{ "type": "Feature", "properties": { "difference_1990_2000": -258.0, "difference_1990_2010": -563.0, "difference_1990_2020": -599.0 }, "geometry": { "type": "Polygon", "coordinates": [ [ [ -90.525834476451763, 19.853047782437514 ], [ -90.521262002743498, 19.853047782437514 ], [ -90.521262002743498, 19.848915315629871 ], [ -90.525834476451763, 19.848915315629906 ], [ -90.525834476451763, 19.853047782437514 ] ] ] } },
{ "type": "Feature", "properties": { "difference_1990_2000": -17.0, "difference_1990_2010": 161.0, "difference_1990_2020": 84.0 }, "geometry": { "type": "Polygon", "coordinates": [ [ [ -90.525834476451763, 19.81585940614664 ], [ -90.521262002743498, 19.81585940614664 ], [ -90.521262002743498, 19.811727895140596 ], [ -90.525834476451763, 19.811727895140649 ], [ -90.525834476451763, 19.81585940614664 ] ] ] } },
{ "type": "Feature", "properties": { "difference_1990_2000": -53.0, "difference_1990_2010": -105.0, "difference_1990_2020": -58.0 }, "geometry": { "type": "Polygon", "coordinates": [ [ [ -90.525834476451763, 19.857180355593002 ], [ -90.521262002743498, 19.857180355593002 ], [ -90.521262002743498, 19.853047782437514 ], [ -90.525834476451763, 19.853047782437514 ], [ -90.525834476451763, 19.857180355593002 ] ] ] } },
{ "type": "Feature", "properties": { "difference_1990_2000": 294.0, "difference_1990_2010": 239.0, "difference_1990_2020": 509.0 }, "geometry": { "type": "Polygon", "coordinates": [ [ [ -90.525834476451763, 19.828254575775347 ], [ -90.521262002743498, 19.828254575775347 ], [ -90.521262002743498, 19.824122746434501 ], [ -90.525834476451763, 19.824122746434501 ], [ -90.525834476451763, 19.828254575775347 ] ] ] } },
{ "type": "Feature", "properties": { "difference_1990_2000": 51.0, "difference_1990_2010": 72.0, "difference_1990_2020": 203.0 }, "geometry": { "type": "Polygon", "coordinates": [ [ [ -90.525834476451763, 19.832386511286888 ], [ -90.521262002743498, 19.832386511286874 ], [ -90.521262002743498, 19.828254575775347 ], [ -90.525834476451763, 19.828254575775347 ], [ -90.525834476451763, 19.832386511286888 ] ] ] } },
{ "type": "Feature", "properties": { "difference_1990_2000": -254.0, "difference_1990_2010": -423.0, "difference_1990_2020": -372.0 }, "geometry": { "type": "Polygon", "coordinates": [ [ [ -90.525834476451763, 19.844782955140506 ], [ -90.521262002743498, 19.844782955140506 ], [ -90.521262002743498, 19.840650700939921 ], [ -90.525834476451763, 19.840650700939953 ], [ -90.525834476451763, 19.844782955140506 ] ] ] } },
{ "type": "Feature", "properties": { "difference_1990_2000": 0.0, "difference_1990_2010": 8.0, "difference_1990_2020": 7.0 }, "geometry": { "type": "Polygon", "coordinates": [ [ [ -90.516689529035219, 19.799333998320439 ], [ -90.512117055326939, 19.799333998320453 ], [ -90.512117055326939, 19.795202911348035 ], [ -90.516689529035219, 19.795202911348053 ], [ -90.516689529035219, 19.799333998320439 ] ] ] } },
{ "type": "Feature", "properties": { "difference_1990_2000": 48.0, "difference_1990_2010": -57.0, "difference_1990_2020": 25.0 }, "geometry": { "type": "Polygon", "coordinates": [ [ [ -90.516689529035219, 19.861313035125942 ], [ -90.512117055326939, 19.861313035125942 ], [ -90.512117055326939, 19.857180355593002 ], [ -90.516689529035219, 19.857180355593002 ], [ -90.516689529035219, 19.861313035125942 ] ] ] } },
{ "type": "Feature", "properties": { "difference_1990_2000": 0.0, "difference_1990_2010": 6.0, "difference_1990_2020": 6.0 }, "geometry": { "type": "Polygon", "coordinates": [ [ [ -90.516689529035219, 19.807596490187294 ], [ -90.512117055326939, 19.807596490187294 ], [ -90.512117055326939, 19.803465191257015 ], [ -90.516689529035219, 19.803465191257065 ], [ -90.516689529035219, 19.807596490187294 ] ] ] } },
{ "type": "Feature", "properties": { "difference_1990_2000": 3.0, "difference_1990_2010": -16.0, "difference_1990_2020": 7.0 }, "geometry": { "type": "Polygon", "coordinates": [ [ [ -90.516689529035219, 19.865445821065823 ], [ -90.512117055326939, 19.865445821065823 ], [ -90.512117055326939, 19.861313035125942 ], [ -90.516689529035219, 19.861313035125942 ], [ -90.516689529035219, 19.865445821065823 ] ] ] } },
{ "type": "Feature", "properties": { "difference_1990_2000": -11.0, "difference_1990_2010": -173.0, "difference_1990_2020": -143.0 }, "geometry": { "type": "Polygon", "coordinates": [ [ [ -90.516689529035219, 19.848915315629871 ], [ -90.512117055326939, 19.848915315629871 ], [ -90.512117055326939, 19.844782955140506 ], [ -90.516689529035219, 19.844782955140506 ], [ -90.516689529035219, 19.848915315629871 ] ] ] } },
{ "type": "Feature", "properties": { "difference_1990_2000": 0.0, "difference_1990_2010": 11.0, "difference_1990_2020": 9.0 }, "geometry": { "type": "Polygon", "coordinates": [ [ [ -90.516689529035219, 19.811727895140613 ], [ -90.512117055326939, 19.811727895140613 ], [ -90.512117055326939, 19.807596490187294 ], [ -90.516689529035219, 19.807596490187294 ], [ -90.516689529035219, 19.811727895140613 ] ] ] } },
{ "type": "Feature", "properties": { "difference_1990_2000": 166.0, "difference_1990_2010": 444.0, "difference_1990_2020": 554.0 }, "geometry": { "type": "Polygon", "coordinates": [ [ [ -90.516689529035219, 19.836518552998552 ], [ -90.512117055326939, 19.836518552998552 ], [ -90.512117055326939, 19.832386511286874 ], [ -90.516689529035219, 19.832386511286874 ], [ -90.516689529035219, 19.836518552998552 ] ] ] } },
{ "type": "Feature", "properties": { "difference_1990_2000": 234.0, "difference_1990_2010": 679.0, "difference_1990_2020": 960.0 }, "geometry": { "type": "Polygon", "coordinates": [ [ [ -90.516689529035219, 19.824122746434487 ], [ -90.512117055326939, 19.824122746434501 ], [ -90.512117055326939, 19.819991023234696 ], [ -90.516689529035219, 19.819991023234731 ], [ -90.516689529035219, 19.824122746434487 ] ] ] } },
{ "type": "Feature", "properties": { "difference_1990_2000": 0.0, "difference_1990_2010": 6.0, "difference_1990_2020": 6.0 }, "geometry": { "type": "Polygon", "coordinates": [ [ [ -90.516689529035219, 19.803465191257065 ], [ -90.512117055326939, 19.803465191257015 ], [ -90.512117055326939, 19.799333998320453 ], [ -90.516689529035219, 19.799333998320439 ], [ -90.516689529035219, 19.803465191257065 ] ] ] } },
{ "type": "Feature", "properties": { "difference_1990_2000": -221.0, "difference_1990_2010": -244.0, "difference_1990_2020": -184.0 }, "geometry": { "type": "Polygon", "coordinates": [ [ [ -90.516689529035219, 19.840650700939921 ], [ -90.512117055326939, 19.840650700939921 ], [ -90.512117055326939, 19.836518552998552 ], [ -90.516689529035219, 19.836518552998552 ], [ -90.516689529035219, 19.840650700939921 ] ] ] } },
{ "type": "Feature", "properties": { "difference_1990_2000": 234.0, "difference_1990_2010": 408.0, "difference_1990_2020": 719.0 }, "geometry": { "type": "Polygon", "coordinates": [ [ [ -90.516689529035219, 19.819991023234731 ], [ -90.512117055326939, 19.819991023234696 ], [ -90.512117055326939, 19.81585940614664 ], [ -90.516689529035219, 19.81585940614664 ], [ -90.516689529035219, 19.819991023234731 ] ] ] } },
{ "type": "Feature", "properties": { "difference_1990_2000": 180.0, "difference_1990_2010": 21.0, "difference_1990_2020": 72.0 }, "geometry": { "type": "Polygon", "coordinates": [ [ [ -90.516689529035219, 19.853047782437514 ], [ -90.512117055326939, 19.853047782437514 ], [ -90.512117055326939, 19.848915315629871 ], [ -90.516689529035219, 19.848915315629871 ], [ -90.516689529035219, 19.853047782437514 ] ] ] } },
{ "type": "Feature", "properties": { "difference_1990_2000": 82.0, "difference_1990_2010": 151.0, "difference_1990_2020": 259.0 }, "geometry": { "type": "Polygon", "coordinates": [ [ [ -90.516689529035219, 19.81585940614664 ], [ -90.512117055326939, 19.81585940614664 ], [ -90.512117055326939, 19.811727895140613 ], [ -90.516689529035219, 19.811727895140613 ], [ -90.516689529035219, 19.81585940614664 ] ] ] } },
{ "type": "Feature", "properties": { "difference_1990_2000": 132.0, "difference_1990_2010": 18.0, "difference_1990_2020": 99.0 }, "geometry": { "type": "Polygon", "coordinates": [ [ [ -90.516689529035219, 19.857180355593002 ], [ -90.512117055326939, 19.857180355593002 ], [ -90.512117055326939, 19.853047782437514 ], [ -90.516689529035219, 19.853047782437514 ], [ -90.516689529035219, 19.857180355593002 ] ] ] } },
{ "type": "Feature", "properties": { "difference_1990_2000": 257.0, "difference_1990_2010": 579.0, "difference_1990_2020": 849.0 }, "geometry": { "type": "Polygon", "coordinates": [ [ [ -90.516689529035219, 19.828254575775347 ], [ -90.512117055326939, 19.828254575775347 ], [ -90.512117055326939, 19.824122746434501 ], [ -90.516689529035219, 19.824122746434487 ], [ -90.516689529035219, 19.828254575775347 ] ] ] } },
{ "type": "Feature", "properties": { "difference_1990_2000": 281.0, "difference_1990_2010": 509.0, "difference_1990_2020": 743.0 }, "geometry": { "type": "Polygon", "coordinates": [ [ [ -90.516689529035219, 19.832386511286874 ], [ -90.512117055326939, 19.832386511286874 ], [ -90.512117055326939, 19.828254575775347 ], [ -90.516689529035219, 19.828254575775347 ], [ -90.516689529035219, 19.832386511286874 ] ] ] } },
{ "type": "Feature", "properties": { "difference_1990_2000": -51.0, "difference_1990_2010": -160.0, "difference_1990_2020": -131.0 }, "geometry": { "type": "Polygon", "coordinates": [ [ [ -90.516689529035219, 19.844782955140506 ], [ -90.512117055326939, 19.844782955140506 ], [ -90.512117055326939, 19.840650700939921 ], [ -90.516689529035219, 19.840650700939921 ], [ -90.516689529035219, 19.844782955140506 ] ] ] } },
{ "type": "Feature", "properties": { "difference_1990_2000": -111.0, "difference_1990_2010": 183.0, "difference_1990_2020": 148.0 }, "geometry": { "type": "Polygon", "coordinates": [ [ [ -90.507544581618674, 19.861313035125942 ], [ -90.502972107910381, 19.861313035125942 ], [ -90.502972107910381, 19.85718035559297 ], [ -90.507544581618674, 19.857180355593002 ], [ -90.507544581618674, 19.861313035125942 ] ] ] } },
{ "type": "Feature", "properties": { "difference_1990_2000": 1.0, "difference_1990_2010": 1.0, "difference_1990_2020": 1.0 }, "geometry": { "type": "Polygon", "coordinates": [ [ [ -90.507544581618674, 19.782810285921204 ], [ -90.502972107910381, 19.782810285921204 ], [ -90.502972107910381, 19.778679622510854 ], [ -90.507544581618674, 19.778679622510854 ], [ -90.507544581618674, 19.782810285921204 ] ] ] } },
{ "type": "Feature", "properties": { "difference_1990_2000": 0.0, "difference_1990_2010": 12.0, "difference_1990_2020": 9.0 }, "geometry": { "type": "Polygon", "coordinates": [ [ [ -90.507544581618674, 19.799333998320453 ], [ -90.502972107910381, 19.799333998320439 ], [ -90.502972107910381, 19.795202911348085 ], [ -90.507544581618674, 19.795202911348035 ], [ -90.507544581618674, 19.799333998320453 ] ] ] } },
{ "type": "Feature", "properties": { "difference_1990_2000": 319.0, "difference_1990_2010": 611.0, "difference_1990_2020": 651.0 }, "geometry": { "type": "Polygon", "coordinates": [ [ [ -90.507544581618674, 19.865445821065823 ], [ -90.502972107910381, 19.865445821065823 ], [ -90.502972107910381, 19.861313035125942 ], [ -90.507544581618674, 19.861313035125942 ], [ -90.507544581618674, 19.865445821065823 ] ] ] } },
{ "type": "Feature", "properties": { "difference_1990_2000": 9.0, "difference_1990_2010": -97.0, "difference_1990_2020": -81.0 }, "geometry": { "type": "Polygon", "coordinates": [ [ [ -90.507544581618674, 19.848915315629906 ], [ -90.502972107910381, 19.848915315629871 ], [ -90.502972107910381, 19.844782955140506 ], [ -90.507544581618674, 19.844782955140506 ], [ -90.507544581618674, 19.848915315629906 ] ] ] } },
{ "type": "Feature", "properties": { "difference_1990_2000": 14.0, "difference_1990_2010": 29.0, "difference_1990_2020": 35.0 }, "geometry": { "type": "Polygon", "coordinates": [ [ [ -90.507544581618674, 19.811727895140596 ], [ -90.502972107910381, 19.811727895140596 ], [ -90.502972107910381, 19.807596490187294 ], [ -90.507544581618674, 19.807596490187258 ], [ -90.507544581618674, 19.811727895140596 ] ] ] } },
{ "type": "Feature", "properties": { "difference_1990_2000": -1.0, "difference_1990_2010": 0.0, "difference_1990_2020": 1.0 }, "geometry": { "type": "Polygon", "coordinates": [ [ [ -90.507544581618674, 19.758027892123437 ], [ -90.502972107910381, 19.758027892123472 ], [ -90.502972107910381, 19.753897863172885 ], [ -90.507544581618674, 19.753897863172853 ], [ -90.507544581618674, 19.758027892123437 ] ] ] } },
{ "type": "Feature", "properties": { "difference_1990_2000": 95.0, "difference_1990_2010": 94.0, "difference_1990_2020": -27.0 }, "geometry": { "type": "Polygon", "coordinates": [ [ [ -90.507544581618674, 19.869578713442259 ], [ -90.502972107910381, 19.869578713442259 ], [ -90.502972107910381, 19.865445821065823 ], [ -90.507544581618674, 19.865445821065823 ], [ -90.507544581618674, 19.869578713442259 ] ] ] } },
{ "type": "Feature", "properties": { "difference_1990_2000": 42.0, "difference_1990_2010": 44.0, "difference_1990_2020": 52.0 }, "geometry": { "type": "Polygon", "coordinates": [ [ [ -90.507544581618674, 19.836518552998569 ], [ -90.502972107910381, 19.836518552998552 ], [ -90.502972107910381, 19.832386511286888 ], [ -90.507544581618674, 19.832386511286874 ], [ -90.507544581618674, 19.836518552998569 ] ] ] } },
{ "type": "Feature", "properties": { "difference_1990_2000": 3.0, "difference_1990_2010": 16.0, "difference_1990_2020": 16.0 }, "geometry": { "type": "Polygon", "coordinates": [ [ [ -90.507544581618674, 19.803465191257029 ], [ -90.502972107910381, 19.803465191257029 ], [ -90.502972107910381, 19.799333998320439 ], [ -90.507544581618674, 19.799333998320453 ], [ -90.507544581618674, 19.803465191257029 ] ] ] } },
{ "type": "Feature", "properties": { "difference_1990_2000": -1.0, "difference_1990_2010": 21.0, "difference_1990_2020": 25.0 }, "geometry": { "type": "Polygon", "coordinates": [ [ [ -90.507544581618674, 19.766288267063285 ], [ -90.502972107910381, 19.766288267063285 ], [ -90.502972107910381, 19.762158026743801 ], [ -90.507544581618674, 19.762158026743801 ], [ -90.507544581618674, 19.766288267063285 ] ] ] } },
{ "type": "Feature", "properties": { "difference_1990_2000": 89.0, "difference_1990_2010": 0.0, "difference_1990_2020": 122.0 }, "geometry": { "type": "Polygon", "coordinates": [ [ [ -90.507544581618674, 19.786941055177891 ], [ -90.502972107910381, 19.786941055177891 ], [ -90.502972107910381, 19.782810285921204 ], [ -90.507544581618674, 19.782810285921204 ], [ -90.507544581618674, 19.786941055177891 ] ] ] } },
{ "type": "Feature", "properties": { "difference_1990_2000": 22.0, "difference_1990_2010": 40.0, "difference_1990_2020": 51.0 }, "geometry": { "type": "Polygon", "coordinates": [ [ [ -90.507544581618674, 19.824122746434501 ], [ -90.502972107910381, 19.824122746434501 ], [ -90.502972107910381, 19.819991023234731 ], [ -90.507544581618674, 19.819991023234731 ], [ -90.507544581618674, 19.824122746434501 ] ] ] } },
{ "type": "Feature", "properties": { "difference_1990_2000": 44.0, "difference_1990_2010": 0.0, "difference_1990_2020": 61.0 }, "geometry": { "type": "Polygon", "coordinates": [ [ [ -90.507544581618674, 19.791071930310348 ], [ -90.502972107910381, 19.791071930310384 ], [ -90.502972107910381, 19.786941055177905 ], [ -90.507544581618674, 19.786941055177905 ], [ -90.507544581618674, 19.791071930310348 ] ] ] } },
{ "type": "Feature", "properties": { "difference_1990_2000": -304.0, "difference_1990_2010": -348.0, "difference_1990_2020": -380.0 }, "geometry": { "type": "Polygon", "coordinates": [ [ [ -90.507544581618674, 19.840650700939904 ], [ -90.502972107910381, 19.840650700939921 ], [ -90.502972107910381, 19.836518552998552 ], [ -90.507544581618674, 19.836518552998569 ], [ -90.507544581618674, 19.840650700939904 ] ] ] } },
{ "type": "Feature", "properties": { "difference_1990_2000": 0.0, "difference_1990_2010": 4.0, "difference_1990_2020": 3.0 }, "geometry": { "type": "Polygon", "coordinates": [ [ [ -90.507544581618674, 19.795202911348035 ], [ -90.502972107910381, 19.795202911348085 ], [ -90.502972107910381, 19.791071930310384 ], [ -90.507544581618674, 19.791071930310348 ], [ -90.507544581618674, 19.795202911348035 ] ] ] } },
{ "type": "Feature", "properties": { "difference_1990_2000": 23.0, "difference_1990_2010": 41.0, "difference_1990_2020": 54.0 }, "geometry": { "type": "Polygon", "coordinates": [ [ [ -90.507544581618674, 19.819991023234731 ], [ -90.502972107910381, 19.819991023234731 ], [ -90.502972107910381, 19.815859406146661 ], [ -90.507544581618674, 19.815859406146604 ], [ -90.507544581618674, 19.819991023234731 ] ] ] } },
{ "type": "Feature", "properties": { "difference_1990_2000": 633.0, "difference_1990_2010": 617.0, "difference_1990_2020": 731.0 }, "geometry": { "type": "Polygon", "coordinates": [ [ [ -90.507544581618674, 19.853047782437514 ], [ -90.502972107910381, 19.853047782437514 ], [ -90.502972107910381, 19.848915315629871 ], [ -90.507544581618674, 19.848915315629906 ], [ -90.507544581618674, 19.853047782437514 ] ] ] } },
{ "type": "Feature", "properties": { "difference_1990_2000": 27.0, "difference_1990_2010": 49.0, "difference_1990_2020": 70.0 }, "geometry": { "type": "Polygon", "coordinates": [ [ [ -90.507544581618674, 19.815859406146604 ], [ -90.502972107910381, 19.815859406146661 ], [ -90.502972107910381, 19.811727895140596 ], [ -90.507544581618674, 19.811727895140596 ], [ -90.507544581618674, 19.815859406146604 ] ] ] } },
{ "type": "Feature", "properties": { "difference_1990_2000": -11.0, "difference_1990_2010": -51.0, "difference_1990_2020": 28.0 }, "geometry": { "type": "Polygon", "coordinates": [ [ [ -90.507544581618674, 19.762158026743801 ], [ -90.502972107910381, 19.762158026743801 ], [ -90.502972107910381, 19.758027892123472 ], [ -90.507544581618674, 19.758027892123437 ], [ -90.507544581618674, 19.762158026743801 ] ] ] } },
{ "type": "Feature", "properties": { "difference_1990_2000": 15.0, "difference_1990_2010": 0.0, "difference_1990_2020": 21.0 }, "geometry": { "type": "Polygon", "coordinates": [ [ [ -90.507544581618674, 19.774549064917363 ], [ -90.502972107910381, 19.774549064917363 ], [ -90.502972107910381, 19.770418613111314 ], [ -90.507544581618674, 19.770418613111314 ], [ -90.507544581618674, 19.774549064917363 ] ] ] } },
{ "type": "Feature", "properties": { "difference_1990_2000": 202.0, "difference_1990_2010": 242.0, "difference_1990_2020": 463.0 }, "geometry": { "type": "Polygon", "coordinates": [ [ [ -90.507544581618674, 19.857180355593002 ], [ -90.502972107910381, 19.85718035559297 ], [ -90.502972107910381, 19.853047782437514 ], [ -90.507544581618674, 19.853047782437514 ], [ -90.507544581618674, 19.857180355593002 ] ] ] } },
{ "type": "Feature", "properties": { "difference_1990_2000": 22.0, "difference_1990_2010": 40.0, "difference_1990_2020": 51.0 }, "geometry": { "type": "Polygon", "coordinates": [ [ [ -90.507544581618674, 19.828254575775347 ], [ -90.502972107910381, 19.828254575775365 ], [ -90.502972107910381, 19.824122746434501 ], [ -90.507544581618674, 19.824122746434501 ], [ -90.507544581618674, 19.828254575775347 ] ] ] } },
{ "type": "Feature", "properties": { "difference_1990_2000": 22.0, "difference_1990_2010": 40.0, "difference_1990_2020": 51.0 }, "geometry": { "type": "Polygon", "coordinates": [ [ [ -90.507544581618674, 19.832386511286874 ], [ -90.502972107910381, 19.832386511286888 ], [ -90.502972107910381, 19.828254575775365 ], [ -90.507544581618674, 19.828254575775347 ], [ -90.507544581618674, 19.832386511286874 ] ] ] } },
{ "type": "Feature", "properties": { "difference_1990_2000": -193.0, "difference_1990_2010": -267.0, "difference_1990_2020": -273.0 }, "geometry": { "type": "Polygon", "coordinates": [ [ [ -90.507544581618674, 19.844782955140506 ], [ -90.502972107910381, 19.844782955140506 ], [ -90.502972107910381, 19.840650700939921 ], [ -90.507544581618674, 19.840650700939904 ], [ -90.507544581618674, 19.844782955140506 ] ] ] } },
{ "type": "Feature", "properties": { "difference_1990_2000": 91.0, "difference_1990_2010": 2.0, "difference_1990_2020": 132.0 }, "geometry": { "type": "Polygon", "coordinates": [ [ [ -90.507544581618674, 19.770418613111332 ], [ -90.502972107910381, 19.770418613111367 ], [ -90.502972107910381, 19.766288267063285 ], [ -90.507544581618674, 19.766288267063285 ], [ -90.507544581618674, 19.770418613111332 ] ] ] } },
{ "type": "Feature", "properties": { "difference_1990_2000": 9.0, "difference_1990_2010": 23.0, "difference_1990_2020": 26.0 }, "geometry": { "type": "Polygon", "coordinates": [ [ [ -90.507544581618674, 19.807596490187258 ], [ -90.502972107910381, 19.807596490187294 ], [ -90.502972107910381, 19.803465191257029 ], [ -90.507544581618674, 19.803465191257029 ], [ -90.507544581618674, 19.807596490187258 ] ] ] } },
{ "type": "Feature", "properties": { "difference_1990_2000": 1676.0, "difference_1990_2010": 2049.0, "difference_1990_2020": 2311.0 }, "geometry": { "type": "Polygon", "coordinates": [ [ [ -90.498399634202102, 19.865445821065805 ], [ -90.493827160493836, 19.865445821065823 ], [ -90.493827160493836, 19.861313035125942 ], [ -90.498399634202102, 19.861313035125942 ], [ -90.498399634202102, 19.865445821065805 ] ] ] } },
{ "type": "Feature", "properties": { "difference_1990_2000": 110.0, "difference_1990_2010": 104.0, "difference_1990_2020": 152.0 }, "geometry": { "type": "Polygon", "coordinates": [ [ [ -90.498399634202102, 19.78281028592119 ], [ -90.493827160493836, 19.782810285921236 ], [ -90.493827160493836, 19.778679622510854 ], [ -90.498399634202102, 19.778679622510854 ], [ -90.498399634202102, 19.78281028592119 ] ] ] } },
{ "type": "Feature", "properties": { "difference_1990_2000": 991.0, "difference_1990_2010": 1713.0, "difference_1990_2020": 2047.0 }, "geometry": { "type": "Polygon", "coordinates": [ [ [ -90.498399634202102, 19.861313035125942 ], [ -90.493827160493836, 19.861313035125942 ], [ -90.493827160493836, 19.857180355593002 ], [ -90.498399634202102, 19.857180355593002 ], [ -90.498399634202102, 19.861313035125942 ] ] ] } },
{ "type": "Feature", "properties": { "difference_1990_2000": 20.0, "difference_1990_2010": 111.0, "difference_1990_2020": 124.0 }, "geometry": { "type": "Polygon", "coordinates": [ [ [ -90.498399634202102, 19.807596490187294 ], [ -90.493827160493836, 19.807596490187294 ], [ -90.493827160493836, 19.803465191257029 ], [ -90.498399634202102, 19.803465191257029 ], [ -90.498399634202102, 19.807596490187294 ] ] ] } },
{ "type": "Feature", "properties": { "difference_1990_2000": 22.0, "difference_1990_2010": 40.0, "difference_1990_2020": 51.0 }, "geometry": { "type": "Polygon", "coordinates": [ [ [ -90.498399634202102, 19.799333998320453 ], [ -90.493827160493836, 19.799333998320488 ], [ -90.493827160493836, 19.795202911348085 ], [ -90.498399634202102, 19.795202911348053 ], [ -90.498399634202102, 19.799333998320453 ] ] ] } },
{ "type": "Feature", "properties": { "difference_1990_2000": 206.0, "difference_1990_2010": 185.0, "difference_1990_2020": 310.0 }, "geometry": { "type": "Polygon", "coordinates": [ [ [ -90.498399634202102, 19.848915315629871 ], [ -90.493827160493836, 19.848915315629906 ], [ -90.493827160493836, 19.844782955140523 ], [ -90.498399634202102, 19.844782955140506 ], [ -90.498399634202102, 19.848915315629871 ] ] ] } },
{ "type": "Feature", "properties": { "difference_1990_2000": 247.0, "difference_1990_2010": 263.0, "difference_1990_2020": 313.0 }, "geometry": { "type": "Polygon", "coordinates": [ [ [ -90.498399634202102, 19.873711712284791 ], [ -90.493827160493836, 19.873711712284791 ], [ -90.493827160493836, 19.869578713442259 ], [ -90.498399634202102, 19.869578713442259 ], [ -90.498399634202102, 19.873711712284791 ] ] ] } },
{ "type": "Feature", "properties": { "difference_1990_2000": 754.0, "difference_1990_2010": 1761.0, "difference_1990_2020": 1854.0 }, "geometry": { "type": "Polygon", "coordinates": [ [ [ -90.498399634202102, 19.836518552998516 ], [ -90.493827160493836, 19.836518552998552 ], [ -90.493827160493836, 19.832386511286888 ], [ -90.498399634202102, 19.832386511286874 ], [ -90.498399634202102, 19.836518552998516 ] ] ] } },
{ "type": "Feature", "properties": { "difference_1990_2000": 16.0, "difference_1990_2010": 219.0, "difference_1990_2020": 236.0 }, "geometry": { "type": "Polygon", "coordinates": [ [ [ -90.498399634202102, 19.811727895140596 ], [ -90.493827160493836, 19.811727895140613 ], [ -90.493827160493836, 19.807596490187294 ], [ -90.498399634202102, 19.807596490187294 ], [ -90.498399634202102, 19.811727895140596 ] ] ] } },
{ "type": "Feature", "properties": { "difference_1990_2000": 1163.0, "difference_1990_2010": 1450.0, "difference_1990_2020": 1759.0 }, "geometry": { "type": "Polygon", "coordinates": [ [ [ -90.498399634202102, 19.869578713442259 ], [ -90.493827160493836, 19.869578713442259 ], [ -90.493827160493836, 19.865445821065823 ], [ -90.498399634202102, 19.865445821065805 ], [ -90.498399634202102, 19.869578713442259 ] ] ] } },
{ "type": "Feature", "properties": { "difference_1990_2000": -21.0, "difference_1990_2010": 9.0, "difference_1990_2020": 30.0 }, "geometry": { "type": "Polygon", "coordinates": [ [ [ -90.498399634202102, 19.758027892123472 ], [ -90.493827160493836, 19.758027892123472 ], [ -90.493827160493836, 19.753897863172885 ], [ -90.498399634202102, 19.753897863172885 ], [ -90.498399634202102, 19.758027892123472 ] ] ] } },
{ "type": "Feature", "properties": { "difference_1990_2000": -51.0, "difference_1990_2010": 17.0, "difference_1990_2020": 73.0 }, "geometry": { "type": "Polygon", "coordinates": [ [ [ -90.498399634202102, 19.766288267063249 ], [ -90.493827160493836, 19.766288267063285 ], [ -90.493827160493836, 19.762158026743801 ], [ -90.498399634202102, 19.762158026743801 ], [ -90.498399634202102, 19.766288267063249 ] ] ] } },
{ "type": "Feature", "properties": { "difference_1990_2000": 14.0, "difference_1990_2010": 0.0, "difference_1990_2020": 19.0 }, "geometry": { "type": "Polygon", "coordinates": [ [ [ -90.498399634202102, 19.786941055177856 ], [ -90.493827160493836, 19.786941055177905 ], [ -90.493827160493836, 19.782810285921236 ], [ -90.498399634202102, 19.78281028592119 ], [ -90.498399634202102, 19.786941055177856 ] ] ] } },
{ "type": "Feature", "properties": { "difference_1990_2000": 22.0, "difference_1990_2010": 40.0, "difference_1990_2020": 52.0 }, "geometry": { "type": "Polygon", "coordinates": [ [ [ -90.498399634202102, 19.803465191257029 ], [ -90.493827160493836, 19.803465191257029 ], [ -90.493827160493836, 19.799333998320488 ], [ -90.498399634202102, 19.799333998320453 ], [ -90.498399634202102, 19.803465191257029 ] ] ] } },
{ "type": "Feature", "properties": { "difference_1990_2000": 9.0, "difference_1990_2010": 502.0, "difference_1990_2020": 527.0 }, "geometry": { "type": "Polygon", "coordinates": [ [ [ -90.498399634202102, 19.824122746434501 ], [ -90.493827160493836, 19.824122746434501 ], [ -90.493827160493836, 19.819991023234731 ], [ -90.498399634202102, 19.819991023234731 ], [ -90.498399634202102, 19.824122746434501 ] ] ] } },
{ "type": "Feature", "properties": { "difference_1990_2000": 612.0, "difference_1990_2010": 950.0, "difference_1990_2020": 1029.0 }, "geometry": { "type": "Polygon", "coordinates": [ [ [ -90.498399634202102, 19.840650700939921 ], [ -90.493827160493836, 19.840650700939921 ], [ -90.493827160493836, 19.836518552998552 ], [ -90.498399634202102, 19.836518552998516 ], [ -90.498399634202102, 19.840650700939921 ] ] ] } },
{ "type": "Feature", "properties": { "difference_1990_2000": 13.0, "difference_1990_2010": 22.0, "difference_1990_2020": 29.0 }, "geometry": { "type": "Polygon", "coordinates": [ [ [ -90.498399634202102, 19.795202911348053 ], [ -90.493827160493836, 19.795202911348085 ], [ -90.493827160493836, 19.791071930310384 ], [ -90.498399634202102, 19.791071930310384 ], [ -90.498399634202102, 19.795202911348053 ] ] ] } },
{ "type": "Feature", "properties": { "difference_1990_2000": 11.0, "difference_1990_2010": 439.0, "difference_1990_2020": 462.0 }, "geometry": { "type": "Polygon", "coordinates": [ [ [ -90.498399634202102, 19.819991023234731 ], [ -90.493827160493836, 19.819991023234731 ], [ -90.493827160493836, 19.81585940614664 ], [ -90.498399634202102, 19.81585940614664 ], [ -90.498399634202102, 19.819991023234731 ] ] ] } },
{ "type": "Feature", "properties": { "difference_1990_2000": 456.0, "difference_1990_2010": 837.0, "difference_1990_2020": 1071.0 }, "geometry": { "type": "Polygon", "coordinates": [ [ [ -90.498399634202102, 19.853047782437514 ], [ -90.493827160493836, 19.853047782437514 ], [ -90.493827160493836, 19.848915315629906 ], [ -90.498399634202102, 19.848915315629871 ], [ -90.498399634202102, 19.853047782437514 ] ] ] } },
{ "type": "Feature", "properties": { "difference_1990_2000": -45.0, "difference_1990_2010": 17.0, "difference_1990_2020": 63.0 }, "geometry": { "type": "Polygon", "coordinates": [ [ [ -90.498399634202102, 19.762158026743801 ], [ -90.493827160493836, 19.762158026743801 ], [ -90.493827160493836, 19.758027892123472 ], [ -90.498399634202102, 19.758027892123472 ], [ -90.498399634202102, 19.762158026743801 ] ] ] } },
{ "type": "Feature", "properties": { "difference_1990_2000": 14.0, "difference_1990_2010": 329.0, "difference_1990_2020": 348.0 }, "geometry": { "type": "Polygon", "coordinates": [ [ [ -90.498399634202102, 19.81585940614664 ], [ -90.493827160493836, 19.81585940614664 ], [ -90.493827160493836, 19.811727895140613 ], [ -90.498399634202102, 19.811727895140596 ], [ -90.498399634202102, 19.81585940614664 ] ] ] } },
{ "type": "Feature", "properties": { "difference_1990_2000": 188.0, "difference_1990_2010": 384.0, "difference_1990_2020": 258.0 }, "geometry": { "type": "Polygon", "coordinates": [ [ [ -90.498399634202102, 19.774549064917363 ], [ -90.493827160493836, 19.774549064917363 ], [ -90.493827160493836, 19.770418613111314 ], [ -90.498399634202102, 19.7704186131113 ], [ -90.498399634202102, 19.774549064917363 ] ] ] } },
{ "type": "Feature", "properties": { "difference_1990_2000": 762.0, "difference_1990_2010": 1422.0, "difference_1990_2020": 1692.0 }, "geometry": { "type": "Polygon", "coordinates": [ [ [ -90.498399634202102, 19.857180355593002 ], [ -90.493827160493836, 19.857180355593002 ], [ -90.493827160493836, 19.853047782437514 ], [ -90.498399634202102, 19.853047782437514 ], [ -90.498399634202102, 19.857180355593002 ] ] ] } },
{ "type": "Feature", "properties": { "difference_1990_2000": 9.0, "difference_1990_2010": 501.0, "difference_1990_2020": 525.0 }, "geometry": { "type": "Polygon", "coordinates": [ [ [ -90.498399634202102, 19.828254575775347 ], [ -90.493827160493836, 19.828254575775365 ], [ -90.493827160493836, 19.824122746434501 ], [ -90.498399634202102, 19.824122746434501 ], [ -90.498399634202102, 19.828254575775347 ] ] ] } },
{ "type": "Feature", "properties": { "difference_1990_2000": 141.0, "difference_1990_2010": 548.0, "difference_1990_2020": 577.0 }, "geometry": { "type": "Polygon", "coordinates": [ [ [ -90.498399634202102, 19.832386511286874 ], [ -90.493827160493836, 19.832386511286888 ], [ -90.493827160493836, 19.828254575775365 ], [ -90.498399634202102, 19.828254575775347 ], [ -90.498399634202102, 19.832386511286874 ] ] ] } },
{ "type": "Feature", "properties": { "difference_1990_2000": 123.0, "difference_1990_2010": 225.0, "difference_1990_2020": 198.0 }, "geometry": { "type": "Polygon", "coordinates": [ [ [ -90.498399634202102, 19.778679622510854 ], [ -90.493827160493836, 19.778679622510854 ], [ -90.493827160493836, 19.774549064917363 ], [ -90.498399634202102, 19.774549064917363 ], [ -90.498399634202102, 19.778679622510854 ] ] ] } },
{ "type": "Feature", "properties": { "difference_1990_2000": -40.0, "difference_1990_2010": 35.0, "difference_1990_2020": 90.0 }, "geometry": { "type": "Polygon", "coordinates": [ [ [ -90.498399634202102, 19.770418613111314 ], [ -90.493827160493836, 19.770418613111367 ], [ -90.493827160493836, 19.766288267063285 ], [ -90.498399634202102, 19.766288267063249 ], [ -90.498399634202102, 19.770418613111314 ] ] ] } },
{ "type": "Feature", "properties": { "difference_1990_2000": 511.0, "difference_1990_2010": 468.0, "difference_1990_2020": 652.0 }, "geometry": { "type": "Polygon", "coordinates": [ [ [ -90.498399634202102, 19.844782955140506 ], [ -90.493827160493836, 19.844782955140523 ], [ -90.493827160493836, 19.840650700939921 ], [ -90.498399634202102, 19.840650700939921 ], [ -90.498399634202102, 19.844782955140506 ] ] ] } },
{ "type": "Feature", "properties": { "difference_1990_2000": 2.0, "difference_1990_2010": 103.0, "difference_1990_2020": 110.0 }, "geometry": { "type": "Polygon", "coordinates": [ [ [ -90.489254686785586, 19.799333998320439 ], [ -90.484682213077321, 19.799333998320439 ], [ -90.484682213077321, 19.795202911348053 ], [ -90.489254686785586, 19.795202911348053 ], [ -90.489254686785586, 19.799333998320439 ] ] ] } },
{ "type": "Feature", "properties": { "difference_1990_2000": -283.0, "difference_1990_2010": 770.0, "difference_1990_2020": 904.0 }, "geometry": { "type": "Polygon", "coordinates": [ [ [ -90.489254686785586, 19.861313035125942 ], [ -90.484682213077321, 19.861313035125942 ], [ -90.484682213077321, 19.857180355593002 ], [ -90.489254686785586, 19.857180355593002 ], [ -90.489254686785586, 19.861313035125942 ] ] ] } },
{ "type": "Feature", "properties": { "difference_1990_2000": 0.0, "difference_1990_2010": 543.0, "difference_1990_2020": 608.0 }, "geometry": { "type": "Polygon", "coordinates": [ [ [ -90.489254686785586, 19.807596490187294 ], [ -90.484682213077321, 19.807596490187294 ], [ -90.484682213077321, 19.803465191257029 ], [ -90.489254686785586, 19.803465191257029 ], [ -90.489254686785586, 19.807596490187294 ] ] ] } },
{ "type": "Feature", "properties": { "difference_1990_2000": -1838.0, "difference_1990_2010": -632.0, "difference_1990_2020": -202.0 }, "geometry": { "type": "Polygon", "coordinates": [ [ [ -90.489254686785586, 19.865445821065823 ], [ -90.484682213077321, 19.865445821065805 ], [ -90.484682213077321, 19.861313035125942 ], [ -90.489254686785586, 19.861313035125942 ], [ -90.489254686785586, 19.865445821065823 ] ] ] } },
{ "type": "Feature", "properties": { "difference_1990_2000": 1375.0, "difference_1990_2010": 1978.0, "difference_1990_2020": 2225.0 }, "geometry": { "type": "Polygon", "coordinates": [ [ [ -90.489254686785586, 19.848915315629871 ], [ -90.484682213077321, 19.848915315629871 ], [ -90.484682213077321, 19.844782955140506 ], [ -90.489254686785586, 19.844782955140506 ], [ -90.489254686785586, 19.848915315629871 ] ] ] } },
{ "type": "Feature", "properties": { "difference_1990_2000": 65.0, "difference_1990_2010": 68.0, "difference_1990_2020": 59.0 }, "geometry": { "type": "Polygon", "coordinates": [ [ [ -90.489254686785586, 19.873711712284791 ], [ -90.484682213077321, 19.873711712284791 ], [ -90.484682213077321, 19.869578713442259 ], [ -90.489254686785586, 19.869578713442259 ], [ -90.489254686785586, 19.873711712284791 ] ] ] } },
{ "type": "Feature", "properties": { "difference_1990_2000": -79.0, "difference_1990_2010": 179.0, "difference_1990_2020": 288.0 }, "geometry": { "type": "Polygon", "coordinates": [ [ [ -90.489254686785586, 19.869578713442259 ], [ -90.484682213077321, 19.869578713442259 ], [ -90.484682213077321, 19.865445821065805 ], [ -90.489254686785586, 19.865445821065823 ], [ -90.489254686785586, 19.869578713442259 ] ] ] } },
{ "type": "Feature", "properties": { "difference_1990_2000": 225.0, "difference_1990_2010": 1261.0, "difference_1990_2020": 1677.0 }, "geometry": { "type": "Polygon", "coordinates": [ [ [ -90.489254686785586, 19.836518552998552 ], [ -90.484682213077321, 19.836518552998516 ], [ -90.484682213077321, 19.832386511286874 ], [ -90.489254686785586, 19.832386511286888 ], [ -90.489254686785586, 19.836518552998552 ] ] ] } },
{ "type": "Feature", "properties": { "difference_1990_2000": 0.0, "difference_1990_2010": 1067.0, "difference_1990_2020": 1193.0 }, "geometry": { "type": "Polygon", "coordinates": [ [ [ -90.489254686785586, 19.803465191257029 ], [ -90.484682213077321, 19.803465191257029 ], [ -90.484682213077321, 19.799333998320439 ], [ -90.489254686785586, 19.799333998320439 ], [ -90.489254686785586, 19.803465191257029 ] ] ] } },
{ "type": "Feature", "properties": { "difference_1990_2000": -27.0, "difference_1990_2010": 12.0, "difference_1990_2020": 63.0 }, "geometry": { "type": "Polygon", "coordinates": [ [ [ -90.489254686785586, 19.766288267063299 ], [ -90.484682213077321, 19.766288267063285 ], [ -90.484682213077321, 19.762158026743801 ], [ -90.489254686785586, 19.762158026743801 ], [ -90.489254686785586, 19.766288267063299 ] ] ] } },
{ "type": "Feature", "properties": { "difference_1990_2000": 3.0, "difference_1990_2010": 2.0, "difference_1990_2020": -1.0 }, "geometry": { "type": "Polygon", "coordinates": [ [ [ -90.489254686785586, 19.877844817623057 ], [ -90.484682213077321, 19.877844817623057 ], [ -90.484682213077321, 19.873711712284791 ], [ -90.489254686785586, 19.873711712284791 ], [ -90.489254686785586, 19.877844817623057 ] ] ] } },
{ "type": "Feature", "properties": { "difference_1990_2000": 1015.0, "difference_1990_2010": 1335.0, "difference_1990_2020": 1550.0 }, "geometry": { "type": "Polygon", "coordinates": [ [ [ -90.489254686785586, 19.840650700939921 ], [ -90.484682213077321, 19.840650700939921 ], [ -90.484682213077321, 19.836518552998516 ], [ -90.489254686785586, 19.836518552998552 ], [ -90.489254686785586, 19.840650700939921 ] ] ] } },
{ "type": "Feature", "properties": { "difference_1990_2000": 720.0, "difference_1990_2010": 1339.0, "difference_1990_2020": 1636.0 }, "geometry": { "type": "Polygon", "coordinates": [ [ [ -90.489254686785586, 19.853047782437514 ], [ -90.484682213077321, 19.853047782437514 ], [ -90.484682213077321, 19.848915315629871 ], [ -90.489254686785586, 19.848915315629871 ], [ -90.489254686785586, 19.853047782437514 ] ] ] } },
{ "type": "Feature", "properties": { "difference_1990_2000": -9.0, "difference_1990_2010": -1.0, "difference_1990_2020": 23.0 }, "geometry": { "type": "Polygon", "coordinates": [ [ [ -90.489254686785586, 19.762158026743801 ], [ -90.484682213077321, 19.762158026743801 ], [ -90.484682213077321, 19.758027892123472 ], [ -90.489254686785586, 19.758027892123472 ], [ -90.489254686785586, 19.762158026743801 ] ] ] } },
{ "type": "Feature", "properties": { "difference_1990_2000": 92.0, "difference_1990_2010": 799.0, "difference_1990_2020": 1116.0 }, "geometry": { "type": "Polygon", "coordinates": [ [ [ -90.489254686785586, 19.857180355593002 ], [ -90.484682213077321, 19.857180355593002 ], [ -90.484682213077321, 19.853047782437514 ], [ -90.489254686785586, 19.853047782437514 ], [ -90.489254686785586, 19.857180355593002 ] ] ] } },
{ "type": "Feature", "properties": { "difference_1990_2000": 0.0, "difference_1990_2010": 605.0, "difference_1990_2020": 1118.0 }, "geometry": { "type": "Polygon", "coordinates": [ [ [ -90.489254686785586, 19.832386511286888 ], [ -90.484682213077321, 19.832386511286874 ], [ -90.484682213077321, 19.828254575775347 ], [ -90.489254686785586, 19.828254575775365 ], [ -90.489254686785586, 19.832386511286888 ] ] ] } },
{ "type": "Feature", "properties": { "difference_1990_2000": 1304.0, "difference_1990_2010": 1661.0, "difference_1990_2020": 1947.0 }, "geometry": { "type": "Polygon", "coordinates": [ [ [ -90.489254686785586, 19.844782955140506 ], [ -90.484682213077321, 19.844782955140506 ], [ -90.484682213077321, 19.840650700939921 ], [ -90.489254686785586, 19.840650700939921 ], [ -90.489254686785586, 19.844782955140506 ] ] ] } },
{ "type": "Feature", "properties": { "difference_1990_2000": -3.0, "difference_1990_2010": 2.0, "difference_1990_2020": 8.0 }, "geometry": { "type": "Polygon", "coordinates": [ [ [ -90.489254686785586, 19.770418613111332 ], [ -90.484682213077321, 19.770418613111332 ], [ -90.484682213077321, 19.766288267063285 ], [ -90.489254686785586, 19.766288267063299 ], [ -90.489254686785586, 19.770418613111332 ] ] ] } },
{ "type": "Feature", "properties": { "difference_1990_2000": 5.0, "difference_1990_2010": 285.0, "difference_1990_2020": 435.0 }, "geometry": { "type": "Polygon", "coordinates": [ [ [ -90.480109739369027, 19.865445821065805 ], [ -90.475537265660734, 19.865445821065823 ], [ -90.475537265660734, 19.861313035125942 ], [ -90.480109739369027, 19.861313035125942 ], [ -90.480109739369027, 19.865445821065805 ] ] ] } },
{ "type": "Feature", "properties": { "difference_1990_2000": 26.0, "difference_1990_2010": 285.0, "difference_1990_2020": 1201.0 }, "geometry": { "type": "Polygon", "coordinates": [ [ [ -90.480109739369027, 19.861313035125942 ], [ -90.475537265660734, 19.861313035125942 ], [ -90.475537265660734, 19.857180355593002 ], [ -90.480109739369027, 19.857180355593002 ], [ -90.480109739369027, 19.861313035125942 ] ] ] } },
{ "type": "Feature", "properties": { "difference_1990_2000": 0.0, "difference_1990_2010": 189.0, "difference_1990_2020": 961.0 }, "geometry": { "type": "Polygon", "coordinates": [ [ [ -90.480109739369027, 19.848915315629871 ], [ -90.475537265660734, 19.848915315629871 ], [ -90.475537265660734, 19.844782955140506 ], [ -90.480109739369027, 19.844782955140506 ], [ -90.480109739369027, 19.848915315629871 ] ] ] } },
{ "type": "Feature", "properties": { "difference_1990_2000": 5.0, "difference_1990_2010": 446.0, "difference_1990_2020": 750.0 }, "geometry": { "type": "Polygon", "coordinates": [ [ [ -90.480109739369027, 19.836518552998552 ], [ -90.475537265660734, 19.836518552998552 ], [ -90.475537265660734, 19.832386511286838 ], [ -90.480109739369027, 19.832386511286874 ], [ -90.480109739369027, 19.836518552998552 ] ] ] } },
{ "type": "Feature", "properties": { "difference_1990_2000": 0.0, "difference_1990_2010": 208.0, "difference_1990_2020": 479.0 }, "geometry": { "type": "Polygon", "coordinates": [ [ [ -90.480109739369027, 19.840650700939904 ], [ -90.475537265660734, 19.840650700939921 ], [ -90.475537265660734, 19.836518552998552 ], [ -90.480109739369027, 19.836518552998552 ], [ -90.480109739369027, 19.840650700939904 ] ] ] } },
{ "type": "Feature", "properties": { "difference_1990_2000": 1.0, "difference_1990_2010": 485.0, "difference_1990_2020": 810.0 }, "geometry": { "type": "Polygon", "coordinates": [ [ [ -90.480109739369027, 19.853047782437514 ], [ -90.475537265660734, 19.853047782437514 ], [ -90.475537265660734, 19.848915315629871 ], [ -90.480109739369027, 19.848915315629871 ], [ -90.480109739369027, 19.853047782437514 ] ] ] } },
{ "type": "Feature", "properties": { "difference_1990_2000": 1.0, "difference_1990_2010": 409.0, "difference_1990_2020": 698.0 }, "geometry": { "type": "Polygon", "coordinates": [ [ [ -90.480109739369027, 19.857180355593002 ], [ -90.475537265660734, 19.857180355593002 ], [ -90.475537265660734, 19.853047782437514 ], [ -90.480109739369027, 19.853047782437514 ], [ -90.480109739369027, 19.857180355593002 ] ] ] } },
{ "type": "Feature", "properties": { "difference_1990_2000": 2.0, "difference_1990_2010": 128.0, "difference_1990_2020": 260.0 }, "geometry": { "type": "Polygon", "coordinates": [ [ [ -90.480109739369027, 19.832386511286874 ], [ -90.475537265660734, 19.832386511286838 ], [ -90.475537265660734, 19.828254575775315 ], [ -90.480109739369027, 19.828254575775347 ], [ -90.480109739369027, 19.832386511286874 ] ] ] } },
{ "type": "Feature", "properties": { "difference_1990_2000": 0.0, "difference_1990_2010": 189.0, "difference_1990_2020": 734.0 }, "geometry": { "type": "Polygon", "coordinates": [ [ [ -90.480109739369027, 19.844782955140506 ], [ -90.475537265660734, 19.844782955140506 ], [ -90.475537265660734, 19.840650700939921 ], [ -90.480109739369027, 19.840650700939904 ], [ -90.480109739369027, 19.844782955140506 ] ] ] } },
{ "type": "Feature", "properties": { "difference_1990_2000": 0.0, "difference_1990_2010": 56.0, "difference_1990_2020": 0.0 }, "geometry": { "type": "Polygon", "coordinates": [ [ [ -90.47096479195244, 19.848915315629871 ], [ -90.466392318244175, 19.848915315629871 ], [ -90.466392318244175, 19.844782955140506 ], [ -90.47096479195244, 19.844782955140474 ], [ -90.47096479195244, 19.848915315629871 ] ] ] } },
{ "type": "Feature", "properties": { "difference_1990_2000": 0.0, "difference_1990_2010": 44.0, "difference_1990_2020": 0.0 }, "geometry": { "type": "Polygon", "coordinates": [ [ [ -90.47096479195244, 19.853047782437514 ], [ -90.466392318244175, 19.853047782437514 ], [ -90.466392318244175, 19.848915315629871 ], [ -90.47096479195244, 19.848915315629871 ], [ -90.47096479195244, 19.853047782437514 ] ] ] } },
{ "type": "Feature", "properties": { "difference_1990_2000": 0.0, "difference_1990_2010": 3.0, "difference_1990_2020": 0.0 }, "geometry": { "type": "Polygon", "coordinates": [ [ [ -90.47096479195244, 19.844782955140474 ], [ -90.466392318244175, 19.844782955140506 ], [ -90.466392318244175, 19.840650700939921 ], [ -90.47096479195244, 19.840650700939921 ], [ -90.47096479195244, 19.844782955140474 ] ] ] } },
{ "type": "Feature", "properties": { "difference_1990_2000": 6.0, "difference_1990_2010": 0.0, "difference_1990_2020": 19.0 }, "geometry": { "type": "Polygon", "coordinates": [ [ [ -90.631001371742116, 19.782810285921204 ], [ -90.626428898033836, 19.782810285921204 ], [ -90.626428898033836, 19.778679622510854 ], [ -90.631001371742116, 19.778679622510854 ], [ -90.631001371742116, 19.782810285921204 ] ] ] } },
{ "type": "Feature", "properties": { "difference_1990_2000": 13.0, "difference_1990_2010": 0.0, "difference_1990_2020": 46.0 }, "geometry": { "type": "Polygon", "coordinates": [ [ [ -90.631001371742116, 19.786941055177905 ], [ -90.626428898033836, 19.786941055177891 ], [ -90.626428898033836, 19.782810285921204 ], [ -90.631001371742116, 19.782810285921204 ], [ -90.631001371742116, 19.786941055177905 ] ] ] } },
{ "type": "Feature", "properties": { "difference_1990_2000": 6.0, "difference_1990_2010": 0.0, "difference_1990_2020": 19.0 }, "geometry": { "type": "Polygon", "coordinates": [ [ [ -90.631001371742116, 19.791071930310402 ], [ -90.626428898033836, 19.791071930310384 ], [ -90.626428898033836, 19.786941055177905 ], [ -90.631001371742116, 19.786941055177905 ], [ -90.631001371742116, 19.791071930310402 ] ] ] } },
{ "type": "Feature", "properties": { "difference_1990_2000": 0.0, "difference_1990_2010": 6.0, "difference_1990_2020": 2.0 }, "geometry": { "type": "Polygon", "coordinates": [ [ [ -90.621856424325586, 19.799333998320439 ], [ -90.617283950617306, 19.799333998320439 ], [ -90.617283950617306, 19.795202911348053 ], [ -90.621856424325586, 19.795202911348035 ], [ -90.621856424325586, 19.799333998320439 ] ] ] } },
{ "type": "Feature", "properties": { "difference_1990_2000": 0.0, "difference_1990_2010": 0.0, "difference_1990_2020": 2.0 }, "geometry": { "type": "Polygon", "coordinates": [ [ [ -90.621856424325586, 19.782810285921204 ], [ -90.617283950617306, 19.78281028592119 ], [ -90.617283950617306, 19.778679622510854 ], [ -90.621856424325586, 19.778679622510854 ], [ -90.621856424325586, 19.782810285921204 ] ] ] } },
{ "type": "Feature", "properties": { "difference_1990_2000": 26.0, "difference_1990_2010": 0.0, "difference_1990_2020": 87.0 }, "geometry": { "type": "Polygon", "coordinates": [ [ [ -90.621856424325586, 19.786941055177856 ], [ -90.617283950617306, 19.786941055177891 ], [ -90.617283950617306, 19.78281028592119 ], [ -90.621856424325586, 19.782810285921204 ], [ -90.621856424325586, 19.786941055177856 ] ] ] } },
{ "type": "Feature", "properties": { "difference_1990_2000": 24.0, "difference_1990_2010": -89.0, "difference_1990_2020": 82.0 }, "geometry": { "type": "Polygon", "coordinates": [ [ [ -90.621856424325586, 19.791071930310384 ], [ -90.617283950617306, 19.791071930310384 ], [ -90.617283950617306, 19.786941055177905 ], [ -90.621856424325586, 19.786941055177905 ], [ -90.621856424325586, 19.791071930310384 ] ] ] } },
{ "type": "Feature", "properties": { "difference_1990_2000": 15.0, "difference_1990_2010": 171.0, "difference_1990_2020": 51.0 }, "geometry": { "type": "Polygon", "coordinates": [ [ [ -90.621856424325586, 19.795202911348035 ], [ -90.617283950617306, 19.795202911348053 ], [ -90.617283950617306, 19.791071930310384 ], [ -90.621856424325586, 19.791071930310384 ], [ -90.621856424325586, 19.795202911348035 ] ] ] } },
{ "type": "Feature", "properties": { "difference_1990_2000": 25.0, "difference_1990_2010": 290.0, "difference_1990_2020": 85.0 }, "geometry": { "type": "Polygon", "coordinates": [ [ [ -90.612711476909027, 19.799333998320439 ], [ -90.608139003200733, 19.799333998320453 ], [ -90.608139003200733, 19.795202911348053 ], [ -90.612711476909027, 19.795202911348053 ], [ -90.612711476909027, 19.799333998320439 ] ] ] } },
{ "type": "Feature", "properties": { "difference_1990_2000": 7.0, "difference_1990_2010": 80.0, "difference_1990_2020": 23.0 }, "geometry": { "type": "Polygon", "coordinates": [ [ [ -90.612711476909027, 19.803465191257029 ], [ -90.608139003200733, 19.803465191257015 ], [ -90.608139003200733, 19.799333998320453 ], [ -90.612711476909027, 19.799333998320439 ], [ -90.612711476909027, 19.803465191257029 ] ] ] } },
{ "type": "Feature", "properties": { "difference_1990_2000": -34.0, "difference_1990_2010": -25.0, "difference_1990_2020": -10.0 }, "geometry": { "type": "Polygon", "coordinates": [ [ [ -90.612711476909027, 19.786941055177891 ], [ -90.608139003200733, 19.786941055177891 ], [ -90.608139003200733, 19.782810285921204 ], [ -90.612711476909027, 19.782810285921204 ], [ -90.612711476909027, 19.786941055177891 ] ] ] } },
{ "type": "Feature", "properties": { "difference_1990_2000": -116.0, "difference_1990_2010": -81.0, "difference_1990_2020": -34.0 }, "geometry": { "type": "Polygon", "coordinates": [ [ [ -90.612711476909027, 19.791071930310384 ], [ -90.608139003200733, 19.791071930310384 ], [ -90.608139003200733, 19.786941055177905 ], [ -90.612711476909027, 19.786941055177905 ], [ -90.612711476909027, 19.791071930310384 ] ] ] } },
{ "type": "Feature", "properties": { "difference_1990_2000": -11.0, "difference_1990_2010": 216.0, "difference_1990_2020": 61.0 }, "geometry": { "type": "Polygon", "coordinates": [ [ [ -90.612711476909027, 19.795202911348053 ], [ -90.608139003200733, 19.795202911348053 ], [ -90.608139003200733, 19.791071930310384 ], [ -90.612711476909027, 19.791071930310384 ], [ -90.612711476909027, 19.795202911348053 ] ] ] } },
{ "type": "Feature", "properties": { "difference_1990_2000": 299.0, "difference_1990_2010": 460.0, "difference_1990_2020": 374.0 }, "geometry": { "type": "Polygon", "coordinates": [ [ [ -90.603566529492483, 19.807596490187294 ], [ -90.598994055784203, 19.807596490187258 ], [ -90.598994055784203, 19.803465191257029 ], [ -90.603566529492483, 19.803465191257029 ], [ -90.603566529492483, 19.807596490187294 ] ] ] } },
{ "type": "Feature", "properties": { "difference_1990_2000": -135.0, "difference_1990_2010": -102.0, "difference_1990_2020": -41.0 }, "geometry": { "type": "Polygon", "coordinates": [ [ [ -90.603566529492483, 19.799333998320453 ], [ -90.598994055784203, 19.799333998320439 ], [ -90.598994055784203, 19.795202911348053 ], [ -90.603566529492483, 19.795202911348053 ], [ -90.603566529492483, 19.799333998320453 ] ] ] } },
{ "type": "Feature", "properties": { "difference_1990_2000": 1.0, "difference_1990_2010": 6.0, "difference_1990_2020": 5.0 }, "geometry": { "type": "Polygon", "coordinates": [ [ [ -90.603566529492483, 19.811727895140613 ], [ -90.598994055784203, 19.811727895140613 ], [ -90.598994055784203, 19.807596490187258 ], [ -90.603566529492483, 19.807596490187294 ], [ -90.603566529492483, 19.811727895140613 ] ] ] } },
{ "type": "Feature", "properties": { "difference_1990_2000": 232.0, "difference_1990_2010": 169.0, "difference_1990_2020": 184.0 }, "geometry": { "type": "Polygon", "coordinates": [ [ [ -90.603566529492483, 19.803465191257029 ], [ -90.598994055784203, 19.803465191257029 ], [ -90.598994055784203, 19.799333998320439 ], [ -90.603566529492483, 19.799333998320453 ], [ -90.603566529492483, 19.803465191257029 ] ] ] } },
{ "type": "Feature", "properties": { "difference_1990_2000": -37.0, "difference_1990_2010": -27.0, "difference_1990_2020": -11.0 }, "geometry": { "type": "Polygon", "coordinates": [ [ [ -90.603566529492483, 19.791071930310384 ], [ -90.598994055784203, 19.791071930310384 ], [ -90.598994055784203, 19.786941055177905 ], [ -90.603566529492483, 19.786941055177905 ], [ -90.603566529492483, 19.791071930310384 ] ] ] } },
{ "type": "Feature", "properties": { "difference_1990_2000": -138.0, "difference_1990_2010": -97.0, "difference_1990_2020": -40.0 }, "geometry": { "type": "Polygon", "coordinates": [ [ [ -90.603566529492483, 19.795202911348053 ], [ -90.598994055784203, 19.795202911348053 ], [ -90.598994055784203, 19.791071930310384 ], [ -90.603566529492483, 19.791071930310384 ], [ -90.603566529492483, 19.795202911348053 ] ] ] } },
{ "type": "Feature", "properties": { "difference_1990_2000": -5.0, "difference_1990_2010": 43.0, "difference_1990_2020": 59.0 }, "geometry": { "type": "Polygon", "coordinates": [ [ [ -90.594421582075896, 19.807596490187294 ], [ -90.589849108367645, 19.807596490187294 ], [ -90.589849108367645, 19.803465191257065 ], [ -90.594421582075896, 19.803465191257029 ], [ -90.594421582075896, 19.807596490187294 ] ] ] } },
{ "type": "Feature", "properties": { "difference_1990_2000": 18.0, "difference_1990_2010": 237.0, "difference_1990_2020": 258.0 }, "geometry": { "type": "Polygon", "coordinates": [ [ [ -90.594421582075896, 19.811727895140613 ], [ -90.589849108367645, 19.811727895140613 ], [ -90.589849108367645, 19.807596490187294 ], [ -90.594421582075896, 19.807596490187294 ], [ -90.594421582075896, 19.811727895140613 ] ] ] } },
{ "type": "Feature", "properties": { "difference_1990_2000": -1.0, "difference_1990_2010": -1.0, "difference_1990_2020": 0.0 }, "geometry": { "type": "Polygon", "coordinates": [ [ [ -90.594421582075896, 19.803465191257029 ], [ -90.589849108367645, 19.803465191257065 ], [ -90.589849108367645, 19.799333998320488 ], [ -90.594421582075896, 19.799333998320439 ], [ -90.594421582075896, 19.803465191257029 ] ] ] } },
{ "type": "Feature", "properties": { "difference_1990_2000": 1.0, "difference_1990_2010": 6.0, "difference_1990_2020": 6.0 }, "geometry": { "type": "Polygon", "coordinates": [ [ [ -90.594421582075896, 19.819991023234731 ], [ -90.589849108367645, 19.819991023234731 ], [ -90.589849108367645, 19.81585940614664 ], [ -90.594421582075896, 19.81585940614664 ], [ -90.594421582075896, 19.819991023234731 ] ] ] } },
{ "type": "Feature", "properties": { "difference_1990_2000": 10.0, "difference_1990_2010": 132.0, "difference_1990_2020": 142.0 }, "geometry": { "type": "Polygon", "coordinates": [ [ [ -90.594421582075896, 19.81585940614664 ], [ -90.589849108367645, 19.81585940614664 ], [ -90.589849108367645, 19.811727895140613 ], [ -90.594421582075896, 19.811727895140613 ], [ -90.594421582075896, 19.81585940614664 ] ] ] } },
{ "type": "Feature", "properties": { "difference_1990_2000": 20.0, "difference_1990_2010": -246.0, "difference_1990_2020": -230.0 }, "geometry": { "type": "Polygon", "coordinates": [ [ [ -90.585276634659365, 19.819991023234731 ], [ -90.580704160951086, 19.819991023234696 ], [ -90.580704160951086, 19.81585940614664 ], [ -90.585276634659365, 19.81585940614664 ], [ -90.585276634659365, 19.819991023234731 ] ] ] } },
{ "type": "Feature", "properties": { "difference_1990_2000": 8.0, "difference_1990_2010": -66.0, "difference_1990_2020": -62.0 }, "geometry": { "type": "Polygon", "coordinates": [ [ [ -90.585276634659365, 19.81585940614664 ], [ -90.580704160951086, 19.81585940614664 ], [ -90.580704160951086, 19.811727895140613 ], [ -90.585276634659365, 19.811727895140613 ], [ -90.585276634659365, 19.81585940614664 ] ] ] } },
{ "type": "Feature", "properties": { "difference_1990_2000": -7.0, "difference_1990_2010": 7.0, "difference_1990_2020": -20.0 }, "geometry": { "type": "Polygon", "coordinates": [ [ [ -90.576131687242821, 19.824122746434501 ], [ -90.571559213534542, 19.824122746434501 ], [ -90.571559213534542, 19.819991023234731 ], [ -90.576131687242821, 19.819991023234696 ], [ -90.576131687242821, 19.824122746434501 ] ] ] } },
{ "type": "Feature", "properties": { "difference_1990_2000": 2.0, "difference_1990_2010": 0.0, "difference_1990_2020": -22.0 }, "geometry": { "type": "Polygon", "coordinates": [ [ [ -90.576131687242821, 19.81585940614664 ], [ -90.571559213534542, 19.81585940614664 ], [ -90.571559213534542, 19.811727895140649 ], [ -90.576131687242821, 19.811727895140613 ], [ -90.576131687242821, 19.81585940614664 ] ] ] } },
{ "type": "Feature", "properties": { "difference_1990_2000": -1.0, "difference_1990_2010": -1.0, "difference_1990_2020": -3.0 }, "geometry": { "type": "Polygon", "coordinates": [ [ [ -90.576131687242821, 19.828254575775347 ], [ -90.571559213534542, 19.828254575775347 ], [ -90.571559213534542, 19.824122746434501 ], [ -90.576131687242821, 19.824122746434501 ], [ -90.576131687242821, 19.828254575775347 ] ] ] } },
{ "type": "Feature", "properties": { "difference_1990_2000": 48.0, "difference_1990_2010": 40.0, "difference_1990_2020": 72.0 }, "geometry": { "type": "Polygon", "coordinates": [ [ [ -90.566986739826234, 19.824122746434501 ], [ -90.562414266117955, 19.824122746434501 ], [ -90.562414266117955, 19.819991023234731 ], [ -90.566986739826234, 19.819991023234731 ], [ -90.566986739826234, 19.824122746434501 ] ] ] } },
{ "type": "Feature", "properties": { "difference_1990_2000": 3.0, "difference_1990_2010": 0.0, "difference_1990_2020": 5.0 }, "geometry": { "type": "Polygon", "coordinates": [ [ [ -90.566986739826234, 19.819991023234731 ], [ -90.562414266117955, 19.819991023234731 ], [ -90.562414266117955, 19.81585940614664 ], [ -90.566986739826234, 19.815859406146661 ], [ -90.566986739826234, 19.819991023234731 ] ] ] } },
{ "type": "Feature", "properties": { "difference_1990_2000": 96.0, "difference_1990_2010": 98.0, "difference_1990_2020": 81.0 }, "geometry": { "type": "Polygon", "coordinates": [ [ [ -90.566986739826234, 19.828254575775365 ], [ -90.562414266117955, 19.828254575775365 ], [ -90.562414266117955, 19.824122746434501 ], [ -90.566986739826234, 19.824122746434501 ], [ -90.566986739826234, 19.828254575775365 ] ] ] } },
{ "type": "Feature", "properties": { "difference_1990_2000": 54.0, "difference_1990_2010": 63.0, "difference_1990_2020": 30.0 }, "geometry": { "type": "Polygon", "coordinates": [ [ [ -90.566986739826234, 19.832386511286888 ], [ -90.562414266117955, 19.832386511286888 ], [ -90.562414266117955, 19.828254575775365 ], [ -90.566986739826234, 19.828254575775365 ], [ -90.566986739826234, 19.832386511286888 ] ] ] } },
{ "type": "Feature", "properties": { "difference_1990_2000": 5.0, "difference_1990_2010": 0.0, "difference_1990_2020": 95.0 }, "geometry": { "type": "Polygon", "coordinates": [ [ [ -90.557841792409704, 19.807596490187311 ], [ -90.553269318701425, 19.807596490187294 ], [ -90.553269318701425, 19.803465191257015 ], [ -90.557841792409704, 19.803465191257029 ], [ -90.557841792409704, 19.807596490187311 ] ] ] } },
{ "type": "Feature", "properties": { "difference_1990_2000": 15.0, "difference_1990_2010": 32.0, "difference_1990_2020": 273.0 }, "geometry": { "type": "Polygon", "coordinates": [ [ [ -90.557841792409704, 19.811727895140613 ], [ -90.553269318701425, 19.811727895140613 ], [ -90.553269318701425, 19.807596490187294 ], [ -90.557841792409704, 19.807596490187311 ], [ -90.557841792409704, 19.811727895140613 ] ] ] } },
{ "type": "Feature", "properties": { "difference_1990_2000": -224.0, "difference_1990_2010": -356.0, "difference_1990_2020": -297.0 }, "geometry": { "type": "Polygon", "coordinates": [ [ [ -90.557841792409704, 19.836518552998552 ], [ -90.553269318701425, 19.836518552998569 ], [ -90.553269318701425, 19.832386511286888 ], [ -90.557841792409704, 19.832386511286874 ], [ -90.557841792409704, 19.836518552998552 ] ] ] } },
{ "type": "Feature", "properties": { "difference_1990_2000": 36.0, "difference_1990_2010": 274.0, "difference_1990_2020": 308.0 }, "geometry": { "type": "Polygon", "coordinates": [ [ [ -90.557841792409704, 19.824122746434501 ], [ -90.553269318701425, 19.824122746434501 ], [ -90.553269318701425, 19.819991023234696 ], [ -90.557841792409704, 19.819991023234696 ], [ -90.557841792409704, 19.824122746434501 ] ] ] } },
{ "type": "Feature", "properties": { "difference_1990_2000": 189.0, "difference_1990_2010": 419.0, "difference_1990_2020": 424.0 }, "geometry": { "type": "Polygon", "coordinates": [ [ [ -90.557841792409704, 19.819991023234696 ], [ -90.553269318701425, 19.819991023234696 ], [ -90.553269318701425, 19.815859406146604 ], [ -90.557841792409704, 19.81585940614664 ], [ -90.557841792409704, 19.819991023234696 ] ] ] } },
{ "type": "Feature", "properties": { "difference_1990_2000": 127.0, "difference_1990_2010": 435.0, "difference_1990_2020": 571.0 }, "geometry": { "type": "Polygon", "coordinates": [ [ [ -90.557841792409704, 19.81585940614664 ], [ -90.553269318701425, 19.815859406146604 ], [ -90.553269318701425, 19.811727895140613 ], [ -90.557841792409704, 19.811727895140613 ], [ -90.557841792409704, 19.81585940614664 ] ] ] } },
{ "type": "Feature", "properties": { "difference_1990_2000": -106.0, "difference_1990_2010": -112.0, "difference_1990_2020": -82.0 }, "geometry": { "type": "Polygon", "coordinates": [ [ [ -90.557841792409704, 19.828254575775347 ], [ -90.553269318701425, 19.828254575775365 ], [ -90.553269318701425, 19.824122746434501 ], [ -90.557841792409704, 19.824122746434501 ], [ -90.557841792409704, 19.828254575775347 ] ] ] } },
{ "type": "Feature", "properties": { "difference_1990_2000": -37.0, "difference_1990_2010": -107.0, "difference_1990_2020": -119.0 }, "geometry": { "type": "Polygon", "coordinates": [ [ [ -90.557841792409704, 19.832386511286874 ], [ -90.553269318701425, 19.832386511286888 ], [ -90.553269318701425, 19.828254575775365 ], [ -90.557841792409704, 19.828254575775347 ], [ -90.557841792409704, 19.832386511286874 ] ] ] } },
{ "type": "Feature", "properties": { "difference_1990_2000": 0.0, "difference_1990_2010": 0.0, "difference_1990_2020": 21.0 }, "geometry": { "type": "Polygon", "coordinates": [ [ [ -90.004572473708294, 19.489794461800692 ], [ -90.0, 19.489794461800692 ], [ -90.0, 19.485671238567409 ], [ -90.004572473708294, 19.485671238567409 ], [ -90.004572473708294, 19.489794461800692 ] ] ] } },
{ "type": "Feature", "properties": { "difference_1990_2000": 0.0, "difference_1990_2010": 0.0, "difference_1990_2020": 4.0 }, "geometry": { "type": "Polygon", "coordinates": [ [ [ -90.004572473708294, 19.485671238567409 ], [ -90.0, 19.485671238567409 ], [ -90.0, 19.481548119075441 ], [ -90.004572473708294, 19.481548119075441 ], [ -90.004572473708294, 19.485671238567409 ] ] ] } },
{ "type": "Feature", "properties": { "difference_1990_2000": -9.0, "difference_1990_2010": 8.0, "difference_1990_2020": 47.0 }, "geometry": { "type": "Polygon", "coordinates": [ [ [ -90.54869684499316, 19.799333998320453 ], [ -90.54412437128488, 19.799333998320439 ], [ -90.54412437128488, 19.795202911348085 ], [ -90.54869684499316, 19.795202911348053 ], [ -90.54869684499316, 19.799333998320453 ] ] ] } },
{ "type": "Feature", "properties": { "difference_1990_2000": 34.0, "difference_1990_2010": 534.0, "difference_1990_2020": 698.0 }, "geometry": { "type": "Polygon", "coordinates": [ [ [ -90.54869684499316, 19.811727895140613 ], [ -90.54412437128488, 19.811727895140613 ], [ -90.54412437128488, 19.807596490187294 ], [ -90.54869684499316, 19.807596490187258 ], [ -90.54869684499316, 19.811727895140613 ] ] ] } },
{ "type": "Feature", "properties": { "difference_1990_2000": 149.0, "difference_1990_2010": -31.0, "difference_1990_2020": -179.0 }, "geometry": { "type": "Polygon", "coordinates": [ [ [ -90.54869684499316, 19.836518552998552 ], [ -90.54412437128488, 19.836518552998569 ], [ -90.54412437128488, 19.832386511286888 ], [ -90.54869684499316, 19.832386511286874 ], [ -90.54869684499316, 19.836518552998552 ] ] ] } },
{ "type": "Feature", "properties": { "difference_1990_2000": -8.0, "difference_1990_2010": 6.0, "difference_1990_2020": 42.0 }, "geometry": { "type": "Polygon", "coordinates": [ [ [ -90.54869684499316, 19.803465191257029 ], [ -90.54412437128488, 19.803465191257029 ], [ -90.54412437128488, 19.799333998320439 ], [ -90.54869684499316, 19.799333998320453 ], [ -90.54869684499316, 19.803465191257029 ] ] ] } },
{ "type": "Feature", "properties": { "difference_1990_2000": 281.0, "difference_1990_2010": 326.0, "difference_1990_2020": 455.0 }, "geometry": { "type": "Polygon", "coordinates": [ [ [ -90.54869684499316, 19.824122746434501 ], [ -90.54412437128488, 19.824122746434501 ], [ -90.54412437128488, 19.819991023234731 ], [ -90.54869684499316, 19.819991023234731 ], [ -90.54869684499316, 19.824122746434501 ] ] ] } },
{ "type": "Feature", "properties": { "difference_1990_2000": -301.0, "difference_1990_2010": -451.0, "difference_1990_2020": -519.0 }, "geometry": { "type": "Polygon", "coordinates": [ [ [ -90.54869684499316, 19.840650700939921 ], [ -90.54412437128488, 19.840650700939921 ], [ -90.54412437128488, 19.836518552998569 ], [ -90.54869684499316, 19.836518552998552 ], [ -90.54869684499316, 19.840650700939921 ] ] ] } },
{ "type": "Feature", "properties": { "difference_1990_2000": 268.0, "difference_1990_2010": 388.0, "difference_1990_2020": 610.0 }, "geometry": { "type": "Polygon", "coordinates": [ [ [ -90.54869684499316, 19.819991023234731 ], [ -90.54412437128488, 19.819991023234731 ], [ -90.54412437128488, 19.815859406146661 ], [ -90.54869684499316, 19.81585940614664 ], [ -90.54869684499316, 19.819991023234731 ] ] ] } },
{ "type": "Feature", "properties": { "difference_1990_2000": 449.0, "difference_1990_2010": 699.0, "difference_1990_2020": 992.0 }, "geometry": { "type": "Polygon", "coordinates": [ [ [ -90.54869684499316, 19.81585940614664 ], [ -90.54412437128488, 19.815859406146661 ], [ -90.54412437128488, 19.811727895140613 ], [ -90.54869684499316, 19.811727895140613 ], [ -90.54869684499316, 19.81585940614664 ] ] ] } },
{ "type": "Feature", "properties": { "difference_1990_2000": 357.0, "difference_1990_2010": 464.0, "difference_1990_2020": 606.0 }, "geometry": { "type": "Polygon", "coordinates": [ [ [ -90.54869684499316, 19.828254575775365 ], [ -90.54412437128488, 19.828254575775365 ], [ -90.54412437128488, 19.824122746434501 ], [ -90.54869684499316, 19.824122746434501 ], [ -90.54869684499316, 19.828254575775365 ] ] ] } },
{ "type": "Feature", "properties": { "difference_1990_2000": 279.0, "difference_1990_2010": 486.0, "difference_1990_2020": 639.0 }, "geometry": { "type": "Polygon", "coordinates": [ [ [ -90.54869684499316, 19.832386511286874 ], [ -90.54412437128488, 19.832386511286888 ], [ -90.54412437128488, 19.828254575775365 ], [ -90.54869684499316, 19.828254575775365 ], [ -90.54869684499316, 19.832386511286874 ] ] ] } },
{ "type": "Feature", "properties": { "difference_1990_2000": -45.0, "difference_1990_2010": -115.0, "difference_1990_2020": -121.0 }, "geometry": { "type": "Polygon", "coordinates": [ [ [ -90.54869684499316, 19.844782955140474 ], [ -90.54412437128488, 19.844782955140506 ], [ -90.54412437128488, 19.840650700939921 ], [ -90.54869684499316, 19.840650700939921 ], [ -90.54869684499316, 19.844782955140474 ] ] ] } },
{ "type": "Feature", "properties": { "difference_1990_2000": 1.0, "difference_1990_2010": 6.0, "difference_1990_2020": 10.0 }, "geometry": { "type": "Polygon", "coordinates": [ [ [ -90.54869684499316, 19.807596490187258 ], [ -90.54412437128488, 19.807596490187294 ], [ -90.54412437128488, 19.803465191257029 ], [ -90.54869684499316, 19.803465191257029 ], [ -90.54869684499316, 19.807596490187258 ] ] ] } },
{ "type": "Feature", "properties": { "difference_1990_2000": 0.0, "difference_1990_2010": 0.0, "difference_1990_2020": 2.0 }, "geometry": { "type": "Polygon", "coordinates": [ [ [ -89.995427526291721, 19.481548119075406 ], [ -89.990855052583441, 19.481548119075441 ], [ -89.990855052583441, 19.477425103295694 ], [ -89.995427526291721, 19.47742510329573 ], [ -89.995427526291721, 19.481548119075406 ] ] ] } },
{ "type": "Feature", "properties": { "difference_1990_2000": 0.0, "difference_1990_2010": 0.0, "difference_1990_2020": 573.0 }, "geometry": { "type": "Polygon", "coordinates": [ [ [ -89.995427526291721, 19.489794461800692 ], [ -89.990855052583441, 19.489794461800663 ], [ -89.990855052583441, 19.485671238567409 ], [ -89.995427526291721, 19.485671238567409 ], [ -89.995427526291721, 19.489794461800692 ] ] ] } },
{ "type": "Feature", "properties": { "difference_1990_2000": 0.0, "difference_1990_2010": 0.0, "difference_1990_2020": 533.0 }, "geometry": { "type": "Polygon", "coordinates": [ [ [ -89.995427526291721, 19.485671238567409 ], [ -89.990855052583441, 19.485671238567409 ], [ -89.990855052583441, 19.481548119075441 ], [ -89.995427526291721, 19.481548119075406 ], [ -89.995427526291721, 19.485671238567409 ] ] ] } },
{ "type": "Feature", "properties": { "difference_1990_2000": 0.0, "difference_1990_2010": 0.0, "difference_1990_2020": 42.0 }, "geometry": { "type": "Polygon", "coordinates": [ [ [ -89.995427526291721, 19.493917788804371 ], [ -89.990855052583441, 19.493917788804371 ], [ -89.990855052583441, 19.489794461800663 ], [ -89.995427526291721, 19.489794461800692 ], [ -89.995427526291721, 19.493917788804371 ] ] ] } },
{ "type": "Feature", "properties": { "difference_1990_2000": -18.0, "difference_1990_2010": 14.0, "difference_1990_2020": 97.0 }, "geometry": { "type": "Polygon", "coordinates": [ [ [ -90.539551897576587, 19.799333998320439 ], [ -90.534979423868293, 19.799333998320453 ], [ -90.534979423868293, 19.795202911348053 ], [ -90.539551897576587, 19.795202911348035 ], [ -90.539551897576587, 19.799333998320439 ] ] ] } },
{ "type": "Feature", "properties": { "difference_1990_2000": -57.0, "difference_1990_2010": 48.0, "difference_1990_2020": 306.0 }, "geometry": { "type": "Polygon", "coordinates": [ [ [ -90.539551897576587, 19.807596490187294 ], [ -90.534979423868293, 19.807596490187294 ], [ -90.534979423868293, 19.803465191257029 ], [ -90.539551897576587, 19.803465191257029 ], [ -90.539551897576587, 19.807596490187294 ] ] ] } },
{ "type": "Feature", "properties": { "difference_1990_2000": -298.0, "difference_1990_2010": -490.0, "difference_1990_2020": -492.0 }, "geometry": { "type": "Polygon", "coordinates": [ [ [ -90.539551897576587, 19.848915315629871 ], [ -90.534979423868293, 19.848915315629871 ], [ -90.534979423868293, 19.844782955140474 ], [ -90.539551897576587, 19.844782955140506 ], [ -90.539551897576587, 19.848915315629871 ] ] ] } },
{ "type": "Feature", "properties": { "difference_1990_2000": 171.0, "difference_1990_2010": -45.0, "difference_1990_2020": -77.0 }, "geometry": { "type": "Polygon", "coordinates": [ [ [ -90.539551897576587, 19.836518552998516 ], [ -90.534979423868293, 19.836518552998552 ], [ -90.534979423868293, 19.832386511286874 ], [ -90.539551897576587, 19.832386511286874 ], [ -90.539551897576587, 19.836518552998516 ] ] ] } },
{ "type": "Feature", "properties": { "difference_1990_2000": 189.0, "difference_1990_2010": 309.0, "difference_1990_2020": 552.0 }, "geometry": { "type": "Polygon", "coordinates": [ [ [ -90.539551897576587, 19.811727895140613 ], [ -90.534979423868293, 19.811727895140596 ], [ -90.534979423868293, 19.807596490187294 ], [ -90.539551897576587, 19.807596490187294 ], [ -90.539551897576587, 19.811727895140613 ] ] ] } },
{ "type": "Feature", "properties": { "difference_1990_2000": -57.0, "difference_1990_2010": 48.0, "difference_1990_2020": 306.0 }, "geometry": { "type": "Polygon", "coordinates": [ [ [ -90.539551897576587, 19.803465191257029 ], [ -90.534979423868293, 19.803465191257029 ], [ -90.534979423868293, 19.799333998320453 ], [ -90.539551897576587, 19.799333998320439 ], [ -90.539551897576587, 19.803465191257029 ] ] ] } },
{ "type": "Feature", "properties": { "difference_1990_2000": 107.0, "difference_1990_2010": 251.0, "difference_1990_2020": 464.0 }, "geometry": { "type": "Polygon", "coordinates": [ [ [ -90.539551897576587, 19.824122746434501 ], [ -90.534979423868293, 19.824122746434487 ], [ -90.534979423868293, 19.819991023234731 ], [ -90.539551897576587, 19.819991023234731 ], [ -90.539551897576587, 19.824122746434501 ] ] ] } },
{ "type": "Feature", "properties": { "difference_1990_2000": -311.0, "difference_1990_2010": -555.0, "difference_1990_2020": -557.0 }, "geometry": { "type": "Polygon", "coordinates": [ [ [ -90.539551897576587, 19.840650700939904 ], [ -90.534979423868293, 19.840650700939921 ], [ -90.534979423868293, 19.836518552998552 ], [ -90.539551897576587, 19.836518552998516 ], [ -90.539551897576587, 19.840650700939904 ] ] ] } },
{ "type": "Feature", "properties": { "difference_1990_2000": 335.0, "difference_1990_2010": 417.0, "difference_1990_2020": 606.0 }, "geometry": { "type": "Polygon", "coordinates": [ [ [ -90.539551897576587, 19.819991023234731 ], [ -90.534979423868293, 19.819991023234731 ], [ -90.534979423868293, 19.81585940614664 ], [ -90.539551897576587, 19.815859406146661 ], [ -90.539551897576587, 19.819991023234731 ] ] ] } },
{ "type": "Feature", "properties": { "difference_1990_2000": 10.0, "difference_1990_2010": 13.0, "difference_1990_2020": 2.0 }, "geometry": { "type": "Polygon", "coordinates": [ [ [ -90.539551897576587, 19.853047782437514 ], [ -90.534979423868293, 19.853047782437514 ], [ -90.534979423868293, 19.848915315629871 ], [ -90.539551897576587, 19.848915315629871 ], [ -90.539551897576587, 19.853047782437514 ] ] ] } },
{ "type": "Feature", "properties": { "difference_1990_2000": 296.0, "difference_1990_2010": 481.0, "difference_1990_2020": 661.0 }, "geometry": { "type": "Polygon", "coordinates": [ [ [ -90.539551897576587, 19.828254575775347 ], [ -90.534979423868293, 19.828254575775347 ], [ -90.534979423868293, 19.824122746434487 ], [ -90.539551897576587, 19.824122746434501 ], [ -90.539551897576587, 19.828254575775347 ] ] ] } },
{ "type": "Feature", "properties": { "difference_1990_2000": 1196.0, "difference_1990_2010": 1261.0, "difference_1990_2020": 1447.0 }, "geometry": { "type": "Polygon", "coordinates": [ [ [ -90.539551897576587, 19.815859406146661 ], [ -90.534979423868293, 19.81585940614664 ], [ -90.534979423868293, 19.811727895140596 ], [ -90.539551897576587, 19.811727895140613 ], [ -90.539551897576587, 19.815859406146661 ] ] ] } },
{ "type": "Feature", "properties": { "difference_1990_2000": 333.0, "difference_1990_2010": 317.0, "difference_1990_2020": 403.0 }, "geometry": { "type": "Polygon", "coordinates": [ [ [ -90.539551897576587, 19.832386511286874 ], [ -90.534979423868293, 19.832386511286874 ], [ -90.534979423868293, 19.828254575775347 ], [ -90.539551897576587, 19.828254575775347 ], [ -90.539551897576587, 19.832386511286874 ] ] ] } },
{ "type": "Feature", "properties": { "difference_1990_2000": -223.0, "difference_1990_2010": -435.0, "difference_1990_2020": -429.0 }, "geometry": { "type": "Polygon", "coordinates": [ [ [ -90.539551897576587, 19.844782955140506 ], [ -90.534979423868293, 19.844782955140474 ], [ -90.534979423868293, 19.840650700939921 ], [ -90.539551897576587, 19.840650700939904 ], [ -90.539551897576587, 19.844782955140506 ] ] ] } },
{ "type": "Feature", "properties": { "difference_1990_2000": 0.0, "difference_1990_2010": 0.0, "difference_1990_2020": 65.0 }, "geometry": { "type": "Polygon", "coordinates": [ [ [ -89.986282578875176, 19.489794461800692 ], [ -89.981710105166911, 19.489794461800692 ], [ -89.981710105166911, 19.485671238567409 ], [ -89.986282578875176, 19.485671238567409 ], [ -89.986282578875176, 19.489794461800692 ] ] ] } },
{ "type": "Feature", "properties": { "difference_1990_2000": 0.0, "difference_1990_2010": 0.0, "difference_1990_2020": 31.0 }, "geometry": { "type": "Polygon", "coordinates": [ [ [ -89.986282578875176, 19.485671238567409 ], [ -89.981710105166911, 19.485671238567409 ], [ -89.981710105166911, 19.481548119075441 ], [ -89.986282578875176, 19.481548119075441 ], [ -89.986282578875176, 19.485671238567409 ] ] ] } },
{ "type": "Feature", "properties": { "difference_1990_2000": -33.0, "difference_1990_2010": 29.0, "difference_1990_2020": 175.0 }, "geometry": { "type": "Polygon", "coordinates": [ [ [ -90.530406950160042, 19.807596490187294 ], [ -90.525834476451763, 19.807596490187311 ], [ -90.525834476451763, 19.803465191257065 ], [ -90.530406950160042, 19.803465191257029 ], [ -90.530406950160042, 19.807596490187294 ] ] ] } },
{ "type": "Feature", "properties": { "difference_1990_2000": -18.0, "difference_1990_2010": 17.0, "difference_1990_2020": 104.0 }, "geometry": { "type": "Polygon", "coordinates": [ [ [ -90.530406950160042, 19.799333998320453 ], [ -90.525834476451763, 19.799333998320453 ], [ -90.525834476451763, 19.795202911348053 ], [ -90.530406950160042, 19.795202911348053 ], [ -90.530406950160042, 19.799333998320453 ] ] ] } },
{ "type": "Feature", "properties": { "difference_1990_2000": 7.0, "difference_1990_2010": 7.0, "difference_1990_2020": 17.0 }, "geometry": { "type": "Polygon", "coordinates": [ [ [ -90.530406950160042, 19.865445821065823 ], [ -90.525834476451763, 19.865445821065823 ], [ -90.525834476451763, 19.861313035125942 ], [ -90.530406950160042, 19.861313035125942 ], [ -90.530406950160042, 19.865445821065823 ] ] ] } },
{ "type": "Feature", "properties": { "difference_1990_2000": -175.0, "difference_1990_2010": -427.0, "difference_1990_2020": -524.0 }, "geometry": { "type": "Polygon", "coordinates": [ [ [ -90.530406950160042, 19.848915315629871 ], [ -90.525834476451763, 19.848915315629906 ], [ -90.525834476451763, 19.844782955140506 ], [ -90.530406950160042, 19.844782955140506 ], [ -90.530406950160042, 19.848915315629871 ] ] ] } },
{ "type": "Feature", "properties": { "difference_1990_2000": 0.0, "difference_1990_2010": 0.0, "difference_1990_2020": 1.0 }, "geometry": { "type": "Polygon", "coordinates": [ [ [ -90.530406950160042, 19.869578713442259 ], [ -90.525834476451763, 19.869578713442259 ], [ -90.525834476451763, 19.865445821065823 ], [ -90.530406950160042, 19.865445821065823 ], [ -90.530406950160042, 19.869578713442259 ] ] ] } },
{ "type": "Feature", "properties": { "difference_1990_2000": 319.0, "difference_1990_2010": 259.0, "difference_1990_2020": 242.0 }, "geometry": { "type": "Polygon", "coordinates": [ [ [ -90.530406950160042, 19.836518552998552 ], [ -90.525834476451763, 19.836518552998569 ], [ -90.525834476451763, 19.832386511286888 ], [ -90.530406950160042, 19.832386511286888 ], [ -90.530406950160042, 19.836518552998552 ] ] ] } },
{ "type": "Feature", "properties": { "difference_1990_2000": 29.0, "difference_1990_2010": 63.0, "difference_1990_2020": 99.0 }, "geometry": { "type": "Polygon", "coordinates": [ [ [ -90.530406950160042, 19.811727895140649 ], [ -90.525834476451763, 19.811727895140649 ], [ -90.525834476451763, 19.807596490187311 ], [ -90.530406950160042, 19.807596490187294 ], [ -90.530406950160042, 19.811727895140649 ] ] ] } },
{ "type": "Feature", "properties": { "difference_1990_2000": -51.0, "difference_1990_2010": 44.0, "difference_1990_2020": 271.0 }, "geometry": { "type": "Polygon", "coordinates": [ [ [ -90.530406950160042, 19.803465191257029 ], [ -90.525834476451763, 19.803465191257065 ], [ -90.525834476451763, 19.799333998320453 ], [ -90.530406950160042, 19.799333998320453 ], [ -90.530406950160042, 19.803465191257029 ] ] ] } },
{ "type": "Feature", "properties": { "difference_1990_2000": 680.0, "difference_1990_2010": 444.0, "difference_1990_2020": 483.0 }, "geometry": { "type": "Polygon", "coordinates": [ [ [ -90.530406950160042, 19.824122746434501 ], [ -90.525834476451763, 19.824122746434501 ], [ -90.525834476451763, 19.819991023234731 ], [ -90.530406950160042, 19.819991023234756 ], [ -90.530406950160042, 19.824122746434501 ] ] ] } },
{ "type": "Feature", "properties": { "difference_1990_2000": 0.0, "difference_1990_2010": 0.0, "difference_1990_2020": 1.0 }, "geometry": { "type": "Polygon", "coordinates": [ [ [ -90.530406950160042, 19.791071930310384 ], [ -90.525834476451763, 19.791071930310402 ], [ -90.525834476451763, 19.786941055177905 ], [ -90.530406950160042, 19.786941055177905 ], [ -90.530406950160042, 19.791071930310384 ] ] ] } },
{ "type": "Feature", "properties": { "difference_1990_2000": 0.0, "difference_1990_2010": 0.0, "difference_1990_2020": 17.0 }, "geometry": { "type": "Polygon", "coordinates": [ [ [ -90.530406950160042, 19.795202911348053 ], [ -90.525834476451763, 19.795202911348053 ], [ -90.525834476451763, 19.791071930310402 ], [ -90.530406950160042, 19.791071930310384 ], [ -90.530406950160042, 19.795202911348053 ] ] ] } },
{ "type": "Feature", "properties": { "difference_1990_2000": 197.0, "difference_1990_2010": 24.0, "difference_1990_2020": 72.0 }, "geometry": { "type": "Polygon", "coordinates": [ [ [ -90.530406950160042, 19.840650700939953 ], [ -90.525834476451763, 19.840650700939953 ], [ -90.525834476451763, 19.836518552998569 ], [ -90.530406950160042, 19.836518552998552 ], [ -90.530406950160042, 19.840650700939953 ] ] ] } },
{ "type": "Feature", "properties": { "difference_1990_2000": -240.0, "difference_1990_2010": -233.0, "difference_1990_2020": -190.0 }, "geometry": { "type": "Polygon", "coordinates": [ [ [ -90.530406950160042, 19.819991023234756 ], [ -90.525834476451763, 19.819991023234731 ], [ -90.525834476451763, 19.81585940614664 ], [ -90.530406950160042, 19.81585940614664 ], [ -90.530406950160042, 19.819991023234756 ] ] ] } },
{ "type": "Feature", "properties": { "difference_1990_2000": -187.0, "difference_1990_2010": -323.0, "difference_1990_2020": -387.0 }, "geometry": { "type": "Polygon", "coordinates": [ [ [ -90.530406950160042, 19.853047782437514 ], [ -90.525834476451763, 19.853047782437514 ], [ -90.525834476451763, 19.848915315629906 ], [ -90.530406950160042, 19.848915315629871 ], [ -90.530406950160042, 19.853047782437514 ] ] ] } },
{ "type": "Feature", "properties": { "difference_1990_2000": -20.0, "difference_1990_2010": 24.0, "difference_1990_2020": 57.0 }, "geometry": { "type": "Polygon", "coordinates": [ [ [ -90.530406950160042, 19.81585940614664 ], [ -90.525834476451763, 19.81585940614664 ], [ -90.525834476451763, 19.811727895140649 ], [ -90.530406950160042, 19.811727895140649 ], [ -90.530406950160042, 19.81585940614664 ] ] ] } },
{ "type": "Feature", "properties": { "difference_1990_2000": 28.0, "difference_1990_2010": 36.0, "difference_1990_2020": 18.0 }, "geometry": { "type": "Polygon", "coordinates": [ [ [ -90.530406950160042, 19.857180355593002 ], [ -90.525834476451763, 19.857180355593002 ], [ -90.525834476451763, 19.853047782437514 ], [ -90.530406950160042, 19.853047782437514 ], [ -90.530406950160042, 19.857180355593002 ] ] ] } },
{ "type": "Feature", "properties": { "difference_1990_2000": 248.0, "difference_1990_2010": 259.0, "difference_1990_2020": 200.0 }, "geometry": { "type": "Polygon", "coordinates": [ [ [ -90.530406950160042, 19.828254575775365 ], [ -90.525834476451763, 19.828254575775347 ], [ -90.525834476451763, 19.824122746434501 ], [ -90.530406950160042, 19.824122746434501 ], [ -90.530406950160042, 19.828254575775365 ] ] ] } },
{ "type": "Feature", "properties": { "difference_1990_2000": 281.0, "difference_1990_2010": 350.0, "difference_1990_2020": 298.0 }, "geometry": { "type": "Polygon", "coordinates": [ [ [ -90.530406950160042, 19.832386511286888 ], [ -90.525834476451763, 19.832386511286888 ], [ -90.525834476451763, 19.828254575775347 ], [ -90.530406950160042, 19.828254575775365 ], [ -90.530406950160042, 19.832386511286888 ] ] ] } },
{ "type": "Feature", "properties": { "difference_1990_2000": -63.0, "difference_1990_2010": -241.0, "difference_1990_2020": -253.0 }, "geometry": { "type": "Polygon", "coordinates": [ [ [ -90.530406950160042, 19.844782955140506 ], [ -90.525834476451763, 19.844782955140506 ], [ -90.525834476451763, 19.840650700939953 ], [ -90.530406950160042, 19.840650700939953 ], [ -90.530406950160042, 19.844782955140506 ] ] ] } },
{ "type": "Feature", "properties": { "difference_1990_2000": -16.0, "difference_1990_2010": -37.0, "difference_1990_2020": 6.0 }, "geometry": { "type": "Polygon", "coordinates": [ [ [ -90.521262002743498, 19.861313035125942 ], [ -90.516689529035219, 19.861313035125942 ], [ -90.516689529035219, 19.857180355593002 ], [ -90.521262002743498, 19.857180355593002 ], [ -90.521262002743498, 19.861313035125942 ] ] ] } },
{ "type": "Feature", "properties": { "difference_1990_2000": 0.0, "difference_1990_2010": 0.0, "difference_1990_2020": 4.0 }, "geometry": { "type": "Polygon", "coordinates": [ [ [ -90.521262002743498, 19.807596490187294 ], [ -90.516689529035219, 19.807596490187294 ], [ -90.516689529035219, 19.803465191257065 ], [ -90.521262002743498, 19.803465191257065 ], [ -90.521262002743498, 19.807596490187294 ] ] ] } },
{ "type": "Feature", "properties": { "difference_1990_2000": 1.0, "difference_1990_2010": 0.0, "difference_1990_2020": 1.0 }, "geometry": { "type": "Polygon", "coordinates": [ [ [ -90.521262002743498, 19.865445821065823 ], [ -90.516689529035219, 19.865445821065823 ], [ -90.516689529035219, 19.861313035125942 ], [ -90.521262002743498, 19.861313035125942 ], [ -90.521262002743498, 19.865445821065823 ] ] ] } },
{ "type": "Feature", "properties": { "difference_1990_2000": 0.0, "difference_1990_2010": 0.0, "difference_1990_2020": 3.0 }, "geometry": { "type": "Polygon", "coordinates": [ [ [ -90.521262002743498, 19.799333998320488 ], [ -90.516689529035219, 19.799333998320439 ], [ -90.516689529035219, 19.795202911348053 ], [ -90.521262002743498, 19.795202911348053 ], [ -90.521262002743498, 19.799333998320488 ] ] ] } },
{ "type": "Feature", "properties": { "difference_1990_2000": -206.0, "difference_1990_2010": -511.0, "difference_1990_2020": -462.0 }, "geometry": { "type": "Polygon", "coordinates": [ [ [ -90.521262002743498, 19.848915315629871 ], [ -90.516689529035219, 19.848915315629871 ], [ -90.516689529035219, 19.844782955140506 ], [ -90.521262002743498, 19.844782955140506 ], [ -90.521262002743498, 19.848915315629871 ] ] ] } },
{ "type": "Feature", "properties": { "difference_1990_2000": -25.0, "difference_1990_2010": -43.0, "difference_1990_2020": 34.0 }, "geometry": { "type": "Polygon", "coordinates": [ [ [ -90.521262002743498, 19.836518552998516 ], [ -90.516689529035219, 19.836518552998552 ], [ -90.516689529035219, 19.832386511286874 ], [ -90.521262002743498, 19.832386511286874 ], [ -90.521262002743498, 19.836518552998516 ] ] ] } },
{ "type": "Feature", "properties": { "difference_1990_2000": 0.0, "difference_1990_2010": 5.0, "difference_1990_2020": 6.0 }, "geometry": { "type": "Polygon", "coordinates": [ [ [ -90.521262002743498, 19.811727895140596 ], [ -90.516689529035219, 19.811727895140613 ], [ -90.516689529035219, 19.807596490187294 ], [ -90.521262002743498, 19.807596490187294 ], [ -90.521262002743498, 19.811727895140596 ] ] ] } },
{ "type": "Feature", "properties": { "difference_1990_2000": 0.0, "difference_1990_2010": 0.0, "difference_1990_2020": 4.0 }, "geometry": { "type": "Polygon", "coordinates": [ [ [ -90.521262002743498, 19.803465191257065 ], [ -90.516689529035219, 19.803465191257065 ], [ -90.516689529035219, 19.799333998320439 ], [ -90.521262002743498, 19.799333998320488 ], [ -90.521262002743498, 19.803465191257065 ] ] ] } },
{ "type": "Feature", "properties": { "difference_1990_2000": 453.0, "difference_1990_2010": 1470.0, "difference_1990_2020": 1673.0 }, "geometry": { "type": "Polygon", "coordinates": [ [ [ -90.521262002743498, 19.824122746434501 ], [ -90.516689529035219, 19.824122746434487 ], [ -90.516689529035219, 19.819991023234731 ], [ -90.521262002743498, 19.819991023234696 ], [ -90.521262002743498, 19.824122746434501 ] ] ] } },
{ "type": "Feature", "properties": { "difference_1990_2000": 355.0, "difference_1990_2010": 656.0, "difference_1990_2020": 779.0 }, "geometry": { "type": "Polygon", "coordinates": [ [ [ -90.521262002743498, 19.819991023234696 ], [ -90.516689529035219, 19.819991023234731 ], [ -90.516689529035219, 19.81585940614664 ], [ -90.521262002743498, 19.81585940614664 ], [ -90.521262002743498, 19.819991023234696 ] ] ] } },
{ "type": "Feature", "properties": { "difference_1990_2000": -209.0, "difference_1990_2010": -280.0, "difference_1990_2020": -198.0 }, "geometry": { "type": "Polygon", "coordinates": [ [ [ -90.521262002743498, 19.840650700939921 ], [ -90.516689529035219, 19.840650700939921 ], [ -90.516689529035219, 19.836518552998552 ], [ -90.521262002743498, 19.836518552998516 ], [ -90.521262002743498, 19.840650700939921 ] ] ] } },
{ "type": "Feature", "properties": { "difference_1990_2000": -316.0, "difference_1990_2010": -589.0, "difference_1990_2020": -480.0 }, "geometry": { "type": "Polygon", "coordinates": [ [ [ -90.521262002743498, 19.853047782437514 ], [ -90.516689529035219, 19.853047782437514 ], [ -90.516689529035219, 19.848915315629871 ], [ -90.521262002743498, 19.848915315629871 ], [ -90.521262002743498, 19.853047782437514 ] ] ] } },
{ "type": "Feature", "properties": { "difference_1990_2000": 31.0, "difference_1990_2010": 161.0, "difference_1990_2020": 104.0 }, "geometry": { "type": "Polygon", "coordinates": [ [ [ -90.521262002743498, 19.81585940614664 ], [ -90.516689529035219, 19.81585940614664 ], [ -90.516689529035219, 19.811727895140613 ], [ -90.521262002743498, 19.811727895140596 ], [ -90.521262002743498, 19.81585940614664 ] ] ] } },
{ "type": "Feature", "properties": { "difference_1990_2000": -258.0, "difference_1990_2010": -473.0, "difference_1990_2020": -359.0 }, "geometry": { "type": "Polygon", "coordinates": [ [ [ -90.521262002743498, 19.857180355593002 ], [ -90.516689529035219, 19.857180355593002 ], [ -90.516689529035219, 19.853047782437514 ], [ -90.521262002743498, 19.853047782437514 ], [ -90.521262002743498, 19.857180355593002 ] ] ] } },
{ "type": "Feature", "properties": { "difference_1990_2000": 465.0, "difference_1990_2010": 684.0, "difference_1990_2020": 1035.0 }, "geometry": { "type": "Polygon", "coordinates": [ [ [ -90.521262002743498, 19.828254575775347 ], [ -90.516689529035219, 19.828254575775347 ], [ -90.516689529035219, 19.824122746434487 ], [ -90.521262002743498, 19.824122746434501 ], [ -90.521262002743498, 19.828254575775347 ] ] ] } },
{ "type": "Feature", "properties": { "difference_1990_2000": 262.0, "difference_1990_2010": 313.0, "difference_1990_2020": 492.0 }, "geometry": { "type": "Polygon", "coordinates": [ [ [ -90.521262002743498, 19.832386511286874 ], [ -90.516689529035219, 19.832386511286874 ], [ -90.516689529035219, 19.828254575775347 ], [ -90.521262002743498, 19.828254575775347 ], [ -90.521262002743498, 19.832386511286874 ] ] ] } },
{ "type": "Feature", "properties": { "difference_1990_2000": -285.0, "difference_1990_2010": -418.0, "difference_1990_2020": -337.0 }, "geometry": { "type": "Polygon", "coordinates": [ [ [ -90.521262002743498, 19.844782955140506 ], [ -90.516689529035219, 19.844782955140506 ], [ -90.516689529035219, 19.840650700939921 ], [ -90.521262002743498, 19.840650700939921 ], [ -90.521262002743498, 19.844782955140506 ] ] ] } },
{ "type": "Feature", "properties": { "difference_1990_2000": -233.0, "difference_1990_2010": -146.0, "difference_1990_2020": -58.0 }, "geometry": { "type": "Polygon", "coordinates": [ [ [ -90.512117055326954, 19.861313035125942 ], [ -90.507544581618674, 19.861313035125942 ], [ -90.507544581618674, 19.857180355593002 ], [ -90.512117055326954, 19.857180355593002 ], [ -90.512117055326954, 19.861313035125942 ] ] ] } },
{ "type": "Feature", "properties": { "difference_1990_2000": 0.0, "difference_1990_2010": 12.0, "difference_1990_2020": 9.0 }, "geometry": { "type": "Polygon", "coordinates": [ [ [ -90.512117055326954, 19.807596490187294 ], [ -90.507544581618674, 19.807596490187258 ], [ -90.507544581618674, 19.803465191257029 ], [ -90.512117055326954, 19.803465191257015 ], [ -90.512117055326954, 19.807596490187294 ] ] ] } },
{ "type": "Feature", "properties": { "difference_1990_2000": 0.0, "difference_1990_2010": 12.0, "difference_1990_2020": 9.0 }, "geometry": { "type": "Polygon", "coordinates": [ [ [ -90.512117055326954, 19.799333998320453 ], [ -90.507544581618674, 19.799333998320453 ], [ -90.507544581618674, 19.795202911348035 ], [ -90.512117055326954, 19.795202911348035 ], [ -90.512117055326954, 19.799333998320453 ] ] ] } },
{ "type": "Feature", "properties": { "difference_1990_2000": 195.0, "difference_1990_2010": 243.0, "difference_1990_2020": 21.0 }, "geometry": { "type": "Polygon", "coordinates": [ [ [ -90.512117055326954, 19.865445821065823 ], [ -90.507544581618674, 19.865445821065823 ], [ -90.507544581618674, 19.861313035125942 ], [ -90.512117055326954, 19.861313035125942 ], [ -90.512117055326954, 19.865445821065823 ] ] ] } },
{ "type": "Feature", "properties": { "difference_1990_2000": -142.0, "difference_1990_2010": -264.0, "difference_1990_2020": -249.0 }, "geometry": { "type": "Polygon", "coordinates": [ [ [ -90.512117055326954, 19.848915315629871 ], [ -90.507544581618674, 19.848915315629906 ], [ -90.507544581618674, 19.844782955140506 ], [ -90.512117055326954, 19.844782955140506 ], [ -90.512117055326954, 19.848915315629871 ] ] ] } },
{ "type": "Feature", "properties": { "difference_1990_2000": 0.0, "difference_1990_2010": 12.0, "difference_1990_2020": 9.0 }, "geometry": { "type": "Polygon", "coordinates": [ [ [ -90.512117055326954, 19.811727895140613 ], [ -90.507544581618674, 19.811727895140596 ], [ -90.507544581618674, 19.807596490187258 ], [ -90.512117055326954, 19.807596490187294 ], [ -90.512117055326954, 19.811727895140613 ] ] ] } },
{ "type": "Feature", "properties": { "difference_1990_2000": 14.0, "difference_1990_2010": 23.0, "difference_1990_2020": -5.0 }, "geometry": { "type": "Polygon", "coordinates": [ [ [ -90.512117055326954, 19.869578713442259 ], [ -90.507544581618674, 19.869578713442259 ], [ -90.507544581618674, 19.865445821065823 ], [ -90.512117055326954, 19.865445821065823 ], [ -90.512117055326954, 19.869578713442259 ] ] ] } },
{ "type": "Feature", "properties": { "difference_1990_2000": -55.0, "difference_1990_2010": -44.0, "difference_1990_2020": -18.0 }, "geometry": { "type": "Polygon", "coordinates": [ [ [ -90.512117055326954, 19.836518552998552 ], [ -90.507544581618674, 19.836518552998569 ], [ -90.507544581618674, 19.832386511286874 ], [ -90.512117055326954, 19.832386511286874 ], [ -90.512117055326954, 19.836518552998552 ] ] ] } },
{ "type": "Feature", "properties": { "difference_1990_2000": 0.0, "difference_1990_2010": 12.0, "difference_1990_2020": 9.0 }, "geometry": { "type": "Polygon", "coordinates": [ [ [ -90.512117055326954, 19.803465191257015 ], [ -90.507544581618674, 19.803465191257029 ], [ -90.507544581618674, 19.799333998320453 ], [ -90.512117055326954, 19.799333998320453 ], [ -90.512117055326954, 19.803465191257015 ] ] ] } },
{ "type": "Feature", "properties": { "difference_1990_2000": 171.0, "difference_1990_2010": 299.0, "difference_1990_2020": 521.0 }, "geometry": { "type": "Polygon", "coordinates": [ [ [ -90.512117055326954, 19.824122746434501 ], [ -90.507544581618674, 19.824122746434501 ], [ -90.507544581618674, 19.819991023234731 ], [ -90.512117055326954, 19.819991023234696 ], [ -90.512117055326954, 19.824122746434501 ] ] ] } },
{ "type": "Feature", "properties": { "difference_1990_2000": 217.0, "difference_1990_2010": 380.0, "difference_1990_2020": 669.0 }, "geometry": { "type": "Polygon", "coordinates": [ [ [ -90.512117055326954, 19.819991023234696 ], [ -90.507544581618674, 19.819991023234731 ], [ -90.507544581618674, 19.815859406146604 ], [ -90.512117055326954, 19.81585940614664 ], [ -90.512117055326954, 19.819991023234696 ] ] ] } },
{ "type": "Feature", "properties": { "difference_1990_2000": 242.0, "difference_1990_2010": 148.0, "difference_1990_2020": 161.0 }, "geometry": { "type": "Polygon", "coordinates": [ [ [ -90.512117055326954, 19.840650700939921 ], [ -90.507544581618674, 19.840650700939904 ], [ -90.507544581618674, 19.836518552998569 ], [ -90.512117055326954, 19.836518552998552 ], [ -90.512117055326954, 19.840650700939921 ] ] ] } },
{ "type": "Feature", "properties": { "difference_1990_2000": 0.0, "difference_1990_2010": 2.0, "difference_1990_2020": 1.0 }, "geometry": { "type": "Polygon", "coordinates": [ [ [ -90.512117055326954, 19.795202911348035 ], [ -90.507544581618674, 19.795202911348035 ], [ -90.507544581618674, 19.791071930310348 ], [ -90.512117055326954, 19.791071930310384 ], [ -90.512117055326954, 19.795202911348035 ] ] ] } },
{ "type": "Feature", "properties": { "difference_1990_2000": 406.0, "difference_1990_2010": 502.0, "difference_1990_2020": 679.0 }, "geometry": { "type": "Polygon", "coordinates": [ [ [ -90.512117055326954, 19.853047782437514 ], [ -90.507544581618674, 19.853047782437514 ], [ -90.507544581618674, 19.848915315629906 ], [ -90.512117055326954, 19.848915315629871 ], [ -90.512117055326954, 19.853047782437514 ] ] ] } },
{ "type": "Feature", "properties": { "difference_1990_2000": 128.0, "difference_1990_2010": 228.0, "difference_1990_2020": 396.0 }, "geometry": { "type": "Polygon", "coordinates": [ [ [ -90.512117055326954, 19.81585940614664 ], [ -90.507544581618674, 19.815859406146604 ], [ -90.507544581618674, 19.811727895140596 ], [ -90.512117055326954, 19.811727895140613 ], [ -90.512117055326954, 19.81585940614664 ] ] ] } },
{ "type": "Feature", "properties": { "difference_1990_2000": 7.0, "difference_1990_2010": 91.0, "difference_1990_2020": 307.0 }, "geometry": { "type": "Polygon", "coordinates": [ [ [ -90.512117055326954, 19.857180355593002 ], [ -90.507544581618674, 19.857180355593002 ], [ -90.507544581618674, 19.853047782437514 ], [ -90.512117055326954, 19.853047782437514 ], [ -90.512117055326954, 19.857180355593002 ] ] ] } },
{ "type": "Feature", "properties": { "difference_1990_2000": 123.0, "difference_1990_2010": 216.0, "difference_1990_2020": 371.0 }, "geometry": { "type": "Polygon", "coordinates": [ [ [ -90.512117055326954, 19.828254575775347 ], [ -90.507544581618674, 19.828254575775347 ], [ -90.507544581618674, 19.824122746434501 ], [ -90.512117055326954, 19.824122746434501 ], [ -90.512117055326954, 19.828254575775347 ] ] ] } },
{ "type": "Feature", "properties": { "difference_1990_2000": 72.0, "difference_1990_2010": 129.0, "difference_1990_2020": 201.0 }, "geometry": { "type": "Polygon", "coordinates": [ [ [ -90.512117055326954, 19.832386511286874 ], [ -90.507544581618674, 19.832386511286874 ], [ -90.507544581618674, 19.828254575775347 ], [ -90.512117055326954, 19.828254575775347 ], [ -90.512117055326954, 19.832386511286874 ] ] ] } },
{ "type": "Feature", "properties": { "difference_1990_2000": 88.0, "difference_1990_2010": -39.0, "difference_1990_2020": -29.0 }, "geometry": { "type": "Polygon", "coordinates": [ [ [ -90.512117055326954, 19.844782955140506 ], [ -90.507544581618674, 19.844782955140506 ], [ -90.507544581618674, 19.840650700939904 ], [ -90.512117055326954, 19.840650700939921 ], [ -90.512117055326954, 19.844782955140506 ] ] ] } },
{ "type": "Feature", "properties": { "difference_1990_2000": 20.0, "difference_1990_2010": 37.0, "difference_1990_2020": 48.0 }, "geometry": { "type": "Polygon", "coordinates": [ [ [ -90.502972107910381, 19.799333998320439 ], [ -90.498399634202102, 19.799333998320453 ], [ -90.498399634202102, 19.795202911348053 ], [ -90.502972107910381, 19.795202911348085 ], [ -90.502972107910381, 19.799333998320439 ] ] ] } },
{ "type": "Feature", "properties": { "difference_1990_2000": -44.0, "difference_1990_2010": 28.0, "difference_1990_2020": 76.0 }, "geometry": { "type": "Polygon", "coordinates": [ [ [ -90.502972107910381, 19.770418613111367 ], [ -90.498399634202102, 19.770418613111314 ], [ -90.498399634202102, 19.766288267063249 ], [ -90.502972107910381, 19.766288267063285 ], [ -90.502972107910381, 19.770418613111367 ] ] ] } },
{ "type": "Feature", "properties": { "difference_1990_2000": 194.0, "difference_1990_2010": 827.0, "difference_1990_2020": 1071.0 }, "geometry": { "type": "Polygon", "coordinates": [ [ [ -90.502972107910381, 19.861313035125942 ], [ -90.498399634202102, 19.861313035125942 ], [ -90.498399634202102, 19.857180355593002 ], [ -90.502972107910381, 19.85718035559297 ], [ -90.502972107910381, 19.861313035125942 ] ] ] } },
{ "type": "Feature", "properties": { "difference_1990_2000": 22.0, "difference_1990_2010": 40.0, "difference_1990_2020": 51.0 }, "geometry": { "type": "Polygon", "coordinates": [ [ [ -90.502972107910381, 19.807596490187294 ], [ -90.498399634202102, 19.807596490187294 ], [ -90.498399634202102, 19.803465191257029 ], [ -90.502972107910381, 19.803465191257029 ], [ -90.502972107910381, 19.807596490187294 ] ] ] } },
{ "type": "Feature", "properties": { "difference_1990_2000": 127.0, "difference_1990_2010": 247.0, "difference_1990_2020": 174.0 }, "geometry": { "type": "Polygon", "coordinates": [ [ [ -90.502972107910381, 19.782810285921204 ], [ -90.498399634202102, 19.78281028592119 ], [ -90.498399634202102, 19.778679622510854 ], [ -90.502972107910381, 19.778679622510854 ], [ -90.502972107910381, 19.782810285921204 ] ] ] } },
{ "type": "Feature", "properties": { "difference_1990_2000": 318.0, "difference_1990_2010": 732.0, "difference_1990_2020": 1270.0 }, "geometry": { "type": "Polygon", "coordinates": [ [ [ -90.502972107910381, 19.865445821065823 ], [ -90.498399634202102, 19.865445821065805 ], [ -90.498399634202102, 19.861313035125942 ], [ -90.502972107910381, 19.861313035125942 ], [ -90.502972107910381, 19.865445821065823 ] ] ] } },
{ "type": "Feature", "properties": { "difference_1990_2000": -55.0, "difference_1990_2010": -68.0, "difference_1990_2020": -34.0 }, "geometry": { "type": "Polygon", "coordinates": [ [ [ -90.502972107910381, 19.848915315629871 ], [ -90.498399634202102, 19.848915315629871 ], [ -90.498399634202102, 19.844782955140506 ], [ -90.502972107910381, 19.844782955140506 ], [ -90.502972107910381, 19.848915315629871 ] ] ] } },
{ "type": "Feature", "properties": { "difference_1990_2000": 22.0, "difference_1990_2010": 40.0, "difference_1990_2020": 51.0 }, "geometry": { "type": "Polygon", "coordinates": [ [ [ -90.502972107910381, 19.811727895140596 ], [ -90.498399634202102, 19.811727895140596 ], [ -90.498399634202102, 19.807596490187294 ], [ -90.502972107910381, 19.807596490187294 ], [ -90.502972107910381, 19.811727895140596 ] ] ] } },
{ "type": "Feature", "properties": { "difference_1990_2000": 6.0, "difference_1990_2010": 1.0, "difference_1990_2020": -1.0 }, "geometry": { "type": "Polygon", "coordinates": [ [ [ -90.502972107910381, 19.873711712284827 ], [ -90.498399634202102, 19.873711712284791 ], [ -90.498399634202102, 19.869578713442259 ], [ -90.502972107910381, 19.869578713442259 ], [ -90.502972107910381, 19.873711712284827 ] ] ] } },
{ "type": "Feature", "properties": { "difference_1990_2000": 205.0, "difference_1990_2010": 316.0, "difference_1990_2020": 536.0 }, "geometry": { "type": "Polygon", "coordinates": [ [ [ -90.502972107910381, 19.869578713442259 ], [ -90.498399634202102, 19.869578713442259 ], [ -90.498399634202102, 19.865445821065805 ], [ -90.502972107910381, 19.865445821065823 ], [ -90.502972107910381, 19.869578713442259 ] ] ] } },
{ "type": "Feature", "properties": { "difference_1990_2000": 553.0, "difference_1990_2010": 1217.0, "difference_1990_2020": 1298.0 }, "geometry": { "type": "Polygon", "coordinates": [ [ [ -90.502972107910381, 19.836518552998552 ], [ -90.498399634202102, 19.836518552998516 ], [ -90.498399634202102, 19.832386511286874 ], [ -90.502972107910381, 19.832386511286888 ], [ -90.502972107910381, 19.836518552998552 ] ] ] } },
{ "type": "Feature", "properties": { "difference_1990_2000": 22.0, "difference_1990_2010": 40.0, "difference_1990_2020": 51.0 }, "geometry": { "type": "Polygon", "coordinates": [ [ [ -90.502972107910381, 19.803465191257029 ], [ -90.498399634202102, 19.803465191257029 ], [ -90.498399634202102, 19.799333998320453 ], [ -90.502972107910381, 19.799333998320439 ], [ -90.502972107910381, 19.803465191257029 ] ] ] } },
{ "type": "Feature", "properties": { "difference_1990_2000": -48.0, "difference_1990_2010": 19.0, "difference_1990_2020": 68.0 }, "geometry": { "type": "Polygon", "coordinates": [ [ [ -90.502972107910381, 19.766288267063285 ], [ -90.498399634202102, 19.766288267063249 ], [ -90.498399634202102, 19.762158026743801 ], [ -90.502972107910381, 19.762158026743801 ], [ -90.502972107910381, 19.766288267063285 ] ] ] } },
{ "type": "Feature", "properties": { "difference_1990_2000": 145.0, "difference_1990_2010": 31.0, "difference_1990_2020": 199.0 }, "geometry": { "type": "Polygon", "coordinates": [ [ [ -90.502972107910381, 19.786941055177891 ], [ -90.498399634202102, 19.786941055177856 ], [ -90.498399634202102, 19.78281028592119 ], [ -90.502972107910381, 19.782810285921204 ], [ -90.502972107910381, 19.786941055177891 ] ] ] } },
{ "type": "Feature", "properties": { "difference_1990_2000": 21.0, "difference_1990_2010": 83.0, "difference_1990_2020": 96.0 }, "geometry": { "type": "Polygon", "coordinates": [ [ [ -90.502972107910381, 19.824122746434501 ], [ -90.498399634202102, 19.824122746434501 ], [ -90.498399634202102, 19.819991023234731 ], [ -90.502972107910381, 19.819991023234731 ], [ -90.502972107910381, 19.824122746434501 ] ] ] } },
{ "type": "Feature", "properties": { "difference_1990_2000": 43.0, "difference_1990_2010": 0.0, "difference_1990_2020": 59.0 }, "geometry": { "type": "Polygon", "coordinates": [ [ [ -90.502972107910381, 19.791071930310384 ], [ -90.498399634202102, 19.791071930310384 ], [ -90.498399634202102, 19.786941055177905 ], [ -90.502972107910381, 19.786941055177905 ], [ -90.502972107910381, 19.791071930310384 ] ] ] } },
{ "type": "Feature", "properties": { "difference_1990_2000": 473.0, "difference_1990_2010": 425.0, "difference_1990_2020": 432.0 }, "geometry": { "type": "Polygon", "coordinates": [ [ [ -90.502972107910381, 19.840650700939921 ], [ -90.498399634202102, 19.840650700939921 ], [ -90.498399634202102, 19.836518552998516 ], [ -90.502972107910381, 19.836518552998552 ], [ -90.502972107910381, 19.840650700939921 ] ] ] } },
{ "type": "Feature", "properties": { "difference_1990_2000": 22.0, "difference_1990_2010": 40.0, "difference_1990_2020": 51.0 }, "geometry": { "type": "Polygon", "coordinates": [ [ [ -90.502972107910381, 19.819991023234731 ], [ -90.498399634202102, 19.819991023234731 ], [ -90.498399634202102, 19.81585940614664 ], [ -90.502972107910381, 19.815859406146661 ], [ -90.502972107910381, 19.819991023234731 ] ] ] } },
{ "type": "Feature", "properties": { "difference_1990_2000": 10.0, "difference_1990_2010": 19.0, "difference_1990_2020": 24.0 }, "geometry": { "type": "Polygon", "coordinates": [ [ [ -90.502972107910381, 19.795202911348085 ], [ -90.498399634202102, 19.795202911348053 ], [ -90.498399634202102, 19.791071930310384 ], [ -90.502972107910381, 19.791071930310384 ], [ -90.502972107910381, 19.795202911348085 ] ] ] } },
{ "type": "Feature", "properties": { "difference_1990_2000": 149.0, "difference_1990_2010": 546.0, "difference_1990_2020": 791.0 }, "geometry": { "type": "Polygon", "coordinates": [ [ [ -90.502972107910381, 19.853047782437514 ], [ -90.498399634202102, 19.853047782437514 ], [ -90.498399634202102, 19.848915315629871 ], [ -90.502972107910381, 19.848915315629871 ], [ -90.502972107910381, 19.853047782437514 ] ] ] } },
{ "type": "Feature", "properties": { "difference_1990_2000": -32.0, "difference_1990_2010": 11.0, "difference_1990_2020": 45.0 }, "geometry": { "type": "Polygon", "coordinates": [ [ [ -90.502972107910381, 19.762158026743801 ], [ -90.498399634202102, 19.762158026743801 ], [ -90.498399634202102, 19.758027892123472 ], [ -90.502972107910381, 19.758027892123472 ], [ -90.502972107910381, 19.762158026743801 ] ] ] } },
{ "type": "Feature", "properties": { "difference_1990_2000": 504.0, "difference_1990_2010": 952.0, "difference_1990_2020": 1334.0 }, "geometry": { "type": "Polygon", "coordinates": [ [ [ -90.502972107910381, 19.85718035559297 ], [ -90.498399634202102, 19.857180355593002 ], [ -90.498399634202102, 19.853047782437514 ], [ -90.502972107910381, 19.853047782437514 ], [ -90.502972107910381, 19.85718035559297 ] ] ] } },
{ "type": "Feature", "properties": { "difference_1990_2000": 176.0, "difference_1990_2010": 310.0, "difference_1990_2020": 248.0 }, "geometry": { "type": "Polygon", "coordinates": [ [ [ -90.502972107910381, 19.774549064917363 ], [ -90.498399634202102, 19.774549064917363 ], [ -90.498399634202102, 19.7704186131113 ], [ -90.502972107910381, 19.770418613111314 ], [ -90.502972107910381, 19.774549064917363 ] ] ] } },
{ "type": "Feature", "properties": { "difference_1990_2000": 22.0, "difference_1990_2010": 40.0, "difference_1990_2020": 51.0 }, "geometry": { "type": "Polygon", "coordinates": [ [ [ -90.502972107910381, 19.815859406146661 ], [ -90.498399634202102, 19.81585940614664 ], [ -90.498399634202102, 19.811727895140596 ], [ -90.502972107910381, 19.811727895140596 ], [ -90.502972107910381, 19.815859406146661 ] ] ] } },
{ "type": "Feature", "properties": { "difference_1990_2000": 18.0, "difference_1990_2010": 182.0, "difference_1990_2020": 197.0 }, "geometry": { "type": "Polygon", "coordinates": [ [ [ -90.502972107910381, 19.828254575775365 ], [ -90.498399634202102, 19.828254575775347 ], [ -90.498399634202102, 19.824122746434501 ], [ -90.502972107910381, 19.824122746434501 ], [ -90.502972107910381, 19.828254575775365 ] ] ] } },
{ "type": "Feature", "properties": { "difference_1990_2000": 247.0, "difference_1990_2010": 712.0, "difference_1990_2020": 766.0 }, "geometry": { "type": "Polygon", "coordinates": [ [ [ -90.502972107910381, 19.832386511286888 ], [ -90.498399634202102, 19.832386511286874 ], [ -90.498399634202102, 19.828254575775347 ], [ -90.502972107910381, 19.828254575775365 ], [ -90.502972107910381, 19.832386511286888 ] ] ] } },
{ "type": "Feature", "properties": { "difference_1990_2000": 136.0, "difference_1990_2010": 232.0, "difference_1990_2020": 187.0 }, "geometry": { "type": "Polygon", "coordinates": [ [ [ -90.502972107910381, 19.778679622510854 ], [ -90.498399634202102, 19.778679622510854 ], [ -90.498399634202102, 19.774549064917363 ], [ -90.502972107910381, 19.774549064917363 ], [ -90.502972107910381, 19.778679622510854 ] ] ] } },
{ "type": "Feature", "properties": { "difference_1990_2000": -249.0, "difference_1990_2010": -317.0, "difference_1990_2020": -328.0 }, "geometry": { "type": "Polygon", "coordinates": [ [ [ -90.502972107910381, 19.844782955140506 ], [ -90.498399634202102, 19.844782955140506 ], [ -90.498399634202102, 19.840650700939921 ], [ -90.502972107910381, 19.840650700939921 ], [ -90.502972107910381, 19.844782955140506 ] ] ] } },
{ "type": "Feature", "properties": { "difference_1990_2000": -46.0, "difference_1990_2010": 18.0, "difference_1990_2020": 113.0 }, "geometry": { "type": "Polygon", "coordinates": [ [ [ -90.493827160493836, 19.770418613111367 ], [ -90.489254686785557, 19.770418613111332 ], [ -90.489254686785557, 19.766288267063285 ], [ -90.493827160493836, 19.766288267063285 ], [ -90.493827160493836, 19.770418613111367 ] ] ] } },
{ "type": "Feature", "properties": { "difference_1990_2000": 550.0, "difference_1990_2010": 1327.0, "difference_1990_2020": 1487.0 }, "geometry": { "type": "Polygon", "coordinates": [ [ [ -90.493827160493836, 19.861313035125942 ], [ -90.489254686785557, 19.861313035125942 ], [ -90.489254686785557, 19.857180355593002 ], [ -90.493827160493836, 19.857180355593002 ], [ -90.493827160493836, 19.861313035125942 ] ] ] } },
{ "type": "Feature", "properties": { "difference_1990_2000": 7.0, "difference_1990_2010": 726.0, "difference_1990_2020": 786.0 }, "geometry": { "type": "Polygon", "coordinates": [ [ [ -90.493827160493836, 19.807596490187294 ], [ -90.489254686785557, 19.807596490187294 ], [ -90.489254686785557, 19.803465191257029 ], [ -90.493827160493836, 19.803465191257029 ], [ -90.493827160493836, 19.807596490187294 ] ] ] } },
{ "type": "Feature", "properties": { "difference_1990_2000": 1028.0, "difference_1990_2010": 1726.0, "difference_1990_2020": 1800.0 }, "geometry": { "type": "Polygon", "coordinates": [ [ [ -90.493827160493836, 19.865445821065823 ], [ -90.489254686785557, 19.865445821065823 ], [ -90.489254686785557, 19.861313035125942 ], [ -90.493827160493836, 19.861313035125942 ], [ -90.493827160493836, 19.865445821065823 ] ] ] } },
{ "type": "Feature", "properties": { "difference_1990_2000": 13.0, "difference_1990_2010": 354.0, "difference_1990_2020": 374.0 }, "geometry": { "type": "Polygon", "coordinates": [ [ [ -90.493827160493836, 19.799333998320488 ], [ -90.489254686785557, 19.799333998320439 ], [ -90.489254686785557, 19.795202911348053 ], [ -90.493827160493836, 19.795202911348085 ], [ -90.493827160493836, 19.799333998320488 ] ] ] } },
{ "type": "Feature", "properties": { "difference_1990_2000": 1983.0, "difference_1990_2010": 1788.0, "difference_1990_2020": 1795.0 }, "geometry": { "type": "Polygon", "coordinates": [ [ [ -90.493827160493836, 19.873711712284791 ], [ -90.489254686785557, 19.873711712284791 ], [ -90.489254686785557, 19.869578713442259 ], [ -90.493827160493836, 19.869578713442259 ], [ -90.493827160493836, 19.873711712284791 ] ] ] } },
{ "type": "Feature", "properties": { "difference_1990_2000": 930.0, "difference_1990_2010": 1311.0, "difference_1990_2020": 1362.0 }, "geometry": { "type": "Polygon", "coordinates": [ [ [ -90.493827160493836, 19.848915315629906 ], [ -90.489254686785557, 19.848915315629871 ], [ -90.489254686785557, 19.844782955140506 ], [ -90.493827160493836, 19.844782955140523 ], [ -90.493827160493836, 19.848915315629906 ] ] ] } },
{ "type": "Feature", "properties": { "difference_1990_2000": 3.0, "difference_1990_2010": 856.0, "difference_1990_2020": 1046.0 }, "geometry": { "type": "Polygon", "coordinates": [ [ [ -90.493827160493836, 19.811727895140613 ], [ -90.489254686785557, 19.811727895140613 ], [ -90.489254686785557, 19.807596490187294 ], [ -90.493827160493836, 19.807596490187294 ], [ -90.493827160493836, 19.811727895140613 ] ] ] } },
{ "type": "Feature", "properties": { "difference_1990_2000": 3192.0, "difference_1990_2010": 3000.0, "difference_1990_2020": 3045.0 }, "geometry": { "type": "Polygon", "coordinates": [ [ [ -90.493827160493836, 19.869578713442259 ], [ -90.489254686785557, 19.869578713442259 ], [ -90.489254686785557, 19.865445821065823 ], [ -90.493827160493836, 19.865445821065823 ], [ -90.493827160493836, 19.869578713442259 ] ] ] } },
{ "type": "Feature", "properties": { "difference_1990_2000": 660.0, "difference_1990_2010": 753.0, "difference_1990_2020": 774.0 }, "geometry": { "type": "Polygon", "coordinates": [ [ [ -90.493827160493836, 19.836518552998552 ], [ -90.489254686785557, 19.836518552998552 ], [ -90.489254686785557, 19.832386511286888 ], [ -90.493827160493836, 19.832386511286888 ], [ -90.493827160493836, 19.836518552998552 ] ] ] } },
{ "type": "Feature", "properties": { "difference_1990_2000": -7.0, "difference_1990_2010": 4.0, "difference_1990_2020": 10.0 }, "geometry": { "type": "Polygon", "coordinates": [ [ [ -90.493827160493836, 19.758027892123472 ], [ -90.489254686785557, 19.758027892123472 ], [ -90.489254686785557, 19.753897863172902 ], [ -90.493827160493836, 19.753897863172885 ], [ -90.493827160493836, 19.758027892123472 ] ] ] } },
{ "type": "Feature", "properties": { "difference_1990_2000": 10.0, "difference_1990_2010": 527.0, "difference_1990_2020": 560.0 }, "geometry": { "type": "Polygon", "coordinates": [ [ [ -90.493827160493836, 19.803465191257029 ], [ -90.489254686785557, 19.803465191257029 ], [ -90.489254686785557, 19.799333998320439 ], [ -90.493827160493836, 19.799333998320488 ], [ -90.493827160493836, 19.803465191257029 ] ] ] } },
{ "type": "Feature", "properties": { "difference_1990_2000": -51.0, "difference_1990_2010": 17.0, "difference_1990_2020": 121.0 }, "geometry": { "type": "Polygon", "coordinates": [ [ [ -90.493827160493836, 19.766288267063285 ], [ -90.489254686785557, 19.766288267063285 ], [ -90.489254686785557, 19.762158026743801 ], [ -90.493827160493836, 19.762158026743801 ], [ -90.493827160493836, 19.766288267063285 ] ] ] } },
{ "type": "Feature", "properties": { "difference_1990_2000": 3.0, "difference_1990_2010": 151.0, "difference_1990_2020": 158.0 }, "geometry": { "type": "Polygon", "coordinates": [ [ [ -90.493827160493836, 19.824122746434501 ], [ -90.489254686785557, 19.824122746434501 ], [ -90.489254686785557, 19.819991023234731 ], [ -90.493827160493836, 19.819991023234731 ], [ -90.493827160493836, 19.824122746434501 ] ] ] } },
{ "type": "Feature", "properties": { "difference_1990_2000": 28.0, "difference_1990_2010": 4.0, "difference_1990_2020": -5.0 }, "geometry": { "type": "Polygon", "coordinates": [ [ [ -90.493827160493836, 19.877844817623057 ], [ -90.489254686785557, 19.877844817623057 ], [ -90.489254686785557, 19.873711712284791 ], [ -90.493827160493836, 19.873711712284791 ], [ -90.493827160493836, 19.877844817623057 ] ] ] } },
{ "type": "Feature", "properties": { "difference_1990_2000": 946.0, "difference_1990_2010": 984.0, "difference_1990_2020": 968.0 }, "geometry": { "type": "Polygon", "coordinates": [ [ [ -90.493827160493836, 19.840650700939921 ], [ -90.489254686785557, 19.840650700939921 ], [ -90.489254686785557, 19.836518552998552 ], [ -90.493827160493836, 19.836518552998552 ], [ -90.493827160493836, 19.840650700939921 ] ] ] } },
{ "type": "Feature", "properties": { "difference_1990_2000": 4.0, "difference_1990_2010": 253.0, "difference_1990_2020": 213.0 }, "geometry": { "type": "Polygon", "coordinates": [ [ [ -90.493827160493836, 19.819991023234731 ], [ -90.489254686785557, 19.819991023234731 ], [ -90.489254686785557, 19.81585940614664 ], [ -90.493827160493836, 19.81585940614664 ], [ -90.493827160493836, 19.819991023234731 ] ] ] } },
{ "type": "Feature", "properties": { "difference_1990_2000": 5.0, "difference_1990_2010": 54.0, "difference_1990_2020": 59.0 }, "geometry": { "type": "Polygon", "coordinates": [ [ [ -90.493827160493836, 19.795202911348085 ], [ -90.489254686785557, 19.795202911348053 ], [ -90.489254686785557, 19.791071930310348 ], [ -90.493827160493836, 19.791071930310384 ], [ -90.493827160493836, 19.795202911348085 ] ] ] } },
{ "type": "Feature", "properties": { "difference_1990_2000": 568.0, "difference_1990_2010": 645.0, "difference_1990_2020": 843.0 }, "geometry": { "type": "Polygon", "coordinates": [ [ [ -90.493827160493836, 19.853047782437514 ], [ -90.489254686785557, 19.853047782437514 ], [ -90.489254686785557, 19.848915315629871 ], [ -90.493827160493836, 19.848915315629906 ], [ -90.493827160493836, 19.853047782437514 ] ] ] } },
{ "type": "Feature", "properties": { "difference_1990_2000": -51.0, "difference_1990_2010": 17.0, "difference_1990_2020": 118.0 }, "geometry": { "type": "Polygon", "coordinates": [ [ [ -90.493827160493836, 19.762158026743801 ], [ -90.489254686785557, 19.762158026743801 ], [ -90.489254686785557, 19.758027892123472 ], [ -90.493827160493836, 19.758027892123472 ], [ -90.493827160493836, 19.762158026743801 ] ] ] } },
{ "type": "Feature", "properties": { "difference_1990_2000": 1.0, "difference_1990_2010": 910.0, "difference_1990_2020": 1177.0 }, "geometry": { "type": "Polygon", "coordinates": [ [ [ -90.493827160493836, 19.81585940614664 ], [ -90.489254686785557, 19.81585940614664 ], [ -90.489254686785557, 19.811727895140613 ], [ -90.493827160493836, 19.811727895140613 ], [ -90.493827160493836, 19.81585940614664 ] ] ] } },
{ "type": "Feature", "properties": { "difference_1990_2000": 76.0, "difference_1990_2010": 134.0, "difference_1990_2020": 138.0 }, "geometry": { "type": "Polygon", "coordinates": [ [ [ -90.493827160493836, 19.774549064917363 ], [ -90.489254686785557, 19.774549064917363 ], [ -90.489254686785557, 19.770418613111314 ], [ -90.493827160493836, 19.770418613111314 ], [ -90.493827160493836, 19.774549064917363 ] ] ] } },
{ "type": "Feature", "properties": { "difference_1990_2000": 1011.0, "difference_1990_2010": 1240.0, "difference_1990_2020": 1328.0 }, "geometry": { "type": "Polygon", "coordinates": [ [ [ -90.493827160493836, 19.857180355593002 ], [ -90.489254686785557, 19.857180355593002 ], [ -90.489254686785557, 19.853047782437514 ], [ -90.493827160493836, 19.853047782437514 ], [ -90.493827160493836, 19.857180355593002 ] ] ] } },
{ "type": "Feature", "properties": { "difference_1990_2000": 1.0, "difference_1990_2010": 42.0, "difference_1990_2020": 44.0 }, "geometry": { "type": "Polygon", "coordinates": [ [ [ -90.493827160493836, 19.828254575775365 ], [ -90.489254686785557, 19.828254575775365 ], [ -90.489254686785557, 19.824122746434501 ], [ -90.493827160493836, 19.824122746434501 ], [ -90.493827160493836, 19.828254575775365 ] ] ] } },
{ "type": "Feature", "properties": { "difference_1990_2000": 182.0, "difference_1990_2010": 253.0, "difference_1990_2020": 284.0 }, "geometry": { "type": "Polygon", "coordinates": [ [ [ -90.493827160493836, 19.832386511286888 ], [ -90.489254686785557, 19.832386511286888 ], [ -90.489254686785557, 19.828254575775365 ], [ -90.493827160493836, 19.828254575775365 ], [ -90.493827160493836, 19.832386511286888 ] ] ] } },
{ "type": "Feature", "properties": { "difference_1990_2000": 10.0, "difference_1990_2010": 0.0, "difference_1990_2020": 14.0 }, "geometry": { "type": "Polygon", "coordinates": [ [ [ -90.493827160493836, 19.778679622510854 ], [ -90.489254686785557, 19.778679622510854 ], [ -90.489254686785557, 19.774549064917363 ], [ -90.493827160493836, 19.774549064917363 ], [ -90.493827160493836, 19.778679622510854 ] ] ] } },
{ "type": "Feature", "properties": { "difference_1990_2000": 1801.0, "difference_1990_2010": 1992.0, "difference_1990_2020": 1914.0 }, "geometry": { "type": "Polygon", "coordinates": [ [ [ -90.493827160493836, 19.844782955140523 ], [ -90.489254686785557, 19.844782955140506 ], [ -90.489254686785557, 19.840650700939921 ], [ -90.493827160493836, 19.840650700939921 ], [ -90.493827160493836, 19.844782955140523 ] ] ] } },
{ "type": "Feature", "properties": { "difference_1990_2000": -414.0, "difference_1990_2010": 5.0, "difference_1990_2020": 149.0 }, "geometry": { "type": "Polygon", "coordinates": [ [ [ -90.484682213077321, 19.865445821065805 ], [ -90.480109739369027, 19.865445821065805 ], [ -90.480109739369027, 19.861313035125942 ], [ -90.484682213077321, 19.861313035125942 ], [ -90.484682213077321, 19.865445821065805 ] ] ] } },
{ "type": "Feature", "properties": { "difference_1990_2000": 48.0, "difference_1990_2010": 809.0, "difference_1990_2020": 1132.0 }, "geometry": { "type": "Polygon", "coordinates": [ [ [ -90.484682213077321, 19.861313035125942 ], [ -90.480109739369027, 19.861313035125942 ], [ -90.480109739369027, 19.857180355593002 ], [ -90.484682213077321, 19.857180355593002 ], [ -90.484682213077321, 19.861313035125942 ] ] ] } },
{ "type": "Feature", "properties": { "difference_1990_2000": 137.0, "difference_1990_2010": 1141.0, "difference_1990_2020": 1706.0 }, "geometry": { "type": "Polygon", "coordinates": [ [ [ -90.484682213077321, 19.848915315629871 ], [ -90.480109739369027, 19.848915315629871 ], [ -90.480109739369027, 19.844782955140506 ], [ -90.484682213077321, 19.844782955140506 ], [ -90.484682213077321, 19.848915315629871 ] ] ] } },
{ "type": "Feature", "properties": { "difference_1990_2000": 4.0, "difference_1990_2010": 806.0, "difference_1990_2020": 1531.0 }, "geometry": { "type": "Polygon", "coordinates": [ [ [ -90.484682213077321, 19.836518552998516 ], [ -90.480109739369027, 19.836518552998552 ], [ -90.480109739369027, 19.832386511286874 ], [ -90.484682213077321, 19.832386511286874 ], [ -90.484682213077321, 19.836518552998516 ] ] ] } },
{ "type": "Feature", "properties": { "difference_1990_2000": 0.0, "difference_1990_2010": 0.0, "difference_1990_2020": -5.0 }, "geometry": { "type": "Polygon", "coordinates": [ [ [ -90.484682213077321, 19.869578713442259 ], [ -90.480109739369027, 19.869578713442241 ], [ -90.480109739369027, 19.865445821065805 ], [ -90.484682213077321, 19.865445821065805 ], [ -90.484682213077321, 19.869578713442259 ] ] ] } },
{ "type": "Feature", "properties": { "difference_1990_2000": 6.0, "difference_1990_2010": 457.0, "difference_1990_2020": 1133.0 }, "geometry": { "type": "Polygon", "coordinates": [ [ [ -90.484682213077321, 19.840650700939921 ], [ -90.480109739369027, 19.840650700939904 ], [ -90.480109739369027, 19.836518552998552 ], [ -90.484682213077321, 19.836518552998516 ], [ -90.484682213077321, 19.840650700939921 ] ] ] } },
{ "type": "Feature", "properties": { "difference_1990_2000": 312.0, "difference_1990_2010": 2043.0, "difference_1990_2020": 2253.0 }, "geometry": { "type": "Polygon", "coordinates": [ [ [ -90.484682213077321, 19.853047782437514 ], [ -90.480109739369027, 19.853047782437514 ], [ -90.480109739369027, 19.848915315629871 ], [ -90.484682213077321, 19.848915315629871 ], [ -90.484682213077321, 19.853047782437514 ] ] ] } },
{ "type": "Feature", "properties": { "difference_1990_2000": 73.0, "difference_1990_2010": 1066.0, "difference_1990_2020": 1390.0 }, "geometry": { "type": "Polygon", "coordinates": [ [ [ -90.484682213077321, 19.857180355593002 ], [ -90.480109739369027, 19.857180355593002 ], [ -90.480109739369027, 19.853047782437514 ], [ -90.484682213077321, 19.853047782437514 ], [ -90.484682213077321, 19.857180355593002 ] ] ] } },
{ "type": "Feature", "properties": { "difference_1990_2000": 0.0, "difference_1990_2010": 0.0, "difference_1990_2020": 4.0 }, "geometry": { "type": "Polygon", "coordinates": [ [ [ -90.484682213077321, 19.828254575775347 ], [ -90.480109739369027, 19.828254575775347 ], [ -90.480109739369027, 19.824122746434487 ], [ -90.484682213077321, 19.824122746434501 ], [ -90.484682213077321, 19.828254575775347 ] ] ] } },
{ "type": "Feature", "properties": { "difference_1990_2000": 0.0, "difference_1990_2010": 300.0, "difference_1990_2020": 1033.0 }, "geometry": { "type": "Polygon", "coordinates": [ [ [ -90.484682213077321, 19.832386511286874 ], [ -90.480109739369027, 19.832386511286874 ], [ -90.480109739369027, 19.828254575775347 ], [ -90.484682213077321, 19.828254575775347 ], [ -90.484682213077321, 19.832386511286874 ] ] ] } },
{ "type": "Feature", "properties": { "difference_1990_2000": 4.0, "difference_1990_2010": 366.0, "difference_1990_2020": 1123.0 }, "geometry": { "type": "Polygon", "coordinates": [ [ [ -90.484682213077321, 19.844782955140506 ], [ -90.480109739369027, 19.844782955140506 ], [ -90.480109739369027, 19.840650700939904 ], [ -90.484682213077321, 19.840650700939921 ], [ -90.484682213077321, 19.844782955140506 ] ] ] } },
{ "type": "Feature", "properties": { "difference_1990_2000": 0.0, "difference_1990_2010": 9.0, "difference_1990_2020": 247.0 }, "geometry": { "type": "Polygon", "coordinates": [ [ [ -90.475537265660734, 19.861313035125942 ], [ -90.47096479195244, 19.861313035125942 ], [ -90.47096479195244, 19.857180355593002 ], [ -90.475537265660734, 19.857180355593002 ], [ -90.475537265660734, 19.861313035125942 ] ] ] } },
{ "type": "Feature", "properties": { "difference_1990_2000": 0.0, "difference_1990_2010": 189.0, "difference_1990_2020": 82.0 }, "geometry": { "type": "Polygon", "coordinates": [ [ [ -90.475537265660734, 19.848915315629871 ], [ -90.47096479195244, 19.848915315629871 ], [ -90.47096479195244, 19.844782955140474 ], [ -90.475537265660734, 19.844782955140506 ], [ -90.475537265660734, 19.848915315629871 ] ] ] } },
{ "type": "Feature", "properties": { "difference_1990_2000": 0.0, "difference_1990_2010": 19.0, "difference_1990_2020": 1.0 }, "geometry": { "type": "Polygon", "coordinates": [ [ [ -90.475537265660734, 19.836518552998552 ], [ -90.47096479195244, 19.836518552998552 ], [ -90.47096479195244, 19.832386511286888 ], [ -90.475537265660734, 19.832386511286838 ], [ -90.475537265660734, 19.836518552998552 ] ] ] } },
{ "type": "Feature", "properties": { "difference_1990_2000": 0.0, "difference_1990_2010": 76.0, "difference_1990_2020": 0.0 }, "geometry": { "type": "Polygon", "coordinates": [ [ [ -90.475537265660734, 19.840650700939921 ], [ -90.47096479195244, 19.840650700939921 ], [ -90.47096479195244, 19.836518552998552 ], [ -90.475537265660734, 19.836518552998552 ], [ -90.475537265660734, 19.840650700939921 ] ] ] } },
{ "type": "Feature", "properties": { "difference_1990_2000": 0.0, "difference_1990_2010": 14.0, "difference_1990_2020": 22.0 }, "geometry": { "type": "Polygon", "coordinates": [ [ [ -90.475537265660734, 19.853047782437514 ], [ -90.47096479195244, 19.853047782437514 ], [ -90.47096479195244, 19.848915315629871 ], [ -90.475537265660734, 19.848915315629871 ], [ -90.475537265660734, 19.853047782437514 ] ] ] } },
{ "type": "Feature", "properties": { "difference_1990_2000": 0.0, "difference_1990_2010": 22.0, "difference_1990_2020": 87.0 }, "geometry": { "type": "Polygon", "coordinates": [ [ [ -90.475537265660734, 19.857180355593002 ], [ -90.47096479195244, 19.857180355593002 ], [ -90.47096479195244, 19.853047782437514 ], [ -90.475537265660734, 19.853047782437514 ], [ -90.475537265660734, 19.857180355593002 ] ] ] } },
{ "type": "Feature", "properties": { "difference_1990_2000": 0.0, "difference_1990_2010": 165.0, "difference_1990_2020": 0.0 }, "geometry": { "type": "Polygon", "coordinates": [ [ [ -90.475537265660734, 19.844782955140506 ], [ -90.47096479195244, 19.844782955140474 ], [ -90.47096479195244, 19.840650700939921 ], [ -90.475537265660734, 19.840650700939921 ], [ -90.475537265660734, 19.844782955140506 ] ] ] } },
{ "type": "Feature", "properties": { "difference_1990_2000": 6.0, "difference_1990_2010": 0.0, "difference_1990_2020": 22.0 }, "geometry": { "type": "Polygon", "coordinates": [ [ [ -90.626428898033865, 19.782810285921204 ], [ -90.621856424325586, 19.782810285921204 ], [ -90.621856424325586, 19.778679622510854 ], [ -90.626428898033865, 19.778679622510854 ], [ -90.626428898033865, 19.782810285921204 ] ] ] } },
{ "type": "Feature", "properties": { "difference_1990_2000": 24.0, "difference_1990_2010": 0.0, "difference_1990_2020": 84.0 }, "geometry": { "type": "Polygon", "coordinates": [ [ [ -90.626428898033865, 19.786941055177891 ], [ -90.621856424325586, 19.786941055177856 ], [ -90.621856424325586, 19.782810285921204 ], [ -90.626428898033865, 19.782810285921204 ], [ -90.626428898033865, 19.786941055177891 ] ] ] } },
{ "type": "Feature", "properties": { "difference_1990_2000": 19.0, "difference_1990_2010": 0.0, "difference_1990_2020": 69.0 }, "geometry": { "type": "Polygon", "coordinates": [ [ [ -90.626428898033865, 19.791071930310384 ], [ -90.621856424325586, 19.791071930310384 ], [ -90.621856424325586, 19.786941055177905 ], [ -90.626428898033865, 19.786941055177905 ], [ -90.626428898033865, 19.791071930310384 ] ] ] } },
{ "type": "Feature", "properties": { "difference_1990_2000": 1.0, "difference_1990_2010": 4.0, "difference_1990_2020": 3.0 }, "geometry": { "type": "Polygon", "coordinates": [ [ [ -90.626428898033865, 19.795202911348053 ], [ -90.621856424325586, 19.795202911348035 ], [ -90.621856424325586, 19.791071930310384 ], [ -90.626428898033865, 19.791071930310384 ], [ -90.626428898033865, 19.795202911348053 ] ] ] } },
{ "type": "Feature", "properties": { "difference_1990_2000": 10.0, "difference_1990_2010": 135.0, "difference_1990_2020": 38.0 }, "geometry": { "type": "Polygon", "coordinates": [ [ [ -90.617283950617306, 19.799333998320439 ], [ -90.612711476909027, 19.799333998320439 ], [ -90.612711476909027, 19.795202911348053 ], [ -90.617283950617306, 19.795202911348053 ], [ -90.617283950617306, 19.799333998320439 ] ] ] } },
{ "type": "Feature", "properties": { "difference_1990_2000": 0.0, "difference_1990_2010": 0.0, "difference_1990_2020": 0.0 }, "geometry": { "type": "Polygon", "coordinates": [ [ [ -90.617283950617306, 19.803465191257029 ], [ -90.612711476909027, 19.803465191257029 ], [ -90.612711476909027, 19.799333998320439 ], [ -90.617283950617306, 19.799333998320439 ], [ -90.617283950617306, 19.803465191257029 ] ] ] } },
{ "type": "Feature", "properties": { "difference_1990_2000": 7.0, "difference_1990_2010": 0.0, "difference_1990_2020": 23.0 }, "geometry": { "type": "Polygon", "coordinates": [ [ [ -90.617283950617306, 19.786941055177891 ], [ -90.612711476909027, 19.786941055177891 ], [ -90.612711476909027, 19.782810285921204 ], [ -90.617283950617306, 19.78281028592119 ], [ -90.617283950617306, 19.786941055177891 ] ] ] } },
{ "type": "Feature", "properties": { "difference_1990_2000": 14.0, "difference_1990_2010": -33.0, "difference_1990_2020": 49.0 }, "geometry": { "type": "Polygon", "coordinates": [ [ [ -90.617283950617306, 19.791071930310384 ], [ -90.612711476909027, 19.791071930310384 ], [ -90.612711476909027, 19.786941055177905 ], [ -90.617283950617306, 19.786941055177905 ], [ -90.617283950617306, 19.791071930310384 ] ] ] } },
{ "type": "Feature", "properties": { "difference_1990_2000": 26.0, "difference_1990_2010": 309.0, "difference_1990_2020": 90.0 }, "geometry": { "type": "Polygon", "coordinates": [ [ [ -90.617283950617306, 19.795202911348053 ], [ -90.612711476909027, 19.795202911348053 ], [ -90.612711476909027, 19.791071930310384 ], [ -90.617283950617306, 19.791071930310384 ], [ -90.617283950617306, 19.795202911348053 ] ] ] } },
{ "type": "Feature", "properties": { "difference_1990_2000": 27.0, "difference_1990_2010": 46.0, "difference_1990_2020": 26.0 }, "geometry": { "type": "Polygon", "coordinates": [ [ [ -90.608139003200733, 19.807596490187294 ], [ -90.603566529492454, 19.807596490187294 ], [ -90.603566529492454, 19.803465191257029 ], [ -90.608139003200733, 19.803465191257015 ], [ -90.608139003200733, 19.807596490187294 ] ] ] } },
{ "type": "Feature", "properties": { "difference_1990_2000": 240.0, "difference_1990_2010": 116.0, "difference_1990_2020": 41.0 }, "geometry": { "type": "Polygon", "coordinates": [ [ [ -90.608139003200733, 19.799333998320453 ], [ -90.603566529492454, 19.799333998320453 ], [ -90.603566529492454, 19.795202911348053 ], [ -90.608139003200733, 19.795202911348053 ], [ -90.608139003200733, 19.799333998320453 ] ] ] } },
{ "type": "Feature", "properties": { "difference_1990_2000": 282.0, "difference_1990_2010": 83.0, "difference_1990_2020": 37.0 }, "geometry": { "type": "Polygon", "coordinates": [ [ [ -90.608139003200733, 19.803465191257015 ], [ -90.603566529492454, 19.803465191257029 ], [ -90.603566529492454, 19.799333998320453 ], [ -90.608139003200733, 19.799333998320453 ], [ -90.608139003200733, 19.803465191257015 ] ] ] } },
{ "type": "Feature", "properties": { "difference_1990_2000": -37.0, "difference_1990_2010": -29.0, "difference_1990_2020": -11.0 }, "geometry": { "type": "Polygon", "coordinates": [ [ [ -90.608139003200733, 19.786941055177891 ], [ -90.603566529492454, 19.786941055177856 ], [ -90.603566529492454, 19.782810285921204 ], [ -90.608139003200733, 19.782810285921204 ], [ -90.608139003200733, 19.786941055177891 ] ] ] } },
{ "type": "Feature", "properties": { "difference_1990_2000": -131.0, "difference_1990_2010": -96.0, "difference_1990_2020": -38.0 }, "geometry": { "type": "Polygon", "coordinates": [ [ [ -90.608139003200733, 19.791071930310384 ], [ -90.603566529492454, 19.791071930310384 ], [ -90.603566529492454, 19.786941055177905 ], [ -90.608139003200733, 19.786941055177905 ], [ -90.608139003200733, 19.791071930310384 ] ] ] } },
{ "type": "Feature", "properties": { "difference_1990_2000": -56.0, "difference_1990_2010": -8.0, "difference_1990_2020": -9.0 }, "geometry": { "type": "Polygon", "coordinates": [ [ [ -90.608139003200733, 19.795202911348053 ], [ -90.603566529492454, 19.795202911348053 ], [ -90.603566529492454, 19.791071930310384 ], [ -90.608139003200733, 19.791071930310384 ], [ -90.608139003200733, 19.795202911348053 ] ] ] } },
{ "type": "Feature", "properties": { "difference_1990_2000": -99.0, "difference_1990_2010": -75.0, "difference_1990_2020": -29.0 }, "geometry": { "type": "Polygon", "coordinates": [ [ [ -90.598994055784203, 19.799333998320439 ], [ -90.594421582075896, 19.799333998320439 ], [ -90.594421582075896, 19.795202911348035 ], [ -90.598994055784203, 19.795202911348053 ], [ -90.598994055784203, 19.799333998320439 ] ] ] } },
{ "type": "Feature", "properties": { "difference_1990_2000": 16.0, "difference_1990_2010": 208.0, "difference_1990_2020": 223.0 }, "geometry": { "type": "Polygon", "coordinates": [ [ [ -90.598994055784203, 19.811727895140613 ], [ -90.594421582075896, 19.811727895140613 ], [ -90.594421582075896, 19.807596490187294 ], [ -90.598994055784203, 19.807596490187258 ], [ -90.598994055784203, 19.811727895140613 ] ] ] } },
{ "type": "Feature", "properties": { "difference_1990_2000": -98.0, "difference_1990_2010": -69.0, "difference_1990_2020": -5.0 }, "geometry": { "type": "Polygon", "coordinates": [ [ [ -90.598994055784203, 19.803465191257029 ], [ -90.594421582075896, 19.803465191257029 ], [ -90.594421582075896, 19.799333998320439 ], [ -90.598994055784203, 19.799333998320439 ], [ -90.598994055784203, 19.803465191257029 ] ] ] } },
{ "type": "Feature", "properties": { "difference_1990_2000": -8.0, "difference_1990_2010": 4.0, "difference_1990_2020": -2.0 }, "geometry": { "type": "Polygon", "coordinates": [ [ [ -90.598994055784203, 19.795202911348053 ], [ -90.594421582075896, 19.795202911348035 ], [ -90.594421582075896, 19.791071930310348 ], [ -90.598994055784203, 19.791071930310384 ], [ -90.598994055784203, 19.795202911348053 ] ] ] } },
{ "type": "Feature", "properties": { "difference_1990_2000": 1.0, "difference_1990_2010": 18.0, "difference_1990_2020": 20.0 }, "geometry": { "type": "Polygon", "coordinates": [ [ [ -90.598994055784203, 19.81585940614664 ], [ -90.594421582075896, 19.81585940614664 ], [ -90.594421582075896, 19.811727895140613 ], [ -90.598994055784203, 19.811727895140613 ], [ -90.598994055784203, 19.81585940614664 ] ] ] } },
{ "type": "Feature", "properties": { "difference_1990_2000": 144.0, "difference_1990_2010": 322.0, "difference_1990_2020": 317.0 }, "geometry": { "type": "Polygon", "coordinates": [ [ [ -90.598994055784203, 19.807596490187258 ], [ -90.594421582075896, 19.807596490187294 ], [ -90.594421582075896, 19.803465191257029 ], [ -90.598994055784203, 19.803465191257029 ], [ -90.598994055784203, 19.807596490187258 ] ] ] } },
{ "type": "Feature", "properties": { "difference_1990_2000": 7.0, "difference_1990_2010": 90.0, "difference_1990_2020": 107.0 }, "geometry": { "type": "Polygon", "coordinates": [ [ [ -90.589849108367645, 19.811727895140613 ], [ -90.585276634659365, 19.811727895140613 ], [ -90.585276634659365, 19.807596490187311 ], [ -90.589849108367645, 19.807596490187294 ], [ -90.589849108367645, 19.811727895140613 ] ] ] } },
{ "type": "Feature", "properties": { "difference_1990_2000": 3.0, "difference_1990_2010": 4.0, "difference_1990_2020": 6.0 }, "geometry": { "type": "Polygon", "coordinates": [ [ [ -90.589849108367645, 19.819991023234731 ], [ -90.585276634659365, 19.819991023234731 ], [ -90.585276634659365, 19.81585940614664 ], [ -90.589849108367645, 19.81585940614664 ], [ -90.589849108367645, 19.819991023234731 ] ] ] } },
{ "type": "Feature", "properties": { "difference_1990_2000": 13.0, "difference_1990_2010": 180.0, "difference_1990_2020": 199.0 }, "geometry": { "type": "Polygon", "coordinates": [ [ [ -90.589849108367645, 19.81585940614664 ], [ -90.585276634659365, 19.81585940614664 ], [ -90.585276634659365, 19.811727895140613 ], [ -90.589849108367645, 19.811727895140613 ], [ -90.589849108367645, 19.81585940614664 ] ] ] } },
{ "type": "Feature", "properties": { "difference_1990_2000": 3.0, "difference_1990_2010": -70.0, "difference_1990_2020": -76.0 }, "geometry": { "type": "Polygon", "coordinates": [ [ [ -90.580704160951086, 19.824122746434501 ], [ -90.576131687242821, 19.824122746434501 ], [ -90.576131687242821, 19.819991023234696 ], [ -90.580704160951086, 19.819991023234696 ], [ -90.580704160951086, 19.824122746434501 ] ] ] } },
{ "type": "Feature", "properties": { "difference_1990_2000": 5.0, "difference_1990_2010": -60.0, "difference_1990_2020": -57.0 }, "geometry": { "type": "Polygon", "coordinates": [ [ [ -90.580704160951086, 19.819991023234696 ], [ -90.576131687242821, 19.819991023234696 ], [ -90.576131687242821, 19.81585940614664 ], [ -90.580704160951086, 19.81585940614664 ], [ -90.580704160951086, 19.819991023234696 ] ] ] } },
{ "type": "Feature", "properties": { "difference_1990_2000": 17.0, "difference_1990_2010": -212.0, "difference_1990_2020": -197.0 }, "geometry": { "type": "Polygon", "coordinates": [ [ [ -90.580704160951086, 19.81585940614664 ], [ -90.576131687242821, 19.81585940614664 ], [ -90.576131687242821, 19.811727895140613 ], [ -90.580704160951086, 19.811727895140613 ], [ -90.580704160951086, 19.81585940614664 ] ] ] } },
{ "type": "Feature", "properties": { "difference_1990_2000": 1.0, "difference_1990_2010": 2.0, "difference_1990_2020": 0.0 }, "geometry": { "type": "Polygon", "coordinates": [ [ [ -90.571559213534542, 19.824122746434501 ], [ -90.566986739826234, 19.824122746434501 ], [ -90.566986739826234, 19.819991023234731 ], [ -90.571559213534542, 19.819991023234731 ], [ -90.571559213534542, 19.824122746434501 ] ] ] } },
{ "type": "Feature", "properties": { "difference_1990_2000": -5.0, "difference_1990_2010": 12.0, "difference_1990_2020": -18.0 }, "geometry": { "type": "Polygon", "coordinates": [ [ [ -90.571559213534542, 19.828254575775347 ], [ -90.566986739826234, 19.828254575775365 ], [ -90.566986739826234, 19.824122746434501 ], [ -90.571559213534542, 19.824122746434501 ], [ -90.571559213534542, 19.828254575775347 ] ] ] } },
{ "type": "Feature", "properties": { "difference_1990_2000": 20.0, "difference_1990_2010": -41.0, "difference_1990_2020": 11.0 }, "geometry": { "type": "Polygon", "coordinates": [ [ [ -90.562414266117955, 19.836518552998569 ], [ -90.557841792409675, 19.836518552998552 ], [ -90.557841792409675, 19.832386511286874 ], [ -90.562414266117955, 19.832386511286888 ], [ -90.562414266117955, 19.836518552998569 ] ] ] } },
{ "type": "Feature", "properties": { "difference_1990_2000": 35.0, "difference_1990_2010": 49.0, "difference_1990_2020": 92.0 }, "geometry": { "type": "Polygon", "coordinates": [ [ [ -90.562414266117955, 19.824122746434501 ], [ -90.557841792409675, 19.824122746434501 ], [ -90.557841792409675, 19.819991023234696 ], [ -90.562414266117955, 19.819991023234731 ], [ -90.562414266117955, 19.824122746434501 ] ] ] } },
{ "type": "Feature", "properties": { "difference_1990_2000": 3.0, "difference_1990_2010": 42.0, "difference_1990_2020": 4.0 }, "geometry": { "type": "Polygon", "coordinates": [ [ [ -90.562414266117955, 19.819991023234731 ], [ -90.557841792409675, 19.819991023234696 ], [ -90.557841792409675, 19.81585940614664 ], [ -90.562414266117955, 19.81585940614664 ], [ -90.562414266117955, 19.819991023234731 ] ] ] } },
{ "type": "Feature", "properties": { "difference_1990_2000": -10.0, "difference_1990_2010": -25.0, "difference_1990_2020": -35.0 }, "geometry": { "type": "Polygon", "coordinates": [ [ [ -90.562414266117955, 19.828254575775365 ], [ -90.557841792409675, 19.828254575775347 ], [ -90.557841792409675, 19.824122746434501 ], [ -90.562414266117955, 19.824122746434501 ], [ -90.562414266117955, 19.828254575775365 ] ] ] } },
{ "type": "Feature", "properties": { "difference_1990_2000": -59.0, "difference_1990_2010": -93.0, "difference_1990_2020": -112.0 }, "geometry": { "type": "Polygon", "coordinates": [ [ [ -90.562414266117955, 19.832386511286888 ], [ -90.557841792409675, 19.832386511286874 ], [ -90.557841792409675, 19.828254575775347 ], [ -90.562414266117955, 19.828254575775365 ], [ -90.562414266117955, 19.832386511286888 ] ] ] } },
{ "type": "Feature", "properties": { "difference_1990_2000": 4.0, "difference_1990_2010": 0.0, "difference_1990_2020": 75.0 }, "geometry": { "type": "Polygon", "coordinates": [ [ [ -90.553269318701425, 19.807596490187294 ], [ -90.54869684499316, 19.807596490187258 ], [ -90.54869684499316, 19.803465191257029 ], [ -90.553269318701425, 19.803465191257015 ], [ -90.553269318701425, 19.807596490187294 ] ] ] } },
{ "type": "Feature", "properties": { "difference_1990_2000": 40.0, "difference_1990_2010": 352.0, "difference_1990_2020": 745.0 }, "geometry": { "type": "Polygon", "coordinates": [ [ [ -90.553269318701425, 19.811727895140613 ], [ -90.54869684499316, 19.811727895140613 ], [ -90.54869684499316, 19.807596490187258 ], [ -90.553269318701425, 19.807596490187294 ], [ -90.553269318701425, 19.811727895140613 ] ] ] } },
{ "type": "Feature", "properties": { "difference_1990_2000": -295.0, "difference_1990_2010": -399.0, "difference_1990_2020": -489.0 }, "geometry": { "type": "Polygon", "coordinates": [ [ [ -90.553269318701425, 19.836518552998569 ], [ -90.54869684499316, 19.836518552998552 ], [ -90.54869684499316, 19.832386511286874 ], [ -90.553269318701425, 19.832386511286888 ], [ -90.553269318701425, 19.836518552998569 ] ] ] } },
{ "type": "Feature", "properties": { "difference_1990_2000": 66.0, "difference_1990_2010": 172.0, "difference_1990_2020": 357.0 }, "geometry": { "type": "Polygon", "coordinates": [ [ [ -90.553269318701425, 19.824122746434501 ], [ -90.54869684499316, 19.824122746434501 ], [ -90.54869684499316, 19.819991023234731 ], [ -90.553269318701425, 19.819991023234696 ], [ -90.553269318701425, 19.824122746434501 ] ] ] } },
{ "type": "Feature", "properties": { "difference_1990_2000": 231.0, "difference_1990_2010": 235.0, "difference_1990_2020": 584.0 }, "geometry": { "type": "Polygon", "coordinates": [ [ [ -90.553269318701425, 19.819991023234696 ], [ -90.54869684499316, 19.819991023234731 ], [ -90.54869684499316, 19.81585940614664 ], [ -90.553269318701425, 19.815859406146604 ], [ -90.553269318701425, 19.819991023234696 ] ] ] } },
{ "type": "Feature", "properties": { "difference_1990_2000": -174.0, "difference_1990_2010": -196.0, "difference_1990_2020": -221.0 }, "geometry": { "type": "Polygon", "coordinates": [ [ [ -90.553269318701425, 19.840650700939921 ], [ -90.54869684499316, 19.840650700939921 ], [ -90.54869684499316, 19.836518552998552 ], [ -90.553269318701425, 19.836518552998569 ], [ -90.553269318701425, 19.840650700939921 ] ] ] } },
{ "type": "Feature", "properties": { "difference_1990_2000": 264.0, "difference_1990_2010": 292.0, "difference_1990_2020": 711.0 }, "geometry": { "type": "Polygon", "coordinates": [ [ [ -90.553269318701425, 19.815859406146604 ], [ -90.54869684499316, 19.81585940614664 ], [ -90.54869684499316, 19.811727895140613 ], [ -90.553269318701425, 19.811727895140613 ], [ -90.553269318701425, 19.815859406146604 ] ] ] } },
{ "type": "Feature", "properties": { "difference_1990_2000": 166.0, "difference_1990_2010": 216.0, "difference_1990_2020": 308.0 }, "geometry": { "type": "Polygon", "coordinates": [ [ [ -90.553269318701425, 19.828254575775365 ], [ -90.54869684499316, 19.828254575775365 ], [ -90.54869684499316, 19.824122746434501 ], [ -90.553269318701425, 19.824122746434501 ], [ -90.553269318701425, 19.828254575775365 ] ] ] } },
{ "type": "Feature", "properties": { "difference_1990_2000": 36.0, "difference_1990_2010": -2.0, "difference_1990_2020": 11.0 }, "geometry": { "type": "Polygon", "coordinates": [ [ [ -90.553269318701425, 19.832386511286888 ], [ -90.54869684499316, 19.832386511286874 ], [ -90.54869684499316, 19.828254575775365 ], [ -90.553269318701425, 19.828254575775365 ], [ -90.553269318701425, 19.832386511286888 ] ] ] } },
{ "type": "Feature", "properties": { "difference_1990_2000": 0.0, "difference_1990_2010": 0.0, "difference_1990_2020": 399.0 }, "geometry": { "type": "Polygon", "coordinates": [ [ [ -90.0, 19.489794461800692 ], [ -89.995427526291721, 19.489794461800692 ], [ -89.995427526291721, 19.485671238567409 ], [ -90.0, 19.485671238567409 ], [ -90.0, 19.489794461800692 ] ] ] } },
{ "type": "Feature", "properties": { "difference_1990_2000": 0.0, "difference_1990_2010": 0.0, "difference_1990_2020": 238.0 }, "geometry": { "type": "Polygon", "coordinates": [ [ [ -90.0, 19.485671238567409 ], [ -89.995427526291721, 19.485671238567409 ], [ -89.995427526291721, 19.481548119075406 ], [ -90.0, 19.481548119075441 ], [ -90.0, 19.485671238567409 ] ] ] } },
{ "type": "Feature", "properties": { "difference_1990_2000": 0.0, "difference_1990_2010": 0.0, "difference_1990_2020": 72.0 }, "geometry": { "type": "Polygon", "coordinates": [ [ [ -90.0, 19.493917788804371 ], [ -89.995427526291721, 19.493917788804371 ], [ -89.995427526291721, 19.489794461800692 ], [ -90.0, 19.489794461800692 ], [ -90.0, 19.493917788804371 ] ] ] } }
]
}
