{
"type": "FeatureCollection",
"crs": { "type": "name", "properties": { "name": "urn:ogc:def:crs:OGC:1.3:CRS84" } },
"features": [
{ "type": "Feature", "properties": { "difference_1990_2000": 25.0, "difference_1990_2010": 25.0, "difference_1990_2020": 16.0 }, "geometry": { "type": "Polygon", "coordinates": [ [ [ -99.090077732053047, 18.98751842452592 ], [ -99.085505258344753, 18.98751842452592 ], [ -99.085505258344753, 18.983407645229434 ], [ -99.090077732053047, 18.983407645229434 ], [ -99.090077732053047, 18.98751842452592 ] ] ] } },
{ "type": "Feature", "properties": { "difference_1990_2000": 10.0, "difference_1990_2010": -6.0, "difference_1990_2020": 7.0 }, "geometry": { "type": "Polygon", "coordinates": [ [ [ -99.090077732053047, 18.975186387337384 ], [ -99.085505258344753, 18.975186387337398 ], [ -99.085505258344753, 18.971075908685183 ], [ -99.090077732053047, 18.971075908685147 ], [ -99.090077732053047, 18.975186387337384 ] ] ] } },
{ "type": "Feature", "properties": { "difference_1990_2000": 56.0, "difference_1990_2010": -10.0, "difference_1990_2020": 37.0 }, "geometry": { "type": "Polygon", "coordinates": [ [ [ -99.090077732053047, 18.979296966176047 ], [ -99.085505258344753, 18.979296966176022 ], [ -99.085505258344753, 18.975186387337398 ], [ -99.090077732053047, 18.975186387337384 ], [ -99.090077732053047, 18.979296966176047 ] ] ] } },
{ "type": "Feature", "properties": { "difference_1990_2000": 28.0, "difference_1990_2010": 25.0, "difference_1990_2020": 18.0 }, "geometry": { "type": "Polygon", "coordinates": [ [ [ -99.090077732053047, 18.983407645229434 ], [ -99.085505258344753, 18.983407645229434 ], [ -99.085505258344753, 18.979296966176022 ], [ -99.090077732053047, 18.979296966176047 ], [ -99.090077732053047, 18.983407645229434 ] ] ] } },
{ "type": "Feature", "properties": { "difference_1990_2000": 21.0, "difference_1990_2010": 31.0, "difference_1990_2020": 23.0 }, "geometry": { "type": "Polygon", "coordinates": [ [ [ -99.090077732053047, 18.991629304093838 ], [ -99.085505258344753, 18.991629304093838 ], [ -99.085505258344753, 18.98751842452592 ], [ -99.090077732053047, 18.98751842452592 ], [ -99.090077732053047, 18.991629304093838 ] ] ] } },
{ "type": "Feature", "properties": { "difference_1990_2000": 0.0, "difference_1990_2010": 22.0, "difference_1990_2020": 8.0 }, "geometry": { "type": "Polygon", "coordinates": [ [ [ -99.090077732053047, 18.868346420249178 ], [ -99.085505258344753, 18.868346420249146 ], [ -99.085505258344753, 18.864238536521988 ], [ -99.090077732053047, 18.864238536521988 ], [ -99.090077732053047, 18.868346420249178 ] ] ] } },
{ "type": "Feature", "properties": { "difference_1990_2000": 9.0, "difference_1990_2010": 29.0, "difference_1990_2020": 30.0 }, "geometry": { "type": "Polygon", "coordinates": [ [ [ -99.090077732053047, 18.999851364157323 ], [ -99.085505258344753, 18.999851364157323 ], [ -99.085505258344753, 18.995740283961542 ], [ -99.090077732053047, 18.995740283961542 ], [ -99.090077732053047, 18.999851364157323 ] ] ] } },
{ "type": "Feature", "properties": { "difference_1990_2000": 12.0, "difference_1990_2010": 36.0, "difference_1990_2020": 40.0 }, "geometry": { "type": "Polygon", "coordinates": [ [ [ -99.090077732053047, 18.995740283961542 ], [ -99.085505258344753, 18.995740283961542 ], [ -99.085505258344753, 18.991629304093838 ], [ -99.090077732053047, 18.991629304093838 ], [ -99.090077732053047, 18.995740283961542 ] ] ] } },
{ "type": "Feature", "properties": { "difference_1990_2000": 84.0, "difference_1990_2010": 99.0, "difference_1990_2020": 181.0 }, "geometry": { "type": "Polygon", "coordinates": [ [ [ -99.268404206675825, 19.024519953810373 ], [ -99.263831732967546, 19.024519953810337 ], [ -99.263831732967546, 19.020408271050375 ], [ -99.268404206675825, 19.020408271050375 ], [ -99.268404206675825, 19.024519953810373 ] ] ] } },
{ "type": "Feature", "properties": { "difference_1990_2000": 90.0, "difference_1990_2010": 151.0, "difference_1990_2020": 134.0 }, "geometry": { "type": "Polygon", "coordinates": [ [ [ -99.268404206675825, 18.749258055456497 ], [ -99.263831732967546, 18.749258055456497 ], [ -99.263831732967546, 18.745153043605551 ], [ -99.268404206675825, 18.745153043605534 ], [ -99.268404206675825, 18.749258055456497 ] ] ] } },
{ "type": "Feature", "properties": { "difference_1990_2000": 49.0, "difference_1990_2010": 95.0, "difference_1990_2020": 153.0 }, "geometry": { "type": "Polygon", "coordinates": [ [ [ -99.268404206675825, 19.036855605363844 ], [ -99.263831732967546, 19.036855605363808 ], [ -99.263831732967546, 19.032743620938696 ], [ -99.268404206675825, 19.032743620938696 ], [ -99.268404206675825, 19.036855605363844 ] ] ] } },
{ "type": "Feature", "properties": { "difference_1990_2000": 88.0, "difference_1990_2010": 387.0, "difference_1990_2020": 519.0 }, "geometry": { "type": "Polygon", "coordinates": [ [ [ -99.268404206675825, 18.954634995374633 ], [ -99.263831732967546, 18.954634995374615 ], [ -99.263831732967546, 18.950525017230078 ], [ -99.268404206675825, 18.950525017230078 ], [ -99.268404206675825, 18.954634995374633 ] ] ] } },
{ "type": "Feature", "properties": { "difference_1990_2000": 108.0, "difference_1990_2010": 193.0, "difference_1990_2020": 277.0 }, "geometry": { "type": "Polygon", "coordinates": [ [ [ -99.268404206675825, 18.979296966176022 ], [ -99.263831732967546, 18.979296966175987 ], [ -99.263831732967546, 18.975186387337349 ], [ -99.268404206675825, 18.975186387337384 ], [ -99.268404206675825, 18.979296966176022 ] ] ] } },
{ "type": "Feature", "properties": { "difference_1990_2000": 116.0, "difference_1990_2010": 201.0, "difference_1990_2020": 296.0 }, "geometry": { "type": "Polygon", "coordinates": [ [ [ -99.268404206675825, 18.975186387337384 ], [ -99.263831732967546, 18.975186387337349 ], [ -99.263831732967546, 18.971075908685147 ], [ -99.268404206675825, 18.971075908685147 ], [ -99.268404206675825, 18.975186387337384 ] ] ] } },
{ "type": "Feature", "properties": { "difference_1990_2000": 9.0, "difference_1990_2010": 11.0, "difference_1990_2020": 12.0 }, "geometry": { "type": "Polygon", "coordinates": [ [ [ -99.268404206675825, 18.827272053671898 ], [ -99.263831732967546, 18.827272053671955 ], [ -99.263831732967546, 18.823165162916485 ], [ -99.268404206675825, 18.823165162916485 ], [ -99.268404206675825, 18.827272053671898 ] ] ] } },
{ "type": "Feature", "properties": { "difference_1990_2000": 189.0, "difference_1990_2010": 294.0, "difference_1990_2020": 227.0 }, "geometry": { "type": "Polygon", "coordinates": [ [ [ -99.268404206675825, 18.950525017230078 ], [ -99.263831732967546, 18.950525017230078 ], [ -99.263831732967546, 18.946415139102097 ], [ -99.268404206675825, 18.946415139102097 ], [ -99.268404206675825, 18.950525017230078 ] ] ] } },
{ "type": "Feature", "properties": { "difference_1990_2000": 184.0, "difference_1990_2010": 238.0, "difference_1990_2020": 321.0 }, "geometry": { "type": "Polygon", "coordinates": [ [ [ -99.268404206675825, 18.81495167880481 ], [ -99.263831732967546, 18.814951678804796 ], [ -99.263831732967546, 18.810845085392366 ], [ -99.268404206675825, 18.810845085392366 ], [ -99.268404206675825, 18.81495167880481 ] ] ] } },
{ "type": "Feature", "properties": { "difference_1990_2000": 77.0, "difference_1990_2010": 179.0, "difference_1990_2020": 321.0 }, "geometry": { "type": "Polygon", "coordinates": [ [ [ -99.268404206675825, 18.971075908685147 ], [ -99.263831732967546, 18.971075908685147 ], [ -99.263831732967546, 18.966965530191111 ], [ -99.268404206675825, 18.966965530191111 ], [ -99.268404206675825, 18.971075908685147 ] ] ] } },
{ "type": "Feature", "properties": { "difference_1990_2000": 245.0, "difference_1990_2010": 371.0, "difference_1990_2020": 411.0 }, "geometry": { "type": "Polygon", "coordinates": [ [ [ -99.268404206675825, 18.819058371303505 ], [ -99.263831732967546, 18.819058371303505 ], [ -99.263831732967546, 18.814951678804846 ], [ -99.268404206675825, 18.814951678804846 ], [ -99.268404206675825, 18.819058371303505 ] ] ] } },
{ "type": "Feature", "properties": { "difference_1990_2000": 11.0, "difference_1990_2010": 19.0, "difference_1990_2020": 28.0 }, "geometry": { "type": "Polygon", "coordinates": [ [ [ -99.268404206675825, 18.983407645229398 ], [ -99.263831732967546, 18.983407645229398 ], [ -99.263831732967546, 18.979296966175987 ], [ -99.268404206675825, 18.979296966176022 ], [ -99.268404206675825, 18.983407645229398 ] ] ] } },
{ "type": "Feature", "properties": { "difference_1990_2000": 137.0, "difference_1990_2010": 166.0, "difference_1990_2020": 293.0 }, "geometry": { "type": "Polygon", "coordinates": [ [ [ -99.268404206675825, 19.028631737097001 ], [ -99.263831732967546, 19.028631737097001 ], [ -99.263831732967546, 19.024519953810337 ], [ -99.268404206675825, 19.024519953810373 ], [ -99.268404206675825, 19.028631737097001 ] ] ] } },
{ "type": "Feature", "properties": { "difference_1990_2000": 109.0, "difference_1990_2010": 162.0, "difference_1990_2020": 271.0 }, "geometry": { "type": "Polygon", "coordinates": [ [ [ -99.268404206675825, 19.032743620938696 ], [ -99.263831732967546, 19.032743620938696 ], [ -99.263831732967546, 19.028631737097001 ], [ -99.268404206675825, 19.028631737097001 ], [ -99.268404206675825, 19.032743620938696 ] ] ] } },
{ "type": "Feature", "properties": { "difference_1990_2000": 0.0, "difference_1990_2010": 0.0, "difference_1990_2020": 1.0 }, "geometry": { "type": "Polygon", "coordinates": [ [ [ -99.268404206675825, 18.999851364157305 ], [ -99.263831732967546, 18.999851364157305 ], [ -99.263831732967546, 18.995740283961542 ], [ -99.268404206675825, 18.995740283961542 ], [ -99.268404206675825, 18.999851364157305 ] ] ] } },
{ "type": "Feature", "properties": { "difference_1990_2000": 84.0, "difference_1990_2010": 337.0, "difference_1990_2020": 438.0 }, "geometry": { "type": "Polygon", "coordinates": [ [ [ -99.268404206675825, 18.966965530191111 ], [ -99.263831732967546, 18.966965530191111 ], [ -99.263831732967546, 18.962855251826873 ], [ -99.268404206675825, 18.962855251826873 ], [ -99.268404206675825, 18.966965530191111 ] ] ] } },
{ "type": "Feature", "properties": { "difference_1990_2000": 51.0, "difference_1990_2010": 480.0, "difference_1990_2020": 674.0 }, "geometry": { "type": "Polygon", "coordinates": [ [ [ -99.268404206675825, 18.958745073564142 ], [ -99.263831732967546, 18.958745073564142 ], [ -99.263831732967546, 18.954634995374615 ], [ -99.268404206675825, 18.954634995374633 ], [ -99.268404206675825, 18.958745073564142 ] ] ] } },
{ "type": "Feature", "properties": { "difference_1990_2000": 6.0, "difference_1990_2010": 14.0, "difference_1990_2020": 11.0 }, "geometry": { "type": "Polygon", "coordinates": [ [ [ -99.268404206675825, 18.741048130363872 ], [ -99.263831732967546, 18.741048130363851 ], [ -99.263831732967546, 18.736943315703392 ], [ -99.268404206675825, 18.736943315703392 ], [ -99.268404206675825, 18.741048130363872 ] ] ] } },
{ "type": "Feature", "properties": { "difference_1990_2000": 82.0, "difference_1990_2010": 94.0, "difference_1990_2020": 118.0 }, "geometry": { "type": "Polygon", "coordinates": [ [ [ -99.268404206675825, 18.823165162916485 ], [ -99.263831732967546, 18.823165162916485 ], [ -99.263831732967546, 18.819058371303505 ], [ -99.268404206675825, 18.819058371303505 ], [ -99.268404206675825, 18.823165162916485 ] ] ] } },
{ "type": "Feature", "properties": { "difference_1990_2000": 26.0, "difference_1990_2010": 55.0, "difference_1990_2020": 82.0 }, "geometry": { "type": "Polygon", "coordinates": [ [ [ -99.268404206675825, 19.040967690400819 ], [ -99.263831732967546, 19.040967690400819 ], [ -99.263831732967546, 19.036855605363808 ], [ -99.268404206675825, 19.036855605363844 ], [ -99.268404206675825, 19.040967690400819 ] ] ] } },
{ "type": "Feature", "properties": { "difference_1990_2000": 5.0, "difference_1990_2010": 676.0, "difference_1990_2020": 821.0 }, "geometry": { "type": "Polygon", "coordinates": [ [ [ -99.268404206675825, 18.962855251826873 ], [ -99.263831732967546, 18.962855251826873 ], [ -99.263831732967546, 18.958745073564142 ], [ -99.268404206675825, 18.958745073564142 ], [ -99.268404206675825, 18.962855251826873 ] ] ] } },
{ "type": "Feature", "properties": { "difference_1990_2000": -50.0, "difference_1990_2010": -27.0, "difference_1990_2020": -47.0 }, "geometry": { "type": "Polygon", "coordinates": [ [ [ -99.268404206675825, 18.942305360962511 ], [ -99.263831732967546, 18.942305360962511 ], [ -99.263831732967546, 18.938195682782975 ], [ -99.268404206675825, 18.938195682782975 ], [ -99.268404206675825, 18.942305360962511 ] ] ] } },
{ "type": "Feature", "properties": { "difference_1990_2000": 135.0, "difference_1990_2010": 260.0, "difference_1990_2020": 229.0 }, "geometry": { "type": "Polygon", "coordinates": [ [ [ -99.268404206675825, 18.745153043605534 ], [ -99.263831732967546, 18.745153043605551 ], [ -99.263831732967546, 18.741048130363851 ], [ -99.268404206675825, 18.741048130363872 ], [ -99.268404206675825, 18.745153043605534 ] ] ] } },
{ "type": "Feature", "properties": { "difference_1990_2000": 106.0, "difference_1990_2010": 227.0, "difference_1990_2020": 173.0 }, "geometry": { "type": "Polygon", "coordinates": [ [ [ -99.268404206675825, 18.946415139102097 ], [ -99.263831732967546, 18.946415139102097 ], [ -99.263831732967546, 18.942305360962511 ], [ -99.268404206675825, 18.942305360962511 ], [ -99.268404206675825, 18.946415139102097 ] ] ] } },
{ "type": "Feature", "properties": { "difference_1990_2000": 55.0, "difference_1990_2010": 142.0, "difference_1990_2020": 186.0 }, "geometry": { "type": "Polygon", "coordinates": [ [ [ -99.080932784636488, 18.892995812091637 ], [ -99.076360310928237, 18.892995812091637 ], [ -99.076360310928237, 18.888887331229402 ], [ -99.080932784636488, 18.888887331229387 ], [ -99.080932784636488, 18.892995812091637 ] ] ] } },
{ "type": "Feature", "properties": { "difference_1990_2000": 10.0, "difference_1990_2010": 21.0, "difference_1990_2020": 30.0 }, "geometry": { "type": "Polygon", "coordinates": [ [ [ -99.080932784636488, 18.864238536521988 ], [ -99.076360310928237, 18.864238536521988 ], [ -99.076360310928237, 18.860130752218598 ], [ -99.080932784636488, 18.860130752218581 ], [ -99.080932784636488, 18.864238536521988 ] ] ] } },
{ "type": "Feature", "properties": { "difference_1990_2000": 3.0, "difference_1990_2010": 14.0, "difference_1990_2020": 26.0 }, "geometry": { "type": "Polygon", "coordinates": [ [ [ -99.080932784636488, 18.897104392574974 ], [ -99.076360310928237, 18.897104392574974 ], [ -99.076360310928237, 18.892995812091637 ], [ -99.080932784636488, 18.892995812091637 ], [ -99.080932784636488, 18.897104392574974 ] ] ] } },
{ "type": "Feature", "properties": { "difference_1990_2000": -7.0, "difference_1990_2010": 6.0, "difference_1990_2020": -1.0 }, "geometry": { "type": "Polygon", "coordinates": [ [ [ -99.080932784636488, 18.98751842452592 ], [ -99.076360310928237, 18.98751842452592 ], [ -99.076360310928237, 18.983407645229452 ], [ -99.080932784636488, 18.983407645229434 ], [ -99.080932784636488, 18.98751842452592 ] ] ] } },
{ "type": "Feature", "properties": { "difference_1990_2000": 135.0, "difference_1990_2010": 314.0, "difference_1990_2020": 371.0 }, "geometry": { "type": "Polygon", "coordinates": [ [ [ -99.080932784636488, 18.880670668255728 ], [ -99.076360310928237, 18.880670668255728 ], [ -99.076360310928237, 18.876562486087884 ], [ -99.080932784636488, 18.876562486087852 ], [ -99.080932784636488, 18.880670668255728 ] ] ] } },
{ "type": "Feature", "properties": { "difference_1990_2000": 113.0, "difference_1990_2010": 249.0, "difference_1990_2020": 340.0 }, "geometry": { "type": "Polygon", "coordinates": [ [ [ -99.080932784636488, 18.888887331229387 ], [ -99.076360310928237, 18.888887331229402 ], [ -99.076360310928237, 18.884778949960179 ], [ -99.080932784636488, 18.884778949960179 ], [ -99.080932784636488, 18.888887331229387 ] ] ] } },
{ "type": "Feature", "properties": { "difference_1990_2000": -60.0, "difference_1990_2010": -51.0, "difference_1990_2020": -53.0 }, "geometry": { "type": "Polygon", "coordinates": [ [ [ -99.080932784636488, 18.983407645229434 ], [ -99.076360310928237, 18.983407645229452 ], [ -99.076360310928237, 18.979296966176022 ], [ -99.080932784636488, 18.979296966176022 ], [ -99.080932784636488, 18.983407645229434 ] ] ] } },
{ "type": "Feature", "properties": { "difference_1990_2000": 70.0, "difference_1990_2010": 151.0, "difference_1990_2020": 204.0 }, "geometry": { "type": "Polygon", "coordinates": [ [ [ -99.080932784636488, 18.868346420249129 ], [ -99.076360310928237, 18.868346420249146 ], [ -99.076360310928237, 18.864238536521988 ], [ -99.080932784636488, 18.864238536521988 ], [ -99.080932784636488, 18.868346420249129 ] ] ] } },
{ "type": "Feature", "properties": { "difference_1990_2000": 12.0, "difference_1990_2010": 36.0, "difference_1990_2020": 40.0 }, "geometry": { "type": "Polygon", "coordinates": [ [ [ -99.080932784636488, 18.991629304093838 ], [ -99.076360310928237, 18.991629304093838 ], [ -99.076360310928237, 18.98751842452592 ], [ -99.080932784636488, 18.98751842452592 ], [ -99.080932784636488, 18.991629304093838 ] ] ] } },
{ "type": "Feature", "properties": { "difference_1990_2000": 128.0, "difference_1990_2010": 243.0, "difference_1990_2020": 385.0 }, "geometry": { "type": "Polygon", "coordinates": [ [ [ -99.080932784636488, 18.884778949960179 ], [ -99.076360310928237, 18.884778949960179 ], [ -99.076360310928237, 18.880670668255728 ], [ -99.080932784636488, 18.880670668255728 ], [ -99.080932784636488, 18.884778949960179 ] ] ] } },
{ "type": "Feature", "properties": { "difference_1990_2000": 5.0, "difference_1990_2010": 16.0, "difference_1990_2020": 20.0 }, "geometry": { "type": "Polygon", "coordinates": [ [ [ -99.080932784636488, 18.995740283961542 ], [ -99.076360310928237, 18.995740283961542 ], [ -99.076360310928237, 18.991629304093838 ], [ -99.080932784636488, 18.991629304093838 ], [ -99.080932784636488, 18.995740283961542 ] ] ] } },
{ "type": "Feature", "properties": { "difference_1990_2000": 28.0, "difference_1990_2010": 20.0, "difference_1990_2020": 33.0 }, "geometry": { "type": "Polygon", "coordinates": [ [ [ -99.080932784636488, 18.8560230673109 ], [ -99.076360310928237, 18.856023067310918 ], [ -99.076360310928237, 18.851915481770817 ], [ -99.080932784636488, 18.851915481770817 ], [ -99.080932784636488, 18.8560230673109 ] ] ] } },
{ "type": "Feature", "properties": { "difference_1990_2000": 138.0, "difference_1990_2010": 314.0, "difference_1990_2020": 367.0 }, "geometry": { "type": "Polygon", "coordinates": [ [ [ -99.080932784636488, 18.876562486087852 ], [ -99.076360310928237, 18.876562486087884 ], [ -99.076360310928237, 18.872454403428438 ], [ -99.080932784636488, 18.872454403428407 ], [ -99.080932784636488, 18.876562486087852 ] ] ] } },
{ "type": "Feature", "properties": { "difference_1990_2000": 126.0, "difference_1990_2010": 195.0, "difference_1990_2020": 256.0 }, "geometry": { "type": "Polygon", "coordinates": [ [ [ -99.080932784636488, 18.872454403428407 ], [ -99.076360310928237, 18.872454403428438 ], [ -99.076360310928237, 18.868346420249146 ], [ -99.080932784636488, 18.868346420249129 ], [ -99.080932784636488, 18.872454403428407 ] ] ] } },
{ "type": "Feature", "properties": { "difference_1990_2000": 195.0, "difference_1990_2010": 352.0, "difference_1990_2020": 501.0 }, "geometry": { "type": "Polygon", "coordinates": [ [ [ -99.259259259259281, 18.839593321074069 ], [ -99.254686785551002, 18.839593321074069 ], [ -99.254686785551002, 18.835486132722622 ], [ -99.259259259259281, 18.835486132722622 ], [ -99.259259259259281, 18.839593321074069 ] ] ] } },
{ "type": "Feature", "properties": { "difference_1990_2000": 52.0, "difference_1990_2010": 68.0, "difference_1990_2020": 75.0 }, "geometry": { "type": "Polygon", "coordinates": [ [ [ -99.259259259259281, 18.864238536521988 ], [ -99.254686785551002, 18.864238536521956 ], [ -99.254686785551002, 18.860130752218581 ], [ -99.259259259259281, 18.860130752218581 ], [ -99.259259259259281, 18.864238536521988 ] ] ] } },
{ "type": "Feature", "properties": { "difference_1990_2000": 0.0, "difference_1990_2010": 8.0, "difference_1990_2020": 16.0 }, "geometry": { "type": "Polygon", "coordinates": [ [ [ -99.259259259259281, 18.860130752218581 ], [ -99.254686785551002, 18.860130752218581 ], [ -99.254686785551002, 18.856023067310918 ], [ -99.259259259259281, 18.85602306731095 ], [ -99.259259259259281, 18.860130752218581 ] ] ] } },
{ "type": "Feature", "properties": { "difference_1990_2000": 42.0, "difference_1990_2010": 66.0, "difference_1990_2020": 31.0 }, "geometry": { "type": "Polygon", "coordinates": [ [ [ -99.259259259259281, 18.732838599596199 ], [ -99.254686785551002, 18.732838599596164 ], [ -99.254686785551002, 18.72873398201417 ], [ -99.259259259259281, 18.728733982014187 ], [ -99.259259259259281, 18.732838599596199 ] ] ] } },
{ "type": "Feature", "properties": { "difference_1990_2000": 195.0, "difference_1990_2010": 399.0, "difference_1990_2020": 508.0 }, "geometry": { "type": "Polygon", "coordinates": [ [ [ -99.259259259259281, 18.835486132722622 ], [ -99.254686785551002, 18.835486132722622 ], [ -99.254686785551002, 18.831379043597938 ], [ -99.259259259259281, 18.831379043597938 ], [ -99.259259259259281, 18.835486132722622 ] ] ] } },
{ "type": "Feature", "properties": { "difference_1990_2000": -475.0, "difference_1990_2010": -344.0, "difference_1990_2020": -459.0 }, "geometry": { "type": "Polygon", "coordinates": [ [ [ -99.259259259259281, 18.938195682783007 ], [ -99.254686785551002, 18.938195682783007 ], [ -99.254686785551002, 18.934086104535261 ], [ -99.259259259259281, 18.934086104535261 ], [ -99.259259259259281, 18.938195682783007 ] ] ] } },
{ "type": "Feature", "properties": { "difference_1990_2000": 432.0, "difference_1990_2010": 678.0, "difference_1990_2020": 828.0 }, "geometry": { "type": "Polygon", "coordinates": [ [ [ -99.259259259259281, 18.831379043597938 ], [ -99.254686785551002, 18.831379043597938 ], [ -99.254686785551002, 18.827272053671955 ], [ -99.259259259259281, 18.827272053671955 ], [ -99.259259259259281, 18.831379043597938 ] ] ] } },
{ "type": "Feature", "properties": { "difference_1990_2000": 112.0, "difference_1990_2010": 108.0, "difference_1990_2020": 59.0 }, "geometry": { "type": "Polygon", "coordinates": [ [ [ -99.259259259259281, 18.749258055456497 ], [ -99.254686785551002, 18.749258055456497 ], [ -99.254686785551002, 18.745153043605551 ], [ -99.259259259259281, 18.745153043605551 ], [ -99.259259259259281, 18.749258055456497 ] ] ] } },
{ "type": "Feature", "properties": { "difference_1990_2000": 6.0, "difference_1990_2010": 89.0, "difference_1990_2020": 17.0 }, "geometry": { "type": "Polygon", "coordinates": [ [ [ -99.259259259259281, 19.036855605363844 ], [ -99.254686785551002, 19.036855605363844 ], [ -99.254686785551002, 19.032743620938657 ], [ -99.259259259259281, 19.032743620938696 ], [ -99.259259259259281, 19.036855605363844 ] ] ] } },
{ "type": "Feature", "properties": { "difference_1990_2000": 206.0, "difference_1990_2010": 326.0, "difference_1990_2020": 428.0 }, "geometry": { "type": "Polygon", "coordinates": [ [ [ -99.259259259259281, 18.98751842452592 ], [ -99.254686785551002, 18.98751842452592 ], [ -99.254686785551002, 18.983407645229434 ], [ -99.259259259259281, 18.983407645229434 ], [ -99.259259259259281, 18.98751842452592 ] ] ] } },
{ "type": "Feature", "properties": { "difference_1990_2000": 205.0, "difference_1990_2010": 831.0, "difference_1990_2020": 985.0 }, "geometry": { "type": "Polygon", "coordinates": [ [ [ -99.259259259259281, 18.954634995374633 ], [ -99.254686785551002, 18.954634995374633 ], [ -99.254686785551002, 18.950525017230078 ], [ -99.259259259259281, 18.950525017230078 ], [ -99.259259259259281, 18.954634995374633 ] ] ] } },
{ "type": "Feature", "properties": { "difference_1990_2000": 180.0, "difference_1990_2010": 278.0, "difference_1990_2020": 316.0 }, "geometry": { "type": "Polygon", "coordinates": [ [ [ -99.259259259259281, 18.979296966176022 ], [ -99.254686785551002, 18.979296966176047 ], [ -99.254686785551002, 18.975186387337384 ], [ -99.259259259259281, 18.975186387337384 ], [ -99.259259259259281, 18.979296966176022 ] ] ] } },
{ "type": "Feature", "properties": { "difference_1990_2000": 4.0, "difference_1990_2010": 3.0, "difference_1990_2020": 1.0 }, "geometry": { "type": "Polygon", "coordinates": [ [ [ -99.259259259259281, 18.75336316594468 ], [ -99.254686785551002, 18.75336316594468 ], [ -99.254686785551002, 18.749258055456497 ], [ -99.259259259259281, 18.749258055456497 ], [ -99.259259259259281, 18.75336316594468 ] ] ] } },
{ "type": "Feature", "properties": { "difference_1990_2000": 128.0, "difference_1990_2010": 189.0, "difference_1990_2020": 224.0 }, "geometry": { "type": "Polygon", "coordinates": [ [ [ -99.259259259259281, 18.975186387337384 ], [ -99.254686785551002, 18.975186387337384 ], [ -99.254686785551002, 18.971075908685147 ], [ -99.259259259259281, 18.971075908685147 ], [ -99.259259259259281, 18.975186387337384 ] ] ] } },
{ "type": "Feature", "properties": { "difference_1990_2000": 0.0, "difference_1990_2010": 0.0, "difference_1990_2020": 327.0 }, "geometry": { "type": "Polygon", "coordinates": [ [ [ -99.259259259259281, 18.880670668255728 ], [ -99.254686785551002, 18.880670668255728 ], [ -99.254686785551002, 18.876562486087884 ], [ -99.259259259259281, 18.876562486087884 ], [ -99.259259259259281, 18.880670668255728 ] ] ] } },
{ "type": "Feature", "properties": { "difference_1990_2000": 385.0, "difference_1990_2010": 652.0, "difference_1990_2020": 759.0 }, "geometry": { "type": "Polygon", "coordinates": [ [ [ -99.259259259259281, 18.827272053671955 ], [ -99.254686785551002, 18.827272053671955 ], [ -99.254686785551002, 18.823165162916485 ], [ -99.259259259259281, 18.823165162916485 ], [ -99.259259259259281, 18.827272053671955 ] ] ] } },
{ "type": "Feature", "properties": { "difference_1990_2000": 59.0, "difference_1990_2010": 412.0, "difference_1990_2020": 606.0 }, "geometry": { "type": "Polygon", "coordinates": [ [ [ -99.259259259259281, 18.950525017230078 ], [ -99.254686785551002, 18.950525017230078 ], [ -99.254686785551002, 18.946415139102097 ], [ -99.259259259259281, 18.946415139102097 ], [ -99.259259259259281, 18.950525017230078 ] ] ] } },
{ "type": "Feature", "properties": { "difference_1990_2000": 212.0, "difference_1990_2010": 405.0, "difference_1990_2020": 508.0 }, "geometry": { "type": "Polygon", "coordinates": [ [ [ -99.259259259259281, 18.81495167880481 ], [ -99.254686785551002, 18.81495167880481 ], [ -99.254686785551002, 18.810845085392366 ], [ -99.259259259259281, 18.810845085392398 ], [ -99.259259259259281, 18.81495167880481 ] ] ] } },
{ "type": "Feature", "properties": { "difference_1990_2000": 63.0, "difference_1990_2010": 52.0, "difference_1990_2020": 64.0 }, "geometry": { "type": "Polygon", "coordinates": [ [ [ -99.259259259259281, 18.971075908685147 ], [ -99.254686785551002, 18.971075908685147 ], [ -99.254686785551002, 18.966965530191072 ], [ -99.259259259259281, 18.966965530191111 ], [ -99.259259259259281, 18.971075908685147 ] ] ] } },
{ "type": "Feature", "properties": { "difference_1990_2000": 252.0, "difference_1990_2010": 400.0, "difference_1990_2020": 463.0 }, "geometry": { "type": "Polygon", "coordinates": [ [ [ -99.259259259259281, 18.819058371303505 ], [ -99.254686785551002, 18.819058371303505 ], [ -99.254686785551002, 18.814951678804846 ], [ -99.259259259259281, 18.814951678804846 ], [ -99.259259259259281, 18.819058371303505 ] ] ] } },
{ "type": "Feature", "properties": { "difference_1990_2000": 0.0, "difference_1990_2010": 0.0, "difference_1990_2020": 8.0 }, "geometry": { "type": "Polygon", "coordinates": [ [ [ -99.259259259259281, 18.888887331229387 ], [ -99.254686785551002, 18.888887331229402 ], [ -99.254686785551002, 18.884778949960179 ], [ -99.259259259259281, 18.884778949960197 ], [ -99.259259259259281, 18.888887331229387 ] ] ] } },
{ "type": "Feature", "properties": { "difference_1990_2000": -124.0, "difference_1990_2010": -53.0, "difference_1990_2020": -146.0 }, "geometry": { "type": "Polygon", "coordinates": [ [ [ -99.259259259259281, 18.934086104535261 ], [ -99.254686785551002, 18.934086104535261 ], [ -99.254686785551002, 18.929976626191074 ], [ -99.259259259259281, 18.929976626191074 ], [ -99.259259259259281, 18.934086104535261 ] ] ] } },
{ "type": "Feature", "properties": { "difference_1990_2000": 2.0, "difference_1990_2010": 0.0, "difference_1990_2020": 4.0 }, "geometry": { "type": "Polygon", "coordinates": [ [ [ -99.259259259259281, 19.028631737097001 ], [ -99.254686785551002, 19.028631737097001 ], [ -99.254686785551002, 19.024519953810373 ], [ -99.259259259259281, 19.024519953810373 ], [ -99.259259259259281, 19.028631737097001 ] ] ] } },
{ "type": "Feature", "properties": { "difference_1990_2000": 229.0, "difference_1990_2010": 359.0, "difference_1990_2020": 455.0 }, "geometry": { "type": "Polygon", "coordinates": [ [ [ -99.259259259259281, 18.983407645229434 ], [ -99.254686785551002, 18.983407645229434 ], [ -99.254686785551002, 18.979296966176047 ], [ -99.259259259259281, 18.979296966176022 ], [ -99.259259259259281, 18.983407645229434 ] ] ] } },
{ "type": "Feature", "properties": { "difference_1990_2000": 21.0, "difference_1990_2010": 57.0, "difference_1990_2020": 65.0 }, "geometry": { "type": "Polygon", "coordinates": [ [ [ -99.259259259259281, 19.032743620938696 ], [ -99.254686785551002, 19.032743620938657 ], [ -99.254686785551002, 19.028631737097001 ], [ -99.259259259259281, 19.028631737097001 ], [ -99.259259259259281, 19.032743620938696 ] ] ] } },
{ "type": "Feature", "properties": { "difference_1990_2000": 155.0, "difference_1990_2010": 254.0, "difference_1990_2020": 367.0 }, "geometry": { "type": "Polygon", "coordinates": [ [ [ -99.259259259259281, 18.991629304093838 ], [ -99.254686785551002, 18.991629304093838 ], [ -99.254686785551002, 18.98751842452592 ], [ -99.259259259259281, 18.98751842452592 ], [ -99.259259259259281, 18.991629304093838 ] ] ] } },
{ "type": "Feature", "properties": { "difference_1990_2000": 138.0, "difference_1990_2010": 163.0, "difference_1990_2020": 179.0 }, "geometry": { "type": "Polygon", "coordinates": [ [ [ -99.259259259259281, 18.868346420249146 ], [ -99.254686785551002, 18.868346420249146 ], [ -99.254686785551002, 18.864238536521956 ], [ -99.259259259259281, 18.864238536521988 ], [ -99.259259259259281, 18.868346420249146 ] ] ] } },
{ "type": "Feature", "properties": { "difference_1990_2000": 112.0, "difference_1990_2010": 190.0, "difference_1990_2020": 316.0 }, "geometry": { "type": "Polygon", "coordinates": [ [ [ -99.259259259259281, 18.999851364157323 ], [ -99.254686785551002, 18.999851364157323 ], [ -99.254686785551002, 18.995740283961542 ], [ -99.259259259259281, 18.995740283961542 ], [ -99.259259259259281, 18.999851364157323 ] ] ] } },
{ "type": "Feature", "properties": { "difference_1990_2000": 0.0, "difference_1990_2010": 0.0, "difference_1990_2020": 237.0 }, "geometry": { "type": "Polygon", "coordinates": [ [ [ -99.259259259259281, 18.884778949960197 ], [ -99.254686785551002, 18.884778949960179 ], [ -99.254686785551002, 18.880670668255728 ], [ -99.259259259259281, 18.880670668255728 ], [ -99.259259259259281, 18.884778949960197 ] ] ] } },
{ "type": "Feature", "properties": { "difference_1990_2000": 208.0, "difference_1990_2010": 396.0, "difference_1990_2020": 392.0 }, "geometry": { "type": "Polygon", "coordinates": [ [ [ -99.259259259259281, 18.736943315703392 ], [ -99.254686785551002, 18.736943315703392 ], [ -99.254686785551002, 18.732838599596164 ], [ -99.259259259259281, 18.732838599596199 ], [ -99.259259259259281, 18.736943315703392 ] ] ] } },
{ "type": "Feature", "properties": { "difference_1990_2000": 108.0, "difference_1990_2010": 183.0, "difference_1990_2020": 303.0 }, "geometry": { "type": "Polygon", "coordinates": [ [ [ -99.259259259259281, 18.995740283961542 ], [ -99.254686785551002, 18.995740283961542 ], [ -99.254686785551002, 18.991629304093838 ], [ -99.259259259259281, 18.991629304093838 ], [ -99.259259259259281, 18.995740283961542 ] ] ] } },
{ "type": "Feature", "properties": { "difference_1990_2000": 45.0, "difference_1990_2010": 46.0, "difference_1990_2020": 42.0 }, "geometry": { "type": "Polygon", "coordinates": [ [ [ -99.259259259259281, 18.966965530191111 ], [ -99.254686785551002, 18.966965530191072 ], [ -99.254686785551002, 18.962855251826873 ], [ -99.259259259259281, 18.962855251826873 ], [ -99.259259259259281, 18.966965530191111 ] ] ] } },
{ "type": "Feature", "properties": { "difference_1990_2000": 1417.0, "difference_1990_2010": 1988.0, "difference_1990_2020": 1788.0 }, "geometry": { "type": "Polygon", "coordinates": [ [ [ -99.259259259259281, 18.958745073564142 ], [ -99.254686785551002, 18.958745073564142 ], [ -99.254686785551002, 18.954634995374633 ], [ -99.259259259259281, 18.954634995374633 ], [ -99.259259259259281, 18.958745073564142 ] ] ] } },
{ "type": "Feature", "properties": { "difference_1990_2000": 173.0, "difference_1990_2010": 201.0, "difference_1990_2020": 218.0 }, "geometry": { "type": "Polygon", "coordinates": [ [ [ -99.259259259259281, 18.741048130363872 ], [ -99.254686785551002, 18.741048130363872 ], [ -99.254686785551002, 18.736943315703392 ], [ -99.259259259259281, 18.736943315703392 ], [ -99.259259259259281, 18.741048130363872 ] ] ] } },
{ "type": "Feature", "properties": { "difference_1990_2000": 20.0, "difference_1990_2010": 39.0, "difference_1990_2020": 58.0 }, "geometry": { "type": "Polygon", "coordinates": [ [ [ -99.259259259259281, 19.003962544709601 ], [ -99.254686785551002, 19.003962544709601 ], [ -99.254686785551002, 18.999851364157323 ], [ -99.259259259259281, 18.999851364157323 ], [ -99.259259259259281, 19.003962544709601 ] ] ] } },
{ "type": "Feature", "properties": { "difference_1990_2000": 718.0, "difference_1990_2010": 961.0, "difference_1990_2020": 1078.0 }, "geometry": { "type": "Polygon", "coordinates": [ [ [ -99.259259259259281, 18.823165162916485 ], [ -99.254686785551002, 18.823165162916485 ], [ -99.254686785551002, 18.819058371303505 ], [ -99.259259259259281, 18.819058371303505 ], [ -99.259259259259281, 18.823165162916485 ] ] ] } },
{ "type": "Feature", "properties": { "difference_1990_2000": 62.0, "difference_1990_2010": 116.0, "difference_1990_2020": 150.0 }, "geometry": { "type": "Polygon", "coordinates": [ [ [ -99.259259259259281, 18.962855251826873 ], [ -99.254686785551002, 18.962855251826873 ], [ -99.254686785551002, 18.958745073564142 ], [ -99.259259259259281, 18.958745073564142 ], [ -99.259259259259281, 18.962855251826873 ] ] ] } },
{ "type": "Feature", "properties": { "difference_1990_2000": 0.0, "difference_1990_2010": 0.0, "difference_1990_2020": 97.0 }, "geometry": { "type": "Polygon", "coordinates": [ [ [ -99.259259259259281, 18.876562486087884 ], [ -99.254686785551002, 18.876562486087884 ], [ -99.254686785551002, 18.872454403428438 ], [ -99.259259259259281, 18.872454403428438 ], [ -99.259259259259281, 18.876562486087884 ] ] ] } },
{ "type": "Feature", "properties": { "difference_1990_2000": 0.0, "difference_1990_2010": 1.0, "difference_1990_2020": 0.0 }, "geometry": { "type": "Polygon", "coordinates": [ [ [ -99.259259259259281, 19.040967690400869 ], [ -99.254686785551002, 19.040967690400851 ], [ -99.254686785551002, 19.036855605363844 ], [ -99.259259259259281, 19.036855605363844 ], [ -99.259259259259281, 19.040967690400869 ] ] ] } },
{ "type": "Feature", "properties": { "difference_1990_2000": 40.0, "difference_1990_2010": 75.0, "difference_1990_2020": 6.0 }, "geometry": { "type": "Polygon", "coordinates": [ [ [ -99.259259259259281, 18.942305360962511 ], [ -99.254686785551002, 18.942305360962511 ], [ -99.254686785551002, 18.938195682783007 ], [ -99.259259259259281, 18.938195682783007 ], [ -99.259259259259281, 18.942305360962511 ] ] ] } },
{ "type": "Feature", "properties": { "difference_1990_2000": 0.0, "difference_1990_2010": 0.0, "difference_1990_2020": 22.0 }, "geometry": { "type": "Polygon", "coordinates": [ [ [ -99.259259259259281, 18.872454403428438 ], [ -99.254686785551002, 18.872454403428438 ], [ -99.254686785551002, 18.868346420249146 ], [ -99.259259259259281, 18.868346420249146 ], [ -99.259259259259281, 18.872454403428438 ] ] ] } },
{ "type": "Feature", "properties": { "difference_1990_2000": 41.0, "difference_1990_2010": 177.0, "difference_1990_2020": 257.0 }, "geometry": { "type": "Polygon", "coordinates": [ [ [ -99.259259259259281, 18.810845085392398 ], [ -99.254686785551002, 18.810845085392366 ], [ -99.254686785551002, 18.806738591038023 ], [ -99.259259259259281, 18.806738591038023 ], [ -99.259259259259281, 18.810845085392398 ] ] ] } },
{ "type": "Feature", "properties": { "difference_1990_2000": 41.0, "difference_1990_2010": 76.0, "difference_1990_2020": 107.0 }, "geometry": { "type": "Polygon", "coordinates": [ [ [ -99.259259259259281, 18.843700608680571 ], [ -99.254686785551002, 18.843700608680571 ], [ -99.254686785551002, 18.839593321074069 ], [ -99.259259259259281, 18.839593321074069 ], [ -99.259259259259281, 18.843700608680571 ] ] ] } },
{ "type": "Feature", "properties": { "difference_1990_2000": 61.0, "difference_1990_2010": 105.0, "difference_1990_2020": 44.0 }, "geometry": { "type": "Polygon", "coordinates": [ [ [ -99.259259259259281, 18.929976626191074 ], [ -99.254686785551002, 18.929976626191074 ], [ -99.254686785551002, 18.925867247722184 ], [ -99.259259259259281, 18.925867247722206 ], [ -99.259259259259281, 18.929976626191074 ] ] ] } },
{ "type": "Feature", "properties": { "difference_1990_2000": 150.0, "difference_1990_2010": 155.0, "difference_1990_2020": 140.0 }, "geometry": { "type": "Polygon", "coordinates": [ [ [ -99.259259259259281, 18.745153043605551 ], [ -99.254686785551002, 18.745153043605551 ], [ -99.254686785551002, 18.741048130363872 ], [ -99.259259259259281, 18.741048130363872 ], [ -99.259259259259281, 18.745153043605551 ] ] ] } },
{ "type": "Feature", "properties": { "difference_1990_2000": 69.0, "difference_1990_2010": 150.0, "difference_1990_2020": 193.0 }, "geometry": { "type": "Polygon", "coordinates": [ [ [ -99.259259259259281, 18.946415139102097 ], [ -99.254686785551002, 18.946415139102097 ], [ -99.254686785551002, 18.942305360962511 ], [ -99.259259259259281, 18.942305360962511 ], [ -99.259259259259281, 18.946415139102097 ] ] ] } },
{ "type": "Feature", "properties": { "difference_1990_2000": 135.0, "difference_1990_2010": 193.0, "difference_1990_2020": 260.0 }, "geometry": { "type": "Polygon", "coordinates": [ [ [ -99.071787837219958, 18.864238536521956 ], [ -99.067215363511679, 18.864238536521988 ], [ -99.067215363511679, 18.860130752218581 ], [ -99.071787837219958, 18.860130752218598 ], [ -99.071787837219958, 18.864238536521956 ] ] ] } },
{ "type": "Feature", "properties": { "difference_1990_2000": 226.0, "difference_1990_2010": 335.0, "difference_1990_2020": 361.0 }, "geometry": { "type": "Polygon", "coordinates": [ [ [ -99.071787837219958, 18.892995812091637 ], [ -99.067215363511679, 18.892995812091637 ], [ -99.067215363511679, 18.888887331229441 ], [ -99.071787837219958, 18.888887331229402 ], [ -99.071787837219958, 18.892995812091637 ] ] ] } },
{ "type": "Feature", "properties": { "difference_1990_2000": 134.0, "difference_1990_2010": 182.0, "difference_1990_2020": 221.0 }, "geometry": { "type": "Polygon", "coordinates": [ [ [ -99.071787837219958, 18.860130752218598 ], [ -99.067215363511679, 18.860130752218581 ], [ -99.067215363511679, 18.856023067310918 ], [ -99.071787837219958, 18.856023067310918 ], [ -99.071787837219958, 18.860130752218598 ] ] ] } },
{ "type": "Feature", "properties": { "difference_1990_2000": 186.0, "difference_1990_2010": 295.0, "difference_1990_2020": 367.0 }, "geometry": { "type": "Polygon", "coordinates": [ [ [ -99.071787837219958, 18.897104392574985 ], [ -99.067215363511679, 18.897104392574985 ], [ -99.067215363511679, 18.892995812091637 ], [ -99.071787837219958, 18.892995812091637 ], [ -99.071787837219958, 18.897104392574985 ] ] ] } },
{ "type": "Feature", "properties": { "difference_1990_2000": 3.0, "difference_1990_2010": 4.0, "difference_1990_2020": 10.0 }, "geometry": { "type": "Polygon", "coordinates": [ [ [ -99.071787837219958, 18.98751842452592 ], [ -99.067215363511679, 18.98751842452592 ], [ -99.067215363511679, 18.983407645229434 ], [ -99.071787837219958, 18.983407645229452 ], [ -99.071787837219958, 18.98751842452592 ] ] ] } },
{ "type": "Feature", "properties": { "difference_1990_2000": 0.0, "difference_1990_2010": -18.0, "difference_1990_2020": -18.0 }, "geometry": { "type": "Polygon", "coordinates": [ [ [ -99.071787837219958, 18.979296966176022 ], [ -99.067215363511679, 18.979296966176022 ], [ -99.067215363511679, 18.975186387337384 ], [ -99.071787837219958, 18.975186387337384 ], [ -99.071787837219958, 18.979296966176022 ] ] ] } },
{ "type": "Feature", "properties": { "difference_1990_2000": 65.0, "difference_1990_2010": 150.0, "difference_1990_2020": 251.0 }, "geometry": { "type": "Polygon", "coordinates": [ [ [ -99.071787837219958, 18.905321852518146 ], [ -99.067215363511679, 18.905321852518163 ], [ -99.067215363511679, 18.901213072707801 ], [ -99.071787837219958, 18.901213072707769 ], [ -99.071787837219958, 18.905321852518146 ] ] ] } },
{ "type": "Feature", "properties": { "difference_1990_2000": 338.0, "difference_1990_2010": 374.0, "difference_1990_2020": 382.0 }, "geometry": { "type": "Polygon", "coordinates": [ [ [ -99.071787837219958, 18.880670668255728 ], [ -99.067215363511679, 18.880670668255728 ], [ -99.067215363511679, 18.876562486087899 ], [ -99.071787837219958, 18.876562486087899 ], [ -99.071787837219958, 18.880670668255728 ] ] ] } },
{ "type": "Feature", "properties": { "difference_1990_2000": -164.0, "difference_1990_2010": -124.0, "difference_1990_2020": -176.0 }, "geometry": { "type": "Polygon", "coordinates": [ [ [ -99.071787837219958, 18.888887331229402 ], [ -99.067215363511679, 18.888887331229441 ], [ -99.067215363511679, 18.884778949960179 ], [ -99.071787837219958, 18.884778949960179 ], [ -99.071787837219958, 18.888887331229402 ] ] ] } },
{ "type": "Feature", "properties": { "difference_1990_2000": 0.0, "difference_1990_2010": 0.0, "difference_1990_2020": 1.0 }, "geometry": { "type": "Polygon", "coordinates": [ [ [ -99.071787837219958, 18.991629304093838 ], [ -99.067215363511679, 18.991629304093838 ], [ -99.067215363511679, 18.98751842452592 ], [ -99.071787837219958, 18.98751842452592 ], [ -99.071787837219958, 18.991629304093838 ] ] ] } },
{ "type": "Feature", "properties": { "difference_1990_2000": 0.0, "difference_1990_2010": -39.0, "difference_1990_2020": -36.0 }, "geometry": { "type": "Polygon", "coordinates": [ [ [ -99.071787837219958, 18.983407645229452 ], [ -99.067215363511679, 18.983407645229434 ], [ -99.067215363511679, 18.979296966176022 ], [ -99.071787837219958, 18.979296966176022 ], [ -99.071787837219958, 18.983407645229452 ] ] ] } },
{ "type": "Feature", "properties": { "difference_1990_2000": 134.0, "difference_1990_2010": 192.0, "difference_1990_2020": 254.0 }, "geometry": { "type": "Polygon", "coordinates": [ [ [ -99.071787837219958, 18.868346420249146 ], [ -99.067215363511679, 18.868346420249178 ], [ -99.067215363511679, 18.864238536521988 ], [ -99.071787837219958, 18.864238536521956 ], [ -99.071787837219958, 18.868346420249146 ] ] ] } },
{ "type": "Feature", "properties": { "difference_1990_2000": 691.0, "difference_1990_2010": 755.0, "difference_1990_2020": 711.0 }, "geometry": { "type": "Polygon", "coordinates": [ [ [ -99.071787837219958, 18.884778949960179 ], [ -99.067215363511679, 18.884778949960179 ], [ -99.067215363511679, 18.880670668255728 ], [ -99.071787837219958, 18.880670668255728 ], [ -99.071787837219958, 18.884778949960179 ] ] ] } },
{ "type": "Feature", "properties": { "difference_1990_2000": 0.0, "difference_1990_2010": 1.0, "difference_1990_2020": 0.0 }, "geometry": { "type": "Polygon", "coordinates": [ [ [ -99.071787837219958, 18.909430732034405 ], [ -99.067215363511679, 18.909430732034405 ], [ -99.067215363511679, 18.905321852518163 ], [ -99.071787837219958, 18.905321852518146 ], [ -99.071787837219958, 18.909430732034405 ] ] ] } },
{ "type": "Feature", "properties": { "difference_1990_2000": 28.0, "difference_1990_2010": 65.0, "difference_1990_2020": 67.0 }, "geometry": { "type": "Polygon", "coordinates": [ [ [ -99.071787837219958, 18.856023067310918 ], [ -99.067215363511679, 18.856023067310918 ], [ -99.067215363511679, 18.851915481770817 ], [ -99.071787837219958, 18.851915481770849 ], [ -99.071787837219958, 18.856023067310918 ] ] ] } },
{ "type": "Feature", "properties": { "difference_1990_2000": 162.0, "difference_1990_2010": 256.0, "difference_1990_2020": 269.0 }, "geometry": { "type": "Polygon", "coordinates": [ [ [ -99.071787837219958, 18.876562486087899 ], [ -99.067215363511679, 18.876562486087899 ], [ -99.067215363511679, 18.872454403428438 ], [ -99.071787837219958, 18.872454403428438 ], [ -99.071787837219958, 18.876562486087899 ] ] ] } },
{ "type": "Feature", "properties": { "difference_1990_2000": 120.0, "difference_1990_2010": 236.0, "difference_1990_2020": 354.0 }, "geometry": { "type": "Polygon", "coordinates": [ [ [ -99.071787837219958, 18.901213072707769 ], [ -99.067215363511679, 18.901213072707801 ], [ -99.067215363511679, 18.897104392574985 ], [ -99.071787837219958, 18.897104392574985 ], [ -99.071787837219958, 18.901213072707769 ] ] ] } },
{ "type": "Feature", "properties": { "difference_1990_2000": 92.0, "difference_1990_2010": 182.0, "difference_1990_2020": 241.0 }, "geometry": { "type": "Polygon", "coordinates": [ [ [ -99.071787837219958, 18.872454403428438 ], [ -99.067215363511679, 18.872454403428438 ], [ -99.067215363511679, 18.868346420249178 ], [ -99.071787837219958, 18.868346420249146 ], [ -99.071787837219958, 18.872454403428438 ] ] ] } },
{ "type": "Feature", "properties": { "difference_1990_2000": 251.0, "difference_1990_2010": 509.0, "difference_1990_2020": 667.0 }, "geometry": { "type": "Polygon", "coordinates": [ [ [ -99.250114311842694, 18.839593321074087 ], [ -99.245541838134457, 18.839593321074126 ], [ -99.245541838134457, 18.835486132722622 ], [ -99.250114311842694, 18.835486132722654 ], [ -99.250114311842694, 18.839593321074087 ] ] ] } },
{ "type": "Feature", "properties": { "difference_1990_2000": 323.0, "difference_1990_2010": 273.0, "difference_1990_2020": 19.0 }, "geometry": { "type": "Polygon", "coordinates": [ [ [ -99.250114311842694, 18.921757969100355 ], [ -99.245541838134457, 18.921757969100319 ], [ -99.245541838134457, 18.917648790297225 ], [ -99.250114311842694, 18.917648790297225 ], [ -99.250114311842694, 18.921757969100355 ] ] ] } },
{ "type": "Feature", "properties": { "difference_1990_2000": 372.0, "difference_1990_2010": 518.0, "difference_1990_2020": 569.0 }, "geometry": { "type": "Polygon", "coordinates": [ [ [ -99.250114311842694, 18.864238536521988 ], [ -99.245541838134457, 18.864238536521988 ], [ -99.245541838134457, 18.860130752218598 ], [ -99.250114311842694, 18.860130752218598 ], [ -99.250114311842694, 18.864238536521988 ] ] ] } },
{ "type": "Feature", "properties": { "difference_1990_2000": 234.0, "difference_1990_2010": 335.0, "difference_1990_2020": 357.0 }, "geometry": { "type": "Polygon", "coordinates": [ [ [ -99.250114311842694, 18.860130752218598 ], [ -99.245541838134457, 18.860130752218598 ], [ -99.245541838134457, 18.856023067310918 ], [ -99.250114311842694, 18.85602306731095 ], [ -99.250114311842694, 18.860130752218598 ] ] ] } },
{ "type": "Feature", "properties": { "difference_1990_2000": 0.0, "difference_1990_2010": 0.0, "difference_1990_2020": 870.0 }, "geometry": { "type": "Polygon", "coordinates": [ [ [ -99.250114311842694, 18.679486245814726 ], [ -99.245541838134457, 18.679486245814726 ], [ -99.245541838134457, 18.675382906515434 ], [ -99.250114311842694, 18.675382906515434 ], [ -99.250114311842694, 18.679486245814726 ] ] ] } },
{ "type": "Feature", "properties": { "difference_1990_2000": 290.0, "difference_1990_2010": 580.0, "difference_1990_2020": 788.0 }, "geometry": { "type": "Polygon", "coordinates": [ [ [ -99.250114311842694, 18.835486132722654 ], [ -99.245541838134457, 18.835486132722622 ], [ -99.245541838134457, 18.831379043597988 ], [ -99.250114311842694, 18.831379043597938 ], [ -99.250114311842694, 18.835486132722654 ] ] ] } },
{ "type": "Feature", "properties": { "difference_1990_2000": -64.0, "difference_1990_2010": -220.0, "difference_1990_2020": -314.0 }, "geometry": { "type": "Polygon", "coordinates": [ [ [ -99.250114311842694, 18.938195682783007 ], [ -99.245541838134457, 18.938195682783007 ], [ -99.245541838134457, 18.934086104535261 ], [ -99.250114311842694, 18.934086104535261 ], [ -99.250114311842694, 18.938195682783007 ] ] ] } },
{ "type": "Feature", "properties": { "difference_1990_2000": 211.0, "difference_1990_2010": 449.0, "difference_1990_2020": 606.0 }, "geometry": { "type": "Polygon", "coordinates": [ [ [ -99.250114311842694, 18.831379043597938 ], [ -99.245541838134457, 18.831379043597988 ], [ -99.245541838134457, 18.827272053671955 ], [ -99.250114311842694, 18.827272053671955 ], [ -99.250114311842694, 18.831379043597938 ] ] ] } },
{ "type": "Feature", "properties": { "difference_1990_2000": 0.0, "difference_1990_2010": 0.0, "difference_1990_2020": 969.0 }, "geometry": { "type": "Polygon", "coordinates": [ [ [ -99.250114311842694, 18.695900584908721 ], [ -99.245541838134457, 18.695900584908721 ], [ -99.245541838134457, 18.691796852794855 ], [ -99.250114311842694, 18.691796852794855 ], [ -99.250114311842694, 18.695900584908721 ] ] ] } },
{ "type": "Feature", "properties": { "difference_1990_2000": 42.0, "difference_1990_2010": 77.0, "difference_1990_2020": 82.0 }, "geometry": { "type": "Polygon", "coordinates": [ [ [ -99.250114311842694, 18.954634995374633 ], [ -99.245541838134457, 18.954634995374633 ], [ -99.245541838134457, 18.950525017230095 ], [ -99.250114311842694, 18.950525017230078 ], [ -99.250114311842694, 18.954634995374633 ] ] ] } },
{ "type": "Feature", "properties": { "difference_1990_2000": 194.0, "difference_1990_2010": 304.0, "difference_1990_2020": 443.0 }, "geometry": { "type": "Polygon", "coordinates": [ [ [ -99.250114311842694, 18.987518424525938 ], [ -99.245541838134457, 18.98751842452592 ], [ -99.245541838134457, 18.983407645229434 ], [ -99.250114311842694, 18.983407645229434 ], [ -99.250114311842694, 18.987518424525938 ] ] ] } },
{ "type": "Feature", "properties": { "difference_1990_2000": 233.0, "difference_1990_2010": 312.0, "difference_1990_2020": 337.0 }, "geometry": { "type": "Polygon", "coordinates": [ [ [ -99.250114311842694, 18.975186387337384 ], [ -99.245541838134457, 18.975186387337398 ], [ -99.245541838134457, 18.971075908685183 ], [ -99.250114311842694, 18.971075908685183 ], [ -99.250114311842694, 18.975186387337384 ] ] ] } },
{ "type": "Feature", "properties": { "difference_1990_2000": 205.0, "difference_1990_2010": 312.0, "difference_1990_2020": 448.0 }, "geometry": { "type": "Polygon", "coordinates": [ [ [ -99.250114311842694, 18.979296966176047 ], [ -99.245541838134457, 18.979296966176022 ], [ -99.245541838134457, 18.975186387337398 ], [ -99.250114311842694, 18.975186387337384 ], [ -99.250114311842694, 18.979296966176047 ] ] ] } },
{ "type": "Feature", "properties": { "difference_1990_2000": 14.0, "difference_1990_2010": 77.0, "difference_1990_2020": 154.0 }, "geometry": { "type": "Polygon", "coordinates": [ [ [ -99.250114311842694, 19.053304549467029 ], [ -99.245541838134457, 19.053304549467029 ], [ -99.245541838134457, 19.049192162424024 ], [ -99.250114311842694, 19.049192162424024 ], [ -99.250114311842694, 19.053304549467029 ] ] ] } },
{ "type": "Feature", "properties": { "difference_1990_2000": 260.0, "difference_1990_2010": 394.0, "difference_1990_2020": 312.0 }, "geometry": { "type": "Polygon", "coordinates": [ [ [ -99.250114311842694, 18.917648790297225 ], [ -99.245541838134457, 18.917648790297225 ], [ -99.245541838134457, 18.91353971128466 ], [ -99.250114311842694, 18.91353971128466 ], [ -99.250114311842694, 18.917648790297225 ] ] ] } },
{ "type": "Feature", "properties": { "difference_1990_2000": 7.0, "difference_1990_2010": 16.0, "difference_1990_2020": 13.0 }, "geometry": { "type": "Polygon", "coordinates": [ [ [ -99.250114311842694, 18.905321852518146 ], [ -99.245541838134457, 18.905321852518163 ], [ -99.245541838134457, 18.901213072707769 ], [ -99.250114311842694, 18.901213072707769 ], [ -99.250114311842694, 18.905321852518146 ] ] ] } },
{ "type": "Feature", "properties": { "difference_1990_2000": 0.0, "difference_1990_2010": 0.0, "difference_1990_2020": 1344.0 }, "geometry": { "type": "Polygon", "coordinates": [ [ [ -99.250114311842694, 18.68358968327578 ], [ -99.245541838134457, 18.68358968327578 ], [ -99.245541838134457, 18.679486245814726 ], [ -99.250114311842694, 18.679486245814726 ], [ -99.250114311842694, 18.68358968327578 ] ] ] } },
{ "type": "Feature", "properties": { "difference_1990_2000": 0.0, "difference_1990_2010": 0.0, "difference_1990_2020": 1412.0 }, "geometry": { "type": "Polygon", "coordinates": [ [ [ -99.250114311842694, 18.687693218926544 ], [ -99.245541838134457, 18.687693218926508 ], [ -99.245541838134457, 18.683589683275798 ], [ -99.250114311842694, 18.68358968327583 ], [ -99.250114311842694, 18.687693218926544 ] ] ] } },
{ "type": "Feature", "properties": { "difference_1990_2000": 519.0, "difference_1990_2010": 729.0, "difference_1990_2020": 797.0 }, "geometry": { "type": "Polygon", "coordinates": [ [ [ -99.250114311842694, 18.827272053671955 ], [ -99.245541838134457, 18.827272053671955 ], [ -99.245541838134457, 18.823165162916506 ], [ -99.250114311842694, 18.823165162916485 ], [ -99.250114311842694, 18.827272053671955 ] ] ] } },
{ "type": "Feature", "properties": { "difference_1990_2000": 55.0, "difference_1990_2010": 50.0, "difference_1990_2020": 41.0 }, "geometry": { "type": "Polygon", "coordinates": [ [ [ -99.250114311842694, 18.950525017230078 ], [ -99.245541838134457, 18.950525017230095 ], [ -99.245541838134457, 18.946415139102097 ], [ -99.250114311842694, 18.946415139102097 ], [ -99.250114311842694, 18.950525017230078 ] ] ] } },
{ "type": "Feature", "properties": { "difference_1990_2000": 0.0, "difference_1990_2010": 4.0, "difference_1990_2020": 585.0 }, "geometry": { "type": "Polygon", "coordinates": [ [ [ -99.250114311842694, 18.880670668255746 ], [ -99.245541838134457, 18.880670668255746 ], [ -99.245541838134457, 18.876562486087899 ], [ -99.250114311842694, 18.876562486087884 ], [ -99.250114311842694, 18.880670668255746 ] ] ] } },
{ "type": "Feature", "properties": { "difference_1990_2000": 131.0, "difference_1990_2010": 170.0, "difference_1990_2020": 253.0 }, "geometry": { "type": "Polygon", "coordinates": [ [ [ -99.250114311842694, 18.81495167880481 ], [ -99.245541838134457, 18.81495167880481 ], [ -99.245541838134457, 18.810845085392398 ], [ -99.250114311842694, 18.810845085392366 ], [ -99.250114311842694, 18.81495167880481 ] ] ] } },
{ "type": "Feature", "properties": { "difference_1990_2000": 375.0, "difference_1990_2010": 529.0, "difference_1990_2020": 612.0 }, "geometry": { "type": "Polygon", "coordinates": [ [ [ -99.250114311842694, 18.819058371303505 ], [ -99.245541838134457, 18.819058371303505 ], [ -99.245541838134457, 18.814951678804864 ], [ -99.250114311842694, 18.814951678804846 ], [ -99.250114311842694, 18.819058371303505 ] ] ] } },
{ "type": "Feature", "properties": { "difference_1990_2000": 1153.0, "difference_1990_2010": 1242.0, "difference_1990_2020": 945.0 }, "geometry": { "type": "Polygon", "coordinates": [ [ [ -99.250114311842694, 18.925867247722184 ], [ -99.245541838134457, 18.925867247722206 ], [ -99.245541838134457, 18.921757969100319 ], [ -99.250114311842694, 18.921757969100355 ], [ -99.250114311842694, 18.925867247722184 ] ] ] } },
{ "type": "Feature", "properties": { "difference_1990_2000": 108.0, "difference_1990_2010": 108.0, "difference_1990_2020": 64.0 }, "geometry": { "type": "Polygon", "coordinates": [ [ [ -99.250114311842694, 18.971075908685183 ], [ -99.245541838134457, 18.971075908685183 ], [ -99.245541838134457, 18.966965530191128 ], [ -99.250114311842694, 18.966965530191111 ], [ -99.250114311842694, 18.971075908685183 ] ] ] } },
{ "type": "Feature", "properties": { "difference_1990_2000": 113.0, "difference_1990_2010": 19.0, "difference_1990_2020": -119.0 }, "geometry": { "type": "Polygon", "coordinates": [ [ [ -99.250114311842694, 18.934086104535261 ], [ -99.245541838134457, 18.934086104535261 ], [ -99.245541838134457, 18.929976626191113 ], [ -99.250114311842694, 18.929976626191074 ], [ -99.250114311842694, 18.934086104535261 ] ] ] } },
{ "type": "Feature", "properties": { "difference_1990_2000": 154.0, "difference_1990_2010": 205.0, "difference_1990_2020": 261.0 }, "geometry": { "type": "Polygon", "coordinates": [ [ [ -99.250114311842694, 19.061529625757935 ], [ -99.245541838134457, 19.061529625757935 ], [ -99.245541838134457, 19.05741703723551 ], [ -99.250114311842694, 19.05741703723551 ], [ -99.250114311842694, 19.061529625757935 ] ] ] } },
{ "type": "Feature", "properties": { "difference_1990_2000": 194.0, "difference_1990_2010": 304.0, "difference_1990_2020": 442.0 }, "geometry": { "type": "Polygon", "coordinates": [ [ [ -99.250114311842694, 18.983407645229434 ], [ -99.245541838134457, 18.983407645229434 ], [ -99.245541838134457, 18.979296966176022 ], [ -99.250114311842694, 18.979296966176047 ], [ -99.250114311842694, 18.983407645229434 ] ] ] } },
{ "type": "Feature", "properties": { "difference_1990_2000": 0.0, "difference_1990_2010": 0.0, "difference_1990_2020": 103.0 }, "geometry": { "type": "Polygon", "coordinates": [ [ [ -99.250114311842694, 18.704108343984977 ], [ -99.245541838134457, 18.704108343984977 ], [ -99.245541838134457, 18.700004415296135 ], [ -99.250114311842694, 18.700004415296117 ], [ -99.250114311842694, 18.704108343984977 ] ] ] } },
{ "type": "Feature", "properties": { "difference_1990_2000": 34.0, "difference_1990_2010": 58.0, "difference_1990_2020": 77.0 }, "geometry": { "type": "Polygon", "coordinates": [ [ [ -99.250114311842694, 18.991629304093838 ], [ -99.245541838134457, 18.991629304093838 ], [ -99.245541838134457, 18.98751842452592 ], [ -99.250114311842694, 18.987518424525938 ], [ -99.250114311842694, 18.991629304093838 ] ] ] } },
{ "type": "Feature", "properties": { "difference_1990_2000": 62.0, "difference_1990_2010": -30.0, "difference_1990_2020": 105.0 }, "geometry": { "type": "Polygon", "coordinates": [ [ [ -99.250114311842694, 19.065642315062725 ], [ -99.245541838134457, 19.065642315062725 ], [ -99.245541838134457, 19.061529625757935 ], [ -99.250114311842694, 19.061529625757935 ], [ -99.250114311842694, 19.065642315062725 ] ] ] } },
{ "type": "Feature", "properties": { "difference_1990_2000": 535.0, "difference_1990_2010": 665.0, "difference_1990_2020": 731.0 }, "geometry": { "type": "Polygon", "coordinates": [ [ [ -99.250114311842694, 18.868346420249146 ], [ -99.245541838134457, 18.868346420249178 ], [ -99.245541838134457, 18.864238536521988 ], [ -99.250114311842694, 18.864238536521988 ], [ -99.250114311842694, 18.868346420249146 ] ] ] } },
{ "type": "Feature", "properties": { "difference_1990_2000": 864.0, "difference_1990_2010": 1416.0, "difference_1990_2020": 1336.0 }, "geometry": { "type": "Polygon", "coordinates": [ [ [ -99.250114311842694, 18.91353971128466 ], [ -99.245541838134457, 18.91353971128466 ], [ -99.245541838134457, 18.909430732034405 ], [ -99.250114311842694, 18.909430732034373 ], [ -99.250114311842694, 18.91353971128466 ] ] ] } },
{ "type": "Feature", "properties": { "difference_1990_2000": 0.0, "difference_1990_2010": 0.0, "difference_1990_2020": 594.0 }, "geometry": { "type": "Polygon", "coordinates": [ [ [ -99.250114311842694, 18.700004415296117 ], [ -99.245541838134457, 18.700004415296135 ], [ -99.245541838134457, 18.695900584908721 ], [ -99.250114311842694, 18.695900584908721 ], [ -99.250114311842694, 18.700004415296117 ] ] ] } },
{ "type": "Feature", "properties": { "difference_1990_2000": 223.0, "difference_1990_2010": 302.0, "difference_1990_2020": 292.0 }, "geometry": { "type": "Polygon", "coordinates": [ [ [ -99.250114311842694, 18.909430732034373 ], [ -99.245541838134457, 18.909430732034405 ], [ -99.245541838134457, 18.905321852518163 ], [ -99.250114311842694, 18.905321852518146 ], [ -99.250114311842694, 18.909430732034373 ] ] ] } },
{ "type": "Feature", "properties": { "difference_1990_2000": 0.0, "difference_1990_2010": 0.0, "difference_1990_2020": 11.0 }, "geometry": { "type": "Polygon", "coordinates": [ [ [ -99.250114311842694, 18.884778949960179 ], [ -99.245541838134457, 18.884778949960197 ], [ -99.245541838134457, 18.880670668255746 ], [ -99.250114311842694, 18.880670668255746 ], [ -99.250114311842694, 18.884778949960179 ] ] ] } },
{ "type": "Feature", "properties": { "difference_1990_2000": 8.0, "difference_1990_2010": 14.0, "difference_1990_2020": 24.0 }, "geometry": { "type": "Polygon", "coordinates": [ [ [ -99.250114311842694, 19.049192162424024 ], [ -99.245541838134457, 19.049192162424024 ], [ -99.245541838134457, 19.045079876078098 ], [ -99.250114311842694, 19.045079876078063 ], [ -99.250114311842694, 19.049192162424024 ] ] ] } },
{ "type": "Feature", "properties": { "difference_1990_2000": -176.0, "difference_1990_2010": -199.0, "difference_1990_2020": -237.0 }, "geometry": { "type": "Polygon", "coordinates": [ [ [ -99.250114311842694, 18.966965530191111 ], [ -99.245541838134457, 18.966965530191128 ], [ -99.245541838134457, 18.962855251826873 ], [ -99.250114311842694, 18.962855251826873 ], [ -99.250114311842694, 18.966965530191111 ] ] ] } },
{ "type": "Feature", "properties": { "difference_1990_2000": 19.0, "difference_1990_2010": 27.0, "difference_1990_2020": 35.0 }, "geometry": { "type": "Polygon", "coordinates": [ [ [ -99.250114311842694, 18.741048130363872 ], [ -99.245541838134457, 18.741048130363872 ], [ -99.245541838134457, 18.736943315703392 ], [ -99.250114311842694, 18.736943315703392 ], [ -99.250114311842694, 18.741048130363872 ] ] ] } },
{ "type": "Feature", "properties": { "difference_1990_2000": 55.0, "difference_1990_2010": 36.0, "difference_1990_2020": 160.0 }, "geometry": { "type": "Polygon", "coordinates": [ [ [ -99.250114311842694, 18.847807995570069 ], [ -99.245541838134457, 18.847807995570069 ], [ -99.245541838134457, 18.843700608680571 ], [ -99.250114311842694, 18.843700608680571 ], [ -99.250114311842694, 18.847807995570069 ] ] ] } },
{ "type": "Feature", "properties": { "difference_1990_2000": 10.0, "difference_1990_2010": 37.0, "difference_1990_2020": 38.0 }, "geometry": { "type": "Polygon", "coordinates": [ [ [ -99.250114311842694, 18.958745073564181 ], [ -99.245541838134457, 18.958745073564142 ], [ -99.245541838134457, 18.954634995374633 ], [ -99.250114311842694, 18.954634995374633 ], [ -99.250114311842694, 18.958745073564181 ] ] ] } },
{ "type": "Feature", "properties": { "difference_1990_2000": 0.0, "difference_1990_2010": 0.0, "difference_1990_2020": 1182.0 }, "geometry": { "type": "Polygon", "coordinates": [ [ [ -99.250114311842694, 18.691796852794855 ], [ -99.245541838134457, 18.691796852794855 ], [ -99.245541838134457, 18.687693218926508 ], [ -99.250114311842694, 18.687693218926544 ], [ -99.250114311842694, 18.691796852794855 ] ] ] } },
{ "type": "Feature", "properties": { "difference_1990_2000": 633.0, "difference_1990_2010": 777.0, "difference_1990_2020": 857.0 }, "geometry": { "type": "Polygon", "coordinates": [ [ [ -99.250114311842694, 18.823165162916485 ], [ -99.245541838134457, 18.823165162916506 ], [ -99.245541838134457, 18.819058371303505 ], [ -99.250114311842694, 18.819058371303505 ], [ -99.250114311842694, 18.823165162916485 ] ] ] } },
{ "type": "Feature", "properties": { "difference_1990_2000": -389.0, "difference_1990_2010": -400.0, "difference_1990_2020": -439.0 }, "geometry": { "type": "Polygon", "coordinates": [ [ [ -99.250114311842694, 18.962855251826873 ], [ -99.245541838134457, 18.962855251826873 ], [ -99.245541838134457, 18.958745073564142 ], [ -99.250114311842694, 18.958745073564181 ], [ -99.250114311842694, 18.962855251826873 ] ] ] } },
{ "type": "Feature", "properties": { "difference_1990_2000": 0.0, "difference_1990_2010": 0.0, "difference_1990_2020": 1400.0 }, "geometry": { "type": "Polygon", "coordinates": [ [ [ -99.250114311842694, 18.876562486087884 ], [ -99.245541838134457, 18.876562486087899 ], [ -99.245541838134457, 18.872454403428438 ], [ -99.250114311842694, 18.87245440342846 ], [ -99.250114311842694, 18.876562486087884 ] ] ] } },
{ "type": "Feature", "properties": { "difference_1990_2000": 24.0, "difference_1990_2010": 38.0, "difference_1990_2020": 36.0 }, "geometry": { "type": "Polygon", "coordinates": [ [ [ -99.250114311842694, 18.85602306731095 ], [ -99.245541838134457, 18.856023067310918 ], [ -99.245541838134457, 18.851915481770817 ], [ -99.250114311842694, 18.851915481770849 ], [ -99.250114311842694, 18.85602306731095 ] ] ] } },
{ "type": "Feature", "properties": { "difference_1990_2000": 30.0, "difference_1990_2010": 98.0, "difference_1990_2020": 180.0 }, "geometry": { "type": "Polygon", "coordinates": [ [ [ -99.250114311842694, 19.05741703723551 ], [ -99.245541838134457, 19.05741703723551 ], [ -99.245541838134457, 19.053304549467029 ], [ -99.250114311842694, 19.053304549467029 ], [ -99.250114311842694, 19.05741703723551 ] ] ] } },
{ "type": "Feature", "properties": { "difference_1990_2000": 0.0, "difference_1990_2010": 0.0, "difference_1990_2020": 8.0 }, "geometry": { "type": "Polygon", "coordinates": [ [ [ -99.250114311842694, 18.67538290651547 ], [ -99.245541838134457, 18.675382906515434 ], [ -99.245541838134457, 18.67127966535001 ], [ -99.250114311842694, 18.671279665350024 ], [ -99.250114311842694, 18.67538290651547 ] ] ] } },
{ "type": "Feature", "properties": { "difference_1990_2000": 35.0, "difference_1990_2010": 36.0, "difference_1990_2020": 58.0 }, "geometry": { "type": "Polygon", "coordinates": [ [ [ -99.250114311842694, 18.810845085392366 ], [ -99.245541838134457, 18.810845085392398 ], [ -99.245541838134457, 18.806738591038023 ], [ -99.250114311842694, 18.806738591038023 ], [ -99.250114311842694, 18.810845085392366 ] ] ] } },
{ "type": "Feature", "properties": { "difference_1990_2000": 65.0, "difference_1990_2010": 137.0, "difference_1990_2020": 179.0 }, "geometry": { "type": "Polygon", "coordinates": [ [ [ -99.250114311842694, 18.942305360962511 ], [ -99.245541838134457, 18.942305360962511 ], [ -99.245541838134457, 18.938195682783007 ], [ -99.250114311842694, 18.938195682783007 ], [ -99.250114311842694, 18.942305360962511 ] ] ] } },
{ "type": "Feature", "properties": { "difference_1990_2000": 310.0, "difference_1990_2010": 440.0, "difference_1990_2020": 688.0 }, "geometry": { "type": "Polygon", "coordinates": [ [ [ -99.250114311842694, 18.87245440342846 ], [ -99.245541838134457, 18.872454403428438 ], [ -99.245541838134457, 18.868346420249178 ], [ -99.250114311842694, 18.868346420249146 ], [ -99.250114311842694, 18.87245440342846 ] ] ] } },
{ "type": "Feature", "properties": { "difference_1990_2000": 110.0, "difference_1990_2010": 224.0, "difference_1990_2020": 248.0 }, "geometry": { "type": "Polygon", "coordinates": [ [ [ -99.250114311842694, 18.843700608680571 ], [ -99.245541838134457, 18.843700608680571 ], [ -99.245541838134457, 18.839593321074126 ], [ -99.250114311842694, 18.839593321074087 ], [ -99.250114311842694, 18.843700608680571 ] ] ] } },
{ "type": "Feature", "properties": { "difference_1990_2000": 593.0, "difference_1990_2010": 634.0, "difference_1990_2020": 459.0 }, "geometry": { "type": "Polygon", "coordinates": [ [ [ -99.250114311842694, 18.929976626191074 ], [ -99.245541838134457, 18.929976626191113 ], [ -99.245541838134457, 18.925867247722206 ], [ -99.250114311842694, 18.925867247722184 ], [ -99.250114311842694, 18.929976626191074 ] ] ] } },
{ "type": "Feature", "properties": { "difference_1990_2000": 95.0, "difference_1990_2010": 139.0, "difference_1990_2020": 173.0 }, "geometry": { "type": "Polygon", "coordinates": [ [ [ -99.250114311842694, 18.745153043605551 ], [ -99.245541838134457, 18.745153043605551 ], [ -99.245541838134457, 18.741048130363872 ], [ -99.250114311842694, 18.741048130363872 ], [ -99.250114311842694, 18.745153043605551 ] ] ] } },
{ "type": "Feature", "properties": { "difference_1990_2000": 64.0, "difference_1990_2010": 171.0, "difference_1990_2020": 233.0 }, "geometry": { "type": "Polygon", "coordinates": [ [ [ -99.250114311842694, 18.946415139102097 ], [ -99.245541838134457, 18.946415139102097 ], [ -99.245541838134457, 18.942305360962511 ], [ -99.250114311842694, 18.942305360962511 ], [ -99.250114311842694, 18.946415139102097 ] ] ] } },
{ "type": "Feature", "properties": { "difference_1990_2000": 417.0, "difference_1990_2010": 334.0, "difference_1990_2020": 208.0 }, "geometry": { "type": "Polygon", "coordinates": [ [ [ -99.062642889803385, 18.892995812091637 ], [ -99.058070416095106, 18.892995812091637 ], [ -99.058070416095106, 18.888887331229402 ], [ -99.062642889803385, 18.888887331229402 ], [ -99.062642889803385, 18.892995812091637 ] ] ] } },
{ "type": "Feature", "properties": { "difference_1990_2000": -27.0, "difference_1990_2010": 37.0, "difference_1990_2020": 98.0 }, "geometry": { "type": "Polygon", "coordinates": [ [ [ -99.062642889803385, 18.864238536521988 ], [ -99.058070416095106, 18.864238536521988 ], [ -99.058070416095106, 18.860130752218598 ], [ -99.062642889803385, 18.860130752218598 ], [ -99.062642889803385, 18.864238536521988 ] ] ] } },
{ "type": "Feature", "properties": { "difference_1990_2000": 350.0, "difference_1990_2010": 293.0, "difference_1990_2020": 199.0 }, "geometry": { "type": "Polygon", "coordinates": [ [ [ -99.062642889803385, 18.897104392574974 ], [ -99.058070416095106, 18.897104392574974 ], [ -99.058070416095106, 18.892995812091637 ], [ -99.062642889803385, 18.892995812091637 ], [ -99.062642889803385, 18.897104392574974 ] ] ] } },
{ "type": "Feature", "properties": { "difference_1990_2000": -106.0, "difference_1990_2010": -99.0, "difference_1990_2020": -108.0 }, "geometry": { "type": "Polygon", "coordinates": [ [ [ -99.062642889803385, 18.905321852518146 ], [ -99.058070416095106, 18.905321852518163 ], [ -99.058070416095106, 18.901213072707769 ], [ -99.062642889803385, 18.901213072707751 ], [ -99.062642889803385, 18.905321852518146 ] ] ] } },
{ "type": "Feature", "properties": { "difference_1990_2000": 315.0, "difference_1990_2010": 370.0, "difference_1990_2020": 371.0 }, "geometry": { "type": "Polygon", "coordinates": [ [ [ -99.062642889803385, 18.880670668255728 ], [ -99.058070416095106, 18.880670668255728 ], [ -99.058070416095106, 18.876562486087899 ], [ -99.062642889803385, 18.876562486087884 ], [ -99.062642889803385, 18.880670668255728 ] ] ] } },
{ "type": "Feature", "properties": { "difference_1990_2000": 411.0, "difference_1990_2010": 324.0, "difference_1990_2020": 202.0 }, "geometry": { "type": "Polygon", "coordinates": [ [ [ -99.062642889803385, 18.888887331229402 ], [ -99.058070416095106, 18.888887331229402 ], [ -99.058070416095106, 18.884778949960179 ], [ -99.062642889803385, 18.884778949960179 ], [ -99.062642889803385, 18.888887331229402 ] ] ] } },
{ "type": "Feature", "properties": { "difference_1990_2000": -2.0, "difference_1990_2010": 52.0, "difference_1990_2020": 100.0 }, "geometry": { "type": "Polygon", "coordinates": [ [ [ -99.062642889803385, 18.868346420249146 ], [ -99.058070416095106, 18.868346420249146 ], [ -99.058070416095106, 18.864238536521988 ], [ -99.062642889803385, 18.864238536521988 ], [ -99.062642889803385, 18.868346420249146 ] ] ] } },
{ "type": "Feature", "properties": { "difference_1990_2000": 640.0, "difference_1990_2010": 645.0, "difference_1990_2020": 586.0 }, "geometry": { "type": "Polygon", "coordinates": [ [ [ -99.062642889803385, 18.884778949960179 ], [ -99.058070416095106, 18.884778949960179 ], [ -99.058070416095106, 18.880670668255728 ], [ -99.062642889803385, 18.880670668255728 ], [ -99.062642889803385, 18.884778949960179 ] ] ] } },
{ "type": "Feature", "properties": { "difference_1990_2000": 94.0, "difference_1990_2010": 181.0, "difference_1990_2020": 235.0 }, "geometry": { "type": "Polygon", "coordinates": [ [ [ -99.062642889803385, 18.876562486087884 ], [ -99.058070416095106, 18.876562486087899 ], [ -99.058070416095106, 18.872454403428438 ], [ -99.062642889803385, 18.872454403428407 ], [ -99.062642889803385, 18.876562486087884 ] ] ] } },
{ "type": "Feature", "properties": { "difference_1990_2000": 17.0, "difference_1990_2010": 32.0, "difference_1990_2020": 51.0 }, "geometry": { "type": "Polygon", "coordinates": [ [ [ -99.062642889803385, 18.872454403428407 ], [ -99.058070416095106, 18.872454403428438 ], [ -99.058070416095106, 18.868346420249146 ], [ -99.062642889803385, 18.868346420249146 ], [ -99.062642889803385, 18.872454403428407 ] ] ] } },
{ "type": "Feature", "properties": { "difference_1990_2000": -137.0, "difference_1990_2010": -131.0, "difference_1990_2020": -151.0 }, "geometry": { "type": "Polygon", "coordinates": [ [ [ -99.062642889803385, 18.901213072707751 ], [ -99.058070416095106, 18.901213072707769 ], [ -99.058070416095106, 18.897104392574974 ], [ -99.062642889803385, 18.897104392574974 ], [ -99.062642889803385, 18.901213072707751 ] ] ] } },
{ "type": "Feature", "properties": { "difference_1990_2000": 62.0, "difference_1990_2010": 2.0, "difference_1990_2020": -81.0 }, "geometry": { "type": "Polygon", "coordinates": [ [ [ -99.240969364426164, 18.946415139102125 ], [ -99.236396890717884, 18.946415139102097 ], [ -99.236396890717884, 18.942305360962511 ], [ -99.240969364426164, 18.942305360962511 ], [ -99.240969364426164, 18.946415139102125 ] ] ] } },
{ "type": "Feature", "properties": { "difference_1990_2000": 487.0, "difference_1990_2010": 538.0, "difference_1990_2020": 358.0 }, "geometry": { "type": "Polygon", "coordinates": [ [ [ -99.240969364426164, 18.839593321074087 ], [ -99.236396890717884, 18.839593321074087 ], [ -99.236396890717884, 18.835486132722654 ], [ -99.240969364426164, 18.835486132722654 ], [ -99.240969364426164, 18.839593321074087 ] ] ] } },
{ "type": "Feature", "properties": { "difference_1990_2000": 62.0, "difference_1990_2010": 226.0, "difference_1990_2020": 235.0 }, "geometry": { "type": "Polygon", "coordinates": [ [ [ -99.240969364426164, 18.864238536521988 ], [ -99.236396890717884, 18.864238536521988 ], [ -99.236396890717884, 18.860130752218598 ], [ -99.240969364426164, 18.860130752218598 ], [ -99.240969364426164, 18.864238536521988 ] ] ] } },
{ "type": "Feature", "properties": { "difference_1990_2000": 189.0, "difference_1990_2010": 356.0, "difference_1990_2020": 379.0 }, "geometry": { "type": "Polygon", "coordinates": [ [ [ -99.240969364426164, 18.860130752218598 ], [ -99.236396890717884, 18.860130752218598 ], [ -99.236396890717884, 18.856023067310918 ], [ -99.240969364426164, 18.856023067310918 ], [ -99.240969364426164, 18.860130752218598 ] ] ] } },
{ "type": "Feature", "properties": { "difference_1990_2000": 47.0, "difference_1990_2010": 94.0, "difference_1990_2020": 108.0 }, "geometry": { "type": "Polygon", "coordinates": [ [ [ -99.240969364426164, 18.798525899391365 ], [ -99.236396890717884, 18.798525899391365 ], [ -99.236396890717884, 18.794419702042852 ], [ -99.240969364426164, 18.794419702042852 ], [ -99.240969364426164, 18.798525899391365 ] ] ] } },
{ "type": "Feature", "properties": { "difference_1990_2000": 0.0, "difference_1990_2010": 0.0, "difference_1990_2020": 682.0 }, "geometry": { "type": "Polygon", "coordinates": [ [ [ -99.240969364426164, 18.679486245814726 ], [ -99.236396890717884, 18.679486245814726 ], [ -99.236396890717884, 18.675382906515434 ], [ -99.240969364426164, 18.67538290651547 ], [ -99.240969364426164, 18.679486245814726 ] ] ] } },
{ "type": "Feature", "properties": { "difference_1990_2000": 983.0, "difference_1990_2010": 927.0, "difference_1990_2020": 881.0 }, "geometry": { "type": "Polygon", "coordinates": [ [ [ -99.240969364426164, 18.835486132722654 ], [ -99.236396890717884, 18.835486132722654 ], [ -99.236396890717884, 18.831379043597938 ], [ -99.240969364426164, 18.831379043597956 ], [ -99.240969364426164, 18.835486132722654 ] ] ] } },
{ "type": "Feature", "properties": { "difference_1990_2000": -116.0, "difference_1990_2010": -199.0, "difference_1990_2020": -389.0 }, "geometry": { "type": "Polygon", "coordinates": [ [ [ -99.240969364426164, 18.938195682783007 ], [ -99.236396890717884, 18.938195682783007 ], [ -99.236396890717884, 18.934086104535261 ], [ -99.240969364426164, 18.934086104535293 ], [ -99.240969364426164, 18.938195682783007 ] ] ] } },
{ "type": "Feature", "properties": { "difference_1990_2000": 717.0, "difference_1990_2010": 684.0, "difference_1990_2020": 717.0 }, "geometry": { "type": "Polygon", "coordinates": [ [ [ -99.240969364426164, 18.831379043597956 ], [ -99.236396890717884, 18.831379043597938 ], [ -99.236396890717884, 18.827272053671955 ], [ -99.240969364426164, 18.827272053671955 ], [ -99.240969364426164, 18.831379043597956 ] ] ] } },
{ "type": "Feature", "properties": { "difference_1990_2000": 0.0, "difference_1990_2010": 0.0, "difference_1990_2020": 7.0 }, "geometry": { "type": "Polygon", "coordinates": [ [ [ -99.240969364426164, 18.695900584908753 ], [ -99.236396890717884, 18.695900584908721 ], [ -99.236396890717884, 18.691796852794855 ], [ -99.240969364426164, 18.691796852794873 ], [ -99.240969364426164, 18.695900584908753 ] ] ] } },
{ "type": "Feature", "properties": { "difference_1990_2000": 51.0, "difference_1990_2010": 86.0, "difference_1990_2020": 31.0 }, "geometry": { "type": "Polygon", "coordinates": [ [ [ -99.240969364426164, 18.954634995374633 ], [ -99.236396890717884, 18.954634995374633 ], [ -99.236396890717884, 18.950525017230078 ], [ -99.240969364426164, 18.950525017230078 ], [ -99.240969364426164, 18.954634995374633 ] ] ] } },
{ "type": "Feature", "properties": { "difference_1990_2000": 255.0, "difference_1990_2010": 307.0, "difference_1990_2020": 334.0 }, "geometry": { "type": "Polygon", "coordinates": [ [ [ -99.240969364426164, 18.979296966176022 ], [ -99.236396890717884, 18.979296966176022 ], [ -99.236396890717884, 18.975186387337384 ], [ -99.240969364426164, 18.975186387337398 ], [ -99.240969364426164, 18.979296966176022 ] ] ] } },
{ "type": "Feature", "properties": { "difference_1990_2000": 157.0, "difference_1990_2010": 207.0, "difference_1990_2020": 239.0 }, "geometry": { "type": "Polygon", "coordinates": [ [ [ -99.240969364426164, 18.987518424525938 ], [ -99.236396890717884, 18.98751842452592 ], [ -99.236396890717884, 18.983407645229452 ], [ -99.240969364426164, 18.983407645229434 ], [ -99.240969364426164, 18.987518424525938 ] ] ] } },
{ "type": "Feature", "properties": { "difference_1990_2000": 83.0, "difference_1990_2010": 173.0, "difference_1990_2020": 258.0 }, "geometry": { "type": "Polygon", "coordinates": [ [ [ -99.240969364426164, 19.053304549466993 ], [ -99.236396890717884, 19.053304549466993 ], [ -99.236396890717884, 19.049192162424024 ], [ -99.240969364426164, 19.049192162424024 ], [ -99.240969364426164, 19.053304549466993 ] ] ] } },
{ "type": "Feature", "properties": { "difference_1990_2000": 288.0, "difference_1990_2010": 273.0, "difference_1990_2020": 291.0 }, "geometry": { "type": "Polygon", "coordinates": [ [ [ -99.240969364426164, 18.975186387337398 ], [ -99.236396890717884, 18.975186387337384 ], [ -99.236396890717884, 18.971075908685183 ], [ -99.240969364426164, 18.971075908685147 ], [ -99.240969364426164, 18.975186387337398 ] ] ] } },
{ "type": "Feature", "properties": { "difference_1990_2000": 82.0, "difference_1990_2010": -20.0, "difference_1990_2020": -38.0 }, "geometry": { "type": "Polygon", "coordinates": [ [ [ -99.240969364426164, 18.917648790297243 ], [ -99.236396890717884, 18.917648790297225 ], [ -99.236396890717884, 18.91353971128466 ], [ -99.240969364426164, 18.91353971128466 ], [ -99.240969364426164, 18.917648790297243 ] ] ] } },
{ "type": "Feature", "properties": { "difference_1990_2000": 575.0, "difference_1990_2010": 753.0, "difference_1990_2020": 777.0 }, "geometry": { "type": "Polygon", "coordinates": [ [ [ -99.240969364426164, 18.851915481770817 ], [ -99.236396890717884, 18.851915481770799 ], [ -99.236396890717884, 18.847807995570069 ], [ -99.240969364426164, 18.847807995570069 ], [ -99.240969364426164, 18.851915481770817 ] ] ] } },
{ "type": "Feature", "properties": { "difference_1990_2000": -104.0, "difference_1990_2010": 133.0, "difference_1990_2020": 70.0 }, "geometry": { "type": "Polygon", "coordinates": [ [ [ -99.240969364426164, 18.905321852518146 ], [ -99.236396890717884, 18.905321852518146 ], [ -99.236396890717884, 18.901213072707769 ], [ -99.240969364426164, 18.901213072707769 ], [ -99.240969364426164, 18.905321852518146 ] ] ] } },
{ "type": "Feature", "properties": { "difference_1990_2000": 0.0, "difference_1990_2010": 0.0, "difference_1990_2020": 463.0 }, "geometry": { "type": "Polygon", "coordinates": [ [ [ -99.240969364426164, 18.68358968327578 ], [ -99.236396890717884, 18.68358968327578 ], [ -99.236396890717884, 18.679486245814726 ], [ -99.240969364426164, 18.679486245814726 ], [ -99.240969364426164, 18.68358968327578 ] ] ] } },
{ "type": "Feature", "properties": { "difference_1990_2000": 0.0, "difference_1990_2010": 0.0, "difference_1990_2020": 1343.0 }, "geometry": { "type": "Polygon", "coordinates": [ [ [ -99.240969364426164, 18.687693218926544 ], [ -99.236396890717884, 18.687693218926508 ], [ -99.236396890717884, 18.683589683275798 ], [ -99.240969364426164, 18.683589683275798 ], [ -99.240969364426164, 18.687693218926544 ] ] ] } },
{ "type": "Feature", "properties": { "difference_1990_2000": 622.0, "difference_1990_2010": 720.0, "difference_1990_2020": 699.0 }, "geometry": { "type": "Polygon", "coordinates": [ [ [ -99.240969364426164, 18.827272053671955 ], [ -99.236396890717884, 18.827272053671955 ], [ -99.236396890717884, 18.823165162916485 ], [ -99.240969364426164, 18.823165162916485 ], [ -99.240969364426164, 18.827272053671955 ] ] ] } },
{ "type": "Feature", "properties": { "difference_1990_2000": 56.0, "difference_1990_2010": 60.0, "difference_1990_2020": -5.0 }, "geometry": { "type": "Polygon", "coordinates": [ [ [ -99.240969364426164, 18.950525017230078 ], [ -99.236396890717884, 18.950525017230078 ], [ -99.236396890717884, 18.946415139102097 ], [ -99.240969364426164, 18.946415139102097 ], [ -99.240969364426164, 18.950525017230078 ] ] ] } },
{ "type": "Feature", "properties": { "difference_1990_2000": 75.0, "difference_1990_2010": 224.0, "difference_1990_2020": 145.0 }, "geometry": { "type": "Polygon", "coordinates": [ [ [ -99.240969364426164, 18.880670668255746 ], [ -99.236396890717884, 18.880670668255728 ], [ -99.236396890717884, 18.876562486087884 ], [ -99.240969364426164, 18.876562486087884 ], [ -99.240969364426164, 18.880670668255746 ] ] ] } },
{ "type": "Feature", "properties": { "difference_1990_2000": 46.0, "difference_1990_2010": 147.0, "difference_1990_2020": 176.0 }, "geometry": { "type": "Polygon", "coordinates": [ [ [ -99.240969364426164, 18.794419702042852 ], [ -99.236396890717884, 18.794419702042852 ], [ -99.236396890717884, 18.79031360364009 ], [ -99.240969364426164, 18.79031360364009 ], [ -99.240969364426164, 18.794419702042852 ] ] ] } },
{ "type": "Feature", "properties": { "difference_1990_2000": 303.0, "difference_1990_2010": 267.0, "difference_1990_2020": 268.0 }, "geometry": { "type": "Polygon", "coordinates": [ [ [ -99.240969364426164, 18.971075908685147 ], [ -99.236396890717884, 18.971075908685183 ], [ -99.236396890717884, 18.966965530191111 ], [ -99.240969364426164, 18.966965530191128 ], [ -99.240969364426164, 18.971075908685147 ] ] ] } },
{ "type": "Feature", "properties": { "difference_1990_2000": 307.0, "difference_1990_2010": 486.0, "difference_1990_2020": 621.0 }, "geometry": { "type": "Polygon", "coordinates": [ [ [ -99.240969364426164, 18.819058371303523 ], [ -99.236396890717884, 18.819058371303505 ], [ -99.236396890717884, 18.814951678804846 ], [ -99.240969364426164, 18.814951678804864 ], [ -99.240969364426164, 18.819058371303523 ] ] ] } },
{ "type": "Feature", "properties": { "difference_1990_2000": 310.0, "difference_1990_2010": 465.0, "difference_1990_2020": 703.0 }, "geometry": { "type": "Polygon", "coordinates": [ [ [ -99.240969364426164, 18.814951678804846 ], [ -99.236396890717884, 18.81495167880481 ], [ -99.236396890717884, 18.810845085392366 ], [ -99.240969364426164, 18.810845085392366 ], [ -99.240969364426164, 18.814951678804846 ] ] ] } },
{ "type": "Feature", "properties": { "difference_1990_2000": -372.0, "difference_1990_2010": -728.0, "difference_1990_2020": -753.0 }, "geometry": { "type": "Polygon", "coordinates": [ [ [ -99.240969364426164, 18.925867247722206 ], [ -99.236396890717884, 18.925867247722206 ], [ -99.236396890717884, 18.921757969100319 ], [ -99.240969364426164, 18.921757969100319 ], [ -99.240969364426164, 18.925867247722206 ] ] ] } },
{ "type": "Feature", "properties": { "difference_1990_2000": -193.0, "difference_1990_2010": -347.0, "difference_1990_2020": -564.0 }, "geometry": { "type": "Polygon", "coordinates": [ [ [ -99.240969364426164, 18.934086104535293 ], [ -99.236396890717884, 18.934086104535261 ], [ -99.236396890717884, 18.929976626191053 ], [ -99.240969364426164, 18.929976626191074 ], [ -99.240969364426164, 18.934086104535293 ] ] ] } },
{ "type": "Feature", "properties": { "difference_1990_2000": 55.0, "difference_1990_2010": 121.0, "difference_1990_2020": 189.0 }, "geometry": { "type": "Polygon", "coordinates": [ [ [ -99.240969364426164, 19.061529625757935 ], [ -99.236396890717884, 19.061529625757935 ], [ -99.236396890717884, 19.05741703723551 ], [ -99.240969364426164, 19.05741703723551 ], [ -99.240969364426164, 19.061529625757935 ] ] ] } },
{ "type": "Feature", "properties": { "difference_1990_2000": 94.0, "difference_1990_2010": 174.0, "difference_1990_2020": 283.0 }, "geometry": { "type": "Polygon", "coordinates": [ [ [ -99.240969364426164, 19.045079876078098 ], [ -99.236396890717884, 19.045079876078063 ], [ -99.236396890717884, 19.040967690400851 ], [ -99.240969364426164, 19.040967690400851 ], [ -99.240969364426164, 19.045079876078098 ] ] ] } },
{ "type": "Feature", "properties": { "difference_1990_2000": 196.0, "difference_1990_2010": 249.0, "difference_1990_2020": 286.0 }, "geometry": { "type": "Polygon", "coordinates": [ [ [ -99.240969364426164, 18.983407645229434 ], [ -99.236396890717884, 18.983407645229452 ], [ -99.236396890717884, 18.979296966176022 ], [ -99.240969364426164, 18.979296966176022 ], [ -99.240969364426164, 18.983407645229434 ] ] ] } },
{ "type": "Feature", "properties": { "difference_1990_2000": 9.0, "difference_1990_2010": 12.0, "difference_1990_2020": 14.0 }, "geometry": { "type": "Polygon", "coordinates": [ [ [ -99.240969364426164, 18.991629304093838 ], [ -99.236396890717884, 18.991629304093838 ], [ -99.236396890717884, 18.98751842452592 ], [ -99.240969364426164, 18.987518424525938 ], [ -99.240969364426164, 18.991629304093838 ] ] ] } },
{ "type": "Feature", "properties": { "difference_1990_2000": 20.0, "difference_1990_2010": 126.0, "difference_1990_2020": 162.0 }, "geometry": { "type": "Polygon", "coordinates": [ [ [ -99.240969364426164, 18.868346420249146 ], [ -99.236396890717884, 18.868346420249146 ], [ -99.236396890717884, 18.864238536521988 ], [ -99.240969364426164, 18.864238536521988 ], [ -99.240969364426164, 18.868346420249146 ] ] ] } },
{ "type": "Feature", "properties": { "difference_1990_2000": 166.0, "difference_1990_2010": 145.0, "difference_1990_2020": 129.0 }, "geometry": { "type": "Polygon", "coordinates": [ [ [ -99.240969364426164, 18.91353971128466 ], [ -99.236396890717884, 18.91353971128466 ], [ -99.236396890717884, 18.909430732034373 ], [ -99.240969364426164, 18.909430732034426 ], [ -99.240969364426164, 18.91353971128466 ] ] ] } },
{ "type": "Feature", "properties": { "difference_1990_2000": 25.0, "difference_1990_2010": 34.0, "difference_1990_2020": 43.0 }, "geometry": { "type": "Polygon", "coordinates": [ [ [ -99.240969364426164, 19.06564231506276 ], [ -99.236396890717884, 19.065642315062714 ], [ -99.236396890717884, 19.061529625757935 ], [ -99.240969364426164, 19.061529625757935 ], [ -99.240969364426164, 19.06564231506276 ] ] ] } },
{ "type": "Feature", "properties": { "difference_1990_2000": 22.0, "difference_1990_2010": 33.0, "difference_1990_2020": 44.0 }, "geometry": { "type": "Polygon", "coordinates": [ [ [ -99.240969364426164, 18.802632195713745 ], [ -99.236396890717884, 18.802632195713745 ], [ -99.236396890717884, 18.798525899391365 ], [ -99.240969364426164, 18.798525899391365 ], [ -99.240969364426164, 18.802632195713745 ] ] ] } },
{ "type": "Feature", "properties": { "difference_1990_2000": 28.0, "difference_1990_2010": 82.0, "difference_1990_2020": 41.0 }, "geometry": { "type": "Polygon", "coordinates": [ [ [ -99.240969364426164, 18.884778949960179 ], [ -99.236396890717884, 18.884778949960179 ], [ -99.236396890717884, 18.880670668255728 ], [ -99.240969364426164, 18.880670668255746 ], [ -99.240969364426164, 18.884778949960179 ] ] ] } },
{ "type": "Feature", "properties": { "difference_1990_2000": 51.0, "difference_1990_2010": 117.0, "difference_1990_2020": 212.0 }, "geometry": { "type": "Polygon", "coordinates": [ [ [ -99.240969364426164, 19.049192162424024 ], [ -99.236396890717884, 19.049192162424024 ], [ -99.236396890717884, 19.045079876078063 ], [ -99.240969364426164, 19.045079876078098 ], [ -99.240969364426164, 19.049192162424024 ] ] ] } },
{ "type": "Feature", "properties": { "difference_1990_2000": 189.0, "difference_1990_2010": 221.0, "difference_1990_2020": 193.0 }, "geometry": { "type": "Polygon", "coordinates": [ [ [ -99.240969364426164, 18.909430732034426 ], [ -99.236396890717884, 18.909430732034373 ], [ -99.236396890717884, 18.905321852518146 ], [ -99.240969364426164, 18.905321852518146 ], [ -99.240969364426164, 18.909430732034426 ] ] ] } },
{ "type": "Feature", "properties": { "difference_1990_2000": 65.0, "difference_1990_2010": 90.0, "difference_1990_2020": 34.0 }, "geometry": { "type": "Polygon", "coordinates": [ [ [ -99.240969364426164, 18.958745073564142 ], [ -99.236396890717884, 18.958745073564142 ], [ -99.236396890717884, 18.954634995374633 ], [ -99.240969364426164, 18.954634995374633 ], [ -99.240969364426164, 18.958745073564142 ] ] ] } },
{ "type": "Feature", "properties": { "difference_1990_2000": 109.0, "difference_1990_2010": 113.0, "difference_1990_2020": 42.0 }, "geometry": { "type": "Polygon", "coordinates": [ [ [ -99.240969364426164, 18.966965530191128 ], [ -99.236396890717884, 18.966965530191111 ], [ -99.236396890717884, 18.962855251826841 ], [ -99.240969364426164, 18.962855251826873 ], [ -99.240969364426164, 18.966965530191128 ] ] ] } },
{ "type": "Feature", "properties": { "difference_1990_2000": 94.0, "difference_1990_2010": 199.0, "difference_1990_2020": 234.0 }, "geometry": { "type": "Polygon", "coordinates": [ [ [ -99.240969364426164, 18.847807995570069 ], [ -99.236396890717884, 18.847807995570069 ], [ -99.236396890717884, 18.843700608680571 ], [ -99.240969364426164, 18.843700608680571 ], [ -99.240969364426164, 18.847807995570069 ] ] ] } },
{ "type": "Feature", "properties": { "difference_1990_2000": 278.0, "difference_1990_2010": 465.0, "difference_1990_2020": 498.0 }, "geometry": { "type": "Polygon", "coordinates": [ [ [ -99.240969364426164, 18.823165162916485 ], [ -99.236396890717884, 18.823165162916485 ], [ -99.236396890717884, 18.819058371303505 ], [ -99.240969364426164, 18.819058371303523 ], [ -99.240969364426164, 18.823165162916485 ] ] ] } },
{ "type": "Feature", "properties": { "difference_1990_2000": 0.0, "difference_1990_2010": 0.0, "difference_1990_2020": 1141.0 }, "geometry": { "type": "Polygon", "coordinates": [ [ [ -99.240969364426164, 18.691796852794873 ], [ -99.236396890717884, 18.691796852794855 ], [ -99.236396890717884, 18.687693218926508 ], [ -99.240969364426164, 18.687693218926544 ], [ -99.240969364426164, 18.691796852794873 ] ] ] } },
{ "type": "Feature", "properties": { "difference_1990_2000": 15.0, "difference_1990_2010": 54.0, "difference_1990_2020": 69.0 }, "geometry": { "type": "Polygon", "coordinates": [ [ [ -99.240969364426164, 18.79031360364009 ], [ -99.236396890717884, 18.79031360364009 ], [ -99.236396890717884, 18.786207604155045 ], [ -99.240969364426164, 18.786207604155059 ], [ -99.240969364426164, 18.79031360364009 ] ] ] } },
{ "type": "Feature", "properties": { "difference_1990_2000": 353.0, "difference_1990_2010": 513.0, "difference_1990_2020": 541.0 }, "geometry": { "type": "Polygon", "coordinates": [ [ [ -99.240969364426164, 18.856023067310918 ], [ -99.236396890717884, 18.856023067310918 ], [ -99.236396890717884, 18.851915481770799 ], [ -99.240969364426164, 18.851915481770817 ], [ -99.240969364426164, 18.856023067310918 ] ] ] } },
{ "type": "Feature", "properties": { "difference_1990_2000": 88.0, "difference_1990_2010": 101.0, "difference_1990_2020": 39.0 }, "geometry": { "type": "Polygon", "coordinates": [ [ [ -99.240969364426164, 18.962855251826873 ], [ -99.236396890717884, 18.962855251826841 ], [ -99.236396890717884, 18.958745073564142 ], [ -99.240969364426164, 18.958745073564142 ], [ -99.240969364426164, 18.962855251826873 ] ] ] } },
{ "type": "Feature", "properties": { "difference_1990_2000": 7.0, "difference_1990_2010": 13.0, "difference_1990_2020": 21.0 }, "geometry": { "type": "Polygon", "coordinates": [ [ [ -99.240969364426164, 19.040967690400851 ], [ -99.236396890717884, 19.040967690400851 ], [ -99.236396890717884, 19.036855605363844 ], [ -99.240969364426164, 19.036855605363844 ], [ -99.240969364426164, 19.040967690400851 ] ] ] } },
{ "type": "Feature", "properties": { "difference_1990_2000": 20.0, "difference_1990_2010": 181.0, "difference_1990_2020": 174.0 }, "geometry": { "type": "Polygon", "coordinates": [ [ [ -99.240969364426164, 18.876562486087884 ], [ -99.236396890717884, 18.876562486087884 ], [ -99.236396890717884, 18.872454403428438 ], [ -99.240969364426164, 18.87245440342846 ], [ -99.240969364426164, 18.876562486087884 ] ] ] } },
{ "type": "Feature", "properties": { "difference_1990_2000": 246.0, "difference_1990_2010": 335.0, "difference_1990_2020": 429.0 }, "geometry": { "type": "Polygon", "coordinates": [ [ [ -99.240969364426164, 19.05741703723551 ], [ -99.236396890717884, 19.05741703723551 ], [ -99.236396890717884, 19.053304549466993 ], [ -99.240969364426164, 19.053304549466993 ], [ -99.240969364426164, 19.05741703723551 ] ] ] } },
{ "type": "Feature", "properties": { "difference_1990_2000": 0.0, "difference_1990_2010": 0.0, "difference_1990_2020": 172.0 }, "geometry": { "type": "Polygon", "coordinates": [ [ [ -99.240969364426164, 18.67538290651547 ], [ -99.236396890717884, 18.675382906515434 ], [ -99.236396890717884, 18.67127966535001 ], [ -99.240969364426164, 18.67127966535001 ], [ -99.240969364426164, 18.67538290651547 ] ] ] } },
{ "type": "Feature", "properties": { "difference_1990_2000": -99.0, "difference_1990_2010": 83.0, "difference_1990_2020": 36.0 }, "geometry": { "type": "Polygon", "coordinates": [ [ [ -99.240969364426164, 18.901213072707769 ], [ -99.236396890717884, 18.901213072707769 ], [ -99.236396890717884, 18.897104392574974 ], [ -99.240969364426164, 18.897104392574985 ], [ -99.240969364426164, 18.901213072707769 ] ] ] } },
{ "type": "Feature", "properties": { "difference_1990_2000": 326.0, "difference_1990_2010": 455.0, "difference_1990_2020": 717.0 }, "geometry": { "type": "Polygon", "coordinates": [ [ [ -99.240969364426164, 18.810845085392366 ], [ -99.236396890717884, 18.810845085392366 ], [ -99.236396890717884, 18.806738591038023 ], [ -99.240969364426164, 18.806738591038023 ], [ -99.240969364426164, 18.810845085392366 ] ] ] } },
{ "type": "Feature", "properties": { "difference_1990_2000": 66.0, "difference_1990_2010": 112.0, "difference_1990_2020": 145.0 }, "geometry": { "type": "Polygon", "coordinates": [ [ [ -99.240969364426164, 18.806738591038023 ], [ -99.236396890717884, 18.806738591038023 ], [ -99.236396890717884, 18.802632195713745 ], [ -99.240969364426164, 18.802632195713745 ], [ -99.240969364426164, 18.806738591038023 ] ] ] } },
{ "type": "Feature", "properties": { "difference_1990_2000": 28.0, "difference_1990_2010": -29.0, "difference_1990_2020": -137.0 }, "geometry": { "type": "Polygon", "coordinates": [ [ [ -99.240969364426164, 18.942305360962511 ], [ -99.236396890717884, 18.942305360962511 ], [ -99.236396890717884, 18.938195682783007 ], [ -99.240969364426164, 18.938195682783007 ], [ -99.240969364426164, 18.942305360962511 ] ] ] } },
{ "type": "Feature", "properties": { "difference_1990_2000": 21.0, "difference_1990_2010": 121.0, "difference_1990_2020": 163.0 }, "geometry": { "type": "Polygon", "coordinates": [ [ [ -99.240969364426164, 18.87245440342846 ], [ -99.236396890717884, 18.872454403428438 ], [ -99.236396890717884, 18.868346420249146 ], [ -99.240969364426164, 18.868346420249146 ], [ -99.240969364426164, 18.87245440342846 ] ] ] } },
{ "type": "Feature", "properties": { "difference_1990_2000": 397.0, "difference_1990_2010": 451.0, "difference_1990_2020": 340.0 }, "geometry": { "type": "Polygon", "coordinates": [ [ [ -99.240969364426164, 18.843700608680571 ], [ -99.236396890717884, 18.843700608680571 ], [ -99.236396890717884, 18.839593321074087 ], [ -99.240969364426164, 18.839593321074087 ], [ -99.240969364426164, 18.843700608680571 ] ] ] } },
{ "type": "Feature", "properties": { "difference_1990_2000": -325.0, "difference_1990_2010": -678.0, "difference_1990_2020": -770.0 }, "geometry": { "type": "Polygon", "coordinates": [ [ [ -99.240969364426164, 18.929976626191074 ], [ -99.236396890717884, 18.929976626191053 ], [ -99.236396890717884, 18.925867247722206 ], [ -99.240969364426164, 18.925867247722206 ], [ -99.240969364426164, 18.929976626191074 ] ] ] } },
{ "type": "Feature", "properties": { "difference_1990_2000": -172.0, "difference_1990_2010": -430.0, "difference_1990_2020": -449.0 }, "geometry": { "type": "Polygon", "coordinates": [ [ [ -99.240969364426164, 18.921757969100319 ], [ -99.236396890717884, 18.921757969100319 ], [ -99.236396890717884, 18.917648790297225 ], [ -99.240969364426164, 18.917648790297243 ], [ -99.240969364426164, 18.921757969100319 ] ] ] } },
{ "type": "Feature", "properties": { "difference_1990_2000": 24.0, "difference_1990_2010": 82.0, "difference_1990_2020": 75.0 }, "geometry": { "type": "Polygon", "coordinates": [ [ [ -99.053497942386841, 18.892995812091637 ], [ -99.048925468678576, 18.892995812091637 ], [ -99.048925468678576, 18.888887331229387 ], [ -99.053497942386841, 18.888887331229387 ], [ -99.053497942386841, 18.892995812091637 ] ] ] } },
{ "type": "Feature", "properties": { "difference_1990_2000": 25.0, "difference_1990_2010": 97.0, "difference_1990_2020": 92.0 }, "geometry": { "type": "Polygon", "coordinates": [ [ [ -99.053497942386841, 18.897104392574985 ], [ -99.048925468678576, 18.897104392574974 ], [ -99.048925468678576, 18.892995812091637 ], [ -99.053497942386841, 18.892995812091637 ], [ -99.053497942386841, 18.897104392574985 ] ] ] } },
{ "type": "Feature", "properties": { "difference_1990_2000": -14.0, "difference_1990_2010": 32.0, "difference_1990_2020": 35.0 }, "geometry": { "type": "Polygon", "coordinates": [ [ [ -99.053497942386841, 18.905321852518146 ], [ -99.048925468678576, 18.905321852518146 ], [ -99.048925468678576, 18.901213072707769 ], [ -99.053497942386841, 18.901213072707769 ], [ -99.053497942386841, 18.905321852518146 ] ] ] } },
{ "type": "Feature", "properties": { "difference_1990_2000": -2.0, "difference_1990_2010": 6.0, "difference_1990_2020": 6.0 }, "geometry": { "type": "Polygon", "coordinates": [ [ [ -99.053497942386841, 18.880670668255728 ], [ -99.048925468678576, 18.880670668255728 ], [ -99.048925468678576, 18.876562486087884 ], [ -99.053497942386841, 18.876562486087884 ], [ -99.053497942386841, 18.880670668255728 ] ] ] } },
{ "type": "Feature", "properties": { "difference_1990_2000": 41.0, "difference_1990_2010": 49.0, "difference_1990_2020": 56.0 }, "geometry": { "type": "Polygon", "coordinates": [ [ [ -99.053497942386841, 18.888887331229387 ], [ -99.048925468678576, 18.888887331229387 ], [ -99.048925468678576, 18.884778949960179 ], [ -99.053497942386841, 18.884778949960179 ], [ -99.053497942386841, 18.888887331229387 ] ] ] } },
{ "type": "Feature", "properties": { "difference_1990_2000": 47.0, "difference_1990_2010": 58.0, "difference_1990_2020": 86.0 }, "geometry": { "type": "Polygon", "coordinates": [ [ [ -99.053497942386841, 18.884778949960179 ], [ -99.048925468678576, 18.884778949960179 ], [ -99.048925468678576, 18.880670668255728 ], [ -99.053497942386841, 18.880670668255728 ], [ -99.053497942386841, 18.884778949960179 ] ] ] } },
{ "type": "Feature", "properties": { "difference_1990_2000": 4.0, "difference_1990_2010": 17.0, "difference_1990_2020": 16.0 }, "geometry": { "type": "Polygon", "coordinates": [ [ [ -99.053497942386841, 18.909430732034405 ], [ -99.048925468678576, 18.909430732034405 ], [ -99.048925468678576, 18.905321852518146 ], [ -99.053497942386841, 18.905321852518146 ], [ -99.053497942386841, 18.909430732034405 ] ] ] } },
{ "type": "Feature", "properties": { "difference_1990_2000": -21.0, "difference_1990_2010": 45.0, "difference_1990_2020": 41.0 }, "geometry": { "type": "Polygon", "coordinates": [ [ [ -99.053497942386841, 18.901213072707769 ], [ -99.048925468678576, 18.901213072707769 ], [ -99.048925468678576, 18.897104392574974 ], [ -99.053497942386841, 18.897104392574985 ], [ -99.053497942386841, 18.901213072707769 ] ] ] } },
{ "type": "Feature", "properties": { "difference_1990_2000": 149.0, "difference_1990_2010": 243.0, "difference_1990_2020": 233.0 }, "geometry": { "type": "Polygon", "coordinates": [ [ [ -99.231824417009619, 18.892995812091637 ], [ -99.22725194330134, 18.892995812091637 ], [ -99.22725194330134, 18.888887331229387 ], [ -99.231824417009619, 18.888887331229387 ], [ -99.231824417009619, 18.892995812091637 ] ] ] } },
{ "type": "Feature", "properties": { "difference_1990_2000": 112.0, "difference_1990_2010": 220.0, "difference_1990_2020": 421.0 }, "geometry": { "type": "Polygon", "coordinates": [ [ [ -99.231824417009619, 18.839593321074087 ], [ -99.22725194330134, 18.839593321074087 ], [ -99.22725194330134, 18.835486132722622 ], [ -99.231824417009619, 18.835486132722622 ], [ -99.231824417009619, 18.839593321074087 ] ] ] } },
{ "type": "Feature", "properties": { "difference_1990_2000": 0.0, "difference_1990_2010": 203.0, "difference_1990_2020": 675.0 }, "geometry": { "type": "Polygon", "coordinates": [ [ [ -99.231824417009619, 18.769784594830554 ], [ -99.22725194330134, 18.769784594830533 ], [ -99.22725194330134, 18.765679089513068 ], [ -99.231824417009619, 18.765679089513068 ], [ -99.231824417009619, 18.769784594830554 ] ] ] } },
{ "type": "Feature", "properties": { "difference_1990_2000": 233.0, "difference_1990_2010": 271.0, "difference_1990_2020": 204.0 }, "geometry": { "type": "Polygon", "coordinates": [ [ [ -99.231824417009619, 18.864238536521988 ], [ -99.22725194330134, 18.864238536521988 ], [ -99.22725194330134, 18.860130752218581 ], [ -99.231824417009619, 18.860130752218598 ], [ -99.231824417009619, 18.864238536521988 ] ] ] } },
{ "type": "Feature", "properties": { "difference_1990_2000": -126.0, "difference_1990_2010": -128.0, "difference_1990_2020": -258.0 }, "geometry": { "type": "Polygon", "coordinates": [ [ [ -99.231824417009619, 18.860130752218598 ], [ -99.22725194330134, 18.860130752218581 ], [ -99.22725194330134, 18.856023067310918 ], [ -99.231824417009619, 18.85602306731095 ], [ -99.231824417009619, 18.860130752218598 ] ] ] } },
{ "type": "Feature", "properties": { "difference_1990_2000": 60.0, "difference_1990_2010": 108.0, "difference_1990_2020": 140.0 }, "geometry": { "type": "Polygon", "coordinates": [ [ [ -99.231824417009619, 18.798525899391365 ], [ -99.22725194330134, 18.798525899391347 ], [ -99.22725194330134, 18.794419702042838 ], [ -99.231824417009619, 18.794419702042838 ], [ -99.231824417009619, 18.798525899391365 ] ] ] } },
{ "type": "Feature", "properties": { "difference_1990_2000": 54.0, "difference_1990_2010": 110.0, "difference_1990_2020": 85.0 }, "geometry": { "type": "Polygon", "coordinates": [ [ [ -99.231824417009619, 18.897104392574974 ], [ -99.22725194330134, 18.897104392574938 ], [ -99.22725194330134, 18.892995812091637 ], [ -99.231824417009619, 18.892995812091637 ], [ -99.231824417009619, 18.897104392574974 ] ] ] } },
{ "type": "Feature", "properties": { "difference_1990_2000": 120.0, "difference_1990_2010": 238.0, "difference_1990_2020": 450.0 }, "geometry": { "type": "Polygon", "coordinates": [ [ [ -99.231824417009619, 18.835486132722622 ], [ -99.22725194330134, 18.835486132722622 ], [ -99.22725194330134, 18.831379043597938 ], [ -99.231824417009619, 18.831379043597938 ], [ -99.231824417009619, 18.835486132722622 ] ] ] } },
{ "type": "Feature", "properties": { "difference_1990_2000": -93.0, "difference_1990_2010": -182.0, "difference_1990_2020": -364.0 }, "geometry": { "type": "Polygon", "coordinates": [ [ [ -99.231824417009619, 18.938195682783029 ], [ -99.22725194330134, 18.938195682783007 ], [ -99.22725194330134, 18.934086104535261 ], [ -99.231824417009619, 18.934086104535261 ], [ -99.231824417009619, 18.938195682783029 ] ] ] } },
{ "type": "Feature", "properties": { "difference_1990_2000": 21.0, "difference_1990_2010": 38.0, "difference_1990_2020": 56.0 }, "geometry": { "type": "Polygon", "coordinates": [ [ [ -99.231824417009619, 18.782101703559618 ], [ -99.22725194330134, 18.782101703559601 ], [ -99.22725194330134, 18.777995901825779 ], [ -99.231824417009619, 18.777995901825779 ], [ -99.231824417009619, 18.782101703559618 ] ] ] } },
{ "type": "Feature", "properties": { "difference_1990_2000": 90.0, "difference_1990_2010": 152.0, "difference_1990_2020": 258.0 }, "geometry": { "type": "Polygon", "coordinates": [ [ [ -99.231824417009619, 18.831379043597938 ], [ -99.22725194330134, 18.831379043597938 ], [ -99.22725194330134, 18.827272053671955 ], [ -99.231824417009619, 18.827272053671937 ], [ -99.231824417009619, 18.831379043597938 ] ] ] } },
{ "type": "Feature", "properties": { "difference_1990_2000": 112.0, "difference_1990_2010": 148.0, "difference_1990_2020": 144.0 }, "geometry": { "type": "Polygon", "coordinates": [ [ [ -99.231824417009619, 18.749258055456497 ], [ -99.22725194330134, 18.749258055456497 ], [ -99.22725194330134, 18.745153043605551 ], [ -99.231824417009619, 18.745153043605551 ], [ -99.231824417009619, 18.749258055456497 ] ] ] } },
{ "type": "Feature", "properties": { "difference_1990_2000": 47.0, "difference_1990_2010": 61.0, "difference_1990_2020": 71.0 }, "geometry": { "type": "Polygon", "coordinates": [ [ [ -99.231824417009619, 18.98751842452592 ], [ -99.22725194330134, 18.987518424525884 ], [ -99.22725194330134, 18.983407645229434 ], [ -99.231824417009619, 18.983407645229434 ], [ -99.231824417009619, 18.98751842452592 ] ] ] } },
{ "type": "Feature", "properties": { "difference_1990_2000": -20.0, "difference_1990_2010": -167.0, "difference_1990_2020": -307.0 }, "geometry": { "type": "Polygon", "coordinates": [ [ [ -99.231824417009619, 18.954634995374633 ], [ -99.22725194330134, 18.954634995374633 ], [ -99.22725194330134, 18.950525017230078 ], [ -99.231824417009619, 18.950525017230095 ], [ -99.231824417009619, 18.954634995374633 ] ] ] } },
{ "type": "Feature", "properties": { "difference_1990_2000": 206.0, "difference_1990_2010": 275.0, "difference_1990_2020": 345.0 }, "geometry": { "type": "Polygon", "coordinates": [ [ [ -99.231824417009619, 18.979296966176022 ], [ -99.22725194330134, 18.979296966176022 ], [ -99.22725194330134, 18.975186387337384 ], [ -99.231824417009619, 18.975186387337384 ], [ -99.231824417009619, 18.979296966176022 ] ] ] } },
{ "type": "Feature", "properties": { "difference_1990_2000": 258.0, "difference_1990_2010": 356.0, "difference_1990_2020": 452.0 }, "geometry": { "type": "Polygon", "coordinates": [ [ [ -99.231824417009619, 18.975186387337384 ], [ -99.22725194330134, 18.975186387337384 ], [ -99.22725194330134, 18.971075908685183 ], [ -99.231824417009619, 18.971075908685147 ], [ -99.231824417009619, 18.975186387337384 ] ] ] } },
{ "type": "Feature", "properties": { "difference_1990_2000": -142.0, "difference_1990_2010": -323.0, "difference_1990_2020": -322.0 }, "geometry": { "type": "Polygon", "coordinates": [ [ [ -99.231824417009619, 18.917648790297225 ], [ -99.22725194330134, 18.917648790297225 ], [ -99.22725194330134, 18.91353971128466 ], [ -99.231824417009619, 18.91353971128466 ], [ -99.231824417009619, 18.917648790297225 ] ] ] } },
{ "type": "Feature", "properties": { "difference_1990_2000": 129.0, "difference_1990_2010": 152.0, "difference_1990_2020": 130.0 }, "geometry": { "type": "Polygon", "coordinates": [ [ [ -99.231824417009619, 18.786207604155059 ], [ -99.22725194330134, 18.786207604155045 ], [ -99.22725194330134, 18.782101703559601 ], [ -99.231824417009619, 18.782101703559618 ], [ -99.231824417009619, 18.786207604155059 ] ] ] } },
{ "type": "Feature", "properties": { "difference_1990_2000": 606.0, "difference_1990_2010": 607.0, "difference_1990_2020": 470.0 }, "geometry": { "type": "Polygon", "coordinates": [ [ [ -99.231824417009619, 18.851915481770817 ], [ -99.22725194330134, 18.851915481770817 ], [ -99.22725194330134, 18.847807995570069 ], [ -99.231824417009619, 18.847807995570069 ], [ -99.231824417009619, 18.851915481770817 ] ] ] } },
{ "type": "Feature", "properties": { "difference_1990_2000": -36.0, "difference_1990_2010": -110.0, "difference_1990_2020": -194.0 }, "geometry": { "type": "Polygon", "coordinates": [ [ [ -99.231824417009619, 18.905321852518146 ], [ -99.22725194330134, 18.905321852518146 ], [ -99.22725194330134, 18.901213072707769 ], [ -99.231824417009619, 18.901213072707769 ], [ -99.231824417009619, 18.905321852518146 ] ] ] } },
{ "type": "Feature", "properties": { "difference_1990_2000": 127.0, "difference_1990_2010": 126.0, "difference_1990_2020": 17.0 }, "geometry": { "type": "Polygon", "coordinates": [ [ [ -99.231824417009619, 18.827272053671937 ], [ -99.22725194330134, 18.827272053671955 ], [ -99.22725194330134, 18.823165162916485 ], [ -99.231824417009619, 18.823165162916485 ], [ -99.231824417009619, 18.827272053671937 ] ] ] } },
{ "type": "Feature", "properties": { "difference_1990_2000": 204.0, "difference_1990_2010": 269.0, "difference_1990_2020": 196.0 }, "geometry": { "type": "Polygon", "coordinates": [ [ [ -99.231824417009619, 18.880670668255728 ], [ -99.22725194330134, 18.880670668255728 ], [ -99.22725194330134, 18.876562486087899 ], [ -99.231824417009619, 18.876562486087884 ], [ -99.231824417009619, 18.880670668255728 ] ] ] } },
{ "type": "Feature", "properties": { "difference_1990_2000": 1.0, "difference_1990_2010": 343.0, "difference_1990_2020": 543.0 }, "geometry": { "type": "Polygon", "coordinates": [ [ [ -99.231824417009619, 18.773890198925479 ], [ -99.22725194330134, 18.773890198925443 ], [ -99.22725194330134, 18.769784594830533 ], [ -99.231824417009619, 18.769784594830554 ], [ -99.231824417009619, 18.773890198925479 ] ] ] } },
{ "type": "Feature", "properties": { "difference_1990_2000": 30.0, "difference_1990_2010": 108.0, "difference_1990_2020": 110.0 }, "geometry": { "type": "Polygon", "coordinates": [ [ [ -99.231824417009619, 18.794419702042838 ], [ -99.22725194330134, 18.794419702042838 ], [ -99.22725194330134, 18.79031360364009 ], [ -99.231824417009619, 18.79031360364009 ], [ -99.231824417009619, 18.794419702042838 ] ] ] } },
{ "type": "Feature", "properties": { "difference_1990_2000": 196.0, "difference_1990_2010": 292.0, "difference_1990_2020": 314.0 }, "geometry": { "type": "Polygon", "coordinates": [ [ [ -99.231824417009619, 18.81495167880481 ], [ -99.22725194330134, 18.81495167880481 ], [ -99.22725194330134, 18.810845085392366 ], [ -99.231824417009619, 18.810845085392366 ], [ -99.231824417009619, 18.81495167880481 ] ] ] } },
{ "type": "Feature", "properties": { "difference_1990_2000": 255.0, "difference_1990_2010": 359.0, "difference_1990_2020": 451.0 }, "geometry": { "type": "Polygon", "coordinates": [ [ [ -99.231824417009619, 18.971075908685147 ], [ -99.22725194330134, 18.971075908685183 ], [ -99.22725194330134, 18.966965530191111 ], [ -99.231824417009619, 18.966965530191128 ], [ -99.231824417009619, 18.971075908685147 ] ] ] } },
{ "type": "Feature", "properties": { "difference_1990_2000": -39.0, "difference_1990_2010": -233.0, "difference_1990_2020": -390.0 }, "geometry": { "type": "Polygon", "coordinates": [ [ [ -99.231824417009619, 18.950525017230095 ], [ -99.22725194330134, 18.950525017230078 ], [ -99.22725194330134, 18.946415139102079 ], [ -99.231824417009619, 18.946415139102097 ], [ -99.231824417009619, 18.950525017230095 ] ] ] } },
{ "type": "Feature", "properties": { "difference_1990_2000": 445.0, "difference_1990_2010": 493.0, "difference_1990_2020": 478.0 }, "geometry": { "type": "Polygon", "coordinates": [ [ [ -99.231824417009619, 18.819058371303505 ], [ -99.22725194330134, 18.819058371303505 ], [ -99.22725194330134, 18.814951678804846 ], [ -99.231824417009619, 18.814951678804846 ], [ -99.231824417009619, 18.819058371303505 ] ] ] } },
{ "type": "Feature", "properties": { "difference_1990_2000": 197.0, "difference_1990_2010": 215.0, "difference_1990_2020": 178.0 }, "geometry": { "type": "Polygon", "coordinates": [ [ [ -99.231824417009619, 18.888887331229387 ], [ -99.22725194330134, 18.888887331229387 ], [ -99.22725194330134, 18.884778949960179 ], [ -99.231824417009619, 18.884778949960179 ], [ -99.231824417009619, 18.888887331229387 ] ] ] } },
{ "type": "Feature", "properties": { "difference_1990_2000": 304.0, "difference_1990_2010": 637.0, "difference_1990_2020": 747.0 }, "geometry": { "type": "Polygon", "coordinates": [ [ [ -99.231824417009619, 18.934086104535261 ], [ -99.22725194330134, 18.934086104535261 ], [ -99.22725194330134, 18.929976626191074 ], [ -99.231824417009619, 18.929976626191074 ], [ -99.231824417009619, 18.934086104535261 ] ] ] } },
{ "type": "Feature", "properties": { "difference_1990_2000": 13.0, "difference_1990_2010": 49.0, "difference_1990_2020": 77.0 }, "geometry": { "type": "Polygon", "coordinates": [ [ [ -99.231824417009619, 18.777995901825779 ], [ -99.22725194330134, 18.777995901825779 ], [ -99.22725194330134, 18.773890198925443 ], [ -99.231824417009619, 18.773890198925479 ], [ -99.231824417009619, 18.777995901825779 ] ] ] } },
{ "type": "Feature", "properties": { "difference_1990_2000": -199.0, "difference_1990_2010": -549.0, "difference_1990_2020": -493.0 }, "geometry": { "type": "Polygon", "coordinates": [ [ [ -99.231824417009619, 18.925867247722206 ], [ -99.22725194330134, 18.925867247722241 ], [ -99.22725194330134, 18.921757969100319 ], [ -99.231824417009619, 18.921757969100319 ], [ -99.231824417009619, 18.925867247722206 ] ] ] } },
{ "type": "Feature", "properties": { "difference_1990_2000": 0.0, "difference_1990_2010": 0.0, "difference_1990_2020": 13.0 }, "geometry": { "type": "Polygon", "coordinates": [ [ [ -99.231824417009619, 18.765679089513068 ], [ -99.22725194330134, 18.765679089513068 ], [ -99.22725194330134, 18.761573682944995 ], [ -99.231824417009619, 18.761573682944967 ], [ -99.231824417009619, 18.765679089513068 ] ] ] } },
{ "type": "Feature", "properties": { "difference_1990_2000": 104.0, "difference_1990_2010": 137.0, "difference_1990_2020": 169.0 }, "geometry": { "type": "Polygon", "coordinates": [ [ [ -99.231824417009619, 18.983407645229434 ], [ -99.22725194330134, 18.983407645229434 ], [ -99.22725194330134, 18.979296966176022 ], [ -99.231824417009619, 18.979296966176022 ], [ -99.231824417009619, 18.983407645229434 ] ] ] } },
{ "type": "Feature", "properties": { "difference_1990_2000": -50.0, "difference_1990_2010": 53.0, "difference_1990_2020": 8.0 }, "geometry": { "type": "Polygon", "coordinates": [ [ [ -99.231824417009619, 18.868346420249146 ], [ -99.22725194330134, 18.868346420249146 ], [ -99.22725194330134, 18.864238536521988 ], [ -99.231824417009619, 18.864238536521988 ], [ -99.231824417009619, 18.868346420249146 ] ] ] } },
{ "type": "Feature", "properties": { "difference_1990_2000": -156.0, "difference_1990_2010": -332.0, "difference_1990_2020": -368.0 }, "geometry": { "type": "Polygon", "coordinates": [ [ [ -99.231824417009619, 18.91353971128466 ], [ -99.22725194330134, 18.91353971128466 ], [ -99.22725194330134, 18.909430732034405 ], [ -99.231824417009619, 18.909430732034373 ], [ -99.231824417009619, 18.91353971128466 ] ] ] } },
{ "type": "Feature", "properties": { "difference_1990_2000": -110.0, "difference_1990_2010": -242.0, "difference_1990_2020": -310.0 }, "geometry": { "type": "Polygon", "coordinates": [ [ [ -99.231824417009619, 18.909430732034373 ], [ -99.22725194330134, 18.909430732034405 ], [ -99.22725194330134, 18.905321852518146 ], [ -99.231824417009619, 18.905321852518146 ], [ -99.231824417009619, 18.909430732034373 ] ] ] } },
{ "type": "Feature", "properties": { "difference_1990_2000": 156.0, "difference_1990_2010": 200.0, "difference_1990_2020": 300.0 }, "geometry": { "type": "Polygon", "coordinates": [ [ [ -99.231824417009619, 18.802632195713745 ], [ -99.22725194330134, 18.802632195713745 ], [ -99.22725194330134, 18.798525899391347 ], [ -99.231824417009619, 18.798525899391365 ], [ -99.231824417009619, 18.802632195713745 ] ] ] } },
{ "type": "Feature", "properties": { "difference_1990_2000": 199.0, "difference_1990_2010": 268.0, "difference_1990_2020": 238.0 }, "geometry": { "type": "Polygon", "coordinates": [ [ [ -99.231824417009619, 18.884778949960179 ], [ -99.22725194330134, 18.884778949960179 ], [ -99.22725194330134, 18.880670668255728 ], [ -99.231824417009619, 18.880670668255728 ], [ -99.231824417009619, 18.884778949960179 ] ] ] } },
{ "type": "Feature", "properties": { "difference_1990_2000": 181.0, "difference_1990_2010": 214.0, "difference_1990_2020": 233.0 }, "geometry": { "type": "Polygon", "coordinates": [ [ [ -99.231824417009619, 18.736943315703392 ], [ -99.22725194330134, 18.736943315703392 ], [ -99.22725194330134, 18.73283859959615 ], [ -99.231824417009619, 18.732838599596164 ], [ -99.231824417009619, 18.736943315703392 ] ] ] } },
{ "type": "Feature", "properties": { "difference_1990_2000": 91.0, "difference_1990_2010": 30.0, "difference_1990_2020": -37.0 }, "geometry": { "type": "Polygon", "coordinates": [ [ [ -99.231824417009619, 18.958745073564142 ], [ -99.22725194330134, 18.958745073564142 ], [ -99.22725194330134, 18.954634995374633 ], [ -99.231824417009619, 18.954634995374633 ], [ -99.231824417009619, 18.958745073564142 ] ] ] } },
{ "type": "Feature", "properties": { "difference_1990_2000": 258.0, "difference_1990_2010": 376.0, "difference_1990_2020": 468.0 }, "geometry": { "type": "Polygon", "coordinates": [ [ [ -99.231824417009619, 18.966965530191128 ], [ -99.22725194330134, 18.966965530191111 ], [ -99.22725194330134, 18.962855251826873 ], [ -99.231824417009619, 18.962855251826873 ], [ -99.231824417009619, 18.966965530191128 ] ] ] } },
{ "type": "Feature", "properties": { "difference_1990_2000": 493.0, "difference_1990_2010": 593.0, "difference_1990_2020": 633.0 }, "geometry": { "type": "Polygon", "coordinates": [ [ [ -99.231824417009619, 18.741048130363872 ], [ -99.22725194330134, 18.741048130363851 ], [ -99.22725194330134, 18.736943315703392 ], [ -99.231824417009619, 18.736943315703392 ], [ -99.231824417009619, 18.741048130363872 ] ] ] } },
{ "type": "Feature", "properties": { "difference_1990_2000": 126.0, "difference_1990_2010": 119.0, "difference_1990_2020": 125.0 }, "geometry": { "type": "Polygon", "coordinates": [ [ [ -99.231824417009619, 18.847807995570069 ], [ -99.22725194330134, 18.847807995570069 ], [ -99.22725194330134, 18.843700608680571 ], [ -99.231824417009619, 18.843700608680571 ], [ -99.231824417009619, 18.847807995570069 ] ] ] } },
{ "type": "Feature", "properties": { "difference_1990_2000": -22.0, "difference_1990_2010": 31.0, "difference_1990_2020": -65.0 }, "geometry": { "type": "Polygon", "coordinates": [ [ [ -99.231824417009619, 18.823165162916485 ], [ -99.22725194330134, 18.823165162916485 ], [ -99.22725194330134, 18.819058371303505 ], [ -99.231824417009619, 18.819058371303505 ], [ -99.231824417009619, 18.823165162916485 ] ] ] } },
{ "type": "Feature", "properties": { "difference_1990_2000": 17.0, "difference_1990_2010": 45.0, "difference_1990_2020": 65.0 }, "geometry": { "type": "Polygon", "coordinates": [ [ [ -99.231824417009619, 18.79031360364009 ], [ -99.22725194330134, 18.79031360364009 ], [ -99.22725194330134, 18.786207604155045 ], [ -99.231824417009619, 18.786207604155059 ], [ -99.231824417009619, 18.79031360364009 ] ] ] } },
{ "type": "Feature", "properties": { "difference_1990_2000": 219.0, "difference_1990_2010": 290.0, "difference_1990_2020": 325.0 }, "geometry": { "type": "Polygon", "coordinates": [ [ [ -99.231824417009619, 18.962855251826873 ], [ -99.22725194330134, 18.962855251826873 ], [ -99.22725194330134, 18.958745073564142 ], [ -99.231824417009619, 18.958745073564142 ], [ -99.231824417009619, 18.962855251826873 ] ] ] } },
{ "type": "Feature", "properties": { "difference_1990_2000": 167.0, "difference_1990_2010": 335.0, "difference_1990_2020": 228.0 }, "geometry": { "type": "Polygon", "coordinates": [ [ [ -99.231824417009619, 18.876562486087884 ], [ -99.22725194330134, 18.876562486087899 ], [ -99.22725194330134, 18.872454403428438 ], [ -99.231824417009619, 18.872454403428438 ], [ -99.231824417009619, 18.876562486087884 ] ] ] } },
{ "type": "Feature", "properties": { "difference_1990_2000": 59.0, "difference_1990_2010": 138.0, "difference_1990_2020": -132.0 }, "geometry": { "type": "Polygon", "coordinates": [ [ [ -99.231824417009619, 18.85602306731095 ], [ -99.22725194330134, 18.856023067310918 ], [ -99.22725194330134, 18.851915481770817 ], [ -99.231824417009619, 18.851915481770817 ], [ -99.231824417009619, 18.85602306731095 ] ] ] } },
{ "type": "Feature", "properties": { "difference_1990_2000": -6.0, "difference_1990_2010": -36.0, "difference_1990_2020": -102.0 }, "geometry": { "type": "Polygon", "coordinates": [ [ [ -99.231824417009619, 18.901213072707769 ], [ -99.22725194330134, 18.901213072707769 ], [ -99.22725194330134, 18.897104392574938 ], [ -99.231824417009619, 18.897104392574974 ], [ -99.231824417009619, 18.901213072707769 ] ] ] } },
{ "type": "Feature", "properties": { "difference_1990_2000": 0.0, "difference_1990_2010": -1.0, "difference_1990_2020": 1.0 }, "geometry": { "type": "Polygon", "coordinates": [ [ [ -99.231824417009619, 18.810845085392366 ], [ -99.22725194330134, 18.810845085392366 ], [ -99.22725194330134, 18.806738591038023 ], [ -99.231824417009619, 18.806738591038023 ], [ -99.231824417009619, 18.810845085392366 ] ] ] } },
{ "type": "Feature", "properties": { "difference_1990_2000": 48.0, "difference_1990_2010": 84.0, "difference_1990_2020": 108.0 }, "geometry": { "type": "Polygon", "coordinates": [ [ [ -99.231824417009619, 18.806738591038023 ], [ -99.22725194330134, 18.806738591038023 ], [ -99.22725194330134, 18.802632195713745 ], [ -99.231824417009619, 18.802632195713745 ], [ -99.231824417009619, 18.806738591038023 ] ] ] } },
{ "type": "Feature", "properties": { "difference_1990_2000": -100.0, "difference_1990_2010": -164.0, "difference_1990_2020": -212.0 }, "geometry": { "type": "Polygon", "coordinates": [ [ [ -99.231824417009619, 18.942305360962511 ], [ -99.22725194330134, 18.942305360962511 ], [ -99.22725194330134, 18.938195682783007 ], [ -99.231824417009619, 18.938195682783029 ], [ -99.231824417009619, 18.942305360962511 ] ] ] } },
{ "type": "Feature", "properties": { "difference_1990_2000": -272.0, "difference_1990_2010": -156.0, "difference_1990_2020": -176.0 }, "geometry": { "type": "Polygon", "coordinates": [ [ [ -99.231824417009619, 18.872454403428438 ], [ -99.22725194330134, 18.872454403428438 ], [ -99.22725194330134, 18.868346420249146 ], [ -99.231824417009619, 18.868346420249146 ], [ -99.231824417009619, 18.872454403428438 ] ] ] } },
{ "type": "Feature", "properties": { "difference_1990_2000": 71.0, "difference_1990_2010": 85.0, "difference_1990_2020": 114.0 }, "geometry": { "type": "Polygon", "coordinates": [ [ [ -99.231824417009619, 18.843700608680571 ], [ -99.22725194330134, 18.843700608680571 ], [ -99.22725194330134, 18.839593321074087 ], [ -99.231824417009619, 18.839593321074087 ], [ -99.231824417009619, 18.843700608680571 ] ] ] } },
{ "type": "Feature", "properties": { "difference_1990_2000": 253.0, "difference_1990_2010": 493.0, "difference_1990_2020": 745.0 }, "geometry": { "type": "Polygon", "coordinates": [ [ [ -99.231824417009619, 18.929976626191074 ], [ -99.22725194330134, 18.929976626191074 ], [ -99.22725194330134, 18.925867247722241 ], [ -99.231824417009619, 18.925867247722206 ], [ -99.231824417009619, 18.929976626191074 ] ] ] } },
{ "type": "Feature", "properties": { "difference_1990_2000": 578.0, "difference_1990_2010": 668.0, "difference_1990_2020": 742.0 }, "geometry": { "type": "Polygon", "coordinates": [ [ [ -99.231824417009619, 18.745153043605551 ], [ -99.22725194330134, 18.745153043605551 ], [ -99.22725194330134, 18.741048130363851 ], [ -99.231824417009619, 18.741048130363872 ], [ -99.231824417009619, 18.745153043605551 ] ] ] } },
{ "type": "Feature", "properties": { "difference_1990_2000": 4.0, "difference_1990_2010": -483.0, "difference_1990_2020": -465.0 }, "geometry": { "type": "Polygon", "coordinates": [ [ [ -99.231824417009619, 18.921757969100319 ], [ -99.22725194330134, 18.921757969100319 ], [ -99.22725194330134, 18.917648790297225 ], [ -99.231824417009619, 18.917648790297225 ], [ -99.231824417009619, 18.921757969100319 ] ] ] } },
{ "type": "Feature", "properties": { "difference_1990_2000": -6.0, "difference_1990_2010": -182.0, "difference_1990_2020": -328.0 }, "geometry": { "type": "Polygon", "coordinates": [ [ [ -99.231824417009619, 18.946415139102097 ], [ -99.22725194330134, 18.946415139102079 ], [ -99.22725194330134, 18.942305360962511 ], [ -99.231824417009619, 18.942305360962511 ], [ -99.231824417009619, 18.946415139102097 ] ] ] } },
{ "type": "Feature", "properties": { "difference_1990_2000": 5.0, "difference_1990_2010": 25.0, "difference_1990_2020": 15.0 }, "geometry": { "type": "Polygon", "coordinates": [ [ [ -99.044352994970296, 18.892995812091637 ], [ -99.039780521262017, 18.892995812091637 ], [ -99.039780521262017, 18.888887331229402 ], [ -99.044352994970296, 18.888887331229402 ], [ -99.044352994970296, 18.892995812091637 ] ] ] } },
{ "type": "Feature", "properties": { "difference_1990_2000": 12.0, "difference_1990_2010": 34.0, "difference_1990_2020": 26.0 }, "geometry": { "type": "Polygon", "coordinates": [ [ [ -99.044352994970296, 18.897104392574974 ], [ -99.039780521262017, 18.897104392574985 ], [ -99.039780521262017, 18.892995812091637 ], [ -99.044352994970296, 18.892995812091637 ], [ -99.044352994970296, 18.897104392574974 ] ] ] } },
{ "type": "Feature", "properties": { "difference_1990_2000": 4.0, "difference_1990_2010": 15.0, "difference_1990_2020": 15.0 }, "geometry": { "type": "Polygon", "coordinates": [ [ [ -99.044352994970296, 18.917648790297225 ], [ -99.039780521262017, 18.917648790297225 ], [ -99.039780521262017, 18.91353971128466 ], [ -99.044352994970296, 18.91353971128466 ], [ -99.044352994970296, 18.917648790297225 ] ] ] } },
{ "type": "Feature", "properties": { "difference_1990_2000": 2.0, "difference_1990_2010": 8.0, "difference_1990_2020": 1.0 }, "geometry": { "type": "Polygon", "coordinates": [ [ [ -99.044352994970296, 18.888887331229402 ], [ -99.039780521262017, 18.888887331229402 ], [ -99.039780521262017, 18.884778949960179 ], [ -99.044352994970296, 18.884778949960179 ], [ -99.044352994970296, 18.888887331229402 ] ] ] } },
{ "type": "Feature", "properties": { "difference_1990_2000": 3.0, "difference_1990_2010": 11.0, "difference_1990_2020": 11.0 }, "geometry": { "type": "Polygon", "coordinates": [ [ [ -99.044352994970296, 18.91353971128466 ], [ -99.039780521262017, 18.91353971128466 ], [ -99.039780521262017, 18.909430732034405 ], [ -99.044352994970296, 18.909430732034405 ], [ -99.044352994970296, 18.91353971128466 ] ] ] } },
{ "type": "Feature", "properties": { "difference_1990_2000": 1.0, "difference_1990_2010": 3.0, "difference_1990_2020": 1.0 }, "geometry": { "type": "Polygon", "coordinates": [ [ [ -99.044352994970296, 18.901213072707769 ], [ -99.039780521262017, 18.901213072707751 ], [ -99.039780521262017, 18.897104392574985 ], [ -99.044352994970296, 18.897104392574974 ], [ -99.044352994970296, 18.901213072707769 ] ] ] } },
{ "type": "Feature", "properties": { "difference_1990_2000": 191.0, "difference_1990_2010": 445.0, "difference_1990_2020": 578.0 }, "geometry": { "type": "Polygon", "coordinates": [ [ [ -99.222679469593047, 18.892995812091637 ], [ -99.218106995884796, 18.892995812091637 ], [ -99.218106995884796, 18.888887331229402 ], [ -99.222679469593047, 18.888887331229402 ], [ -99.222679469593047, 18.892995812091637 ] ] ] } },
{ "type": "Feature", "properties": { "difference_1990_2000": 20.0, "difference_1990_2010": 12.0, "difference_1990_2020": 18.0 }, "geometry": { "type": "Polygon", "coordinates": [ [ [ -99.222679469593047, 18.839593321074087 ], [ -99.218106995884796, 18.839593321074087 ], [ -99.218106995884796, 18.835486132722622 ], [ -99.222679469593047, 18.835486132722654 ], [ -99.222679469593047, 18.839593321074087 ] ] ] } },
{ "type": "Feature", "properties": { "difference_1990_2000": 0.0, "difference_1990_2010": 0.0, "difference_1990_2020": 36.0 }, "geometry": { "type": "Polygon", "coordinates": [ [ [ -99.222679469593047, 18.769784594830554 ], [ -99.218106995884796, 18.769784594830554 ], [ -99.218106995884796, 18.765679089513068 ], [ -99.222679469593047, 18.765679089513068 ], [ -99.222679469593047, 18.769784594830554 ] ] ] } },
{ "type": "Feature", "properties": { "difference_1990_2000": 284.0, "difference_1990_2010": 325.0, "difference_1990_2020": 346.0 }, "geometry": { "type": "Polygon", "coordinates": [ [ [ -99.222679469593047, 18.864238536521988 ], [ -99.218106995884796, 18.864238536521988 ], [ -99.218106995884796, 18.860130752218598 ], [ -99.222679469593047, 18.860130752218598 ], [ -99.222679469593047, 18.864238536521988 ] ] ] } },
{ "type": "Feature", "properties": { "difference_1990_2000": 0.0, "difference_1990_2010": 3.0, "difference_1990_2020": 2.0 }, "geometry": { "type": "Polygon", "coordinates": [ [ [ -99.222679469593047, 18.757468375098185 ], [ -99.218106995884796, 18.757468375098185 ], [ -99.218106995884796, 18.753363165944652 ], [ -99.222679469593047, 18.75336316594468 ], [ -99.222679469593047, 18.757468375098185 ] ] ] } },
{ "type": "Feature", "properties": { "difference_1990_2000": 180.0, "difference_1990_2010": 230.0, "difference_1990_2020": 265.0 }, "geometry": { "type": "Polygon", "coordinates": [ [ [ -99.222679469593047, 18.860130752218598 ], [ -99.218106995884796, 18.860130752218598 ], [ -99.218106995884796, 18.8560230673109 ], [ -99.222679469593047, 18.856023067310918 ], [ -99.222679469593047, 18.860130752218598 ] ] ] } },
{ "type": "Feature", "properties": { "difference_1990_2000": 9.0, "difference_1990_2010": 35.0, "difference_1990_2020": 35.0 }, "geometry": { "type": "Polygon", "coordinates": [ [ [ -99.222679469593047, 18.798525899391365 ], [ -99.218106995884796, 18.798525899391347 ], [ -99.218106995884796, 18.794419702042838 ], [ -99.222679469593047, 18.794419702042802 ], [ -99.222679469593047, 18.798525899391365 ] ] ] } },
{ "type": "Feature", "properties": { "difference_1990_2000": 120.0, "difference_1990_2010": 297.0, "difference_1990_2020": 394.0 }, "geometry": { "type": "Polygon", "coordinates": [ [ [ -99.222679469593047, 18.897104392574974 ], [ -99.218106995884796, 18.897104392574974 ], [ -99.218106995884796, 18.892995812091637 ], [ -99.222679469593047, 18.892995812091637 ], [ -99.222679469593047, 18.897104392574974 ] ] ] } },
{ "type": "Feature", "properties": { "difference_1990_2000": 19.0, "difference_1990_2010": -62.0, "difference_1990_2020": -119.0 }, "geometry": { "type": "Polygon", "coordinates": [ [ [ -99.222679469593047, 18.938195682783007 ], [ -99.218106995884796, 18.938195682783007 ], [ -99.218106995884796, 18.93408610453524 ], [ -99.222679469593047, 18.93408610453524 ], [ -99.222679469593047, 18.938195682783007 ] ] ] } },
{ "type": "Feature", "properties": { "difference_1990_2000": 59.0, "difference_1990_2010": 78.0, "difference_1990_2020": 105.0 }, "geometry": { "type": "Polygon", "coordinates": [ [ [ -99.222679469593047, 18.782101703559618 ], [ -99.218106995884796, 18.782101703559618 ], [ -99.218106995884796, 18.777995901825744 ], [ -99.222679469593047, 18.777995901825779 ], [ -99.222679469593047, 18.782101703559618 ] ] ] } },
{ "type": "Feature", "properties": { "difference_1990_2000": 357.0, "difference_1990_2010": 414.0, "difference_1990_2020": 458.0 }, "geometry": { "type": "Polygon", "coordinates": [ [ [ -99.222679469593047, 18.749258055456497 ], [ -99.218106995884796, 18.749258055456497 ], [ -99.218106995884796, 18.745153043605551 ], [ -99.222679469593047, 18.745153043605551 ], [ -99.222679469593047, 18.749258055456497 ] ] ] } },
{ "type": "Feature", "properties": { "difference_1990_2000": 427.0, "difference_1990_2010": 432.0, "difference_1990_2020": 353.0 }, "geometry": { "type": "Polygon", "coordinates": [ [ [ -99.222679469593047, 18.954634995374633 ], [ -99.218106995884796, 18.954634995374633 ], [ -99.218106995884796, 18.950525017230042 ], [ -99.222679469593047, 18.950525017230095 ], [ -99.222679469593047, 18.954634995374633 ] ] ] } },
{ "type": "Feature", "properties": { "difference_1990_2000": 72.0, "difference_1990_2010": 119.0, "difference_1990_2020": 159.0 }, "geometry": { "type": "Polygon", "coordinates": [ [ [ -99.222679469593047, 18.979296966176022 ], [ -99.218106995884796, 18.979296966176022 ], [ -99.218106995884796, 18.975186387337384 ], [ -99.222679469593047, 18.975186387337384 ], [ -99.222679469593047, 18.979296966176022 ] ] ] } },
{ "type": "Feature", "properties": { "difference_1990_2000": 149.0, "difference_1990_2010": 159.0, "difference_1990_2020": 192.0 }, "geometry": { "type": "Polygon", "coordinates": [ [ [ -99.222679469593047, 18.75336316594468 ], [ -99.218106995884796, 18.753363165944652 ], [ -99.218106995884796, 18.749258055456497 ], [ -99.222679469593047, 18.749258055456497 ], [ -99.222679469593047, 18.75336316594468 ] ] ] } },
{ "type": "Feature", "properties": { "difference_1990_2000": 303.0, "difference_1990_2010": 555.0, "difference_1990_2020": 679.0 }, "geometry": { "type": "Polygon", "coordinates": [ [ [ -99.222679469593047, 18.975186387337384 ], [ -99.218106995884796, 18.975186387337384 ], [ -99.218106995884796, 18.971075908685133 ], [ -99.222679469593047, 18.971075908685147 ], [ -99.222679469593047, 18.975186387337384 ] ] ] } },
{ "type": "Feature", "properties": { "difference_1990_2000": 93.0, "difference_1990_2010": -246.0, "difference_1990_2020": -245.0 }, "geometry": { "type": "Polygon", "coordinates": [ [ [ -99.222679469593047, 18.917648790297225 ], [ -99.218106995884796, 18.917648790297189 ], [ -99.218106995884796, 18.91353971128466 ], [ -99.222679469593047, 18.913539711284695 ], [ -99.222679469593047, 18.917648790297225 ] ] ] } },
{ "type": "Feature", "properties": { "difference_1990_2000": 2.0, "difference_1990_2010": 4.0, "difference_1990_2020": 4.0 }, "geometry": { "type": "Polygon", "coordinates": [ [ [ -99.222679469593047, 18.786207604155059 ], [ -99.218106995884796, 18.786207604155045 ], [ -99.218106995884796, 18.782101703559618 ], [ -99.222679469593047, 18.782101703559618 ], [ -99.222679469593047, 18.786207604155059 ] ] ] } },
{ "type": "Feature", "properties": { "difference_1990_2000": 0.0, "difference_1990_2010": 0.0, "difference_1990_2020": 160.0 }, "geometry": { "type": "Polygon", "coordinates": [ [ [ -99.222679469593047, 18.773890198925443 ], [ -99.218106995884796, 18.773890198925415 ], [ -99.218106995884796, 18.769784594830554 ], [ -99.222679469593047, 18.769784594830554 ], [ -99.222679469593047, 18.773890198925443 ] ] ] } },
{ "type": "Feature", "properties": { "difference_1990_2000": 3.0, "difference_1990_2010": 9.0, "difference_1990_2020": 13.0 }, "geometry": { "type": "Polygon", "coordinates": [ [ [ -99.222679469593047, 18.794419702042802 ], [ -99.218106995884796, 18.794419702042838 ], [ -99.218106995884796, 18.79031360364009 ], [ -99.222679469593047, 18.79031360364009 ], [ -99.222679469593047, 18.794419702042802 ] ] ] } },
{ "type": "Feature", "properties": { "difference_1990_2000": 98.0, "difference_1990_2010": 51.0, "difference_1990_2020": -57.0 }, "geometry": { "type": "Polygon", "coordinates": [ [ [ -99.222679469593047, 18.905321852518146 ], [ -99.218106995884796, 18.905321852518146 ], [ -99.218106995884796, 18.901213072707751 ], [ -99.222679469593047, 18.901213072707769 ], [ -99.222679469593047, 18.905321852518146 ] ] ] } },
{ "type": "Feature", "properties": { "difference_1990_2000": 96.0, "difference_1990_2010": 175.0, "difference_1990_2020": 300.0 }, "geometry": { "type": "Polygon", "coordinates": [ [ [ -99.222679469593047, 18.880670668255728 ], [ -99.218106995884796, 18.880670668255728 ], [ -99.218106995884796, 18.876562486087852 ], [ -99.222679469593047, 18.876562486087884 ], [ -99.222679469593047, 18.880670668255728 ] ] ] } },
{ "type": "Feature", "properties": { "difference_1990_2000": 176.0, "difference_1990_2010": 188.0, "difference_1990_2020": 188.0 }, "geometry": { "type": "Polygon", "coordinates": [ [ [ -99.222679469593047, 18.851915481770849 ], [ -99.218106995884796, 18.851915481770799 ], [ -99.218106995884796, 18.847807995570069 ], [ -99.222679469593047, 18.847807995570069 ], [ -99.222679469593047, 18.851915481770849 ] ] ] } },
{ "type": "Feature", "properties": { "difference_1990_2000": 191.0, "difference_1990_2010": 268.0, "difference_1990_2020": 301.0 }, "geometry": { "type": "Polygon", "coordinates": [ [ [ -99.222679469593047, 18.814951678804796 ], [ -99.218106995884796, 18.814951678804796 ], [ -99.218106995884796, 18.810845085392366 ], [ -99.222679469593047, 18.810845085392348 ], [ -99.222679469593047, 18.814951678804796 ] ] ] } },
{ "type": "Feature", "properties": { "difference_1990_2000": 14.0, "difference_1990_2010": 14.0, "difference_1990_2020": 17.0 }, "geometry": { "type": "Polygon", "coordinates": [ [ [ -99.222679469593047, 18.827272053671955 ], [ -99.218106995884796, 18.827272053671937 ], [ -99.218106995884796, 18.823165162916485 ], [ -99.222679469593047, 18.823165162916485 ], [ -99.222679469593047, 18.827272053671955 ] ] ] } },
{ "type": "Feature", "properties": { "difference_1990_2000": 282.0, "difference_1990_2010": 514.0, "difference_1990_2020": 624.0 }, "geometry": { "type": "Polygon", "coordinates": [ [ [ -99.222679469593047, 18.971075908685147 ], [ -99.218106995884796, 18.971075908685133 ], [ -99.218106995884796, 18.966965530191111 ], [ -99.222679469593047, 18.966965530191128 ], [ -99.222679469593047, 18.971075908685147 ] ] ] } },
{ "type": "Feature", "properties": { "difference_1990_2000": 244.0, "difference_1990_2010": 259.0, "difference_1990_2020": 240.0 }, "geometry": { "type": "Polygon", "coordinates": [ [ [ -99.222679469593047, 18.950525017230095 ], [ -99.218106995884796, 18.950525017230042 ], [ -99.218106995884796, 18.946415139102079 ], [ -99.222679469593047, 18.946415139102097 ], [ -99.222679469593047, 18.950525017230095 ] ] ] } },
{ "type": "Feature", "properties": { "difference_1990_2000": 193.0, "difference_1990_2010": 291.0, "difference_1990_2020": 327.0 }, "geometry": { "type": "Polygon", "coordinates": [ [ [ -99.222679469593047, 18.819058371303505 ], [ -99.218106995884796, 18.819058371303505 ], [ -99.218106995884796, 18.814951678804846 ], [ -99.222679469593047, 18.81495167880481 ], [ -99.222679469593047, 18.819058371303505 ] ] ] } },
{ "type": "Feature", "properties": { "difference_1990_2000": 16.0, "difference_1990_2010": -76.0, "difference_1990_2020": -110.0 }, "geometry": { "type": "Polygon", "coordinates": [ [ [ -99.222679469593047, 18.93408610453524 ], [ -99.218106995884796, 18.93408610453524 ], [ -99.218106995884796, 18.929976626191074 ], [ -99.222679469593047, 18.929976626191074 ], [ -99.222679469593047, 18.93408610453524 ] ] ] } },
{ "type": "Feature", "properties": { "difference_1990_2000": 188.0, "difference_1990_2010": 427.0, "difference_1990_2020": 565.0 }, "geometry": { "type": "Polygon", "coordinates": [ [ [ -99.222679469593047, 18.888887331229402 ], [ -99.218106995884796, 18.888887331229402 ], [ -99.218106995884796, 18.884778949960179 ], [ -99.222679469593047, 18.884778949960179 ], [ -99.222679469593047, 18.888887331229402 ] ] ] } },
{ "type": "Feature", "properties": { "difference_1990_2000": 17.0, "difference_1990_2010": 29.0, "difference_1990_2020": 202.0 }, "geometry": { "type": "Polygon", "coordinates": [ [ [ -99.222679469593047, 18.777995901825779 ], [ -99.218106995884796, 18.777995901825744 ], [ -99.218106995884796, 18.773890198925415 ], [ -99.222679469593047, 18.773890198925443 ], [ -99.222679469593047, 18.777995901825779 ] ] ] } },
{ "type": "Feature", "properties": { "difference_1990_2000": -4.0, "difference_1990_2010": -225.0, "difference_1990_2020": -212.0 }, "geometry": { "type": "Polygon", "coordinates": [ [ [ -99.222679469593047, 18.925867247722206 ], [ -99.218106995884796, 18.925867247722206 ], [ -99.218106995884796, 18.921757969100319 ], [ -99.222679469593047, 18.921757969100319 ], [ -99.222679469593047, 18.925867247722206 ] ] ] } },
{ "type": "Feature", "properties": { "difference_1990_2000": 0.0, "difference_1990_2010": 0.0, "difference_1990_2020": 1.0 }, "geometry": { "type": "Polygon", "coordinates": [ [ [ -99.222679469593047, 18.765679089513068 ], [ -99.218106995884796, 18.765679089513068 ], [ -99.218106995884796, 18.761573682944967 ], [ -99.222679469593047, 18.761573682944995 ], [ -99.222679469593047, 18.765679089513068 ] ] ] } },
{ "type": "Feature", "properties": { "difference_1990_2000": 315.0, "difference_1990_2010": 386.0, "difference_1990_2020": 424.0 }, "geometry": { "type": "Polygon", "coordinates": [ [ [ -99.222679469593047, 18.868346420249146 ], [ -99.218106995884796, 18.868346420249146 ], [ -99.218106995884796, 18.864238536521988 ], [ -99.222679469593047, 18.864238536521988 ], [ -99.222679469593047, 18.868346420249146 ] ] ] } },
{ "type": "Feature", "properties": { "difference_1990_2000": 85.0, "difference_1990_2010": -2.0, "difference_1990_2020": -18.0 }, "geometry": { "type": "Polygon", "coordinates": [ [ [ -99.222679469593047, 18.913539711284695 ], [ -99.218106995884796, 18.91353971128466 ], [ -99.218106995884796, 18.909430732034405 ], [ -99.222679469593047, 18.909430732034405 ], [ -99.222679469593047, 18.913539711284695 ] ] ] } },
{ "type": "Feature", "properties": { "difference_1990_2000": 161.0, "difference_1990_2010": 352.0, "difference_1990_2020": 488.0 }, "geometry": { "type": "Polygon", "coordinates": [ [ [ -99.222679469593047, 18.884778949960179 ], [ -99.218106995884796, 18.884778949960179 ], [ -99.218106995884796, 18.880670668255728 ], [ -99.222679469593047, 18.880670668255728 ], [ -99.222679469593047, 18.884778949960179 ] ] ] } },
{ "type": "Feature", "properties": { "difference_1990_2000": 118.0, "difference_1990_2010": 54.0, "difference_1990_2020": -7.0 }, "geometry": { "type": "Polygon", "coordinates": [ [ [ -99.222679469593047, 18.909430732034405 ], [ -99.218106995884796, 18.909430732034405 ], [ -99.218106995884796, 18.905321852518146 ], [ -99.222679469593047, 18.905321852518146 ], [ -99.222679469593047, 18.909430732034405 ] ] ] } },
{ "type": "Feature", "properties": { "difference_1990_2000": 378.0, "difference_1990_2010": 444.0, "difference_1990_2020": 408.0 }, "geometry": { "type": "Polygon", "coordinates": [ [ [ -99.222679469593047, 18.958745073564142 ], [ -99.218106995884796, 18.958745073564142 ], [ -99.218106995884796, 18.954634995374633 ], [ -99.222679469593047, 18.954634995374633 ], [ -99.222679469593047, 18.958745073564142 ] ] ] } },
{ "type": "Feature", "properties": { "difference_1990_2000": 368.0, "difference_1990_2010": 602.0, "difference_1990_2020": 779.0 }, "geometry": { "type": "Polygon", "coordinates": [ [ [ -99.222679469593047, 18.966965530191128 ], [ -99.218106995884796, 18.966965530191111 ], [ -99.218106995884796, 18.962855251826873 ], [ -99.222679469593047, 18.962855251826873 ], [ -99.222679469593047, 18.966965530191128 ] ] ] } },
{ "type": "Feature", "properties": { "difference_1990_2000": 223.0, "difference_1990_2010": 241.0, "difference_1990_2020": 225.0 }, "geometry": { "type": "Polygon", "coordinates": [ [ [ -99.222679469593047, 18.847807995570069 ], [ -99.218106995884796, 18.847807995570069 ], [ -99.218106995884796, 18.843700608680571 ], [ -99.222679469593047, 18.843700608680571 ], [ -99.222679469593047, 18.847807995570069 ] ] ] } },
{ "type": "Feature", "properties": { "difference_1990_2000": 16.0, "difference_1990_2010": 34.0, "difference_1990_2020": 50.0 }, "geometry": { "type": "Polygon", "coordinates": [ [ [ -99.222679469593047, 18.823165162916485 ], [ -99.218106995884796, 18.823165162916485 ], [ -99.218106995884796, 18.819058371303505 ], [ -99.222679469593047, 18.819058371303505 ], [ -99.222679469593047, 18.823165162916485 ] ] ] } },
{ "type": "Feature", "properties": { "difference_1990_2000": 176.0, "difference_1990_2010": 219.0, "difference_1990_2020": 254.0 }, "geometry": { "type": "Polygon", "coordinates": [ [ [ -99.222679469593047, 18.856023067310918 ], [ -99.218106995884796, 18.8560230673109 ], [ -99.218106995884796, 18.851915481770799 ], [ -99.222679469593047, 18.851915481770849 ], [ -99.222679469593047, 18.856023067310918 ] ] ] } },
{ "type": "Feature", "properties": { "difference_1990_2000": 356.0, "difference_1990_2010": 573.0, "difference_1990_2020": 723.0 }, "geometry": { "type": "Polygon", "coordinates": [ [ [ -99.222679469593047, 18.962855251826873 ], [ -99.218106995884796, 18.962855251826873 ], [ -99.218106995884796, 18.958745073564142 ], [ -99.222679469593047, 18.958745073564142 ], [ -99.222679469593047, 18.962855251826873 ] ] ] } },
{ "type": "Feature", "properties": { "difference_1990_2000": 204.0, "difference_1990_2010": 245.0, "difference_1990_2020": 318.0 }, "geometry": { "type": "Polygon", "coordinates": [ [ [ -99.222679469593047, 18.876562486087884 ], [ -99.218106995884796, 18.876562486087852 ], [ -99.218106995884796, 18.872454403428407 ], [ -99.222679469593047, 18.872454403428438 ], [ -99.222679469593047, 18.876562486087884 ] ] ] } },
{ "type": "Feature", "properties": { "difference_1990_2000": 103.0, "difference_1990_2010": 169.0, "difference_1990_2020": 157.0 }, "geometry": { "type": "Polygon", "coordinates": [ [ [ -99.222679469593047, 18.810845085392348 ], [ -99.218106995884796, 18.810845085392366 ], [ -99.218106995884796, 18.806738591038023 ], [ -99.222679469593047, 18.806738591038023 ], [ -99.222679469593047, 18.810845085392348 ] ] ] } },
{ "type": "Feature", "properties": { "difference_1990_2000": 52.0, "difference_1990_2010": 145.0, "difference_1990_2020": 190.0 }, "geometry": { "type": "Polygon", "coordinates": [ [ [ -99.222679469593047, 18.901213072707769 ], [ -99.218106995884796, 18.901213072707751 ], [ -99.218106995884796, 18.897104392574974 ], [ -99.222679469593047, 18.897104392574974 ], [ -99.222679469593047, 18.901213072707769 ] ] ] } },
{ "type": "Feature", "properties": { "difference_1990_2000": 34.0, "difference_1990_2010": -48.0, "difference_1990_2020": -100.0 }, "geometry": { "type": "Polygon", "coordinates": [ [ [ -99.222679469593047, 18.942305360962511 ], [ -99.218106995884796, 18.942305360962511 ], [ -99.218106995884796, 18.938195682783007 ], [ -99.222679469593047, 18.938195682783007 ], [ -99.222679469593047, 18.942305360962511 ] ] ] } },
{ "type": "Feature", "properties": { "difference_1990_2000": 315.0, "difference_1990_2010": 383.0, "difference_1990_2020": 425.0 }, "geometry": { "type": "Polygon", "coordinates": [ [ [ -99.222679469593047, 18.872454403428438 ], [ -99.218106995884796, 18.872454403428407 ], [ -99.218106995884796, 18.868346420249146 ], [ -99.222679469593047, 18.868346420249146 ], [ -99.222679469593047, 18.872454403428438 ] ] ] } },
{ "type": "Feature", "properties": { "difference_1990_2000": 101.0, "difference_1990_2010": 86.0, "difference_1990_2020": 92.0 }, "geometry": { "type": "Polygon", "coordinates": [ [ [ -99.222679469593047, 18.843700608680571 ], [ -99.218106995884796, 18.843700608680571 ], [ -99.218106995884796, 18.839593321074087 ], [ -99.222679469593047, 18.839593321074087 ], [ -99.222679469593047, 18.843700608680571 ] ] ] } },
{ "type": "Feature", "properties": { "difference_1990_2000": 491.0, "difference_1990_2010": 217.0, "difference_1990_2020": 127.0 }, "geometry": { "type": "Polygon", "coordinates": [ [ [ -99.222679469593047, 18.929976626191074 ], [ -99.218106995884796, 18.929976626191074 ], [ -99.218106995884796, 18.925867247722206 ], [ -99.222679469593047, 18.925867247722206 ], [ -99.222679469593047, 18.929976626191074 ] ] ] } },
{ "type": "Feature", "properties": { "difference_1990_2000": 163.0, "difference_1990_2010": 186.0, "difference_1990_2020": 209.0 }, "geometry": { "type": "Polygon", "coordinates": [ [ [ -99.222679469593047, 18.745153043605551 ], [ -99.218106995884796, 18.745153043605551 ], [ -99.218106995884796, 18.741048130363851 ], [ -99.222679469593047, 18.741048130363904 ], [ -99.222679469593047, 18.745153043605551 ] ] ] } },
{ "type": "Feature", "properties": { "difference_1990_2000": 92.0, "difference_1990_2010": -645.0, "difference_1990_2020": -631.0 }, "geometry": { "type": "Polygon", "coordinates": [ [ [ -99.222679469593047, 18.921757969100319 ], [ -99.218106995884796, 18.921757969100319 ], [ -99.218106995884796, 18.917648790297189 ], [ -99.222679469593047, 18.917648790297225 ], [ -99.222679469593047, 18.921757969100319 ] ] ] } },
{ "type": "Feature", "properties": { "difference_1990_2000": 116.0, "difference_1990_2010": 131.0, "difference_1990_2020": 129.0 }, "geometry": { "type": "Polygon", "coordinates": [ [ [ -99.222679469593047, 18.946415139102097 ], [ -99.218106995884796, 18.946415139102079 ], [ -99.218106995884796, 18.942305360962511 ], [ -99.222679469593047, 18.942305360962511 ], [ -99.222679469593047, 18.946415139102097 ] ] ] } },
{ "type": "Feature", "properties": { "difference_1990_2000": 3.0, "difference_1990_2010": 2.0, "difference_1990_2020": 2.0 }, "geometry": { "type": "Polygon", "coordinates": [ [ [ -99.035208047553724, 18.892995812091637 ], [ -99.030635573845444, 18.892995812091637 ], [ -99.030635573845444, 18.888887331229402 ], [ -99.035208047553724, 18.888887331229387 ], [ -99.035208047553724, 18.892995812091637 ] ] ] } },
{ "type": "Feature", "properties": { "difference_1990_2000": 0.0, "difference_1990_2010": 188.0, "difference_1990_2020": 196.0 }, "geometry": { "type": "Polygon", "coordinates": [ [ [ -99.035208047553724, 18.917648790297225 ], [ -99.030635573845444, 18.917648790297225 ], [ -99.030635573845444, 18.91353971128466 ], [ -99.035208047553724, 18.91353971128466 ], [ -99.035208047553724, 18.917648790297225 ] ] ] } },
{ "type": "Feature", "properties": { "difference_1990_2000": 0.0, "difference_1990_2010": 439.0, "difference_1990_2020": 405.0 }, "geometry": { "type": "Polygon", "coordinates": [ [ [ -99.035208047553724, 18.925867247722206 ], [ -99.030635573845444, 18.925867247722206 ], [ -99.030635573845444, 18.921757969100319 ], [ -99.035208047553724, 18.921757969100295 ], [ -99.035208047553724, 18.925867247722206 ] ] ] } },
{ "type": "Feature", "properties": { "difference_1990_2000": 0.0, "difference_1990_2010": 329.0, "difference_1990_2020": 330.0 }, "geometry": { "type": "Polygon", "coordinates": [ [ [ -99.035208047553724, 18.921757969100295 ], [ -99.030635573845444, 18.921757969100319 ], [ -99.030635573845444, 18.917648790297225 ], [ -99.035208047553724, 18.917648790297225 ], [ -99.035208047553724, 18.921757969100295 ] ] ] } },
{ "type": "Feature", "properties": { "difference_1990_2000": 85.0, "difference_1990_2010": 167.0, "difference_1990_2020": 222.0 }, "geometry": { "type": "Polygon", "coordinates": [ [ [ -99.213534522176516, 18.892995812091637 ], [ -99.208962048468237, 18.892995812091595 ], [ -99.208962048468237, 18.888887331229387 ], [ -99.213534522176516, 18.888887331229387 ], [ -99.213534522176516, 18.892995812091637 ] ] ] } },
{ "type": "Feature", "properties": { "difference_1990_2000": 0.0, "difference_1990_2010": 16.0, "difference_1990_2020": 21.0 }, "geometry": { "type": "Polygon", "coordinates": [ [ [ -99.213534522176516, 18.839593321074087 ], [ -99.208962048468237, 18.839593321074069 ], [ -99.208962048468237, 18.835486132722622 ], [ -99.213534522176516, 18.835486132722654 ], [ -99.213534522176516, 18.839593321074087 ] ] ] } },
{ "type": "Feature", "properties": { "difference_1990_2000": 404.0, "difference_1990_2010": 252.0, "difference_1990_2020": 390.0 }, "geometry": { "type": "Polygon", "coordinates": [ [ [ -99.213534522176516, 18.864238536521988 ], [ -99.208962048468237, 18.864238536521988 ], [ -99.208962048468237, 18.860130752218598 ], [ -99.213534522176516, 18.860130752218581 ], [ -99.213534522176516, 18.864238536521988 ] ] ] } },
{ "type": "Feature", "properties": { "difference_1990_2000": 320.0, "difference_1990_2010": 275.0, "difference_1990_2020": 427.0 }, "geometry": { "type": "Polygon", "coordinates": [ [ [ -99.213534522176516, 18.860130752218581 ], [ -99.208962048468237, 18.860130752218598 ], [ -99.208962048468237, 18.8560230673109 ], [ -99.213534522176516, 18.856023067310918 ], [ -99.213534522176516, 18.860130752218581 ] ] ] } },
{ "type": "Feature", "properties": { "difference_1990_2000": 63.0, "difference_1990_2010": 144.0, "difference_1990_2020": 199.0 }, "geometry": { "type": "Polygon", "coordinates": [ [ [ -99.213534522176516, 18.897104392574938 ], [ -99.208962048468237, 18.897104392574974 ], [ -99.208962048468237, 18.892995812091595 ], [ -99.213534522176516, 18.892995812091637 ], [ -99.213534522176516, 18.897104392574938 ] ] ] } },
{ "type": "Feature", "properties": { "difference_1990_2000": 115.0, "difference_1990_2010": 100.0, "difference_1990_2020": 126.0 }, "geometry": { "type": "Polygon", "coordinates": [ [ [ -99.213534522176516, 18.938195682783007 ], [ -99.208962048468237, 18.938195682782975 ], [ -99.208962048468237, 18.934086104535261 ], [ -99.213534522176516, 18.934086104535261 ], [ -99.213534522176516, 18.938195682783007 ] ] ] } },
{ "type": "Feature", "properties": { "difference_1990_2000": 97.0, "difference_1990_2010": 130.0, "difference_1990_2020": 176.0 }, "geometry": { "type": "Polygon", "coordinates": [ [ [ -99.213534522176516, 18.782101703559618 ], [ -99.208962048468237, 18.782101703559618 ], [ -99.208962048468237, 18.777995901825744 ], [ -99.213534522176516, 18.777995901825779 ], [ -99.213534522176516, 18.782101703559618 ] ] ] } },
{ "type": "Feature", "properties": { "difference_1990_2000": 34.0, "difference_1990_2010": 186.0, "difference_1990_2020": 298.0 }, "geometry": { "type": "Polygon", "coordinates": [ [ [ -99.213534522176516, 18.979296966175987 ], [ -99.208962048468237, 18.979296966176022 ], [ -99.208962048468237, 18.975186387337384 ], [ -99.213534522176516, 18.975186387337384 ], [ -99.213534522176516, 18.979296966175987 ] ] ] } },
{ "type": "Feature", "properties": { "difference_1990_2000": 520.0, "difference_1990_2010": 920.0, "difference_1990_2020": 1136.0 }, "geometry": { "type": "Polygon", "coordinates": [ [ [ -99.213534522176516, 18.954634995374633 ], [ -99.208962048468237, 18.954634995374633 ], [ -99.208962048468237, 18.950525017230078 ], [ -99.213534522176516, 18.950525017230078 ], [ -99.213534522176516, 18.954634995374633 ] ] ] } },
{ "type": "Feature", "properties": { "difference_1990_2000": 35.0, "difference_1990_2010": 187.0, "difference_1990_2020": 299.0 }, "geometry": { "type": "Polygon", "coordinates": [ [ [ -99.213534522176516, 18.975186387337384 ], [ -99.208962048468237, 18.975186387337384 ], [ -99.208962048468237, 18.971075908685147 ], [ -99.213534522176516, 18.971075908685147 ], [ -99.213534522176516, 18.975186387337384 ] ] ] } },
{ "type": "Feature", "properties": { "difference_1990_2000": -22.0, "difference_1990_2010": -11.0, "difference_1990_2020": -76.0 }, "geometry": { "type": "Polygon", "coordinates": [ [ [ -99.213534522176516, 18.917648790297225 ], [ -99.208962048468237, 18.917648790297225 ], [ -99.208962048468237, 18.913539711284642 ], [ -99.213534522176516, 18.91353971128466 ], [ -99.213534522176516, 18.917648790297225 ] ] ] } },
{ "type": "Feature", "properties": { "difference_1990_2000": 22.0, "difference_1990_2010": 53.0, "difference_1990_2020": 54.0 }, "geometry": { "type": "Polygon", "coordinates": [ [ [ -99.213534522176516, 18.786207604155045 ], [ -99.208962048468237, 18.786207604155045 ], [ -99.208962048468237, 18.782101703559618 ], [ -99.213534522176516, 18.782101703559618 ], [ -99.213534522176516, 18.786207604155045 ] ] ] } },
{ "type": "Feature", "properties": { "difference_1990_2000": 1.0, "difference_1990_2010": 3.0, "difference_1990_2020": 3.0 }, "geometry": { "type": "Polygon", "coordinates": [ [ [ -99.213534522176516, 18.773890198925443 ], [ -99.208962048468237, 18.773890198925443 ], [ -99.208962048468237, 18.769784594830533 ], [ -99.213534522176516, 18.769784594830533 ], [ -99.213534522176516, 18.773890198925443 ] ] ] } },
{ "type": "Feature", "properties": { "difference_1990_2000": 126.0, "difference_1990_2010": 290.0, "difference_1990_2020": 437.0 }, "geometry": { "type": "Polygon", "coordinates": [ [ [ -99.213534522176516, 18.851915481770817 ], [ -99.208962048468237, 18.851915481770799 ], [ -99.208962048468237, 18.847807995570069 ], [ -99.213534522176516, 18.847807995570069 ], [ -99.213534522176516, 18.851915481770817 ] ] ] } },
{ "type": "Feature", "properties": { "difference_1990_2000": 133.0, "difference_1990_2010": 189.0, "difference_1990_2020": 173.0 }, "geometry": { "type": "Polygon", "coordinates": [ [ [ -99.213534522176516, 18.905321852518146 ], [ -99.208962048468237, 18.905321852518146 ], [ -99.208962048468237, 18.901213072707751 ], [ -99.213534522176516, 18.901213072707769 ], [ -99.213534522176516, 18.905321852518146 ] ] ] } },
{ "type": "Feature", "properties": { "difference_1990_2000": 108.0, "difference_1990_2010": 194.0, "difference_1990_2020": 249.0 }, "geometry": { "type": "Polygon", "coordinates": [ [ [ -99.213534522176516, 18.880670668255728 ], [ -99.208962048468237, 18.880670668255728 ], [ -99.208962048468237, 18.876562486087852 ], [ -99.213534522176516, 18.876562486087852 ], [ -99.213534522176516, 18.880670668255728 ] ] ] } },
{ "type": "Feature", "properties": { "difference_1990_2000": 1.0, "difference_1990_2010": 1.0, "difference_1990_2020": 1.0 }, "geometry": { "type": "Polygon", "coordinates": [ [ [ -99.213534522176516, 18.827272053671955 ], [ -99.208962048468237, 18.827272053671937 ], [ -99.208962048468237, 18.823165162916485 ], [ -99.213534522176516, 18.823165162916485 ], [ -99.213534522176516, 18.827272053671955 ] ] ] } },
{ "type": "Feature", "properties": { "difference_1990_2000": 232.0, "difference_1990_2010": 332.0, "difference_1990_2020": 420.0 }, "geometry": { "type": "Polygon", "coordinates": [ [ [ -99.213534522176516, 18.950525017230078 ], [ -99.208962048468237, 18.950525017230078 ], [ -99.208962048468237, 18.946415139102097 ], [ -99.213534522176516, 18.946415139102097 ], [ -99.213534522176516, 18.950525017230078 ] ] ] } },
{ "type": "Feature", "properties": { "difference_1990_2000": 266.0, "difference_1990_2010": 285.0, "difference_1990_2020": 363.0 }, "geometry": { "type": "Polygon", "coordinates": [ [ [ -99.213534522176516, 18.81495167880481 ], [ -99.208962048468237, 18.814951678804796 ], [ -99.208962048468237, 18.810845085392366 ], [ -99.213534522176516, 18.810845085392366 ], [ -99.213534522176516, 18.81495167880481 ] ] ] } },
{ "type": "Feature", "properties": { "difference_1990_2000": 191.0, "difference_1990_2010": 322.0, "difference_1990_2020": 389.0 }, "geometry": { "type": "Polygon", "coordinates": [ [ [ -99.213534522176516, 18.971075908685147 ], [ -99.208962048468237, 18.971075908685147 ], [ -99.208962048468237, 18.966965530191128 ], [ -99.213534522176516, 18.966965530191111 ], [ -99.213534522176516, 18.971075908685147 ] ] ] } },
{ "type": "Feature", "properties": { "difference_1990_2000": 72.0, "difference_1990_2010": 71.0, "difference_1990_2020": 76.0 }, "geometry": { "type": "Polygon", "coordinates": [ [ [ -99.213534522176516, 18.819058371303505 ], [ -99.208962048468237, 18.819058371303505 ], [ -99.208962048468237, 18.814951678804846 ], [ -99.213534522176516, 18.814951678804846 ], [ -99.213534522176516, 18.819058371303505 ] ] ] } },
{ "type": "Feature", "properties": { "difference_1990_2000": 109.0, "difference_1990_2010": 195.0, "difference_1990_2020": 249.0 }, "geometry": { "type": "Polygon", "coordinates": [ [ [ -99.213534522176516, 18.888887331229387 ], [ -99.208962048468237, 18.888887331229387 ], [ -99.208962048468237, 18.884778949960179 ], [ -99.213534522176516, 18.884778949960179 ], [ -99.213534522176516, 18.888887331229387 ] ] ] } },
{ "type": "Feature", "properties": { "difference_1990_2000": 93.0, "difference_1990_2010": -71.0, "difference_1990_2020": -87.0 }, "geometry": { "type": "Polygon", "coordinates": [ [ [ -99.213534522176516, 18.925867247722184 ], [ -99.208962048468237, 18.925867247722184 ], [ -99.208962048468237, 18.921757969100319 ], [ -99.213534522176516, 18.921757969100319 ], [ -99.213534522176516, 18.925867247722184 ] ] ] } },
{ "type": "Feature", "properties": { "difference_1990_2000": 75.0, "difference_1990_2010": 28.0, "difference_1990_2020": 29.0 }, "geometry": { "type": "Polygon", "coordinates": [ [ [ -99.213534522176516, 18.934086104535261 ], [ -99.208962048468237, 18.934086104535261 ], [ -99.208962048468237, 18.929976626191074 ], [ -99.213534522176516, 18.929976626191074 ], [ -99.213534522176516, 18.934086104535261 ] ] ] } },
{ "type": "Feature", "properties": { "difference_1990_2000": 119.0, "difference_1990_2010": 162.0, "difference_1990_2020": 211.0 }, "geometry": { "type": "Polygon", "coordinates": [ [ [ -99.213534522176516, 18.777995901825779 ], [ -99.208962048468237, 18.777995901825744 ], [ -99.208962048468237, 18.773890198925443 ], [ -99.213534522176516, 18.773890198925443 ], [ -99.213534522176516, 18.777995901825779 ] ] ] } },
{ "type": "Feature", "properties": { "difference_1990_2000": 51.0, "difference_1990_2010": 199.0, "difference_1990_2020": 289.0 }, "geometry": { "type": "Polygon", "coordinates": [ [ [ -99.213534522176516, 18.983407645229434 ], [ -99.208962048468237, 18.983407645229434 ], [ -99.208962048468237, 18.979296966176022 ], [ -99.213534522176516, 18.979296966175987 ], [ -99.213534522176516, 18.983407645229434 ] ] ] } },
{ "type": "Feature", "properties": { "difference_1990_2000": 279.0, "difference_1990_2010": 175.0, "difference_1990_2020": 260.0 }, "geometry": { "type": "Polygon", "coordinates": [ [ [ -99.213534522176516, 18.868346420249146 ], [ -99.208962048468237, 18.868346420249129 ], [ -99.208962048468237, 18.864238536521988 ], [ -99.213534522176516, 18.864238536521988 ], [ -99.213534522176516, 18.868346420249146 ] ] ] } },
{ "type": "Feature", "properties": { "difference_1990_2000": -2.0, "difference_1990_2010": 28.0, "difference_1990_2020": -67.0 }, "geometry": { "type": "Polygon", "coordinates": [ [ [ -99.213534522176516, 18.91353971128466 ], [ -99.208962048468237, 18.913539711284642 ], [ -99.208962048468237, 18.909430732034373 ], [ -99.213534522176516, 18.909430732034373 ], [ -99.213534522176516, 18.91353971128466 ] ] ] } },
{ "type": "Feature", "properties": { "difference_1990_2000": -7.0, "difference_1990_2010": 11.0, "difference_1990_2020": -96.0 }, "geometry": { "type": "Polygon", "coordinates": [ [ [ -99.213534522176516, 18.909430732034373 ], [ -99.208962048468237, 18.909430732034373 ], [ -99.208962048468237, 18.905321852518146 ], [ -99.213534522176516, 18.905321852518146 ], [ -99.213534522176516, 18.909430732034373 ] ] ] } },
{ "type": "Feature", "properties": { "difference_1990_2000": 109.0, "difference_1990_2010": 195.0, "difference_1990_2020": 249.0 }, "geometry": { "type": "Polygon", "coordinates": [ [ [ -99.213534522176516, 18.884778949960179 ], [ -99.208962048468237, 18.884778949960179 ], [ -99.208962048468237, 18.880670668255728 ], [ -99.213534522176516, 18.880670668255728 ], [ -99.213534522176516, 18.884778949960179 ] ] ] } },
{ "type": "Feature", "properties": { "difference_1990_2000": 276.0, "difference_1990_2010": 410.0, "difference_1990_2020": 504.0 }, "geometry": { "type": "Polygon", "coordinates": [ [ [ -99.213534522176516, 18.966965530191111 ], [ -99.208962048468237, 18.966965530191128 ], [ -99.208962048468237, 18.962855251826841 ], [ -99.213534522176516, 18.962855251826873 ], [ -99.213534522176516, 18.966965530191111 ] ] ] } },
{ "type": "Feature", "properties": { "difference_1990_2000": 650.0, "difference_1990_2010": 1123.0, "difference_1990_2020": 1430.0 }, "geometry": { "type": "Polygon", "coordinates": [ [ [ -99.213534522176516, 18.958745073564142 ], [ -99.208962048468237, 18.958745073564142 ], [ -99.208962048468237, 18.954634995374633 ], [ -99.213534522176516, 18.954634995374633 ], [ -99.213534522176516, 18.958745073564142 ] ] ] } },
{ "type": "Feature", "properties": { "difference_1990_2000": 112.0, "difference_1990_2010": 243.0, "difference_1990_2020": 353.0 }, "geometry": { "type": "Polygon", "coordinates": [ [ [ -99.213534522176516, 18.847807995570069 ], [ -99.208962048468237, 18.847807995570069 ], [ -99.208962048468237, 18.843700608680571 ], [ -99.213534522176516, 18.843700608680571 ], [ -99.213534522176516, 18.847807995570069 ] ] ] } },
{ "type": "Feature", "properties": { "difference_1990_2000": 67.0, "difference_1990_2010": 64.0, "difference_1990_2020": 65.0 }, "geometry": { "type": "Polygon", "coordinates": [ [ [ -99.213534522176516, 18.823165162916485 ], [ -99.208962048468237, 18.823165162916485 ], [ -99.208962048468237, 18.819058371303505 ], [ -99.213534522176516, 18.819058371303505 ], [ -99.213534522176516, 18.823165162916485 ] ] ] } },
{ "type": "Feature", "properties": { "difference_1990_2000": 6.0, "difference_1990_2010": 17.0, "difference_1990_2020": 14.0 }, "geometry": { "type": "Polygon", "coordinates": [ [ [ -99.213534522176516, 18.79031360364009 ], [ -99.208962048468237, 18.790313603640058 ], [ -99.208962048468237, 18.786207604155045 ], [ -99.213534522176516, 18.786207604155045 ], [ -99.213534522176516, 18.79031360364009 ] ] ] } },
{ "type": "Feature", "properties": { "difference_1990_2000": 89.0, "difference_1990_2010": 108.0, "difference_1990_2020": 158.0 }, "geometry": { "type": "Polygon", "coordinates": [ [ [ -99.213534522176516, 18.876562486087852 ], [ -99.208962048468237, 18.876562486087852 ], [ -99.208962048468237, 18.872454403428438 ], [ -99.213534522176516, 18.872454403428407 ], [ -99.213534522176516, 18.876562486087852 ] ] ] } },
{ "type": "Feature", "properties": { "difference_1990_2000": 166.0, "difference_1990_2010": 307.0, "difference_1990_2020": 475.0 }, "geometry": { "type": "Polygon", "coordinates": [ [ [ -99.213534522176516, 18.856023067310918 ], [ -99.208962048468237, 18.8560230673109 ], [ -99.208962048468237, 18.851915481770799 ], [ -99.213534522176516, 18.851915481770817 ], [ -99.213534522176516, 18.856023067310918 ] ] ] } },
{ "type": "Feature", "properties": { "difference_1990_2000": 350.0, "difference_1990_2010": 556.0, "difference_1990_2020": 702.0 }, "geometry": { "type": "Polygon", "coordinates": [ [ [ -99.213534522176516, 18.962855251826873 ], [ -99.208962048468237, 18.962855251826841 ], [ -99.208962048468237, 18.958745073564142 ], [ -99.213534522176516, 18.958745073564142 ], [ -99.213534522176516, 18.962855251826873 ] ] ] } },
{ "type": "Feature", "properties": { "difference_1990_2000": 115.0, "difference_1990_2010": 228.0, "difference_1990_2020": 282.0 }, "geometry": { "type": "Polygon", "coordinates": [ [ [ -99.213534522176516, 18.901213072707769 ], [ -99.208962048468237, 18.901213072707751 ], [ -99.208962048468237, 18.897104392574974 ], [ -99.213534522176516, 18.897104392574938 ], [ -99.213534522176516, 18.901213072707769 ] ] ] } },
{ "type": "Feature", "properties": { "difference_1990_2000": 73.0, "difference_1990_2010": 88.0, "difference_1990_2020": 103.0 }, "geometry": { "type": "Polygon", "coordinates": [ [ [ -99.213534522176516, 18.810845085392366 ], [ -99.208962048468237, 18.810845085392366 ], [ -99.208962048468237, 18.806738591038023 ], [ -99.213534522176516, 18.806738591038023 ], [ -99.213534522176516, 18.810845085392366 ] ] ] } },
{ "type": "Feature", "properties": { "difference_1990_2000": -96.0, "difference_1990_2010": -110.0, "difference_1990_2020": -120.0 }, "geometry": { "type": "Polygon", "coordinates": [ [ [ -99.213534522176516, 18.942305360962511 ], [ -99.208962048468237, 18.942305360962511 ], [ -99.208962048468237, 18.938195682782975 ], [ -99.213534522176516, 18.938195682783007 ], [ -99.213534522176516, 18.942305360962511 ] ] ] } },
{ "type": "Feature", "properties": { "difference_1990_2000": 92.0, "difference_1990_2010": 52.0, "difference_1990_2020": 65.0 }, "geometry": { "type": "Polygon", "coordinates": [ [ [ -99.213534522176516, 18.872454403428438 ], [ -99.208962048468237, 18.872454403428438 ], [ -99.208962048468237, 18.868346420249129 ], [ -99.213534522176516, 18.868346420249146 ], [ -99.213534522176516, 18.872454403428438 ] ] ] } },
{ "type": "Feature", "properties": { "difference_1990_2000": 23.0, "difference_1990_2010": 60.0, "difference_1990_2020": 82.0 }, "geometry": { "type": "Polygon", "coordinates": [ [ [ -99.213534522176516, 18.843700608680571 ], [ -99.208962048468237, 18.843700608680571 ], [ -99.208962048468237, 18.839593321074069 ], [ -99.213534522176516, 18.839593321074087 ], [ -99.213534522176516, 18.843700608680571 ] ] ] } },
{ "type": "Feature", "properties": { "difference_1990_2000": 119.0, "difference_1990_2010": -4.0, "difference_1990_2020": -21.0 }, "geometry": { "type": "Polygon", "coordinates": [ [ [ -99.213534522176516, 18.929976626191074 ], [ -99.208962048468237, 18.929976626191074 ], [ -99.208962048468237, 18.925867247722184 ], [ -99.213534522176516, 18.925867247722184 ], [ -99.213534522176516, 18.929976626191074 ] ] ] } },
{ "type": "Feature", "properties": { "difference_1990_2000": -6.0, "difference_1990_2010": -68.0, "difference_1990_2020": -101.0 }, "geometry": { "type": "Polygon", "coordinates": [ [ [ -99.213534522176516, 18.921757969100319 ], [ -99.208962048468237, 18.921757969100319 ], [ -99.208962048468237, 18.917648790297225 ], [ -99.213534522176516, 18.917648790297225 ], [ -99.213534522176516, 18.921757969100319 ] ] ] } },
{ "type": "Feature", "properties": { "difference_1990_2000": -214.0, "difference_1990_2010": -155.0, "difference_1990_2020": -189.0 }, "geometry": { "type": "Polygon", "coordinates": [ [ [ -99.213534522176516, 18.946415139102097 ], [ -99.208962048468237, 18.946415139102097 ], [ -99.208962048468237, 18.942305360962511 ], [ -99.213534522176516, 18.942305360962511 ], [ -99.213534522176516, 18.946415139102097 ] ] ] } },
{ "type": "Feature", "properties": { "difference_1990_2000": 863.0, "difference_1990_2010": 885.0, "difference_1990_2020": 878.0 }, "geometry": { "type": "Polygon", "coordinates": [ [ [ -99.026063100137179, 18.892995812091637 ], [ -99.021490626428914, 18.892995812091637 ], [ -99.021490626428914, 18.888887331229402 ], [ -99.026063100137179, 18.888887331229387 ], [ -99.026063100137179, 18.892995812091637 ] ] ] } },
{ "type": "Feature", "properties": { "difference_1990_2000": 112.0, "difference_1990_2010": 36.0, "difference_1990_2020": 123.0 }, "geometry": { "type": "Polygon", "coordinates": [ [ [ -99.026063100137179, 18.897104392574974 ], [ -99.021490626428914, 18.897104392574985 ], [ -99.021490626428914, 18.892995812091637 ], [ -99.026063100137179, 18.892995812091637 ], [ -99.026063100137179, 18.897104392574974 ] ] ] } },
{ "type": "Feature", "properties": { "difference_1990_2000": 0.0, "difference_1990_2010": 10.0, "difference_1990_2020": 11.0 }, "geometry": { "type": "Polygon", "coordinates": [ [ [ -99.026063100137179, 18.917648790297225 ], [ -99.021490626428914, 18.917648790297243 ], [ -99.021490626428914, 18.91353971128466 ], [ -99.026063100137179, 18.91353971128466 ], [ -99.026063100137179, 18.917648790297225 ] ] ] } },
{ "type": "Feature", "properties": { "difference_1990_2000": 120.0, "difference_1990_2010": 184.0, "difference_1990_2020": 250.0 }, "geometry": { "type": "Polygon", "coordinates": [ [ [ -99.026063100137179, 18.880670668255728 ], [ -99.021490626428914, 18.880670668255728 ], [ -99.021490626428914, 18.876562486087884 ], [ -99.026063100137179, 18.876562486087899 ], [ -99.026063100137179, 18.880670668255728 ] ] ] } },
{ "type": "Feature", "properties": { "difference_1990_2000": 991.0, "difference_1990_2010": 1132.0, "difference_1990_2020": 1096.0 }, "geometry": { "type": "Polygon", "coordinates": [ [ [ -99.026063100137179, 18.888887331229387 ], [ -99.021490626428914, 18.888887331229402 ], [ -99.021490626428914, 18.884778949960179 ], [ -99.026063100137179, 18.884778949960179 ], [ -99.026063100137179, 18.888887331229387 ] ] ] } },
{ "type": "Feature", "properties": { "difference_1990_2000": 336.0, "difference_1990_2010": 448.0, "difference_1990_2020": 540.0 }, "geometry": { "type": "Polygon", "coordinates": [ [ [ -99.026063100137179, 18.884778949960179 ], [ -99.021490626428914, 18.884778949960179 ], [ -99.021490626428914, 18.880670668255728 ], [ -99.026063100137179, 18.880670668255728 ], [ -99.026063100137179, 18.884778949960179 ] ] ] } },
{ "type": "Feature", "properties": { "difference_1990_2000": 385.0, "difference_1990_2010": 289.0, "difference_1990_2020": 270.0 }, "geometry": { "type": "Polygon", "coordinates": [ [ [ -99.204389574759958, 18.929976626191113 ], [ -99.199817101051678, 18.929976626191074 ], [ -99.199817101051678, 18.925867247722184 ], [ -99.204389574759958, 18.925867247722184 ], [ -99.204389574759958, 18.929976626191113 ] ] ] } },
{ "type": "Feature", "properties": { "difference_1990_2000": 98.0, "difference_1990_2010": 183.0, "difference_1990_2020": 256.0 }, "geometry": { "type": "Polygon", "coordinates": [ [ [ -99.204389574759958, 18.892995812091637 ], [ -99.199817101051678, 18.892995812091637 ], [ -99.199817101051678, 18.888887331229402 ], [ -99.204389574759958, 18.888887331229402 ], [ -99.204389574759958, 18.892995812091637 ] ] ] } },
{ "type": "Feature", "properties": { "difference_1990_2000": 122.0, "difference_1990_2010": 35.0, "difference_1990_2020": 53.0 }, "geometry": { "type": "Polygon", "coordinates": [ [ [ -99.204389574759958, 18.946415139102125 ], [ -99.199817101051678, 18.946415139102097 ], [ -99.199817101051678, 18.942305360962511 ], [ -99.204389574759958, 18.942305360962543 ], [ -99.204389574759958, 18.946415139102125 ] ] ] } },
{ "type": "Feature", "properties": { "difference_1990_2000": 0.0, "difference_1990_2010": 0.0, "difference_1990_2020": 2.0 }, "geometry": { "type": "Polygon", "coordinates": [ [ [ -99.204389574759958, 18.839593321074087 ], [ -99.199817101051678, 18.839593321074126 ], [ -99.199817101051678, 18.835486132722622 ], [ -99.204389574759958, 18.835486132722654 ], [ -99.204389574759958, 18.839593321074087 ] ] ] } },
{ "type": "Feature", "properties": { "difference_1990_2000": 508.0, "difference_1990_2010": 716.0, "difference_1990_2020": 918.0 }, "geometry": { "type": "Polygon", "coordinates": [ [ [ -99.204389574759958, 18.864238536521988 ], [ -99.199817101051678, 18.864238536521956 ], [ -99.199817101051678, 18.860130752218598 ], [ -99.204389574759958, 18.860130752218598 ], [ -99.204389574759958, 18.864238536521988 ] ] ] } },
{ "type": "Feature", "properties": { "difference_1990_2000": 455.0, "difference_1990_2010": 707.0, "difference_1990_2020": 867.0 }, "geometry": { "type": "Polygon", "coordinates": [ [ [ -99.204389574759958, 18.860130752218598 ], [ -99.199817101051678, 18.860130752218598 ], [ -99.199817101051678, 18.85602306731095 ], [ -99.204389574759958, 18.85602306731095 ], [ -99.204389574759958, 18.860130752218598 ] ] ] } },
{ "type": "Feature", "properties": { "difference_1990_2000": 83.0, "difference_1990_2010": 172.0, "difference_1990_2020": 268.0 }, "geometry": { "type": "Polygon", "coordinates": [ [ [ -99.204389574759958, 18.897104392574985 ], [ -99.199817101051678, 18.897104392574985 ], [ -99.199817101051678, 18.892995812091637 ], [ -99.204389574759958, 18.892995812091637 ], [ -99.204389574759958, 18.897104392574985 ] ] ] } },
{ "type": "Feature", "properties": { "difference_1990_2000": 194.0, "difference_1990_2010": 252.0, "difference_1990_2020": 306.0 }, "geometry": { "type": "Polygon", "coordinates": [ [ [ -99.204389574759958, 18.798525899391407 ], [ -99.199817101051678, 18.798525899391365 ], [ -99.199817101051678, 18.794419702042852 ], [ -99.204389574759958, 18.794419702042852 ], [ -99.204389574759958, 18.798525899391407 ] ] ] } },
{ "type": "Feature", "properties": { "difference_1990_2000": 38.0, "difference_1990_2010": 150.0, "difference_1990_2020": 405.0 }, "geometry": { "type": "Polygon", "coordinates": [ [ [ -99.204389574759958, 18.835486132722654 ], [ -99.199817101051678, 18.835486132722622 ], [ -99.199817101051678, 18.831379043597938 ], [ -99.204389574759958, 18.831379043597938 ], [ -99.204389574759958, 18.835486132722654 ] ] ] } },
{ "type": "Feature", "properties": { "difference_1990_2000": 123.0, "difference_1990_2010": 132.0, "difference_1990_2020": 131.0 }, "geometry": { "type": "Polygon", "coordinates": [ [ [ -99.204389574759958, 18.938195682783007 ], [ -99.199817101051678, 18.938195682783007 ], [ -99.199817101051678, 18.934086104535261 ], [ -99.204389574759958, 18.934086104535261 ], [ -99.204389574759958, 18.938195682783007 ] ] ] } },
{ "type": "Feature", "properties": { "difference_1990_2000": 82.0, "difference_1990_2010": 115.0, "difference_1990_2020": 151.0 }, "geometry": { "type": "Polygon", "coordinates": [ [ [ -99.204389574759958, 18.782101703559618 ], [ -99.199817101051678, 18.782101703559618 ], [ -99.199817101051678, 18.777995901825779 ], [ -99.204389574759958, 18.777995901825779 ], [ -99.204389574759958, 18.782101703559618 ] ] ] } },
{ "type": "Feature", "properties": { "difference_1990_2000": 18.0, "difference_1990_2010": 56.0, "difference_1990_2020": 191.0 }, "geometry": { "type": "Polygon", "coordinates": [ [ [ -99.204389574759958, 18.831379043597938 ], [ -99.199817101051678, 18.831379043597938 ], [ -99.199817101051678, 18.827272053671955 ], [ -99.204389574759958, 18.827272053671937 ], [ -99.204389574759958, 18.831379043597938 ] ] ] } },
{ "type": "Feature", "properties": { "difference_1990_2000": 392.0, "difference_1990_2010": 549.0, "difference_1990_2020": 650.0 }, "geometry": { "type": "Polygon", "coordinates": [ [ [ -99.204389574759958, 18.954634995374633 ], [ -99.199817101051678, 18.954634995374615 ], [ -99.199817101051678, 18.950525017230078 ], [ -99.204389574759958, 18.950525017230095 ], [ -99.204389574759958, 18.954634995374633 ] ] ] } },
{ "type": "Feature", "properties": { "difference_1990_2000": 0.0, "difference_1990_2010": 2.0, "difference_1990_2020": 4.0 }, "geometry": { "type": "Polygon", "coordinates": [ [ [ -99.204389574759958, 18.979296966176022 ], [ -99.199817101051678, 18.979296966176047 ], [ -99.199817101051678, 18.975186387337398 ], [ -99.204389574759958, 18.975186387337398 ], [ -99.204389574759958, 18.979296966176022 ] ] ] } },
{ "type": "Feature", "properties": { "difference_1990_2000": 75.0, "difference_1990_2010": 179.0, "difference_1990_2020": 179.0 }, "geometry": { "type": "Polygon", "coordinates": [ [ [ -99.204389574759958, 18.975186387337398 ], [ -99.199817101051678, 18.975186387337398 ], [ -99.199817101051678, 18.971075908685147 ], [ -99.204389574759958, 18.971075908685183 ], [ -99.204389574759958, 18.975186387337398 ] ] ] } },
{ "type": "Feature", "properties": { "difference_1990_2000": 69.0, "difference_1990_2010": -176.0, "difference_1990_2020": -304.0 }, "geometry": { "type": "Polygon", "coordinates": [ [ [ -99.204389574759958, 18.917648790297225 ], [ -99.199817101051678, 18.917648790297225 ], [ -99.199817101051678, 18.91353971128466 ], [ -99.204389574759958, 18.91353971128466 ], [ -99.204389574759958, 18.917648790297225 ] ] ] } },
{ "type": "Feature", "properties": { "difference_1990_2000": 27.0, "difference_1990_2010": 58.0, "difference_1990_2020": 62.0 }, "geometry": { "type": "Polygon", "coordinates": [ [ [ -99.204389574759958, 18.786207604155045 ], [ -99.199817101051678, 18.786207604155045 ], [ -99.199817101051678, 18.782101703559618 ], [ -99.204389574759958, 18.782101703559618 ], [ -99.204389574759958, 18.786207604155045 ] ] ] } },
{ "type": "Feature", "properties": { "difference_1990_2000": 55.0, "difference_1990_2010": 95.0, "difference_1990_2020": 236.0 }, "geometry": { "type": "Polygon", "coordinates": [ [ [ -99.204389574759958, 18.851915481770799 ], [ -99.199817101051678, 18.851915481770817 ], [ -99.199817101051678, 18.847807995570069 ], [ -99.204389574759958, 18.847807995570069 ], [ -99.204389574759958, 18.851915481770799 ] ] ] } },
{ "type": "Feature", "properties": { "difference_1990_2000": 106.0, "difference_1990_2010": 241.0, "difference_1990_2020": 390.0 }, "geometry": { "type": "Polygon", "coordinates": [ [ [ -99.204389574759958, 18.905321852518146 ], [ -99.199817101051678, 18.905321852518146 ], [ -99.199817101051678, 18.901213072707751 ], [ -99.204389574759958, 18.901213072707769 ], [ -99.204389574759958, 18.905321852518146 ] ] ] } },
{ "type": "Feature", "properties": { "difference_1990_2000": 109.0, "difference_1990_2010": 195.0, "difference_1990_2020": 249.0 }, "geometry": { "type": "Polygon", "coordinates": [ [ [ -99.204389574759958, 18.880670668255728 ], [ -99.199817101051678, 18.880670668255728 ], [ -99.199817101051678, 18.876562486087899 ], [ -99.204389574759958, 18.876562486087884 ], [ -99.204389574759958, 18.880670668255728 ] ] ] } },
{ "type": "Feature", "properties": { "difference_1990_2000": 279.0, "difference_1990_2010": 304.0, "difference_1990_2020": 357.0 }, "geometry": { "type": "Polygon", "coordinates": [ [ [ -99.204389574759958, 18.794419702042852 ], [ -99.199817101051678, 18.794419702042852 ], [ -99.199817101051678, 18.79031360364009 ], [ -99.204389574759958, 18.79031360364009 ], [ -99.204389574759958, 18.794419702042852 ] ] ] } },
{ "type": "Feature", "properties": { "difference_1990_2000": 225.0, "difference_1990_2010": 150.0, "difference_1990_2020": 274.0 }, "geometry": { "type": "Polygon", "coordinates": [ [ [ -99.204389574759958, 18.950525017230095 ], [ -99.199817101051678, 18.950525017230078 ], [ -99.199817101051678, 18.946415139102097 ], [ -99.204389574759958, 18.946415139102125 ], [ -99.204389574759958, 18.950525017230095 ] ] ] } },
{ "type": "Feature", "properties": { "difference_1990_2000": 75.0, "difference_1990_2010": 90.0, "difference_1990_2020": 105.0 }, "geometry": { "type": "Polygon", "coordinates": [ [ [ -99.204389574759958, 18.819058371303505 ], [ -99.199817101051678, 18.819058371303505 ], [ -99.199817101051678, 18.814951678804864 ], [ -99.204389574759958, 18.814951678804864 ], [ -99.204389574759958, 18.819058371303505 ] ] ] } },
{ "type": "Feature", "properties": { "difference_1990_2000": 389.0, "difference_1990_2010": 465.0, "difference_1990_2020": 548.0 }, "geometry": { "type": "Polygon", "coordinates": [ [ [ -99.204389574759958, 18.814951678804846 ], [ -99.199817101051678, 18.81495167880481 ], [ -99.199817101051678, 18.810845085392366 ], [ -99.204389574759958, 18.810845085392398 ], [ -99.204389574759958, 18.814951678804846 ] ] ] } },
{ "type": "Feature", "properties": { "difference_1990_2000": -44.0, "difference_1990_2010": -29.0, "difference_1990_2020": -100.0 }, "geometry": { "type": "Polygon", "coordinates": [ [ [ -99.204389574759958, 18.925867247722184 ], [ -99.199817101051678, 18.925867247722184 ], [ -99.199817101051678, 18.921757969100355 ], [ -99.204389574759958, 18.921757969100319 ], [ -99.204389574759958, 18.925867247722184 ] ] ] } },
{ "type": "Feature", "properties": { "difference_1990_2000": 109.0, "difference_1990_2010": 195.0, "difference_1990_2020": 249.0 }, "geometry": { "type": "Polygon", "coordinates": [ [ [ -99.204389574759958, 18.888887331229402 ], [ -99.199817101051678, 18.888887331229402 ], [ -99.199817101051678, 18.884778949960179 ], [ -99.204389574759958, 18.884778949960179 ], [ -99.204389574759958, 18.888887331229402 ] ] ] } },
{ "type": "Feature", "properties": { "difference_1990_2000": 143.0, "difference_1990_2010": 215.0, "difference_1990_2020": 130.0 }, "geometry": { "type": "Polygon", "coordinates": [ [ [ -99.204389574759958, 18.971075908685183 ], [ -99.199817101051678, 18.971075908685147 ], [ -99.199817101051678, 18.966965530191111 ], [ -99.204389574759958, 18.966965530191128 ], [ -99.204389574759958, 18.971075908685183 ] ] ] } },
{ "type": "Feature", "properties": { "difference_1990_2000": 272.0, "difference_1990_2010": 226.0, "difference_1990_2020": 239.0 }, "geometry": { "type": "Polygon", "coordinates": [ [ [ -99.204389574759958, 18.934086104535261 ], [ -99.199817101051678, 18.934086104535261 ], [ -99.199817101051678, 18.929976626191074 ], [ -99.204389574759958, 18.929976626191113 ], [ -99.204389574759958, 18.934086104535261 ] ] ] } },
{ "type": "Feature", "properties": { "difference_1990_2000": 39.0, "difference_1990_2010": 53.0, "difference_1990_2020": 69.0 }, "geometry": { "type": "Polygon", "coordinates": [ [ [ -99.204389574759958, 18.777995901825779 ], [ -99.199817101051678, 18.777995901825779 ], [ -99.199817101051678, 18.773890198925443 ], [ -99.204389574759958, 18.773890198925443 ], [ -99.204389574759958, 18.777995901825779 ] ] ] } },
{ "type": "Feature", "properties": { "difference_1990_2000": 422.0, "difference_1990_2010": 579.0, "difference_1990_2020": 759.0 }, "geometry": { "type": "Polygon", "coordinates": [ [ [ -99.204389574759958, 18.868346420249146 ], [ -99.199817101051678, 18.868346420249178 ], [ -99.199817101051678, 18.864238536521956 ], [ -99.204389574759958, 18.864238536521988 ], [ -99.204389574759958, 18.868346420249146 ] ] ] } },
{ "type": "Feature", "properties": { "difference_1990_2000": -75.0, "difference_1990_2010": -106.0, "difference_1990_2020": -64.0 }, "geometry": { "type": "Polygon", "coordinates": [ [ [ -99.204389574759958, 18.91353971128466 ], [ -99.199817101051678, 18.91353971128466 ], [ -99.199817101051678, 18.909430732034405 ], [ -99.204389574759958, 18.909430732034405 ], [ -99.204389574759958, 18.91353971128466 ] ] ] } },
{ "type": "Feature", "properties": { "difference_1990_2000": 170.0, "difference_1990_2010": 330.0, "difference_1990_2020": 289.0 }, "geometry": { "type": "Polygon", "coordinates": [ [ [ -99.204389574759958, 18.802632195713745 ], [ -99.199817101051678, 18.802632195713745 ], [ -99.199817101051678, 18.798525899391365 ], [ -99.204389574759958, 18.798525899391407 ], [ -99.204389574759958, 18.802632195713745 ] ] ] } },
{ "type": "Feature", "properties": { "difference_1990_2000": 109.0, "difference_1990_2010": 195.0, "difference_1990_2020": 249.0 }, "geometry": { "type": "Polygon", "coordinates": [ [ [ -99.204389574759958, 18.884778949960179 ], [ -99.199817101051678, 18.884778949960179 ], [ -99.199817101051678, 18.880670668255728 ], [ -99.204389574759958, 18.880670668255728 ], [ -99.204389574759958, 18.884778949960179 ] ] ] } },
{ "type": "Feature", "properties": { "difference_1990_2000": 129.0, "difference_1990_2010": 280.0, "difference_1990_2020": 447.0 }, "geometry": { "type": "Polygon", "coordinates": [ [ [ -99.204389574759958, 18.909430732034405 ], [ -99.199817101051678, 18.909430732034405 ], [ -99.199817101051678, 18.905321852518146 ], [ -99.204389574759958, 18.905321852518146 ], [ -99.204389574759958, 18.909430732034405 ] ] ] } },
{ "type": "Feature", "properties": { "difference_1990_2000": 178.0, "difference_1990_2010": 272.0, "difference_1990_2020": 273.0 }, "geometry": { "type": "Polygon", "coordinates": [ [ [ -99.204389574759958, 18.958745073564142 ], [ -99.199817101051678, 18.958745073564142 ], [ -99.199817101051678, 18.954634995374615 ], [ -99.204389574759958, 18.954634995374633 ], [ -99.204389574759958, 18.958745073564142 ] ] ] } },
{ "type": "Feature", "properties": { "difference_1990_2000": 106.0, "difference_1990_2010": 154.0, "difference_1990_2020": 122.0 }, "geometry": { "type": "Polygon", "coordinates": [ [ [ -99.204389574759958, 18.966965530191128 ], [ -99.199817101051678, 18.966965530191111 ], [ -99.199817101051678, 18.962855251826873 ], [ -99.204389574759958, 18.962855251826873 ], [ -99.204389574759958, 18.966965530191128 ] ] ] } },
{ "type": "Feature", "properties": { "difference_1990_2000": 95.0, "difference_1990_2010": -157.0, "difference_1990_2020": 133.0 }, "geometry": { "type": "Polygon", "coordinates": [ [ [ -99.204389574759958, 18.847807995570069 ], [ -99.199817101051678, 18.847807995570069 ], [ -99.199817101051678, 18.843700608680571 ], [ -99.204389574759958, 18.843700608680571 ], [ -99.204389574759958, 18.847807995570069 ] ] ] } },
{ "type": "Feature", "properties": { "difference_1990_2000": 51.0, "difference_1990_2010": 83.0, "difference_1990_2020": 88.0 }, "geometry": { "type": "Polygon", "coordinates": [ [ [ -99.204389574759958, 18.79031360364009 ], [ -99.199817101051678, 18.79031360364009 ], [ -99.199817101051678, 18.786207604155045 ], [ -99.204389574759958, 18.786207604155045 ], [ -99.204389574759958, 18.79031360364009 ] ] ] } },
{ "type": "Feature", "properties": { "difference_1990_2000": 2.0, "difference_1990_2010": 4.0, "difference_1990_2020": 4.0 }, "geometry": { "type": "Polygon", "coordinates": [ [ [ -99.204389574759958, 18.962855251826873 ], [ -99.199817101051678, 18.962855251826873 ], [ -99.199817101051678, 18.958745073564142 ], [ -99.204389574759958, 18.958745073564142 ], [ -99.204389574759958, 18.962855251826873 ] ] ] } },
{ "type": "Feature", "properties": { "difference_1990_2000": 79.0, "difference_1990_2010": 125.0, "difference_1990_2020": 185.0 }, "geometry": { "type": "Polygon", "coordinates": [ [ [ -99.204389574759958, 18.876562486087884 ], [ -99.199817101051678, 18.876562486087899 ], [ -99.199817101051678, 18.872454403428407 ], [ -99.204389574759958, 18.872454403428438 ], [ -99.204389574759958, 18.876562486087884 ] ] ] } },
{ "type": "Feature", "properties": { "difference_1990_2000": 31.0, "difference_1990_2010": 52.0, "difference_1990_2020": 108.0 }, "geometry": { "type": "Polygon", "coordinates": [ [ [ -99.204389574759958, 18.85602306731095 ], [ -99.199817101051678, 18.85602306731095 ], [ -99.199817101051678, 18.851915481770817 ], [ -99.204389574759958, 18.851915481770799 ], [ -99.204389574759958, 18.85602306731095 ] ] ] } },
{ "type": "Feature", "properties": { "difference_1990_2000": 63.0, "difference_1990_2010": 152.0, "difference_1990_2020": 283.0 }, "geometry": { "type": "Polygon", "coordinates": [ [ [ -99.204389574759958, 18.901213072707769 ], [ -99.199817101051678, 18.901213072707751 ], [ -99.199817101051678, 18.897104392574985 ], [ -99.204389574759958, 18.897104392574985 ], [ -99.204389574759958, 18.901213072707769 ] ] ] } },
{ "type": "Feature", "properties": { "difference_1990_2000": 399.0, "difference_1990_2010": 476.0, "difference_1990_2020": 562.0 }, "geometry": { "type": "Polygon", "coordinates": [ [ [ -99.204389574759958, 18.806738591038023 ], [ -99.199817101051678, 18.806738591038023 ], [ -99.199817101051678, 18.802632195713745 ], [ -99.204389574759958, 18.802632195713745 ], [ -99.204389574759958, 18.806738591038023 ] ] ] } },
{ "type": "Feature", "properties": { "difference_1990_2000": 399.0, "difference_1990_2010": 476.0, "difference_1990_2020": 562.0 }, "geometry": { "type": "Polygon", "coordinates": [ [ [ -99.204389574759958, 18.810845085392398 ], [ -99.199817101051678, 18.810845085392366 ], [ -99.199817101051678, 18.806738591038023 ], [ -99.204389574759958, 18.806738591038023 ], [ -99.204389574759958, 18.810845085392398 ] ] ] } },
{ "type": "Feature", "properties": { "difference_1990_2000": 87.0, "difference_1990_2010": 130.0, "difference_1990_2020": 196.0 }, "geometry": { "type": "Polygon", "coordinates": [ [ [ -99.204389574759958, 18.87245440342846 ], [ -99.199817101051678, 18.872454403428438 ], [ -99.199817101051678, 18.868346420249178 ], [ -99.204389574759958, 18.868346420249146 ], [ -99.204389574759958, 18.87245440342846 ] ] ] } },
{ "type": "Feature", "properties": { "difference_1990_2000": 135.0, "difference_1990_2010": 161.0, "difference_1990_2020": 139.0 }, "geometry": { "type": "Polygon", "coordinates": [ [ [ -99.204389574759958, 18.942305360962543 ], [ -99.199817101051678, 18.942305360962511 ], [ -99.199817101051678, 18.938195682783007 ], [ -99.204389574759958, 18.938195682783007 ], [ -99.204389574759958, 18.942305360962543 ] ] ] } },
{ "type": "Feature", "properties": { "difference_1990_2000": 26.0, "difference_1990_2010": 0.0, "difference_1990_2020": 32.0 }, "geometry": { "type": "Polygon", "coordinates": [ [ [ -99.204389574759958, 18.843700608680571 ], [ -99.199817101051678, 18.843700608680571 ], [ -99.199817101051678, 18.839593321074126 ], [ -99.204389574759958, 18.839593321074087 ], [ -99.204389574759958, 18.843700608680571 ] ] ] } },
{ "type": "Feature", "properties": { "difference_1990_2000": -65.0, "difference_1990_2010": -211.0, "difference_1990_2020": -366.0 }, "geometry": { "type": "Polygon", "coordinates": [ [ [ -99.204389574759958, 18.921757969100319 ], [ -99.199817101051678, 18.921757969100355 ], [ -99.199817101051678, 18.917648790297225 ], [ -99.204389574759958, 18.917648790297225 ], [ -99.204389574759958, 18.921757969100319 ] ] ] } },
{ "type": "Feature", "properties": { "difference_1990_2000": 402.0, "difference_1990_2010": 587.0, "difference_1990_2020": 867.0 }, "geometry": { "type": "Polygon", "coordinates": [ [ [ -99.195244627343399, 18.864238536521956 ], [ -99.190672153635134, 18.864238536521988 ], [ -99.190672153635134, 18.860130752218598 ], [ -99.195244627343399, 18.860130752218598 ], [ -99.195244627343399, 18.864238536521956 ] ] ] } },
{ "type": "Feature", "properties": { "difference_1990_2000": 129.0, "difference_1990_2010": 681.0, "difference_1990_2020": 1213.0 }, "geometry": { "type": "Polygon", "coordinates": [ [ [ -99.195244627343399, 18.839593321074069 ], [ -99.190672153635134, 18.839593321074069 ], [ -99.190672153635134, 18.835486132722622 ], [ -99.195244627343399, 18.835486132722604 ], [ -99.195244627343399, 18.839593321074069 ] ] ] } },
{ "type": "Feature", "properties": { "difference_1990_2000": -77.0, "difference_1990_2010": 34.0, "difference_1990_2020": 101.0 }, "geometry": { "type": "Polygon", "coordinates": [ [ [ -99.195244627343399, 18.892995812091637 ], [ -99.190672153635134, 18.892995812091637 ], [ -99.190672153635134, 18.888887331229402 ], [ -99.195244627343399, 18.888887331229387 ], [ -99.195244627343399, 18.892995812091637 ] ] ] } },
{ "type": "Feature", "properties": { "difference_1990_2000": 340.0, "difference_1990_2010": 618.0, "difference_1990_2020": 983.0 }, "geometry": { "type": "Polygon", "coordinates": [ [ [ -99.195244627343399, 18.860130752218598 ], [ -99.190672153635134, 18.860130752218598 ], [ -99.190672153635134, 18.856023067310918 ], [ -99.195244627343399, 18.856023067310918 ], [ -99.195244627343399, 18.860130752218598 ] ] ] } },
{ "type": "Feature", "properties": { "difference_1990_2000": 119.0, "difference_1990_2010": 678.0, "difference_1990_2020": 1211.0 }, "geometry": { "type": "Polygon", "coordinates": [ [ [ -99.195244627343399, 18.835486132722604 ], [ -99.190672153635134, 18.835486132722622 ], [ -99.190672153635134, 18.831379043597938 ], [ -99.195244627343399, 18.831379043597938 ], [ -99.195244627343399, 18.835486132722604 ] ] ] } },
{ "type": "Feature", "properties": { "difference_1990_2000": 120.0, "difference_1990_2010": 267.0, "difference_1990_2020": 400.0 }, "geometry": { "type": "Polygon", "coordinates": [ [ [ -99.195244627343399, 18.897104392574974 ], [ -99.190672153635134, 18.897104392574974 ], [ -99.190672153635134, 18.892995812091637 ], [ -99.195244627343399, 18.892995812091637 ], [ -99.195244627343399, 18.897104392574974 ] ] ] } },
{ "type": "Feature", "properties": { "difference_1990_2000": 64.0, "difference_1990_2010": 119.0, "difference_1990_2020": 134.0 }, "geometry": { "type": "Polygon", "coordinates": [ [ [ -99.195244627343399, 18.938195682783007 ], [ -99.190672153635134, 18.938195682783007 ], [ -99.190672153635134, 18.934086104535261 ], [ -99.195244627343399, 18.93408610453524 ], [ -99.195244627343399, 18.938195682783007 ] ] ] } },
{ "type": "Feature", "properties": { "difference_1990_2000": 0.0, "difference_1990_2010": 0.0, "difference_1990_2020": 0.0 }, "geometry": { "type": "Polygon", "coordinates": [ [ [ -99.195244627343399, 18.782101703559618 ], [ -99.190672153635134, 18.782101703559601 ], [ -99.190672153635134, 18.777995901825779 ], [ -99.195244627343399, 18.777995901825779 ], [ -99.195244627343399, 18.782101703559618 ] ] ] } },
{ "type": "Feature", "properties": { "difference_1990_2000": 135.0, "difference_1990_2010": 494.0, "difference_1990_2020": 845.0 }, "geometry": { "type": "Polygon", "coordinates": [ [ [ -99.195244627343399, 18.831379043597938 ], [ -99.190672153635134, 18.831379043597938 ], [ -99.190672153635134, 18.827272053671937 ], [ -99.195244627343399, 18.827272053671955 ], [ -99.195244627343399, 18.831379043597938 ] ] ] } },
{ "type": "Feature", "properties": { "difference_1990_2000": 46.0, "difference_1990_2010": 16.0, "difference_1990_2020": -22.0 }, "geometry": { "type": "Polygon", "coordinates": [ [ [ -99.195244627343399, 18.954634995374615 ], [ -99.190672153635134, 18.954634995374633 ], [ -99.190672153635134, 18.950525017230078 ], [ -99.195244627343399, 18.950525017230078 ], [ -99.195244627343399, 18.954634995374615 ] ] ] } },
{ "type": "Feature", "properties": { "difference_1990_2000": 9.0, "difference_1990_2010": 97.0, "difference_1990_2020": 59.0 }, "geometry": { "type": "Polygon", "coordinates": [ [ [ -99.195244627343399, 18.975186387337384 ], [ -99.190672153635134, 18.975186387337384 ], [ -99.190672153635134, 18.971075908685147 ], [ -99.195244627343399, 18.971075908685147 ], [ -99.195244627343399, 18.975186387337384 ] ] ] } },
{ "type": "Feature", "properties": { "difference_1990_2000": 25.0, "difference_1990_2010": 53.0, "difference_1990_2020": 45.0 }, "geometry": { "type": "Polygon", "coordinates": [ [ [ -99.195244627343399, 18.979296966176047 ], [ -99.190672153635134, 18.979296966176022 ], [ -99.190672153635134, 18.975186387337384 ], [ -99.195244627343399, 18.975186387337384 ], [ -99.195244627343399, 18.979296966176047 ] ] ] } },
{ "type": "Feature", "properties": { "difference_1990_2000": 561.0, "difference_1990_2010": 712.0, "difference_1990_2020": 739.0 }, "geometry": { "type": "Polygon", "coordinates": [ [ [ -99.195244627343399, 18.917648790297225 ], [ -99.190672153635134, 18.917648790297225 ], [ -99.190672153635134, 18.91353971128466 ], [ -99.195244627343399, 18.91353971128466 ], [ -99.195244627343399, 18.917648790297225 ] ] ] } },
{ "type": "Feature", "properties": { "difference_1990_2000": 2.0, "difference_1990_2010": -9.0, "difference_1990_2020": 5.0 }, "geometry": { "type": "Polygon", "coordinates": [ [ [ -99.195244627343399, 18.786207604155059 ], [ -99.190672153635134, 18.786207604155045 ], [ -99.190672153635134, 18.782101703559601 ], [ -99.195244627343399, 18.782101703559618 ], [ -99.195244627343399, 18.786207604155059 ] ] ] } },
{ "type": "Feature", "properties": { "difference_1990_2000": 391.0, "difference_1990_2010": 1282.0, "difference_1990_2020": 1280.0 }, "geometry": { "type": "Polygon", "coordinates": [ [ [ -99.195244627343399, 18.851915481770817 ], [ -99.190672153635134, 18.851915481770817 ], [ -99.190672153635134, 18.847807995570069 ], [ -99.195244627343399, 18.847807995570037 ], [ -99.195244627343399, 18.851915481770817 ] ] ] } },
{ "type": "Feature", "properties": { "difference_1990_2000": 106.0, "difference_1990_2010": 248.0, "difference_1990_2020": 314.0 }, "geometry": { "type": "Polygon", "coordinates": [ [ [ -99.195244627343399, 18.905321852518146 ], [ -99.190672153635134, 18.905321852518146 ], [ -99.190672153635134, 18.901213072707769 ], [ -99.195244627343399, 18.901213072707769 ], [ -99.195244627343399, 18.905321852518146 ] ] ] } },
{ "type": "Feature", "properties": { "difference_1990_2000": 125.0, "difference_1990_2010": 355.0, "difference_1990_2020": 500.0 }, "geometry": { "type": "Polygon", "coordinates": [ [ [ -99.195244627343399, 18.880670668255728 ], [ -99.190672153635134, 18.880670668255728 ], [ -99.190672153635134, 18.876562486087899 ], [ -99.195244627343399, 18.876562486087884 ], [ -99.195244627343399, 18.880670668255728 ] ] ] } },
{ "type": "Feature", "properties": { "difference_1990_2000": 22.0, "difference_1990_2010": 84.0, "difference_1990_2020": 120.0 }, "geometry": { "type": "Polygon", "coordinates": [ [ [ -99.195244627343399, 18.814951678804796 ], [ -99.190672153635134, 18.81495167880481 ], [ -99.190672153635134, 18.810845085392366 ], [ -99.195244627343399, 18.810845085392366 ], [ -99.195244627343399, 18.814951678804796 ] ] ] } },
{ "type": "Feature", "properties": { "difference_1990_2000": 154.0, "difference_1990_2010": 274.0, "difference_1990_2020": 403.0 }, "geometry": { "type": "Polygon", "coordinates": [ [ [ -99.195244627343399, 18.827272053671955 ], [ -99.190672153635134, 18.827272053671937 ], [ -99.190672153635134, 18.823165162916485 ], [ -99.195244627343399, 18.823165162916453 ], [ -99.195244627343399, 18.827272053671955 ] ] ] } },
{ "type": "Feature", "properties": { "difference_1990_2000": -79.0, "difference_1990_2010": -170.0, "difference_1990_2020": -194.0 }, "geometry": { "type": "Polygon", "coordinates": [ [ [ -99.195244627343399, 18.950525017230078 ], [ -99.190672153635134, 18.950525017230078 ], [ -99.190672153635134, 18.946415139102097 ], [ -99.195244627343399, 18.946415139102097 ], [ -99.195244627343399, 18.950525017230078 ] ] ] } },
{ "type": "Feature", "properties": { "difference_1990_2000": 96.0, "difference_1990_2010": 205.0, "difference_1990_2020": 371.0 }, "geometry": { "type": "Polygon", "coordinates": [ [ [ -99.195244627343399, 18.819058371303505 ], [ -99.190672153635134, 18.819058371303505 ], [ -99.190672153635134, 18.814951678804846 ], [ -99.195244627343399, 18.81495167880481 ], [ -99.195244627343399, 18.819058371303505 ] ] ] } },
{ "type": "Feature", "properties": { "difference_1990_2000": 326.0, "difference_1990_2010": 256.0, "difference_1990_2020": 196.0 }, "geometry": { "type": "Polygon", "coordinates": [ [ [ -99.195244627343399, 18.93408610453524 ], [ -99.190672153635134, 18.934086104535261 ], [ -99.190672153635134, 18.929976626191074 ], [ -99.195244627343399, 18.929976626191074 ], [ -99.195244627343399, 18.93408610453524 ] ] ] } },
{ "type": "Feature", "properties": { "difference_1990_2000": 293.0, "difference_1990_2010": 504.0, "difference_1990_2020": 560.0 }, "geometry": { "type": "Polygon", "coordinates": [ [ [ -99.195244627343399, 18.888887331229387 ], [ -99.190672153635134, 18.888887331229402 ], [ -99.190672153635134, 18.884778949960179 ], [ -99.195244627343399, 18.884778949960179 ], [ -99.195244627343399, 18.888887331229387 ] ] ] } },
{ "type": "Feature", "properties": { "difference_1990_2000": 160.0, "difference_1990_2010": 191.0, "difference_1990_2020": 101.0 }, "geometry": { "type": "Polygon", "coordinates": [ [ [ -99.195244627343399, 18.925867247722206 ], [ -99.190672153635134, 18.925867247722184 ], [ -99.190672153635134, 18.921757969100319 ], [ -99.195244627343399, 18.921757969100319 ], [ -99.195244627343399, 18.925867247722206 ] ] ] } },
{ "type": "Feature", "properties": { "difference_1990_2000": 370.0, "difference_1990_2010": 555.0, "difference_1990_2020": 751.0 }, "geometry": { "type": "Polygon", "coordinates": [ [ [ -99.195244627343399, 18.868346420249146 ], [ -99.190672153635134, 18.868346420249146 ], [ -99.190672153635134, 18.864238536521988 ], [ -99.195244627343399, 18.864238536521956 ], [ -99.195244627343399, 18.868346420249146 ] ] ] } },
{ "type": "Feature", "properties": { "difference_1990_2000": 0.0, "difference_1990_2010": 262.0, "difference_1990_2020": 285.0 }, "geometry": { "type": "Polygon", "coordinates": [ [ [ -99.195244627343399, 18.802632195713716 ], [ -99.190672153635134, 18.802632195713745 ], [ -99.190672153635134, 18.798525899391365 ], [ -99.195244627343399, 18.798525899391347 ], [ -99.195244627343399, 18.802632195713716 ] ] ] } },
{ "type": "Feature", "properties": { "difference_1990_2000": 629.0, "difference_1990_2010": 870.0, "difference_1990_2020": 958.0 }, "geometry": { "type": "Polygon", "coordinates": [ [ [ -99.195244627343399, 18.91353971128466 ], [ -99.190672153635134, 18.91353971128466 ], [ -99.190672153635134, 18.909430732034373 ], [ -99.195244627343399, 18.909430732034373 ], [ -99.195244627343399, 18.91353971128466 ] ] ] } },
{ "type": "Feature", "properties": { "difference_1990_2000": 106.0, "difference_1990_2010": 248.0, "difference_1990_2020": 314.0 }, "geometry": { "type": "Polygon", "coordinates": [ [ [ -99.195244627343399, 18.909430732034373 ], [ -99.190672153635134, 18.909430732034373 ], [ -99.190672153635134, 18.905321852518146 ], [ -99.195244627343399, 18.905321852518146 ], [ -99.195244627343399, 18.909430732034373 ] ] ] } },
{ "type": "Feature", "properties": { "difference_1990_2000": 159.0, "difference_1990_2010": 356.0, "difference_1990_2020": 464.0 }, "geometry": { "type": "Polygon", "coordinates": [ [ [ -99.195244627343399, 18.884778949960179 ], [ -99.190672153635134, 18.884778949960179 ], [ -99.190672153635134, 18.880670668255728 ], [ -99.195244627343399, 18.880670668255728 ], [ -99.195244627343399, 18.884778949960179 ] ] ] } },
{ "type": "Feature", "properties": { "difference_1990_2000": 0.0, "difference_1990_2010": 0.0, "difference_1990_2020": 53.0 }, "geometry": { "type": "Polygon", "coordinates": [ [ [ -99.195244627343399, 18.966965530191111 ], [ -99.190672153635134, 18.966965530191128 ], [ -99.190672153635134, 18.962855251826873 ], [ -99.195244627343399, 18.962855251826873 ], [ -99.195244627343399, 18.966965530191111 ] ] ] } },
{ "type": "Feature", "properties": { "difference_1990_2000": 270.0, "difference_1990_2010": 541.0, "difference_1990_2020": 361.0 }, "geometry": { "type": "Polygon", "coordinates": [ [ [ -99.195244627343399, 18.847807995570037 ], [ -99.190672153635134, 18.847807995570069 ], [ -99.190672153635134, 18.843700608680571 ], [ -99.195244627343399, 18.843700608680571 ], [ -99.195244627343399, 18.847807995570037 ] ] ] } },
{ "type": "Feature", "properties": { "difference_1990_2000": 152.0, "difference_1990_2010": 271.0, "difference_1990_2020": 402.0 }, "geometry": { "type": "Polygon", "coordinates": [ [ [ -99.195244627343399, 18.823165162916453 ], [ -99.190672153635134, 18.823165162916485 ], [ -99.190672153635134, 18.819058371303505 ], [ -99.195244627343399, 18.819058371303505 ], [ -99.195244627343399, 18.823165162916453 ] ] ] } },
{ "type": "Feature", "properties": { "difference_1990_2000": 0.0, "difference_1990_2010": 0.0, "difference_1990_2020": 0.0 }, "geometry": { "type": "Polygon", "coordinates": [ [ [ -99.195244627343399, 18.79031360364009 ], [ -99.190672153635134, 18.79031360364009 ], [ -99.190672153635134, 18.786207604155045 ], [ -99.195244627343399, 18.786207604155059 ], [ -99.195244627343399, 18.79031360364009 ] ] ] } },
{ "type": "Feature", "properties": { "difference_1990_2000": 479.0, "difference_1990_2010": 908.0, "difference_1990_2020": 1308.0 }, "geometry": { "type": "Polygon", "coordinates": [ [ [ -99.195244627343399, 18.856023067310918 ], [ -99.190672153635134, 18.856023067310918 ], [ -99.190672153635134, 18.851915481770817 ], [ -99.195244627343399, 18.851915481770817 ], [ -99.195244627343399, 18.856023067310918 ] ] ] } },
{ "type": "Feature", "properties": { "difference_1990_2000": 0.0, "difference_1990_2010": 0.0, "difference_1990_2020": 108.0 }, "geometry": { "type": "Polygon", "coordinates": [ [ [ -99.195244627343399, 18.962855251826873 ], [ -99.190672153635134, 18.962855251826873 ], [ -99.190672153635134, 18.958745073564142 ], [ -99.195244627343399, 18.958745073564142 ], [ -99.195244627343399, 18.962855251826873 ] ] ] } },
{ "type": "Feature", "properties": { "difference_1990_2000": 204.0, "difference_1990_2010": 363.0, "difference_1990_2020": 492.0 }, "geometry": { "type": "Polygon", "coordinates": [ [ [ -99.195244627343399, 18.876562486087884 ], [ -99.190672153635134, 18.876562486087899 ], [ -99.190672153635134, 18.872454403428407 ], [ -99.195244627343399, 18.872454403428407 ], [ -99.195244627343399, 18.876562486087884 ] ] ] } },
{ "type": "Feature", "properties": { "difference_1990_2000": 333.0, "difference_1990_2010": 513.0, "difference_1990_2020": 653.0 }, "geometry": { "type": "Polygon", "coordinates": [ [ [ -99.195244627343399, 18.872454403428407 ], [ -99.190672153635134, 18.872454403428438 ], [ -99.190672153635134, 18.868346420249146 ], [ -99.195244627343399, 18.868346420249146 ], [ -99.195244627343399, 18.872454403428407 ] ] ] } },
{ "type": "Feature", "properties": { "difference_1990_2000": 122.0, "difference_1990_2010": 273.0, "difference_1990_2020": 397.0 }, "geometry": { "type": "Polygon", "coordinates": [ [ [ -99.195244627343399, 18.901213072707769 ], [ -99.190672153635134, 18.901213072707769 ], [ -99.190672153635134, 18.897104392574974 ], [ -99.195244627343399, 18.897104392574974 ], [ -99.195244627343399, 18.901213072707769 ] ] ] } },
{ "type": "Feature", "properties": { "difference_1990_2000": 0.0, "difference_1990_2010": 281.0, "difference_1990_2020": 474.0 }, "geometry": { "type": "Polygon", "coordinates": [ [ [ -99.195244627343399, 18.810845085392366 ], [ -99.190672153635134, 18.810845085392366 ], [ -99.190672153635134, 18.806738591038023 ], [ -99.195244627343399, 18.806738591038023 ], [ -99.195244627343399, 18.810845085392366 ] ] ] } },
{ "type": "Feature", "properties": { "difference_1990_2000": 0.0, "difference_1990_2010": 1867.0, "difference_1990_2020": 2907.0 }, "geometry": { "type": "Polygon", "coordinates": [ [ [ -99.195244627343399, 18.806738591038023 ], [ -99.190672153635134, 18.806738591038023 ], [ -99.190672153635134, 18.802632195713745 ], [ -99.195244627343399, 18.802632195713716 ], [ -99.195244627343399, 18.806738591038023 ] ] ] } },
{ "type": "Feature", "properties": { "difference_1990_2000": 140.0, "difference_1990_2010": 174.0, "difference_1990_2020": 142.0 }, "geometry": { "type": "Polygon", "coordinates": [ [ [ -99.195244627343399, 18.942305360962511 ], [ -99.190672153635134, 18.942305360962511 ], [ -99.190672153635134, 18.938195682783007 ], [ -99.195244627343399, 18.938195682783007 ], [ -99.195244627343399, 18.942305360962511 ] ] ] } },
{ "type": "Feature", "properties": { "difference_1990_2000": 217.0, "difference_1990_2010": 590.0, "difference_1990_2020": 583.0 }, "geometry": { "type": "Polygon", "coordinates": [ [ [ -99.195244627343399, 18.843700608680571 ], [ -99.190672153635134, 18.843700608680571 ], [ -99.190672153635134, 18.839593321074069 ], [ -99.195244627343399, 18.839593321074069 ], [ -99.195244627343399, 18.843700608680571 ] ] ] } },
{ "type": "Feature", "properties": { "difference_1990_2000": 861.0, "difference_1990_2010": 845.0, "difference_1990_2020": 662.0 }, "geometry": { "type": "Polygon", "coordinates": [ [ [ -99.195244627343399, 18.929976626191074 ], [ -99.190672153635134, 18.929976626191074 ], [ -99.190672153635134, 18.925867247722184 ], [ -99.195244627343399, 18.925867247722206 ], [ -99.195244627343399, 18.929976626191074 ] ] ] } },
{ "type": "Feature", "properties": { "difference_1990_2000": -116.0, "difference_1990_2010": -83.0, "difference_1990_2020": -61.0 }, "geometry": { "type": "Polygon", "coordinates": [ [ [ -99.195244627343399, 18.921757969100319 ], [ -99.190672153635134, 18.921757969100319 ], [ -99.190672153635134, 18.917648790297225 ], [ -99.195244627343399, 18.917648790297225 ], [ -99.195244627343399, 18.921757969100319 ] ] ] } },
{ "type": "Feature", "properties": { "difference_1990_2000": 137.0, "difference_1990_2010": 163.0, "difference_1990_2020": 137.0 }, "geometry": { "type": "Polygon", "coordinates": [ [ [ -99.195244627343399, 18.946415139102097 ], [ -99.190672153635134, 18.946415139102097 ], [ -99.190672153635134, 18.942305360962511 ], [ -99.195244627343399, 18.942305360962511 ], [ -99.195244627343399, 18.946415139102097 ] ] ] } },
{ "type": "Feature", "properties": { "difference_1990_2000": 0.0, "difference_1990_2010": 231.0, "difference_1990_2020": 309.0 }, "geometry": { "type": "Polygon", "coordinates": [ [ [ -99.186099679926855, 18.769784594830533 ], [ -99.181527206218576, 18.769784594830554 ], [ -99.181527206218576, 18.765679089513068 ], [ -99.186099679926855, 18.765679089513068 ], [ -99.186099679926855, 18.769784594830533 ] ] ] } },
{ "type": "Feature", "properties": { "difference_1990_2000": 209.0, "difference_1990_2010": 544.0, "difference_1990_2020": 752.0 }, "geometry": { "type": "Polygon", "coordinates": [ [ [ -99.186099679926855, 18.860130752218549 ], [ -99.181527206218576, 18.860130752218598 ], [ -99.181527206218576, 18.856023067310918 ], [ -99.186099679926855, 18.856023067310918 ], [ -99.186099679926855, 18.860130752218549 ] ] ] } },
{ "type": "Feature", "properties": { "difference_1990_2000": 253.0, "difference_1990_2010": 451.0, "difference_1990_2020": 492.0 }, "geometry": { "type": "Polygon", "coordinates": [ [ [ -99.186099679926855, 18.892995812091637 ], [ -99.181527206218576, 18.892995812091637 ], [ -99.181527206218576, 18.888887331229402 ], [ -99.186099679926855, 18.888887331229402 ], [ -99.186099679926855, 18.892995812091637 ] ] ] } },
{ "type": "Feature", "properties": { "difference_1990_2000": 814.0, "difference_1990_2010": 1016.0, "difference_1990_2020": 1097.0 }, "geometry": { "type": "Polygon", "coordinates": [ [ [ -99.186099679926855, 18.839593321074087 ], [ -99.181527206218576, 18.839593321074069 ], [ -99.181527206218576, 18.835486132722604 ], [ -99.186099679926855, 18.835486132722622 ], [ -99.186099679926855, 18.839593321074087 ] ] ] } },
{ "type": "Feature", "properties": { "difference_1990_2000": 113.0, "difference_1990_2010": 309.0, "difference_1990_2020": 361.0 }, "geometry": { "type": "Polygon", "coordinates": [ [ [ -99.186099679926855, 18.897104392574974 ], [ -99.181527206218576, 18.897104392574974 ], [ -99.181527206218576, 18.892995812091637 ], [ -99.186099679926855, 18.892995812091637 ], [ -99.186099679926855, 18.897104392574974 ] ] ] } },
{ "type": "Feature", "properties": { "difference_1990_2000": 583.0, "difference_1990_2010": 760.0, "difference_1990_2020": 833.0 }, "geometry": { "type": "Polygon", "coordinates": [ [ [ -99.186099679926855, 18.835486132722622 ], [ -99.181527206218576, 18.835486132722604 ], [ -99.181527206218576, 18.831379043597938 ], [ -99.186099679926855, 18.831379043597938 ], [ -99.186099679926855, 18.835486132722622 ] ] ] } },
{ "type": "Feature", "properties": { "difference_1990_2000": 477.0, "difference_1990_2010": 717.0, "difference_1990_2020": 665.0 }, "geometry": { "type": "Polygon", "coordinates": [ [ [ -99.186099679926855, 18.938195682783007 ], [ -99.181527206218576, 18.938195682783007 ], [ -99.181527206218576, 18.934086104535261 ], [ -99.186099679926855, 18.93408610453524 ], [ -99.186099679926855, 18.938195682783007 ] ] ] } },
{ "type": "Feature", "properties": { "difference_1990_2000": 328.0, "difference_1990_2010": 452.0, "difference_1990_2020": 570.0 }, "geometry": { "type": "Polygon", "coordinates": [ [ [ -99.186099679926855, 18.831379043597938 ], [ -99.181527206218576, 18.831379043597938 ], [ -99.181527206218576, 18.827272053671937 ], [ -99.186099679926855, 18.827272053671898 ], [ -99.186099679926855, 18.831379043597938 ] ] ] } },
{ "type": "Feature", "properties": { "difference_1990_2000": 0.0, "difference_1990_2010": 77.0, "difference_1990_2020": 71.0 }, "geometry": { "type": "Polygon", "coordinates": [ [ [ -99.186099679926855, 18.98751842452592 ], [ -99.181527206218576, 18.98751842452592 ], [ -99.181527206218576, 18.983407645229434 ], [ -99.186099679926855, 18.983407645229434 ], [ -99.186099679926855, 18.98751842452592 ] ] ] } },
{ "type": "Feature", "properties": { "difference_1990_2000": 0.0, "difference_1990_2010": 448.0, "difference_1990_2020": 487.0 }, "geometry": { "type": "Polygon", "coordinates": [ [ [ -99.186099679926855, 18.979296966176022 ], [ -99.181527206218576, 18.979296966176022 ], [ -99.181527206218576, 18.975186387337384 ], [ -99.186099679926855, 18.975186387337384 ], [ -99.186099679926855, 18.979296966176022 ] ] ] } },
{ "type": "Feature", "properties": { "difference_1990_2000": 312.0, "difference_1990_2010": 576.0, "difference_1990_2020": 523.0 }, "geometry": { "type": "Polygon", "coordinates": [ [ [ -99.186099679926855, 18.917648790297189 ], [ -99.181527206218576, 18.917648790297225 ], [ -99.181527206218576, 18.91353971128466 ], [ -99.186099679926855, 18.91353971128466 ], [ -99.186099679926855, 18.917648790297189 ] ] ] } },
{ "type": "Feature", "properties": { "difference_1990_2000": 145.0, "difference_1990_2010": 283.0, "difference_1990_2020": 355.0 }, "geometry": { "type": "Polygon", "coordinates": [ [ [ -99.186099679926855, 18.905321852518114 ], [ -99.181527206218576, 18.905321852518163 ], [ -99.181527206218576, 18.901213072707769 ], [ -99.186099679926855, 18.901213072707751 ], [ -99.186099679926855, 18.905321852518114 ] ] ] } },
{ "type": "Feature", "properties": { "difference_1990_2000": 66.0, "difference_1990_2010": 117.0, "difference_1990_2020": 334.0 }, "geometry": { "type": "Polygon", "coordinates": [ [ [ -99.186099679926855, 18.827272053671898 ], [ -99.181527206218576, 18.827272053671937 ], [ -99.181527206218576, 18.823165162916485 ], [ -99.186099679926855, 18.823165162916485 ], [ -99.186099679926855, 18.827272053671898 ] ] ] } },
{ "type": "Feature", "properties": { "difference_1990_2000": 0.0, "difference_1990_2010": 207.0, "difference_1990_2020": 257.0 }, "geometry": { "type": "Polygon", "coordinates": [ [ [ -99.186099679926855, 18.773890198925443 ], [ -99.181527206218576, 18.773890198925415 ], [ -99.181527206218576, 18.769784594830554 ], [ -99.186099679926855, 18.769784594830533 ], [ -99.186099679926855, 18.773890198925443 ] ] ] } },
{ "type": "Feature", "properties": { "difference_1990_2000": 231.0, "difference_1990_2010": 659.0, "difference_1990_2020": 841.0 }, "geometry": { "type": "Polygon", "coordinates": [ [ [ -99.186099679926855, 18.851915481770817 ], [ -99.181527206218576, 18.851915481770799 ], [ -99.181527206218576, 18.847807995570069 ], [ -99.186099679926855, 18.847807995570069 ], [ -99.186099679926855, 18.851915481770817 ] ] ] } },
{ "type": "Feature", "properties": { "difference_1990_2000": 148.0, "difference_1990_2010": 222.0, "difference_1990_2020": 324.0 }, "geometry": { "type": "Polygon", "coordinates": [ [ [ -99.186099679926855, 18.880670668255728 ], [ -99.181527206218576, 18.880670668255728 ], [ -99.181527206218576, 18.876562486087852 ], [ -99.186099679926855, 18.876562486087884 ], [ -99.186099679926855, 18.880670668255728 ] ] ] } },
{ "type": "Feature", "properties": { "difference_1990_2000": 0.0, "difference_1990_2010": 173.0, "difference_1990_2020": 252.0 }, "geometry": { "type": "Polygon", "coordinates": [ [ [ -99.186099679926855, 18.814951678804796 ], [ -99.181527206218576, 18.81495167880481 ], [ -99.181527206218576, 18.810845085392366 ], [ -99.186099679926855, 18.810845085392366 ], [ -99.186099679926855, 18.814951678804796 ] ] ] } },
{ "type": "Feature", "properties": { "difference_1990_2000": 2.0, "difference_1990_2010": 76.0, "difference_1990_2020": 99.0 }, "geometry": { "type": "Polygon", "coordinates": [ [ [ -99.186099679926855, 18.819058371303505 ], [ -99.181527206218576, 18.819058371303505 ], [ -99.181527206218576, 18.814951678804846 ], [ -99.186099679926855, 18.81495167880481 ], [ -99.186099679926855, 18.819058371303505 ] ] ] } },
{ "type": "Feature", "properties": { "difference_1990_2000": 935.0, "difference_1990_2010": 1243.0, "difference_1990_2020": 1230.0 }, "geometry": { "type": "Polygon", "coordinates": [ [ [ -99.186099679926855, 18.93408610453524 ], [ -99.181527206218576, 18.934086104535261 ], [ -99.181527206218576, 18.929976626191074 ], [ -99.186099679926855, 18.929976626191053 ], [ -99.186099679926855, 18.93408610453524 ] ] ] } },
{ "type": "Feature", "properties": { "difference_1990_2000": 1447.0, "difference_1990_2010": 1267.0, "difference_1990_2020": 968.0 }, "geometry": { "type": "Polygon", "coordinates": [ [ [ -99.186099679926855, 18.925867247722184 ], [ -99.181527206218576, 18.925867247722206 ], [ -99.181527206218576, 18.921757969100319 ], [ -99.186099679926855, 18.921757969100319 ], [ -99.186099679926855, 18.925867247722184 ] ] ] } },
{ "type": "Feature", "properties": { "difference_1990_2000": 376.0, "difference_1990_2010": 623.0, "difference_1990_2020": 669.0 }, "geometry": { "type": "Polygon", "coordinates": [ [ [ -99.186099679926855, 18.888887331229402 ], [ -99.181527206218576, 18.888887331229402 ], [ -99.181527206218576, 18.884778949960179 ], [ -99.186099679926855, 18.884778949960179 ], [ -99.186099679926855, 18.888887331229402 ] ] ] } },
{ "type": "Feature", "properties": { "difference_1990_2000": 0.0, "difference_1990_2010": 161.0, "difference_1990_2020": 226.0 }, "geometry": { "type": "Polygon", "coordinates": [ [ [ -99.186099679926855, 18.765679089513068 ], [ -99.181527206218576, 18.765679089513068 ], [ -99.181527206218576, 18.761573682944967 ], [ -99.186099679926855, 18.761573682944945 ], [ -99.186099679926855, 18.765679089513068 ] ] ] } },
{ "type": "Feature", "properties": { "difference_1990_2000": 0.0, "difference_1990_2010": 1082.0, "difference_1990_2020": 1173.0 }, "geometry": { "type": "Polygon", "coordinates": [ [ [ -99.186099679926855, 18.983407645229434 ], [ -99.181527206218576, 18.983407645229434 ], [ -99.181527206218576, 18.979296966176022 ], [ -99.186099679926855, 18.979296966176022 ], [ -99.186099679926855, 18.983407645229434 ] ] ] } },
{ "type": "Feature", "properties": { "difference_1990_2000": 417.0, "difference_1990_2010": 608.0, "difference_1990_2020": 683.0 }, "geometry": { "type": "Polygon", "coordinates": [ [ [ -99.186099679926855, 18.868346420249146 ], [ -99.181527206218576, 18.868346420249129 ], [ -99.181527206218576, 18.864238536521956 ], [ -99.186099679926855, 18.864238536521938 ], [ -99.186099679926855, 18.868346420249146 ] ] ] } },
{ "type": "Feature", "properties": { "difference_1990_2000": 778.0, "difference_1990_2010": 959.0, "difference_1990_2020": 1054.0 }, "geometry": { "type": "Polygon", "coordinates": [ [ [ -99.186099679926855, 18.91353971128466 ], [ -99.181527206218576, 18.91353971128466 ], [ -99.181527206218576, 18.909430732034405 ], [ -99.186099679926855, 18.909430732034373 ], [ -99.186099679926855, 18.91353971128466 ] ] ] } },
{ "type": "Feature", "properties": { "difference_1990_2000": 641.0, "difference_1990_2010": 794.0, "difference_1990_2020": 888.0 }, "geometry": { "type": "Polygon", "coordinates": [ [ [ -99.186099679926855, 18.909430732034373 ], [ -99.181527206218576, 18.909430732034405 ], [ -99.181527206218576, 18.905321852518163 ], [ -99.186099679926855, 18.905321852518114 ], [ -99.186099679926855, 18.909430732034373 ] ] ] } },
{ "type": "Feature", "properties": { "difference_1990_2000": 305.0, "difference_1990_2010": 491.0, "difference_1990_2020": 560.0 }, "geometry": { "type": "Polygon", "coordinates": [ [ [ -99.186099679926855, 18.884778949960179 ], [ -99.181527206218576, 18.884778949960179 ], [ -99.181527206218576, 18.880670668255728 ], [ -99.186099679926855, 18.880670668255728 ], [ -99.186099679926855, 18.884778949960179 ] ] ] } },
{ "type": "Feature", "properties": { "difference_1990_2000": 0.0, "difference_1990_2010": 0.0, "difference_1990_2020": 67.0 }, "geometry": { "type": "Polygon", "coordinates": [ [ [ -99.186099679926855, 18.966965530191128 ], [ -99.181527206218576, 18.966965530191111 ], [ -99.181527206218576, 18.962855251826873 ], [ -99.186099679926855, 18.962855251826873 ], [ -99.186099679926855, 18.966965530191128 ] ] ] } },
{ "type": "Feature", "properties": { "difference_1990_2000": 407.0, "difference_1990_2010": 793.0, "difference_1990_2020": 874.0 }, "geometry": { "type": "Polygon", "coordinates": [ [ [ -99.186099679926855, 18.847807995570069 ], [ -99.181527206218576, 18.847807995570069 ], [ -99.181527206218576, 18.843700608680571 ], [ -99.186099679926855, 18.843700608680571 ], [ -99.186099679926855, 18.847807995570069 ] ] ] } },
{ "type": "Feature", "properties": { "difference_1990_2000": 71.0, "difference_1990_2010": 121.0, "difference_1990_2020": 183.0 }, "geometry": { "type": "Polygon", "coordinates": [ [ [ -99.186099679926855, 18.823165162916485 ], [ -99.181527206218576, 18.823165162916485 ], [ -99.181527206218576, 18.819058371303505 ], [ -99.186099679926855, 18.819058371303505 ], [ -99.186099679926855, 18.823165162916485 ] ] ] } },
{ "type": "Feature", "properties": { "difference_1990_2000": 73.0, "difference_1990_2010": 539.0, "difference_1990_2020": 746.0 }, "geometry": { "type": "Polygon", "coordinates": [ [ [ -99.186099679926855, 18.856023067310918 ], [ -99.181527206218576, 18.856023067310918 ], [ -99.181527206218576, 18.851915481770799 ], [ -99.186099679926855, 18.851915481770817 ], [ -99.186099679926855, 18.856023067310918 ] ] ] } },
{ "type": "Feature", "properties": { "difference_1990_2000": 0.0, "difference_1990_2010": 0.0, "difference_1990_2020": 234.0 }, "geometry": { "type": "Polygon", "coordinates": [ [ [ -99.186099679926855, 18.962855251826873 ], [ -99.181527206218576, 18.962855251826873 ], [ -99.181527206218576, 18.958745073564142 ], [ -99.186099679926855, 18.958745073564142 ], [ -99.186099679926855, 18.962855251826873 ] ] ] } },
{ "type": "Feature", "properties": { "difference_1990_2000": 148.0, "difference_1990_2010": 222.0, "difference_1990_2020": 324.0 }, "geometry": { "type": "Polygon", "coordinates": [ [ [ -99.186099679926855, 18.876562486087884 ], [ -99.181527206218576, 18.876562486087852 ], [ -99.181527206218576, 18.872454403428407 ], [ -99.186099679926855, 18.872454403428407 ], [ -99.186099679926855, 18.876562486087884 ] ] ] } },
{ "type": "Feature", "properties": { "difference_1990_2000": 321.0, "difference_1990_2010": 471.0, "difference_1990_2020": 595.0 }, "geometry": { "type": "Polygon", "coordinates": [ [ [ -99.186099679926855, 18.872454403428407 ], [ -99.181527206218576, 18.872454403428407 ], [ -99.181527206218576, 18.868346420249129 ], [ -99.186099679926855, 18.868346420249146 ], [ -99.186099679926855, 18.872454403428407 ] ] ] } },
{ "type": "Feature", "properties": { "difference_1990_2000": 120.0, "difference_1990_2010": 374.0, "difference_1990_2020": 417.0 }, "geometry": { "type": "Polygon", "coordinates": [ [ [ -99.186099679926855, 18.901213072707751 ], [ -99.181527206218576, 18.901213072707769 ], [ -99.181527206218576, 18.897104392574974 ], [ -99.186099679926855, 18.897104392574974 ], [ -99.186099679926855, 18.901213072707751 ] ] ] } },
{ "type": "Feature", "properties": { "difference_1990_2000": 0.0, "difference_1990_2010": 12.0, "difference_1990_2020": 20.0 }, "geometry": { "type": "Polygon", "coordinates": [ [ [ -99.186099679926855, 18.806738591038005 ], [ -99.181527206218576, 18.806738591038023 ], [ -99.181527206218576, 18.802632195713745 ], [ -99.186099679926855, 18.802632195713745 ], [ -99.186099679926855, 18.806738591038005 ] ] ] } },
{ "type": "Feature", "properties": { "difference_1990_2000": 0.0, "difference_1990_2010": 104.0, "difference_1990_2020": 161.0 }, "geometry": { "type": "Polygon", "coordinates": [ [ [ -99.186099679926855, 18.810845085392366 ], [ -99.181527206218576, 18.810845085392366 ], [ -99.181527206218576, 18.806738591038023 ], [ -99.186099679926855, 18.806738591038005 ], [ -99.186099679926855, 18.810845085392366 ] ] ] } },
{ "type": "Feature", "properties": { "difference_1990_2000": 267.0, "difference_1990_2010": 586.0, "difference_1990_2020": 750.0 }, "geometry": { "type": "Polygon", "coordinates": [ [ [ -99.186099679926855, 18.942305360962511 ], [ -99.181527206218576, 18.942305360962511 ], [ -99.181527206218576, 18.938195682783007 ], [ -99.186099679926855, 18.938195682783007 ], [ -99.186099679926855, 18.942305360962511 ] ] ] } },
{ "type": "Feature", "properties": { "difference_1990_2000": 917.0, "difference_1990_2010": 964.0, "difference_1990_2020": 916.0 }, "geometry": { "type": "Polygon", "coordinates": [ [ [ -99.186099679926855, 18.929976626191053 ], [ -99.181527206218576, 18.929976626191074 ], [ -99.181527206218576, 18.925867247722206 ], [ -99.186099679926855, 18.925867247722184 ], [ -99.186099679926855, 18.929976626191053 ] ] ] } },
{ "type": "Feature", "properties": { "difference_1990_2000": 214.0, "difference_1990_2010": 585.0, "difference_1990_2020": 703.0 }, "geometry": { "type": "Polygon", "coordinates": [ [ [ -99.186099679926855, 18.843700608680571 ], [ -99.181527206218576, 18.843700608680571 ], [ -99.181527206218576, 18.839593321074069 ], [ -99.186099679926855, 18.839593321074087 ], [ -99.186099679926855, 18.843700608680571 ] ] ] } },
{ "type": "Feature", "properties": { "difference_1990_2000": 337.0, "difference_1990_2010": 566.0, "difference_1990_2020": 665.0 }, "geometry": { "type": "Polygon", "coordinates": [ [ [ -99.186099679926855, 18.864238536521938 ], [ -99.181527206218576, 18.864238536521956 ], [ -99.181527206218576, 18.860130752218598 ], [ -99.186099679926855, 18.860130752218549 ], [ -99.186099679926855, 18.864238536521938 ] ] ] } },
{ "type": "Feature", "properties": { "difference_1990_2000": 729.0, "difference_1990_2010": 829.0, "difference_1990_2020": 650.0 }, "geometry": { "type": "Polygon", "coordinates": [ [ [ -99.186099679926855, 18.921757969100319 ], [ -99.181527206218576, 18.921757969100319 ], [ -99.181527206218576, 18.917648790297225 ], [ -99.186099679926855, 18.917648790297189 ], [ -99.186099679926855, 18.921757969100319 ] ] ] } },
{ "type": "Feature", "properties": { "difference_1990_2000": 197.0, "difference_1990_2010": 446.0, "difference_1990_2020": 594.0 }, "geometry": { "type": "Polygon", "coordinates": [ [ [ -99.186099679926855, 18.946415139102097 ], [ -99.181527206218576, 18.946415139102097 ], [ -99.181527206218576, 18.942305360962511 ], [ -99.186099679926855, 18.942305360962511 ], [ -99.186099679926855, 18.946415139102097 ] ] ] } },
{ "type": "Feature", "properties": { "difference_1990_2000": 660.0, "difference_1990_2010": 752.0, "difference_1990_2020": 666.0 }, "geometry": { "type": "Polygon", "coordinates": [ [ [ -99.176954732510296, 18.929976626191113 ], [ -99.172382258802017, 18.929976626191074 ], [ -99.172382258802017, 18.925867247722206 ], [ -99.176954732510296, 18.925867247722241 ], [ -99.176954732510296, 18.929976626191113 ] ] ] } },
{ "type": "Feature", "properties": { "difference_1990_2000": -49.0, "difference_1990_2010": 527.0, "difference_1990_2020": 879.0 }, "geometry": { "type": "Polygon", "coordinates": [ [ [ -99.176954732510296, 18.892995812091637 ], [ -99.172382258802017, 18.892995812091637 ], [ -99.172382258802017, 18.888887331229402 ], [ -99.176954732510296, 18.888887331229402 ], [ -99.176954732510296, 18.892995812091637 ] ] ] } },
{ "type": "Feature", "properties": { "difference_1990_2000": 91.0, "difference_1990_2010": 234.0, "difference_1990_2020": 379.0 }, "geometry": { "type": "Polygon", "coordinates": [ [ [ -99.176954732510296, 18.839593321074087 ], [ -99.172382258802017, 18.839593321074087 ], [ -99.172382258802017, 18.835486132722622 ], [ -99.176954732510296, 18.835486132722622 ], [ -99.176954732510296, 18.839593321074087 ] ] ] } },
{ "type": "Feature", "properties": { "difference_1990_2000": 579.0, "difference_1990_2010": 552.0, "difference_1990_2020": 437.0 }, "geometry": { "type": "Polygon", "coordinates": [ [ [ -99.176954732510296, 18.921757969100355 ], [ -99.172382258802017, 18.921757969100319 ], [ -99.172382258802017, 18.917648790297243 ], [ -99.176954732510296, 18.917648790297225 ], [ -99.176954732510296, 18.921757969100355 ] ] ] } },
{ "type": "Feature", "properties": { "difference_1990_2000": 0.0, "difference_1990_2010": 355.0, "difference_1990_2020": 398.0 }, "geometry": { "type": "Polygon", "coordinates": [ [ [ -99.176954732510296, 18.769784594830554 ], [ -99.172382258802017, 18.769784594830554 ], [ -99.172382258802017, 18.765679089513068 ], [ -99.176954732510296, 18.765679089513068 ], [ -99.176954732510296, 18.769784594830554 ] ] ] } },
{ "type": "Feature", "properties": { "difference_1990_2000": 528.0, "difference_1990_2010": 736.0, "difference_1990_2020": 853.0 }, "geometry": { "type": "Polygon", "coordinates": [ [ [ -99.176954732510296, 18.864238536521988 ], [ -99.172382258802017, 18.864238536521988 ], [ -99.172382258802017, 18.860130752218598 ], [ -99.176954732510296, 18.860130752218598 ], [ -99.176954732510296, 18.864238536521988 ] ] ] } },
{ "type": "Feature", "properties": { "difference_1990_2000": 327.0, "difference_1990_2010": 453.0, "difference_1990_2020": 560.0 }, "geometry": { "type": "Polygon", "coordinates": [ [ [ -99.176954732510296, 18.860130752218598 ], [ -99.172382258802017, 18.860130752218598 ], [ -99.172382258802017, 18.856023067310918 ], [ -99.176954732510296, 18.856023067310918 ], [ -99.176954732510296, 18.860130752218598 ] ] ] } },
{ "type": "Feature", "properties": { "difference_1990_2000": -19.0, "difference_1990_2010": 396.0, "difference_1990_2020": 703.0 }, "geometry": { "type": "Polygon", "coordinates": [ [ [ -99.176954732510296, 18.897104392574985 ], [ -99.172382258802017, 18.897104392574985 ], [ -99.172382258802017, 18.892995812091637 ], [ -99.176954732510296, 18.892995812091637 ], [ -99.176954732510296, 18.897104392574985 ] ] ] } },
{ "type": "Feature", "properties": { "difference_1990_2000": 33.0, "difference_1990_2010": 78.0, "difference_1990_2020": 117.0 }, "geometry": { "type": "Polygon", "coordinates": [ [ [ -99.176954732510296, 18.835486132722622 ], [ -99.172382258802017, 18.835486132722622 ], [ -99.172382258802017, 18.831379043597938 ], [ -99.176954732510296, 18.831379043597938 ], [ -99.176954732510296, 18.835486132722622 ] ] ] } },
{ "type": "Feature", "properties": { "difference_1990_2000": 24.0, "difference_1990_2010": 18.0, "difference_1990_2020": 26.0 }, "geometry": { "type": "Polygon", "coordinates": [ [ [ -99.176954732510296, 18.917648790297225 ], [ -99.172382258802017, 18.917648790297243 ], [ -99.172382258802017, 18.91353971128466 ], [ -99.176954732510296, 18.91353971128466 ], [ -99.176954732510296, 18.917648790297225 ] ] ] } },
{ "type": "Feature", "properties": { "difference_1990_2000": 0.0, "difference_1990_2010": 303.0, "difference_1990_2020": 353.0 }, "geometry": { "type": "Polygon", "coordinates": [ [ [ -99.176954732510296, 18.773890198925443 ], [ -99.172382258802017, 18.773890198925443 ], [ -99.172382258802017, 18.769784594830554 ], [ -99.176954732510296, 18.769784594830554 ], [ -99.176954732510296, 18.773890198925443 ] ] ] } },
{ "type": "Feature", "properties": { "difference_1990_2000": 73.0, "difference_1990_2010": -42.0, "difference_1990_2020": -64.0 }, "geometry": { "type": "Polygon", "coordinates": [ [ [ -99.176954732510296, 18.905321852518146 ], [ -99.172382258802017, 18.905321852518146 ], [ -99.172382258802017, 18.901213072707769 ], [ -99.176954732510296, 18.901213072707769 ], [ -99.176954732510296, 18.905321852518146 ] ] ] } },
{ "type": "Feature", "properties": { "difference_1990_2000": 20.0, "difference_1990_2010": 140.0, "difference_1990_2020": 109.0 }, "geometry": { "type": "Polygon", "coordinates": [ [ [ -99.176954732510296, 18.880670668255728 ], [ -99.172382258802017, 18.880670668255728 ], [ -99.172382258802017, 18.876562486087899 ], [ -99.176954732510296, 18.876562486087884 ], [ -99.176954732510296, 18.880670668255728 ] ] ] } },
{ "type": "Feature", "properties": { "difference_1990_2000": -44.0, "difference_1990_2010": 141.0, "difference_1990_2020": 396.0 }, "geometry": { "type": "Polygon", "coordinates": [ [ [ -99.176954732510296, 18.851915481770849 ], [ -99.172382258802017, 18.851915481770817 ], [ -99.172382258802017, 18.847807995570069 ], [ -99.176954732510296, 18.847807995570069 ], [ -99.176954732510296, 18.851915481770849 ] ] ] } },
{ "type": "Feature", "properties": { "difference_1990_2000": 193.0, "difference_1990_2010": 628.0, "difference_1990_2020": 820.0 }, "geometry": { "type": "Polygon", "coordinates": [ [ [ -99.176954732510296, 18.888887331229402 ], [ -99.172382258802017, 18.888887331229402 ], [ -99.172382258802017, 18.884778949960179 ], [ -99.176954732510296, 18.884778949960179 ], [ -99.176954732510296, 18.888887331229402 ] ] ] } },
{ "type": "Feature", "properties": { "difference_1990_2000": 154.0, "difference_1990_2010": 196.0, "difference_1990_2020": 224.0 }, "geometry": { "type": "Polygon", "coordinates": [ [ [ -99.176954732510296, 18.934086104535261 ], [ -99.172382258802017, 18.934086104535261 ], [ -99.172382258802017, 18.929976626191074 ], [ -99.176954732510296, 18.929976626191113 ], [ -99.176954732510296, 18.934086104535261 ] ] ] } },
{ "type": "Feature", "properties": { "difference_1990_2000": 0.0, "difference_1990_2010": 68.0, "difference_1990_2020": 79.0 }, "geometry": { "type": "Polygon", "coordinates": [ [ [ -99.176954732510296, 18.777995901825779 ], [ -99.172382258802017, 18.777995901825779 ], [ -99.172382258802017, 18.773890198925443 ], [ -99.176954732510296, 18.773890198925443 ], [ -99.176954732510296, 18.777995901825779 ] ] ] } },
{ "type": "Feature", "properties": { "difference_1990_2000": 0.0, "difference_1990_2010": 157.0, "difference_1990_2020": 173.0 }, "geometry": { "type": "Polygon", "coordinates": [ [ [ -99.176954732510296, 18.765679089513068 ], [ -99.172382258802017, 18.765679089513068 ], [ -99.172382258802017, 18.761573682944967 ], [ -99.176954732510296, 18.761573682944967 ], [ -99.176954732510296, 18.765679089513068 ] ] ] } },
{ "type": "Feature", "properties": { "difference_1990_2000": 760.0, "difference_1990_2010": 758.0, "difference_1990_2020": 709.0 }, "geometry": { "type": "Polygon", "coordinates": [ [ [ -99.176954732510296, 18.925867247722241 ], [ -99.172382258802017, 18.925867247722206 ], [ -99.172382258802017, 18.921757969100319 ], [ -99.176954732510296, 18.921757969100355 ], [ -99.176954732510296, 18.925867247722241 ] ] ] } },
{ "type": "Feature", "properties": { "difference_1990_2000": 705.0, "difference_1990_2010": 839.0, "difference_1990_2020": 954.0 }, "geometry": { "type": "Polygon", "coordinates": [ [ [ -99.176954732510296, 18.868346420249146 ], [ -99.172382258802017, 18.868346420249146 ], [ -99.172382258802017, 18.864238536521988 ], [ -99.176954732510296, 18.864238536521988 ], [ -99.176954732510296, 18.868346420249146 ] ] ] } },
{ "type": "Feature", "properties": { "difference_1990_2000": 11.0, "difference_1990_2010": 18.0, "difference_1990_2020": 28.0 }, "geometry": { "type": "Polygon", "coordinates": [ [ [ -99.176954732510296, 18.91353971128466 ], [ -99.172382258802017, 18.91353971128466 ], [ -99.172382258802017, 18.909430732034405 ], [ -99.176954732510296, 18.909430732034405 ], [ -99.176954732510296, 18.91353971128466 ] ] ] } },
{ "type": "Feature", "properties": { "difference_1990_2000": -29.0, "difference_1990_2010": 83.0, "difference_1990_2020": 176.0 }, "geometry": { "type": "Polygon", "coordinates": [ [ [ -99.176954732510296, 18.884778949960179 ], [ -99.172382258802017, 18.884778949960179 ], [ -99.172382258802017, 18.880670668255728 ], [ -99.176954732510296, 18.880670668255728 ], [ -99.176954732510296, 18.884778949960179 ] ] ] } },
{ "type": "Feature", "properties": { "difference_1990_2000": 48.0, "difference_1990_2010": 51.0, "difference_1990_2020": 84.0 }, "geometry": { "type": "Polygon", "coordinates": [ [ [ -99.176954732510296, 18.909430732034405 ], [ -99.172382258802017, 18.909430732034405 ], [ -99.172382258802017, 18.905321852518146 ], [ -99.176954732510296, 18.905321852518146 ], [ -99.176954732510296, 18.909430732034405 ] ] ] } },
{ "type": "Feature", "properties": { "difference_1990_2000": 63.0, "difference_1990_2010": 210.0, "difference_1990_2020": 319.0 }, "geometry": { "type": "Polygon", "coordinates": [ [ [ -99.176954732510296, 18.847807995570069 ], [ -99.172382258802017, 18.847807995570069 ], [ -99.172382258802017, 18.843700608680571 ], [ -99.176954732510296, 18.843700608680571 ], [ -99.176954732510296, 18.847807995570069 ] ] ] } },
{ "type": "Feature", "properties": { "difference_1990_2000": 196.0, "difference_1990_2010": 1636.0, "difference_1990_2020": 1771.0 }, "geometry": { "type": "Polygon", "coordinates": [ [ [ -99.176954732510296, 18.856023067310918 ], [ -99.172382258802017, 18.856023067310918 ], [ -99.172382258802017, 18.851915481770817 ], [ -99.176954732510296, 18.851915481770849 ], [ -99.176954732510296, 18.856023067310918 ] ] ] } },
{ "type": "Feature", "properties": { "difference_1990_2000": 495.0, "difference_1990_2010": 596.0, "difference_1990_2020": 630.0 }, "geometry": { "type": "Polygon", "coordinates": [ [ [ -99.176954732510296, 18.876562486087884 ], [ -99.172382258802017, 18.876562486087899 ], [ -99.172382258802017, 18.872454403428438 ], [ -99.176954732510296, 18.872454403428438 ], [ -99.176954732510296, 18.876562486087884 ] ] ] } },
{ "type": "Feature", "properties": { "difference_1990_2000": 303.0, "difference_1990_2010": 293.0, "difference_1990_2020": 425.0 }, "geometry": { "type": "Polygon", "coordinates": [ [ [ -99.176954732510296, 18.901213072707769 ], [ -99.172382258802017, 18.901213072707769 ], [ -99.172382258802017, 18.897104392574985 ], [ -99.176954732510296, 18.897104392574985 ], [ -99.176954732510296, 18.901213072707769 ] ] ] } },
{ "type": "Feature", "properties": { "difference_1990_2000": 828.0, "difference_1990_2010": 911.0, "difference_1990_2020": 997.0 }, "geometry": { "type": "Polygon", "coordinates": [ [ [ -99.176954732510296, 18.872454403428438 ], [ -99.172382258802017, 18.872454403428438 ], [ -99.172382258802017, 18.868346420249146 ], [ -99.176954732510296, 18.868346420249146 ], [ -99.176954732510296, 18.872454403428438 ] ] ] } },
{ "type": "Feature", "properties": { "difference_1990_2000": 103.0, "difference_1990_2010": 242.0, "difference_1990_2020": 310.0 }, "geometry": { "type": "Polygon", "coordinates": [ [ [ -99.176954732510296, 18.843700608680571 ], [ -99.172382258802017, 18.843700608680571 ], [ -99.172382258802017, 18.839593321074087 ], [ -99.176954732510296, 18.839593321074087 ], [ -99.176954732510296, 18.843700608680571 ] ] ] } },
{ "type": "Feature", "properties": { "difference_1990_2000": 0.0, "difference_1990_2010": 1.0, "difference_1990_2020": 0.0 }, "geometry": { "type": "Polygon", "coordinates": [ [ [ -98.989483310470973, 18.892995812091637 ], [ -98.984910836762694, 18.892995812091637 ], [ -98.984910836762694, 18.888887331229402 ], [ -98.989483310470973, 18.888887331229402 ], [ -98.989483310470973, 18.892995812091637 ] ] ] } },
{ "type": "Feature", "properties": { "difference_1990_2000": 2.0, "difference_1990_2010": 4.0, "difference_1990_2020": 3.0 }, "geometry": { "type": "Polygon", "coordinates": [ [ [ -98.989483310470973, 18.917648790297225 ], [ -98.984910836762694, 18.917648790297225 ], [ -98.984910836762694, 18.91353971128466 ], [ -98.989483310470973, 18.91353971128466 ], [ -98.989483310470973, 18.917648790297225 ] ] ] } },
{ "type": "Feature", "properties": { "difference_1990_2000": 9.0, "difference_1990_2010": 8.0, "difference_1990_2020": 10.0 }, "geometry": { "type": "Polygon", "coordinates": [ [ [ -98.989483310470973, 18.905321852518146 ], [ -98.984910836762694, 18.905321852518146 ], [ -98.984910836762694, 18.901213072707751 ], [ -98.989483310470973, 18.901213072707769 ], [ -98.989483310470973, 18.905321852518146 ] ] ] } },
{ "type": "Feature", "properties": { "difference_1990_2000": 47.0, "difference_1990_2010": 106.0, "difference_1990_2020": 72.0 }, "geometry": { "type": "Polygon", "coordinates": [ [ [ -98.989483310470973, 18.880670668255728 ], [ -98.984910836762694, 18.880670668255728 ], [ -98.984910836762694, 18.876562486087899 ], [ -98.989483310470973, 18.876562486087884 ], [ -98.989483310470973, 18.880670668255728 ] ] ] } },
{ "type": "Feature", "properties": { "difference_1990_2000": 39.0, "difference_1990_2010": 66.0, "difference_1990_2020": 65.0 }, "geometry": { "type": "Polygon", "coordinates": [ [ [ -98.989483310470973, 18.888887331229402 ], [ -98.984910836762694, 18.888887331229402 ], [ -98.984910836762694, 18.884778949960179 ], [ -98.989483310470973, 18.884778949960179 ], [ -98.989483310470973, 18.888887331229402 ] ] ] } },
{ "type": "Feature", "properties": { "difference_1990_2000": 2.0, "difference_1990_2010": 7.0, "difference_1990_2020": 3.0 }, "geometry": { "type": "Polygon", "coordinates": [ [ [ -98.989483310470973, 18.91353971128466 ], [ -98.984910836762694, 18.91353971128466 ], [ -98.984910836762694, 18.909430732034373 ], [ -98.989483310470973, 18.909430732034405 ], [ -98.989483310470973, 18.91353971128466 ] ] ] } },
{ "type": "Feature", "properties": { "difference_1990_2000": 48.0, "difference_1990_2010": 107.0, "difference_1990_2020": 73.0 }, "geometry": { "type": "Polygon", "coordinates": [ [ [ -98.989483310470973, 18.884778949960179 ], [ -98.984910836762694, 18.884778949960179 ], [ -98.984910836762694, 18.880670668255728 ], [ -98.989483310470973, 18.880670668255728 ], [ -98.989483310470973, 18.884778949960179 ] ] ] } },
{ "type": "Feature", "properties": { "difference_1990_2000": 46.0, "difference_1990_2010": 44.0, "difference_1990_2020": 50.0 }, "geometry": { "type": "Polygon", "coordinates": [ [ [ -98.989483310470973, 18.909430732034405 ], [ -98.984910836762694, 18.909430732034373 ], [ -98.984910836762694, 18.905321852518146 ], [ -98.989483310470973, 18.905321852518146 ], [ -98.989483310470973, 18.909430732034405 ] ] ] } },
{ "type": "Feature", "properties": { "difference_1990_2000": 5.0, "difference_1990_2010": 8.0, "difference_1990_2020": 8.0 }, "geometry": { "type": "Polygon", "coordinates": [ [ [ -98.989483310470973, 18.876562486087884 ], [ -98.984910836762694, 18.876562486087899 ], [ -98.984910836762694, 18.872454403428407 ], [ -98.989483310470973, 18.872454403428438 ], [ -98.989483310470973, 18.876562486087884 ] ] ] } },
{ "type": "Feature", "properties": { "difference_1990_2000": 827.0, "difference_1990_2010": 876.0, "difference_1990_2020": 859.0 }, "geometry": { "type": "Polygon", "coordinates": [ [ [ -99.167809785093766, 18.892995812091637 ], [ -99.163237311385487, 18.892995812091637 ], [ -99.163237311385487, 18.888887331229402 ], [ -99.167809785093766, 18.888887331229402 ], [ -99.167809785093766, 18.892995812091637 ] ] ] } },
{ "type": "Feature", "properties": { "difference_1990_2000": 32.0, "difference_1990_2010": 43.0, "difference_1990_2020": 51.0 }, "geometry": { "type": "Polygon", "coordinates": [ [ [ -99.167809785093766, 18.864238536521988 ], [ -99.163237311385487, 18.864238536521988 ], [ -99.163237311385487, 18.860130752218598 ], [ -99.167809785093766, 18.860130752218598 ], [ -99.167809785093766, 18.864238536521988 ] ] ] } },
{ "type": "Feature", "properties": { "difference_1990_2000": 856.0, "difference_1990_2010": 931.0, "difference_1990_2020": 966.0 }, "geometry": { "type": "Polygon", "coordinates": [ [ [ -99.167809785093766, 18.897104392574974 ], [ -99.163237311385487, 18.897104392574974 ], [ -99.163237311385487, 18.892995812091637 ], [ -99.167809785093766, 18.892995812091637 ], [ -99.167809785093766, 18.897104392574974 ] ] ] } },
{ "type": "Feature", "properties": { "difference_1990_2000": -1282.0, "difference_1990_2010": -1497.0, "difference_1990_2020": -1547.0 }, "geometry": { "type": "Polygon", "coordinates": [ [ [ -99.167809785093766, 18.917648790297225 ], [ -99.163237311385487, 18.917648790297225 ], [ -99.163237311385487, 18.91353971128466 ], [ -99.167809785093766, 18.91353971128466 ], [ -99.167809785093766, 18.917648790297225 ] ] ] } },
{ "type": "Feature", "properties": { "difference_1990_2000": 2.0, "difference_1990_2010": 2.0, "difference_1990_2020": 3.0 }, "geometry": { "type": "Polygon", "coordinates": [ [ [ -99.167809785093766, 18.851915481770799 ], [ -99.163237311385487, 18.851915481770849 ], [ -99.163237311385487, 18.847807995570069 ], [ -99.167809785093766, 18.847807995570069 ], [ -99.167809785093766, 18.851915481770799 ] ] ] } },
{ "type": "Feature", "properties": { "difference_1990_2000": 580.0, "difference_1990_2010": 628.0, "difference_1990_2020": 716.0 }, "geometry": { "type": "Polygon", "coordinates": [ [ [ -99.167809785093766, 18.905321852518146 ], [ -99.163237311385487, 18.905321852518114 ], [ -99.163237311385487, 18.901213072707769 ], [ -99.167809785093766, 18.901213072707769 ], [ -99.167809785093766, 18.905321852518146 ] ] ] } },
{ "type": "Feature", "properties": { "difference_1990_2000": 73.0, "difference_1990_2010": 97.0, "difference_1990_2020": 157.0 }, "geometry": { "type": "Polygon", "coordinates": [ [ [ -99.167809785093766, 18.880670668255728 ], [ -99.163237311385487, 18.880670668255728 ], [ -99.163237311385487, 18.876562486087884 ], [ -99.167809785093766, 18.876562486087884 ], [ -99.167809785093766, 18.880670668255728 ] ] ] } },
{ "type": "Feature", "properties": { "difference_1990_2000": 1354.0, "difference_1990_2010": 1083.0, "difference_1990_2020": 997.0 }, "geometry": { "type": "Polygon", "coordinates": [ [ [ -99.167809785093766, 18.925867247722184 ], [ -99.163237311385487, 18.925867247722241 ], [ -99.163237311385487, 18.921757969100355 ], [ -99.167809785093766, 18.921757969100319 ], [ -99.167809785093766, 18.925867247722184 ] ] ] } },
{ "type": "Feature", "properties": { "difference_1990_2000": 1307.0, "difference_1990_2010": 1275.0, "difference_1990_2020": 1257.0 }, "geometry": { "type": "Polygon", "coordinates": [ [ [ -99.167809785093766, 18.888887331229402 ], [ -99.163237311385487, 18.888887331229402 ], [ -99.163237311385487, 18.884778949960179 ], [ -99.167809785093766, 18.884778949960179 ], [ -99.167809785093766, 18.888887331229402 ] ] ] } },
{ "type": "Feature", "properties": { "difference_1990_2000": 164.0, "difference_1990_2010": 224.0, "difference_1990_2020": 267.0 }, "geometry": { "type": "Polygon", "coordinates": [ [ [ -99.167809785093766, 18.868346420249129 ], [ -99.163237311385487, 18.868346420249146 ], [ -99.163237311385487, 18.864238536521988 ], [ -99.167809785093766, 18.864238536521988 ], [ -99.167809785093766, 18.868346420249129 ] ] ] } },
{ "type": "Feature", "properties": { "difference_1990_2000": 539.0, "difference_1990_2010": 629.0, "difference_1990_2020": 681.0 }, "geometry": { "type": "Polygon", "coordinates": [ [ [ -99.167809785093766, 18.91353971128466 ], [ -99.163237311385487, 18.91353971128466 ], [ -99.163237311385487, 18.909430732034405 ], [ -99.167809785093766, 18.909430732034373 ], [ -99.167809785093766, 18.91353971128466 ] ] ] } },
{ "type": "Feature", "properties": { "difference_1990_2000": 682.0, "difference_1990_2010": 750.0, "difference_1990_2020": 874.0 }, "geometry": { "type": "Polygon", "coordinates": [ [ [ -99.167809785093766, 18.909430732034373 ], [ -99.163237311385487, 18.909430732034405 ], [ -99.163237311385487, 18.905321852518114 ], [ -99.167809785093766, 18.905321852518146 ], [ -99.167809785093766, 18.909430732034373 ] ] ] } },
{ "type": "Feature", "properties": { "difference_1990_2000": 51.0, "difference_1990_2010": 109.0, "difference_1990_2020": 208.0 }, "geometry": { "type": "Polygon", "coordinates": [ [ [ -99.167809785093766, 18.884778949960179 ], [ -99.163237311385487, 18.884778949960179 ], [ -99.163237311385487, 18.880670668255728 ], [ -99.167809785093766, 18.880670668255728 ], [ -99.167809785093766, 18.884778949960179 ] ] ] } },
{ "type": "Feature", "properties": { "difference_1990_2000": 21.0, "difference_1990_2010": 29.0, "difference_1990_2020": 41.0 }, "geometry": { "type": "Polygon", "coordinates": [ [ [ -99.167809785093766, 18.847807995570069 ], [ -99.163237311385487, 18.847807995570069 ], [ -99.163237311385487, 18.843700608680571 ], [ -99.167809785093766, 18.843700608680571 ], [ -99.167809785093766, 18.847807995570069 ] ] ] } },
{ "type": "Feature", "properties": { "difference_1990_2000": 384.0, "difference_1990_2010": 380.0, "difference_1990_2020": 344.0 }, "geometry": { "type": "Polygon", "coordinates": [ [ [ -99.167809785093766, 18.901213072707769 ], [ -99.163237311385487, 18.901213072707769 ], [ -99.163237311385487, 18.897104392574974 ], [ -99.167809785093766, 18.897104392574974 ], [ -99.167809785093766, 18.901213072707769 ] ] ] } },
{ "type": "Feature", "properties": { "difference_1990_2000": 79.0, "difference_1990_2010": 108.0, "difference_1990_2020": 128.0 }, "geometry": { "type": "Polygon", "coordinates": [ [ [ -99.167809785093766, 18.872454403428438 ], [ -99.163237311385487, 18.872454403428438 ], [ -99.163237311385487, 18.868346420249146 ], [ -99.167809785093766, 18.868346420249129 ], [ -99.167809785093766, 18.872454403428438 ] ] ] } },
{ "type": "Feature", "properties": { "difference_1990_2000": -577.0, "difference_1990_2010": -953.0, "difference_1990_2020": -958.0 }, "geometry": { "type": "Polygon", "coordinates": [ [ [ -99.167809785093766, 18.921757969100319 ], [ -99.163237311385487, 18.921757969100355 ], [ -99.163237311385487, 18.917648790297225 ], [ -99.167809785093766, 18.917648790297225 ], [ -99.167809785093766, 18.921757969100319 ] ] ] } },
{ "type": "Feature", "properties": { "difference_1990_2000": 116.0, "difference_1990_2010": 109.0, "difference_1990_2020": 125.0 }, "geometry": { "type": "Polygon", "coordinates": [ [ [ -98.980338363054415, 18.892995812091637 ], [ -98.975765889346135, 18.892995812091637 ], [ -98.975765889346135, 18.888887331229402 ], [ -98.980338363054415, 18.888887331229402 ], [ -98.980338363054415, 18.892995812091637 ] ] ] } },
{ "type": "Feature", "properties": { "difference_1990_2000": 101.0, "difference_1990_2010": 175.0, "difference_1990_2020": 158.0 }, "geometry": { "type": "Polygon", "coordinates": [ [ [ -98.980338363054415, 18.921757969100355 ], [ -98.975765889346135, 18.921757969100319 ], [ -98.975765889346135, 18.917648790297225 ], [ -98.980338363054415, 18.917648790297225 ], [ -98.980338363054415, 18.921757969100355 ] ] ] } },
{ "type": "Feature", "properties": { "difference_1990_2000": 109.0, "difference_1990_2010": 91.0, "difference_1990_2020": 98.0 }, "geometry": { "type": "Polygon", "coordinates": [ [ [ -98.980338363054415, 18.897104392574974 ], [ -98.975765889346135, 18.897104392574974 ], [ -98.975765889346135, 18.892995812091637 ], [ -98.980338363054415, 18.892995812091637 ], [ -98.980338363054415, 18.897104392574974 ] ] ] } },
{ "type": "Feature", "properties": { "difference_1990_2000": 192.0, "difference_1990_2010": 243.0, "difference_1990_2020": 233.0 }, "geometry": { "type": "Polygon", "coordinates": [ [ [ -98.980338363054415, 18.917648790297225 ], [ -98.975765889346135, 18.917648790297225 ], [ -98.975765889346135, 18.91353971128466 ], [ -98.980338363054415, 18.91353971128466 ], [ -98.980338363054415, 18.917648790297225 ] ] ] } },
{ "type": "Feature", "properties": { "difference_1990_2000": 42.0, "difference_1990_2010": 34.0, "difference_1990_2020": 45.0 }, "geometry": { "type": "Polygon", "coordinates": [ [ [ -98.980338363054415, 18.905321852518146 ], [ -98.975765889346135, 18.905321852518146 ], [ -98.975765889346135, 18.901213072707769 ], [ -98.980338363054415, 18.901213072707751 ], [ -98.980338363054415, 18.905321852518146 ] ] ] } },
{ "type": "Feature", "properties": { "difference_1990_2000": 47.0, "difference_1990_2010": 96.0, "difference_1990_2020": 72.0 }, "geometry": { "type": "Polygon", "coordinates": [ [ [ -98.980338363054415, 18.880670668255728 ], [ -98.975765889346135, 18.880670668255728 ], [ -98.975765889346135, 18.876562486087884 ], [ -98.980338363054415, 18.876562486087884 ], [ -98.980338363054415, 18.880670668255728 ] ] ] } },
{ "type": "Feature", "properties": { "difference_1990_2000": 140.0, "difference_1990_2010": 143.0, "difference_1990_2020": 179.0 }, "geometry": { "type": "Polygon", "coordinates": [ [ [ -98.980338363054415, 18.888887331229402 ], [ -98.975765889346135, 18.888887331229402 ], [ -98.975765889346135, 18.884778949960179 ], [ -98.980338363054415, 18.884778949960179 ], [ -98.980338363054415, 18.888887331229402 ] ] ] } },
{ "type": "Feature", "properties": { "difference_1990_2000": 0.0, "difference_1990_2010": 123.0, "difference_1990_2020": 131.0 }, "geometry": { "type": "Polygon", "coordinates": [ [ [ -98.980338363054415, 18.925867247722206 ], [ -98.975765889346135, 18.925867247722206 ], [ -98.975765889346135, 18.921757969100319 ], [ -98.980338363054415, 18.921757969100355 ], [ -98.980338363054415, 18.925867247722206 ] ] ] } },
{ "type": "Feature", "properties": { "difference_1990_2000": 115.0, "difference_1990_2010": 156.0, "difference_1990_2020": 150.0 }, "geometry": { "type": "Polygon", "coordinates": [ [ [ -98.980338363054415, 18.91353971128466 ], [ -98.975765889346135, 18.91353971128466 ], [ -98.975765889346135, 18.909430732034373 ], [ -98.980338363054415, 18.909430732034373 ], [ -98.980338363054415, 18.91353971128466 ] ] ] } },
{ "type": "Feature", "properties": { "difference_1990_2000": 51.0, "difference_1990_2010": 46.0, "difference_1990_2020": 56.0 }, "geometry": { "type": "Polygon", "coordinates": [ [ [ -98.980338363054415, 18.909430732034373 ], [ -98.975765889346135, 18.909430732034373 ], [ -98.975765889346135, 18.905321852518146 ], [ -98.980338363054415, 18.905321852518146 ], [ -98.980338363054415, 18.909430732034373 ] ] ] } },
{ "type": "Feature", "properties": { "difference_1990_2000": 67.0, "difference_1990_2010": 76.0, "difference_1990_2020": 104.0 }, "geometry": { "type": "Polygon", "coordinates": [ [ [ -98.980338363054415, 18.884778949960179 ], [ -98.975765889346135, 18.884778949960179 ], [ -98.975765889346135, 18.880670668255728 ], [ -98.980338363054415, 18.880670668255728 ], [ -98.980338363054415, 18.884778949960179 ] ] ] } },
{ "type": "Feature", "properties": { "difference_1990_2000": 24.0, "difference_1990_2010": 26.0, "difference_1990_2020": 31.0 }, "geometry": { "type": "Polygon", "coordinates": [ [ [ -98.980338363054415, 18.876562486087884 ], [ -98.975765889346135, 18.876562486087884 ], [ -98.975765889346135, 18.872454403428407 ], [ -98.980338363054415, 18.872454403428407 ], [ -98.980338363054415, 18.876562486087884 ] ] ] } },
{ "type": "Feature", "properties": { "difference_1990_2000": 29.0, "difference_1990_2010": 21.0, "difference_1990_2020": 24.0 }, "geometry": { "type": "Polygon", "coordinates": [ [ [ -98.980338363054415, 18.901213072707751 ], [ -98.975765889346135, 18.901213072707769 ], [ -98.975765889346135, 18.897104392574974 ], [ -98.980338363054415, 18.897104392574974 ], [ -98.980338363054415, 18.901213072707751 ] ] ] } },
{ "type": "Feature", "properties": { "difference_1990_2000": 0.0, "difference_1990_2010": 0.0, "difference_1990_2020": 60.0 }, "geometry": { "type": "Polygon", "coordinates": [ [ [ -99.346136259716545, 18.728733982014187 ], [ -99.341563786008237, 18.728733982014216 ], [ -99.341563786008237, 18.724629462929439 ], [ -99.346136259716545, 18.724629462929439 ], [ -99.346136259716545, 18.728733982014187 ] ] ] } },
{ "type": "Feature", "properties": { "difference_1990_2000": 511.0, "difference_1990_2010": 1029.0, "difference_1990_2020": 1344.0 }, "geometry": { "type": "Polygon", "coordinates": [ [ [ -99.158664837677193, 18.892995812091637 ], [ -99.154092363968914, 18.892995812091637 ], [ -99.154092363968914, 18.888887331229387 ], [ -99.158664837677193, 18.888887331229402 ], [ -99.158664837677193, 18.892995812091637 ] ] ] } },
{ "type": "Feature", "properties": { "difference_1990_2000": 470.0, "difference_1990_2010": 776.0, "difference_1990_2020": 1044.0 }, "geometry": { "type": "Polygon", "coordinates": [ [ [ -99.158664837677193, 18.897104392574938 ], [ -99.154092363968914, 18.897104392574974 ], [ -99.154092363968914, 18.892995812091637 ], [ -99.158664837677193, 18.892995812091637 ], [ -99.158664837677193, 18.897104392574938 ] ] ] } },
{ "type": "Feature", "properties": { "difference_1990_2000": 4.0, "difference_1990_2010": -1.0, "difference_1990_2020": 15.0 }, "geometry": { "type": "Polygon", "coordinates": [ [ [ -99.158664837677193, 18.979296966176022 ], [ -99.154092363968914, 18.979296966176047 ], [ -99.154092363968914, 18.975186387337398 ], [ -99.158664837677193, 18.975186387337384 ], [ -99.158664837677193, 18.979296966176022 ] ] ] } },
{ "type": "Feature", "properties": { "difference_1990_2000": 3.0, "difference_1990_2010": 0.0, "difference_1990_2020": 14.0 }, "geometry": { "type": "Polygon", "coordinates": [ [ [ -99.158664837677193, 18.975186387337384 ], [ -99.154092363968914, 18.975186387337398 ], [ -99.154092363968914, 18.971075908685133 ], [ -99.158664837677193, 18.971075908685147 ], [ -99.158664837677193, 18.975186387337384 ] ] ] } },
{ "type": "Feature", "properties": { "difference_1990_2000": 719.0, "difference_1990_2010": 823.0, "difference_1990_2020": 882.0 }, "geometry": { "type": "Polygon", "coordinates": [ [ [ -99.158664837677193, 18.917648790297243 ], [ -99.154092363968914, 18.917648790297189 ], [ -99.154092363968914, 18.91353971128466 ], [ -99.158664837677193, 18.91353971128466 ], [ -99.158664837677193, 18.917648790297243 ] ] ] } },
{ "type": "Feature", "properties": { "difference_1990_2000": 1066.0, "difference_1990_2010": 1487.0, "difference_1990_2020": 1820.0 }, "geometry": { "type": "Polygon", "coordinates": [ [ [ -99.158664837677193, 18.905321852518146 ], [ -99.154092363968914, 18.905321852518146 ], [ -99.154092363968914, 18.901213072707769 ], [ -99.158664837677193, 18.901213072707769 ], [ -99.158664837677193, 18.905321852518146 ] ] ] } },
{ "type": "Feature", "properties": { "difference_1990_2000": 12.0, "difference_1990_2010": 14.0, "difference_1990_2020": 28.0 }, "geometry": { "type": "Polygon", "coordinates": [ [ [ -99.158664837677193, 18.880670668255728 ], [ -99.154092363968914, 18.880670668255728 ], [ -99.154092363968914, 18.876562486087884 ], [ -99.158664837677193, 18.876562486087884 ], [ -99.158664837677193, 18.880670668255728 ] ] ] } },
{ "type": "Feature", "properties": { "difference_1990_2000": 264.0, "difference_1990_2010": 424.0, "difference_1990_2020": 514.0 }, "geometry": { "type": "Polygon", "coordinates": [ [ [ -99.158664837677193, 18.888887331229402 ], [ -99.154092363968914, 18.888887331229387 ], [ -99.154092363968914, 18.884778949960179 ], [ -99.158664837677193, 18.884778949960179 ], [ -99.158664837677193, 18.888887331229402 ] ] ] } },
{ "type": "Feature", "properties": { "difference_1990_2000": 2189.0, "difference_1990_2010": 2625.0, "difference_1990_2020": 2874.0 }, "geometry": { "type": "Polygon", "coordinates": [ [ [ -99.158664837677193, 18.91353971128466 ], [ -99.154092363968914, 18.91353971128466 ], [ -99.154092363968914, 18.909430732034405 ], [ -99.158664837677193, 18.909430732034373 ], [ -99.158664837677193, 18.91353971128466 ] ] ] } },
{ "type": "Feature", "properties": { "difference_1990_2000": 1700.0, "difference_1990_2010": 2237.0, "difference_1990_2020": 2792.0 }, "geometry": { "type": "Polygon", "coordinates": [ [ [ -99.158664837677193, 18.909430732034373 ], [ -99.154092363968914, 18.909430732034405 ], [ -99.154092363968914, 18.905321852518146 ], [ -99.158664837677193, 18.905321852518146 ], [ -99.158664837677193, 18.909430732034373 ] ] ] } },
{ "type": "Feature", "properties": { "difference_1990_2000": 65.0, "difference_1990_2010": 79.0, "difference_1990_2020": 156.0 }, "geometry": { "type": "Polygon", "coordinates": [ [ [ -99.158664837677193, 18.884778949960179 ], [ -99.154092363968914, 18.884778949960179 ], [ -99.154092363968914, 18.880670668255728 ], [ -99.158664837677193, 18.880670668255728 ], [ -99.158664837677193, 18.884778949960179 ] ] ] } },
{ "type": "Feature", "properties": { "difference_1990_2000": 788.0, "difference_1990_2010": 1196.0, "difference_1990_2020": 1332.0 }, "geometry": { "type": "Polygon", "coordinates": [ [ [ -99.158664837677193, 18.901213072707769 ], [ -99.154092363968914, 18.901213072707769 ], [ -99.154092363968914, 18.897104392574974 ], [ -99.158664837677193, 18.897104392574938 ], [ -99.158664837677193, 18.901213072707769 ] ] ] } },
{ "type": "Feature", "properties": { "difference_1990_2000": 32.0, "difference_1990_2010": 39.0, "difference_1990_2020": 39.0 }, "geometry": { "type": "Polygon", "coordinates": [ [ [ -99.158664837677193, 18.921757969100319 ], [ -99.154092363968914, 18.921757969100319 ], [ -99.154092363968914, 18.917648790297189 ], [ -99.158664837677193, 18.917648790297243 ], [ -99.158664837677193, 18.921757969100319 ] ] ] } },
{ "type": "Feature", "properties": { "difference_1990_2000": 0.0, "difference_1990_2010": 0.0, "difference_1990_2020": 196.0 }, "geometry": { "type": "Polygon", "coordinates": [ [ [ -99.336991312299958, 18.732838599596199 ], [ -99.332418838591707, 18.732838599596164 ], [ -99.332418838591707, 18.728733982014187 ], [ -99.336991312299958, 18.728733982014216 ], [ -99.336991312299958, 18.732838599596199 ] ] ] } },
{ "type": "Feature", "properties": { "difference_1990_2000": 0.0, "difference_1990_2010": 0.0, "difference_1990_2020": 511.0 }, "geometry": { "type": "Polygon", "coordinates": [ [ [ -99.336991312299958, 18.728733982014216 ], [ -99.332418838591707, 18.728733982014187 ], [ -99.332418838591707, 18.724629462929403 ], [ -99.336991312299958, 18.724629462929439 ], [ -99.336991312299958, 18.728733982014216 ] ] ] } },
{ "type": "Feature", "properties": { "difference_1990_2000": 0.0, "difference_1990_2010": 0.0, "difference_1990_2020": 38.0 }, "geometry": { "type": "Polygon", "coordinates": [ [ [ -99.336991312299958, 18.736943315703392 ], [ -99.332418838591707, 18.736943315703392 ], [ -99.332418838591707, 18.732838599596164 ], [ -99.336991312299958, 18.732838599596199 ], [ -99.336991312299958, 18.736943315703392 ] ] ] } },
{ "type": "Feature", "properties": { "difference_1990_2000": 0.0, "difference_1990_2010": 0.0, "difference_1990_2020": 266.0 }, "geometry": { "type": "Polygon", "coordinates": [ [ [ -99.336991312299958, 18.724629462929439 ], [ -99.332418838591707, 18.724629462929403 ], [ -99.332418838591707, 18.720525042313966 ], [ -99.336991312299958, 18.720525042313966 ], [ -99.336991312299958, 18.724629462929439 ] ] ] } },
{ "type": "Feature", "properties": { "difference_1990_2000": 4.0, "difference_1990_2010": 6.0, "difference_1990_2020": 4.0 }, "geometry": { "type": "Polygon", "coordinates": [ [ [ -98.971193415637856, 18.929976626191113 ], [ -98.966620941929605, 18.929976626191074 ], [ -98.966620941929605, 18.925867247722184 ], [ -98.971193415637856, 18.925867247722206 ], [ -98.971193415637856, 18.929976626191113 ] ] ] } },
{ "type": "Feature", "properties": { "difference_1990_2000": 43.0, "difference_1990_2010": 75.0, "difference_1990_2020": 116.0 }, "geometry": { "type": "Polygon", "coordinates": [ [ [ -98.971193415637856, 18.892995812091637 ], [ -98.966620941929605, 18.892995812091637 ], [ -98.966620941929605, 18.888887331229402 ], [ -98.971193415637856, 18.888887331229402 ], [ -98.971193415637856, 18.892995812091637 ] ] ] } },
{ "type": "Feature", "properties": { "difference_1990_2000": 17.0, "difference_1990_2010": 23.0, "difference_1990_2020": 35.0 }, "geometry": { "type": "Polygon", "coordinates": [ [ [ -98.971193415637856, 18.897104392574974 ], [ -98.966620941929605, 18.897104392574974 ], [ -98.966620941929605, 18.892995812091637 ], [ -98.971193415637856, 18.892995812091637 ], [ -98.971193415637856, 18.897104392574974 ] ] ] } },
{ "type": "Feature", "properties": { "difference_1990_2000": 61.0, "difference_1990_2010": 56.0, "difference_1990_2020": 71.0 }, "geometry": { "type": "Polygon", "coordinates": [ [ [ -98.971193415637856, 18.917648790297225 ], [ -98.966620941929605, 18.917648790297225 ], [ -98.966620941929605, 18.91353971128466 ], [ -98.971193415637856, 18.91353971128466 ], [ -98.971193415637856, 18.917648790297225 ] ] ] } },
{ "type": "Feature", "properties": { "difference_1990_2000": 14.0, "difference_1990_2010": 11.0, "difference_1990_2020": 7.0 }, "geometry": { "type": "Polygon", "coordinates": [ [ [ -98.971193415637856, 18.905321852518146 ], [ -98.966620941929605, 18.905321852518163 ], [ -98.966620941929605, 18.901213072707769 ], [ -98.971193415637856, 18.901213072707769 ], [ -98.971193415637856, 18.905321852518146 ] ] ] } },
{ "type": "Feature", "properties": { "difference_1990_2000": 0.0, "difference_1990_2010": 0.0, "difference_1990_2020": 1.0 }, "geometry": { "type": "Polygon", "coordinates": [ [ [ -98.971193415637856, 18.880670668255728 ], [ -98.966620941929605, 18.880670668255728 ], [ -98.966620941929605, 18.876562486087899 ], [ -98.971193415637856, 18.876562486087899 ], [ -98.971193415637856, 18.880670668255728 ] ] ] } },
{ "type": "Feature", "properties": { "difference_1990_2000": 81.0, "difference_1990_2010": 125.0, "difference_1990_2020": 177.0 }, "geometry": { "type": "Polygon", "coordinates": [ [ [ -98.971193415637856, 18.888887331229402 ], [ -98.966620941929605, 18.888887331229402 ], [ -98.966620941929605, 18.884778949960179 ], [ -98.971193415637856, 18.884778949960179 ], [ -98.971193415637856, 18.888887331229402 ] ] ] } },
{ "type": "Feature", "properties": { "difference_1990_2000": 32.0, "difference_1990_2010": 44.0, "difference_1990_2020": 27.0 }, "geometry": { "type": "Polygon", "coordinates": [ [ [ -98.971193415637856, 18.925867247722206 ], [ -98.966620941929605, 18.925867247722184 ], [ -98.966620941929605, 18.921757969100295 ], [ -98.971193415637856, 18.921757969100319 ], [ -98.971193415637856, 18.925867247722206 ] ] ] } },
{ "type": "Feature", "properties": { "difference_1990_2000": 28.0, "difference_1990_2010": 36.0, "difference_1990_2020": 60.0 }, "geometry": { "type": "Polygon", "coordinates": [ [ [ -98.971193415637856, 18.91353971128466 ], [ -98.966620941929605, 18.91353971128466 ], [ -98.966620941929605, 18.909430732034405 ], [ -98.971193415637856, 18.909430732034405 ], [ -98.971193415637856, 18.91353971128466 ] ] ] } },
{ "type": "Feature", "properties": { "difference_1990_2000": 121.0, "difference_1990_2010": 151.0, "difference_1990_2020": 179.0 }, "geometry": { "type": "Polygon", "coordinates": [ [ [ -98.971193415637856, 18.884778949960179 ], [ -98.966620941929605, 18.884778949960179 ], [ -98.966620941929605, 18.880670668255728 ], [ -98.971193415637856, 18.880670668255728 ], [ -98.971193415637856, 18.884778949960179 ] ] ] } },
{ "type": "Feature", "properties": { "difference_1990_2000": 26.0, "difference_1990_2010": 24.0, "difference_1990_2020": 12.0 }, "geometry": { "type": "Polygon", "coordinates": [ [ [ -98.971193415637856, 18.909430732034405 ], [ -98.966620941929605, 18.909430732034405 ], [ -98.966620941929605, 18.905321852518163 ], [ -98.971193415637856, 18.905321852518146 ], [ -98.971193415637856, 18.909430732034405 ] ] ] } },
{ "type": "Feature", "properties": { "difference_1990_2000": 5.0, "difference_1990_2010": 2.0, "difference_1990_2020": 6.0 }, "geometry": { "type": "Polygon", "coordinates": [ [ [ -98.971193415637856, 18.901213072707769 ], [ -98.966620941929605, 18.901213072707769 ], [ -98.966620941929605, 18.897104392574974 ], [ -98.971193415637856, 18.897104392574974 ], [ -98.971193415637856, 18.901213072707769 ] ] ] } },
{ "type": "Feature", "properties": { "difference_1990_2000": 55.0, "difference_1990_2010": 67.0, "difference_1990_2020": 47.0 }, "geometry": { "type": "Polygon", "coordinates": [ [ [ -98.971193415637856, 18.921757969100319 ], [ -98.966620941929605, 18.921757969100295 ], [ -98.966620941929605, 18.917648790297225 ], [ -98.971193415637856, 18.917648790297225 ], [ -98.971193415637856, 18.921757969100319 ] ] ] } },
{ "type": "Feature", "properties": { "difference_1990_2000": 78.0, "difference_1990_2010": 160.0, "difference_1990_2020": 282.0 }, "geometry": { "type": "Polygon", "coordinates": [ [ [ -99.149519890260635, 18.892995812091637 ], [ -99.144947416552355, 18.892995812091648 ], [ -99.144947416552355, 18.888887331229402 ], [ -99.149519890260635, 18.888887331229387 ], [ -99.149519890260635, 18.892995812091637 ] ] ] } },
{ "type": "Feature", "properties": { "difference_1990_2000": 86.0, "difference_1990_2010": 132.0, "difference_1990_2020": 229.0 }, "geometry": { "type": "Polygon", "coordinates": [ [ [ -99.149519890260635, 18.979296966176022 ], [ -99.144947416552355, 18.979296966176047 ], [ -99.144947416552355, 18.975186387337398 ], [ -99.149519890260635, 18.975186387337384 ], [ -99.149519890260635, 18.979296966176022 ] ] ] } },
{ "type": "Feature", "properties": { "difference_1990_2000": 55.0, "difference_1990_2010": 118.0, "difference_1990_2020": 168.0 }, "geometry": { "type": "Polygon", "coordinates": [ [ [ -99.149519890260635, 18.975186387337384 ], [ -99.144947416552355, 18.975186387337398 ], [ -99.144947416552355, 18.971075908685183 ], [ -99.149519890260635, 18.971075908685147 ], [ -99.149519890260635, 18.975186387337384 ] ] ] } },
{ "type": "Feature", "properties": { "difference_1990_2000": 101.0, "difference_1990_2010": 129.0, "difference_1990_2020": 234.0 }, "geometry": { "type": "Polygon", "coordinates": [ [ [ -99.149519890260635, 18.880670668255728 ], [ -99.144947416552355, 18.880670668255728 ], [ -99.144947416552355, 18.876562486087884 ], [ -99.149519890260635, 18.876562486087884 ], [ -99.149519890260635, 18.880670668255728 ] ] ] } },
{ "type": "Feature", "properties": { "difference_1990_2000": 67.0, "difference_1990_2010": 108.0, "difference_1990_2020": 164.0 }, "geometry": { "type": "Polygon", "coordinates": [ [ [ -99.149519890260635, 18.971075908685147 ], [ -99.144947416552355, 18.971075908685183 ], [ -99.144947416552355, 18.966965530191164 ], [ -99.149519890260635, 18.966965530191111 ], [ -99.149519890260635, 18.971075908685147 ] ] ] } },
{ "type": "Feature", "properties": { "difference_1990_2000": 128.0, "difference_1990_2010": 263.0, "difference_1990_2020": 470.0 }, "geometry": { "type": "Polygon", "coordinates": [ [ [ -99.149519890260635, 18.888887331229387 ], [ -99.144947416552355, 18.888887331229402 ], [ -99.144947416552355, 18.884778949960179 ], [ -99.149519890260635, 18.88477894996014 ], [ -99.149519890260635, 18.888887331229387 ] ] ] } },
{ "type": "Feature", "properties": { "difference_1990_2000": 34.0, "difference_1990_2010": 52.0, "difference_1990_2020": 91.0 }, "geometry": { "type": "Polygon", "coordinates": [ [ [ -99.149519890260635, 18.983407645229434 ], [ -99.144947416552355, 18.983407645229434 ], [ -99.144947416552355, 18.979296966176047 ], [ -99.149519890260635, 18.979296966176022 ], [ -99.149519890260635, 18.983407645229434 ] ] ] } },
{ "type": "Feature", "properties": { "difference_1990_2000": 106.0, "difference_1990_2010": 180.0, "difference_1990_2020": 322.0 }, "geometry": { "type": "Polygon", "coordinates": [ [ [ -99.149519890260635, 18.88477894996014 ], [ -99.144947416552355, 18.884778949960179 ], [ -99.144947416552355, 18.880670668255728 ], [ -99.149519890260635, 18.880670668255728 ], [ -99.149519890260635, 18.88477894996014 ] ] ] } },
{ "type": "Feature", "properties": { "difference_1990_2000": 33.0, "difference_1990_2010": 69.0, "difference_1990_2020": 59.0 }, "geometry": { "type": "Polygon", "coordinates": [ [ [ -99.149519890260635, 18.966965530191111 ], [ -99.144947416552355, 18.966965530191164 ], [ -99.144947416552355, 18.962855251826841 ], [ -99.149519890260635, 18.962855251826873 ], [ -99.149519890260635, 18.966965530191111 ] ] ] } },
{ "type": "Feature", "properties": { "difference_1990_2000": 243.0, "difference_1990_2010": 390.0, "difference_1990_2020": 377.0 }, "geometry": { "type": "Polygon", "coordinates": [ [ [ -99.149519890260635, 18.876562486087884 ], [ -99.144947416552355, 18.876562486087884 ], [ -99.144947416552355, 18.872454403428407 ], [ -99.149519890260635, 18.872454403428407 ], [ -99.149519890260635, 18.876562486087884 ] ] ] } },
{ "type": "Feature", "properties": { "difference_1990_2000": 237.0, "difference_1990_2010": 308.0, "difference_1990_2020": 389.0 }, "geometry": { "type": "Polygon", "coordinates": [ [ [ -99.149519890260635, 18.872454403428407 ], [ -99.144947416552355, 18.872454403428438 ], [ -99.144947416552355, 18.868346420249146 ], [ -99.149519890260635, 18.868346420249146 ], [ -99.149519890260635, 18.872454403428407 ] ] ] } },
{ "type": "Feature", "properties": { "difference_1990_2000": 3.0, "difference_1990_2010": 7.0, "difference_1990_2020": 12.0 }, "geometry": { "type": "Polygon", "coordinates": [ [ [ -98.962048468221326, 18.892995812091637 ], [ -98.957475994513047, 18.892995812091637 ], [ -98.957475994513047, 18.888887331229402 ], [ -98.962048468221326, 18.888887331229387 ], [ -98.962048468221326, 18.892995812091637 ] ] ] } },
{ "type": "Feature", "properties": { "difference_1990_2000": 28.0, "difference_1990_2010": 40.0, "difference_1990_2020": 73.0 }, "geometry": { "type": "Polygon", "coordinates": [ [ [ -98.962048468221326, 18.917648790297225 ], [ -98.957475994513047, 18.917648790297243 ], [ -98.957475994513047, 18.91353971128466 ], [ -98.962048468221326, 18.91353971128466 ], [ -98.962048468221326, 18.917648790297225 ] ] ] } },
{ "type": "Feature", "properties": { "difference_1990_2000": 7.0, "difference_1990_2010": 1.0, "difference_1990_2020": 0.0 }, "geometry": { "type": "Polygon", "coordinates": [ [ [ -98.962048468221326, 18.905321852518146 ], [ -98.957475994513047, 18.905321852518163 ], [ -98.957475994513047, 18.901213072707769 ], [ -98.962048468221326, 18.901213072707751 ], [ -98.962048468221326, 18.905321852518146 ] ] ] } },
{ "type": "Feature", "properties": { "difference_1990_2000": 10.0, "difference_1990_2010": 29.0, "difference_1990_2020": 49.0 }, "geometry": { "type": "Polygon", "coordinates": [ [ [ -98.962048468221326, 18.888887331229387 ], [ -98.957475994513047, 18.888887331229402 ], [ -98.957475994513047, 18.884778949960179 ], [ -98.962048468221326, 18.884778949960179 ], [ -98.962048468221326, 18.888887331229387 ] ] ] } },
{ "type": "Feature", "properties": { "difference_1990_2000": 21.0, "difference_1990_2010": 20.0, "difference_1990_2020": 19.0 }, "geometry": { "type": "Polygon", "coordinates": [ [ [ -98.962048468221326, 18.925867247722206 ], [ -98.957475994513047, 18.925867247722206 ], [ -98.957475994513047, 18.921757969100319 ], [ -98.962048468221326, 18.921757969100319 ], [ -98.962048468221326, 18.925867247722206 ] ] ] } },
{ "type": "Feature", "properties": { "difference_1990_2000": 23.0, "difference_1990_2010": 39.0, "difference_1990_2020": 45.0 }, "geometry": { "type": "Polygon", "coordinates": [ [ [ -98.962048468221326, 18.91353971128466 ], [ -98.957475994513047, 18.91353971128466 ], [ -98.957475994513047, 18.909430732034405 ], [ -98.962048468221326, 18.909430732034405 ], [ -98.962048468221326, 18.91353971128466 ] ] ] } },
{ "type": "Feature", "properties": { "difference_1990_2000": 12.0, "difference_1990_2010": 30.0, "difference_1990_2020": 58.0 }, "geometry": { "type": "Polygon", "coordinates": [ [ [ -98.962048468221326, 18.884778949960179 ], [ -98.957475994513047, 18.884778949960179 ], [ -98.957475994513047, 18.880670668255728 ], [ -98.962048468221326, 18.880670668255728 ], [ -98.962048468221326, 18.884778949960179 ] ] ] } },
{ "type": "Feature", "properties": { "difference_1990_2000": -22.0, "difference_1990_2010": -23.0, "difference_1990_2020": -25.0 }, "geometry": { "type": "Polygon", "coordinates": [ [ [ -98.962048468221326, 18.909430732034405 ], [ -98.957475994513047, 18.909430732034405 ], [ -98.957475994513047, 18.905321852518163 ], [ -98.962048468221326, 18.905321852518146 ], [ -98.962048468221326, 18.909430732034405 ] ] ] } },
{ "type": "Feature", "properties": { "difference_1990_2000": 2.0, "difference_1990_2010": 3.0, "difference_1990_2020": 2.0 }, "geometry": { "type": "Polygon", "coordinates": [ [ [ -98.962048468221326, 18.929976626191074 ], [ -98.957475994513047, 18.929976626191074 ], [ -98.957475994513047, 18.925867247722206 ], [ -98.962048468221326, 18.925867247722206 ], [ -98.962048468221326, 18.929976626191074 ] ] ] } },
{ "type": "Feature", "properties": { "difference_1990_2000": 21.0, "difference_1990_2010": 24.0, "difference_1990_2020": 35.0 }, "geometry": { "type": "Polygon", "coordinates": [ [ [ -98.962048468221326, 18.921757969100319 ], [ -98.957475994513047, 18.921757969100319 ], [ -98.957475994513047, 18.917648790297243 ], [ -98.962048468221326, 18.917648790297225 ], [ -98.962048468221326, 18.921757969100319 ] ] ] } },
{ "type": "Feature", "properties": { "difference_1990_2000": 593.0, "difference_1990_2010": 686.0, "difference_1990_2020": 764.0 }, "geometry": { "type": "Polygon", "coordinates": [ [ [ -99.327846364883442, 18.864238536521988 ], [ -99.323273891175134, 18.864238536521988 ], [ -99.323273891175134, 18.860130752218598 ], [ -99.327846364883442, 18.860130752218598 ], [ -99.327846364883442, 18.864238536521988 ] ] ] } },
{ "type": "Feature", "properties": { "difference_1990_2000": 0.0, "difference_1990_2010": 0.0, "difference_1990_2020": 1266.0 }, "geometry": { "type": "Polygon", "coordinates": [ [ [ -99.327846364883442, 18.732838599596164 ], [ -99.323273891175134, 18.732838599596164 ], [ -99.323273891175134, 18.728733982014187 ], [ -99.327846364883442, 18.728733982014187 ], [ -99.327846364883442, 18.732838599596164 ] ] ] } },
{ "type": "Feature", "properties": { "difference_1990_2000": 360.0, "difference_1990_2010": 363.0, "difference_1990_2020": 464.0 }, "geometry": { "type": "Polygon", "coordinates": [ [ [ -99.327846364883442, 18.860130752218598 ], [ -99.323273891175134, 18.860130752218598 ], [ -99.323273891175134, 18.856023067310918 ], [ -99.327846364883442, 18.8560230673109 ], [ -99.327846364883442, 18.860130752218598 ] ] ] } },
{ "type": "Feature", "properties": { "difference_1990_2000": 0.0, "difference_1990_2010": 0.0, "difference_1990_2020": 859.0 }, "geometry": { "type": "Polygon", "coordinates": [ [ [ -99.327846364883442, 18.728733982014187 ], [ -99.323273891175134, 18.728733982014187 ], [ -99.323273891175134, 18.724629462929439 ], [ -99.327846364883442, 18.724629462929439 ], [ -99.327846364883442, 18.728733982014187 ] ] ] } },
{ "type": "Feature", "properties": { "difference_1990_2000": 440.0, "difference_1990_2010": 514.0, "difference_1990_2020": 567.0 }, "geometry": { "type": "Polygon", "coordinates": [ [ [ -99.327846364883442, 18.868346420249129 ], [ -99.323273891175134, 18.868346420249146 ], [ -99.323273891175134, 18.864238536521988 ], [ -99.327846364883442, 18.864238536521988 ], [ -99.327846364883442, 18.868346420249129 ] ] ] } },
{ "type": "Feature", "properties": { "difference_1990_2000": 0.0, "difference_1990_2010": 0.0, "difference_1990_2020": 313.0 }, "geometry": { "type": "Polygon", "coordinates": [ [ [ -99.327846364883442, 18.736943315703392 ], [ -99.323273891175134, 18.736943315703392 ], [ -99.323273891175134, 18.732838599596164 ], [ -99.327846364883442, 18.732838599596164 ], [ -99.327846364883442, 18.736943315703392 ] ] ] } },
{ "type": "Feature", "properties": { "difference_1990_2000": 0.0, "difference_1990_2010": 0.0, "difference_1990_2020": 192.0 }, "geometry": { "type": "Polygon", "coordinates": [ [ [ -99.327846364883442, 18.724629462929439 ], [ -99.323273891175134, 18.724629462929439 ], [ -99.323273891175134, 18.720525042313934 ], [ -99.327846364883442, 18.720525042313966 ], [ -99.327846364883442, 18.724629462929439 ] ] ] } },
{ "type": "Feature", "properties": { "difference_1990_2000": 117.0, "difference_1990_2010": 77.0, "difference_1990_2020": 100.0 }, "geometry": { "type": "Polygon", "coordinates": [ [ [ -99.140374942844105, 18.892995812091637 ], [ -99.135802469135825, 18.892995812091637 ], [ -99.135802469135825, 18.888887331229402 ], [ -99.140374942844105, 18.888887331229402 ], [ -99.140374942844105, 18.892995812091637 ] ] ] } },
{ "type": "Feature", "properties": { "difference_1990_2000": 535.0, "difference_1990_2010": 544.0, "difference_1990_2020": 459.0 }, "geometry": { "type": "Polygon", "coordinates": [ [ [ -99.140374942844105, 18.897104392574974 ], [ -99.135802469135825, 18.897104392574974 ], [ -99.135802469135825, 18.892995812091637 ], [ -99.140374942844105, 18.892995812091637 ], [ -99.140374942844105, 18.897104392574974 ] ] ] } },
{ "type": "Feature", "properties": { "difference_1990_2000": 74.0, "difference_1990_2010": 110.0, "difference_1990_2020": 197.0 }, "geometry": { "type": "Polygon", "coordinates": [ [ [ -99.140374942844105, 18.975186387337349 ], [ -99.135802469135825, 18.975186387337398 ], [ -99.135802469135825, 18.971075908685183 ], [ -99.140374942844105, 18.971075908685147 ], [ -99.140374942844105, 18.975186387337349 ] ] ] } },
{ "type": "Feature", "properties": { "difference_1990_2000": 21.0, "difference_1990_2010": 42.0, "difference_1990_2020": 56.0 }, "geometry": { "type": "Polygon", "coordinates": [ [ [ -99.140374942844105, 18.979296966176022 ], [ -99.135802469135825, 18.979296966176047 ], [ -99.135802469135825, 18.975186387337398 ], [ -99.140374942844105, 18.975186387337349 ], [ -99.140374942844105, 18.979296966176022 ] ] ] } },
{ "type": "Feature", "properties": { "difference_1990_2000": 677.0, "difference_1990_2010": 893.0, "difference_1990_2020": 1079.0 }, "geometry": { "type": "Polygon", "coordinates": [ [ [ -99.140374942844105, 18.880670668255728 ], [ -99.135802469135825, 18.880670668255746 ], [ -99.135802469135825, 18.876562486087884 ], [ -99.140374942844105, 18.876562486087852 ], [ -99.140374942844105, 18.880670668255728 ] ] ] } },
{ "type": "Feature", "properties": { "difference_1990_2000": 75.0, "difference_1990_2010": 89.0, "difference_1990_2020": 150.0 }, "geometry": { "type": "Polygon", "coordinates": [ [ [ -99.140374942844105, 18.971075908685147 ], [ -99.135802469135825, 18.971075908685183 ], [ -99.135802469135825, 18.966965530191128 ], [ -99.140374942844105, 18.966965530191111 ], [ -99.140374942844105, 18.971075908685147 ] ] ] } },
{ "type": "Feature", "properties": { "difference_1990_2000": 153.0, "difference_1990_2010": 274.0, "difference_1990_2020": 307.0 }, "geometry": { "type": "Polygon", "coordinates": [ [ [ -99.140374942844105, 18.884778949960179 ], [ -99.135802469135825, 18.884778949960179 ], [ -99.135802469135825, 18.880670668255746 ], [ -99.140374942844105, 18.880670668255728 ], [ -99.140374942844105, 18.884778949960179 ] ] ] } },
{ "type": "Feature", "properties": { "difference_1990_2000": 183.0, "difference_1990_2010": 228.0, "difference_1990_2020": 358.0 }, "geometry": { "type": "Polygon", "coordinates": [ [ [ -99.140374942844105, 18.876562486087852 ], [ -99.135802469135825, 18.876562486087884 ], [ -99.135802469135825, 18.872454403428438 ], [ -99.140374942844105, 18.872454403428407 ], [ -99.140374942844105, 18.876562486087852 ] ] ] } },
{ "type": "Feature", "properties": { "difference_1990_2000": 80.0, "difference_1990_2010": 86.0, "difference_1990_2020": 103.0 }, "geometry": { "type": "Polygon", "coordinates": [ [ [ -99.318701417466855, 18.864238536521988 ], [ -99.314128943758575, 18.864238536521988 ], [ -99.314128943758575, 18.860130752218581 ], [ -99.318701417466855, 18.860130752218581 ], [ -99.318701417466855, 18.864238536521988 ] ] ] } },
{ "type": "Feature", "properties": { "difference_1990_2000": 0.0, "difference_1990_2010": 0.0, "difference_1990_2020": 80.0 }, "geometry": { "type": "Polygon", "coordinates": [ [ [ -99.318701417466855, 18.732838599596164 ], [ -99.314128943758575, 18.732838599596164 ], [ -99.314128943758575, 18.728733982014187 ], [ -99.318701417466855, 18.728733982014216 ], [ -99.318701417466855, 18.732838599596164 ] ] ] } },
{ "type": "Feature", "properties": { "difference_1990_2000": 0.0, "difference_1990_2010": 0.0, "difference_1990_2020": 508.0 }, "geometry": { "type": "Polygon", "coordinates": [ [ [ -99.318701417466855, 18.728733982014216 ], [ -99.314128943758575, 18.728733982014187 ], [ -99.314128943758575, 18.724629462929439 ], [ -99.318701417466855, 18.724629462929439 ], [ -99.318701417466855, 18.728733982014216 ] ] ] } },
{ "type": "Feature", "properties": { "difference_1990_2000": 15.0, "difference_1990_2010": 17.0, "difference_1990_2020": 19.0 }, "geometry": { "type": "Polygon", "coordinates": [ [ [ -99.318701417466855, 18.868346420249146 ], [ -99.314128943758575, 18.868346420249146 ], [ -99.314128943758575, 18.864238536521988 ], [ -99.318701417466855, 18.864238536521988 ], [ -99.318701417466855, 18.868346420249146 ] ] ] } },
{ "type": "Feature", "properties": { "difference_1990_2000": 0.0, "difference_1990_2010": 0.0, "difference_1990_2020": 42.0 }, "geometry": { "type": "Polygon", "coordinates": [ [ [ -99.318701417466855, 18.736943315703392 ], [ -99.314128943758575, 18.736943315703392 ], [ -99.314128943758575, 18.732838599596164 ], [ -99.318701417466855, 18.732838599596164 ], [ -99.318701417466855, 18.736943315703392 ] ] ] } },
{ "type": "Feature", "properties": { "difference_1990_2000": 0.0, "difference_1990_2010": 0.0, "difference_1990_2020": 327.0 }, "geometry": { "type": "Polygon", "coordinates": [ [ [ -99.318701417466855, 18.724629462929439 ], [ -99.314128943758575, 18.724629462929439 ], [ -99.314128943758575, 18.720525042313966 ], [ -99.318701417466855, 18.720525042313934 ], [ -99.318701417466855, 18.724629462929439 ] ] ] } },
{ "type": "Feature", "properties": { "difference_1990_2000": 8.0, "difference_1990_2010": -9.0, "difference_1990_2020": 14.0 }, "geometry": { "type": "Polygon", "coordinates": [ [ [ -98.952903520804753, 18.917648790297225 ], [ -98.948331047096474, 18.917648790297225 ], [ -98.948331047096474, 18.913539711284695 ], [ -98.952903520804753, 18.91353971128466 ], [ -98.952903520804753, 18.917648790297225 ] ] ] } },
{ "type": "Feature", "properties": { "difference_1990_2000": 1.0, "difference_1990_2010": -1.0, "difference_1990_2020": 2.0 }, "geometry": { "type": "Polygon", "coordinates": [ [ [ -98.952903520804753, 18.91353971128466 ], [ -98.948331047096474, 18.913539711284695 ], [ -98.948331047096474, 18.909430732034405 ], [ -98.952903520804753, 18.909430732034405 ], [ -98.952903520804753, 18.91353971128466 ] ] ] } },
{ "type": "Feature", "properties": { "difference_1990_2000": 2.0, "difference_1990_2010": 0.0, "difference_1990_2020": 4.0 }, "geometry": { "type": "Polygon", "coordinates": [ [ [ -98.952903520804753, 18.921757969100319 ], [ -98.948331047096474, 18.921757969100355 ], [ -98.948331047096474, 18.917648790297225 ], [ -98.952903520804753, 18.917648790297225 ], [ -98.952903520804753, 18.921757969100319 ] ] ] } },
{ "type": "Feature", "properties": { "difference_1990_2000": 554.0, "difference_1990_2010": 667.0, "difference_1990_2020": 738.0 }, "geometry": { "type": "Polygon", "coordinates": [ [ [ -99.13122999542756, 18.892995812091637 ], [ -99.126657521719267, 18.892995812091637 ], [ -99.126657521719267, 18.888887331229402 ], [ -99.13122999542756, 18.888887331229402 ], [ -99.13122999542756, 18.892995812091637 ] ] ] } },
{ "type": "Feature", "properties": { "difference_1990_2000": 461.0, "difference_1990_2010": 443.0, "difference_1990_2020": 286.0 }, "geometry": { "type": "Polygon", "coordinates": [ [ [ -99.13122999542756, 18.897104392574974 ], [ -99.126657521719267, 18.897104392574985 ], [ -99.126657521719267, 18.892995812091637 ], [ -99.13122999542756, 18.892995812091637 ], [ -99.13122999542756, 18.897104392574974 ] ] ] } },
{ "type": "Feature", "properties": { "difference_1990_2000": 102.0, "difference_1990_2010": 108.0, "difference_1990_2020": 149.0 }, "geometry": { "type": "Polygon", "coordinates": [ [ [ -99.13122999542756, 18.880670668255728 ], [ -99.126657521719267, 18.880670668255728 ], [ -99.126657521719267, 18.876562486087884 ], [ -99.13122999542756, 18.876562486087899 ], [ -99.13122999542756, 18.880670668255728 ] ] ] } },
{ "type": "Feature", "properties": { "difference_1990_2000": 559.0, "difference_1990_2010": 655.0, "difference_1990_2020": 766.0 }, "geometry": { "type": "Polygon", "coordinates": [ [ [ -99.13122999542756, 18.888887331229402 ], [ -99.126657521719267, 18.888887331229402 ], [ -99.126657521719267, 18.884778949960179 ], [ -99.13122999542756, 18.884778949960179 ], [ -99.13122999542756, 18.888887331229402 ] ] ] } },
{ "type": "Feature", "properties": { "difference_1990_2000": 179.0, "difference_1990_2010": 275.0, "difference_1990_2020": 240.0 }, "geometry": { "type": "Polygon", "coordinates": [ [ [ -99.13122999542756, 18.884778949960179 ], [ -99.126657521719267, 18.884778949960179 ], [ -99.126657521719267, 18.880670668255728 ], [ -99.13122999542756, 18.880670668255728 ], [ -99.13122999542756, 18.884778949960179 ] ] ] } },
{ "type": "Feature", "properties": { "difference_1990_2000": 1105.0, "difference_1990_2010": 1043.0, "difference_1990_2020": 843.0 }, "geometry": { "type": "Polygon", "coordinates": [ [ [ -99.13122999542756, 18.901213072707751 ], [ -99.126657521719267, 18.901213072707751 ], [ -99.126657521719267, 18.897104392574985 ], [ -99.13122999542756, 18.897104392574974 ], [ -99.13122999542756, 18.901213072707751 ] ] ] } },
{ "type": "Feature", "properties": { "difference_1990_2000": 172.0, "difference_1990_2010": 206.0, "difference_1990_2020": 219.0 }, "geometry": { "type": "Polygon", "coordinates": [ [ [ -99.122085048010973, 18.892995812091637 ], [ -99.117512574302694, 18.892995812091637 ], [ -99.117512574302694, 18.888887331229402 ], [ -99.122085048010973, 18.888887331229402 ], [ -99.122085048010973, 18.892995812091637 ] ] ] } },
{ "type": "Feature", "properties": { "difference_1990_2000": 127.0, "difference_1990_2010": 182.0, "difference_1990_2020": 215.0 }, "geometry": { "type": "Polygon", "coordinates": [ [ [ -99.122085048010973, 18.897104392574974 ], [ -99.117512574302694, 18.897104392574938 ], [ -99.117512574302694, 18.892995812091637 ], [ -99.122085048010973, 18.892995812091637 ], [ -99.122085048010973, 18.897104392574974 ] ] ] } },
{ "type": "Feature", "properties": { "difference_1990_2000": 461.0, "difference_1990_2010": 518.0, "difference_1990_2020": 552.0 }, "geometry": { "type": "Polygon", "coordinates": [ [ [ -99.122085048010973, 18.880670668255728 ], [ -99.117512574302694, 18.880670668255728 ], [ -99.117512574302694, 18.876562486087852 ], [ -99.122085048010973, 18.876562486087884 ], [ -99.122085048010973, 18.880670668255728 ] ] ] } },
{ "type": "Feature", "properties": { "difference_1990_2000": 162.0, "difference_1990_2010": 274.0, "difference_1990_2020": 272.0 }, "geometry": { "type": "Polygon", "coordinates": [ [ [ -99.122085048010973, 18.888887331229402 ], [ -99.117512574302694, 18.888887331229402 ], [ -99.117512574302694, 18.884778949960179 ], [ -99.122085048010973, 18.884778949960197 ], [ -99.122085048010973, 18.888887331229402 ] ] ] } },
{ "type": "Feature", "properties": { "difference_1990_2000": 221.0, "difference_1990_2010": 338.0, "difference_1990_2020": 364.0 }, "geometry": { "type": "Polygon", "coordinates": [ [ [ -99.122085048010973, 18.884778949960197 ], [ -99.117512574302694, 18.884778949960179 ], [ -99.117512574302694, 18.880670668255728 ], [ -99.122085048010973, 18.880670668255728 ], [ -99.122085048010973, 18.884778949960197 ] ] ] } },
{ "type": "Feature", "properties": { "difference_1990_2000": 92.0, "difference_1990_2010": 140.0, "difference_1990_2020": 178.0 }, "geometry": { "type": "Polygon", "coordinates": [ [ [ -99.122085048010973, 18.876562486087884 ], [ -99.117512574302694, 18.876562486087852 ], [ -99.117512574302694, 18.872454403428438 ], [ -99.122085048010973, 18.872454403428438 ], [ -99.122085048010973, 18.876562486087884 ] ] ] } },
{ "type": "Feature", "properties": { "difference_1990_2000": 5.0, "difference_1990_2010": 11.0, "difference_1990_2020": 10.0 }, "geometry": { "type": "Polygon", "coordinates": [ [ [ -99.122085048010973, 18.901213072707769 ], [ -99.117512574302694, 18.901213072707751 ], [ -99.117512574302694, 18.897104392574938 ], [ -99.122085048010973, 18.897104392574974 ], [ -99.122085048010973, 18.901213072707769 ] ] ] } },
{ "type": "Feature", "properties": { "difference_1990_2000": 15.0, "difference_1990_2010": 53.0, "difference_1990_2020": 77.0 }, "geometry": { "type": "Polygon", "coordinates": [ [ [ -99.122085048010973, 18.872454403428438 ], [ -99.117512574302694, 18.872454403428438 ], [ -99.117512574302694, 18.868346420249146 ], [ -99.122085048010973, 18.868346420249178 ], [ -99.122085048010973, 18.872454403428438 ] ] ] } },
{ "type": "Feature", "properties": { "difference_1990_2000": 52.0, "difference_1990_2010": 85.0, "difference_1990_2020": 85.0 }, "geometry": { "type": "Polygon", "coordinates": [ [ [ -99.30041152263378, 18.979296966176022 ], [ -99.295839048925487, 18.979296966175987 ], [ -99.295839048925487, 18.975186387337398 ], [ -99.30041152263378, 18.975186387337384 ], [ -99.30041152263378, 18.979296966176022 ] ] ] } },
{ "type": "Feature", "properties": { "difference_1990_2000": 13.0, "difference_1990_2010": 21.0, "difference_1990_2020": 21.0 }, "geometry": { "type": "Polygon", "coordinates": [ [ [ -99.30041152263378, 18.975186387337384 ], [ -99.295839048925487, 18.975186387337398 ], [ -99.295839048925487, 18.971075908685183 ], [ -99.30041152263378, 18.971075908685147 ], [ -99.30041152263378, 18.975186387337384 ] ] ] } },
{ "type": "Feature", "properties": { "difference_1990_2000": 107.0, "difference_1990_2010": 150.0, "difference_1990_2020": 195.0 }, "geometry": { "type": "Polygon", "coordinates": [ [ [ -99.112940100594415, 18.892995812091637 ], [ -99.10836762688615, 18.892995812091637 ], [ -99.10836762688615, 18.888887331229402 ], [ -99.112940100594415, 18.888887331229387 ], [ -99.112940100594415, 18.892995812091637 ] ] ] } },
{ "type": "Feature", "properties": { "difference_1990_2000": 4.0, "difference_1990_2010": 8.0, "difference_1990_2020": 7.0 }, "geometry": { "type": "Polygon", "coordinates": [ [ [ -99.112940100594415, 18.897104392574974 ], [ -99.10836762688615, 18.897104392574938 ], [ -99.10836762688615, 18.892995812091637 ], [ -99.112940100594415, 18.892995812091637 ], [ -99.112940100594415, 18.897104392574974 ] ] ] } },
{ "type": "Feature", "properties": { "difference_1990_2000": 96.0, "difference_1990_2010": 95.0, "difference_1990_2020": 132.0 }, "geometry": { "type": "Polygon", "coordinates": [ [ [ -99.112940100594415, 18.98751842452592 ], [ -99.10836762688615, 18.98751842452592 ], [ -99.10836762688615, 18.983407645229434 ], [ -99.112940100594415, 18.983407645229434 ], [ -99.112940100594415, 18.98751842452592 ] ] ] } },
{ "type": "Feature", "properties": { "difference_1990_2000": 50.0, "difference_1990_2010": 10.0, "difference_1990_2020": 17.0 }, "geometry": { "type": "Polygon", "coordinates": [ [ [ -99.112940100594415, 18.979296966176022 ], [ -99.10836762688615, 18.979296966175987 ], [ -99.10836762688615, 18.975186387337384 ], [ -99.112940100594415, 18.975186387337384 ], [ -99.112940100594415, 18.979296966176022 ] ] ] } },
{ "type": "Feature", "properties": { "difference_1990_2000": 24.0, "difference_1990_2010": 56.0, "difference_1990_2020": 93.0 }, "geometry": { "type": "Polygon", "coordinates": [ [ [ -99.112940100594415, 18.880670668255728 ], [ -99.10836762688615, 18.880670668255728 ], [ -99.10836762688615, 18.876562486087884 ], [ -99.112940100594415, 18.876562486087884 ], [ -99.112940100594415, 18.880670668255728 ] ] ] } },
{ "type": "Feature", "properties": { "difference_1990_2000": 164.0, "difference_1990_2010": 205.0, "difference_1990_2020": 265.0 }, "geometry": { "type": "Polygon", "coordinates": [ [ [ -99.112940100594415, 18.888887331229387 ], [ -99.10836762688615, 18.888887331229402 ], [ -99.10836762688615, 18.88477894996014 ], [ -99.112940100594415, 18.884778949960179 ], [ -99.112940100594415, 18.888887331229387 ] ] ] } },
{ "type": "Feature", "properties": { "difference_1990_2000": 314.0, "difference_1990_2010": 87.0, "difference_1990_2020": 136.0 }, "geometry": { "type": "Polygon", "coordinates": [ [ [ -99.112940100594415, 18.983407645229434 ], [ -99.10836762688615, 18.983407645229434 ], [ -99.10836762688615, 18.979296966175987 ], [ -99.112940100594415, 18.979296966176022 ], [ -99.112940100594415, 18.983407645229434 ] ] ] } },
{ "type": "Feature", "properties": { "difference_1990_2000": 51.0, "difference_1990_2010": 110.0, "difference_1990_2020": 161.0 }, "geometry": { "type": "Polygon", "coordinates": [ [ [ -99.112940100594415, 18.991629304093838 ], [ -99.10836762688615, 18.991629304093838 ], [ -99.10836762688615, 18.98751842452592 ], [ -99.112940100594415, 18.98751842452592 ], [ -99.112940100594415, 18.991629304093838 ] ] ] } },
{ "type": "Feature", "properties": { "difference_1990_2000": 25.0, "difference_1990_2010": 28.0, "difference_1990_2020": 65.0 }, "geometry": { "type": "Polygon", "coordinates": [ [ [ -99.112940100594415, 18.884778949960179 ], [ -99.10836762688615, 18.88477894996014 ], [ -99.10836762688615, 18.880670668255728 ], [ -99.112940100594415, 18.880670668255728 ], [ -99.112940100594415, 18.884778949960179 ] ] ] } },
{ "type": "Feature", "properties": { "difference_1990_2000": 16.0, "difference_1990_2010": 46.0, "difference_1990_2020": 57.0 }, "geometry": { "type": "Polygon", "coordinates": [ [ [ -99.112940100594415, 18.999851364157323 ], [ -99.10836762688615, 18.999851364157305 ], [ -99.10836762688615, 18.995740283961542 ], [ -99.112940100594415, 18.995740283961542 ], [ -99.112940100594415, 18.999851364157323 ] ] ] } },
{ "type": "Feature", "properties": { "difference_1990_2000": 40.0, "difference_1990_2010": 91.0, "difference_1990_2020": 145.0 }, "geometry": { "type": "Polygon", "coordinates": [ [ [ -99.112940100594415, 18.995740283961542 ], [ -99.10836762688615, 18.995740283961542 ], [ -99.10836762688615, 18.991629304093838 ], [ -99.112940100594415, 18.991629304093838 ], [ -99.112940100594415, 18.995740283961542 ] ] ] } },
{ "type": "Feature", "properties": { "difference_1990_2000": 1.0, "difference_1990_2010": 12.0, "difference_1990_2020": 1.0 }, "geometry": { "type": "Polygon", "coordinates": [ [ [ -99.112940100594415, 19.003962544709587 ], [ -99.10836762688615, 19.003962544709587 ], [ -99.10836762688615, 18.999851364157305 ], [ -99.112940100594415, 18.999851364157323 ], [ -99.112940100594415, 19.003962544709587 ] ] ] } },
{ "type": "Feature", "properties": { "difference_1990_2000": 25.0, "difference_1990_2010": 65.0, "difference_1990_2020": 140.0 }, "geometry": { "type": "Polygon", "coordinates": [ [ [ -99.112940100594415, 18.876562486087884 ], [ -99.10836762688615, 18.876562486087884 ], [ -99.10836762688615, 18.872454403428407 ], [ -99.112940100594415, 18.872454403428407 ], [ -99.112940100594415, 18.876562486087884 ] ] ] } },
{ "type": "Feature", "properties": { "difference_1990_2000": 1.0, "difference_1990_2010": 14.0, "difference_1990_2020": 7.0 }, "geometry": { "type": "Polygon", "coordinates": [ [ [ -99.112940100594415, 18.872454403428407 ], [ -99.10836762688615, 18.872454403428407 ], [ -99.10836762688615, 18.868346420249146 ], [ -99.112940100594415, 18.868346420249146 ], [ -99.112940100594415, 18.872454403428407 ] ] ] } },
{ "type": "Feature", "properties": { "difference_1990_2000": 2.0, "difference_1990_2010": 3.0, "difference_1990_2020": 3.0 }, "geometry": { "type": "Polygon", "coordinates": [ [ [ -99.291266575217193, 18.979296966176022 ], [ -99.286694101508914, 18.979296966176047 ], [ -99.286694101508914, 18.975186387337384 ], [ -99.291266575217193, 18.975186387337384 ], [ -99.291266575217193, 18.979296966176022 ] ] ] } },
{ "type": "Feature", "properties": { "difference_1990_2000": 40.0, "difference_1990_2010": 62.0, "difference_1990_2020": 65.0 }, "geometry": { "type": "Polygon", "coordinates": [ [ [ -99.291266575217193, 18.975186387337384 ], [ -99.286694101508914, 18.975186387337384 ], [ -99.286694101508914, 18.971075908685147 ], [ -99.291266575217193, 18.971075908685147 ], [ -99.291266575217193, 18.975186387337384 ] ] ] } },
{ "type": "Feature", "properties": { "difference_1990_2000": 30.0, "difference_1990_2010": 49.0, "difference_1990_2020": 49.0 }, "geometry": { "type": "Polygon", "coordinates": [ [ [ -99.291266575217193, 18.971075908685147 ], [ -99.286694101508914, 18.971075908685147 ], [ -99.286694101508914, 18.966965530191111 ], [ -99.291266575217193, 18.966965530191128 ], [ -99.291266575217193, 18.971075908685147 ] ] ] } },
{ "type": "Feature", "properties": { "difference_1990_2000": 6.0, "difference_1990_2010": 10.0, "difference_1990_2020": 10.0 }, "geometry": { "type": "Polygon", "coordinates": [ [ [ -99.291266575217193, 18.966965530191128 ], [ -99.286694101508914, 18.966965530191111 ], [ -99.286694101508914, 18.962855251826841 ], [ -99.291266575217193, 18.962855251826873 ], [ -99.291266575217193, 18.966965530191128 ] ] ] } },
{ "type": "Feature", "properties": { "difference_1990_2000": 120.0, "difference_1990_2010": 88.0, "difference_1990_2020": 88.0 }, "geometry": { "type": "Polygon", "coordinates": [ [ [ -99.103795153177899, 18.98751842452592 ], [ -99.099222679469605, 18.98751842452592 ], [ -99.099222679469605, 18.983407645229434 ], [ -99.103795153177899, 18.983407645229434 ], [ -99.103795153177899, 18.98751842452592 ] ] ] } },
{ "type": "Feature", "properties": { "difference_1990_2000": 234.0, "difference_1990_2010": 53.0, "difference_1990_2020": 85.0 }, "geometry": { "type": "Polygon", "coordinates": [ [ [ -99.103795153177899, 18.979296966176022 ], [ -99.099222679469605, 18.979296966176022 ], [ -99.099222679469605, 18.975186387337398 ], [ -99.103795153177899, 18.975186387337384 ], [ -99.103795153177899, 18.979296966176022 ] ] ] } },
{ "type": "Feature", "properties": { "difference_1990_2000": 116.0, "difference_1990_2010": 88.0, "difference_1990_2020": 116.0 }, "geometry": { "type": "Polygon", "coordinates": [ [ [ -99.103795153177899, 18.983407645229434 ], [ -99.099222679469605, 18.983407645229434 ], [ -99.099222679469605, 18.979296966176022 ], [ -99.103795153177899, 18.979296966176022 ], [ -99.103795153177899, 18.983407645229434 ] ] ] } },
{ "type": "Feature", "properties": { "difference_1990_2000": 109.0, "difference_1990_2010": 89.0, "difference_1990_2020": 98.0 }, "geometry": { "type": "Polygon", "coordinates": [ [ [ -99.103795153177899, 18.991629304093838 ], [ -99.099222679469605, 18.991629304093838 ], [ -99.099222679469605, 18.98751842452592 ], [ -99.103795153177899, 18.98751842452592 ], [ -99.103795153177899, 18.991629304093838 ] ] ] } },
{ "type": "Feature", "properties": { "difference_1990_2000": 4.0, "difference_1990_2010": 14.0, "difference_1990_2020": 3.0 }, "geometry": { "type": "Polygon", "coordinates": [ [ [ -99.103795153177899, 18.999851364157323 ], [ -99.099222679469605, 18.999851364157323 ], [ -99.099222679469605, 18.995740283961542 ], [ -99.103795153177899, 18.995740283961542 ], [ -99.103795153177899, 18.999851364157323 ] ] ] } },
{ "type": "Feature", "properties": { "difference_1990_2000": 85.0, "difference_1990_2010": 109.0, "difference_1990_2020": 94.0 }, "geometry": { "type": "Polygon", "coordinates": [ [ [ -99.103795153177899, 18.995740283961542 ], [ -99.099222679469605, 18.995740283961542 ], [ -99.099222679469605, 18.991629304093838 ], [ -99.103795153177899, 18.991629304093838 ], [ -99.103795153177899, 18.995740283961542 ] ] ] } },
{ "type": "Feature", "properties": { "difference_1990_2000": 4.0, "difference_1990_2010": 6.0, "difference_1990_2020": 6.0 }, "geometry": { "type": "Polygon", "coordinates": [ [ [ -99.282121627800663, 18.971075908685147 ], [ -99.277549154092355, 18.971075908685147 ], [ -99.277549154092355, 18.966965530191128 ], [ -99.282121627800663, 18.966965530191111 ], [ -99.282121627800663, 18.971075908685147 ] ] ] } },
{ "type": "Feature", "properties": { "difference_1990_2000": 47.0, "difference_1990_2010": 78.0, "difference_1990_2020": 77.0 }, "geometry": { "type": "Polygon", "coordinates": [ [ [ -99.282121627800663, 18.966965530191111 ], [ -99.277549154092355, 18.966965530191128 ], [ -99.277549154092355, 18.962855251826873 ], [ -99.282121627800663, 18.962855251826841 ], [ -99.282121627800663, 18.966965530191111 ] ] ] } },
{ "type": "Feature", "properties": { "difference_1990_2000": 22.0, "difference_1990_2010": 7.0, "difference_1990_2020": 36.0 }, "geometry": { "type": "Polygon", "coordinates": [ [ [ -99.282121627800663, 18.958745073564142 ], [ -99.277549154092355, 18.958745073564142 ], [ -99.277549154092355, 18.954634995374633 ], [ -99.282121627800663, 18.954634995374633 ], [ -99.282121627800663, 18.958745073564142 ] ] ] } },
{ "type": "Feature", "properties": { "difference_1990_2000": 64.0, "difference_1990_2010": 87.0, "difference_1990_2020": 105.0 }, "geometry": { "type": "Polygon", "coordinates": [ [ [ -99.282121627800663, 18.962855251826841 ], [ -99.277549154092355, 18.962855251826873 ], [ -99.277549154092355, 18.958745073564142 ], [ -99.282121627800663, 18.958745073564142 ], [ -99.282121627800663, 18.962855251826841 ] ] ] } },
{ "type": "Feature", "properties": { "difference_1990_2000": 27.0, "difference_1990_2010": 27.0, "difference_1990_2020": 17.0 }, "geometry": { "type": "Polygon", "coordinates": [ [ [ -99.094650205761326, 18.98751842452592 ], [ -99.090077732053047, 18.98751842452592 ], [ -99.090077732053047, 18.983407645229434 ], [ -99.094650205761326, 18.983407645229434 ], [ -99.094650205761326, 18.98751842452592 ] ] ] } },
{ "type": "Feature", "properties": { "difference_1990_2000": 38.0, "difference_1990_2010": -8.0, "difference_1990_2020": 25.0 }, "geometry": { "type": "Polygon", "coordinates": [ [ [ -99.094650205761326, 18.979296966176022 ], [ -99.090077732053047, 18.979296966176047 ], [ -99.090077732053047, 18.975186387337384 ], [ -99.094650205761326, 18.975186387337384 ], [ -99.094650205761326, 18.979296966176022 ] ] ] } },
{ "type": "Feature", "properties": { "difference_1990_2000": 42.0, "difference_1990_2010": 19.0, "difference_1990_2020": 26.0 }, "geometry": { "type": "Polygon", "coordinates": [ [ [ -99.094650205761326, 18.983407645229434 ], [ -99.090077732053047, 18.983407645229434 ], [ -99.090077732053047, 18.979296966176047 ], [ -99.094650205761326, 18.979296966176022 ], [ -99.094650205761326, 18.983407645229434 ] ] ] } },
{ "type": "Feature", "properties": { "difference_1990_2000": 44.0, "difference_1990_2010": 43.0, "difference_1990_2020": 25.0 }, "geometry": { "type": "Polygon", "coordinates": [ [ [ -99.094650205761326, 18.991629304093838 ], [ -99.090077732053047, 18.991629304093838 ], [ -99.090077732053047, 18.98751842452592 ], [ -99.094650205761326, 18.98751842452592 ], [ -99.094650205761326, 18.991629304093838 ] ] ] } },
{ "type": "Feature", "properties": { "difference_1990_2000": 5.0, "difference_1990_2010": 20.0, "difference_1990_2020": 17.0 }, "geometry": { "type": "Polygon", "coordinates": [ [ [ -99.094650205761326, 18.999851364157323 ], [ -99.090077732053047, 18.999851364157323 ], [ -99.090077732053047, 18.995740283961542 ], [ -99.094650205761326, 18.995740283961542 ], [ -99.094650205761326, 18.999851364157323 ] ] ] } },
{ "type": "Feature", "properties": { "difference_1990_2000": 24.0, "difference_1990_2010": 46.0, "difference_1990_2020": 41.0 }, "geometry": { "type": "Polygon", "coordinates": [ [ [ -99.094650205761326, 18.995740283961542 ], [ -99.090077732053047, 18.995740283961542 ], [ -99.090077732053047, 18.991629304093838 ], [ -99.094650205761326, 18.991629304093838 ], [ -99.094650205761326, 18.995740283961542 ] ] ] } },
{ "type": "Feature", "properties": { "difference_1990_2000": 3.0, "difference_1990_2010": 10.0, "difference_1990_2020": 9.0 }, "geometry": { "type": "Polygon", "coordinates": [ [ [ -99.272976680384119, 19.024519953810373 ], [ -99.268404206675825, 19.024519953810373 ], [ -99.268404206675825, 19.020408271050375 ], [ -99.272976680384119, 19.020408271050375 ], [ -99.272976680384119, 19.024519953810373 ] ] ] } },
{ "type": "Feature", "properties": { "difference_1990_2000": 64.0, "difference_1990_2010": 193.0, "difference_1990_2020": 147.0 }, "geometry": { "type": "Polygon", "coordinates": [ [ [ -99.272976680384119, 18.749258055456497 ], [ -99.268404206675825, 18.749258055456497 ], [ -99.268404206675825, 18.745153043605534 ], [ -99.272976680384119, 18.745153043605551 ], [ -99.272976680384119, 18.749258055456497 ] ] ] } },
{ "type": "Feature", "properties": { "difference_1990_2000": 34.0, "difference_1990_2010": 65.0, "difference_1990_2020": 105.0 }, "geometry": { "type": "Polygon", "coordinates": [ [ [ -99.272976680384119, 19.036855605363844 ], [ -99.268404206675825, 19.036855605363844 ], [ -99.268404206675825, 19.032743620938696 ], [ -99.272976680384119, 19.032743620938696 ], [ -99.272976680384119, 19.036855605363844 ] ] ] } },
{ "type": "Feature", "properties": { "difference_1990_2000": 126.0, "difference_1990_2010": 235.0, "difference_1990_2020": 205.0 }, "geometry": { "type": "Polygon", "coordinates": [ [ [ -99.272976680384119, 18.954634995374633 ], [ -99.268404206675825, 18.954634995374633 ], [ -99.268404206675825, 18.950525017230078 ], [ -99.272976680384119, 18.950525017230078 ], [ -99.272976680384119, 18.954634995374633 ] ] ] } },
{ "type": "Feature", "properties": { "difference_1990_2000": 55.0, "difference_1990_2010": 92.0, "difference_1990_2020": 141.0 }, "geometry": { "type": "Polygon", "coordinates": [ [ [ -99.272976680384119, 18.979296966176022 ], [ -99.268404206675825, 18.979296966176022 ], [ -99.268404206675825, 18.975186387337384 ], [ -99.272976680384119, 18.975186387337384 ], [ -99.272976680384119, 18.979296966176022 ] ] ] } },
{ "type": "Feature", "properties": { "difference_1990_2000": 57.0, "difference_1990_2010": 115.0, "difference_1990_2020": 196.0 }, "geometry": { "type": "Polygon", "coordinates": [ [ [ -99.272976680384119, 18.975186387337384 ], [ -99.268404206675825, 18.975186387337384 ], [ -99.268404206675825, 18.971075908685147 ], [ -99.272976680384119, 18.971075908685147 ], [ -99.272976680384119, 18.975186387337384 ] ] ] } },
{ "type": "Feature", "properties": { "difference_1990_2000": 335.0, "difference_1990_2010": 458.0, "difference_1990_2020": 460.0 }, "geometry": { "type": "Polygon", "coordinates": [ [ [ -99.272976680384119, 18.950525017230078 ], [ -99.268404206675825, 18.950525017230078 ], [ -99.268404206675825, 18.946415139102097 ], [ -99.272976680384119, 18.946415139102079 ], [ -99.272976680384119, 18.950525017230078 ] ] ] } },
{ "type": "Feature", "properties": { "difference_1990_2000": 2.0, "difference_1990_2010": 64.0, "difference_1990_2020": 226.0 }, "geometry": { "type": "Polygon", "coordinates": [ [ [ -99.272976680384119, 18.971075908685147 ], [ -99.268404206675825, 18.971075908685147 ], [ -99.268404206675825, 18.966965530191111 ], [ -99.272976680384119, 18.966965530191128 ], [ -99.272976680384119, 18.971075908685147 ] ] ] } },
{ "type": "Feature", "properties": { "difference_1990_2000": 28.0, "difference_1990_2010": 61.0, "difference_1990_2020": 86.0 }, "geometry": { "type": "Polygon", "coordinates": [ [ [ -99.272976680384119, 19.028631737097001 ], [ -99.268404206675825, 19.028631737097001 ], [ -99.268404206675825, 19.024519953810373 ], [ -99.272976680384119, 19.024519953810373 ], [ -99.272976680384119, 19.028631737097001 ] ] ] } },
{ "type": "Feature", "properties": { "difference_1990_2000": 86.0, "difference_1990_2010": 161.0, "difference_1990_2020": 250.0 }, "geometry": { "type": "Polygon", "coordinates": [ [ [ -99.272976680384119, 19.032743620938696 ], [ -99.268404206675825, 19.032743620938696 ], [ -99.268404206675825, 19.028631737097001 ], [ -99.272976680384119, 19.028631737097001 ], [ -99.272976680384119, 19.032743620938696 ] ] ] } },
{ "type": "Feature", "properties": { "difference_1990_2000": 62.0, "difference_1990_2010": 107.0, "difference_1990_2020": 157.0 }, "geometry": { "type": "Polygon", "coordinates": [ [ [ -99.272976680384119, 18.983407645229452 ], [ -99.268404206675825, 18.983407645229398 ], [ -99.268404206675825, 18.979296966176022 ], [ -99.272976680384119, 18.979296966176022 ], [ -99.272976680384119, 18.983407645229452 ] ] ] } },
{ "type": "Feature", "properties": { "difference_1990_2000": 63.0, "difference_1990_2010": 383.0, "difference_1990_2020": 513.0 }, "geometry": { "type": "Polygon", "coordinates": [ [ [ -99.272976680384119, 18.958745073564142 ], [ -99.268404206675825, 18.958745073564142 ], [ -99.268404206675825, 18.954634995374633 ], [ -99.272976680384119, 18.954634995374633 ], [ -99.272976680384119, 18.958745073564142 ] ] ] } },
{ "type": "Feature", "properties": { "difference_1990_2000": 5.0, "difference_1990_2010": 381.0, "difference_1990_2020": 541.0 }, "geometry": { "type": "Polygon", "coordinates": [ [ [ -99.272976680384119, 18.966965530191128 ], [ -99.268404206675825, 18.966965530191111 ], [ -99.268404206675825, 18.962855251826873 ], [ -99.272976680384119, 18.962855251826873 ], [ -99.272976680384119, 18.966965530191128 ] ] ] } },
{ "type": "Feature", "properties": { "difference_1990_2000": 33.0, "difference_1990_2010": 307.0, "difference_1990_2020": 514.0 }, "geometry": { "type": "Polygon", "coordinates": [ [ [ -99.272976680384119, 18.962855251826873 ], [ -99.268404206675825, 18.962855251826873 ], [ -99.268404206675825, 18.958745073564142 ], [ -99.272976680384119, 18.958745073564142 ], [ -99.272976680384119, 18.962855251826873 ] ] ] } },
{ "type": "Feature", "properties": { "difference_1990_2000": 136.0, "difference_1990_2010": 191.0, "difference_1990_2020": 186.0 }, "geometry": { "type": "Polygon", "coordinates": [ [ [ -99.272976680384119, 18.946415139102079 ], [ -99.268404206675825, 18.946415139102097 ], [ -99.268404206675825, 18.942305360962511 ], [ -99.272976680384119, 18.942305360962511 ], [ -99.272976680384119, 18.946415139102079 ] ] ] } },
{ "type": "Feature", "properties": { "difference_1990_2000": 30.0, "difference_1990_2010": 51.0, "difference_1990_2020": 42.0 }, "geometry": { "type": "Polygon", "coordinates": [ [ [ -99.272976680384119, 18.745153043605551 ], [ -99.268404206675825, 18.745153043605534 ], [ -99.268404206675825, 18.741048130363872 ], [ -99.272976680384119, 18.741048130363904 ], [ -99.272976680384119, 18.745153043605551 ] ] ] } },
{ "type": "Feature", "properties": { "difference_1990_2000": 15.0, "difference_1990_2010": 37.0, "difference_1990_2020": 44.0 }, "geometry": { "type": "Polygon", "coordinates": [ [ [ -99.085505258344753, 18.864238536521988 ], [ -99.080932784636488, 18.864238536521988 ], [ -99.080932784636488, 18.860130752218581 ], [ -99.085505258344753, 18.860130752218598 ], [ -99.085505258344753, 18.864238536521988 ] ] ] } },
{ "type": "Feature", "properties": { "difference_1990_2000": 25.0, "difference_1990_2010": 26.0, "difference_1990_2020": 16.0 }, "geometry": { "type": "Polygon", "coordinates": [ [ [ -99.085505258344753, 18.98751842452592 ], [ -99.080932784636488, 18.98751842452592 ], [ -99.080932784636488, 18.983407645229434 ], [ -99.085505258344753, 18.983407645229434 ], [ -99.085505258344753, 18.98751842452592 ] ] ] } },
{ "type": "Feature", "properties": { "difference_1990_2000": 38.0, "difference_1990_2010": 1.0, "difference_1990_2020": 25.0 }, "geometry": { "type": "Polygon", "coordinates": [ [ [ -99.085505258344753, 18.979296966176022 ], [ -99.080932784636488, 18.979296966176022 ], [ -99.080932784636488, 18.975186387337349 ], [ -99.085505258344753, 18.975186387337398 ], [ -99.085505258344753, 18.979296966176022 ] ] ] } },
{ "type": "Feature", "properties": { "difference_1990_2000": 17.0, "difference_1990_2010": -8.0, "difference_1990_2020": 11.0 }, "geometry": { "type": "Polygon", "coordinates": [ [ [ -99.085505258344753, 18.975186387337398 ], [ -99.080932784636488, 18.975186387337349 ], [ -99.080932784636488, 18.971075908685133 ], [ -99.085505258344753, 18.971075908685183 ], [ -99.085505258344753, 18.975186387337398 ] ] ] } },
{ "type": "Feature", "properties": { "difference_1990_2000": 82.0, "difference_1990_2010": 43.0, "difference_1990_2020": 246.0 }, "geometry": { "type": "Polygon", "coordinates": [ [ [ -99.085505258344753, 18.880670668255728 ], [ -99.080932784636488, 18.880670668255728 ], [ -99.080932784636488, 18.876562486087852 ], [ -99.085505258344753, 18.876562486087884 ], [ -99.085505258344753, 18.880670668255728 ] ] ] } },
{ "type": "Feature", "properties": { "difference_1990_2000": 1.0, "difference_1990_2010": 3.0, "difference_1990_2020": 5.0 }, "geometry": { "type": "Polygon", "coordinates": [ [ [ -99.085505258344753, 18.888887331229402 ], [ -99.080932784636488, 18.888887331229387 ], [ -99.080932784636488, 18.884778949960179 ], [ -99.085505258344753, 18.884778949960179 ], [ -99.085505258344753, 18.888887331229402 ] ] ] } },
{ "type": "Feature", "properties": { "difference_1990_2000": 14.0, "difference_1990_2010": 14.0, "difference_1990_2020": 9.0 }, "geometry": { "type": "Polygon", "coordinates": [ [ [ -99.085505258344753, 18.983407645229434 ], [ -99.080932784636488, 18.983407645229434 ], [ -99.080932784636488, 18.979296966176022 ], [ -99.085505258344753, 18.979296966176022 ], [ -99.085505258344753, 18.983407645229434 ] ] ] } },
{ "type": "Feature", "properties": { "difference_1990_2000": 12.0, "difference_1990_2010": 36.0, "difference_1990_2020": 38.0 }, "geometry": { "type": "Polygon", "coordinates": [ [ [ -99.085505258344753, 18.991629304093838 ], [ -99.080932784636488, 18.991629304093838 ], [ -99.080932784636488, 18.98751842452592 ], [ -99.085505258344753, 18.98751842452592 ], [ -99.085505258344753, 18.991629304093838 ] ] ] } },
{ "type": "Feature", "properties": { "difference_1990_2000": 40.0, "difference_1990_2010": 192.0, "difference_1990_2020": 195.0 }, "geometry": { "type": "Polygon", "coordinates": [ [ [ -99.085505258344753, 18.868346420249146 ], [ -99.080932784636488, 18.868346420249129 ], [ -99.080932784636488, 18.864238536521988 ], [ -99.085505258344753, 18.864238536521988 ], [ -99.085505258344753, 18.868346420249146 ] ] ] } },
{ "type": "Feature", "properties": { "difference_1990_2000": 38.0, "difference_1990_2010": -21.0, "difference_1990_2020": 115.0 }, "geometry": { "type": "Polygon", "coordinates": [ [ [ -99.085505258344753, 18.884778949960179 ], [ -99.080932784636488, 18.884778949960179 ], [ -99.080932784636488, 18.880670668255728 ], [ -99.085505258344753, 18.880670668255728 ], [ -99.085505258344753, 18.884778949960179 ] ] ] } },
{ "type": "Feature", "properties": { "difference_1990_2000": 5.0, "difference_1990_2010": 16.0, "difference_1990_2020": 18.0 }, "geometry": { "type": "Polygon", "coordinates": [ [ [ -99.085505258344753, 18.999851364157323 ], [ -99.080932784636488, 18.999851364157323 ], [ -99.080932784636488, 18.995740283961542 ], [ -99.085505258344753, 18.995740283961542 ], [ -99.085505258344753, 18.999851364157323 ] ] ] } },
{ "type": "Feature", "properties": { "difference_1990_2000": 12.0, "difference_1990_2010": 36.0, "difference_1990_2020": 40.0 }, "geometry": { "type": "Polygon", "coordinates": [ [ [ -99.085505258344753, 18.995740283961542 ], [ -99.080932784636488, 18.995740283961542 ], [ -99.080932784636488, 18.991629304093838 ], [ -99.085505258344753, 18.991629304093838 ], [ -99.085505258344753, 18.995740283961542 ] ] ] } },
{ "type": "Feature", "properties": { "difference_1990_2000": 34.0, "difference_1990_2010": 72.0, "difference_1990_2020": 89.0 }, "geometry": { "type": "Polygon", "coordinates": [ [ [ -99.085505258344753, 18.876562486087884 ], [ -99.080932784636488, 18.876562486087852 ], [ -99.080932784636488, 18.872454403428407 ], [ -99.085505258344753, 18.872454403428438 ], [ -99.085505258344753, 18.876562486087884 ] ] ] } },
{ "type": "Feature", "properties": { "difference_1990_2000": 110.0, "difference_1990_2010": 180.0, "difference_1990_2020": 229.0 }, "geometry": { "type": "Polygon", "coordinates": [ [ [ -99.085505258344753, 18.872454403428438 ], [ -99.080932784636488, 18.872454403428407 ], [ -99.080932784636488, 18.868346420249129 ], [ -99.085505258344753, 18.868346420249146 ], [ -99.085505258344753, 18.872454403428438 ] ] ] } },
{ "type": "Feature", "properties": { "difference_1990_2000": 48.0, "difference_1990_2010": 42.0, "difference_1990_2020": 6.0 }, "geometry": { "type": "Polygon", "coordinates": [ [ [ -99.263831732967546, 18.732838599596199 ], [ -99.259259259259267, 18.732838599596199 ], [ -99.259259259259267, 18.728733982014187 ], [ -99.263831732967546, 18.728733982014187 ], [ -99.263831732967546, 18.732838599596199 ] ] ] } },
{ "type": "Feature", "properties": { "difference_1990_2000": -184.0, "difference_1990_2010": -135.0, "difference_1990_2020": -178.0 }, "geometry": { "type": "Polygon", "coordinates": [ [ [ -99.263831732967546, 18.938195682782975 ], [ -99.259259259259267, 18.938195682783007 ], [ -99.259259259259267, 18.934086104535261 ], [ -99.263831732967546, 18.934086104535261 ], [ -99.263831732967546, 18.938195682782975 ] ] ] } },
{ "type": "Feature", "properties": { "difference_1990_2000": 117.0, "difference_1990_2010": 148.0, "difference_1990_2020": 197.0 }, "geometry": { "type": "Polygon", "coordinates": [ [ [ -99.263831732967546, 18.831379043597938 ], [ -99.259259259259267, 18.831379043597938 ], [ -99.259259259259267, 18.827272053671937 ], [ -99.263831732967546, 18.827272053671955 ], [ -99.263831732967546, 18.831379043597938 ] ] ] } },
{ "type": "Feature", "properties": { "difference_1990_2000": 76.0, "difference_1990_2010": 148.0, "difference_1990_2020": 238.0 }, "geometry": { "type": "Polygon", "coordinates": [ [ [ -99.263831732967546, 19.036855605363808 ], [ -99.259259259259267, 19.036855605363844 ], [ -99.259259259259267, 19.032743620938696 ], [ -99.263831732967546, 19.032743620938696 ], [ -99.263831732967546, 19.036855605363808 ] ] ] } },
{ "type": "Feature", "properties": { "difference_1990_2000": 49.0, "difference_1990_2010": 83.0, "difference_1990_2020": 92.0 }, "geometry": { "type": "Polygon", "coordinates": [ [ [ -99.263831732967546, 18.749258055456497 ], [ -99.259259259259267, 18.749258055456497 ], [ -99.259259259259267, 18.745153043605551 ], [ -99.263831732967546, 18.745153043605551 ], [ -99.263831732967546, 18.749258055456497 ] ] ] } },
{ "type": "Feature", "properties": { "difference_1990_2000": 114.0, "difference_1990_2010": 198.0, "difference_1990_2020": 291.0 }, "geometry": { "type": "Polygon", "coordinates": [ [ [ -99.263831732967546, 18.979296966175987 ], [ -99.259259259259267, 18.979296966176022 ], [ -99.259259259259267, 18.975186387337384 ], [ -99.263831732967546, 18.975186387337349 ], [ -99.263831732967546, 18.979296966175987 ] ] ] } },
{ "type": "Feature", "properties": { "difference_1990_2000": 59.0, "difference_1990_2010": 418.0, "difference_1990_2020": 616.0 }, "geometry": { "type": "Polygon", "coordinates": [ [ [ -99.263831732967546, 18.954634995374615 ], [ -99.259259259259267, 18.954634995374633 ], [ -99.259259259259267, 18.950525017230078 ], [ -99.263831732967546, 18.950525017230078 ], [ -99.263831732967546, 18.954634995374615 ] ] ] } },
{ "type": "Feature", "properties": { "difference_1990_2000": 116.0, "difference_1990_2010": 202.0, "difference_1990_2020": 298.0 }, "geometry": { "type": "Polygon", "coordinates": [ [ [ -99.263831732967546, 18.975186387337349 ], [ -99.259259259259267, 18.975186387337384 ], [ -99.259259259259267, 18.971075908685147 ], [ -99.263831732967546, 18.971075908685147 ], [ -99.263831732967546, 18.975186387337349 ] ] ] } },
{ "type": "Feature", "properties": { "difference_1990_2000": 73.0, "difference_1990_2010": 121.0, "difference_1990_2020": 147.0 }, "geometry": { "type": "Polygon", "coordinates": [ [ [ -99.263831732967546, 18.98751842452592 ], [ -99.259259259259267, 18.98751842452592 ], [ -99.259259259259267, 18.983407645229434 ], [ -99.263831732967546, 18.983407645229398 ], [ -99.263831732967546, 18.98751842452592 ] ] ] } },
{ "type": "Feature", "properties": { "difference_1990_2000": 0.0, "difference_1990_2010": 0.0, "difference_1990_2020": 2.0 }, "geometry": { "type": "Polygon", "coordinates": [ [ [ -99.263831732967546, 18.880670668255728 ], [ -99.259259259259267, 18.880670668255728 ], [ -99.259259259259267, 18.876562486087884 ], [ -99.263831732967546, 18.876562486087884 ], [ -99.263831732967546, 18.880670668255728 ] ] ] } },
{ "type": "Feature", "properties": { "difference_1990_2000": 527.0, "difference_1990_2010": 791.0, "difference_1990_2020": 933.0 }, "geometry": { "type": "Polygon", "coordinates": [ [ [ -99.263831732967546, 18.814951678804796 ], [ -99.259259259259267, 18.81495167880481 ], [ -99.259259259259267, 18.810845085392398 ], [ -99.263831732967546, 18.810845085392366 ], [ -99.263831732967546, 18.814951678804796 ] ] ] } },
{ "type": "Feature", "properties": { "difference_1990_2000": 377.0, "difference_1990_2010": 528.0, "difference_1990_2020": 652.0 }, "geometry": { "type": "Polygon", "coordinates": [ [ [ -99.263831732967546, 18.827272053671955 ], [ -99.259259259259267, 18.827272053671937 ], [ -99.259259259259267, 18.823165162916485 ], [ -99.263831732967546, 18.823165162916485 ], [ -99.263831732967546, 18.827272053671955 ] ] ] } },
{ "type": "Feature", "properties": { "difference_1990_2000": 74.0, "difference_1990_2010": 191.0, "difference_1990_2020": 247.0 }, "geometry": { "type": "Polygon", "coordinates": [ [ [ -99.263831732967546, 18.950525017230078 ], [ -99.259259259259267, 18.950525017230078 ], [ -99.259259259259267, 18.946415139102079 ], [ -99.263831732967546, 18.946415139102097 ], [ -99.263831732967546, 18.950525017230078 ] ] ] } },
{ "type": "Feature", "properties": { "difference_1990_2000": 99.0, "difference_1990_2010": 154.0, "difference_1990_2020": 222.0 }, "geometry": { "type": "Polygon", "coordinates": [ [ [ -99.263831732967546, 18.971075908685147 ], [ -99.259259259259267, 18.971075908685147 ], [ -99.259259259259267, 18.966965530191111 ], [ -99.263831732967546, 18.966965530191111 ], [ -99.263831732967546, 18.971075908685147 ] ] ] } },
{ "type": "Feature", "properties": { "difference_1990_2000": 757.0, "difference_1990_2010": 885.0, "difference_1990_2020": 1017.0 }, "geometry": { "type": "Polygon", "coordinates": [ [ [ -99.263831732967546, 18.819058371303505 ], [ -99.259259259259267, 18.819058371303505 ], [ -99.259259259259267, 18.814951678804846 ], [ -99.263831732967546, 18.814951678804846 ], [ -99.263831732967546, 18.819058371303505 ] ] ] } },
{ "type": "Feature", "properties": { "difference_1990_2000": 104.0, "difference_1990_2010": 169.0, "difference_1990_2020": 213.0 }, "geometry": { "type": "Polygon", "coordinates": [ [ [ -99.263831732967546, 18.983407645229398 ], [ -99.259259259259267, 18.983407645229434 ], [ -99.259259259259267, 18.979296966176022 ], [ -99.263831732967546, 18.979296966175987 ], [ -99.263831732967546, 18.983407645229398 ] ] ] } },
{ "type": "Feature", "properties": { "difference_1990_2000": 17.0, "difference_1990_2010": 30.0, "difference_1990_2020": 52.0 }, "geometry": { "type": "Polygon", "coordinates": [ [ [ -99.263831732967546, 19.028631737097001 ], [ -99.259259259259267, 19.028631737097001 ], [ -99.259259259259267, 19.024519953810373 ], [ -99.263831732967546, 19.024519953810337 ], [ -99.263831732967546, 19.028631737097001 ] ] ] } },
{ "type": "Feature", "properties": { "difference_1990_2000": 76.0, "difference_1990_2010": 89.0, "difference_1990_2020": 240.0 }, "geometry": { "type": "Polygon", "coordinates": [ [ [ -99.263831732967546, 19.032743620938696 ], [ -99.259259259259267, 19.032743620938696 ], [ -99.259259259259267, 19.028631737097001 ], [ -99.263831732967546, 19.028631737097001 ], [ -99.263831732967546, 19.032743620938696 ] ] ] } },
{ "type": "Feature", "properties": { "difference_1990_2000": 21.0, "difference_1990_2010": 15.0, "difference_1990_2020": 60.0 }, "geometry": { "type": "Polygon", "coordinates": [ [ [ -99.263831732967546, 18.991629304093838 ], [ -99.259259259259267, 18.991629304093838 ], [ -99.259259259259267, 18.98751842452592 ], [ -99.263831732967546, 18.98751842452592 ], [ -99.263831732967546, 18.991629304093838 ] ] ] } },
{ "type": "Feature", "properties": { "difference_1990_2000": 74.0, "difference_1990_2010": 126.0, "difference_1990_2020": 207.0 }, "geometry": { "type": "Polygon", "coordinates": [ [ [ -99.263831732967546, 18.999851364157305 ], [ -99.259259259259267, 18.999851364157323 ], [ -99.259259259259267, 18.995740283961542 ], [ -99.263831732967546, 18.995740283961542 ], [ -99.263831732967546, 18.999851364157305 ] ] ] } },
{ "type": "Feature", "properties": { "difference_1990_2000": 0.0, "difference_1990_2010": 0.0, "difference_1990_2020": 7.0 }, "geometry": { "type": "Polygon", "coordinates": [ [ [ -99.263831732967546, 18.884778949960179 ], [ -99.259259259259267, 18.884778949960179 ], [ -99.259259259259267, 18.880670668255728 ], [ -99.263831732967546, 18.880670668255728 ], [ -99.263831732967546, 18.884778949960179 ] ] ] } },
{ "type": "Feature", "properties": { "difference_1990_2000": 103.0, "difference_1990_2010": 113.0, "difference_1990_2020": 57.0 }, "geometry": { "type": "Polygon", "coordinates": [ [ [ -99.263831732967546, 18.736943315703392 ], [ -99.259259259259267, 18.736943315703392 ], [ -99.259259259259267, 18.732838599596199 ], [ -99.263831732967546, 18.732838599596199 ], [ -99.263831732967546, 18.736943315703392 ] ] ] } },
{ "type": "Feature", "properties": { "difference_1990_2000": 67.0, "difference_1990_2010": 101.0, "difference_1990_2020": 190.0 }, "geometry": { "type": "Polygon", "coordinates": [ [ [ -99.263831732967546, 18.995740283961542 ], [ -99.259259259259267, 18.995740283961542 ], [ -99.259259259259267, 18.991629304093838 ], [ -99.263831732967546, 18.991629304093838 ], [ -99.263831732967546, 18.995740283961542 ] ] ] } },
{ "type": "Feature", "properties": { "difference_1990_2000": 115.0, "difference_1990_2010": 200.0, "difference_1990_2020": 294.0 }, "geometry": { "type": "Polygon", "coordinates": [ [ [ -99.263831732967546, 18.966965530191111 ], [ -99.259259259259267, 18.966965530191111 ], [ -99.259259259259267, 18.962855251826873 ], [ -99.263831732967546, 18.962855251826873 ], [ -99.263831732967546, 18.966965530191111 ] ] ] } },
{ "type": "Feature", "properties": { "difference_1990_2000": 116.0, "difference_1990_2010": 169.0, "difference_1990_2020": 117.0 }, "geometry": { "type": "Polygon", "coordinates": [ [ [ -99.263831732967546, 18.741048130363851 ], [ -99.259259259259267, 18.741048130363872 ], [ -99.259259259259267, 18.736943315703392 ], [ -99.263831732967546, 18.736943315703392 ], [ -99.263831732967546, 18.741048130363851 ] ] ] } },
{ "type": "Feature", "properties": { "difference_1990_2000": 990.0, "difference_1990_2010": 2376.0, "difference_1990_2020": 2407.0 }, "geometry": { "type": "Polygon", "coordinates": [ [ [ -99.263831732967546, 18.958745073564142 ], [ -99.259259259259267, 18.958745073564142 ], [ -99.259259259259267, 18.954634995374633 ], [ -99.263831732967546, 18.954634995374615 ], [ -99.263831732967546, 18.958745073564142 ] ] ] } },
{ "type": "Feature", "properties": { "difference_1990_2000": 8.0, "difference_1990_2010": 13.0, "difference_1990_2020": 21.0 }, "geometry": { "type": "Polygon", "coordinates": [ [ [ -99.263831732967546, 19.003962544709601 ], [ -99.259259259259267, 19.003962544709601 ], [ -99.259259259259267, 18.999851364157323 ], [ -99.263831732967546, 18.999851364157305 ], [ -99.263831732967546, 19.003962544709601 ] ] ] } },
{ "type": "Feature", "properties": { "difference_1990_2000": 309.0, "difference_1990_2010": 454.0, "difference_1990_2020": 520.0 }, "geometry": { "type": "Polygon", "coordinates": [ [ [ -99.263831732967546, 18.823165162916485 ], [ -99.259259259259267, 18.823165162916485 ], [ -99.259259259259267, 18.819058371303505 ], [ -99.263831732967546, 18.819058371303505 ], [ -99.263831732967546, 18.823165162916485 ] ] ] } },
{ "type": "Feature", "properties": { "difference_1990_2000": 9.0, "difference_1990_2010": 18.0, "difference_1990_2020": 30.0 }, "geometry": { "type": "Polygon", "coordinates": [ [ [ -99.263831732967546, 19.040967690400819 ], [ -99.259259259259267, 19.040967690400851 ], [ -99.259259259259267, 19.036855605363844 ], [ -99.263831732967546, 19.036855605363808 ], [ -99.263831732967546, 19.040967690400819 ] ] ] } },
{ "type": "Feature", "properties": { "difference_1990_2000": 687.0, "difference_1990_2010": 1371.0, "difference_1990_2020": 1357.0 }, "geometry": { "type": "Polygon", "coordinates": [ [ [ -99.263831732967546, 18.962855251826873 ], [ -99.259259259259267, 18.962855251826873 ], [ -99.259259259259267, 18.958745073564142 ], [ -99.263831732967546, 18.958745073564142 ], [ -99.263831732967546, 18.962855251826873 ] ] ] } },
{ "type": "Feature", "properties": { "difference_1990_2000": 18.0, "difference_1990_2010": 69.0, "difference_1990_2020": 97.0 }, "geometry": { "type": "Polygon", "coordinates": [ [ [ -99.263831732967546, 18.810845085392366 ], [ -99.259259259259267, 18.810845085392398 ], [ -99.259259259259267, 18.806738591038023 ], [ -99.263831732967546, 18.806738591038023 ], [ -99.263831732967546, 18.810845085392366 ] ] ] } },
{ "type": "Feature", "properties": { "difference_1990_2000": -301.0, "difference_1990_2010": -200.0, "difference_1990_2020": -290.0 }, "geometry": { "type": "Polygon", "coordinates": [ [ [ -99.263831732967546, 18.942305360962511 ], [ -99.259259259259267, 18.942305360962511 ], [ -99.259259259259267, 18.938195682783007 ], [ -99.263831732967546, 18.938195682782975 ], [ -99.263831732967546, 18.942305360962511 ] ] ] } },
{ "type": "Feature", "properties": { "difference_1990_2000": 137.0, "difference_1990_2010": 218.0, "difference_1990_2020": 180.0 }, "geometry": { "type": "Polygon", "coordinates": [ [ [ -99.263831732967546, 18.745153043605551 ], [ -99.259259259259267, 18.745153043605551 ], [ -99.259259259259267, 18.741048130363872 ], [ -99.263831732967546, 18.741048130363851 ], [ -99.263831732967546, 18.745153043605551 ] ] ] } },
{ "type": "Feature", "properties": { "difference_1990_2000": 106.0, "difference_1990_2010": 163.0, "difference_1990_2020": 81.0 }, "geometry": { "type": "Polygon", "coordinates": [ [ [ -99.263831732967546, 18.946415139102097 ], [ -99.259259259259267, 18.946415139102079 ], [ -99.259259259259267, 18.942305360962511 ], [ -99.263831732967546, 18.942305360962511 ], [ -99.263831732967546, 18.946415139102097 ] ] ] } },
{ "type": "Feature", "properties": { "difference_1990_2000": 230.0, "difference_1990_2010": 414.0, "difference_1990_2020": 477.0 }, "geometry": { "type": "Polygon", "coordinates": [ [ [ -99.076360310928237, 18.892995812091637 ], [ -99.071787837219958, 18.892995812091637 ], [ -99.071787837219958, 18.888887331229402 ], [ -99.076360310928237, 18.888887331229402 ], [ -99.076360310928237, 18.892995812091637 ] ] ] } },
{ "type": "Feature", "properties": { "difference_1990_2000": 143.0, "difference_1990_2010": 188.0, "difference_1990_2020": 215.0 }, "geometry": { "type": "Polygon", "coordinates": [ [ [ -99.076360310928237, 18.864238536521988 ], [ -99.071787837219958, 18.864238536521956 ], [ -99.071787837219958, 18.860130752218598 ], [ -99.076360310928237, 18.860130752218598 ], [ -99.076360310928237, 18.864238536521988 ] ] ] } },
{ "type": "Feature", "properties": { "difference_1990_2000": 176.0, "difference_1990_2010": 220.0, "difference_1990_2020": 228.0 }, "geometry": { "type": "Polygon", "coordinates": [ [ [ -99.076360310928237, 18.860130752218598 ], [ -99.071787837219958, 18.860130752218598 ], [ -99.071787837219958, 18.856023067310918 ], [ -99.076360310928237, 18.856023067310918 ], [ -99.076360310928237, 18.860130752218598 ] ] ] } },
{ "type": "Feature", "properties": { "difference_1990_2000": 142.0, "difference_1990_2010": 301.0, "difference_1990_2020": 414.0 }, "geometry": { "type": "Polygon", "coordinates": [ [ [ -99.076360310928237, 18.897104392574974 ], [ -99.071787837219958, 18.897104392574985 ], [ -99.071787837219958, 18.892995812091637 ], [ -99.076360310928237, 18.892995812091637 ], [ -99.076360310928237, 18.897104392574974 ] ] ] } },
{ "type": "Feature", "properties": { "difference_1990_2000": -59.0, "difference_1990_2010": -37.0, "difference_1990_2020": -35.0 }, "geometry": { "type": "Polygon", "coordinates": [ [ [ -99.076360310928237, 18.98751842452592 ], [ -99.071787837219958, 18.98751842452592 ], [ -99.071787837219958, 18.983407645229452 ], [ -99.076360310928237, 18.983407645229452 ], [ -99.076360310928237, 18.98751842452592 ] ] ] } },
{ "type": "Feature", "properties": { "difference_1990_2000": 0.0, "difference_1990_2010": -20.0, "difference_1990_2020": -21.0 }, "geometry": { "type": "Polygon", "coordinates": [ [ [ -99.076360310928237, 18.979296966176022 ], [ -99.071787837219958, 18.979296966176022 ], [ -99.071787837219958, 18.975186387337384 ], [ -99.076360310928237, 18.975186387337384 ], [ -99.076360310928237, 18.979296966176022 ] ] ] } },
{ "type": "Feature", "properties": { "difference_1990_2000": 1.0, "difference_1990_2010": 0.0, "difference_1990_2020": 1.0 }, "geometry": { "type": "Polygon", "coordinates": [ [ [ -99.076360310928237, 18.851915481770817 ], [ -99.071787837219958, 18.851915481770849 ], [ -99.071787837219958, 18.847807995570069 ], [ -99.076360310928237, 18.847807995570069 ], [ -99.076360310928237, 18.851915481770817 ] ] ] } },
{ "type": "Feature", "properties": { "difference_1990_2000": 26.0, "difference_1990_2010": 56.0, "difference_1990_2020": 105.0 }, "geometry": { "type": "Polygon", "coordinates": [ [ [ -99.076360310928237, 18.905321852518146 ], [ -99.071787837219958, 18.905321852518146 ], [ -99.071787837219958, 18.901213072707769 ], [ -99.076360310928237, 18.901213072707769 ], [ -99.076360310928237, 18.905321852518146 ] ] ] } },
{ "type": "Feature", "properties": { "difference_1990_2000": 332.0, "difference_1990_2010": 447.0, "difference_1990_2020": 495.0 }, "geometry": { "type": "Polygon", "coordinates": [ [ [ -99.076360310928237, 18.880670668255728 ], [ -99.071787837219958, 18.880670668255728 ], [ -99.071787837219958, 18.876562486087899 ], [ -99.076360310928237, 18.876562486087884 ], [ -99.076360310928237, 18.880670668255728 ] ] ] } },
{ "type": "Feature", "properties": { "difference_1990_2000": 187.0, "difference_1990_2010": 373.0, "difference_1990_2020": 414.0 }, "geometry": { "type": "Polygon", "coordinates": [ [ [ -99.076360310928237, 18.888887331229402 ], [ -99.071787837219958, 18.888887331229402 ], [ -99.071787837219958, 18.884778949960179 ], [ -99.076360310928237, 18.884778949960179 ], [ -99.076360310928237, 18.888887331229402 ] ] ] } },
{ "type": "Feature", "properties": { "difference_1990_2000": 6.0, "difference_1990_2010": 15.0, "difference_1990_2020": 23.0 }, "geometry": { "type": "Polygon", "coordinates": [ [ [ -99.076360310928237, 18.991629304093838 ], [ -99.071787837219958, 18.991629304093838 ], [ -99.071787837219958, 18.98751842452592 ], [ -99.076360310928237, 18.98751842452592 ], [ -99.076360310928237, 18.991629304093838 ] ] ] } },
{ "type": "Feature", "properties": { "difference_1990_2000": 0.0, "difference_1990_2010": -195.0, "difference_1990_2020": -197.0 }, "geometry": { "type": "Polygon", "coordinates": [ [ [ -99.076360310928237, 18.983407645229452 ], [ -99.071787837219958, 18.983407645229452 ], [ -99.071787837219958, 18.979296966176022 ], [ -99.076360310928237, 18.979296966176022 ], [ -99.076360310928237, 18.983407645229452 ] ] ] } },
{ "type": "Feature", "properties": { "difference_1990_2000": 85.0, "difference_1990_2010": 163.0, "difference_1990_2020": 217.0 }, "geometry": { "type": "Polygon", "coordinates": [ [ [ -99.076360310928237, 18.868346420249146 ], [ -99.071787837219958, 18.868346420249146 ], [ -99.071787837219958, 18.864238536521956 ], [ -99.076360310928237, 18.864238536521988 ], [ -99.076360310928237, 18.868346420249146 ] ] ] } },
{ "type": "Feature", "properties": { "difference_1990_2000": 507.0, "difference_1990_2010": 705.0, "difference_1990_2020": 754.0 }, "geometry": { "type": "Polygon", "coordinates": [ [ [ -99.076360310928237, 18.884778949960179 ], [ -99.071787837219958, 18.884778949960179 ], [ -99.071787837219958, 18.880670668255728 ], [ -99.076360310928237, 18.880670668255728 ], [ -99.076360310928237, 18.884778949960179 ] ] ] } },
{ "type": "Feature", "properties": { "difference_1990_2000": 178.0, "difference_1990_2010": 214.0, "difference_1990_2020": 212.0 }, "geometry": { "type": "Polygon", "coordinates": [ [ [ -99.076360310928237, 18.856023067310918 ], [ -99.071787837219958, 18.856023067310918 ], [ -99.071787837219958, 18.851915481770849 ], [ -99.076360310928237, 18.851915481770817 ], [ -99.076360310928237, 18.856023067310918 ] ] ] } },
{ "type": "Feature", "properties": { "difference_1990_2000": 186.0, "difference_1990_2010": 254.0, "difference_1990_2020": 295.0 }, "geometry": { "type": "Polygon", "coordinates": [ [ [ -99.076360310928237, 18.876562486087884 ], [ -99.071787837219958, 18.876562486087899 ], [ -99.071787837219958, 18.872454403428438 ], [ -99.076360310928237, 18.872454403428438 ], [ -99.076360310928237, 18.876562486087884 ] ] ] } },
{ "type": "Feature", "properties": { "difference_1990_2000": 74.0, "difference_1990_2010": 174.0, "difference_1990_2020": 281.0 }, "geometry": { "type": "Polygon", "coordinates": [ [ [ -99.076360310928237, 18.901213072707769 ], [ -99.071787837219958, 18.901213072707769 ], [ -99.071787837219958, 18.897104392574985 ], [ -99.076360310928237, 18.897104392574974 ], [ -99.076360310928237, 18.901213072707769 ] ] ] } },
{ "type": "Feature", "properties": { "difference_1990_2000": 107.0, "difference_1990_2010": 184.0, "difference_1990_2020": 248.0 }, "geometry": { "type": "Polygon", "coordinates": [ [ [ -99.076360310928237, 18.872454403428438 ], [ -99.071787837219958, 18.872454403428438 ], [ -99.071787837219958, 18.868346420249146 ], [ -99.076360310928237, 18.868346420249146 ], [ -99.076360310928237, 18.872454403428438 ] ] ] } },
{ "type": "Feature", "properties": { "difference_1990_2000": 239.0, "difference_1990_2010": 419.0, "difference_1990_2020": 672.0 }, "geometry": { "type": "Polygon", "coordinates": [ [ [ -99.254686785551002, 18.864238536521956 ], [ -99.250114311842694, 18.864238536521988 ], [ -99.250114311842694, 18.860130752218598 ], [ -99.254686785551002, 18.860130752218581 ], [ -99.254686785551002, 18.864238536521956 ] ] ] } },
{ "type": "Feature", "properties": { "difference_1990_2000": 186.0, "difference_1990_2010": 385.0, "difference_1990_2020": 552.0 }, "geometry": { "type": "Polygon", "coordinates": [ [ [ -99.254686785551002, 18.839593321074069 ], [ -99.250114311842694, 18.839593321074087 ], [ -99.250114311842694, 18.835486132722654 ], [ -99.254686785551002, 18.835486132722622 ], [ -99.254686785551002, 18.839593321074069 ] ] ] } },
{ "type": "Feature", "properties": { "difference_1990_2000": 0.0, "difference_1990_2010": 159.0, "difference_1990_2020": 519.0 }, "geometry": { "type": "Polygon", "coordinates": [ [ [ -99.254686785551002, 18.860130752218581 ], [ -99.250114311842694, 18.860130752218598 ], [ -99.250114311842694, 18.85602306731095 ], [ -99.254686785551002, 18.856023067310918 ], [ -99.254686785551002, 18.860130752218581 ] ] ] } },
{ "type": "Feature", "properties": { "difference_1990_2000": 195.0, "difference_1990_2010": 404.0, "difference_1990_2020": 554.0 }, "geometry": { "type": "Polygon", "coordinates": [ [ [ -99.254686785551002, 18.835486132722622 ], [ -99.250114311842694, 18.835486132722654 ], [ -99.250114311842694, 18.831379043597938 ], [ -99.254686785551002, 18.831379043597938 ], [ -99.254686785551002, 18.835486132722622 ] ] ] } },
{ "type": "Feature", "properties": { "difference_1990_2000": 0.0, "difference_1990_2010": 0.0, "difference_1990_2020": 257.0 }, "geometry": { "type": "Polygon", "coordinates": [ [ [ -99.254686785551002, 18.679486245814726 ], [ -99.250114311842694, 18.679486245814726 ], [ -99.250114311842694, 18.675382906515434 ], [ -99.254686785551002, 18.67538290651547 ], [ -99.254686785551002, 18.679486245814726 ] ] ] } },
{ "type": "Feature", "properties": { "difference_1990_2000": 17.0, "difference_1990_2010": 51.0, "difference_1990_2020": -28.0 }, "geometry": { "type": "Polygon", "coordinates": [ [ [ -99.254686785551002, 18.938195682783007 ], [ -99.250114311842694, 18.938195682783007 ], [ -99.250114311842694, 18.934086104535261 ], [ -99.254686785551002, 18.934086104535261 ], [ -99.254686785551002, 18.938195682783007 ] ] ] } },
{ "type": "Feature", "properties": { "difference_1990_2000": 245.0, "difference_1990_2010": 463.0, "difference_1990_2020": 592.0 }, "geometry": { "type": "Polygon", "coordinates": [ [ [ -99.254686785551002, 18.831379043597938 ], [ -99.250114311842694, 18.831379043597938 ], [ -99.250114311842694, 18.827272053671955 ], [ -99.254686785551002, 18.827272053671955 ], [ -99.254686785551002, 18.831379043597938 ] ] ] } },
{ "type": "Feature", "properties": { "difference_1990_2000": 38.0, "difference_1990_2010": 38.0, "difference_1990_2020": 13.0 }, "geometry": { "type": "Polygon", "coordinates": [ [ [ -99.254686785551002, 18.749258055456497 ], [ -99.250114311842694, 18.749258055456497 ], [ -99.250114311842694, 18.745153043605551 ], [ -99.254686785551002, 18.745153043605551 ], [ -99.254686785551002, 18.749258055456497 ] ] ] } },
{ "type": "Feature", "properties": { "difference_1990_2000": 218.0, "difference_1990_2010": 346.0, "difference_1990_2020": 445.0 }, "geometry": { "type": "Polygon", "coordinates": [ [ [ -99.254686785551002, 18.98751842452592 ], [ -99.250114311842694, 18.987518424525938 ], [ -99.250114311842694, 18.983407645229434 ], [ -99.254686785551002, 18.983407645229434 ], [ -99.254686785551002, 18.98751842452592 ] ] ] } },
{ "type": "Feature", "properties": { "difference_1990_2000": 263.0, "difference_1990_2010": 724.0, "difference_1990_2020": 767.0 }, "geometry": { "type": "Polygon", "coordinates": [ [ [ -99.254686785551002, 18.954634995374633 ], [ -99.250114311842694, 18.954634995374633 ], [ -99.250114311842694, 18.950525017230078 ], [ -99.254686785551002, 18.950525017230078 ], [ -99.254686785551002, 18.954634995374633 ] ] ] } },
{ "type": "Feature", "properties": { "difference_1990_2000": 8.0, "difference_1990_2010": -21.0, "difference_1990_2020": 1.0 }, "geometry": { "type": "Polygon", "coordinates": [ [ [ -99.254686785551002, 18.75336316594468 ], [ -99.250114311842694, 18.75336316594468 ], [ -99.250114311842694, 18.749258055456497 ], [ -99.254686785551002, 18.749258055456497 ], [ -99.254686785551002, 18.75336316594468 ] ] ] } },
{ "type": "Feature", "properties": { "difference_1990_2000": 158.0, "difference_1990_2010": 212.0, "difference_1990_2020": 221.0 }, "geometry": { "type": "Polygon", "coordinates": [ [ [ -99.254686785551002, 18.975186387337384 ], [ -99.250114311842694, 18.975186387337384 ], [ -99.250114311842694, 18.971075908685183 ], [ -99.254686785551002, 18.971075908685147 ], [ -99.254686785551002, 18.975186387337384 ] ] ] } },
{ "type": "Feature", "properties": { "difference_1990_2000": 207.0, "difference_1990_2010": 324.0, "difference_1990_2020": 430.0 }, "geometry": { "type": "Polygon", "coordinates": [ [ [ -99.254686785551002, 18.979296966176047 ], [ -99.250114311842694, 18.979296966176047 ], [ -99.250114311842694, 18.975186387337384 ], [ -99.254686785551002, 18.975186387337384 ], [ -99.254686785551002, 18.979296966176047 ] ] ] } },
{ "type": "Feature", "properties": { "difference_1990_2000": 0.0, "difference_1990_2010": 0.0, "difference_1990_2020": 89.0 }, "geometry": { "type": "Polygon", "coordinates": [ [ [ -99.254686785551002, 18.687693218926508 ], [ -99.250114311842694, 18.687693218926544 ], [ -99.250114311842694, 18.68358968327583 ], [ -99.254686785551002, 18.683589683275798 ], [ -99.254686785551002, 18.687693218926508 ] ] ] } },
{ "type": "Feature", "properties": { "difference_1990_2000": 0.0, "difference_1990_2010": 0.0, "difference_1990_2020": 414.0 }, "geometry": { "type": "Polygon", "coordinates": [ [ [ -99.254686785551002, 18.68358968327578 ], [ -99.250114311842694, 18.68358968327578 ], [ -99.250114311842694, 18.679486245814726 ], [ -99.254686785551002, 18.679486245814726 ], [ -99.254686785551002, 18.68358968327578 ] ] ] } },
{ "type": "Feature", "properties": { "difference_1990_2000": 0.0, "difference_1990_2010": 15.0, "difference_1990_2020": 366.0 }, "geometry": { "type": "Polygon", "coordinates": [ [ [ -99.254686785551002, 18.880670668255728 ], [ -99.250114311842694, 18.880670668255746 ], [ -99.250114311842694, 18.876562486087884 ], [ -99.254686785551002, 18.876562486087884 ], [ -99.254686785551002, 18.880670668255728 ] ] ] } },
{ "type": "Feature", "properties": { "difference_1990_2000": 537.0, "difference_1990_2010": 684.0, "difference_1990_2020": 798.0 }, "geometry": { "type": "Polygon", "coordinates": [ [ [ -99.254686785551002, 18.827272053671955 ], [ -99.250114311842694, 18.827272053671955 ], [ -99.250114311842694, 18.823165162916485 ], [ -99.254686785551002, 18.823165162916485 ], [ -99.254686785551002, 18.827272053671955 ] ] ] } },
{ "type": "Feature", "properties": { "difference_1990_2000": 28.0, "difference_1990_2010": 653.0, "difference_1990_2020": 849.0 }, "geometry": { "type": "Polygon", "coordinates": [ [ [ -99.254686785551002, 18.950525017230078 ], [ -99.250114311842694, 18.950525017230078 ], [ -99.250114311842694, 18.946415139102097 ], [ -99.254686785551002, 18.946415139102097 ], [ -99.254686785551002, 18.950525017230078 ] ] ] } },
{ "type": "Feature", "properties": { "difference_1990_2000": 112.0, "difference_1990_2010": 421.0, "difference_1990_2020": 502.0 }, "geometry": { "type": "Polygon", "coordinates": [ [ [ -99.254686785551002, 18.81495167880481 ], [ -99.250114311842694, 18.81495167880481 ], [ -99.250114311842694, 18.810845085392366 ], [ -99.254686785551002, 18.810845085392366 ], [ -99.254686785551002, 18.81495167880481 ] ] ] } },
{ "type": "Feature", "properties": { "difference_1990_2000": 47.0, "difference_1990_2010": 8.0, "difference_1990_2020": -6.0 }, "geometry": { "type": "Polygon", "coordinates": [ [ [ -99.254686785551002, 18.971075908685147 ], [ -99.250114311842694, 18.971075908685183 ], [ -99.250114311842694, 18.966965530191111 ], [ -99.254686785551002, 18.966965530191072 ], [ -99.254686785551002, 18.971075908685147 ] ] ] } },
{ "type": "Feature", "properties": { "difference_1990_2000": 430.0, "difference_1990_2010": 677.0, "difference_1990_2020": 803.0 }, "geometry": { "type": "Polygon", "coordinates": [ [ [ -99.254686785551002, 18.819058371303505 ], [ -99.250114311842694, 18.819058371303505 ], [ -99.250114311842694, 18.814951678804846 ], [ -99.254686785551002, 18.814951678804846 ], [ -99.254686785551002, 18.819058371303505 ] ] ] } },
{ "type": "Feature", "properties": { "difference_1990_2000": 212.0, "difference_1990_2010": 125.0, "difference_1990_2020": -60.0 }, "geometry": { "type": "Polygon", "coordinates": [ [ [ -99.254686785551002, 18.925867247722184 ], [ -99.250114311842694, 18.925867247722184 ], [ -99.250114311842694, 18.921757969100355 ], [ -99.254686785551002, 18.921757969100295 ], [ -99.254686785551002, 18.925867247722184 ] ] ] } },
{ "type": "Feature", "properties": { "difference_1990_2000": 227.0, "difference_1990_2010": 217.0, "difference_1990_2020": 103.0 }, "geometry": { "type": "Polygon", "coordinates": [ [ [ -99.254686785551002, 18.934086104535261 ], [ -99.250114311842694, 18.934086104535261 ], [ -99.250114311842694, 18.929976626191074 ], [ -99.254686785551002, 18.929976626191074 ], [ -99.254686785551002, 18.934086104535261 ] ] ] } },
{ "type": "Feature", "properties": { "difference_1990_2000": 225.0, "difference_1990_2010": 355.0, "difference_1990_2020": 456.0 }, "geometry": { "type": "Polygon", "coordinates": [ [ [ -99.254686785551002, 18.983407645229434 ], [ -99.250114311842694, 18.983407645229434 ], [ -99.250114311842694, 18.979296966176047 ], [ -99.254686785551002, 18.979296966176047 ], [ -99.254686785551002, 18.983407645229434 ] ] ] } },
{ "type": "Feature", "properties": { "difference_1990_2000": 116.0, "difference_1990_2010": 195.0, "difference_1990_2020": 302.0 }, "geometry": { "type": "Polygon", "coordinates": [ [ [ -99.254686785551002, 18.991629304093838 ], [ -99.250114311842694, 18.991629304093838 ], [ -99.250114311842694, 18.987518424525938 ], [ -99.254686785551002, 18.98751842452592 ], [ -99.254686785551002, 18.991629304093838 ] ] ] } },
{ "type": "Feature", "properties": { "difference_1990_2000": 559.0, "difference_1990_2010": 665.0, "difference_1990_2020": 736.0 }, "geometry": { "type": "Polygon", "coordinates": [ [ [ -99.254686785551002, 18.868346420249146 ], [ -99.250114311842694, 18.868346420249146 ], [ -99.250114311842694, 18.864238536521988 ], [ -99.254686785551002, 18.864238536521956 ], [ -99.254686785551002, 18.868346420249146 ] ] ] } },
{ "type": "Feature", "properties": { "difference_1990_2000": 40.0, "difference_1990_2010": 69.0, "difference_1990_2020": 67.0 }, "geometry": { "type": "Polygon", "coordinates": [ [ [ -99.254686785551002, 18.91353971128466 ], [ -99.250114311842694, 18.91353971128466 ], [ -99.250114311842694, 18.909430732034373 ], [ -99.254686785551002, 18.909430732034373 ], [ -99.254686785551002, 18.91353971128466 ] ] ] } },
{ "type": "Feature", "properties": { "difference_1990_2000": 0.0, "difference_1990_2010": 0.0, "difference_1990_2020": 138.0 }, "geometry": { "type": "Polygon", "coordinates": [ [ [ -99.254686785551002, 18.884778949960179 ], [ -99.250114311842694, 18.884778949960179 ], [ -99.250114311842694, 18.880670668255746 ], [ -99.254686785551002, 18.880670668255728 ], [ -99.254686785551002, 18.884778949960179 ] ] ] } },
{ "type": "Feature", "properties": { "difference_1990_2000": 40.0, "difference_1990_2010": 1.0, "difference_1990_2020": -20.0 }, "geometry": { "type": "Polygon", "coordinates": [ [ [ -99.254686785551002, 18.966965530191072 ], [ -99.250114311842694, 18.966965530191111 ], [ -99.250114311842694, 18.962855251826873 ], [ -99.254686785551002, 18.962855251826873 ], [ -99.254686785551002, 18.966965530191072 ] ] ] } },
{ "type": "Feature", "properties": { "difference_1990_2000": 10.0, "difference_1990_2010": 18.0, "difference_1990_2020": 29.0 }, "geometry": { "type": "Polygon", "coordinates": [ [ [ -99.254686785551002, 18.999851364157323 ], [ -99.250114311842694, 18.999851364157323 ], [ -99.250114311842694, 18.995740283961542 ], [ -99.254686785551002, 18.995740283961542 ], [ -99.254686785551002, 18.999851364157323 ] ] ] } },
{ "type": "Feature", "properties": { "difference_1990_2000": 71.0, "difference_1990_2010": 112.0, "difference_1990_2020": 130.0 }, "geometry": { "type": "Polygon", "coordinates": [ [ [ -99.254686785551002, 18.736943315703392 ], [ -99.250114311842694, 18.736943315703392 ], [ -99.250114311842694, 18.732838599596164 ], [ -99.254686785551002, 18.732838599596164 ], [ -99.254686785551002, 18.736943315703392 ] ] ] } },
{ "type": "Feature", "properties": { "difference_1990_2000": 32.0, "difference_1990_2010": 54.0, "difference_1990_2020": 89.0 }, "geometry": { "type": "Polygon", "coordinates": [ [ [ -99.254686785551002, 18.995740283961542 ], [ -99.250114311842694, 18.995740283961542 ], [ -99.250114311842694, 18.991629304093838 ], [ -99.254686785551002, 18.991629304093838 ], [ -99.254686785551002, 18.995740283961542 ] ] ] } },
{ "type": "Feature", "properties": { "difference_1990_2000": 72.0, "difference_1990_2010": 113.0, "difference_1990_2020": 122.0 }, "geometry": { "type": "Polygon", "coordinates": [ [ [ -99.254686785551002, 18.958745073564142 ], [ -99.250114311842694, 18.958745073564181 ], [ -99.250114311842694, 18.954634995374633 ], [ -99.254686785551002, 18.954634995374633 ], [ -99.254686785551002, 18.958745073564142 ] ] ] } },
{ "type": "Feature", "properties": { "difference_1990_2000": 308.0, "difference_1990_2010": 489.0, "difference_1990_2020": 559.0 }, "geometry": { "type": "Polygon", "coordinates": [ [ [ -99.254686785551002, 18.741048130363872 ], [ -99.250114311842694, 18.741048130363872 ], [ -99.250114311842694, 18.736943315703392 ], [ -99.254686785551002, 18.736943315703392 ], [ -99.254686785551002, 18.741048130363872 ] ] ] } },
{ "type": "Feature", "properties": { "difference_1990_2000": 0.0, "difference_1990_2010": 89.0, "difference_1990_2020": 121.0 }, "geometry": { "type": "Polygon", "coordinates": [ [ [ -99.254686785551002, 18.847807995570069 ], [ -99.250114311842694, 18.847807995570069 ], [ -99.250114311842694, 18.843700608680571 ], [ -99.254686785551002, 18.843700608680571 ], [ -99.254686785551002, 18.847807995570069 ] ] ] } },
{ "type": "Feature", "properties": { "difference_1990_2000": 0.0, "difference_1990_2010": 0.0, "difference_1990_2020": 776.0 }, "geometry": { "type": "Polygon", "coordinates": [ [ [ -99.254686785551002, 18.691796852794855 ], [ -99.250114311842694, 18.691796852794855 ], [ -99.250114311842694, 18.687693218926544 ], [ -99.254686785551002, 18.687693218926508 ], [ -99.254686785551002, 18.691796852794855 ] ] ] } },
{ "type": "Feature", "properties": { "difference_1990_2000": 453.0, "difference_1990_2010": 752.0, "difference_1990_2020": 836.0 }, "geometry": { "type": "Polygon", "coordinates": [ [ [ -99.254686785551002, 18.823165162916485 ], [ -99.250114311842694, 18.823165162916485 ], [ -99.250114311842694, 18.819058371303505 ], [ -99.254686785551002, 18.819058371303505 ], [ -99.254686785551002, 18.823165162916485 ] ] ] } },
{ "type": "Feature", "properties": { "difference_1990_2000": 42.0, "difference_1990_2010": 76.0, "difference_1990_2020": 82.0 }, "geometry": { "type": "Polygon", "coordinates": [ [ [ -99.254686785551002, 18.962855251826873 ], [ -99.250114311842694, 18.962855251826873 ], [ -99.250114311842694, 18.958745073564181 ], [ -99.254686785551002, 18.958745073564142 ], [ -99.254686785551002, 18.962855251826873 ] ] ] } },
{ "type": "Feature", "properties": { "difference_1990_2000": 0.0, "difference_1990_2010": 64.0, "difference_1990_2020": 727.0 }, "geometry": { "type": "Polygon", "coordinates": [ [ [ -99.254686785551002, 18.876562486087884 ], [ -99.250114311842694, 18.876562486087884 ], [ -99.250114311842694, 18.87245440342846 ], [ -99.254686785551002, 18.872454403428438 ], [ -99.254686785551002, 18.876562486087884 ] ] ] } },
{ "type": "Feature", "properties": { "difference_1990_2000": 0.0, "difference_1990_2010": 8.0, "difference_1990_2020": 9.0 }, "geometry": { "type": "Polygon", "coordinates": [ [ [ -99.254686785551002, 18.810845085392366 ], [ -99.250114311842694, 18.810845085392366 ], [ -99.250114311842694, 18.806738591038023 ], [ -99.254686785551002, 18.806738591038023 ], [ -99.254686785551002, 18.810845085392366 ] ] ] } },
{ "type": "Feature", "properties": { "difference_1990_2000": 68.0, "difference_1990_2010": 116.0, "difference_1990_2020": 144.0 }, "geometry": { "type": "Polygon", "coordinates": [ [ [ -99.254686785551002, 18.942305360962511 ], [ -99.250114311842694, 18.942305360962511 ], [ -99.250114311842694, 18.938195682783007 ], [ -99.254686785551002, 18.938195682783007 ], [ -99.254686785551002, 18.942305360962511 ] ] ] } },
{ "type": "Feature", "properties": { "difference_1990_2000": 105.0, "difference_1990_2010": 364.0, "difference_1990_2020": 752.0 }, "geometry": { "type": "Polygon", "coordinates": [ [ [ -99.254686785551002, 18.872454403428438 ], [ -99.250114311842694, 18.87245440342846 ], [ -99.250114311842694, 18.868346420249146 ], [ -99.254686785551002, 18.868346420249146 ], [ -99.254686785551002, 18.872454403428438 ] ] ] } },
{ "type": "Feature", "properties": { "difference_1990_2000": 45.0, "difference_1990_2010": 57.0, "difference_1990_2020": 0.0 }, "geometry": { "type": "Polygon", "coordinates": [ [ [ -99.254686785551002, 18.921757969100295 ], [ -99.250114311842694, 18.921757969100355 ], [ -99.250114311842694, 18.917648790297225 ], [ -99.254686785551002, 18.917648790297225 ], [ -99.254686785551002, 18.921757969100295 ] ] ] } },
{ "type": "Feature", "properties": { "difference_1990_2000": 53.0, "difference_1990_2010": 233.0, "difference_1990_2020": 386.0 }, "geometry": { "type": "Polygon", "coordinates": [ [ [ -99.254686785551002, 18.843700608680571 ], [ -99.250114311842694, 18.843700608680571 ], [ -99.250114311842694, 18.839593321074087 ], [ -99.254686785551002, 18.839593321074069 ], [ -99.254686785551002, 18.843700608680571 ] ] ] } },
{ "type": "Feature", "properties": { "difference_1990_2000": 1095.0, "difference_1990_2010": 1139.0, "difference_1990_2020": 900.0 }, "geometry": { "type": "Polygon", "coordinates": [ [ [ -99.254686785551002, 18.929976626191074 ], [ -99.250114311842694, 18.929976626191074 ], [ -99.250114311842694, 18.925867247722184 ], [ -99.254686785551002, 18.925867247722184 ], [ -99.254686785551002, 18.929976626191074 ] ] ] } },
{ "type": "Feature", "properties": { "difference_1990_2000": 196.0, "difference_1990_2010": 295.0, "difference_1990_2020": 351.0 }, "geometry": { "type": "Polygon", "coordinates": [ [ [ -99.254686785551002, 18.745153043605551 ], [ -99.250114311842694, 18.745153043605551 ], [ -99.250114311842694, 18.741048130363872 ], [ -99.254686785551002, 18.741048130363872 ], [ -99.254686785551002, 18.745153043605551 ] ] ] } },
{ "type": "Feature", "properties": { "difference_1990_2000": 61.0, "difference_1990_2010": 394.0, "difference_1990_2020": 578.0 }, "geometry": { "type": "Polygon", "coordinates": [ [ [ -99.254686785551002, 18.946415139102097 ], [ -99.250114311842694, 18.946415139102097 ], [ -99.250114311842694, 18.942305360962511 ], [ -99.254686785551002, 18.942305360962511 ], [ -99.254686785551002, 18.946415139102097 ] ] ] } },
{ "type": "Feature", "properties": { "difference_1990_2000": 211.0, "difference_1990_2010": 194.0, "difference_1990_2020": 140.0 }, "geometry": { "type": "Polygon", "coordinates": [ [ [ -99.067215363511679, 18.892995812091637 ], [ -99.062642889803385, 18.892995812091637 ], [ -99.062642889803385, 18.888887331229402 ], [ -99.067215363511679, 18.888887331229441 ], [ -99.067215363511679, 18.892995812091637 ] ] ] } },
{ "type": "Feature", "properties": { "difference_1990_2000": 79.0, "difference_1990_2010": 146.0, "difference_1990_2020": 228.0 }, "geometry": { "type": "Polygon", "coordinates": [ [ [ -99.067215363511679, 18.864238536521988 ], [ -99.062642889803385, 18.864238536521988 ], [ -99.062642889803385, 18.860130752218598 ], [ -99.067215363511679, 18.860130752218581 ], [ -99.067215363511679, 18.864238536521988 ] ] ] } },
{ "type": "Feature", "properties": { "difference_1990_2000": 37.0, "difference_1990_2010": 58.0, "difference_1990_2020": 88.0 }, "geometry": { "type": "Polygon", "coordinates": [ [ [ -99.067215363511679, 18.860130752218581 ], [ -99.062642889803385, 18.860130752218598 ], [ -99.062642889803385, 18.8560230673109 ], [ -99.067215363511679, 18.856023067310918 ], [ -99.067215363511679, 18.860130752218581 ] ] ] } },
{ "type": "Feature", "properties": { "difference_1990_2000": 142.0, "difference_1990_2010": 169.0, "difference_1990_2020": 172.0 }, "geometry": { "type": "Polygon", "coordinates": [ [ [ -99.067215363511679, 18.897104392574985 ], [ -99.062642889803385, 18.897104392574974 ], [ -99.062642889803385, 18.892995812091637 ], [ -99.067215363511679, 18.892995812091637 ], [ -99.067215363511679, 18.897104392574985 ] ] ] } },
{ "type": "Feature", "properties": { "difference_1990_2000": 4.0, "difference_1990_2010": 5.0, "difference_1990_2020": 5.0 }, "geometry": { "type": "Polygon", "coordinates": [ [ [ -99.067215363511679, 18.905321852518163 ], [ -99.062642889803385, 18.905321852518146 ], [ -99.062642889803385, 18.901213072707751 ], [ -99.067215363511679, 18.901213072707801 ], [ -99.067215363511679, 18.905321852518163 ] ] ] } },
{ "type": "Feature", "properties": { "difference_1990_2000": 465.0, "difference_1990_2010": 434.0, "difference_1990_2020": 396.0 }, "geometry": { "type": "Polygon", "coordinates": [ [ [ -99.067215363511679, 18.880670668255728 ], [ -99.062642889803385, 18.880670668255728 ], [ -99.062642889803385, 18.876562486087884 ], [ -99.067215363511679, 18.876562486087899 ], [ -99.067215363511679, 18.880670668255728 ] ] ] } },
{ "type": "Feature", "properties": { "difference_1990_2000": -129.0, "difference_1990_2010": -144.0, "difference_1990_2020": -228.0 }, "geometry": { "type": "Polygon", "coordinates": [ [ [ -99.067215363511679, 18.888887331229441 ], [ -99.062642889803385, 18.888887331229402 ], [ -99.062642889803385, 18.884778949960179 ], [ -99.067215363511679, 18.884778949960179 ], [ -99.067215363511679, 18.888887331229441 ] ] ] } },
{ "type": "Feature", "properties": { "difference_1990_2000": 22.0, "difference_1990_2010": 113.0, "difference_1990_2020": 197.0 }, "geometry": { "type": "Polygon", "coordinates": [ [ [ -99.067215363511679, 18.868346420249178 ], [ -99.062642889803385, 18.868346420249146 ], [ -99.062642889803385, 18.864238536521988 ], [ -99.067215363511679, 18.864238536521988 ], [ -99.067215363511679, 18.868346420249178 ] ] ] } },
{ "type": "Feature", "properties": { "difference_1990_2000": 427.0, "difference_1990_2010": 346.0, "difference_1990_2020": 233.0 }, "geometry": { "type": "Polygon", "coordinates": [ [ [ -99.067215363511679, 18.884778949960179 ], [ -99.062642889803385, 18.884778949960179 ], [ -99.062642889803385, 18.880670668255728 ], [ -99.067215363511679, 18.880670668255728 ], [ -99.067215363511679, 18.884778949960179 ] ] ] } },
{ "type": "Feature", "properties": { "difference_1990_2000": 182.0, "difference_1990_2010": 231.0, "difference_1990_2020": 283.0 }, "geometry": { "type": "Polygon", "coordinates": [ [ [ -99.067215363511679, 18.876562486087899 ], [ -99.062642889803385, 18.876562486087884 ], [ -99.062642889803385, 18.872454403428407 ], [ -99.067215363511679, 18.872454403428438 ], [ -99.067215363511679, 18.876562486087899 ] ] ] } },
{ "type": "Feature", "properties": { "difference_1990_2000": 85.0, "difference_1990_2010": 177.0, "difference_1990_2020": 238.0 }, "geometry": { "type": "Polygon", "coordinates": [ [ [ -99.067215363511679, 18.872454403428438 ], [ -99.062642889803385, 18.872454403428407 ], [ -99.062642889803385, 18.868346420249146 ], [ -99.067215363511679, 18.868346420249178 ], [ -99.067215363511679, 18.872454403428438 ] ] ] } },
{ "type": "Feature", "properties": { "difference_1990_2000": 92.0, "difference_1990_2010": 109.0, "difference_1990_2020": 111.0 }, "geometry": { "type": "Polygon", "coordinates": [ [ [ -99.067215363511679, 18.901213072707801 ], [ -99.062642889803385, 18.901213072707751 ], [ -99.062642889803385, 18.897104392574974 ], [ -99.067215363511679, 18.897104392574985 ], [ -99.067215363511679, 18.901213072707801 ] ] ] } },
{ "type": "Feature", "properties": { "difference_1990_2000": -363.0, "difference_1990_2010": -605.0, "difference_1990_2020": -740.0 }, "geometry": { "type": "Polygon", "coordinates": [ [ [ -99.245541838134457, 18.929976626191113 ], [ -99.240969364426164, 18.929976626191074 ], [ -99.240969364426164, 18.925867247722206 ], [ -99.245541838134457, 18.925867247722206 ], [ -99.245541838134457, 18.929976626191113 ] ] ] } },
{ "type": "Feature", "properties": { "difference_1990_2000": 366.0, "difference_1990_2010": 514.0, "difference_1990_2020": 570.0 }, "geometry": { "type": "Polygon", "coordinates": [ [ [ -99.245541838134457, 18.864238536521988 ], [ -99.240969364426164, 18.864238536521988 ], [ -99.240969364426164, 18.860130752218598 ], [ -99.245541838134457, 18.860130752218598 ], [ -99.245541838134457, 18.864238536521988 ] ] ] } },
{ "type": "Feature", "properties": { "difference_1990_2000": 403.0, "difference_1990_2010": 554.0, "difference_1990_2020": 608.0 }, "geometry": { "type": "Polygon", "coordinates": [ [ [ -99.245541838134457, 18.860130752218598 ], [ -99.240969364426164, 18.860130752218598 ], [ -99.240969364426164, 18.856023067310918 ], [ -99.245541838134457, 18.856023067310918 ], [ -99.245541838134457, 18.860130752218598 ] ] ] } },
{ "type": "Feature", "properties": { "difference_1990_2000": 395.0, "difference_1990_2010": 595.0, "difference_1990_2020": 509.0 }, "geometry": { "type": "Polygon", "coordinates": [ [ [ -99.245541838134457, 18.839593321074126 ], [ -99.240969364426164, 18.839593321074087 ], [ -99.240969364426164, 18.835486132722654 ], [ -99.245541838134457, 18.835486132722622 ], [ -99.245541838134457, 18.839593321074126 ] ] ] } },
{ "type": "Feature", "properties": { "difference_1990_2000": 17.0, "difference_1990_2010": 31.0, "difference_1990_2020": 32.0 }, "geometry": { "type": "Polygon", "coordinates": [ [ [ -99.245541838134457, 18.798525899391365 ], [ -99.240969364426164, 18.798525899391365 ], [ -99.240969364426164, 18.794419702042852 ], [ -99.245541838134457, 18.794419702042887 ], [ -99.245541838134457, 18.798525899391365 ] ] ] } },
{ "type": "Feature", "properties": { "difference_1990_2000": 406.0, "difference_1990_2010": 614.0, "difference_1990_2020": 668.0 }, "geometry": { "type": "Polygon", "coordinates": [ [ [ -99.245541838134457, 18.835486132722622 ], [ -99.240969364426164, 18.835486132722654 ], [ -99.240969364426164, 18.831379043597956 ], [ -99.245541838134457, 18.831379043597988 ], [ -99.245541838134457, 18.835486132722622 ] ] ] } },
{ "type": "Feature", "properties": { "difference_1990_2000": 0.0, "difference_1990_2010": 0.0, "difference_1990_2020": 795.0 }, "geometry": { "type": "Polygon", "coordinates": [ [ [ -99.245541838134457, 18.679486245814726 ], [ -99.240969364426164, 18.679486245814726 ], [ -99.240969364426164, 18.67538290651547 ], [ -99.245541838134457, 18.675382906515434 ], [ -99.245541838134457, 18.679486245814726 ] ] ] } },
{ "type": "Feature", "properties": { "difference_1990_2000": -228.0, "difference_1990_2010": -511.0, "difference_1990_2020": -684.0 }, "geometry": { "type": "Polygon", "coordinates": [ [ [ -99.245541838134457, 18.938195682783007 ], [ -99.240969364426164, 18.938195682783007 ], [ -99.240969364426164, 18.934086104535293 ], [ -99.245541838134457, 18.934086104535261 ], [ -99.245541838134457, 18.938195682783007 ] ] ] } },
{ "type": "Feature", "properties": { "difference_1990_2000": 0.0, "difference_1990_2010": 0.0, "difference_1990_2020": 516.0 }, "geometry": { "type": "Polygon", "coordinates": [ [ [ -99.245541838134457, 18.695900584908721 ], [ -99.240969364426164, 18.695900584908753 ], [ -99.240969364426164, 18.691796852794873 ], [ -99.245541838134457, 18.691796852794855 ], [ -99.245541838134457, 18.695900584908721 ] ] ] } },
{ "type": "Feature", "properties": { "difference_1990_2000": -26.0, "difference_1990_2010": -83.0, "difference_1990_2020": -194.0 }, "geometry": { "type": "Polygon", "coordinates": [ [ [ -99.245541838134457, 18.831379043597988 ], [ -99.240969364426164, 18.831379043597956 ], [ -99.240969364426164, 18.827272053671955 ], [ -99.245541838134457, 18.827272053671955 ], [ -99.245541838134457, 18.831379043597988 ] ] ] } },
{ "type": "Feature", "properties": { "difference_1990_2000": 186.0, "difference_1990_2010": 276.0, "difference_1990_2020": 357.0 }, "geometry": { "type": "Polygon", "coordinates": [ [ [ -99.245541838134457, 18.98751842452592 ], [ -99.240969364426164, 18.987518424525938 ], [ -99.240969364426164, 18.983407645229434 ], [ -99.245541838134457, 18.983407645229434 ], [ -99.245541838134457, 18.98751842452592 ] ] ] } },
{ "type": "Feature", "properties": { "difference_1990_2000": 69.0, "difference_1990_2010": -49.0, "difference_1990_2020": -142.0 }, "geometry": { "type": "Polygon", "coordinates": [ [ [ -99.245541838134457, 18.954634995374633 ], [ -99.240969364426164, 18.954634995374633 ], [ -99.240969364426164, 18.950525017230078 ], [ -99.245541838134457, 18.950525017230095 ], [ -99.245541838134457, 18.954634995374633 ] ] ] } },
{ "type": "Feature", "properties": { "difference_1990_2000": 653.0, "difference_1990_2010": 683.0, "difference_1990_2020": 664.0 }, "geometry": { "type": "Polygon", "coordinates": [ [ [ -99.245541838134457, 18.979296966176022 ], [ -99.240969364426164, 18.979296966176022 ], [ -99.240969364426164, 18.975186387337398 ], [ -99.245541838134457, 18.975186387337398 ], [ -99.245541838134457, 18.979296966176022 ] ] ] } },
{ "type": "Feature", "properties": { "difference_1990_2000": 660.0, "difference_1990_2010": 688.0, "difference_1990_2020": 664.0 }, "geometry": { "type": "Polygon", "coordinates": [ [ [ -99.245541838134457, 18.975186387337398 ], [ -99.240969364426164, 18.975186387337398 ], [ -99.240969364426164, 18.971075908685147 ], [ -99.245541838134457, 18.971075908685183 ], [ -99.245541838134457, 18.975186387337398 ] ] ] } },
{ "type": "Feature", "properties": { "difference_1990_2000": 11.0, "difference_1990_2010": 93.0, "difference_1990_2020": 191.0 }, "geometry": { "type": "Polygon", "coordinates": [ [ [ -99.245541838134457, 19.053304549467029 ], [ -99.240969364426164, 19.053304549466993 ], [ -99.240969364426164, 19.049192162424024 ], [ -99.245541838134457, 19.049192162424024 ], [ -99.245541838134457, 19.053304549467029 ] ] ] } },
{ "type": "Feature", "properties": { "difference_1990_2000": 275.0, "difference_1990_2010": 305.0, "difference_1990_2020": 138.0 }, "geometry": { "type": "Polygon", "coordinates": [ [ [ -99.245541838134457, 18.917648790297225 ], [ -99.240969364426164, 18.917648790297243 ], [ -99.240969364426164, 18.91353971128466 ], [ -99.245541838134457, 18.91353971128466 ], [ -99.245541838134457, 18.917648790297225 ] ] ] } },
{ "type": "Feature", "properties": { "difference_1990_2000": 0.0, "difference_1990_2010": 0.0, "difference_1990_2020": 1367.0 }, "geometry": { "type": "Polygon", "coordinates": [ [ [ -99.245541838134457, 18.687693218926508 ], [ -99.240969364426164, 18.687693218926544 ], [ -99.240969364426164, 18.683589683275798 ], [ -99.245541838134457, 18.683589683275798 ], [ -99.245541838134457, 18.687693218926508 ] ] ] } },
{ "type": "Feature", "properties": { "difference_1990_2000": 330.0, "difference_1990_2010": 523.0, "difference_1990_2020": 493.0 }, "geometry": { "type": "Polygon", "coordinates": [ [ [ -99.245541838134457, 18.851915481770817 ], [ -99.240969364426164, 18.851915481770817 ], [ -99.240969364426164, 18.847807995570069 ], [ -99.245541838134457, 18.847807995570069 ], [ -99.245541838134457, 18.851915481770817 ] ] ] } },
{ "type": "Feature", "properties": { "difference_1990_2000": -62.0, "difference_1990_2010": 175.0, "difference_1990_2020": 124.0 }, "geometry": { "type": "Polygon", "coordinates": [ [ [ -99.245541838134457, 18.905321852518163 ], [ -99.240969364426164, 18.905321852518146 ], [ -99.240969364426164, 18.901213072707769 ], [ -99.245541838134457, 18.901213072707769 ], [ -99.245541838134457, 18.905321852518163 ] ] ] } },
{ "type": "Feature", "properties": { "difference_1990_2000": 0.0, "difference_1990_2010": 0.0, "difference_1990_2020": 1382.0 }, "geometry": { "type": "Polygon", "coordinates": [ [ [ -99.245541838134457, 18.68358968327578 ], [ -99.240969364426164, 18.68358968327578 ], [ -99.240969364426164, 18.679486245814726 ], [ -99.245541838134457, 18.679486245814726 ], [ -99.245541838134457, 18.68358968327578 ] ] ] } },
{ "type": "Feature", "properties": { "difference_1990_2000": 165.0, "difference_1990_2010": 379.0, "difference_1990_2020": 251.0 }, "geometry": { "type": "Polygon", "coordinates": [ [ [ -99.245541838134457, 18.827272053671955 ], [ -99.240969364426164, 18.827272053671955 ], [ -99.240969364426164, 18.823165162916485 ], [ -99.245541838134457, 18.823165162916506 ], [ -99.245541838134457, 18.827272053671955 ] ] ] } },
{ "type": "Feature", "properties": { "difference_1990_2000": 0.0, "difference_1990_2010": 0.0, "difference_1990_2020": 3.0 }, "geometry": { "type": "Polygon", "coordinates": [ [ [ -99.245541838134457, 18.880670668255746 ], [ -99.240969364426164, 18.880670668255746 ], [ -99.240969364426164, 18.876562486087884 ], [ -99.245541838134457, 18.876562486087899 ], [ -99.245541838134457, 18.880670668255746 ] ] ] } },
{ "type": "Feature", "properties": { "difference_1990_2000": 318.0, "difference_1990_2010": 432.0, "difference_1990_2020": 626.0 }, "geometry": { "type": "Polygon", "coordinates": [ [ [ -99.245541838134457, 18.81495167880481 ], [ -99.240969364426164, 18.814951678804846 ], [ -99.240969364426164, 18.810845085392366 ], [ -99.245541838134457, 18.810845085392398 ], [ -99.245541838134457, 18.81495167880481 ] ] ] } },
{ "type": "Feature", "properties": { "difference_1990_2000": 71.0, "difference_1990_2010": -60.0, "difference_1990_2020": -144.0 }, "geometry": { "type": "Polygon", "coordinates": [ [ [ -99.245541838134457, 18.950525017230095 ], [ -99.240969364426164, 18.950525017230078 ], [ -99.240969364426164, 18.946415139102097 ], [ -99.245541838134457, 18.946415139102097 ], [ -99.245541838134457, 18.950525017230095 ] ] ] } },
{ "type": "Feature", "properties": { "difference_1990_2000": 414.0, "difference_1990_2010": 689.0, "difference_1990_2020": 824.0 }, "geometry": { "type": "Polygon", "coordinates": [ [ [ -99.245541838134457, 18.819058371303505 ], [ -99.240969364426164, 18.819058371303523 ], [ -99.240969364426164, 18.814951678804864 ], [ -99.245541838134457, 18.814951678804864 ], [ -99.245541838134457, 18.819058371303505 ] ] ] } },
{ "type": "Feature", "properties": { "difference_1990_2000": 46.0, "difference_1990_2010": 194.0, "difference_1990_2020": 222.0 }, "geometry": { "type": "Polygon", "coordinates": [ [ [ -99.245541838134457, 18.794419702042887 ], [ -99.240969364426164, 18.794419702042852 ], [ -99.240969364426164, 18.79031360364009 ], [ -99.245541838134457, 18.79031360364009 ], [ -99.245541838134457, 18.794419702042887 ] ] ] } },
{ "type": "Feature", "properties": { "difference_1990_2000": 282.0, "difference_1990_2010": 326.0, "difference_1990_2020": 275.0 }, "geometry": { "type": "Polygon", "coordinates": [ [ [ -99.245541838134457, 18.971075908685183 ], [ -99.240969364426164, 18.971075908685147 ], [ -99.240969364426164, 18.966965530191128 ], [ -99.245541838134457, 18.966965530191128 ], [ -99.245541838134457, 18.971075908685183 ] ] ] } },
{ "type": "Feature", "properties": { "difference_1990_2000": -360.0, "difference_1990_2010": -760.0, "difference_1990_2020": -1001.0 }, "geometry": { "type": "Polygon", "coordinates": [ [ [ -99.245541838134457, 18.934086104535261 ], [ -99.240969364426164, 18.934086104535293 ], [ -99.240969364426164, 18.929976626191074 ], [ -99.245541838134457, 18.929976626191113 ], [ -99.245541838134457, 18.934086104535261 ] ] ] } },
{ "type": "Feature", "properties": { "difference_1990_2000": -24.0, "difference_1990_2010": -92.0, "difference_1990_2020": -176.0 }, "geometry": { "type": "Polygon", "coordinates": [ [ [ -99.245541838134457, 18.925867247722206 ], [ -99.240969364426164, 18.925867247722206 ], [ -99.240969364426164, 18.921757969100319 ], [ -99.245541838134457, 18.921757969100319 ], [ -99.245541838134457, 18.925867247722206 ] ] ] } },
{ "type": "Feature", "properties": { "difference_1990_2000": 267.0, "difference_1990_2010": 351.0, "difference_1990_2020": 453.0 }, "geometry": { "type": "Polygon", "coordinates": [ [ [ -99.245541838134457, 19.061529625757935 ], [ -99.240969364426164, 19.061529625757935 ], [ -99.240969364426164, 19.05741703723551 ], [ -99.245541838134457, 19.05741703723551 ], [ -99.245541838134457, 19.061529625757935 ] ] ] } },
{ "type": "Feature", "properties": { "difference_1990_2000": 19.0, "difference_1990_2010": 38.0, "difference_1990_2020": 56.0 }, "geometry": { "type": "Polygon", "coordinates": [ [ [ -99.245541838134457, 19.045079876078098 ], [ -99.240969364426164, 19.045079876078098 ], [ -99.240969364426164, 19.040967690400851 ], [ -99.245541838134457, 19.040967690400869 ], [ -99.245541838134457, 19.045079876078098 ] ] ] } },
{ "type": "Feature", "properties": { "difference_1990_2000": 454.0, "difference_1990_2010": 521.0, "difference_1990_2020": 563.0 }, "geometry": { "type": "Polygon", "coordinates": [ [ [ -99.245541838134457, 18.983407645229434 ], [ -99.240969364426164, 18.983407645229434 ], [ -99.240969364426164, 18.979296966176022 ], [ -99.245541838134457, 18.979296966176022 ], [ -99.245541838134457, 18.983407645229434 ] ] ] } },
{ "type": "Feature", "properties": { "difference_1990_2000": 0.0, "difference_1990_2010": 0.0, "difference_1990_2020": 1.0 }, "geometry": { "type": "Polygon", "coordinates": [ [ [ -99.245541838134457, 18.704108343984977 ], [ -99.240969364426164, 18.704108343984977 ], [ -99.240969364426164, 18.700004415296135 ], [ -99.245541838134457, 18.700004415296135 ], [ -99.245541838134457, 18.704108343984977 ] ] ] } },
{ "type": "Feature", "properties": { "difference_1990_2000": 32.0, "difference_1990_2010": 47.0, "difference_1990_2020": 52.0 }, "geometry": { "type": "Polygon", "coordinates": [ [ [ -99.245541838134457, 18.991629304093838 ], [ -99.240969364426164, 18.991629304093838 ], [ -99.240969364426164, 18.987518424525938 ], [ -99.245541838134457, 18.98751842452592 ], [ -99.245541838134457, 18.991629304093838 ] ] ] } },
{ "type": "Feature", "properties": { "difference_1990_2000": 203.0, "difference_1990_2010": 229.0, "difference_1990_2020": 345.0 }, "geometry": { "type": "Polygon", "coordinates": [ [ [ -99.245541838134457, 19.065642315062725 ], [ -99.240969364426164, 19.06564231506276 ], [ -99.240969364426164, 19.061529625757935 ], [ -99.245541838134457, 19.061529625757935 ], [ -99.245541838134457, 19.065642315062725 ] ] ] } },
{ "type": "Feature", "properties": { "difference_1990_2000": 490.0, "difference_1990_2010": 686.0, "difference_1990_2020": 566.0 }, "geometry": { "type": "Polygon", "coordinates": [ [ [ -99.245541838134457, 18.91353971128466 ], [ -99.240969364426164, 18.91353971128466 ], [ -99.240969364426164, 18.909430732034426 ], [ -99.245541838134457, 18.909430732034405 ], [ -99.245541838134457, 18.91353971128466 ] ] ] } },
{ "type": "Feature", "properties": { "difference_1990_2000": 237.0, "difference_1990_2010": 370.0, "difference_1990_2020": 424.0 }, "geometry": { "type": "Polygon", "coordinates": [ [ [ -99.245541838134457, 18.868346420249178 ], [ -99.240969364426164, 18.868346420249146 ], [ -99.240969364426164, 18.864238536521988 ], [ -99.245541838134457, 18.864238536521988 ], [ -99.245541838134457, 18.868346420249178 ] ] ] } },
{ "type": "Feature", "properties": { "difference_1990_2000": 0.0, "difference_1990_2010": 0.0, "difference_1990_2020": 100.0 }, "geometry": { "type": "Polygon", "coordinates": [ [ [ -99.245541838134457, 18.700004415296135 ], [ -99.240969364426164, 18.700004415296135 ], [ -99.240969364426164, 18.695900584908753 ], [ -99.245541838134457, 18.695900584908721 ], [ -99.245541838134457, 18.700004415296135 ] ] ] } },
{ "type": "Feature", "properties": { "difference_1990_2000": 44.0, "difference_1990_2010": 98.0, "difference_1990_2020": 182.0 }, "geometry": { "type": "Polygon", "coordinates": [ [ [ -99.245541838134457, 19.049192162424024 ], [ -99.240969364426164, 19.049192162424024 ], [ -99.240969364426164, 19.045079876078098 ], [ -99.245541838134457, 19.045079876078098 ], [ -99.245541838134457, 19.049192162424024 ] ] ] } },
{ "type": "Feature", "properties": { "difference_1990_2000": 403.0, "difference_1990_2010": 785.0, "difference_1990_2020": 706.0 }, "geometry": { "type": "Polygon", "coordinates": [ [ [ -99.245541838134457, 18.909430732034405 ], [ -99.240969364426164, 18.909430732034426 ], [ -99.240969364426164, 18.905321852518146 ], [ -99.245541838134457, 18.905321852518163 ], [ -99.245541838134457, 18.909430732034405 ] ] ] } },
{ "type": "Feature", "properties": { "difference_1990_2000": 65.0, "difference_1990_2010": -25.0, "difference_1990_2020": -117.0 }, "geometry": { "type": "Polygon", "coordinates": [ [ [ -99.245541838134457, 18.958745073564142 ], [ -99.240969364426164, 18.958745073564142 ], [ -99.240969364426164, 18.954634995374633 ], [ -99.245541838134457, 18.954634995374633 ], [ -99.245541838134457, 18.958745073564142 ] ] ] } },
{ "type": "Feature", "properties": { "difference_1990_2000": 60.0, "difference_1990_2010": 92.0, "difference_1990_2020": 40.0 }, "geometry": { "type": "Polygon", "coordinates": [ [ [ -99.245541838134457, 18.966965530191128 ], [ -99.240969364426164, 18.966965530191128 ], [ -99.240969364426164, 18.962855251826873 ], [ -99.245541838134457, 18.962855251826873 ], [ -99.245541838134457, 18.966965530191128 ] ] ] } },
{ "type": "Feature", "properties": { "difference_1990_2000": 410.0, "difference_1990_2010": 705.0, "difference_1990_2020": 702.0 }, "geometry": { "type": "Polygon", "coordinates": [ [ [ -99.245541838134457, 18.847807995570069 ], [ -99.240969364426164, 18.847807995570069 ], [ -99.240969364426164, 18.843700608680571 ], [ -99.245541838134457, 18.843700608680571 ], [ -99.245541838134457, 18.847807995570069 ] ] ] } },
{ "type": "Feature", "properties": { "difference_1990_2000": 0.0, "difference_1990_2010": 0.0, "difference_1990_2020": 1186.0 }, "geometry": { "type": "Polygon", "coordinates": [ [ [ -99.245541838134457, 18.691796852794855 ], [ -99.240969364426164, 18.691796852794873 ], [ -99.240969364426164, 18.687693218926544 ], [ -99.245541838134457, 18.687693218926508 ], [ -99.245541838134457, 18.691796852794855 ] ] ] } },
{ "type": "Feature", "properties": { "difference_1990_2000": 514.0, "difference_1990_2010": 665.0, "difference_1990_2020": 746.0 }, "geometry": { "type": "Polygon", "coordinates": [ [ [ -99.245541838134457, 18.823165162916506 ], [ -99.240969364426164, 18.823165162916485 ], [ -99.240969364426164, 18.819058371303523 ], [ -99.245541838134457, 18.819058371303505 ], [ -99.245541838134457, 18.823165162916506 ] ] ] } },
{ "type": "Feature", "properties": { "difference_1990_2000": 0.0, "difference_1990_2010": 97.0, "difference_1990_2020": 112.0 }, "geometry": { "type": "Polygon", "coordinates": [ [ [ -99.245541838134457, 18.79031360364009 ], [ -99.240969364426164, 18.79031360364009 ], [ -99.240969364426164, 18.786207604155059 ], [ -99.245541838134457, 18.786207604155045 ], [ -99.245541838134457, 18.79031360364009 ] ] ] } },
{ "type": "Feature", "properties": { "difference_1990_2000": 620.0, "difference_1990_2010": 805.0, "difference_1990_2020": 818.0 }, "geometry": { "type": "Polygon", "coordinates": [ [ [ -99.245541838134457, 18.856023067310918 ], [ -99.240969364426164, 18.856023067310918 ], [ -99.240969364426164, 18.851915481770817 ], [ -99.245541838134457, 18.851915481770817 ], [ -99.245541838134457, 18.856023067310918 ] ] ] } },
{ "type": "Feature", "properties": { "difference_1990_2000": 55.0, "difference_1990_2010": 60.0, "difference_1990_2020": -4.0 }, "geometry": { "type": "Polygon", "coordinates": [ [ [ -99.245541838134457, 18.962855251826873 ], [ -99.240969364426164, 18.962855251826873 ], [ -99.240969364426164, 18.958745073564142 ], [ -99.245541838134457, 18.958745073564142 ], [ -99.245541838134457, 18.962855251826873 ] ] ] } },
{ "type": "Feature", "properties": { "difference_1990_2000": 0.0, "difference_1990_2010": 0.0, "difference_1990_2020": 196.0 }, "geometry": { "type": "Polygon", "coordinates": [ [ [ -99.245541838134457, 18.675382906515434 ], [ -99.240969364426164, 18.67538290651547 ], [ -99.240969364426164, 18.67127966535001 ], [ -99.245541838134457, 18.67127966535001 ], [ -99.245541838134457, 18.675382906515434 ] ] ] } },
{ "type": "Feature", "properties": { "difference_1990_2000": 7.0, "difference_1990_2010": 14.0, "difference_1990_2020": 21.0 }, "geometry": { "type": "Polygon", "coordinates": [ [ [ -99.245541838134457, 19.040967690400869 ], [ -99.240969364426164, 19.040967690400851 ], [ -99.240969364426164, 19.036855605363844 ], [ -99.245541838134457, 19.036855605363844 ], [ -99.245541838134457, 19.040967690400869 ] ] ] } },
{ "type": "Feature", "properties": { "difference_1990_2000": 2.0, "difference_1990_2010": 17.0, "difference_1990_2020": 262.0 }, "geometry": { "type": "Polygon", "coordinates": [ [ [ -99.245541838134457, 18.876562486087899 ], [ -99.240969364426164, 18.876562486087884 ], [ -99.240969364426164, 18.87245440342846 ], [ -99.245541838134457, 18.872454403428438 ], [ -99.245541838134457, 18.876562486087899 ] ] ] } },
{ "type": "Feature", "properties": { "difference_1990_2000": 112.0, "difference_1990_2010": 196.0, "difference_1990_2020": 295.0 }, "geometry": { "type": "Polygon", "coordinates": [ [ [ -99.245541838134457, 19.05741703723551 ], [ -99.240969364426164, 19.05741703723551 ], [ -99.240969364426164, 19.053304549466993 ], [ -99.245541838134457, 19.053304549467029 ], [ -99.245541838134457, 19.05741703723551 ] ] ] } },
{ "type": "Feature", "properties": { "difference_1990_2000": -4.0, "difference_1990_2010": 11.0, "difference_1990_2020": 1.0 }, "geometry": { "type": "Polygon", "coordinates": [ [ [ -99.245541838134457, 18.901213072707769 ], [ -99.240969364426164, 18.901213072707769 ], [ -99.240969364426164, 18.897104392574985 ], [ -99.245541838134457, 18.897104392574985 ], [ -99.245541838134457, 18.901213072707769 ] ] ] } },
{ "type": "Feature", "properties": { "difference_1990_2000": 11.0, "difference_1990_2010": 66.0, "difference_1990_2020": 94.0 }, "geometry": { "type": "Polygon", "coordinates": [ [ [ -99.245541838134457, 18.806738591038023 ], [ -99.240969364426164, 18.806738591038023 ], [ -99.240969364426164, 18.802632195713745 ], [ -99.245541838134457, 18.802632195713745 ], [ -99.245541838134457, 18.806738591038023 ] ] ] } },
{ "type": "Feature", "properties": { "difference_1990_2000": 69.0, "difference_1990_2010": 2.0, "difference_1990_2020": -28.0 }, "geometry": { "type": "Polygon", "coordinates": [ [ [ -99.245541838134457, 18.942305360962511 ], [ -99.240969364426164, 18.942305360962511 ], [ -99.240969364426164, 18.938195682783007 ], [ -99.245541838134457, 18.938195682783007 ], [ -99.245541838134457, 18.942305360962511 ] ] ] } },
{ "type": "Feature", "properties": { "difference_1990_2000": 88.0, "difference_1990_2010": 149.0, "difference_1990_2020": 302.0 }, "geometry": { "type": "Polygon", "coordinates": [ [ [ -99.245541838134457, 18.872454403428438 ], [ -99.240969364426164, 18.87245440342846 ], [ -99.240969364426164, 18.868346420249146 ], [ -99.245541838134457, 18.868346420249178 ], [ -99.245541838134457, 18.872454403428438 ] ] ] } },
{ "type": "Feature", "properties": { "difference_1990_2000": 280.0, "difference_1990_2010": 356.0, "difference_1990_2020": 536.0 }, "geometry": { "type": "Polygon", "coordinates": [ [ [ -99.245541838134457, 18.810845085392398 ], [ -99.240969364426164, 18.810845085392366 ], [ -99.240969364426164, 18.806738591038023 ], [ -99.245541838134457, 18.806738591038023 ], [ -99.245541838134457, 18.810845085392398 ] ] ] } },
{ "type": "Feature", "properties": { "difference_1990_2000": 394.0, "difference_1990_2010": 585.0, "difference_1990_2020": 489.0 }, "geometry": { "type": "Polygon", "coordinates": [ [ [ -99.245541838134457, 18.843700608680571 ], [ -99.240969364426164, 18.843700608680571 ], [ -99.240969364426164, 18.839593321074087 ], [ -99.245541838134457, 18.839593321074126 ], [ -99.245541838134457, 18.843700608680571 ] ] ] } },
{ "type": "Feature", "properties": { "difference_1990_2000": 200.0, "difference_1990_2010": 204.0, "difference_1990_2020": 75.0 }, "geometry": { "type": "Polygon", "coordinates": [ [ [ -99.245541838134457, 18.921757969100319 ], [ -99.240969364426164, 18.921757969100319 ], [ -99.240969364426164, 18.917648790297243 ], [ -99.245541838134457, 18.917648790297225 ], [ -99.245541838134457, 18.921757969100319 ] ] ] } },
{ "type": "Feature", "properties": { "difference_1990_2000": 71.0, "difference_1990_2010": -28.0, "difference_1990_2020": -83.0 }, "geometry": { "type": "Polygon", "coordinates": [ [ [ -99.245541838134457, 18.946415139102097 ], [ -99.240969364426164, 18.946415139102125 ], [ -99.240969364426164, 18.942305360962511 ], [ -99.245541838134457, 18.942305360962511 ], [ -99.245541838134457, 18.946415139102097 ] ] ] } },
{ "type": "Feature", "properties": { "difference_1990_2000": 78.0, "difference_1990_2010": 73.0, "difference_1990_2020": 39.0 }, "geometry": { "type": "Polygon", "coordinates": [ [ [ -99.058070416095106, 18.892995812091637 ], [ -99.053497942386826, 18.892995812091637 ], [ -99.053497942386826, 18.888887331229387 ], [ -99.058070416095106, 18.888887331229402 ], [ -99.058070416095106, 18.892995812091637 ] ] ] } },
{ "type": "Feature", "properties": { "difference_1990_2000": 34.0, "difference_1990_2010": 38.0, "difference_1990_2020": -8.0 }, "geometry": { "type": "Polygon", "coordinates": [ [ [ -99.058070416095106, 18.897104392574974 ], [ -99.053497942386826, 18.897104392574985 ], [ -99.053497942386826, 18.892995812091637 ], [ -99.058070416095106, 18.892995812091637 ], [ -99.058070416095106, 18.897104392574974 ] ] ] } },
{ "type": "Feature", "properties": { "difference_1990_2000": -287.0, "difference_1990_2010": -279.0, "difference_1990_2020": -289.0 }, "geometry": { "type": "Polygon", "coordinates": [ [ [ -99.058070416095106, 18.905321852518163 ], [ -99.053497942386826, 18.905321852518146 ], [ -99.053497942386826, 18.901213072707769 ], [ -99.058070416095106, 18.901213072707769 ], [ -99.058070416095106, 18.905321852518163 ] ] ] } },
{ "type": "Feature", "properties": { "difference_1990_2000": 50.0, "difference_1990_2010": 150.0, "difference_1990_2020": 125.0 }, "geometry": { "type": "Polygon", "coordinates": [ [ [ -99.058070416095106, 18.880670668255728 ], [ -99.053497942386826, 18.880670668255728 ], [ -99.053497942386826, 18.876562486087884 ], [ -99.058070416095106, 18.876562486087899 ], [ -99.058070416095106, 18.880670668255728 ] ] ] } },
{ "type": "Feature", "properties": { "difference_1990_2000": 116.0, "difference_1990_2010": 116.0, "difference_1990_2020": 79.0 }, "geometry": { "type": "Polygon", "coordinates": [ [ [ -99.058070416095106, 18.888887331229402 ], [ -99.053497942386826, 18.888887331229387 ], [ -99.053497942386826, 18.884778949960179 ], [ -99.058070416095106, 18.884778949960179 ], [ -99.058070416095106, 18.888887331229402 ] ] ] } },
{ "type": "Feature", "properties": { "difference_1990_2000": 129.0, "difference_1990_2010": 215.0, "difference_1990_2020": 152.0 }, "geometry": { "type": "Polygon", "coordinates": [ [ [ -99.058070416095106, 18.884778949960179 ], [ -99.053497942386826, 18.884778949960179 ], [ -99.053497942386826, 18.880670668255728 ], [ -99.058070416095106, 18.880670668255728 ], [ -99.058070416095106, 18.884778949960179 ] ] ] } },
{ "type": "Feature", "properties": { "difference_1990_2000": -39.0, "difference_1990_2010": -35.0, "difference_1990_2020": -39.0 }, "geometry": { "type": "Polygon", "coordinates": [ [ [ -99.058070416095106, 18.909430732034405 ], [ -99.053497942386826, 18.909430732034405 ], [ -99.053497942386826, 18.905321852518146 ], [ -99.058070416095106, 18.905321852518163 ], [ -99.058070416095106, 18.909430732034405 ] ] ] } },
{ "type": "Feature", "properties": { "difference_1990_2000": 20.0, "difference_1990_2010": 38.0, "difference_1990_2020": 57.0 }, "geometry": { "type": "Polygon", "coordinates": [ [ [ -99.058070416095106, 18.876562486087899 ], [ -99.053497942386826, 18.876562486087884 ], [ -99.053497942386826, 18.872454403428438 ], [ -99.058070416095106, 18.872454403428438 ], [ -99.058070416095106, 18.876562486087899 ] ] ] } },
{ "type": "Feature", "properties": { "difference_1990_2000": -314.0, "difference_1990_2010": -306.0, "difference_1990_2020": -320.0 }, "geometry": { "type": "Polygon", "coordinates": [ [ [ -99.058070416095106, 18.901213072707769 ], [ -99.053497942386826, 18.901213072707769 ], [ -99.053497942386826, 18.897104392574985 ], [ -99.058070416095106, 18.897104392574974 ], [ -99.058070416095106, 18.901213072707769 ] ] ] } },
{ "type": "Feature", "properties": { "difference_1990_2000": 49.0, "difference_1990_2010": 106.0, "difference_1990_2020": 125.0 }, "geometry": { "type": "Polygon", "coordinates": [ [ [ -99.236396890717899, 18.892995812091637 ], [ -99.231824417009619, 18.892995812091637 ], [ -99.231824417009619, 18.888887331229387 ], [ -99.236396890717899, 18.888887331229441 ], [ -99.236396890717899, 18.892995812091637 ] ] ] } },
{ "type": "Feature", "properties": { "difference_1990_2000": 311.0, "difference_1990_2010": 363.0, "difference_1990_2020": 420.0 }, "geometry": { "type": "Polygon", "coordinates": [ [ [ -99.236396890717899, 18.839593321074087 ], [ -99.231824417009619, 18.839593321074087 ], [ -99.231824417009619, 18.835486132722622 ], [ -99.236396890717899, 18.835486132722654 ], [ -99.236396890717899, 18.839593321074087 ] ] ] } },
{ "type": "Feature", "properties": { "difference_1990_2000": 135.0, "difference_1990_2010": 228.0, "difference_1990_2020": 126.0 }, "geometry": { "type": "Polygon", "coordinates": [ [ [ -99.236396890717899, 18.864238536521988 ], [ -99.231824417009619, 18.864238536521988 ], [ -99.231824417009619, 18.860130752218598 ], [ -99.236396890717899, 18.860130752218598 ], [ -99.236396890717899, 18.864238536521988 ] ] ] } },
{ "type": "Feature", "properties": { "difference_1990_2000": 75.0, "difference_1990_2010": 239.0, "difference_1990_2020": 112.0 }, "geometry": { "type": "Polygon", "coordinates": [ [ [ -99.236396890717899, 18.860130752218598 ], [ -99.231824417009619, 18.860130752218598 ], [ -99.231824417009619, 18.85602306731095 ], [ -99.236396890717899, 18.856023067310918 ], [ -99.236396890717899, 18.860130752218598 ] ] ] } },
{ "type": "Feature", "properties": { "difference_1990_2000": 58.0, "difference_1990_2010": 99.0, "difference_1990_2020": 129.0 }, "geometry": { "type": "Polygon", "coordinates": [ [ [ -99.236396890717899, 18.798525899391365 ], [ -99.231824417009619, 18.798525899391365 ], [ -99.231824417009619, 18.794419702042838 ], [ -99.236396890717899, 18.794419702042802 ], [ -99.236396890717899, 18.798525899391365 ] ] ] } },
{ "type": "Feature", "properties": { "difference_1990_2000": 91.0, "difference_1990_2010": 207.0, "difference_1990_2020": 232.0 }, "geometry": { "type": "Polygon", "coordinates": [ [ [ -99.236396890717899, 18.897104392574974 ], [ -99.231824417009619, 18.897104392574974 ], [ -99.231824417009619, 18.892995812091637 ], [ -99.236396890717899, 18.892995812091637 ], [ -99.236396890717899, 18.897104392574974 ] ] ] } },
{ "type": "Feature", "properties": { "difference_1990_2000": 203.0, "difference_1990_2010": 305.0, "difference_1990_2020": 452.0 }, "geometry": { "type": "Polygon", "coordinates": [ [ [ -99.236396890717899, 18.835486132722654 ], [ -99.231824417009619, 18.835486132722622 ], [ -99.231824417009619, 18.831379043597938 ], [ -99.236396890717899, 18.831379043597938 ], [ -99.236396890717899, 18.835486132722654 ] ] ] } },
{ "type": "Feature", "properties": { "difference_1990_2000": -97.0, "difference_1990_2010": -153.0, "difference_1990_2020": -365.0 }, "geometry": { "type": "Polygon", "coordinates": [ [ [ -99.236396890717899, 18.938195682783029 ], [ -99.231824417009619, 18.938195682783029 ], [ -99.231824417009619, 18.934086104535261 ], [ -99.236396890717899, 18.934086104535261 ], [ -99.236396890717899, 18.938195682783029 ] ] ] } },
{ "type": "Feature", "properties": { "difference_1990_2000": 12.0, "difference_1990_2010": 26.0, "difference_1990_2020": 54.0 }, "geometry": { "type": "Polygon", "coordinates": [ [ [ -99.236396890717899, 18.782101703559618 ], [ -99.231824417009619, 18.782101703559618 ], [ -99.231824417009619, 18.777995901825779 ], [ -99.236396890717899, 18.777995901825779 ], [ -99.236396890717899, 18.782101703559618 ] ] ] } },
{ "type": "Feature", "properties": { "difference_1990_2000": 129.0, "difference_1990_2010": 258.0, "difference_1990_2020": 451.0 }, "geometry": { "type": "Polygon", "coordinates": [ [ [ -99.236396890717899, 18.831379043597938 ], [ -99.231824417009619, 18.831379043597938 ], [ -99.231824417009619, 18.827272053671937 ], [ -99.236396890717899, 18.827272053671955 ], [ -99.236396890717899, 18.831379043597938 ] ] ] } },
{ "type": "Feature", "properties": { "difference_1990_2000": 152.0, "difference_1990_2010": 200.0, "difference_1990_2020": 232.0 }, "geometry": { "type": "Polygon", "coordinates": [ [ [ -99.236396890717899, 18.98751842452592 ], [ -99.231824417009619, 18.98751842452592 ], [ -99.231824417009619, 18.983407645229434 ], [ -99.236396890717899, 18.983407645229452 ], [ -99.236396890717899, 18.98751842452592 ] ] ] } },
{ "type": "Feature", "properties": { "difference_1990_2000": 89.0, "difference_1990_2010": 0.0, "difference_1990_2020": -106.0 }, "geometry": { "type": "Polygon", "coordinates": [ [ [ -99.236396890717899, 18.954634995374633 ], [ -99.231824417009619, 18.954634995374633 ], [ -99.231824417009619, 18.950525017230095 ], [ -99.236396890717899, 18.950525017230078 ], [ -99.236396890717899, 18.954634995374633 ] ] ] } },
{ "type": "Feature", "properties": { "difference_1990_2000": 199.0, "difference_1990_2010": 213.0, "difference_1990_2020": 251.0 }, "geometry": { "type": "Polygon", "coordinates": [ [ [ -99.236396890717899, 18.979296966176022 ], [ -99.231824417009619, 18.979296966176022 ], [ -99.231824417009619, 18.975186387337384 ], [ -99.236396890717899, 18.975186387337384 ], [ -99.236396890717899, 18.979296966176022 ] ] ] } },
{ "type": "Feature", "properties": { "difference_1990_2000": 1.0, "difference_1990_2010": 4.0, "difference_1990_2020": 1.0 }, "geometry": { "type": "Polygon", "coordinates": [ [ [ -99.236396890717899, 19.053304549466993 ], [ -99.231824417009619, 19.053304549466993 ], [ -99.231824417009619, 19.049192162424024 ], [ -99.236396890717899, 19.049192162424024 ], [ -99.236396890717899, 19.053304549466993 ] ] ] } },
{ "type": "Feature", "properties": { "difference_1990_2000": 245.0, "difference_1990_2010": 280.0, "difference_1990_2020": 342.0 }, "geometry": { "type": "Polygon", "coordinates": [ [ [ -99.236396890717899, 18.975186387337384 ], [ -99.231824417009619, 18.975186387337384 ], [ -99.231824417009619, 18.971075908685147 ], [ -99.236396890717899, 18.971075908685183 ], [ -99.236396890717899, 18.975186387337384 ] ] ] } },
{ "type": "Feature", "properties": { "difference_1990_2000": 8.0, "difference_1990_2010": 188.0, "difference_1990_2020": 240.0 }, "geometry": { "type": "Polygon", "coordinates": [ [ [ -99.236396890717899, 18.786207604155045 ], [ -99.231824417009619, 18.786207604155059 ], [ -99.231824417009619, 18.782101703559618 ], [ -99.236396890717899, 18.782101703559618 ], [ -99.236396890717899, 18.786207604155045 ] ] ] } },
{ "type": "Feature", "properties": { "difference_1990_2000": -149.0, "difference_1990_2010": -339.0, "difference_1990_2020": -370.0 }, "geometry": { "type": "Polygon", "coordinates": [ [ [ -99.236396890717899, 18.917648790297243 ], [ -99.231824417009619, 18.917648790297225 ], [ -99.231824417009619, 18.91353971128466 ], [ -99.236396890717899, 18.91353971128466 ], [ -99.236396890717899, 18.917648790297243 ] ] ] } },
{ "type": "Feature", "properties": { "difference_1990_2000": 0.0, "difference_1990_2010": 0.0, "difference_1990_2020": 157.0 }, "geometry": { "type": "Polygon", "coordinates": [ [ [ -99.236396890717899, 18.687693218926508 ], [ -99.231824417009619, 18.687693218926508 ], [ -99.231824417009619, 18.683589683275798 ], [ -99.236396890717899, 18.683589683275798 ], [ -99.236396890717899, 18.687693218926508 ] ] ] } },
{ "type": "Feature", "properties": { "difference_1990_2000": 123.0, "difference_1990_2010": 184.0, "difference_1990_2020": 138.0 }, "geometry": { "type": "Polygon", "coordinates": [ [ [ -99.236396890717899, 18.851915481770817 ], [ -99.231824417009619, 18.851915481770817 ], [ -99.231824417009619, 18.847807995570069 ], [ -99.236396890717899, 18.847807995570069 ], [ -99.236396890717899, 18.851915481770817 ] ] ] } },
{ "type": "Feature", "properties": { "difference_1990_2000": 51.0, "difference_1990_2010": 99.0, "difference_1990_2020": 120.0 }, "geometry": { "type": "Polygon", "coordinates": [ [ [ -99.236396890717899, 18.794419702042802 ], [ -99.231824417009619, 18.794419702042838 ], [ -99.231824417009619, 18.79031360364009 ], [ -99.236396890717899, 18.79031360364009 ], [ -99.236396890717899, 18.794419702042802 ] ] ] } },
{ "type": "Feature", "properties": { "difference_1990_2000": 127.0, "difference_1990_2010": 227.0, "difference_1990_2020": 247.0 }, "geometry": { "type": "Polygon", "coordinates": [ [ [ -99.236396890717899, 18.905321852518146 ], [ -99.231824417009619, 18.905321852518146 ], [ -99.231824417009619, 18.901213072707769 ], [ -99.236396890717899, 18.901213072707769 ], [ -99.236396890717899, 18.905321852518146 ] ] ] } },
{ "type": "Feature", "properties": { "difference_1990_2000": 151.0, "difference_1990_2010": 198.0, "difference_1990_2020": 215.0 }, "geometry": { "type": "Polygon", "coordinates": [ [ [ -99.236396890717899, 18.880670668255728 ], [ -99.231824417009619, 18.880670668255728 ], [ -99.231824417009619, 18.876562486087884 ], [ -99.236396890717899, 18.876562486087884 ], [ -99.236396890717899, 18.880670668255728 ] ] ] } },
{ "type": "Feature", "properties": { "difference_1990_2000": 0.0, "difference_1990_2010": 7.0, "difference_1990_2020": 39.0 }, "geometry": { "type": "Polygon", "coordinates": [ [ [ -99.236396890717899, 18.773890198925479 ], [ -99.231824417009619, 18.773890198925479 ], [ -99.231824417009619, 18.769784594830554 ], [ -99.236396890717899, 18.769784594830533 ], [ -99.236396890717899, 18.773890198925479 ] ] ] } },
{ "type": "Feature", "properties": { "difference_1990_2000": 241.0, "difference_1990_2010": 429.0, "difference_1990_2020": 460.0 }, "geometry": { "type": "Polygon", "coordinates": [ [ [ -99.236396890717899, 18.827272053671955 ], [ -99.231824417009619, 18.827272053671937 ], [ -99.231824417009619, 18.823165162916485 ], [ -99.236396890717899, 18.823165162916485 ], [ -99.236396890717899, 18.827272053671955 ] ] ] } },
{ "type": "Feature", "properties": { "difference_1990_2000": 23.0, "difference_1990_2010": -174.0, "difference_1990_2020": -313.0 }, "geometry": { "type": "Polygon", "coordinates": [ [ [ -99.236396890717899, 18.950525017230078 ], [ -99.231824417009619, 18.950525017230095 ], [ -99.231824417009619, 18.946415139102097 ], [ -99.236396890717899, 18.946415139102097 ], [ -99.236396890717899, 18.950525017230078 ] ] ] } },
{ "type": "Feature", "properties": { "difference_1990_2000": 276.0, "difference_1990_2010": 458.0, "difference_1990_2020": 485.0 }, "geometry": { "type": "Polygon", "coordinates": [ [ [ -99.236396890717899, 18.81495167880481 ], [ -99.231824417009619, 18.81495167880481 ], [ -99.231824417009619, 18.810845085392366 ], [ -99.236396890717899, 18.810845085392366 ], [ -99.236396890717899, 18.81495167880481 ] ] ] } },
{ "type": "Feature", "properties": { "difference_1990_2000": 157.0, "difference_1990_2010": 325.0, "difference_1990_2020": 279.0 }, "geometry": { "type": "Polygon", "coordinates": [ [ [ -99.236396890717899, 18.819058371303505 ], [ -99.231824417009619, 18.819058371303505 ], [ -99.231824417009619, 18.814951678804846 ], [ -99.236396890717899, 18.814951678804846 ], [ -99.236396890717899, 18.819058371303505 ] ] ] } },
{ "type": "Feature", "properties": { "difference_1990_2000": 256.0, "difference_1990_2010": 323.0, "difference_1990_2020": 405.0 }, "geometry": { "type": "Polygon", "coordinates": [ [ [ -99.236396890717899, 18.971075908685183 ], [ -99.231824417009619, 18.971075908685147 ], [ -99.231824417009619, 18.966965530191128 ], [ -99.236396890717899, 18.966965530191111 ], [ -99.236396890717899, 18.971075908685183 ] ] ] } },
{ "type": "Feature", "properties": { "difference_1990_2000": -97.0, "difference_1990_2010": -184.0, "difference_1990_2020": -536.0 }, "geometry": { "type": "Polygon", "coordinates": [ [ [ -99.236396890717899, 18.934086104535261 ], [ -99.231824417009619, 18.934086104535261 ], [ -99.231824417009619, 18.929976626191074 ], [ -99.236396890717899, 18.929976626191053 ], [ -99.236396890717899, 18.934086104535261 ] ] ] } },
{ "type": "Feature", "properties": { "difference_1990_2000": 1.0, "difference_1990_2010": 53.0, "difference_1990_2020": 64.0 }, "geometry": { "type": "Polygon", "coordinates": [ [ [ -99.236396890717899, 18.777995901825779 ], [ -99.231824417009619, 18.777995901825779 ], [ -99.231824417009619, 18.773890198925479 ], [ -99.236396890717899, 18.773890198925479 ], [ -99.236396890717899, 18.777995901825779 ] ] ] } },
{ "type": "Feature", "properties": { "difference_1990_2000": -483.0, "difference_1990_2010": -924.0, "difference_1990_2020": -913.0 }, "geometry": { "type": "Polygon", "coordinates": [ [ [ -99.236396890717899, 18.925867247722206 ], [ -99.231824417009619, 18.925867247722206 ], [ -99.231824417009619, 18.921757969100319 ], [ -99.236396890717899, 18.921757969100319 ], [ -99.236396890717899, 18.925867247722206 ] ] ] } },
{ "type": "Feature", "properties": { "difference_1990_2000": 11.0, "difference_1990_2010": 22.0, "difference_1990_2020": 32.0 }, "geometry": { "type": "Polygon", "coordinates": [ [ [ -99.236396890717899, 19.045079876078063 ], [ -99.231824417009619, 19.045079876078063 ], [ -99.231824417009619, 19.040967690400819 ], [ -99.236396890717899, 19.040967690400851 ], [ -99.236396890717899, 19.045079876078063 ] ] ] } },
{ "type": "Feature", "properties": { "difference_1990_2000": 19.0, "difference_1990_2010": 23.0, "difference_1990_2020": 39.0 }, "geometry": { "type": "Polygon", "coordinates": [ [ [ -99.236396890717899, 18.888887331229441 ], [ -99.231824417009619, 18.888887331229387 ], [ -99.231824417009619, 18.884778949960179 ], [ -99.236396890717899, 18.884778949960179 ], [ -99.236396890717899, 18.888887331229441 ] ] ] } },
{ "type": "Feature", "properties": { "difference_1990_2000": 19.0, "difference_1990_2010": 27.0, "difference_1990_2020": 28.0 }, "geometry": { "type": "Polygon", "coordinates": [ [ [ -99.236396890717899, 18.991629304093838 ], [ -99.231824417009619, 18.991629304093838 ], [ -99.231824417009619, 18.98751842452592 ], [ -99.236396890717899, 18.98751842452592 ], [ -99.236396890717899, 18.991629304093838 ] ] ] } },
{ "type": "Feature", "properties": { "difference_1990_2000": 181.0, "difference_1990_2010": 228.0, "difference_1990_2020": 267.0 }, "geometry": { "type": "Polygon", "coordinates": [ [ [ -99.236396890717899, 18.983407645229452 ], [ -99.231824417009619, 18.983407645229434 ], [ -99.231824417009619, 18.979296966176022 ], [ -99.236396890717899, 18.979296966176022 ], [ -99.236396890717899, 18.983407645229452 ] ] ] } },
{ "type": "Feature", "properties": { "difference_1990_2000": -128.0, "difference_1990_2010": 52.0, "difference_1990_2020": -83.0 }, "geometry": { "type": "Polygon", "coordinates": [ [ [ -99.236396890717899, 18.868346420249146 ], [ -99.231824417009619, 18.868346420249146 ], [ -99.231824417009619, 18.864238536521988 ], [ -99.236396890717899, 18.864238536521988 ], [ -99.236396890717899, 18.868346420249146 ] ] ] } },
{ "type": "Feature", "properties": { "difference_1990_2000": -11.0, "difference_1990_2010": -127.0, "difference_1990_2020": -155.0 }, "geometry": { "type": "Polygon", "coordinates": [ [ [ -99.236396890717899, 18.91353971128466 ], [ -99.231824417009619, 18.91353971128466 ], [ -99.231824417009619, 18.909430732034373 ], [ -99.236396890717899, 18.909430732034405 ], [ -99.236396890717899, 18.91353971128466 ] ] ] } },
{ "type": "Feature", "properties": { "difference_1990_2000": 163.0, "difference_1990_2010": 201.0, "difference_1990_2020": 302.0 }, "geometry": { "type": "Polygon", "coordinates": [ [ [ -99.236396890717899, 18.802632195713745 ], [ -99.231824417009619, 18.802632195713745 ], [ -99.231824417009619, 18.798525899391365 ], [ -99.236396890717899, 18.798525899391365 ], [ -99.236396890717899, 18.802632195713745 ] ] ] } },
{ "type": "Feature", "properties": { "difference_1990_2000": 17.0, "difference_1990_2010": 25.0, "difference_1990_2020": 24.0 }, "geometry": { "type": "Polygon", "coordinates": [ [ [ -99.236396890717899, 18.884778949960179 ], [ -99.231824417009619, 18.884778949960179 ], [ -99.231824417009619, 18.880670668255728 ], [ -99.236396890717899, 18.880670668255728 ], [ -99.236396890717899, 18.884778949960179 ] ] ] } },
{ "type": "Feature", "properties": { "difference_1990_2000": 121.0, "difference_1990_2010": 125.0, "difference_1990_2020": 112.0 }, "geometry": { "type": "Polygon", "coordinates": [ [ [ -99.236396890717899, 18.909430732034405 ], [ -99.231824417009619, 18.909430732034373 ], [ -99.231824417009619, 18.905321852518146 ], [ -99.236396890717899, 18.905321852518146 ], [ -99.236396890717899, 18.909430732034405 ] ] ] } },
{ "type": "Feature", "properties": { "difference_1990_2000": 223.0, "difference_1990_2010": 291.0, "difference_1990_2020": 335.0 }, "geometry": { "type": "Polygon", "coordinates": [ [ [ -99.236396890717899, 18.966965530191111 ], [ -99.231824417009619, 18.966965530191128 ], [ -99.231824417009619, 18.962855251826873 ], [ -99.236396890717899, 18.962855251826841 ], [ -99.236396890717899, 18.966965530191111 ] ] ] } },
{ "type": "Feature", "properties": { "difference_1990_2000": 138.0, "difference_1990_2010": 129.0, "difference_1990_2020": 47.0 }, "geometry": { "type": "Polygon", "coordinates": [ [ [ -99.236396890717899, 18.958745073564142 ], [ -99.231824417009619, 18.958745073564142 ], [ -99.231824417009619, 18.954634995374633 ], [ -99.236396890717899, 18.954634995374633 ], [ -99.236396890717899, 18.958745073564142 ] ] ] } },
{ "type": "Feature", "properties": { "difference_1990_2000": 316.0, "difference_1990_2010": 371.0, "difference_1990_2020": 361.0 }, "geometry": { "type": "Polygon", "coordinates": [ [ [ -99.236396890717899, 18.847807995570069 ], [ -99.231824417009619, 18.847807995570069 ], [ -99.231824417009619, 18.843700608680571 ], [ -99.236396890717899, 18.843700608680571 ], [ -99.236396890717899, 18.847807995570069 ] ] ] } },
{ "type": "Feature", "properties": { "difference_1990_2000": 0.0, "difference_1990_2010": 0.0, "difference_1990_2020": 297.0 }, "geometry": { "type": "Polygon", "coordinates": [ [ [ -99.236396890717899, 18.691796852794855 ], [ -99.231824417009619, 18.691796852794855 ], [ -99.231824417009619, 18.687693218926508 ], [ -99.236396890717899, 18.687693218926508 ], [ -99.236396890717899, 18.691796852794855 ] ] ] } },
{ "type": "Feature", "properties": { "difference_1990_2000": 143.0, "difference_1990_2010": 138.0, "difference_1990_2020": 61.0 }, "geometry": { "type": "Polygon", "coordinates": [ [ [ -99.236396890717899, 18.962855251826841 ], [ -99.231824417009619, 18.962855251826873 ], [ -99.231824417009619, 18.958745073564142 ], [ -99.236396890717899, 18.958745073564142 ], [ -99.236396890717899, 18.962855251826841 ] ] ] } },
{ "type": "Feature", "properties": { "difference_1990_2000": 230.0, "difference_1990_2010": 415.0, "difference_1990_2020": 392.0 }, "geometry": { "type": "Polygon", "coordinates": [ [ [ -99.236396890717899, 18.823165162916485 ], [ -99.231824417009619, 18.823165162916485 ], [ -99.231824417009619, 18.819058371303505 ], [ -99.236396890717899, 18.819058371303505 ], [ -99.236396890717899, 18.823165162916485 ] ] ] } },
{ "type": "Feature", "properties": { "difference_1990_2000": 15.0, "difference_1990_2010": 84.0, "difference_1990_2020": 99.0 }, "geometry": { "type": "Polygon", "coordinates": [ [ [ -99.236396890717899, 18.79031360364009 ], [ -99.231824417009619, 18.79031360364009 ], [ -99.231824417009619, 18.786207604155059 ], [ -99.236396890717899, 18.786207604155045 ], [ -99.236396890717899, 18.79031360364009 ] ] ] } },
{ "type": "Feature", "properties": { "difference_1990_2000": -108.0, "difference_1990_2010": 25.0, "difference_1990_2020": -56.0 }, "geometry": { "type": "Polygon", "coordinates": [ [ [ -99.236396890717899, 18.856023067310918 ], [ -99.231824417009619, 18.85602306731095 ], [ -99.231824417009619, 18.851915481770817 ], [ -99.236396890717899, 18.851915481770817 ], [ -99.236396890717899, 18.856023067310918 ] ] ] } },
{ "type": "Feature", "properties": { "difference_1990_2000": 164.0, "difference_1990_2010": 383.0, "difference_1990_2020": 280.0 }, "geometry": { "type": "Polygon", "coordinates": [ [ [ -99.236396890717899, 18.876562486087884 ], [ -99.231824417009619, 18.876562486087884 ], [ -99.231824417009619, 18.872454403428438 ], [ -99.236396890717899, 18.872454403428438 ], [ -99.236396890717899, 18.876562486087884 ] ] ] } },
{ "type": "Feature", "properties": { "difference_1990_2000": 111.0, "difference_1990_2010": 254.0, "difference_1990_2020": 284.0 }, "geometry": { "type": "Polygon", "coordinates": [ [ [ -99.236396890717899, 18.901213072707769 ], [ -99.231824417009619, 18.901213072707769 ], [ -99.231824417009619, 18.897104392574974 ], [ -99.236396890717899, 18.897104392574974 ], [ -99.236396890717899, 18.901213072707769 ] ] ] } },
{ "type": "Feature", "properties": { "difference_1990_2000": 208.0, "difference_1990_2010": 319.0, "difference_1990_2020": 397.0 }, "geometry": { "type": "Polygon", "coordinates": [ [ [ -99.236396890717899, 18.810845085392366 ], [ -99.231824417009619, 18.810845085392366 ], [ -99.231824417009619, 18.806738591038023 ], [ -99.236396890717899, 18.806738591038023 ], [ -99.236396890717899, 18.810845085392366 ] ] ] } },
{ "type": "Feature", "properties": { "difference_1990_2000": 212.0, "difference_1990_2010": 270.0, "difference_1990_2020": 367.0 }, "geometry": { "type": "Polygon", "coordinates": [ [ [ -99.236396890717899, 18.806738591038023 ], [ -99.231824417009619, 18.806738591038023 ], [ -99.231824417009619, 18.802632195713745 ], [ -99.236396890717899, 18.802632195713745 ], [ -99.236396890717899, 18.806738591038023 ] ] ] } },
{ "type": "Feature", "properties": { "difference_1990_2000": -78.0, "difference_1990_2010": -123.0, "difference_1990_2020": -196.0 }, "geometry": { "type": "Polygon", "coordinates": [ [ [ -99.236396890717899, 18.942305360962511 ], [ -99.231824417009619, 18.942305360962511 ], [ -99.231824417009619, 18.938195682783029 ], [ -99.236396890717899, 18.938195682783029 ], [ -99.236396890717899, 18.942305360962511 ] ] ] } },
{ "type": "Feature", "properties": { "difference_1990_2000": -83.0, "difference_1990_2010": 22.0, "difference_1990_2020": 45.0 }, "geometry": { "type": "Polygon", "coordinates": [ [ [ -99.236396890717899, 18.872454403428438 ], [ -99.231824417009619, 18.872454403428438 ], [ -99.231824417009619, 18.868346420249146 ], [ -99.236396890717899, 18.868346420249146 ], [ -99.236396890717899, 18.872454403428438 ] ] ] } },
{ "type": "Feature", "properties": { "difference_1990_2000": -167.0, "difference_1990_2010": -365.0, "difference_1990_2020": -565.0 }, "geometry": { "type": "Polygon", "coordinates": [ [ [ -99.236396890717899, 18.929976626191053 ], [ -99.231824417009619, 18.929976626191074 ], [ -99.231824417009619, 18.925867247722206 ], [ -99.236396890717899, 18.925867247722206 ], [ -99.236396890717899, 18.929976626191053 ] ] ] } },
{ "type": "Feature", "properties": { "difference_1990_2000": 306.0, "difference_1990_2010": 366.0, "difference_1990_2020": 305.0 }, "geometry": { "type": "Polygon", "coordinates": [ [ [ -99.236396890717899, 18.843700608680571 ], [ -99.231824417009619, 18.843700608680571 ], [ -99.231824417009619, 18.839593321074087 ], [ -99.236396890717899, 18.839593321074087 ], [ -99.236396890717899, 18.843700608680571 ] ] ] } },
{ "type": "Feature", "properties": { "difference_1990_2000": 27.0, "difference_1990_2010": 19.0, "difference_1990_2020": 35.0 }, "geometry": { "type": "Polygon", "coordinates": [ [ [ -99.236396890717899, 18.745153043605551 ], [ -99.231824417009619, 18.745153043605551 ], [ -99.231824417009619, 18.741048130363872 ], [ -99.236396890717899, 18.741048130363904 ], [ -99.236396890717899, 18.745153043605551 ] ] ] } },
{ "type": "Feature", "properties": { "difference_1990_2000": -175.0, "difference_1990_2010": -519.0, "difference_1990_2020": -509.0 }, "geometry": { "type": "Polygon", "coordinates": [ [ [ -99.236396890717899, 18.921757969100319 ], [ -99.231824417009619, 18.921757969100319 ], [ -99.231824417009619, 18.917648790297225 ], [ -99.236396890717899, 18.917648790297243 ], [ -99.236396890717899, 18.921757969100319 ] ] ] } },
{ "type": "Feature", "properties": { "difference_1990_2000": -3.0, "difference_1990_2010": -247.0, "difference_1990_2020": -403.0 }, "geometry": { "type": "Polygon", "coordinates": [ [ [ -99.236396890717899, 18.946415139102097 ], [ -99.231824417009619, 18.946415139102097 ], [ -99.231824417009619, 18.942305360962511 ], [ -99.236396890717899, 18.942305360962511 ], [ -99.236396890717899, 18.946415139102097 ] ] ] } },
{ "type": "Feature", "properties": { "difference_1990_2000": 14.0, "difference_1990_2010": 40.0, "difference_1990_2020": 28.0 }, "geometry": { "type": "Polygon", "coordinates": [ [ [ -99.048925468678576, 18.892995812091637 ], [ -99.044352994970296, 18.892995812091637 ], [ -99.044352994970296, 18.888887331229402 ], [ -99.048925468678576, 18.888887331229387 ], [ -99.048925468678576, 18.892995812091637 ] ] ] } },
{ "type": "Feature", "properties": { "difference_1990_2000": 12.0, "difference_1990_2010": 54.0, "difference_1990_2020": 43.0 }, "geometry": { "type": "Polygon", "coordinates": [ [ [ -99.048925468678576, 18.897104392574974 ], [ -99.044352994970296, 18.897104392574974 ], [ -99.044352994970296, 18.892995812091637 ], [ -99.048925468678576, 18.892995812091637 ], [ -99.048925468678576, 18.897104392574974 ] ] ] } },
{ "type": "Feature", "properties": { "difference_1990_2000": 1.0, "difference_1990_2010": 4.0, "difference_1990_2020": 4.0 }, "geometry": { "type": "Polygon", "coordinates": [ [ [ -99.048925468678576, 18.917648790297243 ], [ -99.044352994970296, 18.917648790297225 ], [ -99.044352994970296, 18.91353971128466 ], [ -99.048925468678576, 18.91353971128466 ], [ -99.048925468678576, 18.917648790297243 ] ] ] } },
{ "type": "Feature", "properties": { "difference_1990_2000": 41.0, "difference_1990_2010": 47.0, "difference_1990_2020": 57.0 }, "geometry": { "type": "Polygon", "coordinates": [ [ [ -99.048925468678576, 18.888887331229387 ], [ -99.044352994970296, 18.888887331229402 ], [ -99.044352994970296, 18.884778949960179 ], [ -99.048925468678576, 18.884778949960179 ], [ -99.048925468678576, 18.888887331229387 ] ] ] } },
{ "type": "Feature", "properties": { "difference_1990_2000": 16.0, "difference_1990_2010": 55.0, "difference_1990_2020": 57.0 }, "geometry": { "type": "Polygon", "coordinates": [ [ [ -99.048925468678576, 18.91353971128466 ], [ -99.044352994970296, 18.91353971128466 ], [ -99.044352994970296, 18.909430732034405 ], [ -99.048925468678576, 18.909430732034405 ], [ -99.048925468678576, 18.91353971128466 ] ] ] } },
{ "type": "Feature", "properties": { "difference_1990_2000": 17.0, "difference_1990_2010": 17.0, "difference_1990_2020": 26.0 }, "geometry": { "type": "Polygon", "coordinates": [ [ [ -99.048925468678576, 18.884778949960179 ], [ -99.044352994970296, 18.884778949960179 ], [ -99.044352994970296, 18.880670668255728 ], [ -99.048925468678576, 18.880670668255728 ], [ -99.048925468678576, 18.884778949960179 ] ] ] } },
{ "type": "Feature", "properties": { "difference_1990_2000": 17.0, "difference_1990_2010": 64.0, "difference_1990_2020": 64.0 }, "geometry": { "type": "Polygon", "coordinates": [ [ [ -99.048925468678576, 18.909430732034405 ], [ -99.044352994970296, 18.909430732034405 ], [ -99.044352994970296, 18.905321852518146 ], [ -99.048925468678576, 18.905321852518146 ], [ -99.048925468678576, 18.909430732034405 ] ] ] } },
{ "type": "Feature", "properties": { "difference_1990_2000": 0.0, "difference_1990_2010": 0.0, "difference_1990_2020": 1688.0 }, "geometry": { "type": "Polygon", "coordinates": [ [ [ -99.22725194330134, 18.769784594830533 ], [ -99.222679469593047, 18.769784594830554 ], [ -99.222679469593047, 18.765679089513068 ], [ -99.22725194330134, 18.765679089513068 ], [ -99.22725194330134, 18.769784594830533 ] ] ] } },
{ "type": "Feature", "properties": { "difference_1990_2000": 207.0, "difference_1990_2010": 446.0, "difference_1990_2020": 563.0 }, "geometry": { "type": "Polygon", "coordinates": [ [ [ -99.22725194330134, 18.892995812091637 ], [ -99.222679469593047, 18.892995812091637 ], [ -99.222679469593047, 18.888887331229402 ], [ -99.22725194330134, 18.888887331229387 ], [ -99.22725194330134, 18.892995812091637 ] ] ] } },
{ "type": "Feature", "properties": { "difference_1990_2000": 54.0, "difference_1990_2010": 92.0, "difference_1990_2020": 184.0 }, "geometry": { "type": "Polygon", "coordinates": [ [ [ -99.22725194330134, 18.839593321074087 ], [ -99.222679469593047, 18.839593321074087 ], [ -99.222679469593047, 18.835486132722654 ], [ -99.22725194330134, 18.835486132722622 ], [ -99.22725194330134, 18.839593321074087 ] ] ] } },
{ "type": "Feature", "properties": { "difference_1990_2000": 229.0, "difference_1990_2010": 299.0, "difference_1990_2020": 284.0 }, "geometry": { "type": "Polygon", "coordinates": [ [ [ -99.22725194330134, 18.864238536521988 ], [ -99.222679469593047, 18.864238536521988 ], [ -99.222679469593047, 18.860130752218598 ], [ -99.22725194330134, 18.860130752218581 ], [ -99.22725194330134, 18.864238536521988 ] ] ] } },
{ "type": "Feature", "properties": { "difference_1990_2000": -185.0, "difference_1990_2010": -237.0, "difference_1990_2020": -247.0 }, "geometry": { "type": "Polygon", "coordinates": [ [ [ -99.22725194330134, 18.860130752218581 ], [ -99.222679469593047, 18.860130752218598 ], [ -99.222679469593047, 18.856023067310918 ], [ -99.22725194330134, 18.856023067310918 ], [ -99.22725194330134, 18.860130752218581 ] ] ] } },
{ "type": "Feature", "properties": { "difference_1990_2000": 0.0, "difference_1990_2010": 38.0, "difference_1990_2020": 31.0 }, "geometry": { "type": "Polygon", "coordinates": [ [ [ -99.22725194330134, 18.757468375098185 ], [ -99.222679469593047, 18.757468375098185 ], [ -99.222679469593047, 18.75336316594468 ], [ -99.22725194330134, 18.753363165944652 ], [ -99.22725194330134, 18.757468375098185 ] ] ] } },
{ "type": "Feature", "properties": { "difference_1990_2000": 187.0, "difference_1990_2010": 428.0, "difference_1990_2020": 555.0 }, "geometry": { "type": "Polygon", "coordinates": [ [ [ -99.22725194330134, 18.897104392574938 ], [ -99.222679469593047, 18.897104392574974 ], [ -99.222679469593047, 18.892995812091637 ], [ -99.22725194330134, 18.892995812091637 ], [ -99.22725194330134, 18.897104392574938 ] ] ] } },
{ "type": "Feature", "properties": { "difference_1990_2000": 32.0, "difference_1990_2010": 107.0, "difference_1990_2020": 110.0 }, "geometry": { "type": "Polygon", "coordinates": [ [ [ -99.22725194330134, 18.798525899391347 ], [ -99.222679469593047, 18.798525899391365 ], [ -99.222679469593047, 18.794419702042802 ], [ -99.22725194330134, 18.794419702042838 ], [ -99.22725194330134, 18.798525899391347 ] ] ] } },
{ "type": "Feature", "properties": { "difference_1990_2000": 25.0, "difference_1990_2010": 44.0, "difference_1990_2020": 93.0 }, "geometry": { "type": "Polygon", "coordinates": [ [ [ -99.22725194330134, 18.835486132722622 ], [ -99.222679469593047, 18.835486132722654 ], [ -99.222679469593047, 18.831379043597938 ], [ -99.22725194330134, 18.831379043597938 ], [ -99.22725194330134, 18.835486132722622 ] ] ] } },
{ "type": "Feature", "properties": { "difference_1990_2000": -9.0, "difference_1990_2010": -120.0, "difference_1990_2020": -157.0 }, "geometry": { "type": "Polygon", "coordinates": [ [ [ -99.22725194330134, 18.938195682783007 ], [ -99.222679469593047, 18.938195682783007 ], [ -99.222679469593047, 18.93408610453524 ], [ -99.22725194330134, 18.934086104535261 ], [ -99.22725194330134, 18.938195682783007 ] ] ] } },
{ "type": "Feature", "properties": { "difference_1990_2000": 4.0, "difference_1990_2010": 10.0, "difference_1990_2020": 13.0 }, "geometry": { "type": "Polygon", "coordinates": [ [ [ -99.22725194330134, 18.782101703559601 ], [ -99.222679469593047, 18.782101703559618 ], [ -99.222679469593047, 18.777995901825779 ], [ -99.22725194330134, 18.777995901825779 ], [ -99.22725194330134, 18.782101703559601 ] ] ] } },
{ "type": "Feature", "properties": { "difference_1990_2000": 158.0, "difference_1990_2010": 177.0, "difference_1990_2020": 185.0 }, "geometry": { "type": "Polygon", "coordinates": [ [ [ -99.22725194330134, 18.831379043597938 ], [ -99.222679469593047, 18.831379043597938 ], [ -99.222679469593047, 18.827272053671955 ], [ -99.22725194330134, 18.827272053671955 ], [ -99.22725194330134, 18.831379043597938 ] ] ] } },
{ "type": "Feature", "properties": { "difference_1990_2000": 606.0, "difference_1990_2010": 705.0, "difference_1990_2020": 779.0 }, "geometry": { "type": "Polygon", "coordinates": [ [ [ -99.22725194330134, 18.749258055456497 ], [ -99.222679469593047, 18.749258055456497 ], [ -99.222679469593047, 18.745153043605551 ], [ -99.22725194330134, 18.745153043605551 ], [ -99.22725194330134, 18.749258055456497 ] ] ] } },
{ "type": "Feature", "properties": { "difference_1990_2000": 95.0, "difference_1990_2010": 144.0, "difference_1990_2020": 151.0 }, "geometry": { "type": "Polygon", "coordinates": [ [ [ -99.22725194330134, 18.753363165944652 ], [ -99.222679469593047, 18.75336316594468 ], [ -99.222679469593047, 18.749258055456497 ], [ -99.22725194330134, 18.749258055456497 ], [ -99.22725194330134, 18.753363165944652 ] ] ] } },
{ "type": "Feature", "properties": { "difference_1990_2000": 152.0, "difference_1990_2010": 50.0, "difference_1990_2020": -80.0 }, "geometry": { "type": "Polygon", "coordinates": [ [ [ -99.22725194330134, 18.954634995374633 ], [ -99.222679469593047, 18.954634995374633 ], [ -99.222679469593047, 18.950525017230095 ], [ -99.22725194330134, 18.950525017230078 ], [ -99.22725194330134, 18.954634995374633 ] ] ] } },
{ "type": "Feature", "properties": { "difference_1990_2000": 160.0, "difference_1990_2010": 240.0, "difference_1990_2020": 314.0 }, "geometry": { "type": "Polygon", "coordinates": [ [ [ -99.22725194330134, 18.979296966176022 ], [ -99.222679469593047, 18.979296966176022 ], [ -99.222679469593047, 18.975186387337384 ], [ -99.22725194330134, 18.975186387337384 ], [ -99.22725194330134, 18.979296966176022 ] ] ] } },
{ "type": "Feature", "properties": { "difference_1990_2000": 312.0, "difference_1990_2010": 510.0, "difference_1990_2020": 644.0 }, "geometry": { "type": "Polygon", "coordinates": [ [ [ -99.22725194330134, 18.975186387337384 ], [ -99.222679469593047, 18.975186387337384 ], [ -99.222679469593047, 18.971075908685147 ], [ -99.22725194330134, 18.971075908685183 ], [ -99.22725194330134, 18.975186387337384 ] ] ] } },
{ "type": "Feature", "properties": { "difference_1990_2000": -51.0, "difference_1990_2010": -268.0, "difference_1990_2020": -245.0 }, "geometry": { "type": "Polygon", "coordinates": [ [ [ -99.22725194330134, 18.917648790297225 ], [ -99.222679469593047, 18.917648790297225 ], [ -99.222679469593047, 18.913539711284695 ], [ -99.22725194330134, 18.91353971128466 ], [ -99.22725194330134, 18.917648790297225 ] ] ] } },
{ "type": "Feature", "properties": { "difference_1990_2000": 4.0, "difference_1990_2010": 5.0, "difference_1990_2020": 4.0 }, "geometry": { "type": "Polygon", "coordinates": [ [ [ -99.22725194330134, 18.786207604155045 ], [ -99.222679469593047, 18.786207604155059 ], [ -99.222679469593047, 18.782101703559618 ], [ -99.22725194330134, 18.782101703559601 ], [ -99.22725194330134, 18.786207604155045 ] ] ] } },
{ "type": "Feature", "properties": { "difference_1990_2000": 0.0, "difference_1990_2010": 86.0, "difference_1990_2020": 534.0 }, "geometry": { "type": "Polygon", "coordinates": [ [ [ -99.22725194330134, 18.773890198925443 ], [ -99.222679469593047, 18.773890198925443 ], [ -99.222679469593047, 18.769784594830554 ], [ -99.22725194330134, 18.769784594830533 ], [ -99.22725194330134, 18.773890198925443 ] ] ] } },
{ "type": "Feature", "properties": { "difference_1990_2000": -5.0, "difference_1990_2010": -56.0, "difference_1990_2020": -344.0 }, "geometry": { "type": "Polygon", "coordinates": [ [ [ -99.22725194330134, 18.851915481770817 ], [ -99.222679469593047, 18.851915481770849 ], [ -99.222679469593047, 18.847807995570069 ], [ -99.22725194330134, 18.847807995570069 ], [ -99.22725194330134, 18.851915481770817 ] ] ] } },
{ "type": "Feature", "properties": { "difference_1990_2000": 77.0, "difference_1990_2010": 19.0, "difference_1990_2020": -90.0 }, "geometry": { "type": "Polygon", "coordinates": [ [ [ -99.22725194330134, 18.905321852518146 ], [ -99.222679469593047, 18.905321852518146 ], [ -99.222679469593047, 18.901213072707769 ], [ -99.22725194330134, 18.901213072707769 ], [ -99.22725194330134, 18.905321852518146 ] ] ] } },
{ "type": "Feature", "properties": { "difference_1990_2000": 226.0, "difference_1990_2010": 497.0, "difference_1990_2020": 623.0 }, "geometry": { "type": "Polygon", "coordinates": [ [ [ -99.22725194330134, 18.880670668255728 ], [ -99.222679469593047, 18.880670668255728 ], [ -99.222679469593047, 18.876562486087884 ], [ -99.22725194330134, 18.876562486087899 ], [ -99.22725194330134, 18.880670668255728 ] ] ] } },
{ "type": "Feature", "properties": { "difference_1990_2000": 309.0, "difference_1990_2010": 318.0, "difference_1990_2020": 328.0 }, "geometry": { "type": "Polygon", "coordinates": [ [ [ -99.22725194330134, 18.827272053671955 ], [ -99.222679469593047, 18.827272053671955 ], [ -99.222679469593047, 18.823165162916485 ], [ -99.22725194330134, 18.823165162916485 ], [ -99.22725194330134, 18.827272053671955 ] ] ] } },
{ "type": "Feature", "properties": { "difference_1990_2000": 21.0, "difference_1990_2010": 70.0, "difference_1990_2020": 80.0 }, "geometry": { "type": "Polygon", "coordinates": [ [ [ -99.22725194330134, 18.794419702042838 ], [ -99.222679469593047, 18.794419702042802 ], [ -99.222679469593047, 18.79031360364009 ], [ -99.22725194330134, 18.79031360364009 ], [ -99.22725194330134, 18.794419702042838 ] ] ] } },
{ "type": "Feature", "properties": { "difference_1990_2000": 211.0, "difference_1990_2010": 156.0, "difference_1990_2020": 39.0 }, "geometry": { "type": "Polygon", "coordinates": [ [ [ -99.22725194330134, 18.950525017230078 ], [ -99.222679469593047, 18.950525017230095 ], [ -99.222679469593047, 18.946415139102097 ], [ -99.22725194330134, 18.946415139102079 ], [ -99.22725194330134, 18.950525017230078 ] ] ] } },
{ "type": "Feature", "properties": { "difference_1990_2000": 239.0, "difference_1990_2010": 350.0, "difference_1990_2020": 400.0 }, "geometry": { "type": "Polygon", "coordinates": [ [ [ -99.22725194330134, 18.81495167880481 ], [ -99.222679469593047, 18.814951678804796 ], [ -99.222679469593047, 18.810845085392348 ], [ -99.22725194330134, 18.810845085392366 ], [ -99.22725194330134, 18.81495167880481 ] ] ] } },
{ "type": "Feature", "properties": { "difference_1990_2000": 35.0, "difference_1990_2010": 207.0, "difference_1990_2020": 212.0 }, "geometry": { "type": "Polygon", "coordinates": [ [ [ -99.22725194330134, 18.819058371303505 ], [ -99.222679469593047, 18.819058371303505 ], [ -99.222679469593047, 18.81495167880481 ], [ -99.22725194330134, 18.814951678804846 ], [ -99.22725194330134, 18.819058371303505 ] ] ] } },
{ "type": "Feature", "properties": { "difference_1990_2000": 208.0, "difference_1990_2010": 395.0, "difference_1990_2020": 480.0 }, "geometry": { "type": "Polygon", "coordinates": [ [ [ -99.22725194330134, 18.888887331229387 ], [ -99.222679469593047, 18.888887331229402 ], [ -99.222679469593047, 18.884778949960179 ], [ -99.22725194330134, 18.884778949960179 ], [ -99.22725194330134, 18.888887331229387 ] ] ] } },
{ "type": "Feature", "properties": { "difference_1990_2000": 167.0, "difference_1990_2010": 400.0, "difference_1990_2020": 404.0 }, "geometry": { "type": "Polygon", "coordinates": [ [ [ -99.22725194330134, 18.971075908685183 ], [ -99.222679469593047, 18.971075908685147 ], [ -99.222679469593047, 18.966965530191128 ], [ -99.22725194330134, 18.966965530191111 ], [ -99.22725194330134, 18.971075908685183 ] ] ] } },
{ "type": "Feature", "properties": { "difference_1990_2000": -45.0, "difference_1990_2010": -97.0, "difference_1990_2020": -43.0 }, "geometry": { "type": "Polygon", "coordinates": [ [ [ -99.22725194330134, 18.934086104535261 ], [ -99.222679469593047, 18.93408610453524 ], [ -99.222679469593047, 18.929976626191074 ], [ -99.22725194330134, 18.929976626191074 ], [ -99.22725194330134, 18.934086104535261 ] ] ] } },
{ "type": "Feature", "properties": { "difference_1990_2000": 6.0, "difference_1990_2010": 40.0, "difference_1990_2020": 233.0 }, "geometry": { "type": "Polygon", "coordinates": [ [ [ -99.22725194330134, 18.777995901825779 ], [ -99.222679469593047, 18.777995901825779 ], [ -99.222679469593047, 18.773890198925443 ], [ -99.22725194330134, 18.773890198925443 ], [ -99.22725194330134, 18.777995901825779 ] ] ] } },
{ "type": "Feature", "properties": { "difference_1990_2000": 0.0, "difference_1990_2010": 0.0, "difference_1990_2020": 416.0 }, "geometry": { "type": "Polygon", "coordinates": [ [ [ -99.22725194330134, 18.765679089513068 ], [ -99.222679469593047, 18.765679089513068 ], [ -99.222679469593047, 18.761573682944995 ], [ -99.22725194330134, 18.761573682944995 ], [ -99.22725194330134, 18.765679089513068 ] ] ] } },
{ "type": "Feature", "properties": { "difference_1990_2000": -200.0, "difference_1990_2010": -490.0, "difference_1990_2020": -433.0 }, "geometry": { "type": "Polygon", "coordinates": [ [ [ -99.22725194330134, 18.925867247722241 ], [ -99.222679469593047, 18.925867247722206 ], [ -99.222679469593047, 18.921757969100319 ], [ -99.22725194330134, 18.921757969100319 ], [ -99.22725194330134, 18.925867247722241 ] ] ] } },
{ "type": "Feature", "properties": { "difference_1990_2000": 145.0, "difference_1990_2010": 318.0, "difference_1990_2020": 375.0 }, "geometry": { "type": "Polygon", "coordinates": [ [ [ -99.22725194330134, 18.868346420249146 ], [ -99.222679469593047, 18.868346420249146 ], [ -99.222679469593047, 18.864238536521988 ], [ -99.22725194330134, 18.864238536521988 ], [ -99.22725194330134, 18.868346420249146 ] ] ] } },
{ "type": "Feature", "properties": { "difference_1990_2000": -22.0, "difference_1990_2010": -153.0, "difference_1990_2020": -165.0 }, "geometry": { "type": "Polygon", "coordinates": [ [ [ -99.22725194330134, 18.91353971128466 ], [ -99.222679469593047, 18.913539711284695 ], [ -99.222679469593047, 18.909430732034405 ], [ -99.22725194330134, 18.909430732034405 ], [ -99.22725194330134, 18.91353971128466 ] ] ] } },
{ "type": "Feature", "properties": { "difference_1990_2000": 5.0, "difference_1990_2010": 17.0, "difference_1990_2020": 14.0 }, "geometry": { "type": "Polygon", "coordinates": [ [ [ -99.22725194330134, 18.802632195713745 ], [ -99.222679469593047, 18.802632195713745 ], [ -99.222679469593047, 18.798525899391365 ], [ -99.22725194330134, 18.798525899391347 ], [ -99.22725194330134, 18.802632195713745 ] ] ] } },
{ "type": "Feature", "properties": { "difference_1990_2000": 206.0, "difference_1990_2010": 475.0, "difference_1990_2020": 616.0 }, "geometry": { "type": "Polygon", "coordinates": [ [ [ -99.22725194330134, 18.884778949960179 ], [ -99.222679469593047, 18.884778949960179 ], [ -99.222679469593047, 18.880670668255728 ], [ -99.22725194330134, 18.880670668255728 ], [ -99.22725194330134, 18.884778949960179 ] ] ] } },
{ "type": "Feature", "properties": { "difference_1990_2000": 100.0, "difference_1990_2010": 48.0, "difference_1990_2020": -64.0 }, "geometry": { "type": "Polygon", "coordinates": [ [ [ -99.22725194330134, 18.909430732034405 ], [ -99.222679469593047, 18.909430732034405 ], [ -99.222679469593047, 18.905321852518146 ], [ -99.22725194330134, 18.905321852518146 ], [ -99.22725194330134, 18.909430732034405 ] ] ] } },
{ "type": "Feature", "properties": { "difference_1990_2000": 34.0, "difference_1990_2010": 41.0, "difference_1990_2020": 43.0 }, "geometry": { "type": "Polygon", "coordinates": [ [ [ -99.22725194330134, 18.736943315703392 ], [ -99.222679469593047, 18.736943315703392 ], [ -99.222679469593047, 18.732838599596164 ], [ -99.22725194330134, 18.73283859959615 ], [ -99.22725194330134, 18.736943315703392 ] ] ] } },
{ "type": "Feature", "properties": { "difference_1990_2000": 316.0, "difference_1990_2010": 548.0, "difference_1990_2020": 686.0 }, "geometry": { "type": "Polygon", "coordinates": [ [ [ -99.22725194330134, 18.966965530191111 ], [ -99.222679469593047, 18.966965530191128 ], [ -99.222679469593047, 18.962855251826873 ], [ -99.22725194330134, 18.962855251826873 ], [ -99.22725194330134, 18.966965530191111 ] ] ] } },
{ "type": "Feature", "properties": { "difference_1990_2000": 190.0, "difference_1990_2010": 215.0, "difference_1990_2020": 245.0 }, "geometry": { "type": "Polygon", "coordinates": [ [ [ -99.22725194330134, 18.741048130363851 ], [ -99.222679469593047, 18.741048130363904 ], [ -99.222679469593047, 18.736943315703392 ], [ -99.22725194330134, 18.736943315703392 ], [ -99.22725194330134, 18.741048130363851 ] ] ] } },
{ "type": "Feature", "properties": { "difference_1990_2000": 135.0, "difference_1990_2010": 127.0, "difference_1990_2020": 113.0 }, "geometry": { "type": "Polygon", "coordinates": [ [ [ -99.22725194330134, 18.958745073564142 ], [ -99.222679469593047, 18.958745073564142 ], [ -99.222679469593047, 18.954634995374633 ], [ -99.22725194330134, 18.954634995374633 ], [ -99.22725194330134, 18.958745073564142 ] ] ] } },
{ "type": "Feature", "properties": { "difference_1990_2000": 42.0, "difference_1990_2010": 8.0, "difference_1990_2020": -132.0 }, "geometry": { "type": "Polygon", "coordinates": [ [ [ -99.22725194330134, 18.847807995570069 ], [ -99.222679469593047, 18.847807995570069 ], [ -99.222679469593047, 18.843700608680571 ], [ -99.22725194330134, 18.843700608680571 ], [ -99.22725194330134, 18.847807995570069 ] ] ] } },
{ "type": "Feature", "properties": { "difference_1990_2000": 163.0, "difference_1990_2010": 397.0, "difference_1990_2020": 399.0 }, "geometry": { "type": "Polygon", "coordinates": [ [ [ -99.22725194330134, 18.823165162916485 ], [ -99.222679469593047, 18.823165162916485 ], [ -99.222679469593047, 18.819058371303505 ], [ -99.22725194330134, 18.819058371303505 ], [ -99.22725194330134, 18.823165162916485 ] ] ] } },
{ "type": "Feature", "properties": { "difference_1990_2000": 7.0, "difference_1990_2010": -57.0, "difference_1990_2020": 27.0 }, "geometry": { "type": "Polygon", "coordinates": [ [ [ -99.22725194330134, 18.79031360364009 ], [ -99.222679469593047, 18.79031360364009 ], [ -99.222679469593047, 18.786207604155059 ], [ -99.22725194330134, 18.786207604155045 ], [ -99.22725194330134, 18.79031360364009 ] ] ] } },
{ "type": "Feature", "properties": { "difference_1990_2000": -81.0, "difference_1990_2010": -140.0, "difference_1990_2020": -283.0 }, "geometry": { "type": "Polygon", "coordinates": [ [ [ -99.22725194330134, 18.856023067310918 ], [ -99.222679469593047, 18.856023067310918 ], [ -99.222679469593047, 18.851915481770849 ], [ -99.22725194330134, 18.851915481770817 ], [ -99.22725194330134, 18.856023067310918 ] ] ] } },
{ "type": "Feature", "properties": { "difference_1990_2000": 360.0, "difference_1990_2010": 585.0, "difference_1990_2020": 757.0 }, "geometry": { "type": "Polygon", "coordinates": [ [ [ -99.22725194330134, 18.962855251826873 ], [ -99.222679469593047, 18.962855251826873 ], [ -99.222679469593047, 18.958745073564142 ], [ -99.22725194330134, 18.958745073564142 ], [ -99.22725194330134, 18.962855251826873 ] ] ] } },
{ "type": "Feature", "properties": { "difference_1990_2000": 374.0, "difference_1990_2010": 545.0, "difference_1990_2020": 611.0 }, "geometry": { "type": "Polygon", "coordinates": [ [ [ -99.22725194330134, 18.876562486087899 ], [ -99.222679469593047, 18.876562486087884 ], [ -99.222679469593047, 18.872454403428438 ], [ -99.22725194330134, 18.872454403428438 ], [ -99.22725194330134, 18.876562486087899 ] ] ] } },
{ "type": "Feature", "properties": { "difference_1990_2000": 59.0, "difference_1990_2010": 91.0, "difference_1990_2020": 65.0 }, "geometry": { "type": "Polygon", "coordinates": [ [ [ -99.22725194330134, 18.901213072707769 ], [ -99.222679469593047, 18.901213072707769 ], [ -99.222679469593047, 18.897104392574974 ], [ -99.22725194330134, 18.897104392574938 ], [ -99.22725194330134, 18.901213072707769 ] ] ] } },
{ "type": "Feature", "properties": { "difference_1990_2000": 67.0, "difference_1990_2010": 129.0, "difference_1990_2020": 111.0 }, "geometry": { "type": "Polygon", "coordinates": [ [ [ -99.22725194330134, 18.810845085392366 ], [ -99.222679469593047, 18.810845085392348 ], [ -99.222679469593047, 18.806738591038023 ], [ -99.22725194330134, 18.806738591038023 ], [ -99.22725194330134, 18.810845085392366 ] ] ] } },
{ "type": "Feature", "properties": { "difference_1990_2000": -11.0, "difference_1990_2010": -121.0, "difference_1990_2020": -152.0 }, "geometry": { "type": "Polygon", "coordinates": [ [ [ -99.22725194330134, 18.942305360962511 ], [ -99.222679469593047, 18.942305360962511 ], [ -99.222679469593047, 18.938195682783007 ], [ -99.22725194330134, 18.938195682783007 ], [ -99.22725194330134, 18.942305360962511 ] ] ] } },
{ "type": "Feature", "properties": { "difference_1990_2000": 377.0, "difference_1990_2010": 560.0, "difference_1990_2020": 641.0 }, "geometry": { "type": "Polygon", "coordinates": [ [ [ -99.22725194330134, 18.872454403428438 ], [ -99.222679469593047, 18.872454403428438 ], [ -99.222679469593047, 18.868346420249146 ], [ -99.22725194330134, 18.868346420249146 ], [ -99.22725194330134, 18.872454403428438 ] ] ] } },
{ "type": "Feature", "properties": { "difference_1990_2000": 86.0, "difference_1990_2010": 83.0, "difference_1990_2020": 13.0 }, "geometry": { "type": "Polygon", "coordinates": [ [ [ -99.22725194330134, 18.946415139102079 ], [ -99.222679469593047, 18.946415139102097 ], [ -99.222679469593047, 18.942305360962511 ], [ -99.22725194330134, 18.942305360962511 ], [ -99.22725194330134, 18.946415139102079 ] ] ] } },
{ "type": "Feature", "properties": { "difference_1990_2000": 87.0, "difference_1990_2010": 80.0, "difference_1990_2020": 96.0 }, "geometry": { "type": "Polygon", "coordinates": [ [ [ -99.22725194330134, 18.843700608680571 ], [ -99.222679469593047, 18.843700608680571 ], [ -99.222679469593047, 18.839593321074087 ], [ -99.22725194330134, 18.839593321074087 ], [ -99.22725194330134, 18.843700608680571 ] ] ] } },
{ "type": "Feature", "properties": { "difference_1990_2000": 637.0, "difference_1990_2010": 922.0, "difference_1990_2020": 1209.0 }, "geometry": { "type": "Polygon", "coordinates": [ [ [ -99.22725194330134, 18.929976626191074 ], [ -99.222679469593047, 18.929976626191074 ], [ -99.222679469593047, 18.925867247722206 ], [ -99.22725194330134, 18.925867247722241 ], [ -99.22725194330134, 18.929976626191074 ] ] ] } },
{ "type": "Feature", "properties": { "difference_1990_2000": 543.0, "difference_1990_2010": 585.0, "difference_1990_2020": 698.0 }, "geometry": { "type": "Polygon", "coordinates": [ [ [ -99.22725194330134, 18.745153043605551 ], [ -99.222679469593047, 18.745153043605551 ], [ -99.222679469593047, 18.741048130363904 ], [ -99.22725194330134, 18.741048130363851 ], [ -99.22725194330134, 18.745153043605551 ] ] ] } },
{ "type": "Feature", "properties": { "difference_1990_2000": 41.0, "difference_1990_2010": -747.0, "difference_1990_2020": -721.0 }, "geometry": { "type": "Polygon", "coordinates": [ [ [ -99.22725194330134, 18.921757969100319 ], [ -99.222679469593047, 18.921757969100319 ], [ -99.222679469593047, 18.917648790297225 ], [ -99.22725194330134, 18.917648790297225 ], [ -99.22725194330134, 18.921757969100319 ] ] ] } },
{ "type": "Feature", "properties": { "difference_1990_2000": 0.0, "difference_1990_2010": -3.0, "difference_1990_2020": 0.0 }, "geometry": { "type": "Polygon", "coordinates": [ [ [ -99.039780521262017, 18.897104392574985 ], [ -99.035208047553724, 18.897104392574938 ], [ -99.035208047553724, 18.892995812091637 ], [ -99.039780521262017, 18.892995812091637 ], [ -99.039780521262017, 18.897104392574985 ] ] ] } },
{ "type": "Feature", "properties": { "difference_1990_2000": 0.0, "difference_1990_2010": 73.0, "difference_1990_2020": 75.0 }, "geometry": { "type": "Polygon", "coordinates": [ [ [ -99.039780521262017, 18.917648790297225 ], [ -99.035208047553724, 18.917648790297225 ], [ -99.035208047553724, 18.91353971128466 ], [ -99.039780521262017, 18.91353971128466 ], [ -99.039780521262017, 18.917648790297225 ] ] ] } },
{ "type": "Feature", "properties": { "difference_1990_2000": 0.0, "difference_1990_2010": 446.0, "difference_1990_2020": 411.0 }, "geometry": { "type": "Polygon", "coordinates": [ [ [ -99.039780521262017, 18.925867247722206 ], [ -99.035208047553724, 18.925867247722206 ], [ -99.035208047553724, 18.921757969100295 ], [ -99.039780521262017, 18.921757969100319 ], [ -99.039780521262017, 18.925867247722206 ] ] ] } },
{ "type": "Feature", "properties": { "difference_1990_2000": 0.0, "difference_1990_2010": 2.0, "difference_1990_2020": 2.0 }, "geometry": { "type": "Polygon", "coordinates": [ [ [ -99.039780521262017, 18.929976626191074 ], [ -99.035208047553724, 18.929976626191053 ], [ -99.035208047553724, 18.925867247722206 ], [ -99.039780521262017, 18.925867247722206 ], [ -99.039780521262017, 18.929976626191074 ] ] ] } },
{ "type": "Feature", "properties": { "difference_1990_2000": 0.0, "difference_1990_2010": 247.0, "difference_1990_2020": 229.0 }, "geometry": { "type": "Polygon", "coordinates": [ [ [ -99.039780521262017, 18.921757969100319 ], [ -99.035208047553724, 18.921757969100295 ], [ -99.035208047553724, 18.917648790297225 ], [ -99.039780521262017, 18.917648790297225 ], [ -99.039780521262017, 18.921757969100319 ] ] ] } },
{ "type": "Feature", "properties": { "difference_1990_2000": 42.0, "difference_1990_2010": 132.0, "difference_1990_2020": 189.0 }, "geometry": { "type": "Polygon", "coordinates": [ [ [ -99.218106995884796, 18.892995812091637 ], [ -99.213534522176502, 18.892995812091637 ], [ -99.213534522176502, 18.888887331229387 ], [ -99.218106995884796, 18.888887331229402 ], [ -99.218106995884796, 18.892995812091637 ] ] ] } },
{ "type": "Feature", "properties": { "difference_1990_2000": 8.0, "difference_1990_2010": 46.0, "difference_1990_2020": 66.0 }, "geometry": { "type": "Polygon", "coordinates": [ [ [ -99.218106995884796, 18.839593321074087 ], [ -99.213534522176502, 18.839593321074087 ], [ -99.213534522176502, 18.835486132722654 ], [ -99.218106995884796, 18.835486132722622 ], [ -99.218106995884796, 18.839593321074087 ] ] ] } },
{ "type": "Feature", "properties": { "difference_1990_2000": 229.0, "difference_1990_2010": 214.0, "difference_1990_2020": 212.0 }, "geometry": { "type": "Polygon", "coordinates": [ [ [ -99.218106995884796, 18.864238536521988 ], [ -99.213534522176502, 18.864238536521988 ], [ -99.213534522176502, 18.860130752218598 ], [ -99.218106995884796, 18.860130752218598 ], [ -99.218106995884796, 18.864238536521988 ] ] ] } },
{ "type": "Feature", "properties": { "difference_1990_2000": 189.0, "difference_1990_2010": 210.0, "difference_1990_2020": 230.0 }, "geometry": { "type": "Polygon", "coordinates": [ [ [ -99.218106995884796, 18.860130752218598 ], [ -99.213534522176502, 18.860130752218598 ], [ -99.213534522176502, 18.856023067310918 ], [ -99.218106995884796, 18.8560230673109 ], [ -99.218106995884796, 18.860130752218598 ] ] ] } },
{ "type": "Feature", "properties": { "difference_1990_2000": 31.0, "difference_1990_2010": 110.0, "difference_1990_2020": 163.0 }, "geometry": { "type": "Polygon", "coordinates": [ [ [ -99.218106995884796, 18.897104392574974 ], [ -99.213534522176502, 18.897104392574938 ], [ -99.213534522176502, 18.892995812091637 ], [ -99.218106995884796, 18.892995812091637 ], [ -99.218106995884796, 18.897104392574974 ] ] ] } },
{ "type": "Feature", "properties": { "difference_1990_2000": 70.0, "difference_1990_2010": 27.0, "difference_1990_2020": 10.0 }, "geometry": { "type": "Polygon", "coordinates": [ [ [ -99.218106995884796, 18.938195682783007 ], [ -99.213534522176502, 18.938195682783007 ], [ -99.213534522176502, 18.934086104535261 ], [ -99.218106995884796, 18.93408610453524 ], [ -99.218106995884796, 18.938195682783007 ] ] ] } },
{ "type": "Feature", "properties": { "difference_1990_2000": 126.0, "difference_1990_2010": 160.0, "difference_1990_2020": 224.0 }, "geometry": { "type": "Polygon", "coordinates": [ [ [ -99.218106995884796, 18.782101703559618 ], [ -99.213534522176502, 18.782101703559618 ], [ -99.213534522176502, 18.777995901825779 ], [ -99.218106995884796, 18.777995901825744 ], [ -99.218106995884796, 18.782101703559618 ] ] ] } },
{ "type": "Feature", "properties": { "difference_1990_2000": 153.0, "difference_1990_2010": 205.0, "difference_1990_2020": 219.0 }, "geometry": { "type": "Polygon", "coordinates": [ [ [ -99.218106995884796, 18.954634995374633 ], [ -99.213534522176502, 18.954634995374633 ], [ -99.213534522176502, 18.950525017230078 ], [ -99.218106995884796, 18.950525017230042 ], [ -99.218106995884796, 18.954634995374633 ] ] ] } },
{ "type": "Feature", "properties": { "difference_1990_2000": 32.0, "difference_1990_2010": 178.0, "difference_1990_2020": 277.0 }, "geometry": { "type": "Polygon", "coordinates": [ [ [ -99.218106995884796, 18.979296966176022 ], [ -99.213534522176502, 18.979296966175987 ], [ -99.213534522176502, 18.975186387337384 ], [ -99.218106995884796, 18.975186387337384 ], [ -99.218106995884796, 18.979296966176022 ] ] ] } },
{ "type": "Feature", "properties": { "difference_1990_2000": 97.0, "difference_1990_2010": 483.0, "difference_1990_2020": 390.0 }, "geometry": { "type": "Polygon", "coordinates": [ [ [ -99.218106995884796, 18.975186387337384 ], [ -99.213534522176502, 18.975186387337384 ], [ -99.213534522176502, 18.971075908685147 ], [ -99.218106995884796, 18.971075908685133 ], [ -99.218106995884796, 18.975186387337384 ] ] ] } },
{ "type": "Feature", "properties": { "difference_1990_2000": 121.0, "difference_1990_2010": 65.0, "difference_1990_2020": 37.0 }, "geometry": { "type": "Polygon", "coordinates": [ [ [ -99.218106995884796, 18.917648790297189 ], [ -99.213534522176502, 18.917648790297243 ], [ -99.213534522176502, 18.91353971128466 ], [ -99.218106995884796, 18.91353971128466 ], [ -99.218106995884796, 18.917648790297189 ] ] ] } },
{ "type": "Feature", "properties": { "difference_1990_2000": 37.0, "difference_1990_2010": 58.0, "difference_1990_2020": 71.0 }, "geometry": { "type": "Polygon", "coordinates": [ [ [ -99.218106995884796, 18.786207604155045 ], [ -99.213534522176502, 18.786207604155059 ], [ -99.213534522176502, 18.782101703559618 ], [ -99.218106995884796, 18.782101703559618 ], [ -99.218106995884796, 18.786207604155045 ] ] ] } },
{ "type": "Feature", "properties": { "difference_1990_2000": 100.0, "difference_1990_2010": 201.0, "difference_1990_2020": 276.0 }, "geometry": { "type": "Polygon", "coordinates": [ [ [ -99.218106995884796, 18.851915481770799 ], [ -99.213534522176502, 18.851915481770817 ], [ -99.213534522176502, 18.847807995570069 ], [ -99.218106995884796, 18.847807995570069 ], [ -99.218106995884796, 18.851915481770799 ] ] ] } },
{ "type": "Feature", "properties": { "difference_1990_2000": 80.0, "difference_1990_2010": 114.0, "difference_1990_2020": 115.0 }, "geometry": { "type": "Polygon", "coordinates": [ [ [ -99.218106995884796, 18.905321852518146 ], [ -99.213534522176502, 18.905321852518146 ], [ -99.213534522176502, 18.901213072707769 ], [ -99.218106995884796, 18.901213072707751 ], [ -99.218106995884796, 18.905321852518146 ] ] ] } },
{ "type": "Feature", "properties": { "difference_1990_2000": 109.0, "difference_1990_2010": 149.0, "difference_1990_2020": 155.0 }, "geometry": { "type": "Polygon", "coordinates": [ [ [ -99.218106995884796, 18.950525017230042 ], [ -99.213534522176502, 18.950525017230078 ], [ -99.213534522176502, 18.946415139102097 ], [ -99.218106995884796, 18.946415139102079 ], [ -99.218106995884796, 18.950525017230042 ] ] ] } },
{ "type": "Feature", "properties": { "difference_1990_2000": 1.0, "difference_1990_2010": 0.0, "difference_1990_2020": 1.0 }, "geometry": { "type": "Polygon", "coordinates": [ [ [ -99.218106995884796, 18.827272053671937 ], [ -99.213534522176502, 18.827272053671955 ], [ -99.213534522176502, 18.823165162916485 ], [ -99.218106995884796, 18.823165162916485 ], [ -99.218106995884796, 18.827272053671937 ] ] ] } },
{ "type": "Feature", "properties": { "difference_1990_2000": 96.0, "difference_1990_2010": 168.0, "difference_1990_2020": 258.0 }, "geometry": { "type": "Polygon", "coordinates": [ [ [ -99.218106995884796, 18.880670668255728 ], [ -99.213534522176502, 18.880670668255728 ], [ -99.213534522176502, 18.876562486087852 ], [ -99.218106995884796, 18.876562486087852 ], [ -99.218106995884796, 18.880670668255728 ] ] ] } },
{ "type": "Feature", "properties": { "difference_1990_2000": 78.0, "difference_1990_2010": 74.0, "difference_1990_2020": 76.0 }, "geometry": { "type": "Polygon", "coordinates": [ [ [ -99.218106995884796, 18.814951678804796 ], [ -99.213534522176502, 18.81495167880481 ], [ -99.213534522176502, 18.810845085392366 ], [ -99.218106995884796, 18.810845085392366 ], [ -99.218106995884796, 18.814951678804796 ] ] ] } },
{ "type": "Feature", "properties": { "difference_1990_2000": 346.0, "difference_1990_2010": 559.0, "difference_1990_2020": 718.0 }, "geometry": { "type": "Polygon", "coordinates": [ [ [ -99.218106995884796, 18.971075908685133 ], [ -99.213534522176502, 18.971075908685147 ], [ -99.213534522176502, 18.966965530191128 ], [ -99.218106995884796, 18.966965530191111 ], [ -99.218106995884796, 18.971075908685133 ] ] ] } },
{ "type": "Feature", "properties": { "difference_1990_2000": 78.0, "difference_1990_2010": 74.0, "difference_1990_2020": 76.0 }, "geometry": { "type": "Polygon", "coordinates": [ [ [ -99.218106995884796, 18.819058371303505 ], [ -99.213534522176502, 18.819058371303505 ], [ -99.213534522176502, 18.814951678804846 ], [ -99.218106995884796, 18.814951678804846 ], [ -99.218106995884796, 18.819058371303505 ] ] ] } },
{ "type": "Feature", "properties": { "difference_1990_2000": 79.0, "difference_1990_2010": 128.0, "difference_1990_2020": 141.0 }, "geometry": { "type": "Polygon", "coordinates": [ [ [ -99.218106995884796, 18.777995901825744 ], [ -99.213534522176502, 18.777995901825779 ], [ -99.213534522176502, 18.773890198925443 ], [ -99.218106995884796, 18.773890198925415 ], [ -99.218106995884796, 18.777995901825744 ] ] ] } },
{ "type": "Feature", "properties": { "difference_1990_2000": 39.0, "difference_1990_2010": -51.0, "difference_1990_2020": -61.0 }, "geometry": { "type": "Polygon", "coordinates": [ [ [ -99.218106995884796, 18.93408610453524 ], [ -99.213534522176502, 18.934086104535261 ], [ -99.213534522176502, 18.929976626191074 ], [ -99.218106995884796, 18.929976626191074 ], [ -99.218106995884796, 18.93408610453524 ] ] ] } },
{ "type": "Feature", "properties": { "difference_1990_2000": 92.0, "difference_1990_2010": 172.0, "difference_1990_2020": 251.0 }, "geometry": { "type": "Polygon", "coordinates": [ [ [ -99.218106995884796, 18.888887331229402 ], [ -99.213534522176502, 18.888887331229387 ], [ -99.213534522176502, 18.884778949960179 ], [ -99.218106995884796, 18.884778949960179 ], [ -99.218106995884796, 18.888887331229402 ] ] ] } },
{ "type": "Feature", "properties": { "difference_1990_2000": 75.0, "difference_1990_2010": -121.0, "difference_1990_2020": -124.0 }, "geometry": { "type": "Polygon", "coordinates": [ [ [ -99.218106995884796, 18.925867247722206 ], [ -99.213534522176502, 18.925867247722206 ], [ -99.213534522176502, 18.921757969100319 ], [ -99.218106995884796, 18.921757969100319 ], [ -99.218106995884796, 18.925867247722206 ] ] ] } },
{ "type": "Feature", "properties": { "difference_1990_2000": 1.0, "difference_1990_2010": 9.0, "difference_1990_2020": 10.0 }, "geometry": { "type": "Polygon", "coordinates": [ [ [ -99.218106995884796, 18.983407645229398 ], [ -99.213534522176502, 18.983407645229434 ], [ -99.213534522176502, 18.979296966175987 ], [ -99.218106995884796, 18.979296966176022 ], [ -99.218106995884796, 18.983407645229398 ] ] ] } },
{ "type": "Feature", "properties": { "difference_1990_2000": 228.0, "difference_1990_2010": 213.0, "difference_1990_2020": 211.0 }, "geometry": { "type": "Polygon", "coordinates": [ [ [ -99.218106995884796, 18.868346420249146 ], [ -99.213534522176502, 18.868346420249146 ], [ -99.213534522176502, 18.864238536521988 ], [ -99.218106995884796, 18.864238536521988 ], [ -99.218106995884796, 18.868346420249146 ] ] ] } },
{ "type": "Feature", "properties": { "difference_1990_2000": 157.0, "difference_1990_2010": 161.0, "difference_1990_2020": 103.0 }, "geometry": { "type": "Polygon", "coordinates": [ [ [ -99.218106995884796, 18.91353971128466 ], [ -99.213534522176502, 18.91353971128466 ], [ -99.213534522176502, 18.909430732034405 ], [ -99.218106995884796, 18.909430732034405 ], [ -99.218106995884796, 18.91353971128466 ] ] ] } },
{ "type": "Feature", "properties": { "difference_1990_2000": 102.0, "difference_1990_2010": 181.0, "difference_1990_2020": 254.0 }, "geometry": { "type": "Polygon", "coordinates": [ [ [ -99.218106995884796, 18.884778949960179 ], [ -99.213534522176502, 18.884778949960179 ], [ -99.213534522176502, 18.880670668255728 ], [ -99.218106995884796, 18.880670668255728 ], [ -99.218106995884796, 18.884778949960179 ] ] ] } },
{ "type": "Feature", "properties": { "difference_1990_2000": 193.0, "difference_1990_2010": 208.0, "difference_1990_2020": 156.0 }, "geometry": { "type": "Polygon", "coordinates": [ [ [ -99.218106995884796, 18.909430732034405 ], [ -99.213534522176502, 18.909430732034405 ], [ -99.213534522176502, 18.905321852518146 ], [ -99.218106995884796, 18.905321852518146 ], [ -99.218106995884796, 18.909430732034405 ] ] ] } },
{ "type": "Feature", "properties": { "difference_1990_2000": 352.0, "difference_1990_2010": 567.0, "difference_1990_2020": 734.0 }, "geometry": { "type": "Polygon", "coordinates": [ [ [ -99.218106995884796, 18.966965530191111 ], [ -99.213534522176502, 18.966965530191128 ], [ -99.213534522176502, 18.962855251826873 ], [ -99.218106995884796, 18.962855251826873 ], [ -99.218106995884796, 18.966965530191111 ] ] ] } },
{ "type": "Feature", "properties": { "difference_1990_2000": 638.0, "difference_1990_2010": 1124.0, "difference_1990_2020": 1382.0 }, "geometry": { "type": "Polygon", "coordinates": [ [ [ -99.218106995884796, 18.958745073564142 ], [ -99.213534522176502, 18.958745073564142 ], [ -99.213534522176502, 18.954634995374633 ], [ -99.218106995884796, 18.954634995374633 ], [ -99.218106995884796, 18.958745073564142 ] ] ] } },
{ "type": "Feature", "properties": { "difference_1990_2000": 100.0, "difference_1990_2010": 199.0, "difference_1990_2020": 272.0 }, "geometry": { "type": "Polygon", "coordinates": [ [ [ -99.218106995884796, 18.847807995570069 ], [ -99.213534522176502, 18.847807995570069 ], [ -99.213534522176502, 18.843700608680571 ], [ -99.218106995884796, 18.843700608680571 ], [ -99.218106995884796, 18.847807995570069 ] ] ] } },
{ "type": "Feature", "properties": { "difference_1990_2000": 29.0, "difference_1990_2010": 30.0, "difference_1990_2020": 28.0 }, "geometry": { "type": "Polygon", "coordinates": [ [ [ -99.218106995884796, 18.823165162916485 ], [ -99.213534522176502, 18.823165162916485 ], [ -99.213534522176502, 18.819058371303505 ], [ -99.218106995884796, 18.819058371303505 ], [ -99.218106995884796, 18.823165162916485 ] ] ] } },
{ "type": "Feature", "properties": { "difference_1990_2000": 108.0, "difference_1990_2010": 203.0, "difference_1990_2020": 270.0 }, "geometry": { "type": "Polygon", "coordinates": [ [ [ -99.218106995884796, 18.8560230673109 ], [ -99.213534522176502, 18.856023067310918 ], [ -99.213534522176502, 18.851915481770817 ], [ -99.218106995884796, 18.851915481770799 ], [ -99.218106995884796, 18.8560230673109 ] ] ] } },
{ "type": "Feature", "properties": { "difference_1990_2000": 109.0, "difference_1990_2010": 156.0, "difference_1990_2020": 257.0 }, "geometry": { "type": "Polygon", "coordinates": [ [ [ -99.218106995884796, 18.876562486087852 ], [ -99.213534522176502, 18.876562486087852 ], [ -99.213534522176502, 18.872454403428438 ], [ -99.218106995884796, 18.872454403428407 ], [ -99.218106995884796, 18.876562486087852 ] ] ] } },
{ "type": "Feature", "properties": { "difference_1990_2000": 429.0, "difference_1990_2010": 673.0, "difference_1990_2020": 816.0 }, "geometry": { "type": "Polygon", "coordinates": [ [ [ -99.218106995884796, 18.962855251826873 ], [ -99.213534522176502, 18.962855251826873 ], [ -99.213534522176502, 18.958745073564142 ], [ -99.218106995884796, 18.958745073564142 ], [ -99.218106995884796, 18.962855251826873 ] ] ] } },
{ "type": "Feature", "properties": { "difference_1990_2000": 228.0, "difference_1990_2010": 213.0, "difference_1990_2020": 211.0 }, "geometry": { "type": "Polygon", "coordinates": [ [ [ -99.218106995884796, 18.872454403428407 ], [ -99.213534522176502, 18.872454403428438 ], [ -99.213534522176502, 18.868346420249146 ], [ -99.218106995884796, 18.868346420249146 ], [ -99.218106995884796, 18.872454403428407 ] ] ] } },
{ "type": "Feature", "properties": { "difference_1990_2000": 31.0, "difference_1990_2010": 110.0, "difference_1990_2020": 163.0 }, "geometry": { "type": "Polygon", "coordinates": [ [ [ -99.218106995884796, 18.901213072707751 ], [ -99.213534522176502, 18.901213072707769 ], [ -99.213534522176502, 18.897104392574938 ], [ -99.218106995884796, 18.897104392574974 ], [ -99.218106995884796, 18.901213072707751 ] ] ] } },
{ "type": "Feature", "properties": { "difference_1990_2000": 60.0, "difference_1990_2010": 55.0, "difference_1990_2020": 59.0 }, "geometry": { "type": "Polygon", "coordinates": [ [ [ -99.218106995884796, 18.810845085392366 ], [ -99.213534522176502, 18.810845085392366 ], [ -99.213534522176502, 18.806738591038023 ], [ -99.218106995884796, 18.806738591038023 ], [ -99.218106995884796, 18.810845085392366 ] ] ] } },
{ "type": "Feature", "properties": { "difference_1990_2000": -325.0, "difference_1990_2010": -328.0, "difference_1990_2020": -432.0 }, "geometry": { "type": "Polygon", "coordinates": [ [ [ -99.218106995884796, 18.942305360962511 ], [ -99.213534522176502, 18.942305360962511 ], [ -99.213534522176502, 18.938195682783007 ], [ -99.218106995884796, 18.938195682783007 ], [ -99.218106995884796, 18.942305360962511 ] ] ] } },
{ "type": "Feature", "properties": { "difference_1990_2000": -151.0, "difference_1990_2010": -110.0, "difference_1990_2020": -155.0 }, "geometry": { "type": "Polygon", "coordinates": [ [ [ -99.218106995884796, 18.946415139102079 ], [ -99.213534522176502, 18.946415139102125 ], [ -99.213534522176502, 18.942305360962511 ], [ -99.218106995884796, 18.942305360962511 ], [ -99.218106995884796, 18.946415139102079 ] ] ] } },
{ "type": "Feature", "properties": { "difference_1990_2000": 54.0, "difference_1990_2010": 123.0, "difference_1990_2020": 162.0 }, "geometry": { "type": "Polygon", "coordinates": [ [ [ -99.218106995884796, 18.843700608680571 ], [ -99.213534522176502, 18.843700608680571 ], [ -99.213534522176502, 18.839593321074087 ], [ -99.218106995884796, 18.839593321074087 ], [ -99.218106995884796, 18.843700608680571 ] ] ] } },
{ "type": "Feature", "properties": { "difference_1990_2000": 121.0, "difference_1990_2010": -9.0, "difference_1990_2020": -32.0 }, "geometry": { "type": "Polygon", "coordinates": [ [ [ -99.218106995884796, 18.929976626191074 ], [ -99.213534522176502, 18.929976626191074 ], [ -99.213534522176502, 18.925867247722206 ], [ -99.218106995884796, 18.925867247722206 ], [ -99.218106995884796, 18.929976626191074 ] ] ] } },
{ "type": "Feature", "properties": { "difference_1990_2000": 121.0, "difference_1990_2010": 3.0, "difference_1990_2020": -10.0 }, "geometry": { "type": "Polygon", "coordinates": [ [ [ -99.218106995884796, 18.921757969100319 ], [ -99.213534522176502, 18.921757969100319 ], [ -99.213534522176502, 18.917648790297243 ], [ -99.218106995884796, 18.917648790297189 ], [ -99.218106995884796, 18.921757969100319 ] ] ] } },
{ "type": "Feature", "properties": { "difference_1990_2000": 2632.0, "difference_1990_2010": 2228.0, "difference_1990_2020": 2109.0 }, "geometry": { "type": "Polygon", "coordinates": [ [ [ -99.030635573845487, 18.892995812091637 ], [ -99.026063100137179, 18.892995812091637 ], [ -99.026063100137179, 18.888887331229387 ], [ -99.030635573845487, 18.888887331229402 ], [ -99.030635573845487, 18.892995812091637 ] ] ] } },
{ "type": "Feature", "properties": { "difference_1990_2000": 58.0, "difference_1990_2010": 41.0, "difference_1990_2020": 145.0 }, "geometry": { "type": "Polygon", "coordinates": [ [ [ -99.030635573845487, 18.897104392574974 ], [ -99.026063100137179, 18.897104392574974 ], [ -99.026063100137179, 18.892995812091637 ], [ -99.030635573845487, 18.892995812091637 ], [ -99.030635573845487, 18.897104392574974 ] ] ] } },
{ "type": "Feature", "properties": { "difference_1990_2000": 0.0, "difference_1990_2010": 223.0, "difference_1990_2020": 231.0 }, "geometry": { "type": "Polygon", "coordinates": [ [ [ -99.030635573845487, 18.917648790297225 ], [ -99.026063100137179, 18.917648790297225 ], [ -99.026063100137179, 18.91353971128466 ], [ -99.030635573845487, 18.91353971128466 ], [ -99.030635573845487, 18.917648790297225 ] ] ] } },
{ "type": "Feature", "properties": { "difference_1990_2000": 303.0, "difference_1990_2010": 342.0, "difference_1990_2020": 335.0 }, "geometry": { "type": "Polygon", "coordinates": [ [ [ -99.030635573845487, 18.888887331229402 ], [ -99.026063100137179, 18.888887331229387 ], [ -99.026063100137179, 18.884778949960179 ], [ -99.030635573845487, 18.884778949960179 ], [ -99.030635573845487, 18.888887331229402 ] ] ] } },
{ "type": "Feature", "properties": { "difference_1990_2000": 0.0, "difference_1990_2010": 437.0, "difference_1990_2020": 405.0 }, "geometry": { "type": "Polygon", "coordinates": [ [ [ -99.030635573845487, 18.925867247722206 ], [ -99.026063100137179, 18.925867247722145 ], [ -99.026063100137179, 18.921757969100295 ], [ -99.030635573845487, 18.921757969100319 ], [ -99.030635573845487, 18.925867247722206 ] ] ] } },
{ "type": "Feature", "properties": { "difference_1990_2000": 0.0, "difference_1990_2010": 0.0, "difference_1990_2020": 11.0 }, "geometry": { "type": "Polygon", "coordinates": [ [ [ -99.030635573845487, 18.901213072707751 ], [ -99.026063100137179, 18.901213072707751 ], [ -99.026063100137179, 18.897104392574974 ], [ -99.030635573845487, 18.897104392574974 ], [ -99.030635573845487, 18.901213072707751 ] ] ] } },
{ "type": "Feature", "properties": { "difference_1990_2000": 0.0, "difference_1990_2010": 240.0, "difference_1990_2020": 248.0 }, "geometry": { "type": "Polygon", "coordinates": [ [ [ -99.030635573845487, 18.921757969100319 ], [ -99.026063100137179, 18.921757969100295 ], [ -99.026063100137179, 18.917648790297225 ], [ -99.030635573845487, 18.917648790297225 ], [ -99.030635573845487, 18.921757969100319 ] ] ] } },
{ "type": "Feature", "properties": { "difference_1990_2000": 430.0, "difference_1990_2010": 901.0, "difference_1990_2020": 980.0 }, "geometry": { "type": "Polygon", "coordinates": [ [ [ -99.208962048468237, 18.864238536521988 ], [ -99.204389574759958, 18.864238536521988 ], [ -99.204389574759958, 18.860130752218598 ], [ -99.208962048468237, 18.860130752218598 ], [ -99.208962048468237, 18.864238536521988 ] ] ] } },
{ "type": "Feature", "properties": { "difference_1990_2000": 317.0, "difference_1990_2010": 656.0, "difference_1990_2020": 774.0 }, "geometry": { "type": "Polygon", "coordinates": [ [ [ -99.208962048468237, 18.860130752218598 ], [ -99.204389574759958, 18.860130752218598 ], [ -99.204389574759958, 18.85602306731095 ], [ -99.208962048468237, 18.8560230673109 ], [ -99.208962048468237, 18.860130752218598 ] ] ] } },
{ "type": "Feature", "properties": { "difference_1990_2000": 8.0, "difference_1990_2010": 18.0, "difference_1990_2020": 25.0 }, "geometry": { "type": "Polygon", "coordinates": [ [ [ -99.208962048468237, 18.798525899391347 ], [ -99.204389574759958, 18.798525899391407 ], [ -99.204389574759958, 18.794419702042852 ], [ -99.208962048468237, 18.794419702042838 ], [ -99.208962048468237, 18.798525899391347 ] ] ] } },
{ "type": "Feature", "properties": { "difference_1990_2000": 102.0, "difference_1990_2010": 188.0, "difference_1990_2020": 253.0 }, "geometry": { "type": "Polygon", "coordinates": [ [ [ -99.208962048468237, 18.897104392574974 ], [ -99.204389574759958, 18.897104392574985 ], [ -99.204389574759958, 18.892995812091637 ], [ -99.208962048468237, 18.892995812091595 ], [ -99.208962048468237, 18.897104392574974 ] ] ] } },
{ "type": "Feature", "properties": { "difference_1990_2000": 113.0, "difference_1990_2010": 104.0, "difference_1990_2020": 128.0 }, "geometry": { "type": "Polygon", "coordinates": [ [ [ -99.208962048468237, 18.938195682782975 ], [ -99.204389574759958, 18.938195682783007 ], [ -99.204389574759958, 18.934086104535261 ], [ -99.208962048468237, 18.934086104535261 ], [ -99.208962048468237, 18.938195682782975 ] ] ] } },
{ "type": "Feature", "properties": { "difference_1990_2000": 116.0, "difference_1990_2010": 149.0, "difference_1990_2020": 208.0 }, "geometry": { "type": "Polygon", "coordinates": [ [ [ -99.208962048468237, 18.782101703559618 ], [ -99.204389574759958, 18.782101703559618 ], [ -99.204389574759958, 18.777995901825779 ], [ -99.208962048468237, 18.777995901825744 ], [ -99.208962048468237, 18.782101703559618 ] ] ] } },
{ "type": "Feature", "properties": { "difference_1990_2000": 645.0, "difference_1990_2010": 952.0, "difference_1990_2020": 1319.0 }, "geometry": { "type": "Polygon", "coordinates": [ [ [ -99.208962048468237, 18.954634995374633 ], [ -99.204389574759958, 18.954634995374633 ], [ -99.204389574759958, 18.950525017230095 ], [ -99.208962048468237, 18.950525017230078 ], [ -99.208962048468237, 18.954634995374633 ] ] ] } },
{ "type": "Feature", "properties": { "difference_1990_2000": 115.0, "difference_1990_2010": 233.0, "difference_1990_2020": 301.0 }, "geometry": { "type": "Polygon", "coordinates": [ [ [ -99.208962048468237, 18.979296966176022 ], [ -99.204389574759958, 18.979296966176022 ], [ -99.204389574759958, 18.975186387337398 ], [ -99.208962048468237, 18.975186387337384 ], [ -99.208962048468237, 18.979296966176022 ] ] ] } },
{ "type": "Feature", "properties": { "difference_1990_2000": 34.0, "difference_1990_2010": 186.0, "difference_1990_2020": 298.0 }, "geometry": { "type": "Polygon", "coordinates": [ [ [ -99.208962048468237, 18.975186387337384 ], [ -99.204389574759958, 18.975186387337398 ], [ -99.204389574759958, 18.971075908685183 ], [ -99.208962048468237, 18.971075908685147 ], [ -99.208962048468237, 18.975186387337384 ] ] ] } },
{ "type": "Feature", "properties": { "difference_1990_2000": -86.0, "difference_1990_2010": -146.0, "difference_1990_2020": -222.0 }, "geometry": { "type": "Polygon", "coordinates": [ [ [ -99.208962048468237, 18.917648790297225 ], [ -99.204389574759958, 18.917648790297225 ], [ -99.204389574759958, 18.91353971128466 ], [ -99.208962048468237, 18.913539711284642 ], [ -99.208962048468237, 18.917648790297225 ] ] ] } },
{ "type": "Feature", "properties": { "difference_1990_2000": 24.0, "difference_1990_2010": 55.0, "difference_1990_2020": 59.0 }, "geometry": { "type": "Polygon", "coordinates": [ [ [ -99.208962048468237, 18.786207604155045 ], [ -99.204389574759958, 18.786207604155045 ], [ -99.204389574759958, 18.782101703559618 ], [ -99.208962048468237, 18.782101703559618 ], [ -99.208962048468237, 18.786207604155045 ] ] ] } },
{ "type": "Feature", "properties": { "difference_1990_2000": 134.0, "difference_1990_2010": 317.0, "difference_1990_2020": 489.0 }, "geometry": { "type": "Polygon", "coordinates": [ [ [ -99.208962048468237, 18.851915481770799 ], [ -99.204389574759958, 18.851915481770799 ], [ -99.204389574759958, 18.847807995570069 ], [ -99.208962048468237, 18.847807995570069 ], [ -99.208962048468237, 18.851915481770799 ] ] ] } },
{ "type": "Feature", "properties": { "difference_1990_2000": 9.0, "difference_1990_2010": 10.0, "difference_1990_2020": 16.0 }, "geometry": { "type": "Polygon", "coordinates": [ [ [ -99.208962048468237, 18.773890198925443 ], [ -99.204389574759958, 18.773890198925443 ], [ -99.204389574759958, 18.769784594830554 ], [ -99.208962048468237, 18.769784594830533 ], [ -99.208962048468237, 18.773890198925443 ] ] ] } },
{ "type": "Feature", "properties": { "difference_1990_2000": 124.0, "difference_1990_2010": 187.0, "difference_1990_2020": 185.0 }, "geometry": { "type": "Polygon", "coordinates": [ [ [ -99.208962048468237, 18.905321852518146 ], [ -99.204389574759958, 18.905321852518146 ], [ -99.204389574759958, 18.901213072707769 ], [ -99.208962048468237, 18.901213072707751 ], [ -99.208962048468237, 18.905321852518146 ] ] ] } },
{ "type": "Feature", "properties": { "difference_1990_2000": 109.0, "difference_1990_2010": 195.0, "difference_1990_2020": 248.0 }, "geometry": { "type": "Polygon", "coordinates": [ [ [ -99.208962048468237, 18.880670668255728 ], [ -99.204389574759958, 18.880670668255728 ], [ -99.204389574759958, 18.876562486087884 ], [ -99.208962048468237, 18.876562486087852 ], [ -99.208962048468237, 18.880670668255728 ] ] ] } },
{ "type": "Feature", "properties": { "difference_1990_2000": 399.0, "difference_1990_2010": 476.0, "difference_1990_2020": 562.0 }, "geometry": { "type": "Polygon", "coordinates": [ [ [ -99.208962048468237, 18.814951678804796 ], [ -99.204389574759958, 18.814951678804846 ], [ -99.204389574759958, 18.810845085392398 ], [ -99.208962048468237, 18.810845085392366 ], [ -99.208962048468237, 18.814951678804796 ] ] ] } },
{ "type": "Feature", "properties": { "difference_1990_2000": 94.0, "difference_1990_2010": 106.0, "difference_1990_2020": 116.0 }, "geometry": { "type": "Polygon", "coordinates": [ [ [ -99.208962048468237, 18.794419702042838 ], [ -99.204389574759958, 18.794419702042852 ], [ -99.204389574759958, 18.79031360364009 ], [ -99.208962048468237, 18.790313603640058 ], [ -99.208962048468237, 18.794419702042838 ] ] ] } },
{ "type": "Feature", "properties": { "difference_1990_2000": 438.0, "difference_1990_2010": 549.0, "difference_1990_2020": 801.0 }, "geometry": { "type": "Polygon", "coordinates": [ [ [ -99.208962048468237, 18.950525017230078 ], [ -99.204389574759958, 18.950525017230095 ], [ -99.204389574759958, 18.946415139102125 ], [ -99.208962048468237, 18.946415139102097 ], [ -99.208962048468237, 18.950525017230078 ] ] ] } },
{ "type": "Feature", "properties": { "difference_1990_2000": 156.0, "difference_1990_2010": 216.0, "difference_1990_2020": 192.0 }, "geometry": { "type": "Polygon", "coordinates": [ [ [ -99.208962048468237, 18.971075908685147 ], [ -99.204389574759958, 18.971075908685183 ], [ -99.204389574759958, 18.966965530191128 ], [ -99.208962048468237, 18.966965530191128 ], [ -99.208962048468237, 18.971075908685147 ] ] ] } },
{ "type": "Feature", "properties": { "difference_1990_2000": 126.0, "difference_1990_2010": 154.0, "difference_1990_2020": 176.0 }, "geometry": { "type": "Polygon", "coordinates": [ [ [ -99.208962048468237, 18.819058371303505 ], [ -99.204389574759958, 18.819058371303505 ], [ -99.204389574759958, 18.814951678804864 ], [ -99.208962048468237, 18.814951678804846 ], [ -99.208962048468237, 18.819058371303505 ] ] ] } },
{ "type": "Feature", "properties": { "difference_1990_2000": 115.0, "difference_1990_2010": 146.0, "difference_1990_2020": 204.0 }, "geometry": { "type": "Polygon", "coordinates": [ [ [ -99.208962048468237, 18.777995901825744 ], [ -99.204389574759958, 18.777995901825779 ], [ -99.204389574759958, 18.773890198925443 ], [ -99.208962048468237, 18.773890198925443 ], [ -99.208962048468237, 18.777995901825744 ] ] ] } },
{ "type": "Feature", "properties": { "difference_1990_2000": 109.0, "difference_1990_2010": 195.0, "difference_1990_2020": 249.0 }, "geometry": { "type": "Polygon", "coordinates": [ [ [ -99.208962048468237, 18.888887331229387 ], [ -99.204389574759958, 18.888887331229402 ], [ -99.204389574759958, 18.884778949960179 ], [ -99.208962048468237, 18.884778949960179 ], [ -99.208962048468237, 18.888887331229387 ] ] ] } },
{ "type": "Feature", "properties": { "difference_1990_2000": 11.0, "difference_1990_2010": -91.0, "difference_1990_2020": -99.0 }, "geometry": { "type": "Polygon", "coordinates": [ [ [ -99.208962048468237, 18.925867247722184 ], [ -99.204389574759958, 18.925867247722184 ], [ -99.204389574759958, 18.921757969100319 ], [ -99.208962048468237, 18.921757969100319 ], [ -99.208962048468237, 18.925867247722184 ] ] ] } },
{ "type": "Feature", "properties": { "difference_1990_2000": 97.0, "difference_1990_2010": 86.0, "difference_1990_2020": 98.0 }, "geometry": { "type": "Polygon", "coordinates": [ [ [ -99.208962048468237, 18.934086104535261 ], [ -99.204389574759958, 18.934086104535261 ], [ -99.204389574759958, 18.929976626191113 ], [ -99.208962048468237, 18.929976626191074 ], [ -99.208962048468237, 18.934086104535261 ] ] ] } },
{ "type": "Feature", "properties": { "difference_1990_2000": 2.0, "difference_1990_2010": 9.0, "difference_1990_2020": 12.0 }, "geometry": { "type": "Polygon", "coordinates": [ [ [ -99.208962048468237, 18.983407645229434 ], [ -99.204389574759958, 18.983407645229452 ], [ -99.204389574759958, 18.979296966176022 ], [ -99.208962048468237, 18.979296966176022 ], [ -99.208962048468237, 18.983407645229434 ] ] ] } },
{ "type": "Feature", "properties": { "difference_1990_2000": 272.0, "difference_1990_2010": 467.0, "difference_1990_2020": 541.0 }, "geometry": { "type": "Polygon", "coordinates": [ [ [ -99.208962048468237, 18.868346420249129 ], [ -99.204389574759958, 18.868346420249146 ], [ -99.204389574759958, 18.864238536521988 ], [ -99.208962048468237, 18.864238536521988 ], [ -99.208962048468237, 18.868346420249129 ] ] ] } },
{ "type": "Feature", "properties": { "difference_1990_2000": -139.0, "difference_1990_2010": -187.0, "difference_1990_2020": -276.0 }, "geometry": { "type": "Polygon", "coordinates": [ [ [ -99.208962048468237, 18.913539711284642 ], [ -99.204389574759958, 18.91353971128466 ], [ -99.204389574759958, 18.909430732034405 ], [ -99.208962048468237, 18.909430732034373 ], [ -99.208962048468237, 18.913539711284642 ] ] ] } },
{ "type": "Feature", "properties": { "difference_1990_2000": -41.0, "difference_1990_2010": -35.0, "difference_1990_2020": -36.0 }, "geometry": { "type": "Polygon", "coordinates": [ [ [ -99.208962048468237, 18.909430732034373 ], [ -99.204389574759958, 18.909430732034405 ], [ -99.204389574759958, 18.905321852518146 ], [ -99.208962048468237, 18.905321852518146 ], [ -99.208962048468237, 18.909430732034373 ] ] ] } },
{ "type": "Feature", "properties": { "difference_1990_2000": 43.0, "difference_1990_2010": 71.0, "difference_1990_2020": 71.0 }, "geometry": { "type": "Polygon", "coordinates": [ [ [ -99.208962048468237, 18.802632195713745 ], [ -99.204389574759958, 18.802632195713745 ], [ -99.204389574759958, 18.798525899391407 ], [ -99.208962048468237, 18.798525899391347 ], [ -99.208962048468237, 18.802632195713745 ] ] ] } },
{ "type": "Feature", "properties": { "difference_1990_2000": 109.0, "difference_1990_2010": 195.0, "difference_1990_2020": 249.0 }, "geometry": { "type": "Polygon", "coordinates": [ [ [ -99.208962048468237, 18.884778949960179 ], [ -99.204389574759958, 18.884778949960179 ], [ -99.204389574759958, 18.880670668255728 ], [ -99.208962048468237, 18.880670668255728 ], [ -99.208962048468237, 18.884778949960179 ] ] ] } },
{ "type": "Feature", "properties": { "difference_1990_2000": 570.0, "difference_1990_2010": 854.0, "difference_1990_2020": 1151.0 }, "geometry": { "type": "Polygon", "coordinates": [ [ [ -99.208962048468237, 18.958745073564142 ], [ -99.204389574759958, 18.958745073564142 ], [ -99.204389574759958, 18.954634995374633 ], [ -99.208962048468237, 18.954634995374633 ], [ -99.208962048468237, 18.958745073564142 ] ] ] } },
{ "type": "Feature", "properties": { "difference_1990_2000": 255.0, "difference_1990_2010": 364.0, "difference_1990_2020": 442.0 }, "geometry": { "type": "Polygon", "coordinates": [ [ [ -99.208962048468237, 18.966965530191128 ], [ -99.204389574759958, 18.966965530191128 ], [ -99.204389574759958, 18.962855251826873 ], [ -99.208962048468237, 18.962855251826841 ], [ -99.208962048468237, 18.966965530191128 ] ] ] } },
{ "type": "Feature", "properties": { "difference_1990_2000": 118.0, "difference_1990_2010": 237.0, "difference_1990_2020": 433.0 }, "geometry": { "type": "Polygon", "coordinates": [ [ [ -99.208962048468237, 18.847807995570069 ], [ -99.204389574759958, 18.847807995570069 ], [ -99.204389574759958, 18.843700608680571 ], [ -99.208962048468237, 18.843700608680571 ], [ -99.208962048468237, 18.847807995570069 ] ] ] } },
{ "type": "Feature", "properties": { "difference_1990_2000": 8.0, "difference_1990_2010": 18.0, "difference_1990_2020": 18.0 }, "geometry": { "type": "Polygon", "coordinates": [ [ [ -99.208962048468237, 18.790313603640058 ], [ -99.204389574759958, 18.79031360364009 ], [ -99.204389574759958, 18.786207604155045 ], [ -99.208962048468237, 18.786207604155045 ], [ -99.208962048468237, 18.790313603640058 ] ] ] } },
{ "type": "Feature", "properties": { "difference_1990_2000": 140.0, "difference_1990_2010": 230.0, "difference_1990_2020": 268.0 }, "geometry": { "type": "Polygon", "coordinates": [ [ [ -99.208962048468237, 18.962855251826841 ], [ -99.204389574759958, 18.962855251826873 ], [ -99.204389574759958, 18.958745073564142 ], [ -99.208962048468237, 18.958745073564142 ], [ -99.208962048468237, 18.962855251826841 ] ] ] } },
{ "type": "Feature", "properties": { "difference_1990_2000": 2.0, "difference_1990_2010": 2.0, "difference_1990_2020": 2.0 }, "geometry": { "type": "Polygon", "coordinates": [ [ [ -99.208962048468237, 18.823165162916485 ], [ -99.204389574759958, 18.823165162916485 ], [ -99.204389574759958, 18.819058371303505 ], [ -99.208962048468237, 18.819058371303505 ], [ -99.208962048468237, 18.823165162916485 ] ] ] } },
{ "type": "Feature", "properties": { "difference_1990_2000": 125.0, "difference_1990_2010": 266.0, "difference_1990_2020": 457.0 }, "geometry": { "type": "Polygon", "coordinates": [ [ [ -99.208962048468237, 18.8560230673109 ], [ -99.204389574759958, 18.85602306731095 ], [ -99.204389574759958, 18.851915481770799 ], [ -99.208962048468237, 18.851915481770799 ], [ -99.208962048468237, 18.8560230673109 ] ] ] } },
{ "type": "Feature", "properties": { "difference_1990_2000": 67.0, "difference_1990_2010": 98.0, "difference_1990_2020": 147.0 }, "geometry": { "type": "Polygon", "coordinates": [ [ [ -99.208962048468237, 18.876562486087852 ], [ -99.204389574759958, 18.876562486087884 ], [ -99.204389574759958, 18.872454403428438 ], [ -99.208962048468237, 18.872454403428438 ], [ -99.208962048468237, 18.876562486087852 ] ] ] } },
{ "type": "Feature", "properties": { "difference_1990_2000": 267.0, "difference_1990_2010": 452.0, "difference_1990_2020": 529.0 }, "geometry": { "type": "Polygon", "coordinates": [ [ [ -99.208962048468237, 18.901213072707751 ], [ -99.204389574759958, 18.901213072707769 ], [ -99.204389574759958, 18.897104392574985 ], [ -99.208962048468237, 18.897104392574974 ], [ -99.208962048468237, 18.901213072707751 ] ] ] } },
{ "type": "Feature", "properties": { "difference_1990_2000": 398.0, "difference_1990_2010": 475.0, "difference_1990_2020": 560.0 }, "geometry": { "type": "Polygon", "coordinates": [ [ [ -99.208962048468237, 18.810845085392366 ], [ -99.204389574759958, 18.810845085392398 ], [ -99.204389574759958, 18.806738591038023 ], [ -99.208962048468237, 18.806738591038023 ], [ -99.208962048468237, 18.810845085392366 ] ] ] } },
{ "type": "Feature", "properties": { "difference_1990_2000": 275.0, "difference_1990_2010": 286.0, "difference_1990_2020": 388.0 }, "geometry": { "type": "Polygon", "coordinates": [ [ [ -99.208962048468237, 18.806738591038023 ], [ -99.204389574759958, 18.806738591038023 ], [ -99.204389574759958, 18.802632195713745 ], [ -99.208962048468237, 18.802632195713745 ], [ -99.208962048468237, 18.806738591038023 ] ] ] } },
{ "type": "Feature", "properties": { "difference_1990_2000": 121.0, "difference_1990_2010": 104.0, "difference_1990_2020": 135.0 }, "geometry": { "type": "Polygon", "coordinates": [ [ [ -99.208962048468237, 18.942305360962511 ], [ -99.204389574759958, 18.942305360962543 ], [ -99.204389574759958, 18.938195682783007 ], [ -99.208962048468237, 18.938195682782975 ], [ -99.208962048468237, 18.942305360962511 ] ] ] } },
{ "type": "Feature", "properties": { "difference_1990_2000": 70.0, "difference_1990_2010": 56.0, "difference_1990_2020": 97.0 }, "geometry": { "type": "Polygon", "coordinates": [ [ [ -99.208962048468237, 18.872454403428438 ], [ -99.204389574759958, 18.87245440342846 ], [ -99.204389574759958, 18.868346420249146 ], [ -99.208962048468237, 18.868346420249129 ], [ -99.208962048468237, 18.872454403428438 ] ] ] } },
{ "type": "Feature", "properties": { "difference_1990_2000": 3.0, "difference_1990_2010": 8.0, "difference_1990_2020": 12.0 }, "geometry": { "type": "Polygon", "coordinates": [ [ [ -99.208962048468237, 18.843700608680571 ], [ -99.204389574759958, 18.843700608680571 ], [ -99.204389574759958, 18.839593321074087 ], [ -99.208962048468237, 18.839593321074069 ], [ -99.208962048468237, 18.843700608680571 ] ] ] } },
{ "type": "Feature", "properties": { "difference_1990_2000": 109.0, "difference_1990_2010": 195.0, "difference_1990_2020": 249.0 }, "geometry": { "type": "Polygon", "coordinates": [ [ [ -99.208962048468237, 18.892995812091595 ], [ -99.204389574759958, 18.892995812091637 ], [ -99.204389574759958, 18.888887331229402 ], [ -99.208962048468237, 18.888887331229387 ], [ -99.208962048468237, 18.892995812091595 ] ] ] } },
{ "type": "Feature", "properties": { "difference_1990_2000": 34.0, "difference_1990_2010": -53.0, "difference_1990_2020": -61.0 }, "geometry": { "type": "Polygon", "coordinates": [ [ [ -99.208962048468237, 18.929976626191074 ], [ -99.204389574759958, 18.929976626191113 ], [ -99.204389574759958, 18.925867247722184 ], [ -99.208962048468237, 18.925867247722184 ], [ -99.208962048468237, 18.929976626191074 ] ] ] } },
{ "type": "Feature", "properties": { "difference_1990_2000": -63.0, "difference_1990_2010": -136.0, "difference_1990_2020": -216.0 }, "geometry": { "type": "Polygon", "coordinates": [ [ [ -99.208962048468237, 18.921757969100319 ], [ -99.204389574759958, 18.921757969100319 ], [ -99.204389574759958, 18.917648790297225 ], [ -99.208962048468237, 18.917648790297225 ], [ -99.208962048468237, 18.921757969100319 ] ] ] } },
{ "type": "Feature", "properties": { "difference_1990_2000": 111.0, "difference_1990_2010": 8.0, "difference_1990_2020": 51.0 }, "geometry": { "type": "Polygon", "coordinates": [ [ [ -99.208962048468237, 18.946415139102097 ], [ -99.204389574759958, 18.946415139102125 ], [ -99.204389574759958, 18.942305360962543 ], [ -99.208962048468237, 18.942305360962511 ], [ -99.208962048468237, 18.946415139102097 ] ] ] } },
{ "type": "Feature", "properties": { "difference_1990_2000": 105.0, "difference_1990_2010": 86.0, "difference_1990_2020": 106.0 }, "geometry": { "type": "Polygon", "coordinates": [ [ [ -99.021490626428914, 18.892995812091637 ], [ -99.016918152720635, 18.892995812091637 ], [ -99.016918152720635, 18.888887331229402 ], [ -99.021490626428914, 18.888887331229402 ], [ -99.021490626428914, 18.892995812091637 ] ] ] } },
{ "type": "Feature", "properties": { "difference_1990_2000": 59.0, "difference_1990_2010": 0.0, "difference_1990_2020": 60.0 }, "geometry": { "type": "Polygon", "coordinates": [ [ [ -99.021490626428914, 18.897104392574985 ], [ -99.016918152720635, 18.897104392574974 ], [ -99.016918152720635, 18.892995812091637 ], [ -99.021490626428914, 18.892995812091637 ], [ -99.021490626428914, 18.897104392574985 ] ] ] } },
{ "type": "Feature", "properties": { "difference_1990_2000": 65.0, "difference_1990_2010": 49.0, "difference_1990_2020": 69.0 }, "geometry": { "type": "Polygon", "coordinates": [ [ [ -99.021490626428914, 18.888887331229402 ], [ -99.016918152720635, 18.888887331229402 ], [ -99.016918152720635, 18.884778949960179 ], [ -99.021490626428914, 18.884778949960179 ], [ -99.021490626428914, 18.888887331229402 ] ] ] } },
{ "type": "Feature", "properties": { "difference_1990_2000": 11.0, "difference_1990_2010": 13.0, "difference_1990_2020": 12.0 }, "geometry": { "type": "Polygon", "coordinates": [ [ [ -99.021490626428914, 18.884778949960179 ], [ -99.016918152720635, 18.884778949960179 ], [ -99.016918152720635, 18.880670668255728 ], [ -99.021490626428914, 18.880670668255728 ], [ -99.021490626428914, 18.884778949960179 ] ] ] } },
{ "type": "Feature", "properties": { "difference_1990_2000": 410.0, "difference_1990_2010": 605.0, "difference_1990_2020": 885.0 }, "geometry": { "type": "Polygon", "coordinates": [ [ [ -99.199817101051678, 18.864238536521956 ], [ -99.195244627343399, 18.864238536521956 ], [ -99.195244627343399, 18.860130752218598 ], [ -99.199817101051678, 18.860130752218598 ], [ -99.199817101051678, 18.864238536521956 ] ] ] } },
{ "type": "Feature", "properties": { "difference_1990_2000": 24.0, "difference_1990_2010": 110.0, "difference_1990_2020": 233.0 }, "geometry": { "type": "Polygon", "coordinates": [ [ [ -99.199817101051678, 18.892995812091637 ], [ -99.195244627343399, 18.892995812091637 ], [ -99.195244627343399, 18.888887331229387 ], [ -99.199817101051678, 18.888887331229402 ], [ -99.199817101051678, 18.892995812091637 ] ] ] } },
{ "type": "Feature", "properties": { "difference_1990_2000": -95.0, "difference_1990_2010": -155.0, "difference_1990_2020": -249.0 }, "geometry": { "type": "Polygon", "coordinates": [ [ [ -99.199817101051678, 18.921757969100355 ], [ -99.195244627343399, 18.921757969100319 ], [ -99.195244627343399, 18.917648790297225 ], [ -99.199817101051678, 18.917648790297225 ], [ -99.199817101051678, 18.921757969100355 ] ] ] } },
{ "type": "Feature", "properties": { "difference_1990_2000": 373.0, "difference_1990_2010": 630.0, "difference_1990_2020": 969.0 }, "geometry": { "type": "Polygon", "coordinates": [ [ [ -99.199817101051678, 18.860130752218598 ], [ -99.195244627343399, 18.860130752218598 ], [ -99.195244627343399, 18.856023067310918 ], [ -99.199817101051678, 18.85602306731095 ], [ -99.199817101051678, 18.860130752218598 ] ] ] } },
{ "type": "Feature", "properties": { "difference_1990_2000": 67.0, "difference_1990_2010": 487.0, "difference_1990_2020": 804.0 }, "geometry": { "type": "Polygon", "coordinates": [ [ [ -99.199817101051678, 18.839593321074126 ], [ -99.195244627343399, 18.839593321074069 ], [ -99.195244627343399, 18.835486132722604 ], [ -99.199817101051678, 18.835486132722622 ], [ -99.199817101051678, 18.839593321074126 ] ] ] } },
{ "type": "Feature", "properties": { "difference_1990_2000": 0.0, "difference_1990_2010": 0.0, "difference_1990_2020": 0.0 }, "geometry": { "type": "Polygon", "coordinates": [ [ [ -99.199817101051678, 18.798525899391365 ], [ -99.195244627343399, 18.798525899391347 ], [ -99.195244627343399, 18.794419702042838 ], [ -99.199817101051678, 18.794419702042852 ], [ -99.199817101051678, 18.798525899391365 ] ] ] } },
{ "type": "Feature", "properties": { "difference_1990_2000": 71.0, "difference_1990_2010": 170.0, "difference_1990_2020": 304.0 }, "geometry": { "type": "Polygon", "coordinates": [ [ [ -99.199817101051678, 18.897104392574985 ], [ -99.195244627343399, 18.897104392574974 ], [ -99.195244627343399, 18.892995812091637 ], [ -99.199817101051678, 18.892995812091637 ], [ -99.199817101051678, 18.897104392574985 ] ] ] } },
{ "type": "Feature", "properties": { "difference_1990_2000": 117.0, "difference_1990_2010": 695.0, "difference_1990_2020": 1237.0 }, "geometry": { "type": "Polygon", "coordinates": [ [ [ -99.199817101051678, 18.835486132722622 ], [ -99.195244627343399, 18.835486132722604 ], [ -99.195244627343399, 18.831379043597938 ], [ -99.199817101051678, 18.831379043597938 ], [ -99.199817101051678, 18.835486132722622 ] ] ] } },
{ "type": "Feature", "properties": { "difference_1990_2000": 111.0, "difference_1990_2010": 127.0, "difference_1990_2020": 133.0 }, "geometry": { "type": "Polygon", "coordinates": [ [ [ -99.199817101051678, 18.938195682783007 ], [ -99.195244627343399, 18.938195682783007 ], [ -99.195244627343399, 18.93408610453524 ], [ -99.199817101051678, 18.934086104535261 ], [ -99.199817101051678, 18.938195682783007 ] ] ] } },
{ "type": "Feature", "properties": { "difference_1990_2000": 10.0, "difference_1990_2010": 26.0, "difference_1990_2020": 24.0 }, "geometry": { "type": "Polygon", "coordinates": [ [ [ -99.199817101051678, 18.782101703559618 ], [ -99.195244627343399, 18.782101703559618 ], [ -99.195244627343399, 18.777995901825779 ], [ -99.199817101051678, 18.777995901825779 ], [ -99.199817101051678, 18.782101703559618 ] ] ] } },
{ "type": "Feature", "properties": { "difference_1990_2000": 100.0, "difference_1990_2010": 576.0, "difference_1990_2020": 1019.0 }, "geometry": { "type": "Polygon", "coordinates": [ [ [ -99.199817101051678, 18.831379043597938 ], [ -99.195244627343399, 18.831379043597938 ], [ -99.195244627343399, 18.827272053671955 ], [ -99.199817101051678, 18.827272053671955 ], [ -99.199817101051678, 18.831379043597938 ] ] ] } },
{ "type": "Feature", "properties": { "difference_1990_2000": 200.0, "difference_1990_2010": 265.0, "difference_1990_2020": 214.0 }, "geometry": { "type": "Polygon", "coordinates": [ [ [ -99.199817101051678, 18.954634995374615 ], [ -99.195244627343399, 18.954634995374615 ], [ -99.195244627343399, 18.950525017230078 ], [ -99.199817101051678, 18.950525017230078 ], [ -99.199817101051678, 18.954634995374615 ] ] ] } },
{ "type": "Feature", "properties": { "difference_1990_2000": 33.0, "difference_1990_2010": 34.0, "difference_1990_2020": 24.0 }, "geometry": { "type": "Polygon", "coordinates": [ [ [ -99.199817101051678, 18.979296966176047 ], [ -99.195244627343399, 18.979296966176047 ], [ -99.195244627343399, 18.975186387337384 ], [ -99.199817101051678, 18.975186387337398 ], [ -99.199817101051678, 18.979296966176047 ] ] ] } },
{ "type": "Feature", "properties": { "difference_1990_2000": 103.0, "difference_1990_2010": 160.0, "difference_1990_2020": 81.0 }, "geometry": { "type": "Polygon", "coordinates": [ [ [ -99.199817101051678, 18.975186387337398 ], [ -99.195244627343399, 18.975186387337384 ], [ -99.195244627343399, 18.971075908685147 ], [ -99.199817101051678, 18.971075908685147 ], [ -99.199817101051678, 18.975186387337398 ] ] ] } },
{ "type": "Feature", "properties": { "difference_1990_2000": 18.0, "difference_1990_2010": -94.0, "difference_1990_2020": -150.0 }, "geometry": { "type": "Polygon", "coordinates": [ [ [ -99.199817101051678, 18.917648790297225 ], [ -99.195244627343399, 18.917648790297225 ], [ -99.195244627343399, 18.91353971128466 ], [ -99.199817101051678, 18.91353971128466 ], [ -99.199817101051678, 18.917648790297225 ] ] ] } },
{ "type": "Feature", "properties": { "difference_1990_2000": 22.0, "difference_1990_2010": 24.0, "difference_1990_2020": 54.0 }, "geometry": { "type": "Polygon", "coordinates": [ [ [ -99.199817101051678, 18.786207604155045 ], [ -99.195244627343399, 18.786207604155059 ], [ -99.195244627343399, 18.782101703559618 ], [ -99.199817101051678, 18.782101703559618 ], [ -99.199817101051678, 18.786207604155045 ] ] ] } },
{ "type": "Feature", "properties": { "difference_1990_2000": 80.0, "difference_1990_2010": 759.0, "difference_1990_2020": 2026.0 }, "geometry": { "type": "Polygon", "coordinates": [ [ [ -99.199817101051678, 18.851915481770817 ], [ -99.195244627343399, 18.851915481770817 ], [ -99.195244627343399, 18.847807995570037 ], [ -99.199817101051678, 18.847807995570069 ], [ -99.199817101051678, 18.851915481770817 ] ] ] } },
{ "type": "Feature", "properties": { "difference_1990_2000": 115.0, "difference_1990_2010": 262.0, "difference_1990_2020": 362.0 }, "geometry": { "type": "Polygon", "coordinates": [ [ [ -99.199817101051678, 18.905321852518146 ], [ -99.195244627343399, 18.905321852518146 ], [ -99.195244627343399, 18.901213072707769 ], [ -99.199817101051678, 18.901213072707751 ], [ -99.199817101051678, 18.905321852518146 ] ] ] } },
{ "type": "Feature", "properties": { "difference_1990_2000": 121.0, "difference_1990_2010": 316.0, "difference_1990_2020": 438.0 }, "geometry": { "type": "Polygon", "coordinates": [ [ [ -99.199817101051678, 18.880670668255728 ], [ -99.195244627343399, 18.880670668255728 ], [ -99.195244627343399, 18.876562486087884 ], [ -99.199817101051678, 18.876562486087899 ], [ -99.199817101051678, 18.880670668255728 ] ] ] } },
{ "type": "Feature", "properties": { "difference_1990_2000": 44.0, "difference_1990_2010": 56.0, "difference_1990_2020": 113.0 }, "geometry": { "type": "Polygon", "coordinates": [ [ [ -99.199817101051678, 18.827272053671955 ], [ -99.195244627343399, 18.827272053671955 ], [ -99.195244627343399, 18.823165162916453 ], [ -99.199817101051678, 18.823165162916485 ], [ -99.199817101051678, 18.827272053671955 ] ] ] } },
{ "type": "Feature", "properties": { "difference_1990_2000": 6.0, "difference_1990_2010": -86.0, "difference_1990_2020": -59.0 }, "geometry": { "type": "Polygon", "coordinates": [ [ [ -99.199817101051678, 18.950525017230078 ], [ -99.195244627343399, 18.950525017230078 ], [ -99.195244627343399, 18.946415139102097 ], [ -99.199817101051678, 18.946415139102097 ], [ -99.199817101051678, 18.950525017230078 ] ] ] } },
{ "type": "Feature", "properties": { "difference_1990_2000": 285.0, "difference_1990_2010": 356.0, "difference_1990_2020": 419.0 }, "geometry": { "type": "Polygon", "coordinates": [ [ [ -99.199817101051678, 18.81495167880481 ], [ -99.195244627343399, 18.814951678804796 ], [ -99.195244627343399, 18.810845085392366 ], [ -99.199817101051678, 18.810845085392366 ], [ -99.199817101051678, 18.81495167880481 ] ] ] } },
{ "type": "Feature", "properties": { "difference_1990_2000": 8.0, "difference_1990_2010": 8.0, "difference_1990_2020": 19.0 }, "geometry": { "type": "Polygon", "coordinates": [ [ [ -99.199817101051678, 18.794419702042852 ], [ -99.195244627343399, 18.794419702042838 ], [ -99.195244627343399, 18.79031360364009 ], [ -99.199817101051678, 18.79031360364009 ], [ -99.199817101051678, 18.794419702042852 ] ] ] } },
{ "type": "Feature", "properties": { "difference_1990_2000": 125.0, "difference_1990_2010": -45.0, "difference_1990_2020": 92.0 }, "geometry": { "type": "Polygon", "coordinates": [ [ [ -99.199817101051678, 18.971075908685147 ], [ -99.195244627343399, 18.971075908685147 ], [ -99.195244627343399, 18.966965530191111 ], [ -99.199817101051678, 18.966965530191111 ], [ -99.199817101051678, 18.971075908685147 ] ] ] } },
{ "type": "Feature", "properties": { "difference_1990_2000": 0.0, "difference_1990_2010": 2.0, "difference_1990_2020": 253.0 }, "geometry": { "type": "Polygon", "coordinates": [ [ [ -99.199817101051678, 18.819058371303505 ], [ -99.195244627343399, 18.819058371303505 ], [ -99.195244627343399, 18.81495167880481 ], [ -99.199817101051678, 18.814951678804864 ], [ -99.199817101051678, 18.819058371303505 ] ] ] } },
{ "type": "Feature", "properties": { "difference_1990_2000": -71.0, "difference_1990_2010": 28.0, "difference_1990_2020": -86.0 }, "geometry": { "type": "Polygon", "coordinates": [ [ [ -99.199817101051678, 18.925867247722184 ], [ -99.195244627343399, 18.925867247722206 ], [ -99.195244627343399, 18.921757969100319 ], [ -99.199817101051678, 18.921757969100355 ], [ -99.199817101051678, 18.925867247722184 ] ] ] } },
{ "type": "Feature", "properties": { "difference_1990_2000": 57.0, "difference_1990_2010": 140.0, "difference_1990_2020": 211.0 }, "geometry": { "type": "Polygon", "coordinates": [ [ [ -99.199817101051678, 18.888887331229402 ], [ -99.195244627343399, 18.888887331229387 ], [ -99.195244627343399, 18.884778949960179 ], [ -99.199817101051678, 18.884778949960179 ], [ -99.199817101051678, 18.888887331229402 ] ] ] } },
{ "type": "Feature", "properties": { "difference_1990_2000": 194.0, "difference_1990_2010": 219.0, "difference_1990_2020": 246.0 }, "geometry": { "type": "Polygon", "coordinates": [ [ [ -99.199817101051678, 18.934086104535261 ], [ -99.195244627343399, 18.93408610453524 ], [ -99.195244627343399, 18.929976626191074 ], [ -99.199817101051678, 18.929976626191074 ], [ -99.199817101051678, 18.934086104535261 ] ] ] } },
{ "type": "Feature", "properties": { "difference_1990_2000": 0.0, "difference_1990_2010": 3.0, "difference_1990_2020": 0.0 }, "geometry": { "type": "Polygon", "coordinates": [ [ [ -99.199817101051678, 18.777995901825779 ], [ -99.195244627343399, 18.777995901825779 ], [ -99.195244627343399, 18.773890198925443 ], [ -99.199817101051678, 18.773890198925443 ], [ -99.199817101051678, 18.777995901825779 ] ] ] } },
{ "type": "Feature", "properties": { "difference_1990_2000": 131.0, "difference_1990_2010": 529.0, "difference_1990_2020": 424.0 }, "geometry": { "type": "Polygon", "coordinates": [ [ [ -99.199817101051678, 18.91353971128466 ], [ -99.195244627343399, 18.91353971128466 ], [ -99.195244627343399, 18.909430732034373 ], [ -99.199817101051678, 18.909430732034405 ], [ -99.199817101051678, 18.91353971128466 ] ] ] } },
{ "type": "Feature", "properties": { "difference_1990_2000": 405.0, "difference_1990_2010": 588.0, "difference_1990_2020": 849.0 }, "geometry": { "type": "Polygon", "coordinates": [ [ [ -99.199817101051678, 18.868346420249178 ], [ -99.195244627343399, 18.868346420249146 ], [ -99.195244627343399, 18.864238536521956 ], [ -99.199817101051678, 18.864238536521956 ], [ -99.199817101051678, 18.868346420249178 ] ] ] } },
{ "type": "Feature", "properties": { "difference_1990_2000": 0.0, "difference_1990_2010": 172.0, "difference_1990_2020": 173.0 }, "geometry": { "type": "Polygon", "coordinates": [ [ [ -99.199817101051678, 18.802632195713745 ], [ -99.195244627343399, 18.802632195713716 ], [ -99.195244627343399, 18.798525899391347 ], [ -99.199817101051678, 18.798525899391365 ], [ -99.199817101051678, 18.802632195713745 ] ] ] } },
{ "type": "Feature", "properties": { "difference_1990_2000": 115.0, "difference_1990_2010": 251.0, "difference_1990_2020": 330.0 }, "geometry": { "type": "Polygon", "coordinates": [ [ [ -99.199817101051678, 18.884778949960179 ], [ -99.195244627343399, 18.884778949960179 ], [ -99.195244627343399, 18.880670668255728 ], [ -99.199817101051678, 18.880670668255728 ], [ -99.199817101051678, 18.884778949960179 ] ] ] } },
{ "type": "Feature", "properties": { "difference_1990_2000": 108.0, "difference_1990_2010": 248.0, "difference_1990_2020": 319.0 }, "geometry": { "type": "Polygon", "coordinates": [ [ [ -99.199817101051678, 18.909430732034405 ], [ -99.195244627343399, 18.909430732034373 ], [ -99.195244627343399, 18.905321852518146 ], [ -99.199817101051678, 18.905321852518146 ], [ -99.199817101051678, 18.909430732034405 ] ] ] } },
{ "type": "Feature", "properties": { "difference_1990_2000": 2.0, "difference_1990_2010": 0.0, "difference_1990_2020": 1.0 }, "geometry": { "type": "Polygon", "coordinates": [ [ [ -99.199817101051678, 18.966965530191111 ], [ -99.195244627343399, 18.966965530191111 ], [ -99.195244627343399, 18.962855251826873 ], [ -99.199817101051678, 18.962855251826873 ], [ -99.199817101051678, 18.966965530191111 ] ] ] } },
{ "type": "Feature", "properties": { "difference_1990_2000": 18.0, "difference_1990_2010": 27.0, "difference_1990_2020": 27.0 }, "geometry": { "type": "Polygon", "coordinates": [ [ [ -99.199817101051678, 18.958745073564142 ], [ -99.195244627343399, 18.958745073564142 ], [ -99.195244627343399, 18.954634995374615 ], [ -99.199817101051678, 18.954634995374615 ], [ -99.199817101051678, 18.958745073564142 ] ] ] } },
{ "type": "Feature", "properties": { "difference_1990_2000": 244.0, "difference_1990_2010": 0.0, "difference_1990_2020": 291.0 }, "geometry": { "type": "Polygon", "coordinates": [ [ [ -99.199817101051678, 18.847807995570069 ], [ -99.195244627343399, 18.847807995570037 ], [ -99.195244627343399, 18.843700608680571 ], [ -99.199817101051678, 18.843700608680571 ], [ -99.199817101051678, 18.847807995570069 ] ] ] } },
{ "type": "Feature", "properties": { "difference_1990_2000": 39.0, "difference_1990_2010": 77.0, "difference_1990_2020": 105.0 }, "geometry": { "type": "Polygon", "coordinates": [ [ [ -99.199817101051678, 18.823165162916485 ], [ -99.195244627343399, 18.823165162916453 ], [ -99.195244627343399, 18.819058371303505 ], [ -99.199817101051678, 18.819058371303505 ], [ -99.199817101051678, 18.823165162916485 ] ] ] } },
{ "type": "Feature", "properties": { "difference_1990_2000": 22.0, "difference_1990_2010": 51.0, "difference_1990_2020": 51.0 }, "geometry": { "type": "Polygon", "coordinates": [ [ [ -99.199817101051678, 18.79031360364009 ], [ -99.195244627343399, 18.79031360364009 ], [ -99.195244627343399, 18.786207604155059 ], [ -99.199817101051678, 18.786207604155045 ], [ -99.199817101051678, 18.79031360364009 ] ] ] } },
{ "type": "Feature", "properties": { "difference_1990_2000": 219.0, "difference_1990_2010": 459.0, "difference_1990_2020": 1283.0 }, "geometry": { "type": "Polygon", "coordinates": [ [ [ -99.199817101051678, 18.85602306731095 ], [ -99.195244627343399, 18.856023067310918 ], [ -99.195244627343399, 18.851915481770817 ], [ -99.199817101051678, 18.851915481770817 ], [ -99.199817101051678, 18.85602306731095 ] ] ] } },
{ "type": "Feature", "properties": { "difference_1990_2000": 254.0, "difference_1990_2010": 453.0, "difference_1990_2020": 610.0 }, "geometry": { "type": "Polygon", "coordinates": [ [ [ -99.199817101051678, 18.876562486087899 ], [ -99.195244627343399, 18.876562486087884 ], [ -99.195244627343399, 18.872454403428407 ], [ -99.199817101051678, 18.872454403428407 ], [ -99.199817101051678, 18.876562486087899 ] ] ] } },
{ "type": "Feature", "properties": { "difference_1990_2000": 98.0, "difference_1990_2010": 223.0, "difference_1990_2020": 371.0 }, "geometry": { "type": "Polygon", "coordinates": [ [ [ -99.199817101051678, 18.901213072707751 ], [ -99.195244627343399, 18.901213072707769 ], [ -99.195244627343399, 18.897104392574974 ], [ -99.199817101051678, 18.897104392574985 ], [ -99.199817101051678, 18.901213072707751 ] ] ] } },
{ "type": "Feature", "properties": { "difference_1990_2000": 159.0, "difference_1990_2010": 393.0, "difference_1990_2020": 576.0 }, "geometry": { "type": "Polygon", "coordinates": [ [ [ -99.199817101051678, 18.810845085392366 ], [ -99.195244627343399, 18.810845085392366 ], [ -99.195244627343399, 18.806738591038023 ], [ -99.199817101051678, 18.806738591038023 ], [ -99.199817101051678, 18.810845085392366 ] ] ] } },
{ "type": "Feature", "properties": { "difference_1990_2000": 52.0, "difference_1990_2010": 624.0, "difference_1990_2020": 1062.0 }, "geometry": { "type": "Polygon", "coordinates": [ [ [ -99.199817101051678, 18.806738591038023 ], [ -99.195244627343399, 18.806738591038023 ], [ -99.195244627343399, 18.802632195713716 ], [ -99.199817101051678, 18.802632195713745 ], [ -99.199817101051678, 18.806738591038023 ] ] ] } },
{ "type": "Feature", "properties": { "difference_1990_2000": 140.0, "difference_1990_2010": 173.0, "difference_1990_2020": 141.0 }, "geometry": { "type": "Polygon", "coordinates": [ [ [ -99.199817101051678, 18.942305360962511 ], [ -99.195244627343399, 18.942305360962511 ], [ -99.195244627343399, 18.938195682783007 ], [ -99.199817101051678, 18.938195682783007 ], [ -99.199817101051678, 18.942305360962511 ] ] ] } },
{ "type": "Feature", "properties": { "difference_1990_2000": 369.0, "difference_1990_2010": 567.0, "difference_1990_2020": 771.0 }, "geometry": { "type": "Polygon", "coordinates": [ [ [ -99.199817101051678, 18.872454403428438 ], [ -99.195244627343399, 18.872454403428407 ], [ -99.195244627343399, 18.868346420249146 ], [ -99.199817101051678, 18.868346420249178 ], [ -99.199817101051678, 18.872454403428438 ] ] ] } },
{ "type": "Feature", "properties": { "difference_1990_2000": 104.0, "difference_1990_2010": 116.0, "difference_1990_2020": 548.0 }, "geometry": { "type": "Polygon", "coordinates": [ [ [ -99.199817101051678, 18.843700608680571 ], [ -99.195244627343399, 18.843700608680571 ], [ -99.195244627343399, 18.839593321074069 ], [ -99.199817101051678, 18.839593321074126 ], [ -99.199817101051678, 18.843700608680571 ] ] ] } },
{ "type": "Feature", "properties": { "difference_1990_2000": 575.0, "difference_1990_2010": 526.0, "difference_1990_2020": 460.0 }, "geometry": { "type": "Polygon", "coordinates": [ [ [ -99.199817101051678, 18.929976626191074 ], [ -99.195244627343399, 18.929976626191074 ], [ -99.195244627343399, 18.925867247722206 ], [ -99.199817101051678, 18.925867247722184 ], [ -99.199817101051678, 18.929976626191074 ] ] ] } },
{ "type": "Feature", "properties": { "difference_1990_2000": 136.0, "difference_1990_2010": 142.0, "difference_1990_2020": 120.0 }, "geometry": { "type": "Polygon", "coordinates": [ [ [ -99.199817101051678, 18.946415139102097 ], [ -99.195244627343399, 18.946415139102097 ], [ -99.195244627343399, 18.942305360962511 ], [ -99.199817101051678, 18.942305360962511 ], [ -99.199817101051678, 18.946415139102097 ] ] ] } },
{ "type": "Feature", "properties": { "difference_1990_2000": 261.0, "difference_1990_2010": 494.0, "difference_1990_2020": 825.0 }, "geometry": { "type": "Polygon", "coordinates": [ [ [ -99.190672153635134, 18.839593321074069 ], [ -99.186099679926855, 18.839593321074087 ], [ -99.186099679926855, 18.835486132722622 ], [ -99.190672153635134, 18.835486132722622 ], [ -99.190672153635134, 18.839593321074069 ] ] ] } },
{ "type": "Feature", "properties": { "difference_1990_2000": 117.0, "difference_1990_2010": 263.0, "difference_1990_2020": 329.0 }, "geometry": { "type": "Polygon", "coordinates": [ [ [ -99.190672153635134, 18.892995812091637 ], [ -99.186099679926855, 18.892995812091637 ], [ -99.186099679926855, 18.888887331229402 ], [ -99.190672153635134, 18.888887331229402 ], [ -99.190672153635134, 18.892995812091637 ] ] ] } },
{ "type": "Feature", "properties": { "difference_1990_2000": 0.0, "difference_1990_2010": 17.0, "difference_1990_2020": 42.0 }, "geometry": { "type": "Polygon", "coordinates": [ [ [ -99.190672153635134, 18.769784594830554 ], [ -99.186099679926855, 18.769784594830533 ], [ -99.186099679926855, 18.765679089513068 ], [ -99.190672153635134, 18.765679089513068 ], [ -99.190672153635134, 18.769784594830554 ] ] ] } },
{ "type": "Feature", "properties": { "difference_1990_2000": 398.0, "difference_1990_2010": 587.0, "difference_1990_2020": 866.0 }, "geometry": { "type": "Polygon", "coordinates": [ [ [ -99.190672153635134, 18.864238536521988 ], [ -99.186099679926855, 18.864238536521938 ], [ -99.186099679926855, 18.860130752218549 ], [ -99.190672153635134, 18.860130752218598 ], [ -99.190672153635134, 18.864238536521988 ] ] ] } },
{ "type": "Feature", "properties": { "difference_1990_2000": 202.0, "difference_1990_2010": 577.0, "difference_1990_2020": 851.0 }, "geometry": { "type": "Polygon", "coordinates": [ [ [ -99.190672153635134, 18.860130752218598 ], [ -99.186099679926855, 18.860130752218549 ], [ -99.186099679926855, 18.856023067310918 ], [ -99.190672153635134, 18.856023067310918 ], [ -99.190672153635134, 18.860130752218598 ] ] ] } },
{ "type": "Feature", "properties": { "difference_1990_2000": 106.0, "difference_1990_2010": 248.0, "difference_1990_2020": 314.0 }, "geometry": { "type": "Polygon", "coordinates": [ [ [ -99.190672153635134, 18.897104392574974 ], [ -99.186099679926855, 18.897104392574974 ], [ -99.186099679926855, 18.892995812091637 ], [ -99.190672153635134, 18.892995812091637 ], [ -99.190672153635134, 18.897104392574974 ] ] ] } },
{ "type": "Feature", "properties": { "difference_1990_2000": 148.0, "difference_1990_2010": 331.0, "difference_1990_2020": 526.0 }, "geometry": { "type": "Polygon", "coordinates": [ [ [ -99.190672153635134, 18.835486132722622 ], [ -99.186099679926855, 18.835486132722622 ], [ -99.186099679926855, 18.831379043597938 ], [ -99.190672153635134, 18.831379043597938 ], [ -99.190672153635134, 18.835486132722622 ] ] ] } },
{ "type": "Feature", "properties": { "difference_1990_2000": 53.0, "difference_1990_2010": 127.0, "difference_1990_2020": 148.0 }, "geometry": { "type": "Polygon", "coordinates": [ [ [ -99.190672153635134, 18.938195682783007 ], [ -99.186099679926855, 18.938195682783007 ], [ -99.186099679926855, 18.93408610453524 ], [ -99.190672153635134, 18.934086104535261 ], [ -99.190672153635134, 18.938195682783007 ] ] ] } },
{ "type": "Feature", "properties": { "difference_1990_2000": 154.0, "difference_1990_2010": 272.0, "difference_1990_2020": 399.0 }, "geometry": { "type": "Polygon", "coordinates": [ [ [ -99.190672153635134, 18.831379043597938 ], [ -99.186099679926855, 18.831379043597938 ], [ -99.186099679926855, 18.827272053671898 ], [ -99.190672153635134, 18.827272053671937 ], [ -99.190672153635134, 18.831379043597938 ] ] ] } },
{ "type": "Feature", "properties": { "difference_1990_2000": 0.0, "difference_1990_2010": 230.0, "difference_1990_2020": 186.0 }, "geometry": { "type": "Polygon", "coordinates": [ [ [ -99.190672153635134, 18.98751842452592 ], [ -99.186099679926855, 18.98751842452592 ], [ -99.186099679926855, 18.983407645229434 ], [ -99.190672153635134, 18.983407645229452 ], [ -99.190672153635134, 18.98751842452592 ] ] ] } },
{ "type": "Feature", "properties": { "difference_1990_2000": 0.0, "difference_1990_2010": -2.0, "difference_1990_2020": -3.0 }, "geometry": { "type": "Polygon", "coordinates": [ [ [ -99.190672153635134, 18.954634995374633 ], [ -99.186099679926855, 18.954634995374633 ], [ -99.186099679926855, 18.950525017230078 ], [ -99.190672153635134, 18.950525017230078 ], [ -99.190672153635134, 18.954634995374633 ] ] ] } },
{ "type": "Feature", "properties": { "difference_1990_2000": 0.0, "difference_1990_2010": 751.0, "difference_1990_2020": 814.0 }, "geometry": { "type": "Polygon", "coordinates": [ [ [ -99.190672153635134, 18.979296966176022 ], [ -99.186099679926855, 18.979296966176022 ], [ -99.186099679926855, 18.975186387337384 ], [ -99.190672153635134, 18.975186387337384 ], [ -99.190672153635134, 18.979296966176022 ] ] ] } },
{ "type": "Feature", "properties": { "difference_1990_2000": 0.0, "difference_1990_2010": 99.0, "difference_1990_2020": 105.0 }, "geometry": { "type": "Polygon", "coordinates": [ [ [ -99.190672153635134, 18.975186387337384 ], [ -99.186099679926855, 18.975186387337384 ], [ -99.186099679926855, 18.971075908685147 ], [ -99.190672153635134, 18.971075908685147 ], [ -99.190672153635134, 18.975186387337384 ] ] ] } },
{ "type": "Feature", "properties": { "difference_1990_2000": 513.0, "difference_1990_2010": 707.0, "difference_1990_2020": 761.0 }, "geometry": { "type": "Polygon", "coordinates": [ [ [ -99.190672153635134, 18.917648790297225 ], [ -99.186099679926855, 18.917648790297189 ], [ -99.186099679926855, 18.91353971128466 ], [ -99.190672153635134, 18.91353971128466 ], [ -99.190672153635134, 18.917648790297225 ] ] ] } },
{ "type": "Feature", "properties": { "difference_1990_2000": 0.0, "difference_1990_2010": 19.0, "difference_1990_2020": 17.0 }, "geometry": { "type": "Polygon", "coordinates": [ [ [ -99.190672153635134, 18.773890198925443 ], [ -99.186099679926855, 18.773890198925443 ], [ -99.186099679926855, 18.769784594830533 ], [ -99.190672153635134, 18.769784594830554 ], [ -99.190672153635134, 18.773890198925443 ] ] ] } },
{ "type": "Feature", "properties": { "difference_1990_2000": 486.0, "difference_1990_2010": 1100.0, "difference_1990_2020": 1461.0 }, "geometry": { "type": "Polygon", "coordinates": [ [ [ -99.190672153635134, 18.851915481770817 ], [ -99.186099679926855, 18.851915481770817 ], [ -99.186099679926855, 18.847807995570069 ], [ -99.190672153635134, 18.847807995570069 ], [ -99.190672153635134, 18.851915481770817 ] ] ] } },
{ "type": "Feature", "properties": { "difference_1990_2000": 106.0, "difference_1990_2010": 248.0, "difference_1990_2020": 314.0 }, "geometry": { "type": "Polygon", "coordinates": [ [ [ -99.190672153635134, 18.905321852518146 ], [ -99.186099679926855, 18.905321852518114 ], [ -99.186099679926855, 18.901213072707751 ], [ -99.190672153635134, 18.901213072707769 ], [ -99.190672153635134, 18.905321852518146 ] ] ] } },
{ "type": "Feature", "properties": { "difference_1990_2000": 154.0, "difference_1990_2010": 272.0, "difference_1990_2020": 399.0 }, "geometry": { "type": "Polygon", "coordinates": [ [ [ -99.190672153635134, 18.827272053671937 ], [ -99.186099679926855, 18.827272053671898 ], [ -99.186099679926855, 18.823165162916485 ], [ -99.190672153635134, 18.823165162916485 ], [ -99.190672153635134, 18.827272053671937 ] ] ] } },
{ "type": "Feature", "properties": { "difference_1990_2000": 139.0, "difference_1990_2010": 277.0, "difference_1990_2020": 396.0 }, "geometry": { "type": "Polygon", "coordinates": [ [ [ -99.190672153635134, 18.880670668255728 ], [ -99.186099679926855, 18.880670668255728 ], [ -99.186099679926855, 18.876562486087884 ], [ -99.190672153635134, 18.876562486087899 ], [ -99.190672153635134, 18.880670668255728 ] ] ] } },
{ "type": "Feature", "properties": { "difference_1990_2000": 24.0, "difference_1990_2010": -10.0, "difference_1990_2020": -2.0 }, "geometry": { "type": "Polygon", "coordinates": [ [ [ -99.190672153635134, 18.950525017230078 ], [ -99.186099679926855, 18.950525017230078 ], [ -99.186099679926855, 18.946415139102097 ], [ -99.190672153635134, 18.946415139102097 ], [ -99.190672153635134, 18.950525017230078 ] ] ] } },
{ "type": "Feature", "properties": { "difference_1990_2000": 0.0, "difference_1990_2010": 152.0, "difference_1990_2020": 207.0 }, "geometry": { "type": "Polygon", "coordinates": [ [ [ -99.190672153635134, 18.81495167880481 ], [ -99.186099679926855, 18.814951678804796 ], [ -99.186099679926855, 18.810845085392366 ], [ -99.190672153635134, 18.810845085392366 ], [ -99.190672153635134, 18.81495167880481 ] ] ] } },
{ "type": "Feature", "properties": { "difference_1990_2000": 0.0, "difference_1990_2010": 0.0, "difference_1990_2020": 4.0 }, "geometry": { "type": "Polygon", "coordinates": [ [ [ -99.190672153635134, 18.971075908685147 ], [ -99.186099679926855, 18.971075908685147 ], [ -99.186099679926855, 18.966965530191128 ], [ -99.190672153635134, 18.966965530191128 ], [ -99.190672153635134, 18.971075908685147 ] ] ] } },
{ "type": "Feature", "properties": { "difference_1990_2000": 51.0, "difference_1990_2010": 146.0, "difference_1990_2020": 374.0 }, "geometry": { "type": "Polygon", "coordinates": [ [ [ -99.190672153635134, 18.819058371303505 ], [ -99.186099679926855, 18.819058371303505 ], [ -99.186099679926855, 18.81495167880481 ], [ -99.190672153635134, 18.814951678804846 ], [ -99.190672153635134, 18.819058371303505 ] ] ] } },
{ "type": "Feature", "properties": { "difference_1990_2000": 547.0, "difference_1990_2010": 465.0, "difference_1990_2020": 335.0 }, "geometry": { "type": "Polygon", "coordinates": [ [ [ -99.190672153635134, 18.925867247722184 ], [ -99.186099679926855, 18.925867247722184 ], [ -99.186099679926855, 18.921757969100319 ], [ -99.190672153635134, 18.921757969100319 ], [ -99.190672153635134, 18.925867247722184 ] ] ] } },
{ "type": "Feature", "properties": { "difference_1990_2000": 321.0, "difference_1990_2010": 549.0, "difference_1990_2020": 597.0 }, "geometry": { "type": "Polygon", "coordinates": [ [ [ -99.190672153635134, 18.888887331229402 ], [ -99.186099679926855, 18.888887331229402 ], [ -99.186099679926855, 18.884778949960179 ], [ -99.190672153635134, 18.884778949960179 ], [ -99.190672153635134, 18.888887331229402 ] ] ] } },
{ "type": "Feature", "properties": { "difference_1990_2000": 641.0, "difference_1990_2010": 574.0, "difference_1990_2020": 457.0 }, "geometry": { "type": "Polygon", "coordinates": [ [ [ -99.190672153635134, 18.934086104535261 ], [ -99.186099679926855, 18.93408610453524 ], [ -99.186099679926855, 18.929976626191053 ], [ -99.190672153635134, 18.929976626191074 ], [ -99.190672153635134, 18.934086104535261 ] ] ] } },
{ "type": "Feature", "properties": { "difference_1990_2000": 0.0, "difference_1990_2010": 0.0, "difference_1990_2020": 249.0 }, "geometry": { "type": "Polygon", "coordinates": [ [ [ -99.190672153635134, 18.765679089513068 ], [ -99.186099679926855, 18.765679089513068 ], [ -99.186099679926855, 18.761573682944945 ], [ -99.190672153635134, 18.761573682944967 ], [ -99.190672153635134, 18.765679089513068 ] ] ] } },
{ "type": "Feature", "properties": { "difference_1990_2000": 0.0, "difference_1990_2010": 725.0, "difference_1990_2020": 809.0 }, "geometry": { "type": "Polygon", "coordinates": [ [ [ -99.190672153635134, 18.983407645229452 ], [ -99.186099679926855, 18.983407645229434 ], [ -99.186099679926855, 18.979296966176022 ], [ -99.190672153635134, 18.979296966176022 ], [ -99.190672153635134, 18.983407645229452 ] ] ] } },
{ "type": "Feature", "properties": { "difference_1990_2000": 362.0, "difference_1990_2010": 552.0, "difference_1990_2020": 721.0 }, "geometry": { "type": "Polygon", "coordinates": [ [ [ -99.190672153635134, 18.868346420249146 ], [ -99.186099679926855, 18.868346420249146 ], [ -99.186099679926855, 18.864238536521938 ], [ -99.190672153635134, 18.864238536521988 ], [ -99.190672153635134, 18.868346420249146 ] ] ] } },
{ "type": "Feature", "properties": { "difference_1990_2000": 1061.0, "difference_1990_2010": 1170.0, "difference_1990_2020": 1466.0 }, "geometry": { "type": "Polygon", "coordinates": [ [ [ -99.190672153635134, 18.91353971128466 ], [ -99.186099679926855, 18.91353971128466 ], [ -99.186099679926855, 18.909430732034373 ], [ -99.190672153635134, 18.909430732034373 ], [ -99.190672153635134, 18.91353971128466 ] ] ] } },
{ "type": "Feature", "properties": { "difference_1990_2000": 301.0, "difference_1990_2010": 444.0, "difference_1990_2020": 549.0 }, "geometry": { "type": "Polygon", "coordinates": [ [ [ -99.190672153635134, 18.909430732034373 ], [ -99.186099679926855, 18.909430732034373 ], [ -99.186099679926855, 18.905321852518114 ], [ -99.190672153635134, 18.905321852518146 ], [ -99.190672153635134, 18.909430732034373 ] ] ] } },
{ "type": "Feature", "properties": { "difference_1990_2000": 0.0, "difference_1990_2010": 118.0, "difference_1990_2020": 123.0 }, "geometry": { "type": "Polygon", "coordinates": [ [ [ -99.190672153635134, 18.802632195713745 ], [ -99.186099679926855, 18.802632195713745 ], [ -99.186099679926855, 18.798525899391347 ], [ -99.190672153635134, 18.798525899391365 ], [ -99.190672153635134, 18.802632195713745 ] ] ] } },
{ "type": "Feature", "properties": { "difference_1990_2000": 273.0, "difference_1990_2010": 498.0, "difference_1990_2020": 591.0 }, "geometry": { "type": "Polygon", "coordinates": [ [ [ -99.190672153635134, 18.884778949960179 ], [ -99.186099679926855, 18.884778949960179 ], [ -99.186099679926855, 18.880670668255728 ], [ -99.190672153635134, 18.880670668255728 ], [ -99.190672153635134, 18.884778949960179 ] ] ] } },
{ "type": "Feature", "properties": { "difference_1990_2000": 0.0, "difference_1990_2010": 0.0, "difference_1990_2020": 249.0 }, "geometry": { "type": "Polygon", "coordinates": [ [ [ -99.190672153635134, 18.958745073564142 ], [ -99.186099679926855, 18.958745073564142 ], [ -99.186099679926855, 18.954634995374633 ], [ -99.190672153635134, 18.954634995374633 ], [ -99.190672153635134, 18.958745073564142 ] ] ] } },
{ "type": "Feature", "properties": { "difference_1990_2000": 0.0, "difference_1990_2010": 0.0, "difference_1990_2020": 874.0 }, "geometry": { "type": "Polygon", "coordinates": [ [ [ -99.190672153635134, 18.966965530191128 ], [ -99.186099679926855, 18.966965530191128 ], [ -99.186099679926855, 18.962855251826873 ], [ -99.190672153635134, 18.962855251826873 ], [ -99.190672153635134, 18.966965530191128 ] ] ] } },
{ "type": "Feature", "properties": { "difference_1990_2000": 494.0, "difference_1990_2010": 1221.0, "difference_1990_2020": 1466.0 }, "geometry": { "type": "Polygon", "coordinates": [ [ [ -99.190672153635134, 18.847807995570069 ], [ -99.186099679926855, 18.847807995570069 ], [ -99.186099679926855, 18.843700608680571 ], [ -99.190672153635134, 18.843700608680571 ], [ -99.190672153635134, 18.847807995570069 ] ] ] } },
{ "type": "Feature", "properties": { "difference_1990_2000": 141.0, "difference_1990_2010": 208.0, "difference_1990_2020": 365.0 }, "geometry": { "type": "Polygon", "coordinates": [ [ [ -99.190672153635134, 18.823165162916485 ], [ -99.186099679926855, 18.823165162916485 ], [ -99.186099679926855, 18.819058371303505 ], [ -99.190672153635134, 18.819058371303505 ], [ -99.190672153635134, 18.823165162916485 ] ] ] } },
{ "type": "Feature", "properties": { "difference_1990_2000": 136.0, "difference_1990_2010": 607.0, "difference_1990_2020": 845.0 }, "geometry": { "type": "Polygon", "coordinates": [ [ [ -99.190672153635134, 18.856023067310918 ], [ -99.186099679926855, 18.856023067310918 ], [ -99.186099679926855, 18.851915481770817 ], [ -99.190672153635134, 18.851915481770817 ], [ -99.190672153635134, 18.856023067310918 ] ] ] } },
{ "type": "Feature", "properties": { "difference_1990_2000": 0.0, "difference_1990_2010": 0.0, "difference_1990_2020": 1107.0 }, "geometry": { "type": "Polygon", "coordinates": [ [ [ -99.190672153635134, 18.962855251826873 ], [ -99.186099679926855, 18.962855251826873 ], [ -99.186099679926855, 18.958745073564142 ], [ -99.190672153635134, 18.958745073564142 ], [ -99.190672153635134, 18.962855251826873 ] ] ] } },
{ "type": "Feature", "properties": { "difference_1990_2000": 148.0, "difference_1990_2010": 222.0, "difference_1990_2020": 324.0 }, "geometry": { "type": "Polygon", "coordinates": [ [ [ -99.190672153635134, 18.876562486087899 ], [ -99.186099679926855, 18.876562486087884 ], [ -99.186099679926855, 18.872454403428407 ], [ -99.190672153635134, 18.872454403428407 ], [ -99.190672153635134, 18.876562486087899 ] ] ] } },
{ "type": "Feature", "properties": { "difference_1990_2000": 106.0, "difference_1990_2010": 248.0, "difference_1990_2020": 314.0 }, "geometry": { "type": "Polygon", "coordinates": [ [ [ -99.190672153635134, 18.901213072707769 ], [ -99.186099679926855, 18.901213072707751 ], [ -99.186099679926855, 18.897104392574974 ], [ -99.190672153635134, 18.897104392574974 ], [ -99.190672153635134, 18.901213072707769 ] ] ] } },
{ "type": "Feature", "properties": { "difference_1990_2000": 0.0, "difference_1990_2010": 374.0, "difference_1990_2020": 556.0 }, "geometry": { "type": "Polygon", "coordinates": [ [ [ -99.190672153635134, 18.810845085392366 ], [ -99.186099679926855, 18.810845085392366 ], [ -99.186099679926855, 18.806738591038005 ], [ -99.190672153635134, 18.806738591038023 ], [ -99.190672153635134, 18.810845085392366 ] ] ] } },
{ "type": "Feature", "properties": { "difference_1990_2000": 0.0, "difference_1990_2010": 252.0, "difference_1990_2020": 347.0 }, "geometry": { "type": "Polygon", "coordinates": [ [ [ -99.190672153635134, 18.806738591038023 ], [ -99.186099679926855, 18.806738591038005 ], [ -99.186099679926855, 18.802632195713745 ], [ -99.190672153635134, 18.802632195713745 ], [ -99.190672153635134, 18.806738591038023 ] ] ] } },
{ "type": "Feature", "properties": { "difference_1990_2000": 283.0, "difference_1990_2010": 602.0, "difference_1990_2020": 769.0 }, "geometry": { "type": "Polygon", "coordinates": [ [ [ -99.190672153635134, 18.942305360962511 ], [ -99.186099679926855, 18.942305360962511 ], [ -99.186099679926855, 18.938195682783007 ], [ -99.190672153635134, 18.938195682783007 ], [ -99.190672153635134, 18.942305360962511 ] ] ] } },
{ "type": "Feature", "properties": { "difference_1990_2000": 261.0, "difference_1990_2010": 401.0, "difference_1990_2020": 525.0 }, "geometry": { "type": "Polygon", "coordinates": [ [ [ -99.190672153635134, 18.872454403428438 ], [ -99.186099679926855, 18.872454403428407 ], [ -99.186099679926855, 18.868346420249146 ], [ -99.190672153635134, 18.868346420249146 ], [ -99.190672153635134, 18.872454403428438 ] ] ] } },
{ "type": "Feature", "properties": { "difference_1990_2000": 345.0, "difference_1990_2010": 760.0, "difference_1990_2020": 678.0 }, "geometry": { "type": "Polygon", "coordinates": [ [ [ -99.190672153635134, 18.843700608680571 ], [ -99.186099679926855, 18.843700608680571 ], [ -99.186099679926855, 18.839593321074087 ], [ -99.190672153635134, 18.839593321074069 ], [ -99.190672153635134, 18.843700608680571 ] ] ] } },
{ "type": "Feature", "properties": { "difference_1990_2000": 1013.0, "difference_1990_2010": 1008.0, "difference_1990_2020": 869.0 }, "geometry": { "type": "Polygon", "coordinates": [ [ [ -99.190672153635134, 18.929976626191074 ], [ -99.186099679926855, 18.929976626191053 ], [ -99.186099679926855, 18.925867247722184 ], [ -99.190672153635134, 18.925867247722184 ], [ -99.190672153635134, 18.929976626191074 ] ] ] } },
{ "type": "Feature", "properties": { "difference_1990_2000": -36.0, "difference_1990_2010": 24.0, "difference_1990_2020": 7.0 }, "geometry": { "type": "Polygon", "coordinates": [ [ [ -99.190672153635134, 18.921757969100319 ], [ -99.186099679926855, 18.921757969100319 ], [ -99.186099679926855, 18.917648790297189 ], [ -99.190672153635134, 18.917648790297225 ], [ -99.190672153635134, 18.921757969100319 ] ] ] } },
{ "type": "Feature", "properties": { "difference_1990_2000": 167.0, "difference_1990_2010": 323.0, "difference_1990_2020": 396.0 }, "geometry": { "type": "Polygon", "coordinates": [ [ [ -99.190672153635134, 18.946415139102097 ], [ -99.186099679926855, 18.946415139102097 ], [ -99.186099679926855, 18.942305360962511 ], [ -99.190672153635134, 18.942305360962511 ], [ -99.190672153635134, 18.946415139102097 ] ] ] } },
{ "type": "Feature", "properties": { "difference_1990_2000": 361.0, "difference_1990_2010": 577.0, "difference_1990_2020": 635.0 }, "geometry": { "type": "Polygon", "coordinates": [ [ [ -99.181527206218576, 18.864238536521956 ], [ -99.176954732510296, 18.864238536521988 ], [ -99.176954732510296, 18.860130752218598 ], [ -99.181527206218576, 18.860130752218598 ], [ -99.181527206218576, 18.864238536521956 ] ] ] } },
{ "type": "Feature", "properties": { "difference_1990_2000": 128.0, "difference_1990_2010": 463.0, "difference_1990_2020": 594.0 }, "geometry": { "type": "Polygon", "coordinates": [ [ [ -99.181527206218576, 18.839593321074069 ], [ -99.176954732510296, 18.839593321074087 ], [ -99.176954732510296, 18.835486132722622 ], [ -99.181527206218576, 18.835486132722604 ], [ -99.181527206218576, 18.839593321074069 ] ] ] } },
{ "type": "Feature", "properties": { "difference_1990_2000": -316.0, "difference_1990_2010": -661.0, "difference_1990_2020": -600.0 }, "geometry": { "type": "Polygon", "coordinates": [ [ [ -99.181527206218576, 18.892995812091637 ], [ -99.176954732510296, 18.892995812091637 ], [ -99.176954732510296, 18.888887331229402 ], [ -99.181527206218576, 18.888887331229402 ], [ -99.181527206218576, 18.892995812091637 ] ] ] } },
{ "type": "Feature", "properties": { "difference_1990_2000": 0.0, "difference_1990_2010": 480.0, "difference_1990_2020": 588.0 }, "geometry": { "type": "Polygon", "coordinates": [ [ [ -99.181527206218576, 18.769784594830554 ], [ -99.176954732510296, 18.769784594830554 ], [ -99.176954732510296, 18.765679089513068 ], [ -99.181527206218576, 18.765679089513068 ], [ -99.181527206218576, 18.769784594830554 ] ] ] } },
{ "type": "Feature", "properties": { "difference_1990_2000": 223.0, "difference_1990_2010": 425.0, "difference_1990_2020": 598.0 }, "geometry": { "type": "Polygon", "coordinates": [ [ [ -99.181527206218576, 18.860130752218598 ], [ -99.176954732510296, 18.860130752218598 ], [ -99.176954732510296, 18.856023067310918 ], [ -99.181527206218576, 18.856023067310918 ], [ -99.181527206218576, 18.860130752218598 ] ] ] } },
{ "type": "Feature", "properties": { "difference_1990_2000": 329.0, "difference_1990_2010": 510.0, "difference_1990_2020": 693.0 }, "geometry": { "type": "Polygon", "coordinates": [ [ [ -99.181527206218576, 18.835486132722604 ], [ -99.176954732510296, 18.835486132722622 ], [ -99.176954732510296, 18.831379043597938 ], [ -99.181527206218576, 18.831379043597938 ], [ -99.181527206218576, 18.835486132722604 ] ] ] } },
{ "type": "Feature", "properties": { "difference_1990_2000": 22.0, "difference_1990_2010": 287.0, "difference_1990_2020": 364.0 }, "geometry": { "type": "Polygon", "coordinates": [ [ [ -99.181527206218576, 18.897104392574974 ], [ -99.176954732510296, 18.897104392574985 ], [ -99.176954732510296, 18.892995812091637 ], [ -99.181527206218576, 18.892995812091637 ], [ -99.181527206218576, 18.897104392574974 ] ] ] } },
{ "type": "Feature", "properties": { "difference_1990_2000": 36.0, "difference_1990_2010": 54.0, "difference_1990_2020": 49.0 }, "geometry": { "type": "Polygon", "coordinates": [ [ [ -99.181527206218576, 18.938195682783007 ], [ -99.176954732510296, 18.938195682783007 ], [ -99.176954732510296, 18.934086104535261 ], [ -99.181527206218576, 18.934086104535261 ], [ -99.181527206218576, 18.938195682783007 ] ] ] } },
{ "type": "Feature", "properties": { "difference_1990_2000": 0.0, "difference_1990_2010": 62.0, "difference_1990_2020": 87.0 }, "geometry": { "type": "Polygon", "coordinates": [ [ [ -99.181527206218576, 18.761573682944967 ], [ -99.176954732510296, 18.761573682944967 ], [ -99.176954732510296, 18.757468375098185 ], [ -99.181527206218576, 18.757468375098167 ], [ -99.181527206218576, 18.761573682944967 ] ] ] } },
{ "type": "Feature", "properties": { "difference_1990_2000": 114.0, "difference_1990_2010": 191.0, "difference_1990_2020": 285.0 }, "geometry": { "type": "Polygon", "coordinates": [ [ [ -99.181527206218576, 18.831379043597938 ], [ -99.176954732510296, 18.831379043597938 ], [ -99.176954732510296, 18.827272053671955 ], [ -99.181527206218576, 18.827272053671937 ], [ -99.181527206218576, 18.831379043597938 ] ] ] } },
{ "type": "Feature", "properties": { "difference_1990_2000": 0.0, "difference_1990_2010": 265.0, "difference_1990_2020": 312.0 }, "geometry": { "type": "Polygon", "coordinates": [ [ [ -99.181527206218576, 18.773890198925415 ], [ -99.176954732510296, 18.773890198925443 ], [ -99.176954732510296, 18.769784594830554 ], [ -99.181527206218576, 18.769784594830554 ], [ -99.181527206218576, 18.773890198925415 ] ] ] } },
{ "type": "Feature", "properties": { "difference_1990_2000": 560.0, "difference_1990_2010": 799.0, "difference_1990_2020": 865.0 }, "geometry": { "type": "Polygon", "coordinates": [ [ [ -99.181527206218576, 18.917648790297225 ], [ -99.176954732510296, 18.917648790297225 ], [ -99.176954732510296, 18.91353971128466 ], [ -99.181527206218576, 18.91353971128466 ], [ -99.181527206218576, 18.917648790297225 ] ] ] } },
{ "type": "Feature", "properties": { "difference_1990_2000": -49.0, "difference_1990_2010": 469.0, "difference_1990_2020": 592.0 }, "geometry": { "type": "Polygon", "coordinates": [ [ [ -99.181527206218576, 18.851915481770799 ], [ -99.176954732510296, 18.851915481770849 ], [ -99.176954732510296, 18.847807995570069 ], [ -99.181527206218576, 18.847807995570069 ], [ -99.181527206218576, 18.851915481770799 ] ] ] } },
{ "type": "Feature", "properties": { "difference_1990_2000": 208.0, "difference_1990_2010": 313.0, "difference_1990_2020": 391.0 }, "geometry": { "type": "Polygon", "coordinates": [ [ [ -99.181527206218576, 18.905321852518163 ], [ -99.176954732510296, 18.905321852518146 ], [ -99.176954732510296, 18.901213072707769 ], [ -99.181527206218576, 18.901213072707769 ], [ -99.181527206218576, 18.905321852518163 ] ] ] } },
{ "type": "Feature", "properties": { "difference_1990_2000": 95.0, "difference_1990_2010": 184.0, "difference_1990_2020": 249.0 }, "geometry": { "type": "Polygon", "coordinates": [ [ [ -99.181527206218576, 18.880670668255728 ], [ -99.176954732510296, 18.880670668255728 ], [ -99.176954732510296, 18.876562486087884 ], [ -99.181527206218576, 18.876562486087852 ], [ -99.181527206218576, 18.880670668255728 ] ] ] } },
{ "type": "Feature", "properties": { "difference_1990_2000": 274.0, "difference_1990_2010": 661.0, "difference_1990_2020": 797.0 }, "geometry": { "type": "Polygon", "coordinates": [ [ [ -99.181527206218576, 18.888887331229402 ], [ -99.176954732510296, 18.888887331229402 ], [ -99.176954732510296, 18.884778949960179 ], [ -99.181527206218576, 18.884778949960179 ], [ -99.181527206218576, 18.888887331229402 ] ] ] } },
{ "type": "Feature", "properties": { "difference_1990_2000": 787.0, "difference_1990_2010": 957.0, "difference_1990_2020": 1063.0 }, "geometry": { "type": "Polygon", "coordinates": [ [ [ -99.181527206218576, 18.934086104535261 ], [ -99.176954732510296, 18.934086104535261 ], [ -99.176954732510296, 18.929976626191113 ], [ -99.181527206218576, 18.929976626191074 ], [ -99.181527206218576, 18.934086104535261 ] ] ] } },
{ "type": "Feature", "properties": { "difference_1990_2000": 0.0, "difference_1990_2010": 131.0, "difference_1990_2020": 152.0 }, "geometry": { "type": "Polygon", "coordinates": [ [ [ -99.181527206218576, 18.777995901825779 ], [ -99.176954732510296, 18.777995901825779 ], [ -99.176954732510296, 18.773890198925443 ], [ -99.181527206218576, 18.773890198925415 ], [ -99.181527206218576, 18.777995901825779 ] ] ] } },
{ "type": "Feature", "properties": { "difference_1990_2000": 959.0, "difference_1990_2010": 1005.0, "difference_1990_2020": 1097.0 }, "geometry": { "type": "Polygon", "coordinates": [ [ [ -99.181527206218576, 18.925867247722206 ], [ -99.176954732510296, 18.925867247722241 ], [ -99.176954732510296, 18.921757969100355 ], [ -99.181527206218576, 18.921757969100319 ], [ -99.181527206218576, 18.925867247722206 ] ] ] } },
{ "type": "Feature", "properties": { "difference_1990_2000": 0.0, "difference_1990_2010": 458.0, "difference_1990_2020": 554.0 }, "geometry": { "type": "Polygon", "coordinates": [ [ [ -99.181527206218576, 18.765679089513068 ], [ -99.176954732510296, 18.765679089513068 ], [ -99.176954732510296, 18.761573682944967 ], [ -99.181527206218576, 18.761573682944967 ], [ -99.181527206218576, 18.765679089513068 ] ] ] } },
{ "type": "Feature", "properties": { "difference_1990_2000": 760.0, "difference_1990_2010": 856.0, "difference_1990_2020": 958.0 }, "geometry": { "type": "Polygon", "coordinates": [ [ [ -99.181527206218576, 18.868346420249129 ], [ -99.176954732510296, 18.868346420249146 ], [ -99.176954732510296, 18.864238536521988 ], [ -99.181527206218576, 18.864238536521956 ], [ -99.181527206218576, 18.868346420249129 ] ] ] } },
{ "type": "Feature", "properties": { "difference_1990_2000": 112.0, "difference_1990_2010": 142.0, "difference_1990_2020": 189.0 }, "geometry": { "type": "Polygon", "coordinates": [ [ [ -99.181527206218576, 18.91353971128466 ], [ -99.176954732510296, 18.91353971128466 ], [ -99.176954732510296, 18.909430732034405 ], [ -99.181527206218576, 18.909430732034405 ], [ -99.181527206218576, 18.91353971128466 ] ] ] } },
{ "type": "Feature", "properties": { "difference_1990_2000": 148.0, "difference_1990_2010": 303.0, "difference_1990_2020": 382.0 }, "geometry": { "type": "Polygon", "coordinates": [ [ [ -99.181527206218576, 18.884778949960179 ], [ -99.176954732510296, 18.884778949960179 ], [ -99.176954732510296, 18.880670668255728 ], [ -99.181527206218576, 18.880670668255728 ], [ -99.181527206218576, 18.884778949960179 ] ] ] } },
{ "type": "Feature", "properties": { "difference_1990_2000": 105.0, "difference_1990_2010": 118.0, "difference_1990_2020": 172.0 }, "geometry": { "type": "Polygon", "coordinates": [ [ [ -99.181527206218576, 18.909430732034405 ], [ -99.176954732510296, 18.909430732034405 ], [ -99.176954732510296, 18.905321852518146 ], [ -99.181527206218576, 18.905321852518163 ], [ -99.181527206218576, 18.909430732034405 ] ] ] } },
{ "type": "Feature", "properties": { "difference_1990_2000": -158.0, "difference_1990_2010": 367.0, "difference_1990_2020": 402.0 }, "geometry": { "type": "Polygon", "coordinates": [ [ [ -99.181527206218576, 18.847807995570069 ], [ -99.176954732510296, 18.847807995570069 ], [ -99.176954732510296, 18.843700608680571 ], [ -99.181527206218576, 18.843700608680571 ], [ -99.181527206218576, 18.847807995570069 ] ] ] } },
{ "type": "Feature", "properties": { "difference_1990_2000": 152.0, "difference_1990_2010": 238.0, "difference_1990_2020": 306.0 }, "geometry": { "type": "Polygon", "coordinates": [ [ [ -99.181527206218576, 18.876562486087852 ], [ -99.176954732510296, 18.876562486087884 ], [ -99.176954732510296, 18.872454403428438 ], [ -99.181527206218576, 18.872454403428407 ], [ -99.181527206218576, 18.876562486087852 ] ] ] } },
{ "type": "Feature", "properties": { "difference_1990_2000": 98.0, "difference_1990_2010": 508.0, "difference_1990_2020": 701.0 }, "geometry": { "type": "Polygon", "coordinates": [ [ [ -99.181527206218576, 18.856023067310918 ], [ -99.176954732510296, 18.856023067310918 ], [ -99.176954732510296, 18.851915481770849 ], [ -99.181527206218576, 18.851915481770799 ], [ -99.181527206218576, 18.856023067310918 ] ] ] } },
{ "type": "Feature", "properties": { "difference_1990_2000": 718.0, "difference_1990_2010": 810.0, "difference_1990_2020": 913.0 }, "geometry": { "type": "Polygon", "coordinates": [ [ [ -99.181527206218576, 18.872454403428407 ], [ -99.176954732510296, 18.872454403428438 ], [ -99.176954732510296, 18.868346420249146 ], [ -99.181527206218576, 18.868346420249129 ], [ -99.181527206218576, 18.872454403428407 ] ] ] } },
{ "type": "Feature", "properties": { "difference_1990_2000": 305.0, "difference_1990_2010": 1221.0, "difference_1990_2020": 1217.0 }, "geometry": { "type": "Polygon", "coordinates": [ [ [ -99.181527206218576, 18.901213072707769 ], [ -99.176954732510296, 18.901213072707769 ], [ -99.176954732510296, 18.897104392574985 ], [ -99.181527206218576, 18.897104392574974 ], [ -99.181527206218576, 18.901213072707769 ] ] ] } },
{ "type": "Feature", "properties": { "difference_1990_2000": -46.0, "difference_1990_2010": 306.0, "difference_1990_2020": 348.0 }, "geometry": { "type": "Polygon", "coordinates": [ [ [ -99.181527206218576, 18.843700608680571 ], [ -99.176954732510296, 18.843700608680571 ], [ -99.176954732510296, 18.839593321074087 ], [ -99.181527206218576, 18.839593321074069 ], [ -99.181527206218576, 18.843700608680571 ] ] ] } },
{ "type": "Feature", "properties": { "difference_1990_2000": 1095.0, "difference_1990_2010": 1347.0, "difference_1990_2020": 1319.0 }, "geometry": { "type": "Polygon", "coordinates": [ [ [ -99.181527206218576, 18.929976626191074 ], [ -99.176954732510296, 18.929976626191113 ], [ -99.176954732510296, 18.925867247722241 ], [ -99.181527206218576, 18.925867247722206 ], [ -99.181527206218576, 18.929976626191074 ] ] ] } },
{ "type": "Feature", "properties": { "difference_1990_2000": 1053.0, "difference_1990_2010": 1098.0, "difference_1990_2020": 1156.0 }, "geometry": { "type": "Polygon", "coordinates": [ [ [ -99.181527206218576, 18.921757969100319 ], [ -99.176954732510296, 18.921757969100355 ], [ -99.176954732510296, 18.917648790297225 ], [ -99.181527206218576, 18.917648790297225 ], [ -99.181527206218576, 18.921757969100319 ] ] ] } },
{ "type": "Feature", "properties": { "difference_1990_2000": 0.0, "difference_1990_2010": 1.0, "difference_1990_2020": 0.0 }, "geometry": { "type": "Polygon", "coordinates": [ [ [ -98.994055784179267, 18.892995812091637 ], [ -98.989483310470973, 18.892995812091637 ], [ -98.989483310470973, 18.888887331229402 ], [ -98.994055784179267, 18.888887331229402 ], [ -98.994055784179267, 18.892995812091637 ] ] ] } },
{ "type": "Feature", "properties": { "difference_1990_2000": 12.0, "difference_1990_2010": 29.0, "difference_1990_2020": 18.0 }, "geometry": { "type": "Polygon", "coordinates": [ [ [ -98.994055784179267, 18.880670668255728 ], [ -98.989483310470973, 18.880670668255728 ], [ -98.989483310470973, 18.876562486087884 ], [ -98.994055784179267, 18.876562486087884 ], [ -98.994055784179267, 18.880670668255728 ] ] ] } },
{ "type": "Feature", "properties": { "difference_1990_2000": 10.0, "difference_1990_2010": -10.0, "difference_1990_2020": 18.0 }, "geometry": { "type": "Polygon", "coordinates": [ [ [ -98.994055784179267, 18.888887331229402 ], [ -98.989483310470973, 18.888887331229402 ], [ -98.989483310470973, 18.884778949960179 ], [ -98.994055784179267, 18.884778949960179 ], [ -98.994055784179267, 18.888887331229402 ] ] ] } },
{ "type": "Feature", "properties": { "difference_1990_2000": 15.0, "difference_1990_2010": 38.0, "difference_1990_2020": 23.0 }, "geometry": { "type": "Polygon", "coordinates": [ [ [ -98.994055784179267, 18.884778949960179 ], [ -98.989483310470973, 18.884778949960179 ], [ -98.989483310470973, 18.880670668255728 ], [ -98.994055784179267, 18.880670668255728 ], [ -98.994055784179267, 18.884778949960179 ] ] ] } },
{ "type": "Feature", "properties": { "difference_1990_2000": 1.0, "difference_1990_2010": 1.0, "difference_1990_2020": 1.0 }, "geometry": { "type": "Polygon", "coordinates": [ [ [ -98.994055784179267, 18.909430732034426 ], [ -98.989483310470973, 18.909430732034405 ], [ -98.989483310470973, 18.905321852518146 ], [ -98.994055784179267, 18.905321852518146 ], [ -98.994055784179267, 18.909430732034426 ] ] ] } },
{ "type": "Feature", "properties": { "difference_1990_2000": 797.0, "difference_1990_2010": 999.0, "difference_1990_2020": 972.0 }, "geometry": { "type": "Polygon", "coordinates": [ [ [ -99.172382258802017, 18.892995812091637 ], [ -99.167809785093738, 18.892995812091637 ], [ -99.167809785093738, 18.888887331229402 ], [ -99.172382258802017, 18.888887331229402 ], [ -99.172382258802017, 18.892995812091637 ] ] ] } },
{ "type": "Feature", "properties": { "difference_1990_2000": 422.0, "difference_1990_2010": 578.0, "difference_1990_2020": 686.0 }, "geometry": { "type": "Polygon", "coordinates": [ [ [ -99.172382258802017, 18.864238536521988 ], [ -99.167809785093738, 18.864238536521988 ], [ -99.167809785093738, 18.860130752218598 ], [ -99.172382258802017, 18.860130752218598 ], [ -99.172382258802017, 18.864238536521988 ] ] ] } },
{ "type": "Feature", "properties": { "difference_1990_2000": 126.0, "difference_1990_2010": 173.0, "difference_1990_2020": 205.0 }, "geometry": { "type": "Polygon", "coordinates": [ [ [ -99.172382258802017, 18.860130752218598 ], [ -99.167809785093738, 18.860130752218598 ], [ -99.167809785093738, 18.85602306731095 ], [ -99.172382258802017, 18.856023067310918 ], [ -99.172382258802017, 18.860130752218598 ] ] ] } },
{ "type": "Feature", "properties": { "difference_1990_2000": 282.0, "difference_1990_2010": 360.0, "difference_1990_2020": 440.0 }, "geometry": { "type": "Polygon", "coordinates": [ [ [ -99.172382258802017, 18.897104392574985 ], [ -99.167809785093738, 18.897104392574974 ], [ -99.167809785093738, 18.892995812091637 ], [ -99.172382258802017, 18.892995812091637 ], [ -99.172382258802017, 18.897104392574985 ] ] ] } },
{ "type": "Feature", "properties": { "difference_1990_2000": -33.0, "difference_1990_2010": -33.0, "difference_1990_2020": -33.0 }, "geometry": { "type": "Polygon", "coordinates": [ [ [ -99.172382258802017, 18.917648790297243 ], [ -99.167809785093738, 18.917648790297225 ], [ -99.167809785093738, 18.91353971128466 ], [ -99.172382258802017, 18.91353971128466 ], [ -99.172382258802017, 18.917648790297243 ] ] ] } },
{ "type": "Feature", "properties": { "difference_1990_2000": 0.0, "difference_1990_2010": 37.0, "difference_1990_2020": 43.0 }, "geometry": { "type": "Polygon", "coordinates": [ [ [ -99.172382258802017, 18.773890198925443 ], [ -99.167809785093738, 18.773890198925415 ], [ -99.167809785093738, 18.769784594830554 ], [ -99.172382258802017, 18.769784594830554 ], [ -99.172382258802017, 18.773890198925443 ] ] ] } },
{ "type": "Feature", "properties": { "difference_1990_2000": 94.0, "difference_1990_2010": 143.0, "difference_1990_2020": 184.0 }, "geometry": { "type": "Polygon", "coordinates": [ [ [ -99.172382258802017, 18.851915481770817 ], [ -99.167809785093738, 18.851915481770817 ], [ -99.167809785093738, 18.847807995570069 ], [ -99.172382258802017, 18.847807995570069 ], [ -99.172382258802017, 18.851915481770817 ] ] ] } },
{ "type": "Feature", "properties": { "difference_1990_2000": 53.0, "difference_1990_2010": -296.0, "difference_1990_2020": -385.0 }, "geometry": { "type": "Polygon", "coordinates": [ [ [ -99.172382258802017, 18.905321852518146 ], [ -99.167809785093738, 18.905321852518146 ], [ -99.167809785093738, 18.901213072707769 ], [ -99.172382258802017, 18.901213072707769 ], [ -99.172382258802017, 18.905321852518146 ] ] ] } },
{ "type": "Feature", "properties": { "difference_1990_2000": 6.0, "difference_1990_2010": 123.0, "difference_1990_2020": 95.0 }, "geometry": { "type": "Polygon", "coordinates": [ [ [ -99.172382258802017, 18.880670668255728 ], [ -99.167809785093738, 18.880670668255728 ], [ -99.167809785093738, 18.876562486087884 ], [ -99.172382258802017, 18.876562486087899 ], [ -99.172382258802017, 18.880670668255728 ] ] ] } },
{ "type": "Feature", "properties": { "difference_1990_2000": 1368.0, "difference_1990_2010": 1615.0, "difference_1990_2020": 1613.0 }, "geometry": { "type": "Polygon", "coordinates": [ [ [ -99.172382258802017, 18.888887331229402 ], [ -99.167809785093738, 18.888887331229402 ], [ -99.167809785093738, 18.884778949960179 ], [ -99.172382258802017, 18.884778949960179 ], [ -99.172382258802017, 18.888887331229402 ] ] ] } },
{ "type": "Feature", "properties": { "difference_1990_2000": 0.0, "difference_1990_2010": 106.0, "difference_1990_2020": 123.0 }, "geometry": { "type": "Polygon", "coordinates": [ [ [ -99.172382258802017, 18.777995901825779 ], [ -99.167809785093738, 18.777995901825744 ], [ -99.167809785093738, 18.773890198925415 ], [ -99.172382258802017, 18.773890198925443 ], [ -99.172382258802017, 18.777995901825779 ] ] ] } },
{ "type": "Feature", "properties": { "difference_1990_2000": 693.0, "difference_1990_2010": 446.0, "difference_1990_2020": 376.0 }, "geometry": { "type": "Polygon", "coordinates": [ [ [ -99.172382258802017, 18.925867247722206 ], [ -99.167809785093738, 18.925867247722206 ], [ -99.167809785093738, 18.921757969100319 ], [ -99.172382258802017, 18.921757969100319 ], [ -99.172382258802017, 18.925867247722206 ] ] ] } },
{ "type": "Feature", "properties": { "difference_1990_2000": 556.0, "difference_1990_2010": 762.0, "difference_1990_2020": 905.0 }, "geometry": { "type": "Polygon", "coordinates": [ [ [ -99.172382258802017, 18.868346420249146 ], [ -99.167809785093738, 18.868346420249129 ], [ -99.167809785093738, 18.864238536521988 ], [ -99.172382258802017, 18.864238536521988 ], [ -99.172382258802017, 18.868346420249146 ] ] ] } },
{ "type": "Feature", "properties": { "difference_1990_2000": 41.0, "difference_1990_2010": 52.0, "difference_1990_2020": 57.0 }, "geometry": { "type": "Polygon", "coordinates": [ [ [ -99.172382258802017, 18.91353971128466 ], [ -99.167809785093738, 18.91353971128466 ], [ -99.167809785093738, 18.909430732034405 ], [ -99.172382258802017, 18.909430732034405 ], [ -99.172382258802017, 18.91353971128466 ] ] ] } },
{ "type": "Feature", "properties": { "difference_1990_2000": -29.0, "difference_1990_2010": 82.0, "difference_1990_2020": 176.0 }, "geometry": { "type": "Polygon", "coordinates": [ [ [ -99.172382258802017, 18.884778949960179 ], [ -99.167809785093738, 18.884778949960179 ], [ -99.167809785093738, 18.880670668255728 ], [ -99.172382258802017, 18.880670668255728 ], [ -99.172382258802017, 18.884778949960179 ] ] ] } },
{ "type": "Feature", "properties": { "difference_1990_2000": 123.0, "difference_1990_2010": -121.0, "difference_1990_2020": -104.0 }, "geometry": { "type": "Polygon", "coordinates": [ [ [ -99.172382258802017, 18.909430732034405 ], [ -99.167809785093738, 18.909430732034405 ], [ -99.167809785093738, 18.905321852518146 ], [ -99.172382258802017, 18.905321852518146 ], [ -99.172382258802017, 18.909430732034405 ] ] ] } },
{ "type": "Feature", "properties": { "difference_1990_2000": 148.0, "difference_1990_2010": 223.0, "difference_1990_2020": 291.0 }, "geometry": { "type": "Polygon", "coordinates": [ [ [ -99.172382258802017, 18.847807995570069 ], [ -99.167809785093738, 18.847807995570069 ], [ -99.167809785093738, 18.843700608680571 ], [ -99.172382258802017, 18.843700608680571 ], [ -99.172382258802017, 18.847807995570069 ] ] ] } },
{ "type": "Feature", "properties": { "difference_1990_2000": 60.0, "difference_1990_2010": 84.0, "difference_1990_2020": 114.0 }, "geometry": { "type": "Polygon", "coordinates": [ [ [ -99.172382258802017, 18.856023067310918 ], [ -99.167809785093738, 18.85602306731095 ], [ -99.167809785093738, 18.851915481770817 ], [ -99.172382258802017, 18.851915481770817 ], [ -99.172382258802017, 18.856023067310918 ] ] ] } },
{ "type": "Feature", "properties": { "difference_1990_2000": 500.0, "difference_1990_2010": 562.0, "difference_1990_2020": 557.0 }, "geometry": { "type": "Polygon", "coordinates": [ [ [ -99.172382258802017, 18.876562486087899 ], [ -99.167809785093738, 18.876562486087884 ], [ -99.167809785093738, 18.872454403428438 ], [ -99.172382258802017, 18.872454403428438 ], [ -99.172382258802017, 18.876562486087899 ] ] ] } },
{ "type": "Feature", "properties": { "difference_1990_2000": 150.0, "difference_1990_2010": 115.0, "difference_1990_2020": 103.0 }, "geometry": { "type": "Polygon", "coordinates": [ [ [ -99.172382258802017, 18.901213072707769 ], [ -99.167809785093738, 18.901213072707769 ], [ -99.167809785093738, 18.897104392574974 ], [ -99.172382258802017, 18.897104392574985 ], [ -99.172382258802017, 18.901213072707769 ] ] ] } },
{ "type": "Feature", "properties": { "difference_1990_2000": 720.0, "difference_1990_2010": 881.0, "difference_1990_2020": 1014.0 }, "geometry": { "type": "Polygon", "coordinates": [ [ [ -99.172382258802017, 18.872454403428438 ], [ -99.167809785093738, 18.872454403428438 ], [ -99.167809785093738, 18.868346420249129 ], [ -99.172382258802017, 18.868346420249146 ], [ -99.172382258802017, 18.872454403428438 ] ] ] } },
{ "type": "Feature", "properties": { "difference_1990_2000": 32.0, "difference_1990_2010": 50.0, "difference_1990_2020": 70.0 }, "geometry": { "type": "Polygon", "coordinates": [ [ [ -99.172382258802017, 18.843700608680571 ], [ -99.167809785093738, 18.843700608680571 ], [ -99.167809785093738, 18.839593321074069 ], [ -99.172382258802017, 18.839593321074087 ], [ -99.172382258802017, 18.843700608680571 ] ] ] } },
{ "type": "Feature", "properties": { "difference_1990_2000": 597.0, "difference_1990_2010": 566.0, "difference_1990_2020": 505.0 }, "geometry": { "type": "Polygon", "coordinates": [ [ [ -99.172382258802017, 18.929976626191074 ], [ -99.167809785093738, 18.929976626191053 ], [ -99.167809785093738, 18.925867247722206 ], [ -99.172382258802017, 18.925867247722206 ], [ -99.172382258802017, 18.929976626191074 ] ] ] } },
{ "type": "Feature", "properties": { "difference_1990_2000": -2455.0, "difference_1990_2010": -2567.0, "difference_1990_2020": -2574.0 }, "geometry": { "type": "Polygon", "coordinates": [ [ [ -99.172382258802017, 18.921757969100319 ], [ -99.167809785093738, 18.921757969100319 ], [ -99.167809785093738, 18.917648790297225 ], [ -99.172382258802017, 18.917648790297243 ], [ -99.172382258802017, 18.921757969100319 ] ] ] } },
{ "type": "Feature", "properties": { "difference_1990_2000": 67.0, "difference_1990_2010": 71.0, "difference_1990_2020": 88.0 }, "geometry": { "type": "Polygon", "coordinates": [ [ [ -98.984910836762694, 18.892995812091637 ], [ -98.980338363054415, 18.892995812091637 ], [ -98.980338363054415, 18.888887331229402 ], [ -98.984910836762694, 18.888887331229402 ], [ -98.984910836762694, 18.892995812091637 ] ] ] } },
{ "type": "Feature", "properties": { "difference_1990_2000": 74.0, "difference_1990_2010": 62.0, "difference_1990_2020": 83.0 }, "geometry": { "type": "Polygon", "coordinates": [ [ [ -98.984910836762694, 18.897104392574974 ], [ -98.980338363054415, 18.897104392574974 ], [ -98.980338363054415, 18.892995812091637 ], [ -98.984910836762694, 18.892995812091637 ], [ -98.984910836762694, 18.897104392574974 ] ] ] } },
{ "type": "Feature", "properties": { "difference_1990_2000": 171.0, "difference_1990_2010": 245.0, "difference_1990_2020": 283.0 }, "geometry": { "type": "Polygon", "coordinates": [ [ [ -98.984910836762694, 18.917648790297225 ], [ -98.980338363054415, 18.917648790297225 ], [ -98.980338363054415, 18.91353971128466 ], [ -98.984910836762694, 18.91353971128466 ], [ -98.984910836762694, 18.917648790297225 ] ] ] } },
{ "type": "Feature", "properties": { "difference_1990_2000": 45.0, "difference_1990_2010": 38.0, "difference_1990_2020": 49.0 }, "geometry": { "type": "Polygon", "coordinates": [ [ [ -98.984910836762694, 18.905321852518146 ], [ -98.980338363054415, 18.905321852518146 ], [ -98.980338363054415, 18.901213072707751 ], [ -98.984910836762694, 18.901213072707751 ], [ -98.984910836762694, 18.905321852518146 ] ] ] } },
{ "type": "Feature", "properties": { "difference_1990_2000": 70.0, "difference_1990_2010": 127.0, "difference_1990_2020": 99.0 }, "geometry": { "type": "Polygon", "coordinates": [ [ [ -98.984910836762694, 18.880670668255728 ], [ -98.980338363054415, 18.880670668255728 ], [ -98.980338363054415, 18.876562486087884 ], [ -98.984910836762694, 18.876562486087899 ], [ -98.984910836762694, 18.880670668255728 ] ] ] } },
{ "type": "Feature", "properties": { "difference_1990_2000": 49.0, "difference_1990_2010": 55.0, "difference_1990_2020": 85.0 }, "geometry": { "type": "Polygon", "coordinates": [ [ [ -98.984910836762694, 18.888887331229402 ], [ -98.980338363054415, 18.888887331229402 ], [ -98.980338363054415, 18.884778949960179 ], [ -98.984910836762694, 18.884778949960179 ], [ -98.984910836762694, 18.888887331229402 ] ] ] } },
{ "type": "Feature", "properties": { "difference_1990_2000": 12.0, "difference_1990_2010": 17.0, "difference_1990_2020": 17.0 }, "geometry": { "type": "Polygon", "coordinates": [ [ [ -98.984910836762694, 18.91353971128466 ], [ -98.980338363054415, 18.91353971128466 ], [ -98.980338363054415, 18.909430732034373 ], [ -98.984910836762694, 18.909430732034373 ], [ -98.984910836762694, 18.91353971128466 ] ] ] } },
{ "type": "Feature", "properties": { "difference_1990_2000": 48.0, "difference_1990_2010": 51.0, "difference_1990_2020": 51.0 }, "geometry": { "type": "Polygon", "coordinates": [ [ [ -98.984910836762694, 18.909430732034373 ], [ -98.980338363054415, 18.909430732034373 ], [ -98.980338363054415, 18.905321852518146 ], [ -98.984910836762694, 18.905321852518146 ], [ -98.984910836762694, 18.909430732034373 ] ] ] } },
{ "type": "Feature", "properties": { "difference_1990_2000": 49.0, "difference_1990_2010": 80.0, "difference_1990_2020": 80.0 }, "geometry": { "type": "Polygon", "coordinates": [ [ [ -98.984910836762694, 18.884778949960179 ], [ -98.980338363054415, 18.884778949960179 ], [ -98.980338363054415, 18.880670668255728 ], [ -98.984910836762694, 18.880670668255728 ], [ -98.984910836762694, 18.884778949960179 ] ] ] } },
{ "type": "Feature", "properties": { "difference_1990_2000": 67.0, "difference_1990_2010": 68.0, "difference_1990_2020": 82.0 }, "geometry": { "type": "Polygon", "coordinates": [ [ [ -98.984910836762694, 18.876562486087899 ], [ -98.980338363054415, 18.876562486087884 ], [ -98.980338363054415, 18.872454403428407 ], [ -98.984910836762694, 18.872454403428407 ], [ -98.984910836762694, 18.876562486087899 ] ] ] } },
{ "type": "Feature", "properties": { "difference_1990_2000": 64.0, "difference_1990_2010": 43.0, "difference_1990_2020": 57.0 }, "geometry": { "type": "Polygon", "coordinates": [ [ [ -98.984910836762694, 18.901213072707751 ], [ -98.980338363054415, 18.901213072707751 ], [ -98.980338363054415, 18.897104392574974 ], [ -98.984910836762694, 18.897104392574974 ], [ -98.984910836762694, 18.901213072707751 ] ] ] } },
{ "type": "Feature", "properties": { "difference_1990_2000": 442.0, "difference_1990_2010": 687.0, "difference_1990_2020": 847.0 }, "geometry": { "type": "Polygon", "coordinates": [ [ [ -99.163237311385487, 18.892995812091637 ], [ -99.158664837677193, 18.892995812091637 ], [ -99.158664837677193, 18.888887331229402 ], [ -99.163237311385487, 18.888887331229402 ], [ -99.163237311385487, 18.892995812091637 ] ] ] } },
{ "type": "Feature", "properties": { "difference_1990_2000": 1124.0, "difference_1990_2010": 848.0, "difference_1990_2020": 791.0 }, "geometry": { "type": "Polygon", "coordinates": [ [ [ -99.163237311385487, 18.921757969100355 ], [ -99.158664837677193, 18.921757969100319 ], [ -99.158664837677193, 18.917648790297243 ], [ -99.163237311385487, 18.917648790297225 ], [ -99.163237311385487, 18.921757969100355 ] ] ] } },
{ "type": "Feature", "properties": { "difference_1990_2000": 618.0, "difference_1990_2010": 879.0, "difference_1990_2020": 1101.0 }, "geometry": { "type": "Polygon", "coordinates": [ [ [ -99.163237311385487, 18.897104392574974 ], [ -99.158664837677193, 18.897104392574938 ], [ -99.158664837677193, 18.892995812091637 ], [ -99.163237311385487, 18.892995812091637 ], [ -99.163237311385487, 18.897104392574974 ] ] ] } },
{ "type": "Feature", "properties": { "difference_1990_2000": 1296.0, "difference_1990_2010": 1483.0, "difference_1990_2020": 1756.0 }, "geometry": { "type": "Polygon", "coordinates": [ [ [ -99.163237311385487, 18.905321852518114 ], [ -99.158664837677193, 18.905321852518146 ], [ -99.158664837677193, 18.901213072707769 ], [ -99.163237311385487, 18.901213072707769 ], [ -99.163237311385487, 18.905321852518114 ] ] ] } },
{ "type": "Feature", "properties": { "difference_1990_2000": 964.0, "difference_1990_2010": 921.0, "difference_1990_2020": 964.0 }, "geometry": { "type": "Polygon", "coordinates": [ [ [ -99.163237311385487, 18.917648790297225 ], [ -99.158664837677193, 18.917648790297243 ], [ -99.158664837677193, 18.91353971128466 ], [ -99.163237311385487, 18.91353971128466 ], [ -99.163237311385487, 18.917648790297225 ] ] ] } },
{ "type": "Feature", "properties": { "difference_1990_2000": 107.0, "difference_1990_2010": 118.0, "difference_1990_2020": 216.0 }, "geometry": { "type": "Polygon", "coordinates": [ [ [ -99.163237311385487, 18.880670668255728 ], [ -99.158664837677193, 18.880670668255728 ], [ -99.158664837677193, 18.876562486087884 ], [ -99.163237311385487, 18.876562486087884 ], [ -99.163237311385487, 18.880670668255728 ] ] ] } },
{ "type": "Feature", "properties": { "difference_1990_2000": 228.0, "difference_1990_2010": 304.0, "difference_1990_2020": 357.0 }, "geometry": { "type": "Polygon", "coordinates": [ [ [ -99.163237311385487, 18.888887331229402 ], [ -99.158664837677193, 18.888887331229402 ], [ -99.158664837677193, 18.884778949960179 ], [ -99.163237311385487, 18.884778949960179 ], [ -99.163237311385487, 18.888887331229402 ] ] ] } },
{ "type": "Feature", "properties": { "difference_1990_2000": 5.0, "difference_1990_2010": 4.0, "difference_1990_2020": 4.0 }, "geometry": { "type": "Polygon", "coordinates": [ [ [ -99.163237311385487, 18.925867247722241 ], [ -99.158664837677193, 18.925867247722206 ], [ -99.158664837677193, 18.921757969100319 ], [ -99.163237311385487, 18.921757969100355 ], [ -99.163237311385487, 18.925867247722241 ] ] ] } },
{ "type": "Feature", "properties": { "difference_1990_2000": 1209.0, "difference_1990_2010": 1390.0, "difference_1990_2020": 1488.0 }, "geometry": { "type": "Polygon", "coordinates": [ [ [ -99.163237311385487, 18.91353971128466 ], [ -99.158664837677193, 18.91353971128466 ], [ -99.158664837677193, 18.909430732034373 ], [ -99.163237311385487, 18.909430732034405 ], [ -99.163237311385487, 18.91353971128466 ] ] ] } },
{ "type": "Feature", "properties": { "difference_1990_2000": 108.0, "difference_1990_2010": 133.0, "difference_1990_2020": 233.0 }, "geometry": { "type": "Polygon", "coordinates": [ [ [ -99.163237311385487, 18.884778949960179 ], [ -99.158664837677193, 18.884778949960179 ], [ -99.158664837677193, 18.880670668255728 ], [ -99.163237311385487, 18.880670668255728 ], [ -99.163237311385487, 18.884778949960179 ] ] ] } },
{ "type": "Feature", "properties": { "difference_1990_2000": 1141.0, "difference_1990_2010": 1297.0, "difference_1990_2020": 1535.0 }, "geometry": { "type": "Polygon", "coordinates": [ [ [ -99.163237311385487, 18.909430732034405 ], [ -99.158664837677193, 18.909430732034373 ], [ -99.158664837677193, 18.905321852518146 ], [ -99.163237311385487, 18.905321852518114 ], [ -99.163237311385487, 18.909430732034405 ] ] ] } },
{ "type": "Feature", "properties": { "difference_1990_2000": 7.0, "difference_1990_2010": 4.0, "difference_1990_2020": 14.0 }, "geometry": { "type": "Polygon", "coordinates": [ [ [ -99.163237311385487, 18.876562486087884 ], [ -99.158664837677193, 18.876562486087884 ], [ -99.158664837677193, 18.872454403428438 ], [ -99.163237311385487, 18.872454403428438 ], [ -99.163237311385487, 18.876562486087884 ] ] ] } },
{ "type": "Feature", "properties": { "difference_1990_2000": 974.0, "difference_1990_2010": 1121.0, "difference_1990_2020": 1311.0 }, "geometry": { "type": "Polygon", "coordinates": [ [ [ -99.163237311385487, 18.901213072707769 ], [ -99.158664837677193, 18.901213072707769 ], [ -99.158664837677193, 18.897104392574938 ], [ -99.163237311385487, 18.897104392574974 ], [ -99.163237311385487, 18.901213072707769 ] ] ] } },
{ "type": "Feature", "properties": { "difference_1990_2000": 0.0, "difference_1990_2010": 0.0, "difference_1990_2020": 413.0 }, "geometry": { "type": "Polygon", "coordinates": [ [ [ -99.341563786008237, 18.728733982014216 ], [ -99.336991312299958, 18.728733982014216 ], [ -99.336991312299958, 18.724629462929439 ], [ -99.341563786008237, 18.724629462929439 ], [ -99.341563786008237, 18.728733982014216 ] ] ] } },
{ "type": "Feature", "properties": { "difference_1990_2000": 0.0, "difference_1990_2010": 0.0, "difference_1990_2020": 48.0 }, "geometry": { "type": "Polygon", "coordinates": [ [ [ -99.341563786008237, 18.724629462929439 ], [ -99.336991312299958, 18.724629462929439 ], [ -99.336991312299958, 18.720525042313966 ], [ -99.341563786008237, 18.720525042313934 ], [ -99.341563786008237, 18.724629462929439 ] ] ] } },
{ "type": "Feature", "properties": { "difference_1990_2000": 43.0, "difference_1990_2010": 51.0, "difference_1990_2020": 89.0 }, "geometry": { "type": "Polygon", "coordinates": [ [ [ -98.975765889346135, 18.892995812091637 ], [ -98.971193415637856, 18.892995812091637 ], [ -98.971193415637856, 18.888887331229402 ], [ -98.975765889346135, 18.888887331229402 ], [ -98.975765889346135, 18.892995812091637 ] ] ] } },
{ "type": "Feature", "properties": { "difference_1990_2000": 11.0, "difference_1990_2010": 6.0, "difference_1990_2020": 19.0 }, "geometry": { "type": "Polygon", "coordinates": [ [ [ -98.975765889346135, 18.897104392574974 ], [ -98.971193415637856, 18.897104392574974 ], [ -98.971193415637856, 18.892995812091637 ], [ -98.975765889346135, 18.892995812091637 ], [ -98.975765889346135, 18.897104392574974 ] ] ] } },
{ "type": "Feature", "properties": { "difference_1990_2000": 180.0, "difference_1990_2010": 150.0, "difference_1990_2020": 141.0 }, "geometry": { "type": "Polygon", "coordinates": [ [ [ -98.975765889346135, 18.917648790297225 ], [ -98.971193415637856, 18.917648790297225 ], [ -98.971193415637856, 18.91353971128466 ], [ -98.975765889346135, 18.91353971128466 ], [ -98.975765889346135, 18.917648790297225 ] ] ] } },
{ "type": "Feature", "properties": { "difference_1990_2000": 19.0, "difference_1990_2010": 13.0, "difference_1990_2020": 20.0 }, "geometry": { "type": "Polygon", "coordinates": [ [ [ -98.975765889346135, 18.905321852518146 ], [ -98.971193415637856, 18.905321852518146 ], [ -98.971193415637856, 18.901213072707769 ], [ -98.975765889346135, 18.901213072707769 ], [ -98.975765889346135, 18.905321852518146 ] ] ] } },
{ "type": "Feature", "properties": { "difference_1990_2000": 27.0, "difference_1990_2010": 21.0, "difference_1990_2020": 35.0 }, "geometry": { "type": "Polygon", "coordinates": [ [ [ -98.975765889346135, 18.880670668255728 ], [ -98.971193415637856, 18.880670668255728 ], [ -98.971193415637856, 18.876562486087899 ], [ -98.975765889346135, 18.876562486087884 ], [ -98.975765889346135, 18.880670668255728 ] ] ] } },
{ "type": "Feature", "properties": { "difference_1990_2000": 171.0, "difference_1990_2010": 178.0, "difference_1990_2020": 213.0 }, "geometry": { "type": "Polygon", "coordinates": [ [ [ -98.975765889346135, 18.888887331229402 ], [ -98.971193415637856, 18.888887331229402 ], [ -98.971193415637856, 18.884778949960179 ], [ -98.975765889346135, 18.884778949960179 ], [ -98.975765889346135, 18.888887331229402 ] ] ] } },
{ "type": "Feature", "properties": { "difference_1990_2000": 0.0, "difference_1990_2010": 84.0, "difference_1990_2020": 99.0 }, "geometry": { "type": "Polygon", "coordinates": [ [ [ -98.975765889346135, 18.925867247722206 ], [ -98.971193415637856, 18.925867247722206 ], [ -98.971193415637856, 18.921757969100319 ], [ -98.975765889346135, 18.921757969100319 ], [ -98.975765889346135, 18.925867247722206 ] ] ] } },
{ "type": "Feature", "properties": { "difference_1990_2000": 50.0, "difference_1990_2010": 46.0, "difference_1990_2020": 35.0 }, "geometry": { "type": "Polygon", "coordinates": [ [ [ -98.975765889346135, 18.91353971128466 ], [ -98.971193415637856, 18.91353971128466 ], [ -98.971193415637856, 18.909430732034405 ], [ -98.975765889346135, 18.909430732034373 ], [ -98.975765889346135, 18.91353971128466 ] ] ] } },
{ "type": "Feature", "properties": { "difference_1990_2000": 46.0, "difference_1990_2010": 40.0, "difference_1990_2020": 44.0 }, "geometry": { "type": "Polygon", "coordinates": [ [ [ -98.975765889346135, 18.909430732034373 ], [ -98.971193415637856, 18.909430732034405 ], [ -98.971193415637856, 18.905321852518146 ], [ -98.975765889346135, 18.905321852518146 ], [ -98.975765889346135, 18.909430732034373 ] ] ] } },
{ "type": "Feature", "properties": { "difference_1990_2000": 154.0, "difference_1990_2010": 153.0, "difference_1990_2020": 189.0 }, "geometry": { "type": "Polygon", "coordinates": [ [ [ -98.975765889346135, 18.884778949960179 ], [ -98.971193415637856, 18.884778949960179 ], [ -98.971193415637856, 18.880670668255728 ], [ -98.975765889346135, 18.880670668255728 ], [ -98.975765889346135, 18.884778949960179 ] ] ] } },
{ "type": "Feature", "properties": { "difference_1990_2000": 5.0, "difference_1990_2010": 2.0, "difference_1990_2020": 6.0 }, "geometry": { "type": "Polygon", "coordinates": [ [ [ -98.975765889346135, 18.901213072707769 ], [ -98.971193415637856, 18.901213072707769 ], [ -98.971193415637856, 18.897104392574974 ], [ -98.975765889346135, 18.897104392574974 ], [ -98.975765889346135, 18.901213072707769 ] ] ] } },
{ "type": "Feature", "properties": { "difference_1990_2000": 93.0, "difference_1990_2010": 122.0, "difference_1990_2020": 76.0 }, "geometry": { "type": "Polygon", "coordinates": [ [ [ -98.975765889346135, 18.921757969100319 ], [ -98.971193415637856, 18.921757969100319 ], [ -98.971193415637856, 18.917648790297225 ], [ -98.975765889346135, 18.917648790297225 ], [ -98.975765889346135, 18.921757969100319 ] ] ] } },
{ "type": "Feature", "properties": { "difference_1990_2000": 356.0, "difference_1990_2010": 570.0, "difference_1990_2020": 856.0 }, "geometry": { "type": "Polygon", "coordinates": [ [ [ -99.154092363968914, 18.892995812091637 ], [ -99.149519890260635, 18.892995812091637 ], [ -99.149519890260635, 18.888887331229387 ], [ -99.154092363968914, 18.888887331229387 ], [ -99.154092363968914, 18.892995812091637 ] ] ] } },
{ "type": "Feature", "properties": { "difference_1990_2000": 20.0, "difference_1990_2010": 13.0, "difference_1990_2020": 45.0 }, "geometry": { "type": "Polygon", "coordinates": [ [ [ -99.154092363968914, 18.897104392574974 ], [ -99.149519890260635, 18.897104392574938 ], [ -99.149519890260635, 18.892995812091637 ], [ -99.154092363968914, 18.892995812091637 ], [ -99.154092363968914, 18.897104392574974 ] ] ] } },
{ "type": "Feature", "properties": { "difference_1990_2000": 56.0, "difference_1990_2010": 103.0, "difference_1990_2020": 164.0 }, "geometry": { "type": "Polygon", "coordinates": [ [ [ -99.154092363968914, 18.979296966176047 ], [ -99.149519890260635, 18.979296966176022 ], [ -99.149519890260635, 18.975186387337384 ], [ -99.154092363968914, 18.975186387337398 ], [ -99.154092363968914, 18.979296966176047 ] ] ] } },
{ "type": "Feature", "properties": { "difference_1990_2000": 10.0, "difference_1990_2010": -22.0, "difference_1990_2020": 62.0 }, "geometry": { "type": "Polygon", "coordinates": [ [ [ -99.154092363968914, 18.975186387337398 ], [ -99.149519890260635, 18.975186387337384 ], [ -99.149519890260635, 18.971075908685147 ], [ -99.154092363968914, 18.971075908685133 ], [ -99.154092363968914, 18.975186387337398 ] ] ] } },
{ "type": "Feature", "properties": { "difference_1990_2000": 1.0, "difference_1990_2010": 0.0, "difference_1990_2020": 2.0 }, "geometry": { "type": "Polygon", "coordinates": [ [ [ -99.154092363968914, 18.917648790297189 ], [ -99.149519890260635, 18.917648790297225 ], [ -99.149519890260635, 18.91353971128466 ], [ -99.154092363968914, 18.91353971128466 ], [ -99.154092363968914, 18.917648790297189 ] ] ] } },
{ "type": "Feature", "properties": { "difference_1990_2000": 78.0, "difference_1990_2010": 160.0, "difference_1990_2020": 249.0 }, "geometry": { "type": "Polygon", "coordinates": [ [ [ -99.154092363968914, 18.905321852518146 ], [ -99.149519890260635, 18.905321852518114 ], [ -99.149519890260635, 18.901213072707769 ], [ -99.154092363968914, 18.901213072707769 ], [ -99.154092363968914, 18.905321852518146 ] ] ] } },
{ "type": "Feature", "properties": { "difference_1990_2000": 87.0, "difference_1990_2010": 169.0, "difference_1990_2020": 153.0 }, "geometry": { "type": "Polygon", "coordinates": [ [ [ -99.154092363968914, 18.880670668255728 ], [ -99.149519890260635, 18.880670668255728 ], [ -99.149519890260635, 18.876562486087884 ], [ -99.154092363968914, 18.876562486087884 ], [ -99.154092363968914, 18.880670668255728 ] ] ] } },
{ "type": "Feature", "properties": { "difference_1990_2000": 2.0, "difference_1990_2010": 21.0, "difference_1990_2020": 14.0 }, "geometry": { "type": "Polygon", "coordinates": [ [ [ -99.154092363968914, 18.971075908685133 ], [ -99.149519890260635, 18.971075908685147 ], [ -99.149519890260635, 18.966965530191111 ], [ -99.154092363968914, 18.966965530191128 ], [ -99.154092363968914, 18.971075908685133 ] ] ] } },
{ "type": "Feature", "properties": { "difference_1990_2000": 124.0, "difference_1990_2010": 228.0, "difference_1990_2020": 378.0 }, "geometry": { "type": "Polygon", "coordinates": [ [ [ -99.154092363968914, 18.888887331229387 ], [ -99.149519890260635, 18.888887331229387 ], [ -99.149519890260635, 18.88477894996014 ], [ -99.154092363968914, 18.884778949960179 ], [ -99.154092363968914, 18.888887331229387 ] ] ] } },
{ "type": "Feature", "properties": { "difference_1990_2000": 40.0, "difference_1990_2010": 63.0, "difference_1990_2020": 108.0 }, "geometry": { "type": "Polygon", "coordinates": [ [ [ -99.154092363968914, 18.983407645229434 ], [ -99.149519890260635, 18.983407645229434 ], [ -99.149519890260635, 18.979296966176022 ], [ -99.154092363968914, 18.979296966176047 ], [ -99.154092363968914, 18.983407645229434 ] ] ] } },
{ "type": "Feature", "properties": { "difference_1990_2000": 824.0, "difference_1990_2010": 1166.0, "difference_1990_2020": 1359.0 }, "geometry": { "type": "Polygon", "coordinates": [ [ [ -99.154092363968914, 18.91353971128466 ], [ -99.149519890260635, 18.91353971128466 ], [ -99.149519890260635, 18.909430732034373 ], [ -99.154092363968914, 18.909430732034405 ], [ -99.154092363968914, 18.91353971128466 ] ] ] } },
{ "type": "Feature", "properties": { "difference_1990_2000": 93.0, "difference_1990_2010": 125.0, "difference_1990_2020": 223.0 }, "geometry": { "type": "Polygon", "coordinates": [ [ [ -99.154092363968914, 18.884778949960179 ], [ -99.149519890260635, 18.88477894996014 ], [ -99.149519890260635, 18.880670668255728 ], [ -99.154092363968914, 18.880670668255728 ], [ -99.154092363968914, 18.884778949960179 ] ] ] } },
{ "type": "Feature", "properties": { "difference_1990_2000": 1148.0, "difference_1990_2010": 1807.0, "difference_1990_2020": 2207.0 }, "geometry": { "type": "Polygon", "coordinates": [ [ [ -99.154092363968914, 18.909430732034405 ], [ -99.149519890260635, 18.909430732034373 ], [ -99.149519890260635, 18.905321852518114 ], [ -99.154092363968914, 18.905321852518146 ], [ -99.154092363968914, 18.909430732034405 ] ] ] } },
{ "type": "Feature", "properties": { "difference_1990_2000": 1.0, "difference_1990_2010": 1.0, "difference_1990_2020": 1.0 }, "geometry": { "type": "Polygon", "coordinates": [ [ [ -99.154092363968914, 18.876562486087884 ], [ -99.149519890260635, 18.876562486087884 ], [ -99.149519890260635, 18.872454403428407 ], [ -99.154092363968914, 18.872454403428407 ], [ -99.154092363968914, 18.876562486087884 ] ] ] } },
{ "type": "Feature", "properties": { "difference_1990_2000": 195.0, "difference_1990_2010": 137.0, "difference_1990_2020": 252.0 }, "geometry": { "type": "Polygon", "coordinates": [ [ [ -99.332418838591707, 18.864238536521988 ], [ -99.327846364883413, 18.864238536521988 ], [ -99.327846364883413, 18.860130752218598 ], [ -99.332418838591707, 18.860130752218598 ], [ -99.332418838591707, 18.864238536521988 ] ] ] } },
{ "type": "Feature", "properties": { "difference_1990_2000": 0.0, "difference_1990_2010": 0.0, "difference_1990_2020": 993.0 }, "geometry": { "type": "Polygon", "coordinates": [ [ [ -99.332418838591707, 18.732838599596164 ], [ -99.327846364883413, 18.732838599596164 ], [ -99.327846364883413, 18.728733982014187 ], [ -99.332418838591707, 18.728733982014187 ], [ -99.332418838591707, 18.732838599596164 ] ] ] } },
{ "type": "Feature", "properties": { "difference_1990_2000": 35.0, "difference_1990_2010": 1.0, "difference_1990_2020": 45.0 }, "geometry": { "type": "Polygon", "coordinates": [ [ [ -99.332418838591707, 18.860130752218598 ], [ -99.327846364883413, 18.860130752218598 ], [ -99.327846364883413, 18.8560230673109 ], [ -99.332418838591707, 18.856023067310918 ], [ -99.332418838591707, 18.860130752218598 ] ] ] } },
{ "type": "Feature", "properties": { "difference_1990_2000": 0.0, "difference_1990_2010": 0.0, "difference_1990_2020": 863.0 }, "geometry": { "type": "Polygon", "coordinates": [ [ [ -99.332418838591707, 18.728733982014187 ], [ -99.327846364883413, 18.728733982014187 ], [ -99.327846364883413, 18.724629462929439 ], [ -99.332418838591707, 18.724629462929403 ], [ -99.332418838591707, 18.728733982014187 ] ] ] } },
{ "type": "Feature", "properties": { "difference_1990_2000": 186.0, "difference_1990_2010": 144.0, "difference_1990_2020": 239.0 }, "geometry": { "type": "Polygon", "coordinates": [ [ [ -99.332418838591707, 18.868346420249146 ], [ -99.327846364883413, 18.868346420249129 ], [ -99.327846364883413, 18.864238536521988 ], [ -99.332418838591707, 18.864238536521988 ], [ -99.332418838591707, 18.868346420249146 ] ] ] } },
{ "type": "Feature", "properties": { "difference_1990_2000": 0.0, "difference_1990_2010": 0.0, "difference_1990_2020": 127.0 }, "geometry": { "type": "Polygon", "coordinates": [ [ [ -99.332418838591707, 18.736943315703392 ], [ -99.327846364883413, 18.736943315703392 ], [ -99.327846364883413, 18.732838599596164 ], [ -99.332418838591707, 18.732838599596164 ], [ -99.332418838591707, 18.736943315703392 ] ] ] } },
{ "type": "Feature", "properties": { "difference_1990_2000": 0.0, "difference_1990_2010": 0.0, "difference_1990_2020": 327.0 }, "geometry": { "type": "Polygon", "coordinates": [ [ [ -99.332418838591707, 18.724629462929403 ], [ -99.327846364883413, 18.724629462929439 ], [ -99.327846364883413, 18.720525042313966 ], [ -99.332418838591707, 18.720525042313966 ], [ -99.332418838591707, 18.724629462929403 ] ] ] } },
{ "type": "Feature", "properties": { "difference_1990_2000": 27.0, "difference_1990_2010": 84.0, "difference_1990_2020": 126.0 }, "geometry": { "type": "Polygon", "coordinates": [ [ [ -98.966620941929605, 18.892995812091637 ], [ -98.962048468221326, 18.892995812091637 ], [ -98.962048468221326, 18.888887331229387 ], [ -98.966620941929605, 18.888887331229402 ], [ -98.966620941929605, 18.892995812091637 ] ] ] } },
{ "type": "Feature", "properties": { "difference_1990_2000": 1.0, "difference_1990_2010": 1.0, "difference_1990_2020": 2.0 }, "geometry": { "type": "Polygon", "coordinates": [ [ [ -98.966620941929605, 18.897104392574974 ], [ -98.962048468221326, 18.897104392574974 ], [ -98.962048468221326, 18.892995812091637 ], [ -98.966620941929605, 18.892995812091637 ], [ -98.966620941929605, 18.897104392574974 ] ] ] } },
{ "type": "Feature", "properties": { "difference_1990_2000": 31.0, "difference_1990_2010": 42.0, "difference_1990_2020": 67.0 }, "geometry": { "type": "Polygon", "coordinates": [ [ [ -98.966620941929605, 18.917648790297225 ], [ -98.962048468221326, 18.917648790297225 ], [ -98.962048468221326, 18.91353971128466 ], [ -98.966620941929605, 18.91353971128466 ], [ -98.966620941929605, 18.917648790297225 ] ] ] } },
{ "type": "Feature", "properties": { "difference_1990_2000": 26.0, "difference_1990_2010": 22.0, "difference_1990_2020": 11.0 }, "geometry": { "type": "Polygon", "coordinates": [ [ [ -98.966620941929605, 18.905321852518163 ], [ -98.962048468221326, 18.905321852518146 ], [ -98.962048468221326, 18.901213072707751 ], [ -98.966620941929605, 18.901213072707769 ], [ -98.966620941929605, 18.905321852518163 ] ] ] } },
{ "type": "Feature", "properties": { "difference_1990_2000": 37.0, "difference_1990_2010": 40.0, "difference_1990_2020": 37.0 }, "geometry": { "type": "Polygon", "coordinates": [ [ [ -98.966620941929605, 18.925867247722184 ], [ -98.962048468221326, 18.925867247722206 ], [ -98.962048468221326, 18.921757969100319 ], [ -98.966620941929605, 18.921757969100295 ], [ -98.966620941929605, 18.925867247722184 ] ] ] } },
{ "type": "Feature", "properties": { "difference_1990_2000": 33.0, "difference_1990_2010": 111.0, "difference_1990_2020": 163.0 }, "geometry": { "type": "Polygon", "coordinates": [ [ [ -98.966620941929605, 18.888887331229402 ], [ -98.962048468221326, 18.888887331229387 ], [ -98.962048468221326, 18.884778949960179 ], [ -98.966620941929605, 18.884778949960179 ], [ -98.966620941929605, 18.888887331229402 ] ] ] } },
{ "type": "Feature", "properties": { "difference_1990_2000": 29.0, "difference_1990_2010": 44.0, "difference_1990_2020": 65.0 }, "geometry": { "type": "Polygon", "coordinates": [ [ [ -98.966620941929605, 18.91353971128466 ], [ -98.962048468221326, 18.91353971128466 ], [ -98.962048468221326, 18.909430732034405 ], [ -98.966620941929605, 18.909430732034405 ], [ -98.966620941929605, 18.91353971128466 ] ] ] } },
{ "type": "Feature", "properties": { "difference_1990_2000": 46.0, "difference_1990_2010": 118.0, "difference_1990_2020": 158.0 }, "geometry": { "type": "Polygon", "coordinates": [ [ [ -98.966620941929605, 18.884778949960179 ], [ -98.962048468221326, 18.884778949960179 ], [ -98.962048468221326, 18.880670668255728 ], [ -98.966620941929605, 18.880670668255728 ], [ -98.966620941929605, 18.884778949960179 ] ] ] } },
{ "type": "Feature", "properties": { "difference_1990_2000": -12.0, "difference_1990_2010": -13.0, "difference_1990_2020": -15.0 }, "geometry": { "type": "Polygon", "coordinates": [ [ [ -98.966620941929605, 18.909430732034405 ], [ -98.962048468221326, 18.909430732034405 ], [ -98.962048468221326, 18.905321852518146 ], [ -98.966620941929605, 18.905321852518163 ], [ -98.966620941929605, 18.909430732034405 ] ] ] } },
{ "type": "Feature", "properties": { "difference_1990_2000": 4.0, "difference_1990_2010": 1.0, "difference_1990_2020": 4.0 }, "geometry": { "type": "Polygon", "coordinates": [ [ [ -98.966620941929605, 18.901213072707769 ], [ -98.962048468221326, 18.901213072707751 ], [ -98.962048468221326, 18.897104392574974 ], [ -98.966620941929605, 18.897104392574974 ], [ -98.966620941929605, 18.901213072707769 ] ] ] } },
{ "type": "Feature", "properties": { "difference_1990_2000": 31.0, "difference_1990_2010": 35.0, "difference_1990_2020": 35.0 }, "geometry": { "type": "Polygon", "coordinates": [ [ [ -98.966620941929605, 18.921757969100295 ], [ -98.962048468221326, 18.921757969100319 ], [ -98.962048468221326, 18.917648790297225 ], [ -98.966620941929605, 18.917648790297225 ], [ -98.966620941929605, 18.921757969100295 ] ] ] } },
{ "type": "Feature", "properties": { "difference_1990_2000": 17.0, "difference_1990_2010": 21.0, "difference_1990_2020": 18.0 }, "geometry": { "type": "Polygon", "coordinates": [ [ [ -98.966620941929605, 18.929976626191074 ], [ -98.962048468221326, 18.929976626191074 ], [ -98.962048468221326, 18.925867247722206 ], [ -98.966620941929605, 18.925867247722184 ], [ -98.966620941929605, 18.929976626191074 ] ] ] } },
{ "type": "Feature", "properties": { "difference_1990_2000": 1578.0, "difference_1990_2010": 1449.0, "difference_1990_2020": 1486.0 }, "geometry": { "type": "Polygon", "coordinates": [ [ [ -99.144947416552355, 18.892995812091648 ], [ -99.140374942844105, 18.892995812091637 ], [ -99.140374942844105, 18.888887331229402 ], [ -99.144947416552355, 18.888887331229402 ], [ -99.144947416552355, 18.892995812091648 ] ] ] } },
{ "type": "Feature", "properties": { "difference_1990_2000": 1049.0, "difference_1990_2010": 912.0, "difference_1990_2020": 899.0 }, "geometry": { "type": "Polygon", "coordinates": [ [ [ -99.144947416552355, 18.897104392574974 ], [ -99.140374942844105, 18.897104392574974 ], [ -99.140374942844105, 18.892995812091637 ], [ -99.144947416552355, 18.892995812091648 ], [ -99.144947416552355, 18.897104392574974 ] ] ] } },
{ "type": "Feature", "properties": { "difference_1990_2000": 76.0, "difference_1990_2010": 115.0, "difference_1990_2020": 205.0 }, "geometry": { "type": "Polygon", "coordinates": [ [ [ -99.144947416552355, 18.979296966176047 ], [ -99.140374942844105, 18.979296966176022 ], [ -99.140374942844105, 18.975186387337349 ], [ -99.144947416552355, 18.975186387337398 ], [ -99.144947416552355, 18.979296966176047 ] ] ] } },
{ "type": "Feature", "properties": { "difference_1990_2000": 86.0, "difference_1990_2010": 134.0, "difference_1990_2020": 230.0 }, "geometry": { "type": "Polygon", "coordinates": [ [ [ -99.144947416552355, 18.975186387337398 ], [ -99.140374942844105, 18.975186387337349 ], [ -99.140374942844105, 18.971075908685147 ], [ -99.144947416552355, 18.971075908685183 ], [ -99.144947416552355, 18.975186387337398 ] ] ] } },
{ "type": "Feature", "properties": { "difference_1990_2000": 680.0, "difference_1990_2010": 923.0, "difference_1990_2020": 1083.0 }, "geometry": { "type": "Polygon", "coordinates": [ [ [ -99.144947416552355, 18.880670668255728 ], [ -99.140374942844105, 18.880670668255728 ], [ -99.140374942844105, 18.876562486087852 ], [ -99.144947416552355, 18.876562486087884 ], [ -99.144947416552355, 18.880670668255728 ] ] ] } },
{ "type": "Feature", "properties": { "difference_1990_2000": 84.0, "difference_1990_2010": 152.0, "difference_1990_2020": 373.0 }, "geometry": { "type": "Polygon", "coordinates": [ [ [ -99.144947416552355, 18.888887331229402 ], [ -99.140374942844105, 18.888887331229402 ], [ -99.140374942844105, 18.884778949960179 ], [ -99.144947416552355, 18.884778949960179 ], [ -99.144947416552355, 18.888887331229402 ] ] ] } },
{ "type": "Feature", "properties": { "difference_1990_2000": 106.0, "difference_1990_2010": 98.0, "difference_1990_2020": 223.0 }, "geometry": { "type": "Polygon", "coordinates": [ [ [ -99.144947416552355, 18.971075908685183 ], [ -99.140374942844105, 18.971075908685147 ], [ -99.140374942844105, 18.966965530191111 ], [ -99.144947416552355, 18.966965530191164 ], [ -99.144947416552355, 18.971075908685183 ] ] ] } },
{ "type": "Feature", "properties": { "difference_1990_2000": 24.0, "difference_1990_2010": 37.0, "difference_1990_2020": 63.0 }, "geometry": { "type": "Polygon", "coordinates": [ [ [ -99.144947416552355, 18.983407645229434 ], [ -99.140374942844105, 18.983407645229434 ], [ -99.140374942844105, 18.979296966176022 ], [ -99.144947416552355, 18.979296966176047 ], [ -99.144947416552355, 18.983407645229434 ] ] ] } },
{ "type": "Feature", "properties": { "difference_1990_2000": 123.0, "difference_1990_2010": 325.0, "difference_1990_2020": 404.0 }, "geometry": { "type": "Polygon", "coordinates": [ [ [ -99.144947416552355, 18.884778949960179 ], [ -99.140374942844105, 18.884778949960179 ], [ -99.140374942844105, 18.880670668255728 ], [ -99.144947416552355, 18.880670668255728 ], [ -99.144947416552355, 18.884778949960179 ] ] ] } },
{ "type": "Feature", "properties": { "difference_1990_2000": 65.0, "difference_1990_2010": 36.0, "difference_1990_2020": 107.0 }, "geometry": { "type": "Polygon", "coordinates": [ [ [ -99.144947416552355, 18.966965530191164 ], [ -99.140374942844105, 18.966965530191111 ], [ -99.140374942844105, 18.962855251826841 ], [ -99.144947416552355, 18.962855251826841 ], [ -99.144947416552355, 18.966965530191164 ] ] ] } },
{ "type": "Feature", "properties": { "difference_1990_2000": 736.0, "difference_1990_2010": 873.0, "difference_1990_2020": 1070.0 }, "geometry": { "type": "Polygon", "coordinates": [ [ [ -99.144947416552355, 18.876562486087884 ], [ -99.140374942844105, 18.876562486087852 ], [ -99.140374942844105, 18.872454403428407 ], [ -99.144947416552355, 18.872454403428407 ], [ -99.144947416552355, 18.876562486087884 ] ] ] } },
{ "type": "Feature", "properties": { "difference_1990_2000": 88.0, "difference_1990_2010": 126.0, "difference_1990_2020": 194.0 }, "geometry": { "type": "Polygon", "coordinates": [ [ [ -99.144947416552355, 18.872454403428438 ], [ -99.140374942844105, 18.872454403428407 ], [ -99.140374942844105, 18.868346420249146 ], [ -99.144947416552355, 18.868346420249146 ], [ -99.144947416552355, 18.872454403428438 ] ] ] } },
{ "type": "Feature", "properties": { "difference_1990_2000": 592.0, "difference_1990_2010": 685.0, "difference_1990_2020": 763.0 }, "geometry": { "type": "Polygon", "coordinates": [ [ [ -99.323273891175134, 18.864238536521988 ], [ -99.318701417466855, 18.864238536521988 ], [ -99.318701417466855, 18.860130752218581 ], [ -99.323273891175134, 18.860130752218598 ], [ -99.323273891175134, 18.864238536521988 ] ] ] } },
{ "type": "Feature", "properties": { "difference_1990_2000": 0.0, "difference_1990_2010": 0.0, "difference_1990_2020": 772.0 }, "geometry": { "type": "Polygon", "coordinates": [ [ [ -99.323273891175134, 18.732838599596164 ], [ -99.318701417466855, 18.732838599596164 ], [ -99.318701417466855, 18.728733982014216 ], [ -99.323273891175134, 18.728733982014187 ], [ -99.323273891175134, 18.732838599596164 ] ] ] } },
{ "type": "Feature", "properties": { "difference_1990_2000": 227.0, "difference_1990_2010": 292.0, "difference_1990_2020": 292.0 }, "geometry": { "type": "Polygon", "coordinates": [ [ [ -99.323273891175134, 18.860130752218598 ], [ -99.318701417466855, 18.860130752218581 ], [ -99.318701417466855, 18.856023067310918 ], [ -99.323273891175134, 18.856023067310918 ], [ -99.323273891175134, 18.860130752218598 ] ] ] } },
{ "type": "Feature", "properties": { "difference_1990_2000": 0.0, "difference_1990_2010": 0.0, "difference_1990_2020": 960.0 }, "geometry": { "type": "Polygon", "coordinates": [ [ [ -99.323273891175134, 18.728733982014187 ], [ -99.318701417466855, 18.728733982014216 ], [ -99.318701417466855, 18.724629462929439 ], [ -99.323273891175134, 18.724629462929439 ], [ -99.323273891175134, 18.728733982014187 ] ] ] } },
{ "type": "Feature", "properties": { "difference_1990_2000": 382.0, "difference_1990_2010": 446.0, "difference_1990_2020": 492.0 }, "geometry": { "type": "Polygon", "coordinates": [ [ [ -99.323273891175134, 18.868346420249146 ], [ -99.318701417466855, 18.868346420249146 ], [ -99.318701417466855, 18.864238536521988 ], [ -99.323273891175134, 18.864238536521988 ], [ -99.323273891175134, 18.868346420249146 ] ] ] } },
{ "type": "Feature", "properties": { "difference_1990_2000": 0.0, "difference_1990_2010": 0.0, "difference_1990_2020": 299.0 }, "geometry": { "type": "Polygon", "coordinates": [ [ [ -99.323273891175134, 18.736943315703392 ], [ -99.318701417466855, 18.736943315703392 ], [ -99.318701417466855, 18.732838599596164 ], [ -99.323273891175134, 18.732838599596164 ], [ -99.323273891175134, 18.736943315703392 ] ] ] } },
{ "type": "Feature", "properties": { "difference_1990_2000": 0.0, "difference_1990_2010": 0.0, "difference_1990_2020": 5.0 }, "geometry": { "type": "Polygon", "coordinates": [ [ [ -99.323273891175134, 18.741048130363872 ], [ -99.318701417466855, 18.741048130363872 ], [ -99.318701417466855, 18.736943315703392 ], [ -99.323273891175134, 18.736943315703392 ], [ -99.323273891175134, 18.741048130363872 ] ] ] } },
{ "type": "Feature", "properties": { "difference_1990_2000": 0.0, "difference_1990_2010": 0.0, "difference_1990_2020": 155.0 }, "geometry": { "type": "Polygon", "coordinates": [ [ [ -99.323273891175134, 18.724629462929439 ], [ -99.318701417466855, 18.724629462929439 ], [ -99.318701417466855, 18.720525042313934 ], [ -99.323273891175134, 18.720525042313934 ], [ -99.323273891175134, 18.724629462929439 ] ] ] } },
{ "type": "Feature", "properties": { "difference_1990_2000": 29.0, "difference_1990_2010": 31.0, "difference_1990_2020": 50.0 }, "geometry": { "type": "Polygon", "coordinates": [ [ [ -98.957475994513047, 18.917648790297243 ], [ -98.952903520804753, 18.917648790297225 ], [ -98.952903520804753, 18.91353971128466 ], [ -98.957475994513047, 18.91353971128466 ], [ -98.957475994513047, 18.917648790297243 ] ] ] } },
{ "type": "Feature", "properties": { "difference_1990_2000": -2.0, "difference_1990_2010": -2.0, "difference_1990_2020": -2.0 }, "geometry": { "type": "Polygon", "coordinates": [ [ [ -98.957475994513047, 18.905321852518163 ], [ -98.952903520804753, 18.905321852518114 ], [ -98.952903520804753, 18.901213072707751 ], [ -98.957475994513047, 18.901213072707769 ], [ -98.957475994513047, 18.905321852518163 ] ] ] } },
{ "type": "Feature", "properties": { "difference_1990_2000": 7.0, "difference_1990_2010": 5.0, "difference_1990_2020": 5.0 }, "geometry": { "type": "Polygon", "coordinates": [ [ [ -98.957475994513047, 18.925867247722206 ], [ -98.952903520804753, 18.925867247722184 ], [ -98.952903520804753, 18.921757969100319 ], [ -98.957475994513047, 18.921757969100319 ], [ -98.957475994513047, 18.925867247722206 ] ] ] } },
{ "type": "Feature", "properties": { "difference_1990_2000": 22.0, "difference_1990_2010": 36.0, "difference_1990_2020": 38.0 }, "geometry": { "type": "Polygon", "coordinates": [ [ [ -98.957475994513047, 18.91353971128466 ], [ -98.952903520804753, 18.91353971128466 ], [ -98.952903520804753, 18.909430732034405 ], [ -98.957475994513047, 18.909430732034405 ], [ -98.957475994513047, 18.91353971128466 ] ] ] } },
{ "type": "Feature", "properties": { "difference_1990_2000": -16.0, "difference_1990_2010": -22.0, "difference_1990_2020": -16.0 }, "geometry": { "type": "Polygon", "coordinates": [ [ [ -98.957475994513047, 18.909430732034405 ], [ -98.952903520804753, 18.909430732034405 ], [ -98.952903520804753, 18.905321852518114 ], [ -98.957475994513047, 18.905321852518163 ], [ -98.957475994513047, 18.909430732034405 ] ] ] } },
{ "type": "Feature", "properties": { "difference_1990_2000": 16.0, "difference_1990_2010": 18.0, "difference_1990_2020": 23.0 }, "geometry": { "type": "Polygon", "coordinates": [ [ [ -98.957475994513047, 18.921757969100319 ], [ -98.952903520804753, 18.921757969100319 ], [ -98.952903520804753, 18.917648790297225 ], [ -98.957475994513047, 18.917648790297243 ], [ -98.957475994513047, 18.921757969100319 ] ] ] } },
{ "type": "Feature", "properties": { "difference_1990_2000": 396.0, "difference_1990_2010": 562.0, "difference_1990_2020": 696.0 }, "geometry": { "type": "Polygon", "coordinates": [ [ [ -99.135802469135825, 18.892995812091637 ], [ -99.13122999542756, 18.892995812091637 ], [ -99.13122999542756, 18.888887331229402 ], [ -99.135802469135825, 18.888887331229402 ], [ -99.135802469135825, 18.892995812091637 ] ] ] } },
{ "type": "Feature", "properties": { "difference_1990_2000": 447.0, "difference_1990_2010": 508.0, "difference_1990_2020": 598.0 }, "geometry": { "type": "Polygon", "coordinates": [ [ [ -99.135802469135825, 18.897104392574974 ], [ -99.13122999542756, 18.897104392574974 ], [ -99.13122999542756, 18.892995812091637 ], [ -99.135802469135825, 18.892995812091637 ], [ -99.135802469135825, 18.897104392574974 ] ] ] } },
{ "type": "Feature", "properties": { "difference_1990_2000": 3.0, "difference_1990_2010": 2.0, "difference_1990_2020": 9.0 }, "geometry": { "type": "Polygon", "coordinates": [ [ [ -99.135802469135825, 18.975186387337398 ], [ -99.13122999542756, 18.975186387337384 ], [ -99.13122999542756, 18.971075908685147 ], [ -99.135802469135825, 18.971075908685183 ], [ -99.135802469135825, 18.975186387337398 ] ] ] } },
{ "type": "Feature", "properties": { "difference_1990_2000": 163.0, "difference_1990_2010": 184.0, "difference_1990_2020": 252.0 }, "geometry": { "type": "Polygon", "coordinates": [ [ [ -99.135802469135825, 18.880670668255746 ], [ -99.13122999542756, 18.880670668255728 ], [ -99.13122999542756, 18.876562486087899 ], [ -99.135802469135825, 18.876562486087884 ], [ -99.135802469135825, 18.880670668255746 ] ] ] } },
{ "type": "Feature", "properties": { "difference_1990_2000": 75.0, "difference_1990_2010": 163.0, "difference_1990_2020": 171.0 }, "geometry": { "type": "Polygon", "coordinates": [ [ [ -99.135802469135825, 18.888887331229402 ], [ -99.13122999542756, 18.888887331229402 ], [ -99.13122999542756, 18.884778949960179 ], [ -99.135802469135825, 18.884778949960179 ], [ -99.135802469135825, 18.888887331229402 ] ] ] } },
{ "type": "Feature", "properties": { "difference_1990_2000": 0.0, "difference_1990_2010": 0.0, "difference_1990_2020": 1.0 }, "geometry": { "type": "Polygon", "coordinates": [ [ [ -99.135802469135825, 18.971075908685183 ], [ -99.13122999542756, 18.971075908685147 ], [ -99.13122999542756, 18.966965530191128 ], [ -99.135802469135825, 18.966965530191128 ], [ -99.135802469135825, 18.971075908685183 ] ] ] } },
{ "type": "Feature", "properties": { "difference_1990_2000": 425.0, "difference_1990_2010": 581.0, "difference_1990_2020": 574.0 }, "geometry": { "type": "Polygon", "coordinates": [ [ [ -99.135802469135825, 18.884778949960179 ], [ -99.13122999542756, 18.884778949960179 ], [ -99.13122999542756, 18.880670668255728 ], [ -99.135802469135825, 18.880670668255746 ], [ -99.135802469135825, 18.884778949960179 ] ] ] } },
{ "type": "Feature", "properties": { "difference_1990_2000": 0.0, "difference_1990_2010": 53.0, "difference_1990_2020": 70.0 }, "geometry": { "type": "Polygon", "coordinates": [ [ [ -99.135802469135825, 18.876562486087884 ], [ -99.13122999542756, 18.876562486087899 ], [ -99.13122999542756, 18.872454403428438 ], [ -99.135802469135825, 18.872454403428438 ], [ -99.135802469135825, 18.876562486087884 ] ] ] } },
{ "type": "Feature", "properties": { "difference_1990_2000": 1348.0, "difference_1990_2010": 1243.0, "difference_1990_2020": 1033.0 }, "geometry": { "type": "Polygon", "coordinates": [ [ [ -99.135802469135825, 18.901213072707769 ], [ -99.13122999542756, 18.901213072707751 ], [ -99.13122999542756, 18.897104392574974 ], [ -99.135802469135825, 18.897104392574974 ], [ -99.135802469135825, 18.901213072707769 ] ] ] } },
{ "type": "Feature", "properties": { "difference_1990_2000": 0.0, "difference_1990_2010": 0.0, "difference_1990_2020": 49.0 }, "geometry": { "type": "Polygon", "coordinates": [ [ [ -99.314128943758575, 18.724629462929439 ], [ -99.309556470050296, 18.724629462929457 ], [ -99.309556470050296, 18.720525042313966 ], [ -99.314128943758575, 18.720525042313966 ], [ -99.314128943758575, 18.724629462929439 ] ] ] } },
{ "type": "Feature", "properties": { "difference_1990_2000": 582.0, "difference_1990_2010": 693.0, "difference_1990_2020": 583.0 }, "geometry": { "type": "Polygon", "coordinates": [ [ [ -99.126657521719267, 18.892995812091637 ], [ -99.122085048010973, 18.892995812091637 ], [ -99.122085048010973, 18.888887331229402 ], [ -99.126657521719267, 18.888887331229402 ], [ -99.126657521719267, 18.892995812091637 ] ] ] } },
{ "type": "Feature", "properties": { "difference_1990_2000": 88.0, "difference_1990_2010": 161.0, "difference_1990_2020": 11.0 }, "geometry": { "type": "Polygon", "coordinates": [ [ [ -99.126657521719267, 18.897104392574985 ], [ -99.122085048010973, 18.897104392574974 ], [ -99.122085048010973, 18.892995812091637 ], [ -99.126657521719267, 18.892995812091637 ], [ -99.126657521719267, 18.897104392574985 ] ] ] } },
{ "type": "Feature", "properties": { "difference_1990_2000": 177.0, "difference_1990_2010": 87.0, "difference_1990_2020": 235.0 }, "geometry": { "type": "Polygon", "coordinates": [ [ [ -99.126657521719267, 18.880670668255728 ], [ -99.122085048010973, 18.880670668255728 ], [ -99.122085048010973, 18.876562486087884 ], [ -99.126657521719267, 18.876562486087884 ], [ -99.126657521719267, 18.880670668255728 ] ] ] } },
{ "type": "Feature", "properties": { "difference_1990_2000": 213.0, "difference_1990_2010": 270.0, "difference_1990_2020": 283.0 }, "geometry": { "type": "Polygon", "coordinates": [ [ [ -99.126657521719267, 18.888887331229402 ], [ -99.122085048010973, 18.888887331229402 ], [ -99.122085048010973, 18.884778949960197 ], [ -99.126657521719267, 18.884778949960179 ], [ -99.126657521719267, 18.888887331229402 ] ] ] } },
{ "type": "Feature", "properties": { "difference_1990_2000": 196.0, "difference_1990_2010": 232.0, "difference_1990_2020": 271.0 }, "geometry": { "type": "Polygon", "coordinates": [ [ [ -99.126657521719267, 18.884778949960179 ], [ -99.122085048010973, 18.884778949960197 ], [ -99.122085048010973, 18.880670668255728 ], [ -99.126657521719267, 18.880670668255728 ], [ -99.126657521719267, 18.884778949960179 ] ] ] } },
{ "type": "Feature", "properties": { "difference_1990_2000": 1.0, "difference_1990_2010": 0.0, "difference_1990_2020": 1.0 }, "geometry": { "type": "Polygon", "coordinates": [ [ [ -99.126657521719267, 18.876562486087884 ], [ -99.122085048010973, 18.876562486087884 ], [ -99.122085048010973, 18.872454403428438 ], [ -99.126657521719267, 18.872454403428438 ], [ -99.126657521719267, 18.876562486087884 ] ] ] } },
{ "type": "Feature", "properties": { "difference_1990_2000": 3.0, "difference_1990_2010": 7.0, "difference_1990_2020": -5.0 }, "geometry": { "type": "Polygon", "coordinates": [ [ [ -99.126657521719267, 18.901213072707751 ], [ -99.122085048010973, 18.901213072707769 ], [ -99.122085048010973, 18.897104392574974 ], [ -99.126657521719267, 18.897104392574985 ], [ -99.126657521719267, 18.901213072707751 ] ] ] } },
{ "type": "Feature", "properties": { "difference_1990_2000": 184.0, "difference_1990_2010": 301.0, "difference_1990_2020": 365.0 }, "geometry": { "type": "Polygon", "coordinates": [ [ [ -99.117512574302694, 18.892995812091637 ], [ -99.112940100594415, 18.892995812091637 ], [ -99.112940100594415, 18.888887331229387 ], [ -99.117512574302694, 18.888887331229402 ], [ -99.117512574302694, 18.892995812091637 ] ] ] } },
{ "type": "Feature", "properties": { "difference_1990_2000": 97.0, "difference_1990_2010": 197.0, "difference_1990_2020": 194.0 }, "geometry": { "type": "Polygon", "coordinates": [ [ [ -99.117512574302694, 18.897104392574938 ], [ -99.112940100594415, 18.897104392574974 ], [ -99.112940100594415, 18.892995812091637 ], [ -99.117512574302694, 18.892995812091637 ], [ -99.117512574302694, 18.897104392574938 ] ] ] } },
{ "type": "Feature", "properties": { "difference_1990_2000": 6.0, "difference_1990_2010": 9.0, "difference_1990_2020": 8.0 }, "geometry": { "type": "Polygon", "coordinates": [ [ [ -99.117512574302694, 18.987518424525884 ], [ -99.112940100594415, 18.98751842452592 ], [ -99.112940100594415, 18.983407645229434 ], [ -99.117512574302694, 18.983407645229434 ], [ -99.117512574302694, 18.987518424525884 ] ] ] } },
{ "type": "Feature", "properties": { "difference_1990_2000": 2.0, "difference_1990_2010": 1.0, "difference_1990_2020": 1.0 }, "geometry": { "type": "Polygon", "coordinates": [ [ [ -99.117512574302694, 18.979296966175987 ], [ -99.112940100594415, 18.979296966176022 ], [ -99.112940100594415, 18.975186387337384 ], [ -99.117512574302694, 18.975186387337349 ], [ -99.117512574302694, 18.979296966175987 ] ] ] } },
{ "type": "Feature", "properties": { "difference_1990_2000": 426.0, "difference_1990_2010": 490.0, "difference_1990_2020": 551.0 }, "geometry": { "type": "Polygon", "coordinates": [ [ [ -99.117512574302694, 18.880670668255728 ], [ -99.112940100594415, 18.880670668255728 ], [ -99.112940100594415, 18.876562486087884 ], [ -99.117512574302694, 18.876562486087852 ], [ -99.117512574302694, 18.880670668255728 ] ] ] } },
{ "type": "Feature", "properties": { "difference_1990_2000": 299.0, "difference_1990_2010": 429.0, "difference_1990_2020": 557.0 }, "geometry": { "type": "Polygon", "coordinates": [ [ [ -99.117512574302694, 18.888887331229402 ], [ -99.112940100594415, 18.888887331229387 ], [ -99.112940100594415, 18.884778949960179 ], [ -99.117512574302694, 18.884778949960179 ], [ -99.117512574302694, 18.888887331229402 ] ] ] } },
{ "type": "Feature", "properties": { "difference_1990_2000": 68.0, "difference_1990_2010": 27.0, "difference_1990_2020": 33.0 }, "geometry": { "type": "Polygon", "coordinates": [ [ [ -99.117512574302694, 18.983407645229434 ], [ -99.112940100594415, 18.983407645229434 ], [ -99.112940100594415, 18.979296966176022 ], [ -99.117512574302694, 18.979296966175987 ], [ -99.117512574302694, 18.983407645229434 ] ] ] } },
{ "type": "Feature", "properties": { "difference_1990_2000": 17.0, "difference_1990_2010": 49.0, "difference_1990_2020": 61.0 }, "geometry": { "type": "Polygon", "coordinates": [ [ [ -99.117512574302694, 18.991629304093838 ], [ -99.112940100594415, 18.991629304093838 ], [ -99.112940100594415, 18.98751842452592 ], [ -99.117512574302694, 18.987518424525884 ], [ -99.117512574302694, 18.991629304093838 ] ] ] } },
{ "type": "Feature", "properties": { "difference_1990_2000": 148.0, "difference_1990_2010": 229.0, "difference_1990_2020": 324.0 }, "geometry": { "type": "Polygon", "coordinates": [ [ [ -99.117512574302694, 18.884778949960179 ], [ -99.112940100594415, 18.884778949960179 ], [ -99.112940100594415, 18.880670668255728 ], [ -99.117512574302694, 18.880670668255728 ], [ -99.117512574302694, 18.884778949960179 ] ] ] } },
{ "type": "Feature", "properties": { "difference_1990_2000": 21.0, "difference_1990_2010": 50.0, "difference_1990_2020": 74.0 }, "geometry": { "type": "Polygon", "coordinates": [ [ [ -99.117512574302694, 18.999851364157323 ], [ -99.112940100594415, 18.999851364157323 ], [ -99.112940100594415, 18.995740283961542 ], [ -99.117512574302694, 18.995740283961542 ], [ -99.117512574302694, 18.999851364157323 ] ] ] } },
{ "type": "Feature", "properties": { "difference_1990_2000": 27.0, "difference_1990_2010": 49.0, "difference_1990_2020": 98.0 }, "geometry": { "type": "Polygon", "coordinates": [ [ [ -99.117512574302694, 18.995740283961542 ], [ -99.112940100594415, 18.995740283961542 ], [ -99.112940100594415, 18.991629304093838 ], [ -99.117512574302694, 18.991629304093838 ], [ -99.117512574302694, 18.995740283961542 ] ] ] } },
{ "type": "Feature", "properties": { "difference_1990_2000": 0.0, "difference_1990_2010": 10.0, "difference_1990_2020": 1.0 }, "geometry": { "type": "Polygon", "coordinates": [ [ [ -99.117512574302694, 19.003962544709601 ], [ -99.112940100594415, 19.003962544709587 ], [ -99.112940100594415, 18.999851364157323 ], [ -99.117512574302694, 18.999851364157323 ], [ -99.117512574302694, 19.003962544709601 ] ] ] } },
{ "type": "Feature", "properties": { "difference_1990_2000": 133.0, "difference_1990_2010": 205.0, "difference_1990_2020": 280.0 }, "geometry": { "type": "Polygon", "coordinates": [ [ [ -99.117512574302694, 18.876562486087852 ], [ -99.112940100594415, 18.876562486087884 ], [ -99.112940100594415, 18.872454403428407 ], [ -99.117512574302694, 18.872454403428438 ], [ -99.117512574302694, 18.876562486087852 ] ] ] } },
{ "type": "Feature", "properties": { "difference_1990_2000": 11.0, "difference_1990_2010": 14.0, "difference_1990_2020": 22.0 }, "geometry": { "type": "Polygon", "coordinates": [ [ [ -99.117512574302694, 18.901213072707751 ], [ -99.112940100594415, 18.901213072707751 ], [ -99.112940100594415, 18.897104392574974 ], [ -99.117512574302694, 18.897104392574938 ], [ -99.117512574302694, 18.901213072707751 ] ] ] } },
{ "type": "Feature", "properties": { "difference_1990_2000": 19.0, "difference_1990_2010": 54.0, "difference_1990_2020": 99.0 }, "geometry": { "type": "Polygon", "coordinates": [ [ [ -99.117512574302694, 18.872454403428438 ], [ -99.112940100594415, 18.872454403428407 ], [ -99.112940100594415, 18.868346420249146 ], [ -99.117512574302694, 18.868346420249146 ], [ -99.117512574302694, 18.872454403428438 ] ] ] } },
{ "type": "Feature", "properties": { "difference_1990_2000": 26.0, "difference_1990_2010": 43.0, "difference_1990_2020": 42.0 }, "geometry": { "type": "Polygon", "coordinates": [ [ [ -99.295839048925487, 18.979296966175987 ], [ -99.291266575217193, 18.979296966176022 ], [ -99.291266575217193, 18.975186387337384 ], [ -99.295839048925487, 18.975186387337398 ], [ -99.295839048925487, 18.979296966175987 ] ] ] } },
{ "type": "Feature", "properties": { "difference_1990_2000": 67.0, "difference_1990_2010": 111.0, "difference_1990_2020": 110.0 }, "geometry": { "type": "Polygon", "coordinates": [ [ [ -99.295839048925487, 18.975186387337398 ], [ -99.291266575217193, 18.975186387337384 ], [ -99.291266575217193, 18.971075908685147 ], [ -99.295839048925487, 18.971075908685183 ], [ -99.295839048925487, 18.975186387337398 ] ] ] } },
{ "type": "Feature", "properties": { "difference_1990_2000": 4.0, "difference_1990_2010": 7.0, "difference_1990_2020": 7.0 }, "geometry": { "type": "Polygon", "coordinates": [ [ [ -99.295839048925487, 18.971075908685183 ], [ -99.291266575217193, 18.971075908685147 ], [ -99.291266575217193, 18.966965530191128 ], [ -99.295839048925487, 18.966965530191128 ], [ -99.295839048925487, 18.971075908685183 ] ] ] } },
{ "type": "Feature", "properties": { "difference_1990_2000": 118.0, "difference_1990_2010": 24.0, "difference_1990_2020": 40.0 }, "geometry": { "type": "Polygon", "coordinates": [ [ [ -99.10836762688615, 18.979296966175987 ], [ -99.103795153177899, 18.979296966176022 ], [ -99.103795153177899, 18.975186387337384 ], [ -99.10836762688615, 18.975186387337384 ], [ -99.10836762688615, 18.979296966175987 ] ] ] } },
{ "type": "Feature", "properties": { "difference_1990_2000": 96.0, "difference_1990_2010": 93.0, "difference_1990_2020": 121.0 }, "geometry": { "type": "Polygon", "coordinates": [ [ [ -99.10836762688615, 18.98751842452592 ], [ -99.103795153177899, 18.98751842452592 ], [ -99.103795153177899, 18.983407645229434 ], [ -99.10836762688615, 18.983407645229434 ], [ -99.10836762688615, 18.98751842452592 ] ] ] } },
{ "type": "Feature", "properties": { "difference_1990_2000": 233.0, "difference_1990_2010": 85.0, "difference_1990_2020": 133.0 }, "geometry": { "type": "Polygon", "coordinates": [ [ [ -99.10836762688615, 18.983407645229434 ], [ -99.103795153177899, 18.983407645229434 ], [ -99.103795153177899, 18.979296966176022 ], [ -99.10836762688615, 18.979296966175987 ], [ -99.10836762688615, 18.983407645229434 ] ] ] } },
{ "type": "Feature", "properties": { "difference_1990_2000": 78.0, "difference_1990_2010": 109.0, "difference_1990_2020": 131.0 }, "geometry": { "type": "Polygon", "coordinates": [ [ [ -99.10836762688615, 18.991629304093838 ], [ -99.103795153177899, 18.991629304093838 ], [ -99.103795153177899, 18.98751842452592 ], [ -99.10836762688615, 18.98751842452592 ], [ -99.10836762688615, 18.991629304093838 ] ] ] } },
{ "type": "Feature", "properties": { "difference_1990_2000": 28.0, "difference_1990_2010": 67.0, "difference_1990_2020": 104.0 }, "geometry": { "type": "Polygon", "coordinates": [ [ [ -99.10836762688615, 18.995740283961542 ], [ -99.103795153177899, 18.995740283961542 ], [ -99.103795153177899, 18.991629304093838 ], [ -99.10836762688615, 18.991629304093838 ], [ -99.10836762688615, 18.995740283961542 ] ] ] } },
{ "type": "Feature", "properties": { "difference_1990_2000": 2.0, "difference_1990_2010": 5.0, "difference_1990_2020": 4.0 }, "geometry": { "type": "Polygon", "coordinates": [ [ [ -99.286694101508914, 18.971075908685147 ], [ -99.282121627800635, 18.971075908685147 ], [ -99.282121627800635, 18.966965530191111 ], [ -99.286694101508914, 18.966965530191111 ], [ -99.286694101508914, 18.971075908685147 ] ] ] } },
{ "type": "Feature", "properties": { "difference_1990_2000": 56.0, "difference_1990_2010": 94.0, "difference_1990_2020": 92.0 }, "geometry": { "type": "Polygon", "coordinates": [ [ [ -99.286694101508914, 18.966965530191111 ], [ -99.282121627800635, 18.966965530191111 ], [ -99.282121627800635, 18.962855251826841 ], [ -99.286694101508914, 18.962855251826841 ], [ -99.286694101508914, 18.966965530191111 ] ] ] } },
{ "type": "Feature", "properties": { "difference_1990_2000": 15.0, "difference_1990_2010": 21.0, "difference_1990_2020": 24.0 }, "geometry": { "type": "Polygon", "coordinates": [ [ [ -99.286694101508914, 18.962855251826841 ], [ -99.282121627800635, 18.962855251826841 ], [ -99.282121627800635, 18.958745073564142 ], [ -99.286694101508914, 18.958745073564142 ], [ -99.286694101508914, 18.962855251826841 ] ] ] } },
{ "type": "Feature", "properties": { "difference_1990_2000": 117.0, "difference_1990_2010": 70.0, "difference_1990_2020": 54.0 }, "geometry": { "type": "Polygon", "coordinates": [ [ [ -99.099222679469619, 18.98751842452592 ], [ -99.094650205761326, 18.98751842452592 ], [ -99.094650205761326, 18.983407645229434 ], [ -99.099222679469619, 18.983407645229434 ], [ -99.099222679469619, 18.98751842452592 ] ] ] } },
{ "type": "Feature", "properties": { "difference_1990_2000": 85.0, "difference_1990_2010": 3.0, "difference_1990_2020": 50.0 }, "geometry": { "type": "Polygon", "coordinates": [ [ [ -99.099222679469619, 18.979296966176022 ], [ -99.094650205761326, 18.979296966176022 ], [ -99.094650205761326, 18.975186387337384 ], [ -99.099222679469619, 18.975186387337398 ], [ -99.099222679469619, 18.979296966176022 ] ] ] } },
{ "type": "Feature", "properties": { "difference_1990_2000": 108.0, "difference_1990_2010": 44.0, "difference_1990_2020": 77.0 }, "geometry": { "type": "Polygon", "coordinates": [ [ [ -99.099222679469619, 18.983407645229434 ], [ -99.094650205761326, 18.983407645229434 ], [ -99.094650205761326, 18.979296966176022 ], [ -99.099222679469619, 18.979296966176022 ], [ -99.099222679469619, 18.983407645229434 ] ] ] } },
{ "type": "Feature", "properties": { "difference_1990_2000": 143.0, "difference_1990_2010": 80.0, "difference_1990_2020": 64.0 }, "geometry": { "type": "Polygon", "coordinates": [ [ [ -99.099222679469619, 18.991629304093838 ], [ -99.094650205761326, 18.991629304093838 ], [ -99.094650205761326, 18.98751842452592 ], [ -99.099222679469619, 18.98751842452592 ], [ -99.099222679469619, 18.991629304093838 ] ] ] } },
{ "type": "Feature", "properties": { "difference_1990_2000": 3.0, "difference_1990_2010": 18.0, "difference_1990_2020": 6.0 }, "geometry": { "type": "Polygon", "coordinates": [ [ [ -99.099222679469619, 18.999851364157323 ], [ -99.094650205761326, 18.999851364157323 ], [ -99.094650205761326, 18.995740283961542 ], [ -99.099222679469619, 18.995740283961542 ], [ -99.099222679469619, 18.999851364157323 ] ] ] } },
{ "type": "Feature", "properties": { "difference_1990_2000": 67.0, "difference_1990_2010": 67.0, "difference_1990_2020": 49.0 }, "geometry": { "type": "Polygon", "coordinates": [ [ [ -99.099222679469619, 18.995740283961542 ], [ -99.094650205761326, 18.995740283961542 ], [ -99.094650205761326, 18.991629304093838 ], [ -99.099222679469619, 18.991629304093838 ], [ -99.099222679469619, 18.995740283961542 ] ] ] } },
{ "type": "Feature", "properties": { "difference_1990_2000": 0.0, "difference_1990_2010": 0.0, "difference_1990_2020": 1.0 }, "geometry": { "type": "Polygon", "coordinates": [ [ [ -99.277549154092355, 19.036855605363844 ], [ -99.272976680384119, 19.036855605363844 ], [ -99.272976680384119, 19.032743620938696 ], [ -99.277549154092355, 19.032743620938696 ], [ -99.277549154092355, 19.036855605363844 ] ] ] } },
{ "type": "Feature", "properties": { "difference_1990_2000": 45.0, "difference_1990_2010": 57.0, "difference_1990_2020": 74.0 }, "geometry": { "type": "Polygon", "coordinates": [ [ [ -99.277549154092355, 18.954634995374633 ], [ -99.272976680384119, 18.954634995374633 ], [ -99.272976680384119, 18.950525017230078 ], [ -99.277549154092355, 18.950525017230078 ], [ -99.277549154092355, 18.954634995374633 ] ] ] } },
{ "type": "Feature", "properties": { "difference_1990_2000": 0.0, "difference_1990_2010": 0.0, "difference_1990_2020": 1.0 }, "geometry": { "type": "Polygon", "coordinates": [ [ [ -99.277549154092355, 18.975186387337384 ], [ -99.272976680384119, 18.975186387337384 ], [ -99.272976680384119, 18.971075908685147 ], [ -99.277549154092355, 18.971075908685147 ], [ -99.277549154092355, 18.975186387337384 ] ] ] } },
{ "type": "Feature", "properties": { "difference_1990_2000": 37.0, "difference_1990_2010": 13.0, "difference_1990_2020": 52.0 }, "geometry": { "type": "Polygon", "coordinates": [ [ [ -99.277549154092355, 18.950525017230078 ], [ -99.272976680384119, 18.950525017230078 ], [ -99.272976680384119, 18.946415139102079 ], [ -99.277549154092355, 18.946415139102097 ], [ -99.277549154092355, 18.950525017230078 ] ] ] } },
{ "type": "Feature", "properties": { "difference_1990_2000": 0.0, "difference_1990_2010": 3.0, "difference_1990_2020": 5.0 }, "geometry": { "type": "Polygon", "coordinates": [ [ [ -99.277549154092355, 18.971075908685147 ], [ -99.272976680384119, 18.971075908685147 ], [ -99.272976680384119, 18.966965530191128 ], [ -99.277549154092355, 18.966965530191128 ], [ -99.277549154092355, 18.971075908685147 ] ] ] } },
{ "type": "Feature", "properties": { "difference_1990_2000": 0.0, "difference_1990_2010": 1.0, "difference_1990_2020": 0.0 }, "geometry": { "type": "Polygon", "coordinates": [ [ [ -99.277549154092355, 19.028631737096966 ], [ -99.272976680384119, 19.028631737097001 ], [ -99.272976680384119, 19.024519953810373 ], [ -99.277549154092355, 19.024519953810373 ], [ -99.277549154092355, 19.028631737096966 ] ] ] } },
{ "type": "Feature", "properties": { "difference_1990_2000": 11.0, "difference_1990_2010": 31.0, "difference_1990_2020": 37.0 }, "geometry": { "type": "Polygon", "coordinates": [ [ [ -99.277549154092355, 19.032743620938696 ], [ -99.272976680384119, 19.032743620938696 ], [ -99.272976680384119, 19.028631737097001 ], [ -99.277549154092355, 19.028631737096966 ], [ -99.277549154092355, 19.032743620938696 ] ] ] } },
{ "type": "Feature", "properties": { "difference_1990_2000": 73.0, "difference_1990_2010": 137.0, "difference_1990_2020": 138.0 }, "geometry": { "type": "Polygon", "coordinates": [ [ [ -99.277549154092355, 18.958745073564142 ], [ -99.272976680384119, 18.958745073564142 ], [ -99.272976680384119, 18.954634995374633 ], [ -99.277549154092355, 18.954634995374633 ], [ -99.277549154092355, 18.958745073564142 ] ] ] } },
{ "type": "Feature", "properties": { "difference_1990_2000": 0.0, "difference_1990_2010": 73.0, "difference_1990_2020": 163.0 }, "geometry": { "type": "Polygon", "coordinates": [ [ [ -99.277549154092355, 18.966965530191128 ], [ -99.272976680384119, 18.966965530191128 ], [ -99.272976680384119, 18.962855251826873 ], [ -99.277549154092355, 18.962855251826873 ], [ -99.277549154092355, 18.966965530191128 ] ] ] } },
{ "type": "Feature", "properties": { "difference_1990_2000": 22.0, "difference_1990_2010": 50.0, "difference_1990_2020": 53.0 }, "geometry": { "type": "Polygon", "coordinates": [ [ [ -99.277549154092355, 18.962855251826873 ], [ -99.272976680384119, 18.962855251826873 ], [ -99.272976680384119, 18.958745073564142 ], [ -99.277549154092355, 18.958745073564142 ], [ -99.277549154092355, 18.962855251826873 ] ] ] } }
]
}
