{
"type": "FeatureCollection",
"crs": { "type": "name", "properties": { "name": "urn:ogc:def:crs:OGC:1.3:CRS84" } },
"features": [
{ "type": "Feature", "properties": { "difference_1990_2000": 0.0, "difference_1990_2010": 1226.0, "difference_1990_2020": 1490.0 }, "geometry": { "type": "Polygon", "coordinates": [ [ [ -99.625057155921354, 27.473798097092338 ], [ -99.620484682213075, 27.473798097092338 ], [ -99.620484682213075, 27.469420047911779 ], [ -99.625057155921354, 27.469420047911811 ], [ -99.625057155921354, 27.473798097092338 ] ] ] } },
{ "type": "Feature", "properties": { "difference_1990_2000": 0.0, "difference_1990_2010": 6.0, "difference_1990_2020": 12.0 }, "geometry": { "type": "Polygon", "coordinates": [ [ [ -99.625057155921354, 27.469420047911811 ], [ -99.620484682213075, 27.469420047911779 ], [ -99.620484682213075, 27.465042170813014 ], [ -99.625057155921354, 27.465042170813014 ], [ -99.625057155921354, 27.469420047911811 ] ] ] } },
{ "type": "Feature", "properties": { "difference_1990_2000": 0.0, "difference_1990_2010": 728.0, "difference_1990_2020": 853.0 }, "geometry": { "type": "Polygon", "coordinates": [ [ [ -99.625057155921354, 27.478176318400454 ], [ -99.620484682213075, 27.478176318400454 ], [ -99.620484682213075, 27.473798097092338 ], [ -99.625057155921354, 27.473798097092338 ], [ -99.625057155921354, 27.478176318400454 ] ] ] } },
{ "type": "Feature", "properties": { "difference_1990_2000": 0.0, "difference_1990_2010": 765.0, "difference_1990_2020": 799.0 }, "geometry": { "type": "Polygon", "coordinates": [ [ [ -99.615912208504824, 27.473798097092338 ], [ -99.611339734796559, 27.473798097092338 ], [ -99.611339734796559, 27.469420047911811 ], [ -99.615912208504824, 27.469420047911811 ], [ -99.615912208504824, 27.473798097092338 ] ] ] } },
{ "type": "Feature", "properties": { "difference_1990_2000": 0.0, "difference_1990_2010": 447.0, "difference_1990_2020": 511.0 }, "geometry": { "type": "Polygon", "coordinates": [ [ [ -99.615912208504824, 27.469420047911811 ], [ -99.611339734796559, 27.469420047911811 ], [ -99.611339734796559, 27.465042170813014 ], [ -99.615912208504824, 27.465042170813032 ], [ -99.615912208504824, 27.469420047911811 ] ] ] } },
{ "type": "Feature", "properties": { "difference_1990_2000": 0.0, "difference_1990_2010": 22.0, "difference_1990_2020": 22.0 }, "geometry": { "type": "Polygon", "coordinates": [ [ [ -99.615912208504824, 27.478176318400454 ], [ -99.611339734796559, 27.478176318400454 ], [ -99.611339734796559, 27.473798097092338 ], [ -99.615912208504824, 27.473798097092338 ], [ -99.615912208504824, 27.478176318400454 ] ] ] } },
{ "type": "Feature", "properties": { "difference_1990_2000": 0.0, "difference_1990_2010": 1151.0, "difference_1990_2020": 1221.0 }, "geometry": { "type": "Polygon", "coordinates": [ [ [ -99.606767261088265, 27.508828690979581 ], [ -99.602194787379986, 27.508828690979581 ], [ -99.602194787379986, 27.504449263494806 ], [ -99.606767261088265, 27.504449263494806 ], [ -99.606767261088265, 27.508828690979581 ] ] ] } },
{ "type": "Feature", "properties": { "difference_1990_2000": 0.0, "difference_1990_2010": 0.0, "difference_1990_2020": 336.0 }, "geometry": { "type": "Polygon", "coordinates": [ [ [ -99.606767261088265, 27.465042170813014 ], [ -99.602194787379986, 27.465042170813014 ], [ -99.602194787379986, 27.460664465750192 ], [ -99.606767261088265, 27.460664465750192 ], [ -99.606767261088265, 27.465042170813014 ] ] ] } },
{ "type": "Feature", "properties": { "difference_1990_2000": 0.0, "difference_1990_2010": 260.0, "difference_1990_2020": 278.0 }, "geometry": { "type": "Polygon", "coordinates": [ [ [ -99.606767261088265, 27.486933277582626 ], [ -99.602194787379986, 27.486933277582668 ], [ -99.602194787379986, 27.482554711881928 ], [ -99.606767261088265, 27.482554711881928 ], [ -99.606767261088265, 27.486933277582626 ] ] ] } },
{ "type": "Feature", "properties": { "difference_1990_2000": 0.0, "difference_1990_2010": 316.0, "difference_1990_2020": 338.0 }, "geometry": { "type": "Polygon", "coordinates": [ [ [ -99.606767261088265, 27.482554711881928 ], [ -99.602194787379986, 27.482554711881928 ], [ -99.602194787379986, 27.478176318400454 ], [ -99.606767261088265, 27.478176318400454 ], [ -99.606767261088265, 27.482554711881928 ] ] ] } },
{ "type": "Feature", "properties": { "difference_1990_2000": 0.0, "difference_1990_2010": 1831.0, "difference_1990_2020": 1986.0 }, "geometry": { "type": "Polygon", "coordinates": [ [ [ -99.606767261088265, 27.513208290958843 ], [ -99.602194787379986, 27.513208290958843 ], [ -99.602194787379986, 27.508828690979581 ], [ -99.606767261088265, 27.508828690979581 ], [ -99.606767261088265, 27.513208290958843 ] ] ] } },
{ "type": "Feature", "properties": { "difference_1990_2000": 0.0, "difference_1990_2010": 7.0, "difference_1990_2020": 147.0 }, "geometry": { "type": "Polygon", "coordinates": [ [ [ -99.606767261088265, 27.50007000845866 ], [ -99.602194787379986, 27.50007000845866 ], [ -99.602194787379986, 27.495690925825187 ], [ -99.606767261088265, 27.495690925825148 ], [ -99.606767261088265, 27.50007000845866 ] ] ] } },
{ "type": "Feature", "properties": { "difference_1990_2000": 0.0, "difference_1990_2010": 253.0, "difference_1990_2020": 263.0 }, "geometry": { "type": "Polygon", "coordinates": [ [ [ -99.606767261088265, 27.491312015548417 ], [ -99.602194787379986, 27.491312015548417 ], [ -99.602194787379986, 27.486933277582668 ], [ -99.606767261088265, 27.486933277582626 ], [ -99.606767261088265, 27.491312015548417 ] ] ] } },
{ "type": "Feature", "properties": { "difference_1990_2000": 0.0, "difference_1990_2010": 0.0, "difference_1990_2020": 123.0 }, "geometry": { "type": "Polygon", "coordinates": [ [ [ -99.606767261088265, 27.460664465750192 ], [ -99.602194787379986, 27.460664465750192 ], [ -99.602194787379986, 27.456286932677592 ], [ -99.606767261088265, 27.456286932677614 ], [ -99.606767261088265, 27.460664465750192 ] ] ] } },
{ "type": "Feature", "properties": { "difference_1990_2000": 0.0, "difference_1990_2010": 0.0, "difference_1990_2020": 94.0 }, "geometry": { "type": "Polygon", "coordinates": [ [ [ -99.606767261088265, 27.504449263494806 ], [ -99.602194787379986, 27.504449263494806 ], [ -99.602194787379986, 27.50007000845866 ], [ -99.606767261088265, 27.50007000845866 ], [ -99.606767261088265, 27.504449263494806 ] ] ] } },
{ "type": "Feature", "properties": { "difference_1990_2000": 0.0, "difference_1990_2010": 8.0, "difference_1990_2020": 1444.0 }, "geometry": { "type": "Polygon", "coordinates": [ [ [ -99.606767261088265, 27.517588063478499 ], [ -99.602194787379986, 27.517588063478495 ], [ -99.602194787379986, 27.513208290958843 ], [ -99.606767261088265, 27.513208290958843 ], [ -99.606767261088265, 27.517588063478499 ] ] ] } },
{ "type": "Feature", "properties": { "difference_1990_2000": 0.0, "difference_1990_2010": 1201.0, "difference_1990_2020": 1517.0 }, "geometry": { "type": "Polygon", "coordinates": [ [ [ -99.606767261088265, 27.495690925825148 ], [ -99.602194787379986, 27.495690925825187 ], [ -99.602194787379986, 27.491312015548417 ], [ -99.606767261088265, 27.491312015548417 ], [ -99.606767261088265, 27.495690925825148 ] ] ] } },
{ "type": "Feature", "properties": { "difference_1990_2000": 0.0, "difference_1990_2010": 0.0, "difference_1990_2020": 64.0 }, "geometry": { "type": "Polygon", "coordinates": [ [ [ -99.606767261088265, 27.521968008584562 ], [ -99.602194787379986, 27.521968008584562 ], [ -99.602194787379986, 27.517588063478495 ], [ -99.606767261088265, 27.517588063478499 ], [ -99.606767261088265, 27.521968008584562 ] ] ] } },
{ "type": "Feature", "properties": { "difference_1990_2000": 0.0, "difference_1990_2010": 727.0, "difference_1990_2020": 772.0 }, "geometry": { "type": "Polygon", "coordinates": [ [ [ -99.597622313671707, 27.508828690979581 ], [ -99.593049839963413, 27.508828690979581 ], [ -99.593049839963413, 27.50444926349477 ], [ -99.597622313671707, 27.50444926349477 ], [ -99.597622313671707, 27.508828690979581 ] ] ] } },
{ "type": "Feature", "properties": { "difference_1990_2000": 0.0, "difference_1990_2010": 0.0, "difference_1990_2020": 262.0 }, "geometry": { "type": "Polygon", "coordinates": [ [ [ -99.597622313671707, 27.526348126322862 ], [ -99.593049839963413, 27.526348126322862 ], [ -99.593049839963413, 27.521968008584562 ], [ -99.597622313671707, 27.521968008584519 ], [ -99.597622313671707, 27.526348126322862 ] ] ] } },
{ "type": "Feature", "properties": { "difference_1990_2000": 0.0, "difference_1990_2010": 0.0, "difference_1990_2020": 370.0 }, "geometry": { "type": "Polygon", "coordinates": [ [ [ -99.597622313671707, 27.465042170813014 ], [ -99.593049839963413, 27.465042170813014 ], [ -99.593049839963413, 27.460664465750192 ], [ -99.597622313671707, 27.460664465750192 ], [ -99.597622313671707, 27.465042170813014 ] ] ] } },
{ "type": "Feature", "properties": { "difference_1990_2000": 0.0, "difference_1990_2010": 0.0, "difference_1990_2020": 10.0 }, "geometry": { "type": "Polygon", "coordinates": [ [ [ -99.597622313671707, 27.473798097092338 ], [ -99.593049839963413, 27.473798097092349 ], [ -99.593049839963413, 27.469420047911779 ], [ -99.597622313671707, 27.469420047911811 ], [ -99.597622313671707, 27.473798097092338 ] ] ] } },
{ "type": "Feature", "properties": { "difference_1990_2000": 0.0, "difference_1990_2010": 0.0, "difference_1990_2020": 561.0 }, "geometry": { "type": "Polygon", "coordinates": [ [ [ -99.597622313671707, 27.469420047911811 ], [ -99.593049839963413, 27.469420047911779 ], [ -99.593049839963413, 27.465042170813014 ], [ -99.597622313671707, 27.465042170813014 ], [ -99.597622313671707, 27.469420047911811 ] ] ] } },
{ "type": "Feature", "properties": { "difference_1990_2000": 0.0, "difference_1990_2010": 3.0, "difference_1990_2020": 265.0 }, "geometry": { "type": "Polygon", "coordinates": [ [ [ -99.597622313671707, 27.500070008458621 ], [ -99.593049839963413, 27.500070008458621 ], [ -99.593049839963413, 27.495690925825127 ], [ -99.597622313671707, 27.495690925825127 ], [ -99.597622313671707, 27.500070008458621 ] ] ] } },
{ "type": "Feature", "properties": { "difference_1990_2000": 0.0, "difference_1990_2010": 2177.0, "difference_1990_2020": 2303.0 }, "geometry": { "type": "Polygon", "coordinates": [ [ [ -99.597622313671707, 27.513208290958843 ], [ -99.593049839963413, 27.513208290958843 ], [ -99.593049839963413, 27.508828690979581 ], [ -99.597622313671707, 27.508828690979581 ], [ -99.597622313671707, 27.513208290958843 ] ] ] } },
{ "type": "Feature", "properties": { "difference_1990_2000": 0.0, "difference_1990_2010": 0.0, "difference_1990_2020": 48.0 }, "geometry": { "type": "Polygon", "coordinates": [ [ [ -99.597622313671707, 27.50444926349477 ], [ -99.593049839963413, 27.50444926349477 ], [ -99.593049839963413, 27.500070008458621 ], [ -99.597622313671707, 27.500070008458621 ], [ -99.597622313671707, 27.50444926349477 ] ] ] } },
{ "type": "Feature", "properties": { "difference_1990_2000": 0.0, "difference_1990_2010": 804.0, "difference_1990_2020": 1795.0 }, "geometry": { "type": "Polygon", "coordinates": [ [ [ -99.597622313671707, 27.491312015548417 ], [ -99.593049839963413, 27.491312015548417 ], [ -99.593049839963413, 27.486933277582644 ], [ -99.597622313671707, 27.486933277582626 ], [ -99.597622313671707, 27.491312015548417 ] ] ] } },
{ "type": "Feature", "properties": { "difference_1990_2000": 0.0, "difference_1990_2010": 1476.0, "difference_1990_2020": 1579.0 }, "geometry": { "type": "Polygon", "coordinates": [ [ [ -99.597622313671707, 27.517588063478495 ], [ -99.593049839963413, 27.517588063478499 ], [ -99.593049839963413, 27.513208290958843 ], [ -99.597622313671707, 27.513208290958843 ], [ -99.597622313671707, 27.517588063478495 ] ] ] } },
{ "type": "Feature", "properties": { "difference_1990_2000": 0.0, "difference_1990_2010": 1712.0, "difference_1990_2020": 2429.0 }, "geometry": { "type": "Polygon", "coordinates": [ [ [ -99.597622313671707, 27.521968008584519 ], [ -99.593049839963413, 27.521968008584562 ], [ -99.593049839963413, 27.517588063478499 ], [ -99.597622313671707, 27.517588063478495 ], [ -99.597622313671707, 27.521968008584519 ] ] ] } },
{ "type": "Feature", "properties": { "difference_1990_2000": 0.0, "difference_1990_2010": 888.0, "difference_1990_2020": 1577.0 }, "geometry": { "type": "Polygon", "coordinates": [ [ [ -99.597622313671707, 27.495690925825127 ], [ -99.593049839963413, 27.495690925825127 ], [ -99.593049839963413, 27.491312015548417 ], [ -99.597622313671707, 27.491312015548417 ], [ -99.597622313671707, 27.495690925825127 ] ] ] } },
{ "type": "Feature", "properties": { "difference_1990_2000": 0.0, "difference_1990_2010": 792.0, "difference_1990_2020": 971.0 }, "geometry": { "type": "Polygon", "coordinates": [ [ [ -99.588477366255162, 27.508828690979581 ], [ -99.583904892546897, 27.508828690979581 ], [ -99.583904892546897, 27.504449263494806 ], [ -99.588477366255162, 27.504449263494806 ], [ -99.588477366255162, 27.508828690979581 ] ] ] } },
{ "type": "Feature", "properties": { "difference_1990_2000": 0.0, "difference_1990_2010": 155.0, "difference_1990_2020": 404.0 }, "geometry": { "type": "Polygon", "coordinates": [ [ [ -99.588477366255162, 27.526348126322862 ], [ -99.583904892546897, 27.52634812632288 ], [ -99.583904892546897, 27.521968008584562 ], [ -99.588477366255162, 27.521968008584562 ], [ -99.588477366255162, 27.526348126322862 ] ] ] } },
{ "type": "Feature", "properties": { "difference_1990_2000": 0.0, "difference_1990_2010": 4.0, "difference_1990_2020": 47.0 }, "geometry": { "type": "Polygon", "coordinates": [ [ [ -99.588477366255162, 27.465042170813032 ], [ -99.583904892546897, 27.465042170813014 ], [ -99.583904892546897, 27.460664465750192 ], [ -99.588477366255162, 27.46066446575017 ], [ -99.588477366255162, 27.465042170813032 ] ] ] } },
{ "type": "Feature", "properties": { "difference_1990_2000": 0.0, "difference_1990_2010": 232.0, "difference_1990_2020": 744.0 }, "geometry": { "type": "Polygon", "coordinates": [ [ [ -99.588477366255162, 27.473798097092338 ], [ -99.583904892546897, 27.473798097092338 ], [ -99.583904892546897, 27.469420047911811 ], [ -99.588477366255162, 27.469420047911811 ], [ -99.588477366255162, 27.473798097092338 ] ] ] } },
{ "type": "Feature", "properties": { "difference_1990_2000": 0.0, "difference_1990_2010": 0.0, "difference_1990_2020": 329.0 }, "geometry": { "type": "Polygon", "coordinates": [ [ [ -99.588477366255162, 27.469420047911811 ], [ -99.583904892546897, 27.469420047911811 ], [ -99.583904892546897, 27.465042170813014 ], [ -99.588477366255162, 27.465042170813032 ], [ -99.588477366255162, 27.469420047911811 ] ] ] } },
{ "type": "Feature", "properties": { "difference_1990_2000": 0.0, "difference_1990_2010": 57.0, "difference_1990_2020": 139.0 }, "geometry": { "type": "Polygon", "coordinates": [ [ [ -99.588477366255162, 27.530728416739517 ], [ -99.583904892546897, 27.530728416739517 ], [ -99.583904892546897, 27.52634812632288 ], [ -99.588477366255162, 27.526348126322862 ], [ -99.588477366255162, 27.530728416739517 ] ] ] } },
{ "type": "Feature", "properties": { "difference_1990_2000": 0.0, "difference_1990_2010": 6.0, "difference_1990_2020": 5.0 }, "geometry": { "type": "Polygon", "coordinates": [ [ [ -99.588477366255162, 27.456286932677592 ], [ -99.583904892546897, 27.456286932677592 ], [ -99.583904892546897, 27.451909571549383 ], [ -99.588477366255162, 27.4519095715494 ], [ -99.588477366255162, 27.456286932677592 ] ] ] } },
{ "type": "Feature", "properties": { "difference_1990_2000": 0.0, "difference_1990_2010": 1428.0, "difference_1990_2020": 1800.0 }, "geometry": { "type": "Polygon", "coordinates": [ [ [ -99.588477366255162, 27.482554711881928 ], [ -99.583904892546897, 27.482554711881949 ], [ -99.583904892546897, 27.478176318400454 ], [ -99.588477366255162, 27.478176318400472 ], [ -99.588477366255162, 27.482554711881928 ] ] ] } },
{ "type": "Feature", "properties": { "difference_1990_2000": 0.0, "difference_1990_2010": 1592.0, "difference_1990_2020": 1929.0 }, "geometry": { "type": "Polygon", "coordinates": [ [ [ -99.588477366255162, 27.513208290958843 ], [ -99.583904892546897, 27.513208290958843 ], [ -99.583904892546897, 27.508828690979581 ], [ -99.588477366255162, 27.508828690979581 ], [ -99.588477366255162, 27.513208290958843 ] ] ] } },
{ "type": "Feature", "properties": { "difference_1990_2000": 0.0, "difference_1990_2010": 1533.0, "difference_1990_2020": 2188.0 }, "geometry": { "type": "Polygon", "coordinates": [ [ [ -99.588477366255162, 27.478176318400472 ], [ -99.583904892546897, 27.478176318400454 ], [ -99.583904892546897, 27.473798097092338 ], [ -99.588477366255162, 27.473798097092338 ], [ -99.588477366255162, 27.478176318400472 ] ] ] } },
{ "type": "Feature", "properties": { "difference_1990_2000": 0.0, "difference_1990_2010": 0.0, "difference_1990_2020": 3.0 }, "geometry": { "type": "Polygon", "coordinates": [ [ [ -99.588477366255162, 27.491312015548417 ], [ -99.583904892546897, 27.491312015548417 ], [ -99.583904892546897, 27.486933277582644 ], [ -99.588477366255162, 27.486933277582644 ], [ -99.588477366255162, 27.491312015548417 ] ] ] } },
{ "type": "Feature", "properties": { "difference_1990_2000": 0.0, "difference_1990_2010": 1.0, "difference_1990_2020": 1.0 }, "geometry": { "type": "Polygon", "coordinates": [ [ [ -99.588477366255162, 27.504449263494806 ], [ -99.583904892546897, 27.504449263494806 ], [ -99.583904892546897, 27.500070008458621 ], [ -99.588477366255162, 27.500070008458621 ], [ -99.588477366255162, 27.504449263494806 ] ] ] } },
{ "type": "Feature", "properties": { "difference_1990_2000": 0.0, "difference_1990_2010": 2298.0, "difference_1990_2020": 2660.0 }, "geometry": { "type": "Polygon", "coordinates": [ [ [ -99.588477366255162, 27.517588063478499 ], [ -99.583904892546897, 27.517588063478499 ], [ -99.583904892546897, 27.513208290958843 ], [ -99.588477366255162, 27.513208290958843 ], [ -99.588477366255162, 27.517588063478499 ] ] ] } },
{ "type": "Feature", "properties": { "difference_1990_2000": 0.0, "difference_1990_2010": 172.0, "difference_1990_2020": 347.0 }, "geometry": { "type": "Polygon", "coordinates": [ [ [ -99.588477366255162, 27.521968008584562 ], [ -99.583904892546897, 27.521968008584562 ], [ -99.583904892546897, 27.517588063478499 ], [ -99.588477366255162, 27.517588063478499 ], [ -99.588477366255162, 27.521968008584562 ] ] ] } },
{ "type": "Feature", "properties": { "difference_1990_2000": 0.0, "difference_1990_2010": 128.0, "difference_1990_2020": 420.0 }, "geometry": { "type": "Polygon", "coordinates": [ [ [ -99.579332418838604, 27.360024626102174 ], [ -99.574759945130324, 27.360024626102174 ], [ -99.574759945130324, 27.355651036198385 ], [ -99.579332418838604, 27.355651036198385 ], [ -99.579332418838604, 27.360024626102174 ] ] ] } },
{ "type": "Feature", "properties": { "difference_1990_2000": 20.0, "difference_1990_2010": 611.0, "difference_1990_2020": 814.0 }, "geometry": { "type": "Polygon", "coordinates": [ [ [ -99.579332418838604, 27.508828690979581 ], [ -99.574759945130324, 27.508828690979581 ], [ -99.574759945130324, 27.504449263494806 ], [ -99.579332418838604, 27.504449263494806 ], [ -99.579332418838604, 27.508828690979581 ] ] ] } },
{ "type": "Feature", "properties": { "difference_1990_2000": 8.0, "difference_1990_2010": 35.0, "difference_1990_2020": 42.0 }, "geometry": { "type": "Polygon", "coordinates": [ [ [ -99.579332418838604, 27.52634812632288 ], [ -99.574759945130324, 27.526348126322862 ], [ -99.574759945130324, 27.521968008584562 ], [ -99.579332418838604, 27.521968008584562 ], [ -99.579332418838604, 27.52634812632288 ] ] ] } },
{ "type": "Feature", "properties": { "difference_1990_2000": 108.0, "difference_1990_2010": 557.0, "difference_1990_2020": 438.0 }, "geometry": { "type": "Polygon", "coordinates": [ [ [ -99.579332418838604, 27.465042170813032 ], [ -99.574759945130324, 27.465042170813014 ], [ -99.574759945130324, 27.46066446575017 ], [ -99.579332418838604, 27.460664465750192 ], [ -99.579332418838604, 27.465042170813032 ] ] ] } },
{ "type": "Feature", "properties": { "difference_1990_2000": 0.0, "difference_1990_2010": 680.0, "difference_1990_2020": 1394.0 }, "geometry": { "type": "Polygon", "coordinates": [ [ [ -99.579332418838604, 27.473798097092338 ], [ -99.574759945130324, 27.473798097092338 ], [ -99.574759945130324, 27.469420047911811 ], [ -99.579332418838604, 27.469420047911811 ], [ -99.579332418838604, 27.473798097092338 ] ] ] } },
{ "type": "Feature", "properties": { "difference_1990_2000": 377.0, "difference_1990_2010": 760.0, "difference_1990_2020": 1094.0 }, "geometry": { "type": "Polygon", "coordinates": [ [ [ -99.579332418838604, 27.486933277582644 ], [ -99.574759945130324, 27.486933277582644 ], [ -99.574759945130324, 27.482554711881928 ], [ -99.579332418838604, 27.482554711881949 ], [ -99.579332418838604, 27.486933277582644 ] ] ] } },
{ "type": "Feature", "properties": { "difference_1990_2000": 2.0, "difference_1990_2010": 0.0, "difference_1990_2020": 6.0 }, "geometry": { "type": "Polygon", "coordinates": [ [ [ -99.579332418838604, 27.469420047911811 ], [ -99.574759945130324, 27.469420047911811 ], [ -99.574759945130324, 27.465042170813014 ], [ -99.579332418838604, 27.465042170813032 ], [ -99.579332418838604, 27.469420047911811 ] ] ] } },
{ "type": "Feature", "properties": { "difference_1990_2000": 3.0, "difference_1990_2010": 11.0, "difference_1990_2020": 16.0 }, "geometry": { "type": "Polygon", "coordinates": [ [ [ -99.579332418838604, 27.399394633034014 ], [ -99.574759945130324, 27.399394633034014 ], [ -99.574759945130324, 27.395019503024336 ], [ -99.579332418838604, 27.395019503024336 ], [ -99.579332418838604, 27.399394633034014 ] ] ] } },
{ "type": "Feature", "properties": { "difference_1990_2000": 1.0, "difference_1990_2010": 4.0, "difference_1990_2020": 5.0 }, "geometry": { "type": "Polygon", "coordinates": [ [ [ -99.579332418838604, 27.456286932677592 ], [ -99.574759945130324, 27.456286932677592 ], [ -99.574759945130324, 27.4519095715494 ], [ -99.579332418838604, 27.4519095715494 ], [ -99.579332418838604, 27.456286932677592 ] ] ] } },
{ "type": "Feature", "properties": { "difference_1990_2000": 0.0, "difference_1990_2010": 19.0, "difference_1990_2020": 46.0 }, "geometry": { "type": "Polygon", "coordinates": [ [ [ -99.579332418838604, 27.530728416739549 ], [ -99.574759945130324, 27.530728416739517 ], [ -99.574759945130324, 27.526348126322862 ], [ -99.579332418838604, 27.52634812632288 ], [ -99.579332418838604, 27.530728416739549 ] ] ] } },
{ "type": "Feature", "properties": { "difference_1990_2000": 29.0, "difference_1990_2010": 414.0, "difference_1990_2020": 758.0 }, "geometry": { "type": "Polygon", "coordinates": [ [ [ -99.579332418838604, 27.513208290958843 ], [ -99.574759945130324, 27.513208290958843 ], [ -99.574759945130324, 27.508828690979581 ], [ -99.579332418838604, 27.508828690979581 ], [ -99.579332418838604, 27.513208290958843 ] ] ] } },
{ "type": "Feature", "properties": { "difference_1990_2000": 0.0, "difference_1990_2010": 1967.0, "difference_1990_2020": 3030.0 }, "geometry": { "type": "Polygon", "coordinates": [ [ [ -99.579332418838604, 27.482554711881949 ], [ -99.574759945130324, 27.482554711881928 ], [ -99.574759945130324, 27.478176318400422 ], [ -99.579332418838604, 27.478176318400454 ], [ -99.579332418838604, 27.482554711881949 ] ] ] } },
{ "type": "Feature", "properties": { "difference_1990_2000": 0.0, "difference_1990_2010": 14.0, "difference_1990_2020": 14.0 }, "geometry": { "type": "Polygon", "coordinates": [ [ [ -99.579332418838604, 27.50007000845866 ], [ -99.574759945130324, 27.500070008458607 ], [ -99.574759945130324, 27.495690925825127 ], [ -99.579332418838604, 27.495690925825148 ], [ -99.579332418838604, 27.50007000845866 ] ] ] } },
{ "type": "Feature", "properties": { "difference_1990_2000": 0.0, "difference_1990_2010": 2291.0, "difference_1990_2020": 3503.0 }, "geometry": { "type": "Polygon", "coordinates": [ [ [ -99.579332418838604, 27.478176318400454 ], [ -99.574759945130324, 27.478176318400422 ], [ -99.574759945130324, 27.473798097092338 ], [ -99.579332418838604, 27.473798097092338 ], [ -99.579332418838604, 27.478176318400454 ] ] ] } },
{ "type": "Feature", "properties": { "difference_1990_2000": 0.0, "difference_1990_2010": 30.0, "difference_1990_2020": 37.0 }, "geometry": { "type": "Polygon", "coordinates": [ [ [ -99.579332418838604, 27.381895140643355 ], [ -99.574759945130324, 27.381895140643348 ], [ -99.574759945130324, 27.377520695580447 ], [ -99.579332418838604, 27.377520695580447 ], [ -99.579332418838604, 27.381895140643355 ] ] ] } },
{ "type": "Feature", "properties": { "difference_1990_2000": 2.0, "difference_1990_2010": 1.0, "difference_1990_2020": 2.0 }, "geometry": { "type": "Polygon", "coordinates": [ [ [ -99.579332418838604, 27.491312015548417 ], [ -99.574759945130324, 27.491312015548392 ], [ -99.574759945130324, 27.486933277582644 ], [ -99.579332418838604, 27.486933277582644 ], [ -99.579332418838604, 27.491312015548417 ] ] ] } },
{ "type": "Feature", "properties": { "difference_1990_2000": 3.0, "difference_1990_2010": 8.0, "difference_1990_2020": 12.0 }, "geometry": { "type": "Polygon", "coordinates": [ [ [ -99.579332418838604, 27.395019503024336 ], [ -99.574759945130324, 27.395019503024336 ], [ -99.574759945130324, 27.390644544319724 ], [ -99.579332418838604, 27.390644544319724 ], [ -99.579332418838604, 27.395019503024336 ] ] ] } },
{ "type": "Feature", "properties": { "difference_1990_2000": 59.0, "difference_1990_2010": 355.0, "difference_1990_2020": 315.0 }, "geometry": { "type": "Polygon", "coordinates": [ [ [ -99.579332418838604, 27.460664465750192 ], [ -99.574759945130324, 27.46066446575017 ], [ -99.574759945130324, 27.456286932677592 ], [ -99.579332418838604, 27.456286932677592 ], [ -99.579332418838604, 27.460664465750192 ] ] ] } },
{ "type": "Feature", "properties": { "difference_1990_2000": 0.0, "difference_1990_2010": 88.0, "difference_1990_2020": 115.0 }, "geometry": { "type": "Polygon", "coordinates": [ [ [ -99.579332418838604, 27.504449263494806 ], [ -99.574759945130324, 27.504449263494806 ], [ -99.574759945130324, 27.500070008458607 ], [ -99.579332418838604, 27.50007000845866 ], [ -99.579332418838604, 27.504449263494806 ] ] ] } },
{ "type": "Feature", "properties": { "difference_1990_2000": 0.0, "difference_1990_2010": 351.0, "difference_1990_2020": 778.0 }, "geometry": { "type": "Polygon", "coordinates": [ [ [ -99.579332418838604, 27.517588063478499 ], [ -99.574759945130324, 27.517588063478499 ], [ -99.574759945130324, 27.513208290958843 ], [ -99.579332418838604, 27.513208290958843 ], [ -99.579332418838604, 27.517588063478499 ] ] ] } },
{ "type": "Feature", "properties": { "difference_1990_2000": 48.0, "difference_1990_2010": 56.0, "difference_1990_2020": 56.0 }, "geometry": { "type": "Polygon", "coordinates": [ [ [ -99.579332418838604, 27.535108879880394 ], [ -99.574759945130324, 27.535108879880394 ], [ -99.574759945130324, 27.530728416739517 ], [ -99.579332418838604, 27.530728416739549 ], [ -99.579332418838604, 27.535108879880394 ] ] ] } },
{ "type": "Feature", "properties": { "difference_1990_2000": 1.0, "difference_1990_2010": 2.0, "difference_1990_2020": 3.0 }, "geometry": { "type": "Polygon", "coordinates": [ [ [ -99.579332418838604, 27.408145407150833 ], [ -99.574759945130324, 27.408145407150833 ], [ -99.574759945130324, 27.403769934394305 ], [ -99.579332418838604, 27.403769934394305 ], [ -99.579332418838604, 27.408145407150833 ] ] ] } },
{ "type": "Feature", "properties": { "difference_1990_2000": 0.0, "difference_1990_2010": 2.0, "difference_1990_2020": 2.0 }, "geometry": { "type": "Polygon", "coordinates": [ [ [ -99.579332418838604, 27.543870324518849 ], [ -99.574759945130324, 27.543870324518807 ], [ -99.574759945130324, 27.53948951579148 ], [ -99.579332418838604, 27.53948951579148 ], [ -99.579332418838604, 27.543870324518849 ] ] ] } },
{ "type": "Feature", "properties": { "difference_1990_2000": 0.0, "difference_1990_2010": 357.0, "difference_1990_2020": 464.0 }, "geometry": { "type": "Polygon", "coordinates": [ [ [ -99.579332418838604, 27.495690925825148 ], [ -99.574759945130324, 27.495690925825127 ], [ -99.574759945130324, 27.491312015548392 ], [ -99.579332418838604, 27.491312015548417 ], [ -99.579332418838604, 27.495690925825148 ] ] ] } },
{ "type": "Feature", "properties": { "difference_1990_2000": 0.0, "difference_1990_2010": 96.0, "difference_1990_2020": 257.0 }, "geometry": { "type": "Polygon", "coordinates": [ [ [ -99.579332418838604, 27.364398386946778 ], [ -99.574759945130324, 27.364398386946778 ], [ -99.574759945130324, 27.360024626102174 ], [ -99.579332418838604, 27.360024626102174 ], [ -99.579332418838604, 27.364398386946778 ] ] ] } },
{ "type": "Feature", "properties": { "difference_1990_2000": 47.0, "difference_1990_2010": 360.0, "difference_1990_2020": 643.0 }, "geometry": { "type": "Polygon", "coordinates": [ [ [ -99.579332418838604, 27.521968008584562 ], [ -99.574759945130324, 27.521968008584562 ], [ -99.574759945130324, 27.517588063478499 ], [ -99.579332418838604, 27.517588063478499 ], [ -99.579332418838604, 27.521968008584562 ] ] ] } },
{ "type": "Feature", "properties": { "difference_1990_2000": 0.0, "difference_1990_2010": 0.0, "difference_1990_2020": 2.0 }, "geometry": { "type": "Polygon", "coordinates": [ [ [ -99.579332418838604, 27.4519095715494 ], [ -99.574759945130324, 27.4519095715494 ], [ -99.574759945130324, 27.447532382319828 ], [ -99.579332418838604, 27.447532382319849 ], [ -99.579332418838604, 27.4519095715494 ] ] ] } },
{ "type": "Feature", "properties": { "difference_1990_2000": 2.0, "difference_1990_2010": 6.0, "difference_1990_2020": 9.0 }, "geometry": { "type": "Polygon", "coordinates": [ [ [ -99.579332418838604, 27.403769934394305 ], [ -99.574759945130324, 27.403769934394305 ], [ -99.574759945130324, 27.399394633034014 ], [ -99.579332418838604, 27.399394633034014 ], [ -99.579332418838604, 27.403769934394305 ] ] ] } },
{ "type": "Feature", "properties": { "difference_1990_2000": 34.0, "difference_1990_2010": 45.0, "difference_1990_2020": 46.0 }, "geometry": { "type": "Polygon", "coordinates": [ [ [ -99.579332418838604, 27.53948951579148 ], [ -99.574759945130324, 27.53948951579148 ], [ -99.574759945130324, 27.535108879880394 ], [ -99.579332418838604, 27.535108879880394 ], [ -99.579332418838604, 27.53948951579148 ] ] ] } },
{ "type": "Feature", "properties": { "difference_1990_2000": 239.0, "difference_1990_2010": 206.0, "difference_1990_2020": 183.0 }, "geometry": { "type": "Polygon", "coordinates": [ [ [ -99.570187471422045, 27.539489515791519 ], [ -99.565614997713766, 27.539489515791519 ], [ -99.565614997713766, 27.535108879880394 ], [ -99.570187471422045, 27.535108879880394 ], [ -99.570187471422045, 27.539489515791519 ] ] ] } },
{ "type": "Feature", "properties": { "difference_1990_2000": 0.0, "difference_1990_2010": 0.0, "difference_1990_2020": 122.0 }, "geometry": { "type": "Polygon", "coordinates": [ [ [ -99.570187471422045, 27.360024626102174 ], [ -99.565614997713766, 27.360024626102174 ], [ -99.565614997713766, 27.355651036198385 ], [ -99.570187471422045, 27.355651036198424 ], [ -99.570187471422045, 27.360024626102174 ] ] ] } },
{ "type": "Feature", "properties": { "difference_1990_2000": 132.0, "difference_1990_2010": 758.0, "difference_1990_2020": 586.0 }, "geometry": { "type": "Polygon", "coordinates": [ [ [ -99.570187471422045, 27.465042170813014 ], [ -99.565614997713766, 27.465042170813014 ], [ -99.565614997713766, 27.46066446575017 ], [ -99.570187471422045, 27.460664465750192 ], [ -99.570187471422045, 27.465042170813014 ] ] ] } },
{ "type": "Feature", "properties": { "difference_1990_2000": 397.0, "difference_1990_2010": 679.0, "difference_1990_2020": 933.0 }, "geometry": { "type": "Polygon", "coordinates": [ [ [ -99.570187471422045, 27.52634812632288 ], [ -99.565614997713766, 27.526348126322862 ], [ -99.565614997713766, 27.521968008584562 ], [ -99.570187471422045, 27.521968008584576 ], [ -99.570187471422045, 27.52634812632288 ] ] ] } },
{ "type": "Feature", "properties": { "difference_1990_2000": 3242.0, "difference_1990_2010": 2834.0, "difference_1990_2020": 2744.0 }, "geometry": { "type": "Polygon", "coordinates": [ [ [ -99.570187471422045, 27.50882869097962 ], [ -99.565614997713766, 27.508828690979581 ], [ -99.565614997713766, 27.504449263494806 ], [ -99.570187471422045, 27.504449263494823 ], [ -99.570187471422045, 27.50882869097962 ] ] ] } },
{ "type": "Feature", "properties": { "difference_1990_2000": 39.0, "difference_1990_2010": 83.0, "difference_1990_2020": 81.0 }, "geometry": { "type": "Polygon", "coordinates": [ [ [ -99.570187471422045, 27.473798097092338 ], [ -99.565614997713766, 27.473798097092338 ], [ -99.565614997713766, 27.469420047911811 ], [ -99.570187471422045, 27.469420047911811 ], [ -99.570187471422045, 27.473798097092338 ] ] ] } },
{ "type": "Feature", "properties": { "difference_1990_2000": 1822.0, "difference_1990_2010": 1438.0, "difference_1990_2020": 1373.0 }, "geometry": { "type": "Polygon", "coordinates": [ [ [ -99.570187471422045, 27.486933277582644 ], [ -99.565614997713766, 27.486933277582644 ], [ -99.565614997713766, 27.482554711881928 ], [ -99.570187471422045, 27.482554711881928 ], [ -99.570187471422045, 27.486933277582644 ] ] ] } },
{ "type": "Feature", "properties": { "difference_1990_2000": 6.0, "difference_1990_2010": 28.0, "difference_1990_2020": 23.0 }, "geometry": { "type": "Polygon", "coordinates": [ [ [ -99.570187471422045, 27.469420047911811 ], [ -99.565614997713766, 27.469420047911811 ], [ -99.565614997713766, 27.465042170813014 ], [ -99.570187471422045, 27.465042170813014 ], [ -99.570187471422045, 27.469420047911811 ] ] ] } },
{ "type": "Feature", "properties": { "difference_1990_2000": 14.0, "difference_1990_2010": 44.0, "difference_1990_2020": 66.0 }, "geometry": { "type": "Polygon", "coordinates": [ [ [ -99.570187471422045, 27.399394633034014 ], [ -99.565614997713766, 27.399394633034014 ], [ -99.565614997713766, 27.395019503024333 ], [ -99.570187471422045, 27.395019503024379 ], [ -99.570187471422045, 27.399394633034014 ] ] ] } },
{ "type": "Feature", "properties": { "difference_1990_2000": 289.0, "difference_1990_2010": 324.0, "difference_1990_2020": 320.0 }, "geometry": { "type": "Polygon", "coordinates": [ [ [ -99.570187471422045, 27.530728416739517 ], [ -99.565614997713766, 27.530728416739517 ], [ -99.565614997713766, 27.526348126322862 ], [ -99.570187471422045, 27.52634812632288 ], [ -99.570187471422045, 27.530728416739517 ] ] ] } },
{ "type": "Feature", "properties": { "difference_1990_2000": 1.0, "difference_1990_2010": 12.0, "difference_1990_2020": 17.0 }, "geometry": { "type": "Polygon", "coordinates": [ [ [ -99.570187471422045, 27.456286932677592 ], [ -99.565614997713766, 27.456286932677592 ], [ -99.565614997713766, 27.451909571549383 ], [ -99.570187471422045, 27.4519095715494 ], [ -99.570187471422045, 27.456286932677592 ] ] ] } },
{ "type": "Feature", "properties": { "difference_1990_2000": 1043.0, "difference_1990_2010": 633.0, "difference_1990_2020": 632.0 }, "geometry": { "type": "Polygon", "coordinates": [ [ [ -99.570187471422045, 27.482554711881928 ], [ -99.565614997713766, 27.482554711881928 ], [ -99.565614997713766, 27.478176318400454 ], [ -99.570187471422045, 27.478176318400454 ], [ -99.570187471422045, 27.482554711881928 ] ] ] } },
{ "type": "Feature", "properties": { "difference_1990_2000": 265.0, "difference_1990_2010": 229.0, "difference_1990_2020": 189.0 }, "geometry": { "type": "Polygon", "coordinates": [ [ [ -99.570187471422045, 27.500070008458621 ], [ -99.565614997713766, 27.500070008458621 ], [ -99.565614997713766, 27.495690925825127 ], [ -99.570187471422045, 27.495690925825127 ], [ -99.570187471422045, 27.500070008458621 ] ] ] } },
{ "type": "Feature", "properties": { "difference_1990_2000": 3106.0, "difference_1990_2010": 2773.0, "difference_1990_2020": 2558.0 }, "geometry": { "type": "Polygon", "coordinates": [ [ [ -99.570187471422045, 27.513208290958843 ], [ -99.565614997713766, 27.513208290958843 ], [ -99.565614997713766, 27.508828690979581 ], [ -99.570187471422045, 27.50882869097962 ], [ -99.570187471422045, 27.513208290958843 ] ] ] } },
{ "type": "Feature", "properties": { "difference_1990_2000": 58.0, "difference_1990_2010": 54.0, "difference_1990_2020": 110.0 }, "geometry": { "type": "Polygon", "coordinates": [ [ [ -99.570187471422045, 27.416896867034971 ], [ -99.565614997713766, 27.416896867034971 ], [ -99.565614997713766, 27.412521051349167 ], [ -99.570187471422045, 27.412521051349191 ], [ -99.570187471422045, 27.416896867034971 ] ] ] } },
{ "type": "Feature", "properties": { "difference_1990_2000": 149.0, "difference_1990_2010": 217.0, "difference_1990_2020": 211.0 }, "geometry": { "type": "Polygon", "coordinates": [ [ [ -99.570187471422045, 27.478176318400454 ], [ -99.565614997713766, 27.478176318400454 ], [ -99.565614997713766, 27.473798097092338 ], [ -99.570187471422045, 27.473798097092338 ], [ -99.570187471422045, 27.478176318400454 ] ] ] } },
{ "type": "Feature", "properties": { "difference_1990_2000": 6.0, "difference_1990_2010": 526.0, "difference_1990_2020": 650.0 }, "geometry": { "type": "Polygon", "coordinates": [ [ [ -99.570187471422045, 27.381895140643348 ], [ -99.565614997713766, 27.381895140643316 ], [ -99.565614997713766, 27.377520695580426 ], [ -99.570187471422045, 27.377520695580447 ], [ -99.570187471422045, 27.381895140643348 ] ] ] } },
{ "type": "Feature", "properties": { "difference_1990_2000": 655.0, "difference_1990_2010": 700.0, "difference_1990_2020": 728.0 }, "geometry": { "type": "Polygon", "coordinates": [ [ [ -99.570187471422045, 27.491312015548417 ], [ -99.565614997713766, 27.491312015548417 ], [ -99.565614997713766, 27.486933277582644 ], [ -99.570187471422045, 27.486933277582644 ], [ -99.570187471422045, 27.491312015548417 ] ] ] } },
{ "type": "Feature", "properties": { "difference_1990_2000": 10.0, "difference_1990_2010": 128.0, "difference_1990_2020": 189.0 }, "geometry": { "type": "Polygon", "coordinates": [ [ [ -99.570187471422045, 27.460664465750192 ], [ -99.565614997713766, 27.46066446575017 ], [ -99.565614997713766, 27.456286932677592 ], [ -99.570187471422045, 27.456286932677592 ], [ -99.570187471422045, 27.460664465750192 ] ] ] } },
{ "type": "Feature", "properties": { "difference_1990_2000": 55.0, "difference_1990_2010": 99.0, "difference_1990_2020": 105.0 }, "geometry": { "type": "Polygon", "coordinates": [ [ [ -99.570187471422045, 27.421272854253925 ], [ -99.565614997713766, 27.421272854253925 ], [ -99.565614997713766, 27.416896867035025 ], [ -99.570187471422045, 27.416896867035025 ], [ -99.570187471422045, 27.421272854253925 ] ] ] } },
{ "type": "Feature", "properties": { "difference_1990_2000": 420.0, "difference_1990_2010": 451.0, "difference_1990_2020": 468.0 }, "geometry": { "type": "Polygon", "coordinates": [ [ [ -99.570187471422045, 27.504449263494823 ], [ -99.565614997713766, 27.504449263494806 ], [ -99.565614997713766, 27.500070008458621 ], [ -99.570187471422045, 27.500070008458621 ], [ -99.570187471422045, 27.504449263494823 ] ] ] } },
{ "type": "Feature", "properties": { "difference_1990_2000": 31.0, "difference_1990_2010": 155.0, "difference_1990_2020": 185.0 }, "geometry": { "type": "Polygon", "coordinates": [ [ [ -99.570187471422045, 27.395019503024379 ], [ -99.565614997713766, 27.395019503024333 ], [ -99.565614997713766, 27.390644544319688 ], [ -99.570187471422045, 27.390644544319724 ], [ -99.570187471422045, 27.395019503024379 ] ] ] } },
{ "type": "Feature", "properties": { "difference_1990_2000": 0.0, "difference_1990_2010": 6.0, "difference_1990_2020": 0.0 }, "geometry": { "type": "Polygon", "coordinates": [ [ [ -99.570187471422045, 27.548251306108462 ], [ -99.565614997713766, 27.548251306108462 ], [ -99.565614997713766, 27.543870324518849 ], [ -99.570187471422045, 27.543870324518835 ], [ -99.570187471422045, 27.548251306108462 ] ] ] } },
{ "type": "Feature", "properties": { "difference_1990_2000": 1514.0, "difference_1990_2010": 1782.0, "difference_1990_2020": 1817.0 }, "geometry": { "type": "Polygon", "coordinates": [ [ [ -99.570187471422045, 27.517588063478499 ], [ -99.565614997713766, 27.517588063478534 ], [ -99.565614997713766, 27.513208290958843 ], [ -99.570187471422045, 27.513208290958843 ], [ -99.570187471422045, 27.517588063478499 ] ] ] } },
{ "type": "Feature", "properties": { "difference_1990_2000": 640.0, "difference_1990_2010": 457.0, "difference_1990_2020": 371.0 }, "geometry": { "type": "Polygon", "coordinates": [ [ [ -99.570187471422045, 27.535108879880394 ], [ -99.565614997713766, 27.535108879880394 ], [ -99.565614997713766, 27.530728416739517 ], [ -99.570187471422045, 27.530728416739517 ], [ -99.570187471422045, 27.535108879880394 ] ] ] } },
{ "type": "Feature", "properties": { "difference_1990_2000": 6.0, "difference_1990_2010": 18.0, "difference_1990_2020": 27.0 }, "geometry": { "type": "Polygon", "coordinates": [ [ [ -99.570187471422045, 27.408145407150833 ], [ -99.565614997713766, 27.408145407150833 ], [ -99.565614997713766, 27.403769934394322 ], [ -99.570187471422045, 27.403769934394305 ], [ -99.570187471422045, 27.408145407150833 ] ] ] } },
{ "type": "Feature", "properties": { "difference_1990_2000": 69.0, "difference_1990_2010": 85.0, "difference_1990_2020": 80.0 }, "geometry": { "type": "Polygon", "coordinates": [ [ [ -99.570187471422045, 27.543870324518835 ], [ -99.565614997713766, 27.543870324518849 ], [ -99.565614997713766, 27.539489515791519 ], [ -99.570187471422045, 27.539489515791519 ], [ -99.570187471422045, 27.543870324518835 ] ] ] } },
{ "type": "Feature", "properties": { "difference_1990_2000": 572.0, "difference_1990_2010": 592.0, "difference_1990_2020": 611.0 }, "geometry": { "type": "Polygon", "coordinates": [ [ [ -99.570187471422045, 27.495690925825127 ], [ -99.565614997713766, 27.495690925825127 ], [ -99.565614997713766, 27.491312015548417 ], [ -99.570187471422045, 27.491312015548417 ], [ -99.570187471422045, 27.495690925825127 ] ] ] } },
{ "type": "Feature", "properties": { "difference_1990_2000": 0.0, "difference_1990_2010": 11.0, "difference_1990_2020": 673.0 }, "geometry": { "type": "Polygon", "coordinates": [ [ [ -99.570187471422045, 27.377520695580447 ], [ -99.565614997713766, 27.377520695580426 ], [ -99.565614997713766, 27.373146421640442 ], [ -99.570187471422045, 27.373146421640474 ], [ -99.570187471422045, 27.377520695580447 ] ] ] } },
{ "type": "Feature", "properties": { "difference_1990_2000": 38.0, "difference_1990_2010": 241.0, "difference_1990_2020": 297.0 }, "geometry": { "type": "Polygon", "coordinates": [ [ [ -99.570187471422045, 27.390644544319724 ], [ -99.565614997713766, 27.390644544319688 ], [ -99.565614997713766, 27.386269756874604 ], [ -99.570187471422045, 27.386269756874576 ], [ -99.570187471422045, 27.390644544319724 ] ] ] } },
{ "type": "Feature", "properties": { "difference_1990_2000": 0.0, "difference_1990_2010": 0.0, "difference_1990_2020": 16.0 }, "geometry": { "type": "Polygon", "coordinates": [ [ [ -99.570187471422045, 27.364398386946778 ], [ -99.565614997713766, 27.36439838694675 ], [ -99.565614997713766, 27.360024626102174 ], [ -99.570187471422045, 27.360024626102174 ], [ -99.570187471422045, 27.364398386946778 ] ] ] } },
{ "type": "Feature", "properties": { "difference_1990_2000": 56.0, "difference_1990_2010": 98.0, "difference_1990_2020": 86.0 }, "geometry": { "type": "Polygon", "coordinates": [ [ [ -99.570187471422045, 27.386269756874576 ], [ -99.565614997713766, 27.386269756874604 ], [ -99.565614997713766, 27.381895140643316 ], [ -99.570187471422045, 27.381895140643348 ], [ -99.570187471422045, 27.386269756874576 ] ] ] } },
{ "type": "Feature", "properties": { "difference_1990_2000": 480.0, "difference_1990_2010": 1004.0, "difference_1990_2020": 1131.0 }, "geometry": { "type": "Polygon", "coordinates": [ [ [ -99.570187471422045, 27.521968008584576 ], [ -99.565614997713766, 27.521968008584562 ], [ -99.565614997713766, 27.517588063478534 ], [ -99.570187471422045, 27.517588063478499 ], [ -99.570187471422045, 27.521968008584576 ] ] ] } },
{ "type": "Feature", "properties": { "difference_1990_2000": 14.0, "difference_1990_2010": 43.0, "difference_1990_2020": 66.0 }, "geometry": { "type": "Polygon", "coordinates": [ [ [ -99.570187471422045, 27.403769934394305 ], [ -99.565614997713766, 27.403769934394322 ], [ -99.565614997713766, 27.399394633034014 ], [ -99.570187471422045, 27.399394633034014 ], [ -99.570187471422045, 27.403769934394305 ] ] ] } },
{ "type": "Feature", "properties": { "difference_1990_2000": 0.0, "difference_1990_2010": 0.0, "difference_1990_2020": 4.0 }, "geometry": { "type": "Polygon", "coordinates": [ [ [ -99.570187471422045, 27.368772318777669 ], [ -99.565614997713766, 27.368772318777708 ], [ -99.565614997713766, 27.364398386946778 ], [ -99.570187471422045, 27.364398386946789 ], [ -99.570187471422045, 27.368772318777669 ] ] ] } },
{ "type": "Feature", "properties": { "difference_1990_2000": 468.0, "difference_1990_2010": 410.0, "difference_1990_2020": 308.0 }, "geometry": { "type": "Polygon", "coordinates": [ [ [ -99.561042524005501, 27.508828690979581 ], [ -99.556470050297222, 27.508828690979581 ], [ -99.556470050297222, 27.504449263494806 ], [ -99.561042524005501, 27.504449263494806 ], [ -99.561042524005501, 27.508828690979581 ] ] ] } },
{ "type": "Feature", "properties": { "difference_1990_2000": 520.0, "difference_1990_2010": 951.0, "difference_1990_2020": 998.0 }, "geometry": { "type": "Polygon", "coordinates": [ [ [ -99.561042524005501, 27.465042170813014 ], [ -99.556470050297222, 27.465042170813014 ], [ -99.556470050297222, 27.460664465750192 ], [ -99.561042524005501, 27.46066446575022 ], [ -99.561042524005501, 27.465042170813014 ] ] ] } },
{ "type": "Feature", "properties": { "difference_1990_2000": 21.0, "difference_1990_2010": 18.0, "difference_1990_2020": 20.0 }, "geometry": { "type": "Polygon", "coordinates": [ [ [ -99.561042524005501, 27.52634812632288 ], [ -99.556470050297222, 27.52634812632288 ], [ -99.556470050297222, 27.521968008584562 ], [ -99.561042524005501, 27.521968008584562 ], [ -99.561042524005501, 27.52634812632288 ] ] ] } },
{ "type": "Feature", "properties": { "difference_1990_2000": 467.0, "difference_1990_2010": 832.0, "difference_1990_2020": 899.0 }, "geometry": { "type": "Polygon", "coordinates": [ [ [ -99.561042524005501, 27.473798097092338 ], [ -99.556470050297222, 27.473798097092338 ], [ -99.556470050297222, 27.469420047911811 ], [ -99.561042524005501, 27.469420047911811 ], [ -99.561042524005501, 27.473798097092338 ] ] ] } },
{ "type": "Feature", "properties": { "difference_1990_2000": 510.0, "difference_1990_2010": 880.0, "difference_1990_2020": 988.0 }, "geometry": { "type": "Polygon", "coordinates": [ [ [ -99.561042524005501, 27.469420047911811 ], [ -99.556470050297222, 27.469420047911811 ], [ -99.556470050297222, 27.465042170813014 ], [ -99.561042524005501, 27.465042170813014 ], [ -99.561042524005501, 27.469420047911811 ] ] ] } },
{ "type": "Feature", "properties": { "difference_1990_2000": 2401.0, "difference_1990_2010": 2216.0, "difference_1990_2020": 2120.0 }, "geometry": { "type": "Polygon", "coordinates": [ [ [ -99.561042524005501, 27.486933277582668 ], [ -99.556470050297222, 27.486933277582626 ], [ -99.556470050297222, 27.482554711881928 ], [ -99.561042524005501, 27.482554711881928 ], [ -99.561042524005501, 27.486933277582668 ] ] ] } },
{ "type": "Feature", "properties": { "difference_1990_2000": 38.0, "difference_1990_2010": 84.0, "difference_1990_2020": 84.0 }, "geometry": { "type": "Polygon", "coordinates": [ [ [ -99.561042524005501, 27.399394633034014 ], [ -99.556470050297222, 27.399394633034014 ], [ -99.556470050297222, 27.395019503024336 ], [ -99.561042524005501, 27.395019503024336 ], [ -99.561042524005501, 27.399394633034014 ] ] ] } },
{ "type": "Feature", "properties": { "difference_1990_2000": 21.0, "difference_1990_2010": 18.0, "difference_1990_2020": 20.0 }, "geometry": { "type": "Polygon", "coordinates": [ [ [ -99.561042524005501, 27.530728416739517 ], [ -99.556470050297222, 27.530728416739517 ], [ -99.556470050297222, 27.52634812632288 ], [ -99.561042524005501, 27.52634812632288 ], [ -99.561042524005501, 27.530728416739517 ] ] ] } },
{ "type": "Feature", "properties": { "difference_1990_2000": 0.0, "difference_1990_2010": 1.0, "difference_1990_2020": 338.0 }, "geometry": { "type": "Polygon", "coordinates": [ [ [ -99.561042524005501, 27.456286932677592 ], [ -99.556470050297222, 27.456286932677592 ], [ -99.556470050297222, 27.451909571549383 ], [ -99.561042524005501, 27.451909571549383 ], [ -99.561042524005501, 27.456286932677592 ] ] ] } },
{ "type": "Feature", "properties": { "difference_1990_2000": 3376.0, "difference_1990_2010": 2728.0, "difference_1990_2020": 2548.0 }, "geometry": { "type": "Polygon", "coordinates": [ [ [ -99.561042524005501, 27.482554711881928 ], [ -99.556470050297222, 27.482554711881928 ], [ -99.556470050297222, 27.478176318400454 ], [ -99.561042524005501, 27.478176318400422 ], [ -99.561042524005501, 27.482554711881928 ] ] ] } },
{ "type": "Feature", "properties": { "difference_1990_2000": 101.0, "difference_1990_2010": -245.0, "difference_1990_2020": -460.0 }, "geometry": { "type": "Polygon", "coordinates": [ [ [ -99.561042524005501, 27.500070008458621 ], [ -99.556470050297222, 27.500070008458621 ], [ -99.556470050297222, 27.495690925825148 ], [ -99.561042524005501, 27.495690925825127 ], [ -99.561042524005501, 27.500070008458621 ] ] ] } },
{ "type": "Feature", "properties": { "difference_1990_2000": 335.0, "difference_1990_2010": 231.0, "difference_1990_2020": 134.0 }, "geometry": { "type": "Polygon", "coordinates": [ [ [ -99.561042524005501, 27.513208290958843 ], [ -99.556470050297222, 27.513208290958843 ], [ -99.556470050297222, 27.508828690979581 ], [ -99.561042524005501, 27.508828690979581 ], [ -99.561042524005501, 27.513208290958843 ] ] ] } },
{ "type": "Feature", "properties": { "difference_1990_2000": 2.0, "difference_1990_2010": 878.0, "difference_1990_2020": 1365.0 }, "geometry": { "type": "Polygon", "coordinates": [ [ [ -99.561042524005501, 27.443155364943198 ], [ -99.556470050297222, 27.443155364943198 ], [ -99.556470050297222, 27.438778519373781 ], [ -99.561042524005501, 27.438778519373781 ], [ -99.561042524005501, 27.443155364943198 ] ] ] } },
{ "type": "Feature", "properties": { "difference_1990_2000": 112.0, "difference_1990_2010": 202.0, "difference_1990_2020": 214.0 }, "geometry": { "type": "Polygon", "coordinates": [ [ [ -99.561042524005501, 27.416896867035003 ], [ -99.556470050297222, 27.416896867035003 ], [ -99.556470050297222, 27.412521051349191 ], [ -99.561042524005501, 27.412521051349191 ], [ -99.561042524005501, 27.416896867035003 ] ] ] } },
{ "type": "Feature", "properties": { "difference_1990_2000": 2431.0, "difference_1990_2010": 2242.0, "difference_1990_2020": 2116.0 }, "geometry": { "type": "Polygon", "coordinates": [ [ [ -99.561042524005501, 27.478176318400422 ], [ -99.556470050297222, 27.478176318400454 ], [ -99.556470050297222, 27.473798097092338 ], [ -99.561042524005501, 27.473798097092338 ], [ -99.561042524005501, 27.478176318400422 ] ] ] } },
{ "type": "Feature", "properties": { "difference_1990_2000": 15.0, "difference_1990_2010": 459.0, "difference_1990_2020": 614.0 }, "geometry": { "type": "Polygon", "coordinates": [ [ [ -99.561042524005501, 27.381895140643348 ], [ -99.556470050297222, 27.381895140643348 ], [ -99.556470050297222, 27.377520695580447 ], [ -99.561042524005501, 27.37752069558049 ], [ -99.561042524005501, 27.381895140643348 ] ] ] } },
{ "type": "Feature", "properties": { "difference_1990_2000": 1587.0, "difference_1990_2010": 1118.0, "difference_1990_2020": 1173.0 }, "geometry": { "type": "Polygon", "coordinates": [ [ [ -99.561042524005501, 27.491312015548417 ], [ -99.556470050297222, 27.491312015548417 ], [ -99.556470050297222, 27.486933277582626 ], [ -99.561042524005501, 27.486933277582668 ], [ -99.561042524005501, 27.491312015548417 ] ] ] } },
{ "type": "Feature", "properties": { "difference_1990_2000": 2.0, "difference_1990_2010": 583.0, "difference_1990_2020": 758.0 }, "geometry": { "type": "Polygon", "coordinates": [ [ [ -99.561042524005501, 27.395019503024336 ], [ -99.556470050297222, 27.395019503024336 ], [ -99.556470050297222, 27.390644544319724 ], [ -99.561042524005501, 27.390644544319724 ], [ -99.561042524005501, 27.395019503024336 ] ] ] } },
{ "type": "Feature", "properties": { "difference_1990_2000": 223.0, "difference_1990_2010": 86.0, "difference_1990_2020": -59.0 }, "geometry": { "type": "Polygon", "coordinates": [ [ [ -99.561042524005501, 27.504449263494806 ], [ -99.556470050297222, 27.504449263494806 ], [ -99.556470050297222, 27.500070008458621 ], [ -99.561042524005501, 27.500070008458621 ], [ -99.561042524005501, 27.504449263494806 ] ] ] } },
{ "type": "Feature", "properties": { "difference_1990_2000": 126.0, "difference_1990_2010": 366.0, "difference_1990_2020": 499.0 }, "geometry": { "type": "Polygon", "coordinates": [ [ [ -99.561042524005501, 27.46066446575022 ], [ -99.556470050297222, 27.460664465750192 ], [ -99.556470050297222, 27.456286932677592 ], [ -99.561042524005501, 27.456286932677592 ], [ -99.561042524005501, 27.46066446575022 ] ] ] } },
{ "type": "Feature", "properties": { "difference_1990_2000": 70.0, "difference_1990_2010": 128.0, "difference_1990_2020": 138.0 }, "geometry": { "type": "Polygon", "coordinates": [ [ [ -99.561042524005501, 27.421272854253949 ], [ -99.556470050297222, 27.421272854253925 ], [ -99.556470050297222, 27.416896867035025 ], [ -99.561042524005501, 27.416896867035025 ], [ -99.561042524005501, 27.421272854253949 ] ] ] } },
{ "type": "Feature", "properties": { "difference_1990_2000": 154.0, "difference_1990_2010": 692.0, "difference_1990_2020": 803.0 }, "geometry": { "type": "Polygon", "coordinates": [ [ [ -99.561042524005501, 27.425649013051611 ], [ -99.556470050297222, 27.425649013051611 ], [ -99.556470050297222, 27.421272854253925 ], [ -99.561042524005501, 27.421272854253949 ], [ -99.561042524005501, 27.425649013051611 ] ] ] } },
{ "type": "Feature", "properties": { "difference_1990_2000": 7.0, "difference_1990_2010": -2.0, "difference_1990_2020": -5.0 }, "geometry": { "type": "Polygon", "coordinates": [ [ [ -99.561042524005501, 27.373146421640421 ], [ -99.556470050297222, 27.373146421640421 ], [ -99.556470050297222, 27.368772318777669 ], [ -99.561042524005501, 27.368772318777669 ], [ -99.561042524005501, 27.373146421640421 ] ] ] } },
{ "type": "Feature", "properties": { "difference_1990_2000": 296.0, "difference_1990_2010": 1716.0, "difference_1990_2020": 1922.0 }, "geometry": { "type": "Polygon", "coordinates": [ [ [ -99.561042524005501, 27.517588063478499 ], [ -99.556470050297222, 27.517588063478499 ], [ -99.556470050297222, 27.513208290958843 ], [ -99.561042524005501, 27.513208290958843 ], [ -99.561042524005501, 27.517588063478499 ] ] ] } },
{ "type": "Feature", "properties": { "difference_1990_2000": 8.0, "difference_1990_2010": 9.0, "difference_1990_2020": 9.0 }, "geometry": { "type": "Polygon", "coordinates": [ [ [ -99.561042524005501, 27.535108879880394 ], [ -99.556470050297222, 27.535108879880394 ], [ -99.556470050297222, 27.530728416739517 ], [ -99.561042524005501, 27.530728416739517 ], [ -99.561042524005501, 27.535108879880394 ] ] ] } },
{ "type": "Feature", "properties": { "difference_1990_2000": 132.0, "difference_1990_2010": 489.0, "difference_1990_2020": 689.0 }, "geometry": { "type": "Polygon", "coordinates": [ [ [ -99.561042524005501, 27.430025343473687 ], [ -99.556470050297222, 27.430025343473687 ], [ -99.556470050297222, 27.425649013051611 ], [ -99.561042524005501, 27.425649013051611 ], [ -99.561042524005501, 27.430025343473687 ] ] ] } },
{ "type": "Feature", "properties": { "difference_1990_2000": 3.0, "difference_1990_2010": 8.0, "difference_1990_2020": 9.0 }, "geometry": { "type": "Polygon", "coordinates": [ [ [ -99.561042524005501, 27.408145407150833 ], [ -99.556470050297222, 27.408145407150833 ], [ -99.556470050297222, 27.403769934394305 ], [ -99.561042524005501, 27.403769934394305 ], [ -99.561042524005501, 27.408145407150833 ] ] ] } },
{ "type": "Feature", "properties": { "difference_1990_2000": -214.0, "difference_1990_2010": -519.0, "difference_1990_2020": -542.0 }, "geometry": { "type": "Polygon", "coordinates": [ [ [ -99.561042524005501, 27.495690925825127 ], [ -99.556470050297222, 27.495690925825148 ], [ -99.556470050297222, 27.491312015548417 ], [ -99.561042524005501, 27.491312015548417 ], [ -99.561042524005501, 27.495690925825127 ] ] ] } },
{ "type": "Feature", "properties": { "difference_1990_2000": 7.0, "difference_1990_2010": 588.0, "difference_1990_2020": 761.0 }, "geometry": { "type": "Polygon", "coordinates": [ [ [ -99.561042524005501, 27.390644544319724 ], [ -99.556470050297222, 27.390644544319724 ], [ -99.556470050297222, 27.386269756874576 ], [ -99.561042524005501, 27.386269756874576 ], [ -99.561042524005501, 27.390644544319724 ] ] ] } },
{ "type": "Feature", "properties": { "difference_1990_2000": 158.0, "difference_1990_2010": 207.0, "difference_1990_2020": 141.0 }, "geometry": { "type": "Polygon", "coordinates": [ [ [ -99.561042524005501, 27.386269756874576 ], [ -99.556470050297222, 27.386269756874576 ], [ -99.556470050297222, 27.381895140643348 ], [ -99.561042524005501, 27.381895140643348 ], [ -99.561042524005501, 27.386269756874576 ] ] ] } },
{ "type": "Feature", "properties": { "difference_1990_2000": 172.0, "difference_1990_2010": 955.0, "difference_1990_2020": 1077.0 }, "geometry": { "type": "Polygon", "coordinates": [ [ [ -99.561042524005501, 27.521968008584562 ], [ -99.556470050297222, 27.521968008584562 ], [ -99.556470050297222, 27.517588063478499 ], [ -99.561042524005501, 27.517588063478499 ], [ -99.561042524005501, 27.521968008584562 ] ] ] } },
{ "type": "Feature", "properties": { "difference_1990_2000": 3.0, "difference_1990_2010": 240.0, "difference_1990_2020": 373.0 }, "geometry": { "type": "Polygon", "coordinates": [ [ [ -99.561042524005501, 27.438778519373781 ], [ -99.556470050297222, 27.438778519373781 ], [ -99.556470050297222, 27.434401845565834 ], [ -99.561042524005501, 27.434401845565819 ], [ -99.561042524005501, 27.438778519373781 ] ] ] } },
{ "type": "Feature", "properties": { "difference_1990_2000": 3.0, "difference_1990_2010": 8.0, "difference_1990_2020": 9.0 }, "geometry": { "type": "Polygon", "coordinates": [ [ [ -99.561042524005501, 27.412521051349191 ], [ -99.556470050297222, 27.412521051349191 ], [ -99.556470050297222, 27.408145407150833 ], [ -99.561042524005501, 27.408145407150833 ], [ -99.561042524005501, 27.412521051349191 ] ] ] } },
{ "type": "Feature", "properties": { "difference_1990_2000": 0.0, "difference_1990_2010": 40.0, "difference_1990_2020": 385.0 }, "geometry": { "type": "Polygon", "coordinates": [ [ [ -99.561042524005501, 27.451909571549383 ], [ -99.556470050297222, 27.451909571549383 ], [ -99.556470050297222, 27.447532382319849 ], [ -99.561042524005501, 27.447532382319849 ], [ -99.561042524005501, 27.451909571549383 ] ] ] } },
{ "type": "Feature", "properties": { "difference_1990_2000": 4.0, "difference_1990_2010": 42.0, "difference_1990_2020": 409.0 }, "geometry": { "type": "Polygon", "coordinates": [ [ [ -99.561042524005501, 27.37752069558049 ], [ -99.556470050297222, 27.377520695580447 ], [ -99.556470050297222, 27.373146421640442 ], [ -99.561042524005501, 27.373146421640421 ], [ -99.561042524005501, 27.37752069558049 ] ] ] } },
{ "type": "Feature", "properties": { "difference_1990_2000": 49.0, "difference_1990_2010": 47.0, "difference_1990_2020": 31.0 }, "geometry": { "type": "Polygon", "coordinates": [ [ [ -99.561042524005501, 27.403769934394305 ], [ -99.556470050297222, 27.403769934394305 ], [ -99.556470050297222, 27.399394633034014 ], [ -99.561042524005501, 27.399394633034014 ], [ -99.561042524005501, 27.403769934394305 ] ] ] } },
{ "type": "Feature", "properties": { "difference_1990_2000": 4.0, "difference_1990_2010": 0.0, "difference_1990_2020": -2.0 }, "geometry": { "type": "Polygon", "coordinates": [ [ [ -99.561042524005501, 27.368772318777669 ], [ -99.556470050297222, 27.368772318777669 ], [ -99.556470050297222, 27.364398386946789 ], [ -99.561042524005501, 27.364398386946789 ], [ -99.561042524005501, 27.368772318777669 ] ] ] } },
{ "type": "Feature", "properties": { "difference_1990_2000": 2.0, "difference_1990_2010": 854.0, "difference_1990_2020": 1358.0 }, "geometry": { "type": "Polygon", "coordinates": [ [ [ -99.561042524005501, 27.447532382319849 ], [ -99.556470050297222, 27.447532382319849 ], [ -99.556470050297222, 27.443155364943198 ], [ -99.561042524005501, 27.443155364943198 ], [ -99.561042524005501, 27.447532382319849 ] ] ] } },
{ "type": "Feature", "properties": { "difference_1990_2000": 3.0, "difference_1990_2010": 3.0, "difference_1990_2020": 3.0 }, "geometry": { "type": "Polygon", "coordinates": [ [ [ -99.561042524005501, 27.53948951579148 ], [ -99.556470050297222, 27.539489515791463 ], [ -99.556470050297222, 27.535108879880394 ], [ -99.561042524005501, 27.535108879880394 ], [ -99.561042524005501, 27.53948951579148 ] ] ] } },
{ "type": "Feature", "properties": { "difference_1990_2000": -1.0, "difference_1990_2010": -1.0, "difference_1990_2020": -1.0 }, "geometry": { "type": "Polygon", "coordinates": [ [ [ -99.551897576588956, 27.539489515791519 ], [ -99.547325102880677, 27.53948951579148 ], [ -99.547325102880677, 27.535108879880379 ], [ -99.551897576588956, 27.535108879880394 ], [ -99.551897576588956, 27.539489515791519 ] ] ] } },
{ "type": "Feature", "properties": { "difference_1990_2000": 519.0, "difference_1990_2010": 512.0, "difference_1990_2020": 490.0 }, "geometry": { "type": "Polygon", "coordinates": [ [ [ -99.551897576588956, 27.508828690979581 ], [ -99.547325102880677, 27.508828690979581 ], [ -99.547325102880677, 27.504449263494806 ], [ -99.551897576588956, 27.504449263494806 ], [ -99.551897576588956, 27.508828690979581 ] ] ] } },
{ "type": "Feature", "properties": { "difference_1990_2000": 673.0, "difference_1990_2010": 735.0, "difference_1990_2020": 754.0 }, "geometry": { "type": "Polygon", "coordinates": [ [ [ -99.551897576588956, 27.465042170813014 ], [ -99.547325102880677, 27.465042170813014 ], [ -99.547325102880677, 27.460664465750192 ], [ -99.551897576588956, 27.460664465750192 ], [ -99.551897576588956, 27.465042170813014 ] ] ] } },
{ "type": "Feature", "properties": { "difference_1990_2000": 11.0, "difference_1990_2010": 8.0, "difference_1990_2020": 9.0 }, "geometry": { "type": "Polygon", "coordinates": [ [ [ -99.551897576588956, 27.52634812632288 ], [ -99.547325102880677, 27.52634812632288 ], [ -99.547325102880677, 27.521968008584562 ], [ -99.551897576588956, 27.521968008584576 ], [ -99.551897576588956, 27.52634812632288 ] ] ] } },
{ "type": "Feature", "properties": { "difference_1990_2000": 1249.0, "difference_1990_2010": 1454.0, "difference_1990_2020": 1404.0 }, "geometry": { "type": "Polygon", "coordinates": [ [ [ -99.551897576588956, 27.473798097092303 ], [ -99.547325102880677, 27.473798097092349 ], [ -99.547325102880677, 27.469420047911811 ], [ -99.551897576588956, 27.469420047911811 ], [ -99.551897576588956, 27.473798097092303 ] ] ] } },
{ "type": "Feature", "properties": { "difference_1990_2000": 418.0, "difference_1990_2010": 284.0, "difference_1990_2020": 429.0 }, "geometry": { "type": "Polygon", "coordinates": [ [ [ -99.551897576588956, 27.486933277582644 ], [ -99.547325102880677, 27.486933277582626 ], [ -99.547325102880677, 27.482554711881928 ], [ -99.551897576588956, 27.482554711881928 ], [ -99.551897576588956, 27.486933277582644 ] ] ] } },
{ "type": "Feature", "properties": { "difference_1990_2000": 675.0, "difference_1990_2010": 696.0, "difference_1990_2020": 714.0 }, "geometry": { "type": "Polygon", "coordinates": [ [ [ -99.551897576588956, 27.469420047911811 ], [ -99.547325102880677, 27.469420047911811 ], [ -99.547325102880677, 27.465042170813014 ], [ -99.551897576588956, 27.465042170813014 ], [ -99.551897576588956, 27.469420047911811 ] ] ] } },
{ "type": "Feature", "properties": { "difference_1990_2000": 54.0, "difference_1990_2010": 63.0, "difference_1990_2020": 27.0 }, "geometry": { "type": "Polygon", "coordinates": [ [ [ -99.551897576588956, 27.399394633034014 ], [ -99.547325102880677, 27.399394633034014 ], [ -99.547325102880677, 27.395019503024336 ], [ -99.551897576588956, 27.395019503024333 ], [ -99.551897576588956, 27.399394633034014 ] ] ] } },
{ "type": "Feature", "properties": { "difference_1990_2000": 13.0, "difference_1990_2010": 10.0, "difference_1990_2020": 10.0 }, "geometry": { "type": "Polygon", "coordinates": [ [ [ -99.551897576588956, 27.530728416739517 ], [ -99.547325102880677, 27.530728416739517 ], [ -99.547325102880677, 27.52634812632288 ], [ -99.551897576588956, 27.52634812632288 ], [ -99.551897576588956, 27.530728416739517 ] ] ] } },
{ "type": "Feature", "properties": { "difference_1990_2000": 76.0, "difference_1990_2010": 177.0, "difference_1990_2020": 463.0 }, "geometry": { "type": "Polygon", "coordinates": [ [ [ -99.551897576588956, 27.456286932677592 ], [ -99.547325102880677, 27.456286932677614 ], [ -99.547325102880677, 27.451909571549383 ], [ -99.551897576588956, 27.451909571549383 ], [ -99.551897576588956, 27.456286932677592 ] ] ] } },
{ "type": "Feature", "properties": { "difference_1990_2000": 1133.0, "difference_1990_2010": 961.0, "difference_1990_2020": 1043.0 }, "geometry": { "type": "Polygon", "coordinates": [ [ [ -99.551897576588956, 27.482554711881928 ], [ -99.547325102880677, 27.482554711881928 ], [ -99.547325102880677, 27.478176318400454 ], [ -99.551897576588956, 27.478176318400454 ], [ -99.551897576588956, 27.482554711881928 ] ] ] } },
{ "type": "Feature", "properties": { "difference_1990_2000": 515.0, "difference_1990_2010": 355.0, "difference_1990_2020": 395.0 }, "geometry": { "type": "Polygon", "coordinates": [ [ [ -99.551897576588956, 27.513208290958843 ], [ -99.547325102880677, 27.513208290958843 ], [ -99.547325102880677, 27.508828690979581 ], [ -99.551897576588956, 27.508828690979581 ], [ -99.551897576588956, 27.513208290958843 ] ] ] } },
{ "type": "Feature", "properties": { "difference_1990_2000": 433.0, "difference_1990_2010": 380.0, "difference_1990_2020": 406.0 }, "geometry": { "type": "Polygon", "coordinates": [ [ [ -99.551897576588956, 27.50007000845866 ], [ -99.547325102880677, 27.50007000845866 ], [ -99.547325102880677, 27.495690925825148 ], [ -99.551897576588956, 27.495690925825148 ], [ -99.551897576588956, 27.50007000845866 ] ] ] } },
{ "type": "Feature", "properties": { "difference_1990_2000": 7.0, "difference_1990_2010": 744.0, "difference_1990_2020": 1126.0 }, "geometry": { "type": "Polygon", "coordinates": [ [ [ -99.551897576588956, 27.443155364943198 ], [ -99.547325102880677, 27.443155364943198 ], [ -99.547325102880677, 27.438778519373805 ], [ -99.551897576588956, 27.438778519373781 ], [ -99.551897576588956, 27.443155364943198 ] ] ] } },
{ "type": "Feature", "properties": { "difference_1990_2000": 121.0, "difference_1990_2010": 104.0, "difference_1990_2020": 61.0 }, "geometry": { "type": "Polygon", "coordinates": [ [ [ -99.551897576588956, 27.416896867035003 ], [ -99.547325102880677, 27.416896867035003 ], [ -99.547325102880677, 27.412521051349191 ], [ -99.551897576588956, 27.412521051349191 ], [ -99.551897576588956, 27.416896867035003 ] ] ] } },
{ "type": "Feature", "properties": { "difference_1990_2000": 1680.0, "difference_1990_2010": 1668.0, "difference_1990_2020": 1580.0 }, "geometry": { "type": "Polygon", "coordinates": [ [ [ -99.551897576588956, 27.478176318400454 ], [ -99.547325102880677, 27.478176318400454 ], [ -99.547325102880677, 27.473798097092349 ], [ -99.551897576588956, 27.473798097092303 ], [ -99.551897576588956, 27.478176318400454 ] ] ] } },
{ "type": "Feature", "properties": { "difference_1990_2000": 10.0, "difference_1990_2010": 6.0, "difference_1990_2020": 4.0 }, "geometry": { "type": "Polygon", "coordinates": [ [ [ -99.551897576588956, 27.381895140643348 ], [ -99.547325102880677, 27.381895140643348 ], [ -99.547325102880677, 27.377520695580447 ], [ -99.551897576588956, 27.377520695580447 ], [ -99.551897576588956, 27.381895140643348 ] ] ] } },
{ "type": "Feature", "properties": { "difference_1990_2000": 393.0, "difference_1990_2010": 34.0, "difference_1990_2020": -13.0 }, "geometry": { "type": "Polygon", "coordinates": [ [ [ -99.551897576588956, 27.491312015548417 ], [ -99.547325102880677, 27.491312015548417 ], [ -99.547325102880677, 27.486933277582626 ], [ -99.551897576588956, 27.486933277582644 ], [ -99.551897576588956, 27.491312015548417 ] ] ] } },
{ "type": "Feature", "properties": { "difference_1990_2000": 65.0, "difference_1990_2010": 66.0, "difference_1990_2020": 42.0 }, "geometry": { "type": "Polygon", "coordinates": [ [ [ -99.551897576588956, 27.395019503024333 ], [ -99.547325102880677, 27.395019503024336 ], [ -99.547325102880677, 27.390644544319724 ], [ -99.551897576588956, 27.390644544319724 ], [ -99.551897576588956, 27.395019503024333 ] ] ] } },
{ "type": "Feature", "properties": { "difference_1990_2000": 558.0, "difference_1990_2010": 546.0, "difference_1990_2020": 625.0 }, "geometry": { "type": "Polygon", "coordinates": [ [ [ -99.551897576588956, 27.460664465750192 ], [ -99.547325102880677, 27.460664465750192 ], [ -99.547325102880677, 27.456286932677614 ], [ -99.551897576588956, 27.456286932677592 ], [ -99.551897576588956, 27.460664465750192 ] ] ] } },
{ "type": "Feature", "properties": { "difference_1990_2000": 248.0, "difference_1990_2010": 473.0, "difference_1990_2020": 523.0 }, "geometry": { "type": "Polygon", "coordinates": [ [ [ -99.551897576588956, 27.421272854253925 ], [ -99.547325102880677, 27.421272854253925 ], [ -99.547325102880677, 27.416896867035046 ], [ -99.551897576588956, 27.416896867035025 ], [ -99.551897576588956, 27.421272854253925 ] ] ] } },
{ "type": "Feature", "properties": { "difference_1990_2000": 540.0, "difference_1990_2010": 681.0, "difference_1990_2020": 741.0 }, "geometry": { "type": "Polygon", "coordinates": [ [ [ -99.551897576588956, 27.504449263494806 ], [ -99.547325102880677, 27.504449263494806 ], [ -99.547325102880677, 27.50007000845866 ], [ -99.551897576588956, 27.50007000845866 ], [ -99.551897576588956, 27.504449263494806 ] ] ] } },
{ "type": "Feature", "properties": { "difference_1990_2000": 204.0, "difference_1990_2010": 759.0, "difference_1990_2020": 1064.0 }, "geometry": { "type": "Polygon", "coordinates": [ [ [ -99.551897576588956, 27.425649013051611 ], [ -99.547325102880677, 27.425649013051611 ], [ -99.547325102880677, 27.421272854253925 ], [ -99.551897576588956, 27.421272854253925 ], [ -99.551897576588956, 27.425649013051611 ] ] ] } },
{ "type": "Feature", "properties": { "difference_1990_2000": 1.0, "difference_1990_2010": 0.0, "difference_1990_2020": 0.0 }, "geometry": { "type": "Polygon", "coordinates": [ [ [ -99.551897576588956, 27.535108879880394 ], [ -99.547325102880677, 27.535108879880379 ], [ -99.547325102880677, 27.530728416739517 ], [ -99.551897576588956, 27.530728416739517 ], [ -99.551897576588956, 27.535108879880394 ] ] ] } },
{ "type": "Feature", "properties": { "difference_1990_2000": 156.0, "difference_1990_2010": 572.0, "difference_1990_2020": 802.0 }, "geometry": { "type": "Polygon", "coordinates": [ [ [ -99.551897576588956, 27.430025343473687 ], [ -99.547325102880677, 27.430025343473687 ], [ -99.547325102880677, 27.425649013051611 ], [ -99.551897576588956, 27.425649013051611 ], [ -99.551897576588956, 27.430025343473687 ] ] ] } },
{ "type": "Feature", "properties": { "difference_1990_2000": 142.0, "difference_1990_2010": 610.0, "difference_1990_2020": 652.0 }, "geometry": { "type": "Polygon", "coordinates": [ [ [ -99.551897576588956, 27.517588063478534 ], [ -99.547325102880677, 27.517588063478499 ], [ -99.547325102880677, 27.513208290958843 ], [ -99.551897576588956, 27.513208290958843 ], [ -99.551897576588956, 27.517588063478534 ] ] ] } },
{ "type": "Feature", "properties": { "difference_1990_2000": 20.0, "difference_1990_2010": 22.0, "difference_1990_2020": 18.0 }, "geometry": { "type": "Polygon", "coordinates": [ [ [ -99.551897576588956, 27.408145407150833 ], [ -99.547325102880677, 27.408145407150833 ], [ -99.547325102880677, 27.403769934394305 ], [ -99.551897576588956, 27.403769934394322 ], [ -99.551897576588956, 27.408145407150833 ] ] ] } },
{ "type": "Feature", "properties": { "difference_1990_2000": 7.0, "difference_1990_2010": 52.0, "difference_1990_2020": 64.0 }, "geometry": { "type": "Polygon", "coordinates": [ [ [ -99.551897576588956, 27.390644544319724 ], [ -99.547325102880677, 27.390644544319724 ], [ -99.547325102880677, 27.386269756874576 ], [ -99.551897576588956, 27.386269756874604 ], [ -99.551897576588956, 27.390644544319724 ] ] ] } },
{ "type": "Feature", "properties": { "difference_1990_2000": -14.0, "difference_1990_2010": -376.0, "difference_1990_2020": -441.0 }, "geometry": { "type": "Polygon", "coordinates": [ [ [ -99.551897576588956, 27.495690925825148 ], [ -99.547325102880677, 27.495690925825148 ], [ -99.547325102880677, 27.491312015548417 ], [ -99.551897576588956, 27.491312015548417 ], [ -99.551897576588956, 27.495690925825148 ] ] ] } },
{ "type": "Feature", "properties": { "difference_1990_2000": 20.0, "difference_1990_2010": 120.0, "difference_1990_2020": 185.0 }, "geometry": { "type": "Polygon", "coordinates": [ [ [ -99.551897576588956, 27.438778519373781 ], [ -99.547325102880677, 27.438778519373805 ], [ -99.547325102880677, 27.434401845565834 ], [ -99.551897576588956, 27.434401845565834 ], [ -99.551897576588956, 27.438778519373781 ] ] ] } },
{ "type": "Feature", "properties": { "difference_1990_2000": 3.0, "difference_1990_2010": 8.0, "difference_1990_2020": 9.0 }, "geometry": { "type": "Polygon", "coordinates": [ [ [ -99.551897576588956, 27.412521051349191 ], [ -99.547325102880677, 27.412521051349191 ], [ -99.547325102880677, 27.408145407150833 ], [ -99.551897576588956, 27.408145407150833 ], [ -99.551897576588956, 27.412521051349191 ] ] ] } },
{ "type": "Feature", "properties": { "difference_1990_2000": 5.0, "difference_1990_2010": 359.0, "difference_1990_2020": 843.0 }, "geometry": { "type": "Polygon", "coordinates": [ [ [ -99.551897576588956, 27.451909571549383 ], [ -99.547325102880677, 27.451909571549383 ], [ -99.547325102880677, 27.447532382319849 ], [ -99.551897576588956, 27.447532382319849 ], [ -99.551897576588956, 27.451909571549383 ] ] ] } },
{ "type": "Feature", "properties": { "difference_1990_2000": 75.0, "difference_1990_2010": 293.0, "difference_1990_2020": 313.0 }, "geometry": { "type": "Polygon", "coordinates": [ [ [ -99.551897576588956, 27.521968008584576 ], [ -99.547325102880677, 27.521968008584562 ], [ -99.547325102880677, 27.517588063478499 ], [ -99.551897576588956, 27.517588063478534 ], [ -99.551897576588956, 27.521968008584576 ] ] ] } },
{ "type": "Feature", "properties": { "difference_1990_2000": 8.0, "difference_1990_2010": -2.0, "difference_1990_2020": -8.0 }, "geometry": { "type": "Polygon", "coordinates": [ [ [ -99.551897576588956, 27.386269756874604 ], [ -99.547325102880677, 27.386269756874576 ], [ -99.547325102880677, 27.381895140643348 ], [ -99.551897576588956, 27.381895140643348 ], [ -99.551897576588956, 27.386269756874604 ] ] ] } },
{ "type": "Feature", "properties": { "difference_1990_2000": 85.0, "difference_1990_2010": 76.0, "difference_1990_2020": 47.0 }, "geometry": { "type": "Polygon", "coordinates": [ [ [ -99.551897576588956, 27.403769934394322 ], [ -99.547325102880677, 27.403769934394305 ], [ -99.547325102880677, 27.399394633034014 ], [ -99.551897576588956, 27.399394633034014 ], [ -99.551897576588956, 27.403769934394322 ] ] ] } },
{ "type": "Feature", "properties": { "difference_1990_2000": 2.0, "difference_1990_2010": 920.0, "difference_1990_2020": 1443.0 }, "geometry": { "type": "Polygon", "coordinates": [ [ [ -99.551897576588956, 27.447532382319849 ], [ -99.547325102880677, 27.447532382319849 ], [ -99.547325102880677, 27.443155364943198 ], [ -99.551897576588956, 27.443155364943198 ], [ -99.551897576588956, 27.447532382319849 ] ] ] } },
{ "type": "Feature", "properties": { "difference_1990_2000": 23.0, "difference_1990_2010": 48.0, "difference_1990_2020": 71.0 }, "geometry": { "type": "Polygon", "coordinates": [ [ [ -99.551897576588956, 27.434401845565834 ], [ -99.547325102880677, 27.434401845565834 ], [ -99.547325102880677, 27.430025343473687 ], [ -99.551897576588956, 27.430025343473687 ], [ -99.551897576588956, 27.434401845565834 ] ] ] } },
{ "type": "Feature", "properties": { "difference_1990_2000": -2.0, "difference_1990_2010": -2.0, "difference_1990_2020": -2.0 }, "geometry": { "type": "Polygon", "coordinates": [ [ [ -99.542752629172398, 27.539489515791519 ], [ -99.538180155464104, 27.53948951579148 ], [ -99.538180155464104, 27.535108879880394 ], [ -99.542752629172398, 27.535108879880394 ], [ -99.542752629172398, 27.539489515791519 ] ] ] } },
{ "type": "Feature", "properties": { "difference_1990_2000": 687.0, "difference_1990_2010": 297.0, "difference_1990_2020": 376.0 }, "geometry": { "type": "Polygon", "coordinates": [ [ [ -99.542752629172398, 27.508828690979581 ], [ -99.538180155464104, 27.508828690979581 ], [ -99.538180155464104, 27.504449263494806 ], [ -99.542752629172398, 27.504449263494806 ], [ -99.542752629172398, 27.508828690979581 ] ] ] } },
{ "type": "Feature", "properties": { "difference_1990_2000": 92.0, "difference_1990_2010": 236.0, "difference_1990_2020": 262.0 }, "geometry": { "type": "Polygon", "coordinates": [ [ [ -99.542752629172398, 27.465042170813014 ], [ -99.538180155464104, 27.465042170812985 ], [ -99.538180155464104, 27.46066446575017 ], [ -99.542752629172398, 27.460664465750192 ], [ -99.542752629172398, 27.465042170813014 ] ] ] } },
{ "type": "Feature", "properties": { "difference_1990_2000": 2.0, "difference_1990_2010": 3.0, "difference_1990_2020": 2.0 }, "geometry": { "type": "Polygon", "coordinates": [ [ [ -99.542752629172398, 27.52634812632288 ], [ -99.538180155464104, 27.52634812632288 ], [ -99.538180155464104, 27.521968008584562 ], [ -99.542752629172398, 27.521968008584576 ], [ -99.542752629172398, 27.52634812632288 ] ] ] } },
{ "type": "Feature", "properties": { "difference_1990_2000": 768.0, "difference_1990_2010": 586.0, "difference_1990_2020": 603.0 }, "geometry": { "type": "Polygon", "coordinates": [ [ [ -99.542752629172398, 27.473798097092338 ], [ -99.538180155464104, 27.473798097092303 ], [ -99.538180155464104, 27.469420047911811 ], [ -99.542752629172398, 27.469420047911829 ], [ -99.542752629172398, 27.473798097092338 ] ] ] } },
{ "type": "Feature", "properties": { "difference_1990_2000": 167.0, "difference_1990_2010": 903.0, "difference_1990_2020": 1418.0 }, "geometry": { "type": "Polygon", "coordinates": [ [ [ -99.542752629172398, 27.486933277582644 ], [ -99.538180155464104, 27.486933277582644 ], [ -99.538180155464104, 27.482554711881928 ], [ -99.542752629172398, 27.482554711881928 ], [ -99.542752629172398, 27.486933277582644 ] ] ] } },
{ "type": "Feature", "properties": { "difference_1990_2000": 1020.0, "difference_1990_2010": 842.0, "difference_1990_2020": 827.0 }, "geometry": { "type": "Polygon", "coordinates": [ [ [ -99.542752629172398, 27.469420047911829 ], [ -99.538180155464104, 27.469420047911811 ], [ -99.538180155464104, 27.465042170812985 ], [ -99.542752629172398, 27.465042170813014 ], [ -99.542752629172398, 27.469420047911829 ] ] ] } },
{ "type": "Feature", "properties": { "difference_1990_2000": 90.0, "difference_1990_2010": 41.0, "difference_1990_2020": 20.0 }, "geometry": { "type": "Polygon", "coordinates": [ [ [ -99.542752629172398, 27.399394633034014 ], [ -99.538180155464104, 27.399394633034014 ], [ -99.538180155464104, 27.395019503024336 ], [ -99.542752629172398, 27.395019503024336 ], [ -99.542752629172398, 27.399394633034014 ] ] ] } },
{ "type": "Feature", "properties": { "difference_1990_2000": 89.0, "difference_1990_2010": 362.0, "difference_1990_2020": 652.0 }, "geometry": { "type": "Polygon", "coordinates": [ [ [ -99.542752629172398, 27.482554711881928 ], [ -99.538180155464104, 27.482554711881928 ], [ -99.538180155464104, 27.478176318400422 ], [ -99.542752629172398, 27.478176318400454 ], [ -99.542752629172398, 27.482554711881928 ] ] ] } },
{ "type": "Feature", "properties": { "difference_1990_2000": 19.0, "difference_1990_2010": 1293.0, "difference_1990_2020": 1401.0 }, "geometry": { "type": "Polygon", "coordinates": [ [ [ -99.542752629172398, 27.456286932677614 ], [ -99.538180155464104, 27.456286932677592 ], [ -99.538180155464104, 27.451909571549383 ], [ -99.542752629172398, 27.451909571549383 ], [ -99.542752629172398, 27.456286932677614 ] ] ] } },
{ "type": "Feature", "properties": { "difference_1990_2000": 5.0, "difference_1990_2010": 2.0, "difference_1990_2020": 3.0 }, "geometry": { "type": "Polygon", "coordinates": [ [ [ -99.542752629172398, 27.530728416739549 ], [ -99.538180155464104, 27.530728416739517 ], [ -99.538180155464104, 27.52634812632288 ], [ -99.542752629172398, 27.52634812632288 ], [ -99.542752629172398, 27.530728416739549 ] ] ] } },
{ "type": "Feature", "properties": { "difference_1990_2000": 409.0, "difference_1990_2010": -123.0, "difference_1990_2020": -73.0 }, "geometry": { "type": "Polygon", "coordinates": [ [ [ -99.542752629172398, 27.500070008458621 ], [ -99.538180155464104, 27.500070008458621 ], [ -99.538180155464104, 27.495690925825127 ], [ -99.542752629172398, 27.495690925825127 ], [ -99.542752629172398, 27.500070008458621 ] ] ] } },
{ "type": "Feature", "properties": { "difference_1990_2000": 58.0, "difference_1990_2010": 23.0, "difference_1990_2020": 41.0 }, "geometry": { "type": "Polygon", "coordinates": [ [ [ -99.542752629172398, 27.513208290958843 ], [ -99.538180155464104, 27.513208290958843 ], [ -99.538180155464104, 27.508828690979581 ], [ -99.542752629172398, 27.508828690979581 ], [ -99.542752629172398, 27.513208290958843 ] ] ] } },
{ "type": "Feature", "properties": { "difference_1990_2000": 276.0, "difference_1990_2010": 170.0, "difference_1990_2020": 37.0 }, "geometry": { "type": "Polygon", "coordinates": [ [ [ -99.542752629172398, 27.416896867035003 ], [ -99.538180155464104, 27.416896867035003 ], [ -99.538180155464104, 27.412521051349191 ], [ -99.542752629172398, 27.412521051349191 ], [ -99.542752629172398, 27.416896867035003 ] ] ] } },
{ "type": "Feature", "properties": { "difference_1990_2000": 18.0, "difference_1990_2010": 100.0, "difference_1990_2020": 141.0 }, "geometry": { "type": "Polygon", "coordinates": [ [ [ -99.542752629172398, 27.443155364943213 ], [ -99.538180155464104, 27.443155364943184 ], [ -99.538180155464104, 27.438778519373781 ], [ -99.542752629172398, 27.438778519373781 ], [ -99.542752629172398, 27.443155364943213 ] ] ] } },
{ "type": "Feature", "properties": { "difference_1990_2000": 32.0, "difference_1990_2010": -421.0, "difference_1990_2020": -498.0 }, "geometry": { "type": "Polygon", "coordinates": [ [ [ -99.542752629172398, 27.478176318400454 ], [ -99.538180155464104, 27.478176318400422 ], [ -99.538180155464104, 27.473798097092303 ], [ -99.542752629172398, 27.473798097092338 ], [ -99.542752629172398, 27.478176318400454 ] ] ] } },
{ "type": "Feature", "properties": { "difference_1990_2000": 44.0, "difference_1990_2010": 55.0, "difference_1990_2020": 55.0 }, "geometry": { "type": "Polygon", "coordinates": [ [ [ -99.542752629172398, 27.381895140643348 ], [ -99.538180155464104, 27.381895140643348 ], [ -99.538180155464104, 27.377520695580447 ], [ -99.542752629172398, 27.37752069558049 ], [ -99.542752629172398, 27.381895140643348 ] ] ] } },
{ "type": "Feature", "properties": { "difference_1990_2000": 57.0, "difference_1990_2010": -262.0, "difference_1990_2020": -302.0 }, "geometry": { "type": "Polygon", "coordinates": [ [ [ -99.542752629172398, 27.491312015548392 ], [ -99.538180155464104, 27.491312015548417 ], [ -99.538180155464104, 27.486933277582644 ], [ -99.542752629172398, 27.486933277582644 ], [ -99.542752629172398, 27.491312015548392 ] ] ] } },
{ "type": "Feature", "properties": { "difference_1990_2000": 89.0, "difference_1990_2010": 46.0, "difference_1990_2020": 25.0 }, "geometry": { "type": "Polygon", "coordinates": [ [ [ -99.542752629172398, 27.395019503024336 ], [ -99.538180155464104, 27.395019503024336 ], [ -99.538180155464104, 27.390644544319724 ], [ -99.542752629172398, 27.390644544319745 ], [ -99.542752629172398, 27.395019503024336 ] ] ] } },
{ "type": "Feature", "properties": { "difference_1990_2000": 5.0, "difference_1990_2010": 218.0, "difference_1990_2020": 257.0 }, "geometry": { "type": "Polygon", "coordinates": [ [ [ -99.542752629172398, 27.460664465750192 ], [ -99.538180155464104, 27.46066446575017 ], [ -99.538180155464104, 27.456286932677592 ], [ -99.542752629172398, 27.456286932677614 ], [ -99.542752629172398, 27.460664465750192 ] ] ] } },
{ "type": "Feature", "properties": { "difference_1990_2000": 259.0, "difference_1990_2010": 816.0, "difference_1990_2020": 798.0 }, "geometry": { "type": "Polygon", "coordinates": [ [ [ -99.542752629172398, 27.421272854253925 ], [ -99.538180155464104, 27.421272854253893 ], [ -99.538180155464104, 27.416896867035025 ], [ -99.542752629172398, 27.416896867035025 ], [ -99.542752629172398, 27.421272854253925 ] ] ] } },
{ "type": "Feature", "properties": { "difference_1990_2000": 925.0, "difference_1990_2010": 270.0, "difference_1990_2020": 395.0 }, "geometry": { "type": "Polygon", "coordinates": [ [ [ -99.542752629172398, 27.504449263494806 ], [ -99.538180155464104, 27.504449263494806 ], [ -99.538180155464104, 27.500070008458621 ], [ -99.542752629172398, 27.500070008458621 ], [ -99.542752629172398, 27.504449263494806 ] ] ] } },
{ "type": "Feature", "properties": { "difference_1990_2000": 257.0, "difference_1990_2010": 837.0, "difference_1990_2020": 823.0 }, "geometry": { "type": "Polygon", "coordinates": [ [ [ -99.542752629172398, 27.425649013051611 ], [ -99.538180155464104, 27.425649013051611 ], [ -99.538180155464104, 27.421272854253893 ], [ -99.542752629172398, 27.421272854253925 ], [ -99.542752629172398, 27.425649013051611 ] ] ] } },
{ "type": "Feature", "properties": { "difference_1990_2000": 3.0, "difference_1990_2010": 1.0, "difference_1990_2020": 1.0 }, "geometry": { "type": "Polygon", "coordinates": [ [ [ -99.542752629172398, 27.535108879880394 ], [ -99.538180155464104, 27.535108879880394 ], [ -99.538180155464104, 27.530728416739517 ], [ -99.542752629172398, 27.530728416739549 ], [ -99.542752629172398, 27.535108879880394 ] ] ] } },
{ "type": "Feature", "properties": { "difference_1990_2000": 79.0, "difference_1990_2010": 200.0, "difference_1990_2020": 195.0 }, "geometry": { "type": "Polygon", "coordinates": [ [ [ -99.542752629172398, 27.430025343473687 ], [ -99.538180155464104, 27.430025343473687 ], [ -99.538180155464104, 27.425649013051611 ], [ -99.542752629172398, 27.425649013051611 ], [ -99.542752629172398, 27.430025343473687 ] ] ] } },
{ "type": "Feature", "properties": { "difference_1990_2000": 51.0, "difference_1990_2010": 23.0, "difference_1990_2020": 32.0 }, "geometry": { "type": "Polygon", "coordinates": [ [ [ -99.542752629172398, 27.408145407150833 ], [ -99.538180155464104, 27.408145407150833 ], [ -99.538180155464104, 27.403769934394305 ], [ -99.542752629172398, 27.403769934394322 ], [ -99.542752629172398, 27.408145407150833 ] ] ] } },
{ "type": "Feature", "properties": { "difference_1990_2000": 20.0, "difference_1990_2010": 4.0, "difference_1990_2020": 15.0 }, "geometry": { "type": "Polygon", "coordinates": [ [ [ -99.542752629172398, 27.517588063478556 ], [ -99.538180155464104, 27.517588063478495 ], [ -99.538180155464104, 27.513208290958843 ], [ -99.542752629172398, 27.513208290958843 ], [ -99.542752629172398, 27.517588063478556 ] ] ] } },
{ "type": "Feature", "properties": { "difference_1990_2000": -111.0, "difference_1990_2010": -575.0, "difference_1990_2020": -589.0 }, "geometry": { "type": "Polygon", "coordinates": [ [ [ -99.542752629172398, 27.495690925825127 ], [ -99.538180155464104, 27.495690925825127 ], [ -99.538180155464104, 27.491312015548417 ], [ -99.542752629172398, 27.491312015548392 ], [ -99.542752629172398, 27.495690925825127 ] ] ] } },
{ "type": "Feature", "properties": { "difference_1990_2000": 87.0, "difference_1990_2010": 109.0, "difference_1990_2020": 109.0 }, "geometry": { "type": "Polygon", "coordinates": [ [ [ -99.542752629172398, 27.386269756874576 ], [ -99.538180155464104, 27.386269756874576 ], [ -99.538180155464104, 27.381895140643348 ], [ -99.542752629172398, 27.381895140643348 ], [ -99.542752629172398, 27.386269756874576 ] ] ] } },
{ "type": "Feature", "properties": { "difference_1990_2000": 23.0, "difference_1990_2010": 48.0, "difference_1990_2020": 71.0 }, "geometry": { "type": "Polygon", "coordinates": [ [ [ -99.542752629172398, 27.438778519373781 ], [ -99.538180155464104, 27.438778519373781 ], [ -99.538180155464104, 27.434401845565834 ], [ -99.542752629172398, 27.434401845565834 ], [ -99.542752629172398, 27.438778519373781 ] ] ] } },
{ "type": "Feature", "properties": { "difference_1990_2000": 112.0, "difference_1990_2010": 179.0, "difference_1990_2020": 182.0 }, "geometry": { "type": "Polygon", "coordinates": [ [ [ -99.542752629172398, 27.390644544319745 ], [ -99.538180155464104, 27.390644544319724 ], [ -99.538180155464104, 27.386269756874576 ], [ -99.542752629172398, 27.386269756874576 ], [ -99.542752629172398, 27.390644544319745 ] ] ] } },
{ "type": "Feature", "properties": { "difference_1990_2000": 7.0, "difference_1990_2010": 6.0, "difference_1990_2020": -3.0 }, "geometry": { "type": "Polygon", "coordinates": [ [ [ -99.542752629172398, 27.412521051349191 ], [ -99.538180155464104, 27.412521051349191 ], [ -99.538180155464104, 27.408145407150833 ], [ -99.542752629172398, 27.408145407150833 ], [ -99.542752629172398, 27.412521051349191 ] ] ] } },
{ "type": "Feature", "properties": { "difference_1990_2000": 16.0, "difference_1990_2010": 392.0, "difference_1990_2020": 984.0 }, "geometry": { "type": "Polygon", "coordinates": [ [ [ -99.542752629172398, 27.451909571549383 ], [ -99.538180155464104, 27.451909571549383 ], [ -99.538180155464104, 27.447532382319849 ], [ -99.542752629172398, 27.447532382319849 ], [ -99.542752629172398, 27.451909571549383 ] ] ] } },
{ "type": "Feature", "properties": { "difference_1990_2000": -1.0, "difference_1990_2010": -1.0, "difference_1990_2020": -1.0 }, "geometry": { "type": "Polygon", "coordinates": [ [ [ -99.542752629172398, 27.543870324518888 ], [ -99.538180155464104, 27.543870324518835 ], [ -99.538180155464104, 27.53948951579148 ], [ -99.542752629172398, 27.539489515791519 ], [ -99.542752629172398, 27.543870324518888 ] ] ] } },
{ "type": "Feature", "properties": { "difference_1990_2000": 1.0, "difference_1990_2010": 3.0, "difference_1990_2020": 3.0 }, "geometry": { "type": "Polygon", "coordinates": [ [ [ -99.542752629172398, 27.521968008584576 ], [ -99.538180155464104, 27.521968008584562 ], [ -99.538180155464104, 27.517588063478495 ], [ -99.542752629172398, 27.517588063478556 ], [ -99.542752629172398, 27.521968008584576 ] ] ] } },
{ "type": "Feature", "properties": { "difference_1990_2000": 69.0, "difference_1990_2010": 31.0, "difference_1990_2020": 34.0 }, "geometry": { "type": "Polygon", "coordinates": [ [ [ -99.542752629172398, 27.403769934394322 ], [ -99.538180155464104, 27.403769934394305 ], [ -99.538180155464104, 27.399394633034014 ], [ -99.542752629172398, 27.399394633034014 ], [ -99.542752629172398, 27.403769934394322 ] ] ] } },
{ "type": "Feature", "properties": { "difference_1990_2000": 16.0, "difference_1990_2010": 218.0, "difference_1990_2020": 519.0 }, "geometry": { "type": "Polygon", "coordinates": [ [ [ -99.542752629172398, 27.447532382319849 ], [ -99.538180155464104, 27.447532382319849 ], [ -99.538180155464104, 27.443155364943184 ], [ -99.542752629172398, 27.443155364943213 ], [ -99.542752629172398, 27.447532382319849 ] ] ] } },
{ "type": "Feature", "properties": { "difference_1990_2000": 25.0, "difference_1990_2010": 48.0, "difference_1990_2020": 66.0 }, "geometry": { "type": "Polygon", "coordinates": [ [ [ -99.542752629172398, 27.434401845565834 ], [ -99.538180155464104, 27.434401845565834 ], [ -99.538180155464104, 27.430025343473687 ], [ -99.542752629172398, 27.430025343473687 ], [ -99.542752629172398, 27.434401845565834 ] ] ] } },
{ "type": "Feature", "properties": { "difference_1990_2000": 0.0, "difference_1990_2010": 1.0, "difference_1990_2020": 1.0 }, "geometry": { "type": "Polygon", "coordinates": [ [ [ -99.533607681755839, 27.52634812632288 ], [ -99.52903520804756, 27.52634812632288 ], [ -99.52903520804756, 27.521968008584576 ], [ -99.533607681755839, 27.521968008584562 ], [ -99.533607681755839, 27.52634812632288 ] ] ] } },
{ "type": "Feature", "properties": { "difference_1990_2000": 191.0, "difference_1990_2010": -124.0, "difference_1990_2020": -176.0 }, "geometry": { "type": "Polygon", "coordinates": [ [ [ -99.533607681755839, 27.465042170813032 ], [ -99.52903520804756, 27.465042170813014 ], [ -99.52903520804756, 27.460664465750192 ], [ -99.533607681755839, 27.46066446575022 ], [ -99.533607681755839, 27.465042170813032 ] ] ] } },
{ "type": "Feature", "properties": { "difference_1990_2000": 37.0, "difference_1990_2010": 6.0, "difference_1990_2020": 25.0 }, "geometry": { "type": "Polygon", "coordinates": [ [ [ -99.533607681755839, 27.50882869097962 ], [ -99.52903520804756, 27.508828690979581 ], [ -99.52903520804756, 27.504449263494806 ], [ -99.533607681755839, 27.504449263494806 ], [ -99.533607681755839, 27.50882869097962 ] ] ] } },
{ "type": "Feature", "properties": { "difference_1990_2000": -169.0, "difference_1990_2010": -731.0, "difference_1990_2020": -848.0 }, "geometry": { "type": "Polygon", "coordinates": [ [ [ -99.533607681755839, 27.473798097092338 ], [ -99.52903520804756, 27.473798097092338 ], [ -99.52903520804756, 27.469420047911811 ], [ -99.533607681755839, 27.469420047911811 ], [ -99.533607681755839, 27.473798097092338 ] ] ] } },
{ "type": "Feature", "properties": { "difference_1990_2000": 112.0, "difference_1990_2010": -270.0, "difference_1990_2020": -316.0 }, "geometry": { "type": "Polygon", "coordinates": [ [ [ -99.533607681755839, 27.469420047911811 ], [ -99.52903520804756, 27.469420047911811 ], [ -99.52903520804756, 27.465042170813014 ], [ -99.533607681755839, 27.465042170813032 ], [ -99.533607681755839, 27.469420047911811 ] ] ] } },
{ "type": "Feature", "properties": { "difference_1990_2000": -58.0, "difference_1990_2010": -760.0, "difference_1990_2020": -854.0 }, "geometry": { "type": "Polygon", "coordinates": [ [ [ -99.533607681755839, 27.486933277582668 ], [ -99.52903520804756, 27.486933277582626 ], [ -99.52903520804756, 27.482554711881928 ], [ -99.533607681755839, 27.482554711881949 ], [ -99.533607681755839, 27.486933277582668 ] ] ] } },
{ "type": "Feature", "properties": { "difference_1990_2000": 0.0, "difference_1990_2010": 1.0, "difference_1990_2020": 0.0 }, "geometry": { "type": "Polygon", "coordinates": [ [ [ -99.533607681755839, 27.399394633034014 ], [ -99.52903520804756, 27.399394633034014 ], [ -99.52903520804756, 27.395019503024336 ], [ -99.533607681755839, 27.395019503024379 ], [ -99.533607681755839, 27.399394633034014 ] ] ] } },
{ "type": "Feature", "properties": { "difference_1990_2000": 5.0, "difference_1990_2010": 3.0, "difference_1990_2020": 3.0 }, "geometry": { "type": "Polygon", "coordinates": [ [ [ -99.533607681755839, 27.530728416739517 ], [ -99.52903520804756, 27.530728416739517 ], [ -99.52903520804756, 27.52634812632288 ], [ -99.533607681755839, 27.52634812632288 ], [ -99.533607681755839, 27.530728416739517 ] ] ] } },
{ "type": "Feature", "properties": { "difference_1990_2000": 6.0, "difference_1990_2010": 685.0, "difference_1990_2020": 771.0 }, "geometry": { "type": "Polygon", "coordinates": [ [ [ -99.533607681755839, 27.456286932677614 ], [ -99.52903520804756, 27.456286932677592 ], [ -99.52903520804756, 27.451909571549383 ], [ -99.533607681755839, 27.451909571549383 ], [ -99.533607681755839, 27.456286932677614 ] ] ] } },
{ "type": "Feature", "properties": { "difference_1990_2000": 37.0, "difference_1990_2010": 6.0, "difference_1990_2020": 25.0 }, "geometry": { "type": "Polygon", "coordinates": [ [ [ -99.533607681755839, 27.513208290958843 ], [ -99.52903520804756, 27.513208290958843 ], [ -99.52903520804756, 27.508828690979581 ], [ -99.533607681755839, 27.50882869097962 ], [ -99.533607681755839, 27.513208290958843 ] ] ] } },
{ "type": "Feature", "properties": { "difference_1990_2000": 113.0, "difference_1990_2010": -587.0, "difference_1990_2020": -712.0 }, "geometry": { "type": "Polygon", "coordinates": [ [ [ -99.533607681755839, 27.482554711881949 ], [ -99.52903520804756, 27.482554711881928 ], [ -99.52903520804756, 27.478176318400454 ], [ -99.533607681755839, 27.478176318400454 ], [ -99.533607681755839, 27.482554711881949 ] ] ] } },
{ "type": "Feature", "properties": { "difference_1990_2000": 37.0, "difference_1990_2010": 65.0, "difference_1990_2020": 90.0 }, "geometry": { "type": "Polygon", "coordinates": [ [ [ -99.533607681755839, 27.416896867034971 ], [ -99.52903520804756, 27.416896867035025 ], [ -99.52903520804756, 27.41252105134922 ], [ -99.533607681755839, 27.41252105134922 ], [ -99.533607681755839, 27.416896867034971 ] ] ] } },
{ "type": "Feature", "properties": { "difference_1990_2000": -301.0, "difference_1990_2010": -910.0, "difference_1990_2020": -1008.0 }, "geometry": { "type": "Polygon", "coordinates": [ [ [ -99.533607681755839, 27.50007000845866 ], [ -99.52903520804756, 27.500070008458621 ], [ -99.52903520804756, 27.495690925825127 ], [ -99.533607681755839, 27.495690925825148 ], [ -99.533607681755839, 27.50007000845866 ] ] ] } },
{ "type": "Feature", "properties": { "difference_1990_2000": 7.0, "difference_1990_2010": 442.0, "difference_1990_2020": 616.0 }, "geometry": { "type": "Polygon", "coordinates": [ [ [ -99.533607681755839, 27.443155364943198 ], [ -99.52903520804756, 27.443155364943198 ], [ -99.52903520804756, 27.438778519373781 ], [ -99.533607681755839, 27.438778519373805 ], [ -99.533607681755839, 27.443155364943198 ] ] ] } },
{ "type": "Feature", "properties": { "difference_1990_2000": 19.0, "difference_1990_2010": -557.0, "difference_1990_2020": -704.0 }, "geometry": { "type": "Polygon", "coordinates": [ [ [ -99.533607681755839, 27.478176318400454 ], [ -99.52903520804756, 27.478176318400454 ], [ -99.52903520804756, 27.473798097092338 ], [ -99.533607681755839, 27.473798097092338 ], [ -99.533607681755839, 27.478176318400454 ] ] ] } },
{ "type": "Feature", "properties": { "difference_1990_2000": -202.0, "difference_1990_2010": -865.0, "difference_1990_2020": -909.0 }, "geometry": { "type": "Polygon", "coordinates": [ [ [ -99.533607681755839, 27.491312015548392 ], [ -99.52903520804756, 27.491312015548417 ], [ -99.52903520804756, 27.486933277582626 ], [ -99.533607681755839, 27.486933277582668 ], [ -99.533607681755839, 27.491312015548392 ] ] ] } },
{ "type": "Feature", "properties": { "difference_1990_2000": -49.0, "difference_1990_2010": -187.0, "difference_1990_2020": -201.0 }, "geometry": { "type": "Polygon", "coordinates": [ [ [ -99.533607681755839, 27.504449263494806 ], [ -99.52903520804756, 27.504449263494806 ], [ -99.52903520804756, 27.500070008458621 ], [ -99.533607681755839, 27.50007000845866 ], [ -99.533607681755839, 27.504449263494806 ] ] ] } },
{ "type": "Feature", "properties": { "difference_1990_2000": 45.0, "difference_1990_2010": 601.0, "difference_1990_2020": 651.0 }, "geometry": { "type": "Polygon", "coordinates": [ [ [ -99.533607681755839, 27.46066446575022 ], [ -99.52903520804756, 27.460664465750192 ], [ -99.52903520804756, 27.456286932677592 ], [ -99.533607681755839, 27.456286932677614 ], [ -99.533607681755839, 27.46066446575022 ] ] ] } },
{ "type": "Feature", "properties": { "difference_1990_2000": -4.0, "difference_1990_2010": 87.0, "difference_1990_2020": 147.0 }, "geometry": { "type": "Polygon", "coordinates": [ [ [ -99.533607681755839, 27.421272854253949 ], [ -99.52903520804756, 27.421272854253925 ], [ -99.52903520804756, 27.416896867035046 ], [ -99.533607681755839, 27.416896867035003 ], [ -99.533607681755839, 27.421272854253949 ] ] ] } },
{ "type": "Feature", "properties": { "difference_1990_2000": 0.0, "difference_1990_2010": 366.0, "difference_1990_2020": 340.0 }, "geometry": { "type": "Polygon", "coordinates": [ [ [ -99.533607681755839, 27.395019503024379 ], [ -99.52903520804756, 27.395019503024336 ], [ -99.52903520804756, 27.390644544319745 ], [ -99.533607681755839, 27.390644544319724 ], [ -99.533607681755839, 27.395019503024379 ] ] ] } },
{ "type": "Feature", "properties": { "difference_1990_2000": 36.0, "difference_1990_2010": 202.0, "difference_1990_2020": 251.0 }, "geometry": { "type": "Polygon", "coordinates": [ [ [ -99.533607681755839, 27.425649013051611 ], [ -99.52903520804756, 27.425649013051629 ], [ -99.52903520804756, 27.421272854253925 ], [ -99.533607681755839, 27.421272854253949 ], [ -99.533607681755839, 27.425649013051611 ] ] ] } },
{ "type": "Feature", "properties": { "difference_1990_2000": 36.0, "difference_1990_2010": 6.0, "difference_1990_2020": 25.0 }, "geometry": { "type": "Polygon", "coordinates": [ [ [ -99.533607681755839, 27.517588063478499 ], [ -99.52903520804756, 27.517588063478499 ], [ -99.52903520804756, 27.513208290958843 ], [ -99.533607681755839, 27.513208290958843 ], [ -99.533607681755839, 27.517588063478499 ] ] ] } },
{ "type": "Feature", "properties": { "difference_1990_2000": 2.0, "difference_1990_2010": 1.0, "difference_1990_2020": 1.0 }, "geometry": { "type": "Polygon", "coordinates": [ [ [ -99.533607681755839, 27.535108879880394 ], [ -99.52903520804756, 27.535108879880394 ], [ -99.52903520804756, 27.530728416739517 ], [ -99.533607681755839, 27.530728416739517 ], [ -99.533607681755839, 27.535108879880394 ] ] ] } },
{ "type": "Feature", "properties": { "difference_1990_2000": 27.0, "difference_1990_2010": 70.0, "difference_1990_2020": 85.0 }, "geometry": { "type": "Polygon", "coordinates": [ [ [ -99.533607681755839, 27.430025343473687 ], [ -99.52903520804756, 27.430025343473687 ], [ -99.52903520804756, 27.425649013051629 ], [ -99.533607681755839, 27.425649013051611 ], [ -99.533607681755839, 27.430025343473687 ] ] ] } },
{ "type": "Feature", "properties": { "difference_1990_2000": 58.0, "difference_1990_2010": 25.0, "difference_1990_2020": 36.0 }, "geometry": { "type": "Polygon", "coordinates": [ [ [ -99.533607681755839, 27.408145407150833 ], [ -99.52903520804756, 27.408145407150833 ], [ -99.52903520804756, 27.403769934394305 ], [ -99.533607681755839, 27.403769934394305 ], [ -99.533607681755839, 27.408145407150833 ] ] ] } },
{ "type": "Feature", "properties": { "difference_1990_2000": -1.0, "difference_1990_2010": -1.0, "difference_1990_2020": -1.0 }, "geometry": { "type": "Polygon", "coordinates": [ [ [ -99.533607681755839, 27.543870324518835 ], [ -99.52903520804756, 27.543870324518835 ], [ -99.52903520804756, 27.53948951579148 ], [ -99.533607681755839, 27.53948951579148 ], [ -99.533607681755839, 27.543870324518835 ] ] ] } },
{ "type": "Feature", "properties": { "difference_1990_2000": 0.0, "difference_1990_2010": 223.0, "difference_1990_2020": 239.0 }, "geometry": { "type": "Polygon", "coordinates": [ [ [ -99.533607681755839, 27.390644544319724 ], [ -99.52903520804756, 27.390644544319745 ], [ -99.52903520804756, 27.386269756874576 ], [ -99.533607681755839, 27.386269756874604 ], [ -99.533607681755839, 27.390644544319724 ] ] ] } },
{ "type": "Feature", "properties": { "difference_1990_2000": -272.0, "difference_1990_2010": -903.0, "difference_1990_2020": -980.0 }, "geometry": { "type": "Polygon", "coordinates": [ [ [ -99.533607681755839, 27.495690925825148 ], [ -99.52903520804756, 27.495690925825127 ], [ -99.52903520804756, 27.491312015548417 ], [ -99.533607681755839, 27.491312015548392 ], [ -99.533607681755839, 27.495690925825148 ] ] ] } },
{ "type": "Feature", "properties": { "difference_1990_2000": 2.0, "difference_1990_2010": 2.0, "difference_1990_2020": 2.0 }, "geometry": { "type": "Polygon", "coordinates": [ [ [ -99.533607681755839, 27.521968008584562 ], [ -99.52903520804756, 27.521968008584576 ], [ -99.52903520804756, 27.517588063478499 ], [ -99.533607681755839, 27.517588063478499 ], [ -99.533607681755839, 27.521968008584562 ] ] ] } },
{ "type": "Feature", "properties": { "difference_1990_2000": 6.0, "difference_1990_2010": 161.0, "difference_1990_2020": 248.0 }, "geometry": { "type": "Polygon", "coordinates": [ [ [ -99.533607681755839, 27.451909571549383 ], [ -99.52903520804756, 27.451909571549383 ], [ -99.52903520804756, 27.447532382319849 ], [ -99.533607681755839, 27.447532382319849 ], [ -99.533607681755839, 27.451909571549383 ] ] ] } },
{ "type": "Feature", "properties": { "difference_1990_2000": 0.0, "difference_1990_2010": 22.0, "difference_1990_2020": 25.0 }, "geometry": { "type": "Polygon", "coordinates": [ [ [ -99.533607681755839, 27.386269756874604 ], [ -99.52903520804756, 27.386269756874576 ], [ -99.52903520804756, 27.381895140643348 ], [ -99.533607681755839, 27.381895140643348 ], [ -99.533607681755839, 27.386269756874604 ] ] ] } },
{ "type": "Feature", "properties": { "difference_1990_2000": 10.0, "difference_1990_2010": 135.0, "difference_1990_2020": 192.0 }, "geometry": { "type": "Polygon", "coordinates": [ [ [ -99.533607681755839, 27.438778519373805 ], [ -99.52903520804756, 27.438778519373781 ], [ -99.52903520804756, 27.434401845565834 ], [ -99.533607681755839, 27.434401845565834 ], [ -99.533607681755839, 27.438778519373805 ] ] ] } },
{ "type": "Feature", "properties": { "difference_1990_2000": 101.0, "difference_1990_2010": 34.0, "difference_1990_2020": 9.0 }, "geometry": { "type": "Polygon", "coordinates": [ [ [ -99.533607681755839, 27.41252105134922 ], [ -99.52903520804756, 27.41252105134922 ], [ -99.52903520804756, 27.408145407150833 ], [ -99.533607681755839, 27.408145407150833 ], [ -99.533607681755839, 27.41252105134922 ] ] ] } },
{ "type": "Feature", "properties": { "difference_1990_2000": 29.0, "difference_1990_2010": 13.0, "difference_1990_2020": 19.0 }, "geometry": { "type": "Polygon", "coordinates": [ [ [ -99.533607681755839, 27.403769934394305 ], [ -99.52903520804756, 27.403769934394305 ], [ -99.52903520804756, 27.399394633034014 ], [ -99.533607681755839, 27.399394633034014 ], [ -99.533607681755839, 27.403769934394305 ] ] ] } },
{ "type": "Feature", "properties": { "difference_1990_2000": 16.0, "difference_1990_2010": 611.0, "difference_1990_2020": 844.0 }, "geometry": { "type": "Polygon", "coordinates": [ [ [ -99.533607681755839, 27.447532382319849 ], [ -99.52903520804756, 27.447532382319849 ], [ -99.52903520804756, 27.443155364943198 ], [ -99.533607681755839, 27.443155364943198 ], [ -99.533607681755839, 27.447532382319849 ] ] ] } },
{ "type": "Feature", "properties": { "difference_1990_2000": -1.0, "difference_1990_2010": 0.0, "difference_1990_2020": 0.0 }, "geometry": { "type": "Polygon", "coordinates": [ [ [ -99.533607681755839, 27.53948951579148 ], [ -99.52903520804756, 27.53948951579148 ], [ -99.52903520804756, 27.535108879880394 ], [ -99.533607681755839, 27.535108879880394 ], [ -99.533607681755839, 27.53948951579148 ] ] ] } },
{ "type": "Feature", "properties": { "difference_1990_2000": 35.0, "difference_1990_2010": 67.0, "difference_1990_2020": 69.0 }, "geometry": { "type": "Polygon", "coordinates": [ [ [ -99.533607681755839, 27.434401845565834 ], [ -99.52903520804756, 27.434401845565834 ], [ -99.52903520804756, 27.430025343473687 ], [ -99.533607681755839, 27.430025343473687 ], [ -99.533607681755839, 27.434401845565834 ] ] ] } },
{ "type": "Feature", "properties": { "difference_1990_2000": 34.0, "difference_1990_2010": 11.0, "difference_1990_2020": 27.0 }, "geometry": { "type": "Polygon", "coordinates": [ [ [ -99.524462734339281, 27.465042170812985 ], [ -99.519890260631001, 27.465042170813014 ], [ -99.519890260631001, 27.460664465750192 ], [ -99.524462734339281, 27.460664465750192 ], [ -99.524462734339281, 27.465042170812985 ] ] ] } },
{ "type": "Feature", "properties": { "difference_1990_2000": 59.0, "difference_1990_2010": -4.0, "difference_1990_2020": 18.0 }, "geometry": { "type": "Polygon", "coordinates": [ [ [ -99.524462734339281, 27.469420047911779 ], [ -99.519890260631001, 27.469420047911811 ], [ -99.519890260631001, 27.465042170813014 ], [ -99.524462734339281, 27.465042170812985 ], [ -99.524462734339281, 27.469420047911779 ] ] ] } },
{ "type": "Feature", "properties": { "difference_1990_2000": 39.0, "difference_1990_2010": -54.0, "difference_1990_2020": -2.0 }, "geometry": { "type": "Polygon", "coordinates": [ [ [ -99.524462734339281, 27.473798097092338 ], [ -99.519890260631001, 27.473798097092338 ], [ -99.519890260631001, 27.469420047911811 ], [ -99.524462734339281, 27.469420047911779 ], [ -99.524462734339281, 27.473798097092338 ] ] ] } },
{ "type": "Feature", "properties": { "difference_1990_2000": -305.0, "difference_1990_2010": -778.0, "difference_1990_2020": -964.0 }, "geometry": { "type": "Polygon", "coordinates": [ [ [ -99.524462734339281, 27.486933277582644 ], [ -99.519890260631001, 27.486933277582644 ], [ -99.519890260631001, 27.482554711881928 ], [ -99.524462734339281, 27.482554711881928 ], [ -99.524462734339281, 27.486933277582644 ] ] ] } },
{ "type": "Feature", "properties": { "difference_1990_2000": 15.0, "difference_1990_2010": 24.0, "difference_1990_2020": 33.0 }, "geometry": { "type": "Polygon", "coordinates": [ [ [ -99.524462734339281, 27.456286932677592 ], [ -99.519890260631001, 27.456286932677614 ], [ -99.519890260631001, 27.4519095715494 ], [ -99.524462734339281, 27.451909571549383 ], [ -99.524462734339281, 27.456286932677592 ] ] ] } },
{ "type": "Feature", "properties": { "difference_1990_2000": -309.0, "difference_1990_2010": -742.0, "difference_1990_2020": -986.0 }, "geometry": { "type": "Polygon", "coordinates": [ [ [ -99.524462734339281, 27.482554711881928 ], [ -99.519890260631001, 27.482554711881928 ], [ -99.519890260631001, 27.478176318400454 ], [ -99.524462734339281, 27.478176318400422 ], [ -99.524462734339281, 27.482554711881928 ] ] ] } },
{ "type": "Feature", "properties": { "difference_1990_2000": -28.0, "difference_1990_2010": -65.0, "difference_1990_2020": -84.0 }, "geometry": { "type": "Polygon", "coordinates": [ [ [ -99.524462734339281, 27.500070008458621 ], [ -99.519890260631001, 27.500070008458621 ], [ -99.519890260631001, 27.495690925825127 ], [ -99.524462734339281, 27.495690925825127 ], [ -99.524462734339281, 27.500070008458621 ] ] ] } },
{ "type": "Feature", "properties": { "difference_1990_2000": 0.0, "difference_1990_2010": 0.0, "difference_1990_2020": 30.0 }, "geometry": { "type": "Polygon", "coordinates": [ [ [ -99.524462734339281, 27.416896867034971 ], [ -99.519890260631001, 27.416896867035003 ], [ -99.519890260631001, 27.41252105134922 ], [ -99.524462734339281, 27.412521051349167 ], [ -99.524462734339281, 27.416896867034971 ] ] ] } },
{ "type": "Feature", "properties": { "difference_1990_2000": 14.0, "difference_1990_2010": 162.0, "difference_1990_2020": 243.0 }, "geometry": { "type": "Polygon", "coordinates": [ [ [ -99.524462734339281, 27.443155364943198 ], [ -99.519890260631001, 27.443155364943198 ], [ -99.519890260631001, 27.438778519373781 ], [ -99.524462734339281, 27.438778519373805 ], [ -99.524462734339281, 27.443155364943198 ] ] ] } },
{ "type": "Feature", "properties": { "difference_1990_2000": -124.0, "difference_1990_2010": -374.0, "difference_1990_2020": -455.0 }, "geometry": { "type": "Polygon", "coordinates": [ [ [ -99.524462734339281, 27.478176318400422 ], [ -99.519890260631001, 27.478176318400454 ], [ -99.519890260631001, 27.473798097092338 ], [ -99.524462734339281, 27.473798097092338 ], [ -99.524462734339281, 27.478176318400422 ] ] ] } },
{ "type": "Feature", "properties": { "difference_1990_2000": -169.0, "difference_1990_2010": -443.0, "difference_1990_2020": -543.0 }, "geometry": { "type": "Polygon", "coordinates": [ [ [ -99.524462734339281, 27.491312015548392 ], [ -99.519890260631001, 27.491312015548438 ], [ -99.519890260631001, 27.486933277582644 ], [ -99.524462734339281, 27.486933277582644 ], [ -99.524462734339281, 27.491312015548392 ] ] ] } },
{ "type": "Feature", "properties": { "difference_1990_2000": 19.0, "difference_1990_2010": 34.0, "difference_1990_2020": 14.0 }, "geometry": { "type": "Polygon", "coordinates": [ [ [ -99.524462734339281, 27.460664465750192 ], [ -99.519890260631001, 27.460664465750192 ], [ -99.519890260631001, 27.456286932677614 ], [ -99.524462734339281, 27.456286932677592 ], [ -99.524462734339281, 27.460664465750192 ] ] ] } },
{ "type": "Feature", "properties": { "difference_1990_2000": -1.0, "difference_1990_2010": 25.0, "difference_1990_2020": 62.0 }, "geometry": { "type": "Polygon", "coordinates": [ [ [ -99.524462734339281, 27.421272854253925 ], [ -99.519890260631001, 27.421272854253925 ], [ -99.519890260631001, 27.416896867035025 ], [ -99.524462734339281, 27.416896867035003 ], [ -99.524462734339281, 27.421272854253925 ] ] ] } },
{ "type": "Feature", "properties": { "difference_1990_2000": -3.0, "difference_1990_2010": 52.0, "difference_1990_2020": 94.0 }, "geometry": { "type": "Polygon", "coordinates": [ [ [ -99.524462734339281, 27.425649013051611 ], [ -99.519890260631001, 27.425649013051611 ], [ -99.519890260631001, 27.421272854253925 ], [ -99.524462734339281, 27.421272854253925 ], [ -99.524462734339281, 27.425649013051611 ] ] ] } },
{ "type": "Feature", "properties": { "difference_1990_2000": 0.0, "difference_1990_2010": 1.0, "difference_1990_2020": 1.0 }, "geometry": { "type": "Polygon", "coordinates": [ [ [ -99.524462734339281, 27.535108879880379 ], [ -99.519890260631001, 27.535108879880394 ], [ -99.519890260631001, 27.530728416739549 ], [ -99.524462734339281, 27.530728416739496 ], [ -99.524462734339281, 27.535108879880379 ] ] ] } },
{ "type": "Feature", "properties": { "difference_1990_2000": -4.0, "difference_1990_2010": 82.0, "difference_1990_2020": 139.0 }, "geometry": { "type": "Polygon", "coordinates": [ [ [ -99.524462734339281, 27.430025343473687 ], [ -99.519890260631001, 27.430025343473687 ], [ -99.519890260631001, 27.425649013051611 ], [ -99.524462734339281, 27.425649013051611 ], [ -99.524462734339281, 27.430025343473687 ] ] ] } },
{ "type": "Feature", "properties": { "difference_1990_2000": 0.0, "difference_1990_2010": 2013.0, "difference_1990_2020": 2190.0 }, "geometry": { "type": "Polygon", "coordinates": [ [ [ -99.524462734339281, 27.408145407150833 ], [ -99.519890260631001, 27.408145407150833 ], [ -99.519890260631001, 27.403769934394305 ], [ -99.524462734339281, 27.403769934394269 ], [ -99.524462734339281, 27.408145407150833 ] ] ] } },
{ "type": "Feature", "properties": { "difference_1990_2000": -146.0, "difference_1990_2010": -359.0, "difference_1990_2020": -448.0 }, "geometry": { "type": "Polygon", "coordinates": [ [ [ -99.524462734339281, 27.495690925825127 ], [ -99.519890260631001, 27.495690925825127 ], [ -99.519890260631001, 27.491312015548438 ], [ -99.524462734339281, 27.491312015548392 ], [ -99.524462734339281, 27.495690925825127 ] ] ] } },
{ "type": "Feature", "properties": { "difference_1990_2000": 0.0, "difference_1990_2010": 919.0, "difference_1990_2020": 1084.0 }, "geometry": { "type": "Polygon", "coordinates": [ [ [ -99.524462734339281, 27.412521051349167 ], [ -99.519890260631001, 27.41252105134922 ], [ -99.519890260631001, 27.408145407150833 ], [ -99.524462734339281, 27.408145407150833 ], [ -99.524462734339281, 27.412521051349167 ] ] ] } },
{ "type": "Feature", "properties": { "difference_1990_2000": 78.0, "difference_1990_2010": 2.0, "difference_1990_2020": 18.0 }, "geometry": { "type": "Polygon", "coordinates": [ [ [ -99.524462734339281, 27.451909571549383 ], [ -99.519890260631001, 27.4519095715494 ], [ -99.519890260631001, 27.447532382319849 ], [ -99.524462734339281, 27.447532382319849 ], [ -99.524462734339281, 27.451909571549383 ] ] ] } },
{ "type": "Feature", "properties": { "difference_1990_2000": 4.0, "difference_1990_2010": 128.0, "difference_1990_2020": 190.0 }, "geometry": { "type": "Polygon", "coordinates": [ [ [ -99.524462734339281, 27.438778519373805 ], [ -99.519890260631001, 27.438778519373781 ], [ -99.519890260631001, 27.434401845565834 ], [ -99.524462734339281, 27.434401845565819 ], [ -99.524462734339281, 27.438778519373805 ] ] ] } },
{ "type": "Feature", "properties": { "difference_1990_2000": 0.0, "difference_1990_2010": 179.0, "difference_1990_2020": 195.0 }, "geometry": { "type": "Polygon", "coordinates": [ [ [ -99.524462734339281, 27.403769934394269 ], [ -99.519890260631001, 27.403769934394305 ], [ -99.519890260631001, 27.399394633034014 ], [ -99.524462734339281, 27.399394633033985 ], [ -99.524462734339281, 27.403769934394269 ] ] ] } },
{ "type": "Feature", "properties": { "difference_1990_2000": 1.0, "difference_1990_2010": 1.0, "difference_1990_2020": 1.0 }, "geometry": { "type": "Polygon", "coordinates": [ [ [ -99.524462734339281, 27.539489515791463 ], [ -99.519890260631001, 27.539489515791519 ], [ -99.519890260631001, 27.535108879880394 ], [ -99.524462734339281, 27.535108879880379 ], [ -99.524462734339281, 27.539489515791463 ] ] ] } },
{ "type": "Feature", "properties": { "difference_1990_2000": 83.0, "difference_1990_2010": 38.0, "difference_1990_2020": 73.0 }, "geometry": { "type": "Polygon", "coordinates": [ [ [ -99.524462734339281, 27.447532382319849 ], [ -99.519890260631001, 27.447532382319849 ], [ -99.519890260631001, 27.443155364943198 ], [ -99.524462734339281, 27.443155364943198 ], [ -99.524462734339281, 27.447532382319849 ] ] ] } },
{ "type": "Feature", "properties": { "difference_1990_2000": -4.0, "difference_1990_2010": 87.0, "difference_1990_2020": 147.0 }, "geometry": { "type": "Polygon", "coordinates": [ [ [ -99.524462734339281, 27.434401845565819 ], [ -99.519890260631001, 27.434401845565834 ], [ -99.519890260631001, 27.430025343473687 ], [ -99.524462734339281, 27.430025343473687 ], [ -99.524462734339281, 27.434401845565819 ] ] ] } },
{ "type": "Feature", "properties": { "difference_1990_2000": 73.0, "difference_1990_2010": -21.0, "difference_1990_2020": -81.0 }, "geometry": { "type": "Polygon", "coordinates": [ [ [ -99.515317786922736, 27.465042170813032 ], [ -99.510745313214457, 27.465042170813014 ], [ -99.510745313214457, 27.460664465750192 ], [ -99.515317786922736, 27.46066446575022 ], [ -99.515317786922736, 27.465042170813032 ] ] ] } },
{ "type": "Feature", "properties": { "difference_1990_2000": -142.0, "difference_1990_2010": -328.0, "difference_1990_2020": -378.0 }, "geometry": { "type": "Polygon", "coordinates": [ [ [ -99.515317786922736, 27.473798097092338 ], [ -99.510745313214457, 27.473798097092349 ], [ -99.510745313214457, 27.469420047911811 ], [ -99.515317786922736, 27.469420047911811 ], [ -99.515317786922736, 27.473798097092338 ] ] ] } },
{ "type": "Feature", "properties": { "difference_1990_2000": -235.0, "difference_1990_2010": -566.0, "difference_1990_2020": -586.0 }, "geometry": { "type": "Polygon", "coordinates": [ [ [ -99.515317786922736, 27.486933277582644 ], [ -99.510745313214457, 27.486933277582668 ], [ -99.510745313214457, 27.482554711881928 ], [ -99.515317786922736, 27.482554711881949 ], [ -99.515317786922736, 27.486933277582644 ] ] ] } },
{ "type": "Feature", "properties": { "difference_1990_2000": -50.0, "difference_1990_2010": -213.0, "difference_1990_2020": -244.0 }, "geometry": { "type": "Polygon", "coordinates": [ [ [ -99.515317786922736, 27.469420047911811 ], [ -99.510745313214457, 27.469420047911811 ], [ -99.510745313214457, 27.465042170813014 ], [ -99.515317786922736, 27.465042170813032 ], [ -99.515317786922736, 27.469420047911811 ] ] ] } },
{ "type": "Feature", "properties": { "difference_1990_2000": -881.0, "difference_1990_2010": -1040.0, "difference_1990_2020": -1123.0 }, "geometry": { "type": "Polygon", "coordinates": [ [ [ -99.515317786922736, 27.456286932677592 ], [ -99.510745313214457, 27.456286932677592 ], [ -99.510745313214457, 27.4519095715494 ], [ -99.515317786922736, 27.451909571549383 ], [ -99.515317786922736, 27.456286932677592 ] ] ] } },
{ "type": "Feature", "properties": { "difference_1990_2000": -236.0, "difference_1990_2010": -574.0, "difference_1990_2020": -599.0 }, "geometry": { "type": "Polygon", "coordinates": [ [ [ -99.515317786922736, 27.482554711881949 ], [ -99.510745313214457, 27.482554711881928 ], [ -99.510745313214457, 27.478176318400454 ], [ -99.515317786922736, 27.478176318400454 ], [ -99.515317786922736, 27.482554711881949 ] ] ] } },
{ "type": "Feature", "properties": { "difference_1990_2000": -65.0, "difference_1990_2010": -279.0, "difference_1990_2020": -234.0 }, "geometry": { "type": "Polygon", "coordinates": [ [ [ -99.515317786922736, 27.50007000845866 ], [ -99.510745313214457, 27.500070008458621 ], [ -99.510745313214457, 27.495690925825127 ], [ -99.515317786922736, 27.495690925825127 ], [ -99.515317786922736, 27.50007000845866 ] ] ] } },
{ "type": "Feature", "properties": { "difference_1990_2000": 2113.0, "difference_1990_2010": 1740.0, "difference_1990_2020": 1719.0 }, "geometry": { "type": "Polygon", "coordinates": [ [ [ -99.515317786922736, 27.443155364943198 ], [ -99.510745313214457, 27.443155364943198 ], [ -99.510745313214457, 27.438778519373805 ], [ -99.515317786922736, 27.438778519373781 ], [ -99.515317786922736, 27.443155364943198 ] ] ] } },
{ "type": "Feature", "properties": { "difference_1990_2000": 0.0, "difference_1990_2010": 0.0, "difference_1990_2020": 4.0 }, "geometry": { "type": "Polygon", "coordinates": [ [ [ -99.515317786922736, 27.416896867035003 ], [ -99.510745313214457, 27.416896867035003 ], [ -99.510745313214457, 27.412521051349191 ], [ -99.515317786922736, 27.412521051349191 ], [ -99.515317786922736, 27.416896867035003 ] ] ] } },
{ "type": "Feature", "properties": { "difference_1990_2000": -191.0, "difference_1990_2010": -459.0, "difference_1990_2020": -495.0 }, "geometry": { "type": "Polygon", "coordinates": [ [ [ -99.515317786922736, 27.478176318400454 ], [ -99.510745313214457, 27.478176318400454 ], [ -99.510745313214457, 27.473798097092349 ], [ -99.515317786922736, 27.473798097092338 ], [ -99.515317786922736, 27.478176318400454 ] ] ] } },
{ "type": "Feature", "properties": { "difference_1990_2000": -175.0, "difference_1990_2010": -317.0, "difference_1990_2020": -281.0 }, "geometry": { "type": "Polygon", "coordinates": [ [ [ -99.515317786922736, 27.491312015548417 ], [ -99.510745313214457, 27.491312015548417 ], [ -99.510745313214457, 27.486933277582668 ], [ -99.515317786922736, 27.486933277582644 ], [ -99.515317786922736, 27.491312015548417 ] ] ] } },
{ "type": "Feature", "properties": { "difference_1990_2000": 0.0, "difference_1990_2010": 3.0, "difference_1990_2020": 13.0 }, "geometry": { "type": "Polygon", "coordinates": [ [ [ -99.515317786922736, 27.421272854253925 ], [ -99.510745313214457, 27.421272854253949 ], [ -99.510745313214457, 27.416896867035025 ], [ -99.515317786922736, 27.416896867035025 ], [ -99.515317786922736, 27.421272854253925 ] ] ] } },
{ "type": "Feature", "properties": { "difference_1990_2000": 37.0, "difference_1990_2010": -11.0, "difference_1990_2020": -77.0 }, "geometry": { "type": "Polygon", "coordinates": [ [ [ -99.515317786922736, 27.46066446575022 ], [ -99.510745313214457, 27.460664465750192 ], [ -99.510745313214457, 27.456286932677592 ], [ -99.515317786922736, 27.456286932677592 ], [ -99.515317786922736, 27.46066446575022 ] ] ] } },
{ "type": "Feature", "properties": { "difference_1990_2000": -2.0, "difference_1990_2010": 19.0, "difference_1990_2020": 40.0 }, "geometry": { "type": "Polygon", "coordinates": [ [ [ -99.515317786922736, 27.425649013051629 ], [ -99.510745313214457, 27.425649013051629 ], [ -99.510745313214457, 27.421272854253949 ], [ -99.515317786922736, 27.421272854253925 ], [ -99.515317786922736, 27.425649013051629 ] ] ] } },
{ "type": "Feature", "properties": { "difference_1990_2000": -2.0, "difference_1990_2010": 38.0, "difference_1990_2020": 66.0 }, "geometry": { "type": "Polygon", "coordinates": [ [ [ -99.515317786922736, 27.430025343473687 ], [ -99.510745313214457, 27.430025343473687 ], [ -99.510745313214457, 27.425649013051629 ], [ -99.515317786922736, 27.425649013051629 ], [ -99.515317786922736, 27.430025343473687 ] ] ] } },
{ "type": "Feature", "properties": { "difference_1990_2000": -150.0, "difference_1990_2010": -327.0, "difference_1990_2020": -286.0 }, "geometry": { "type": "Polygon", "coordinates": [ [ [ -99.515317786922736, 27.495690925825127 ], [ -99.510745313214457, 27.495690925825127 ], [ -99.510745313214457, 27.491312015548417 ], [ -99.515317786922736, 27.491312015548417 ], [ -99.515317786922736, 27.495690925825127 ] ] ] } },
{ "type": "Feature", "properties": { "difference_1990_2000": 754.0, "difference_1990_2010": 924.0, "difference_1990_2020": 1100.0 }, "geometry": { "type": "Polygon", "coordinates": [ [ [ -99.515317786922736, 27.438778519373781 ], [ -99.510745313214457, 27.438778519373805 ], [ -99.510745313214457, 27.434401845565834 ], [ -99.515317786922736, 27.434401845565834 ], [ -99.515317786922736, 27.438778519373781 ] ] ] } },
{ "type": "Feature", "properties": { "difference_1990_2000": -1014.0, "difference_1990_2010": -1505.0, "difference_1990_2020": -1656.0 }, "geometry": { "type": "Polygon", "coordinates": [ [ [ -99.515317786922736, 27.451909571549383 ], [ -99.510745313214457, 27.4519095715494 ], [ -99.510745313214457, 27.447532382319828 ], [ -99.515317786922736, 27.447532382319849 ], [ -99.515317786922736, 27.451909571549383 ] ] ] } },
{ "type": "Feature", "properties": { "difference_1990_2000": 2558.0, "difference_1990_2010": 1871.0, "difference_1990_2020": 1728.0 }, "geometry": { "type": "Polygon", "coordinates": [ [ [ -99.515317786922736, 27.447532382319849 ], [ -99.510745313214457, 27.447532382319828 ], [ -99.510745313214457, 27.443155364943198 ], [ -99.515317786922736, 27.443155364943198 ], [ -99.515317786922736, 27.447532382319849 ] ] ] } },
{ "type": "Feature", "properties": { "difference_1990_2000": -4.0, "difference_1990_2010": 72.0, "difference_1990_2020": 136.0 }, "geometry": { "type": "Polygon", "coordinates": [ [ [ -99.515317786922736, 27.434401845565834 ], [ -99.510745313214457, 27.434401845565834 ], [ -99.510745313214457, 27.430025343473687 ], [ -99.515317786922736, 27.430025343473687 ], [ -99.515317786922736, 27.434401845565834 ] ] ] } },
{ "type": "Feature", "properties": { "difference_1990_2000": 109.0, "difference_1990_2010": 67.0, "difference_1990_2020": 123.0 }, "geometry": { "type": "Polygon", "coordinates": [ [ [ -99.506172839506206, 27.447532382319878 ], [ -99.501600365797927, 27.447532382319828 ], [ -99.501600365797927, 27.443155364943198 ], [ -99.506172839506206, 27.443155364943198 ], [ -99.506172839506206, 27.447532382319878 ] ] ] } },
{ "type": "Feature", "properties": { "difference_1990_2000": 273.0, "difference_1990_2010": 259.0, "difference_1990_2020": 285.0 }, "geometry": { "type": "Polygon", "coordinates": [ [ [ -99.506172839506206, 27.465042170813014 ], [ -99.501600365797927, 27.465042170813014 ], [ -99.501600365797927, 27.46066446575022 ], [ -99.506172839506206, 27.460664465750192 ], [ -99.506172839506206, 27.465042170813014 ] ] ] } },
{ "type": "Feature", "properties": { "difference_1990_2000": 99.0, "difference_1990_2010": -204.0, "difference_1990_2020": -306.0 }, "geometry": { "type": "Polygon", "coordinates": [ [ [ -99.506172839506206, 27.473798097092338 ], [ -99.501600365797927, 27.473798097092338 ], [ -99.501600365797927, 27.469420047911811 ], [ -99.506172839506206, 27.469420047911811 ], [ -99.506172839506206, 27.473798097092338 ] ] ] } },
{ "type": "Feature", "properties": { "difference_1990_2000": -93.0, "difference_1990_2010": -262.0, "difference_1990_2020": -287.0 }, "geometry": { "type": "Polygon", "coordinates": [ [ [ -99.506172839506206, 27.486933277582644 ], [ -99.501600365797927, 27.486933277582626 ], [ -99.501600365797927, 27.482554711881928 ], [ -99.506172839506206, 27.482554711881928 ], [ -99.506172839506206, 27.486933277582644 ] ] ] } },
{ "type": "Feature", "properties": { "difference_1990_2000": -25.0, "difference_1990_2010": -190.0, "difference_1990_2020": -237.0 }, "geometry": { "type": "Polygon", "coordinates": [ [ [ -99.506172839506206, 27.469420047911811 ], [ -99.501600365797927, 27.469420047911811 ], [ -99.501600365797927, 27.465042170813014 ], [ -99.506172839506206, 27.465042170813014 ], [ -99.506172839506206, 27.469420047911811 ] ] ] } },
{ "type": "Feature", "properties": { "difference_1990_2000": 82.0, "difference_1990_2010": 55.0, "difference_1990_2020": 47.0 }, "geometry": { "type": "Polygon", "coordinates": [ [ [ -99.506172839506206, 27.456286932677592 ], [ -99.501600365797927, 27.456286932677592 ], [ -99.501600365797927, 27.451909571549383 ], [ -99.506172839506206, 27.451909571549383 ], [ -99.506172839506206, 27.456286932677592 ] ] ] } },
{ "type": "Feature", "properties": { "difference_1990_2000": -141.0, "difference_1990_2010": -570.0, "difference_1990_2020": -651.0 }, "geometry": { "type": "Polygon", "coordinates": [ [ [ -99.506172839506206, 27.482554711881928 ], [ -99.501600365797927, 27.482554711881928 ], [ -99.501600365797927, 27.478176318400454 ], [ -99.506172839506206, 27.478176318400454 ], [ -99.506172839506206, 27.482554711881928 ] ] ] } },
{ "type": "Feature", "properties": { "difference_1990_2000": -254.0, "difference_1990_2010": -459.0, "difference_1990_2020": -514.0 }, "geometry": { "type": "Polygon", "coordinates": [ [ [ -99.506172839506206, 27.500070008458621 ], [ -99.501600365797927, 27.500070008458621 ], [ -99.501600365797927, 27.495690925825127 ], [ -99.506172839506206, 27.495690925825127 ], [ -99.506172839506206, 27.500070008458621 ] ] ] } },
{ "type": "Feature", "properties": { "difference_1990_2000": 818.0, "difference_1990_2010": 1685.0, "difference_1990_2020": 1791.0 }, "geometry": { "type": "Polygon", "coordinates": [ [ [ -99.506172839506206, 27.443155364943198 ], [ -99.501600365797927, 27.443155364943198 ], [ -99.501600365797927, 27.438778519373781 ], [ -99.506172839506206, 27.438778519373781 ], [ -99.506172839506206, 27.443155364943198 ] ] ] } },
{ "type": "Feature", "properties": { "difference_1990_2000": -24.0, "difference_1990_2010": -456.0, "difference_1990_2020": -558.0 }, "geometry": { "type": "Polygon", "coordinates": [ [ [ -99.506172839506206, 27.478176318400454 ], [ -99.501600365797927, 27.478176318400454 ], [ -99.501600365797927, 27.473798097092338 ], [ -99.506172839506206, 27.473798097092338 ], [ -99.506172839506206, 27.478176318400454 ] ] ] } },
{ "type": "Feature", "properties": { "difference_1990_2000": -288.0, "difference_1990_2010": -710.0, "difference_1990_2020": -723.0 }, "geometry": { "type": "Polygon", "coordinates": [ [ [ -99.506172839506206, 27.491312015548417 ], [ -99.501600365797927, 27.491312015548417 ], [ -99.501600365797927, 27.486933277582626 ], [ -99.506172839506206, 27.486933277582644 ], [ -99.506172839506206, 27.491312015548417 ] ] ] } },
{ "type": "Feature", "properties": { "difference_1990_2000": 404.0, "difference_1990_2010": 352.0, "difference_1990_2020": 326.0 }, "geometry": { "type": "Polygon", "coordinates": [ [ [ -99.506172839506206, 27.460664465750192 ], [ -99.501600365797927, 27.46066446575022 ], [ -99.501600365797927, 27.456286932677592 ], [ -99.506172839506206, 27.456286932677592 ], [ -99.506172839506206, 27.460664465750192 ] ] ] } },
{ "type": "Feature", "properties": { "difference_1990_2000": -4.0, "difference_1990_2010": -8.0, "difference_1990_2020": -9.0 }, "geometry": { "type": "Polygon", "coordinates": [ [ [ -99.506172839506206, 27.504449263494806 ], [ -99.501600365797927, 27.504449263494806 ], [ -99.501600365797927, 27.500070008458621 ], [ -99.506172839506206, 27.500070008458621 ], [ -99.506172839506206, 27.504449263494806 ] ] ] } },
{ "type": "Feature", "properties": { "difference_1990_2000": 0.0, "difference_1990_2010": 0.0, "difference_1990_2020": 28.0 }, "geometry": { "type": "Polygon", "coordinates": [ [ [ -99.506172839506206, 27.421272854253949 ], [ -99.501600365797927, 27.421272854253925 ], [ -99.501600365797927, 27.416896867035025 ], [ -99.506172839506206, 27.416896867035046 ], [ -99.506172839506206, 27.421272854253949 ] ] ] } },
{ "type": "Feature", "properties": { "difference_1990_2000": 0.0, "difference_1990_2010": 137.0, "difference_1990_2020": 289.0 }, "geometry": { "type": "Polygon", "coordinates": [ [ [ -99.506172839506206, 27.425649013051629 ], [ -99.501600365797927, 27.425649013051611 ], [ -99.501600365797927, 27.421272854253925 ], [ -99.506172839506206, 27.421272854253949 ], [ -99.506172839506206, 27.425649013051629 ] ] ] } },
{ "type": "Feature", "properties": { "difference_1990_2000": 0.0, "difference_1990_2010": 98.0, "difference_1990_2020": 203.0 }, "geometry": { "type": "Polygon", "coordinates": [ [ [ -99.506172839506206, 27.430025343473687 ], [ -99.501600365797927, 27.430025343473687 ], [ -99.501600365797927, 27.425649013051611 ], [ -99.506172839506206, 27.425649013051629 ], [ -99.506172839506206, 27.430025343473687 ] ] ] } },
{ "type": "Feature", "properties": { "difference_1990_2000": -306.0, "difference_1990_2010": -690.0, "difference_1990_2020": -713.0 }, "geometry": { "type": "Polygon", "coordinates": [ [ [ -99.506172839506206, 27.495690925825127 ], [ -99.501600365797927, 27.495690925825127 ], [ -99.501600365797927, 27.491312015548417 ], [ -99.506172839506206, 27.491312015548417 ], [ -99.506172839506206, 27.495690925825127 ] ] ] } },
{ "type": "Feature", "properties": { "difference_1990_2000": 1649.0, "difference_1990_2010": 3041.0, "difference_1990_2020": 3177.0 }, "geometry": { "type": "Polygon", "coordinates": [ [ [ -99.506172839506206, 27.438778519373781 ], [ -99.501600365797927, 27.438778519373781 ], [ -99.501600365797927, 27.434401845565834 ], [ -99.506172839506206, 27.434401845565819 ], [ -99.506172839506206, 27.438778519373781 ] ] ] } },
{ "type": "Feature", "properties": { "difference_1990_2000": 339.0, "difference_1990_2010": 6.0, "difference_1990_2020": -7.0 }, "geometry": { "type": "Polygon", "coordinates": [ [ [ -99.506172839506206, 27.451909571549383 ], [ -99.501600365797927, 27.451909571549383 ], [ -99.501600365797927, 27.447532382319828 ], [ -99.506172839506206, 27.447532382319878 ], [ -99.506172839506206, 27.451909571549383 ] ] ] } },
{ "type": "Feature", "properties": { "difference_1990_2000": 139.0, "difference_1990_2010": 333.0, "difference_1990_2020": 364.0 }, "geometry": { "type": "Polygon", "coordinates": [ [ [ -99.506172839506206, 27.434401845565819 ], [ -99.501600365797927, 27.434401845565834 ], [ -99.501600365797927, 27.430025343473687 ], [ -99.506172839506206, 27.430025343473687 ], [ -99.506172839506206, 27.434401845565819 ] ] ] } },
{ "type": "Feature", "properties": { "difference_1990_2000": 348.0, "difference_1990_2010": 407.0, "difference_1990_2020": 408.0 }, "geometry": { "type": "Polygon", "coordinates": [ [ [ -99.497027892089633, 27.465042170813014 ], [ -99.492455418381354, 27.465042170812985 ], [ -99.492455418381354, 27.460664465750192 ], [ -99.497027892089633, 27.460664465750192 ], [ -99.497027892089633, 27.465042170813014 ] ] ] } },
{ "type": "Feature", "properties": { "difference_1990_2000": 160.0, "difference_1990_2010": 25.0, "difference_1990_2020": -140.0 }, "geometry": { "type": "Polygon", "coordinates": [ [ [ -99.497027892089633, 27.473798097092338 ], [ -99.492455418381354, 27.473798097092338 ], [ -99.492455418381354, 27.469420047911811 ], [ -99.497027892089633, 27.469420047911811 ], [ -99.497027892089633, 27.473798097092338 ] ] ] } },
{ "type": "Feature", "properties": { "difference_1990_2000": -361.0, "difference_1990_2010": -917.0, "difference_1990_2020": -986.0 }, "geometry": { "type": "Polygon", "coordinates": [ [ [ -99.497027892089633, 27.486933277582644 ], [ -99.492455418381354, 27.486933277582644 ], [ -99.492455418381354, 27.482554711881928 ], [ -99.497027892089633, 27.482554711881928 ], [ -99.497027892089633, 27.486933277582644 ] ] ] } },
{ "type": "Feature", "properties": { "difference_1990_2000": 156.0, "difference_1990_2010": 214.0, "difference_1990_2020": 172.0 }, "geometry": { "type": "Polygon", "coordinates": [ [ [ -99.497027892089633, 27.469420047911811 ], [ -99.492455418381354, 27.469420047911811 ], [ -99.492455418381354, 27.465042170812985 ], [ -99.497027892089633, 27.465042170813014 ], [ -99.497027892089633, 27.469420047911811 ] ] ] } },
{ "type": "Feature", "properties": { "difference_1990_2000": 8.0, "difference_1990_2010": 8.0, "difference_1990_2020": 9.0 }, "geometry": { "type": "Polygon", "coordinates": [ [ [ -99.497027892089633, 27.456286932677592 ], [ -99.492455418381354, 27.456286932677592 ], [ -99.492455418381354, 27.451909571549383 ], [ -99.497027892089633, 27.451909571549383 ], [ -99.497027892089633, 27.456286932677592 ] ] ] } },
{ "type": "Feature", "properties": { "difference_1990_2000": -190.0, "difference_1990_2010": -644.0, "difference_1990_2020": -818.0 }, "geometry": { "type": "Polygon", "coordinates": [ [ [ -99.497027892089633, 27.482554711881928 ], [ -99.492455418381354, 27.482554711881928 ], [ -99.492455418381354, 27.478176318400454 ], [ -99.497027892089633, 27.478176318400454 ], [ -99.497027892089633, 27.482554711881928 ] ] ] } },
{ "type": "Feature", "properties": { "difference_1990_2000": -336.0, "difference_1990_2010": -596.0, "difference_1990_2020": -614.0 }, "geometry": { "type": "Polygon", "coordinates": [ [ [ -99.497027892089633, 27.500070008458607 ], [ -99.492455418381354, 27.500070008458621 ], [ -99.492455418381354, 27.495690925825127 ], [ -99.497027892089633, 27.495690925825127 ], [ -99.497027892089633, 27.500070008458607 ] ] ] } },
{ "type": "Feature", "properties": { "difference_1990_2000": 5.0, "difference_1990_2010": 12.0, "difference_1990_2020": 22.0 }, "geometry": { "type": "Polygon", "coordinates": [ [ [ -99.497027892089633, 27.443155364943184 ], [ -99.492455418381354, 27.443155364943198 ], [ -99.492455418381354, 27.438778519373781 ], [ -99.497027892089633, 27.438778519373759 ], [ -99.497027892089633, 27.443155364943184 ] ] ] } },
{ "type": "Feature", "properties": { "difference_1990_2000": -16.0, "difference_1990_2010": -392.0, "difference_1990_2020": -643.0 }, "geometry": { "type": "Polygon", "coordinates": [ [ [ -99.497027892089633, 27.478176318400454 ], [ -99.492455418381354, 27.478176318400454 ], [ -99.492455418381354, 27.473798097092338 ], [ -99.497027892089633, 27.473798097092338 ], [ -99.497027892089633, 27.478176318400454 ] ] ] } },
{ "type": "Feature", "properties": { "difference_1990_2000": -320.0, "difference_1990_2010": -1016.0, "difference_1990_2020": -1173.0 }, "geometry": { "type": "Polygon", "coordinates": [ [ [ -99.497027892089633, 27.491312015548392 ], [ -99.492455418381354, 27.491312015548417 ], [ -99.492455418381354, 27.486933277582644 ], [ -99.497027892089633, 27.486933277582644 ], [ -99.497027892089633, 27.491312015548392 ] ] ] } },
{ "type": "Feature", "properties": { "difference_1990_2000": 105.0, "difference_1990_2010": 114.0, "difference_1990_2020": 118.0 }, "geometry": { "type": "Polygon", "coordinates": [ [ [ -99.497027892089633, 27.460664465750192 ], [ -99.492455418381354, 27.460664465750192 ], [ -99.492455418381354, 27.456286932677592 ], [ -99.497027892089633, 27.456286932677592 ], [ -99.497027892089633, 27.460664465750192 ] ] ] } },
{ "type": "Feature", "properties": { "difference_1990_2000": 0.0, "difference_1990_2010": 2.0, "difference_1990_2020": 4.0 }, "geometry": { "type": "Polygon", "coordinates": [ [ [ -99.497027892089633, 27.425649013051569 ], [ -99.492455418381354, 27.425649013051569 ], [ -99.492455418381354, 27.421272854253925 ], [ -99.497027892089633, 27.421272854253925 ], [ -99.497027892089633, 27.425649013051569 ] ] ] } },
{ "type": "Feature", "properties": { "difference_1990_2000": -445.0, "difference_1990_2010": -1097.0, "difference_1990_2020": -1215.0 }, "geometry": { "type": "Polygon", "coordinates": [ [ [ -99.497027892089633, 27.495690925825127 ], [ -99.492455418381354, 27.495690925825127 ], [ -99.492455418381354, 27.491312015548417 ], [ -99.497027892089633, 27.491312015548392 ], [ -99.497027892089633, 27.495690925825127 ] ] ] } },
{ "type": "Feature", "properties": { "difference_1990_2000": 9.0, "difference_1990_2010": 17.0, "difference_1990_2020": 28.0 }, "geometry": { "type": "Polygon", "coordinates": [ [ [ -99.497027892089633, 27.451909571549383 ], [ -99.492455418381354, 27.451909571549383 ], [ -99.492455418381354, 27.447532382319849 ], [ -99.497027892089633, 27.447532382319849 ], [ -99.497027892089633, 27.451909571549383 ] ] ] } },
{ "type": "Feature", "properties": { "difference_1990_2000": 12.0, "difference_1990_2010": 27.0, "difference_1990_2020": 49.0 }, "geometry": { "type": "Polygon", "coordinates": [ [ [ -99.497027892089633, 27.447532382319849 ], [ -99.492455418381354, 27.447532382319849 ], [ -99.492455418381354, 27.443155364943198 ], [ -99.497027892089633, 27.443155364943184 ], [ -99.497027892089633, 27.447532382319849 ] ] ] } },
{ "type": "Feature", "properties": { "difference_1990_2000": 4.0, "difference_1990_2010": 4.0, "difference_1990_2020": 4.0 }, "geometry": { "type": "Polygon", "coordinates": [ [ [ -99.487882944673075, 27.465042170813014 ], [ -99.483310470964796, 27.465042170813014 ], [ -99.483310470964796, 27.46066446575017 ], [ -99.487882944673075, 27.46066446575022 ], [ -99.487882944673075, 27.465042170813014 ] ] ] } },
{ "type": "Feature", "properties": { "difference_1990_2000": 40.0, "difference_1990_2010": 44.0, "difference_1990_2020": 41.0 }, "geometry": { "type": "Polygon", "coordinates": [ [ [ -99.487882944673075, 27.473798097092303 ], [ -99.483310470964796, 27.473798097092338 ], [ -99.483310470964796, 27.469420047911811 ], [ -99.487882944673075, 27.469420047911811 ], [ -99.487882944673075, 27.473798097092303 ] ] ] } },
{ "type": "Feature", "properties": { "difference_1990_2000": -244.0, "difference_1990_2010": -473.0, "difference_1990_2020": -541.0 }, "geometry": { "type": "Polygon", "coordinates": [ [ [ -99.487882944673075, 27.486933277582644 ], [ -99.483310470964796, 27.486933277582644 ], [ -99.483310470964796, 27.482554711881928 ], [ -99.487882944673075, 27.482554711881928 ], [ -99.487882944673075, 27.486933277582644 ] ] ] } },
{ "type": "Feature", "properties": { "difference_1990_2000": 9.0, "difference_1990_2010": 9.0, "difference_1990_2020": 10.0 }, "geometry": { "type": "Polygon", "coordinates": [ [ [ -99.487882944673075, 27.469420047911811 ], [ -99.483310470964796, 27.469420047911811 ], [ -99.483310470964796, 27.465042170813014 ], [ -99.487882944673075, 27.465042170813014 ], [ -99.487882944673075, 27.469420047911811 ] ] ] } },
{ "type": "Feature", "properties": { "difference_1990_2000": -128.0, "difference_1990_2010": -335.0, "difference_1990_2020": -381.0 }, "geometry": { "type": "Polygon", "coordinates": [ [ [ -99.487882944673075, 27.482554711881928 ], [ -99.483310470964796, 27.482554711881928 ], [ -99.483310470964796, 27.478176318400454 ], [ -99.487882944673075, 27.478176318400454 ], [ -99.487882944673075, 27.482554711881928 ] ] ] } },
{ "type": "Feature", "properties": { "difference_1990_2000": 27.0, "difference_1990_2010": -82.0, "difference_1990_2020": -100.0 }, "geometry": { "type": "Polygon", "coordinates": [ [ [ -99.487882944673075, 27.478176318400454 ], [ -99.483310470964796, 27.478176318400454 ], [ -99.483310470964796, 27.473798097092338 ], [ -99.487882944673075, 27.473798097092303 ], [ -99.487882944673075, 27.478176318400454 ] ] ] } },
{ "type": "Feature", "properties": { "difference_1990_2000": -210.0, "difference_1990_2010": -260.0, "difference_1990_2020": -377.0 }, "geometry": { "type": "Polygon", "coordinates": [ [ [ -99.487882944673075, 27.491312015548392 ], [ -99.483310470964796, 27.491312015548417 ], [ -99.483310470964796, 27.486933277582644 ], [ -99.487882944673075, 27.486933277582644 ], [ -99.487882944673075, 27.491312015548392 ] ] ] } },
{ "type": "Feature", "properties": { "difference_1990_2000": -98.0, "difference_1990_2010": -126.0, "difference_1990_2020": -177.0 }, "geometry": { "type": "Polygon", "coordinates": [ [ [ -99.487882944673075, 27.495690925825127 ], [ -99.483310470964796, 27.495690925825127 ], [ -99.483310470964796, 27.491312015548417 ], [ -99.487882944673075, 27.491312015548392 ], [ -99.487882944673075, 27.495690925825127 ] ] ] } },
{ "type": "Feature", "properties": { "difference_1990_2000": 0.0, "difference_1990_2010": 1275.0, "difference_1990_2020": 1348.0 }, "geometry": { "type": "Polygon", "coordinates": [ [ [ -99.620484682213075, 27.469420047911779 ], [ -99.615912208504824, 27.469420047911811 ], [ -99.615912208504824, 27.465042170813032 ], [ -99.620484682213075, 27.465042170813014 ], [ -99.620484682213075, 27.469420047911779 ] ] ] } },
{ "type": "Feature", "properties": { "difference_1990_2000": 0.0, "difference_1990_2010": 1763.0, "difference_1990_2020": 1888.0 }, "geometry": { "type": "Polygon", "coordinates": [ [ [ -99.620484682213075, 27.473798097092338 ], [ -99.615912208504824, 27.473798097092338 ], [ -99.615912208504824, 27.469420047911811 ], [ -99.620484682213075, 27.469420047911779 ], [ -99.620484682213075, 27.473798097092338 ] ] ] } },
{ "type": "Feature", "properties": { "difference_1990_2000": 0.0, "difference_1990_2010": 717.0, "difference_1990_2020": 850.0 }, "geometry": { "type": "Polygon", "coordinates": [ [ [ -99.620484682213075, 27.478176318400454 ], [ -99.615912208504824, 27.478176318400454 ], [ -99.615912208504824, 27.473798097092338 ], [ -99.620484682213075, 27.473798097092338 ], [ -99.620484682213075, 27.478176318400454 ] ] ] } },
{ "type": "Feature", "properties": { "difference_1990_2000": 0.0, "difference_1990_2010": 489.0, "difference_1990_2020": 516.0 }, "geometry": { "type": "Polygon", "coordinates": [ [ [ -99.611339734796559, 27.508828690979581 ], [ -99.606767261088265, 27.508828690979581 ], [ -99.606767261088265, 27.504449263494806 ], [ -99.611339734796559, 27.504449263494806 ], [ -99.611339734796559, 27.508828690979581 ] ] ] } },
{ "type": "Feature", "properties": { "difference_1990_2000": 0.0, "difference_1990_2010": 1137.0, "difference_1990_2020": 1148.0 }, "geometry": { "type": "Polygon", "coordinates": [ [ [ -99.611339734796559, 27.513208290958843 ], [ -99.606767261088265, 27.513208290958843 ], [ -99.606767261088265, 27.508828690979581 ], [ -99.611339734796559, 27.508828690979581 ], [ -99.611339734796559, 27.513208290958843 ] ] ] } },
{ "type": "Feature", "properties": { "difference_1990_2000": 0.0, "difference_1990_2010": 38.0, "difference_1990_2020": 41.0 }, "geometry": { "type": "Polygon", "coordinates": [ [ [ -99.611339734796559, 27.482554711881949 ], [ -99.606767261088265, 27.482554711881928 ], [ -99.606767261088265, 27.478176318400454 ], [ -99.611339734796559, 27.478176318400454 ], [ -99.611339734796559, 27.482554711881949 ] ] ] } },
{ "type": "Feature", "properties": { "difference_1990_2000": 0.0, "difference_1990_2010": 0.0, "difference_1990_2020": 11.0 }, "geometry": { "type": "Polygon", "coordinates": [ [ [ -99.611339734796559, 27.517588063478499 ], [ -99.606767261088265, 27.517588063478499 ], [ -99.606767261088265, 27.513208290958843 ], [ -99.611339734796559, 27.513208290958843 ], [ -99.611339734796559, 27.517588063478499 ] ] ] } },
{ "type": "Feature", "properties": { "difference_1990_2000": 0.0, "difference_1990_2010": 9.0, "difference_1990_2020": 7.0 }, "geometry": { "type": "Polygon", "coordinates": [ [ [ -99.602194787379986, 27.508828690979581 ], [ -99.597622313671707, 27.508828690979581 ], [ -99.597622313671707, 27.50444926349477 ], [ -99.602194787379986, 27.504449263494806 ], [ -99.602194787379986, 27.508828690979581 ] ] ] } },
{ "type": "Feature", "properties": { "difference_1990_2000": 0.0, "difference_1990_2010": 0.0, "difference_1990_2020": 338.0 }, "geometry": { "type": "Polygon", "coordinates": [ [ [ -99.602194787379986, 27.465042170813014 ], [ -99.597622313671707, 27.465042170813014 ], [ -99.597622313671707, 27.460664465750192 ], [ -99.602194787379986, 27.460664465750192 ], [ -99.602194787379986, 27.465042170813014 ] ] ] } },
{ "type": "Feature", "properties": { "difference_1990_2000": 0.0, "difference_1990_2010": 0.0, "difference_1990_2020": 13.0 }, "geometry": { "type": "Polygon", "coordinates": [ [ [ -99.602194787379986, 27.52634812632288 ], [ -99.597622313671707, 27.526348126322862 ], [ -99.597622313671707, 27.521968008584519 ], [ -99.602194787379986, 27.521968008584562 ], [ -99.602194787379986, 27.52634812632288 ] ] ] } },
{ "type": "Feature", "properties": { "difference_1990_2000": 0.0, "difference_1990_2010": 0.0, "difference_1990_2020": 26.0 }, "geometry": { "type": "Polygon", "coordinates": [ [ [ -99.602194787379986, 27.469420047911811 ], [ -99.597622313671707, 27.469420047911811 ], [ -99.597622313671707, 27.465042170813014 ], [ -99.602194787379986, 27.465042170813014 ], [ -99.602194787379986, 27.469420047911811 ] ] ] } },
{ "type": "Feature", "properties": { "difference_1990_2000": 0.0, "difference_1990_2010": 1453.0, "difference_1990_2020": 1352.0 }, "geometry": { "type": "Polygon", "coordinates": [ [ [ -99.602194787379986, 27.513208290958843 ], [ -99.597622313671707, 27.513208290958843 ], [ -99.597622313671707, 27.508828690979581 ], [ -99.602194787379986, 27.508828690979581 ], [ -99.602194787379986, 27.513208290958843 ] ] ] } },
{ "type": "Feature", "properties": { "difference_1990_2000": 0.0, "difference_1990_2010": 22.0, "difference_1990_2020": 2463.0 }, "geometry": { "type": "Polygon", "coordinates": [ [ [ -99.602194787379986, 27.50007000845866 ], [ -99.597622313671707, 27.500070008458621 ], [ -99.597622313671707, 27.495690925825127 ], [ -99.602194787379986, 27.495690925825187 ], [ -99.602194787379986, 27.50007000845866 ] ] ] } },
{ "type": "Feature", "properties": { "difference_1990_2000": 0.0, "difference_1990_2010": 559.0, "difference_1990_2020": 644.0 }, "geometry": { "type": "Polygon", "coordinates": [ [ [ -99.602194787379986, 27.491312015548417 ], [ -99.597622313671707, 27.491312015548417 ], [ -99.597622313671707, 27.486933277582626 ], [ -99.602194787379986, 27.486933277582668 ], [ -99.602194787379986, 27.491312015548417 ] ] ] } },
{ "type": "Feature", "properties": { "difference_1990_2000": 0.0, "difference_1990_2010": 0.0, "difference_1990_2020": 1235.0 }, "geometry": { "type": "Polygon", "coordinates": [ [ [ -99.602194787379986, 27.504449263494806 ], [ -99.597622313671707, 27.50444926349477 ], [ -99.597622313671707, 27.500070008458621 ], [ -99.602194787379986, 27.50007000845866 ], [ -99.602194787379986, 27.504449263494806 ] ] ] } },
{ "type": "Feature", "properties": { "difference_1990_2000": 0.0, "difference_1990_2010": 481.0, "difference_1990_2020": 943.0 }, "geometry": { "type": "Polygon", "coordinates": [ [ [ -99.602194787379986, 27.517588063478495 ], [ -99.597622313671707, 27.517588063478495 ], [ -99.597622313671707, 27.513208290958843 ], [ -99.602194787379986, 27.513208290958843 ], [ -99.602194787379986, 27.517588063478495 ] ] ] } },
{ "type": "Feature", "properties": { "difference_1990_2000": 0.0, "difference_1990_2010": 578.0, "difference_1990_2020": 2121.0 }, "geometry": { "type": "Polygon", "coordinates": [ [ [ -99.602194787379986, 27.521968008584562 ], [ -99.597622313671707, 27.521968008584519 ], [ -99.597622313671707, 27.517588063478495 ], [ -99.602194787379986, 27.517588063478495 ], [ -99.602194787379986, 27.521968008584562 ] ] ] } },
{ "type": "Feature", "properties": { "difference_1990_2000": 0.0, "difference_1990_2010": 2356.0, "difference_1990_2020": 2800.0 }, "geometry": { "type": "Polygon", "coordinates": [ [ [ -99.602194787379986, 27.495690925825187 ], [ -99.597622313671707, 27.495690925825127 ], [ -99.597622313671707, 27.491312015548417 ], [ -99.602194787379986, 27.491312015548417 ], [ -99.602194787379986, 27.495690925825187 ] ] ] } },
{ "type": "Feature", "properties": { "difference_1990_2000": 0.0, "difference_1990_2010": 781.0, "difference_1990_2020": 888.0 }, "geometry": { "type": "Polygon", "coordinates": [ [ [ -99.593049839963413, 27.508828690979581 ], [ -99.588477366255162, 27.508828690979581 ], [ -99.588477366255162, 27.504449263494806 ], [ -99.593049839963413, 27.50444926349477 ], [ -99.593049839963413, 27.508828690979581 ] ] ] } },
{ "type": "Feature", "properties": { "difference_1990_2000": 0.0, "difference_1990_2010": 0.0, "difference_1990_2020": 232.0 }, "geometry": { "type": "Polygon", "coordinates": [ [ [ -99.593049839963413, 27.465042170813014 ], [ -99.588477366255162, 27.465042170813032 ], [ -99.588477366255162, 27.46066446575017 ], [ -99.593049839963413, 27.460664465750192 ], [ -99.593049839963413, 27.465042170813014 ] ] ] } },
{ "type": "Feature", "properties": { "difference_1990_2000": 0.0, "difference_1990_2010": 0.0, "difference_1990_2020": 442.0 }, "geometry": { "type": "Polygon", "coordinates": [ [ [ -99.593049839963413, 27.469420047911779 ], [ -99.588477366255162, 27.469420047911811 ], [ -99.588477366255162, 27.465042170813032 ], [ -99.593049839963413, 27.465042170813014 ], [ -99.593049839963413, 27.469420047911779 ] ] ] } },
{ "type": "Feature", "properties": { "difference_1990_2000": 0.0, "difference_1990_2010": 0.0, "difference_1990_2020": 12.0 }, "geometry": { "type": "Polygon", "coordinates": [ [ [ -99.593049839963413, 27.473798097092349 ], [ -99.588477366255162, 27.473798097092338 ], [ -99.588477366255162, 27.469420047911811 ], [ -99.593049839963413, 27.469420047911779 ], [ -99.593049839963413, 27.473798097092349 ] ] ] } },
{ "type": "Feature", "properties": { "difference_1990_2000": 0.0, "difference_1990_2010": 180.0, "difference_1990_2020": 266.0 }, "geometry": { "type": "Polygon", "coordinates": [ [ [ -99.593049839963413, 27.482554711881928 ], [ -99.588477366255162, 27.482554711881928 ], [ -99.588477366255162, 27.478176318400472 ], [ -99.593049839963413, 27.478176318400454 ], [ -99.593049839963413, 27.482554711881928 ] ] ] } },
{ "type": "Feature", "properties": { "difference_1990_2000": 0.0, "difference_1990_2010": 1677.0, "difference_1990_2020": 1903.0 }, "geometry": { "type": "Polygon", "coordinates": [ [ [ -99.593049839963413, 27.513208290958843 ], [ -99.588477366255162, 27.513208290958843 ], [ -99.588477366255162, 27.508828690979581 ], [ -99.593049839963413, 27.508828690979581 ], [ -99.593049839963413, 27.513208290958843 ] ] ] } },
{ "type": "Feature", "properties": { "difference_1990_2000": 0.0, "difference_1990_2010": 124.0, "difference_1990_2020": 179.0 }, "geometry": { "type": "Polygon", "coordinates": [ [ [ -99.593049839963413, 27.478176318400454 ], [ -99.588477366255162, 27.478176318400472 ], [ -99.588477366255162, 27.473798097092338 ], [ -99.593049839963413, 27.473798097092349 ], [ -99.593049839963413, 27.478176318400454 ] ] ] } },
{ "type": "Feature", "properties": { "difference_1990_2000": 0.0, "difference_1990_2010": 255.0, "difference_1990_2020": 383.0 }, "geometry": { "type": "Polygon", "coordinates": [ [ [ -99.593049839963413, 27.491312015548417 ], [ -99.588477366255162, 27.491312015548417 ], [ -99.588477366255162, 27.486933277582644 ], [ -99.593049839963413, 27.486933277582644 ], [ -99.593049839963413, 27.491312015548417 ] ] ] } },
{ "type": "Feature", "properties": { "difference_1990_2000": 0.0, "difference_1990_2010": 1884.0, "difference_1990_2020": 2168.0 }, "geometry": { "type": "Polygon", "coordinates": [ [ [ -99.593049839963413, 27.517588063478499 ], [ -99.588477366255162, 27.517588063478499 ], [ -99.588477366255162, 27.513208290958843 ], [ -99.593049839963413, 27.513208290958843 ], [ -99.593049839963413, 27.517588063478499 ] ] ] } },
{ "type": "Feature", "properties": { "difference_1990_2000": 0.0, "difference_1990_2010": 0.0, "difference_1990_2020": 159.0 }, "geometry": { "type": "Polygon", "coordinates": [ [ [ -99.593049839963413, 27.495690925825127 ], [ -99.588477366255162, 27.495690925825127 ], [ -99.588477366255162, 27.491312015548417 ], [ -99.593049839963413, 27.491312015548417 ], [ -99.593049839963413, 27.495690925825127 ] ] ] } },
{ "type": "Feature", "properties": { "difference_1990_2000": 0.0, "difference_1990_2010": 103.0, "difference_1990_2020": 173.0 }, "geometry": { "type": "Polygon", "coordinates": [ [ [ -99.593049839963413, 27.521968008584562 ], [ -99.588477366255162, 27.521968008584562 ], [ -99.588477366255162, 27.517588063478499 ], [ -99.593049839963413, 27.517588063478499 ], [ -99.593049839963413, 27.521968008584562 ] ] ] } },
{ "type": "Feature", "properties": { "difference_1990_2000": 0.0, "difference_1990_2010": 74.0, "difference_1990_2020": 201.0 }, "geometry": { "type": "Polygon", "coordinates": [ [ [ -99.583904892546897, 27.360024626102174 ], [ -99.579332418838604, 27.360024626102174 ], [ -99.579332418838604, 27.355651036198385 ], [ -99.583904892546897, 27.355651036198424 ], [ -99.583904892546897, 27.360024626102174 ] ] ] } },
{ "type": "Feature", "properties": { "difference_1990_2000": 0.0, "difference_1990_2010": 615.0, "difference_1990_2020": 825.0 }, "geometry": { "type": "Polygon", "coordinates": [ [ [ -99.583904892546897, 27.508828690979581 ], [ -99.579332418838604, 27.508828690979581 ], [ -99.579332418838604, 27.504449263494806 ], [ -99.583904892546897, 27.504449263494806 ], [ -99.583904892546897, 27.508828690979581 ] ] ] } },
{ "type": "Feature", "properties": { "difference_1990_2000": 60.0, "difference_1990_2010": 468.0, "difference_1990_2020": 359.0 }, "geometry": { "type": "Polygon", "coordinates": [ [ [ -99.583904892546897, 27.465042170813014 ], [ -99.579332418838604, 27.465042170813032 ], [ -99.579332418838604, 27.460664465750192 ], [ -99.583904892546897, 27.460664465750192 ], [ -99.583904892546897, 27.465042170813014 ] ] ] } },
{ "type": "Feature", "properties": { "difference_1990_2000": 0.0, "difference_1990_2010": 65.0, "difference_1990_2020": 156.0 }, "geometry": { "type": "Polygon", "coordinates": [ [ [ -99.583904892546897, 27.52634812632288 ], [ -99.579332418838604, 27.52634812632288 ], [ -99.579332418838604, 27.521968008584562 ], [ -99.583904892546897, 27.521968008584562 ], [ -99.583904892546897, 27.52634812632288 ] ] ] } },
{ "type": "Feature", "properties": { "difference_1990_2000": 0.0, "difference_1990_2010": 845.0, "difference_1990_2020": 1766.0 }, "geometry": { "type": "Polygon", "coordinates": [ [ [ -99.583904892546897, 27.473798097092338 ], [ -99.579332418838604, 27.473798097092338 ], [ -99.579332418838604, 27.469420047911811 ], [ -99.583904892546897, 27.469420047911811 ], [ -99.583904892546897, 27.473798097092338 ] ] ] } },
{ "type": "Feature", "properties": { "difference_1990_2000": 0.0, "difference_1990_2010": 3.0, "difference_1990_2020": 2.0 }, "geometry": { "type": "Polygon", "coordinates": [ [ [ -99.583904892546897, 27.486933277582644 ], [ -99.579332418838604, 27.486933277582644 ], [ -99.579332418838604, 27.482554711881949 ], [ -99.583904892546897, 27.482554711881949 ], [ -99.583904892546897, 27.486933277582644 ] ] ] } },
{ "type": "Feature", "properties": { "difference_1990_2000": 8.0, "difference_1990_2010": 74.0, "difference_1990_2020": 399.0 }, "geometry": { "type": "Polygon", "coordinates": [ [ [ -99.583904892546897, 27.469420047911811 ], [ -99.579332418838604, 27.469420047911811 ], [ -99.579332418838604, 27.465042170813032 ], [ -99.583904892546897, 27.465042170813014 ], [ -99.583904892546897, 27.469420047911811 ] ] ] } },
{ "type": "Feature", "properties": { "difference_1990_2000": 0.0, "difference_1990_2010": 29.0, "difference_1990_2020": 71.0 }, "geometry": { "type": "Polygon", "coordinates": [ [ [ -99.583904892546897, 27.530728416739517 ], [ -99.579332418838604, 27.530728416739549 ], [ -99.579332418838604, 27.52634812632288 ], [ -99.583904892546897, 27.52634812632288 ], [ -99.583904892546897, 27.530728416739517 ] ] ] } },
{ "type": "Feature", "properties": { "difference_1990_2000": 3.0, "difference_1990_2010": 43.0, "difference_1990_2020": 57.0 }, "geometry": { "type": "Polygon", "coordinates": [ [ [ -99.583904892546897, 27.456286932677592 ], [ -99.579332418838604, 27.456286932677592 ], [ -99.579332418838604, 27.4519095715494 ], [ -99.583904892546897, 27.451909571549383 ], [ -99.583904892546897, 27.456286932677592 ] ] ] } },
{ "type": "Feature", "properties": { "difference_1990_2000": 0.0, "difference_1990_2010": 7.0, "difference_1990_2020": 7.0 }, "geometry": { "type": "Polygon", "coordinates": [ [ [ -99.583904892546897, 27.500070008458621 ], [ -99.579332418838604, 27.50007000845866 ], [ -99.579332418838604, 27.495690925825148 ], [ -99.583904892546897, 27.495690925825127 ], [ -99.583904892546897, 27.500070008458621 ] ] ] } },
{ "type": "Feature", "properties": { "difference_1990_2000": 0.0, "difference_1990_2010": 1327.0, "difference_1990_2020": 1661.0 }, "geometry": { "type": "Polygon", "coordinates": [ [ [ -99.583904892546897, 27.513208290958843 ], [ -99.579332418838604, 27.513208290958843 ], [ -99.579332418838604, 27.508828690979581 ], [ -99.583904892546897, 27.508828690979581 ], [ -99.583904892546897, 27.513208290958843 ] ] ] } },
{ "type": "Feature", "properties": { "difference_1990_2000": 0.0, "difference_1990_2010": 1355.0, "difference_1990_2020": 2020.0 }, "geometry": { "type": "Polygon", "coordinates": [ [ [ -99.583904892546897, 27.482554711881949 ], [ -99.579332418838604, 27.482554711881949 ], [ -99.579332418838604, 27.478176318400454 ], [ -99.583904892546897, 27.478176318400454 ], [ -99.583904892546897, 27.482554711881949 ] ] ] } },
{ "type": "Feature", "properties": { "difference_1990_2000": 0.0, "difference_1990_2010": 2776.0, "difference_1990_2020": 3647.0 }, "geometry": { "type": "Polygon", "coordinates": [ [ [ -99.583904892546897, 27.478176318400454 ], [ -99.579332418838604, 27.478176318400454 ], [ -99.579332418838604, 27.473798097092338 ], [ -99.583904892546897, 27.473798097092338 ], [ -99.583904892546897, 27.478176318400454 ] ] ] } },
{ "type": "Feature", "properties": { "difference_1990_2000": 0.0, "difference_1990_2010": 0.0, "difference_1990_2020": 1.0 }, "geometry": { "type": "Polygon", "coordinates": [ [ [ -99.583904892546897, 27.491312015548417 ], [ -99.579332418838604, 27.491312015548417 ], [ -99.579332418838604, 27.486933277582644 ], [ -99.583904892546897, 27.486933277582644 ], [ -99.583904892546897, 27.491312015548417 ] ] ] } },
{ "type": "Feature", "properties": { "difference_1990_2000": 71.0, "difference_1990_2010": 383.0, "difference_1990_2020": 290.0 }, "geometry": { "type": "Polygon", "coordinates": [ [ [ -99.583904892546897, 27.460664465750192 ], [ -99.579332418838604, 27.460664465750192 ], [ -99.579332418838604, 27.456286932677592 ], [ -99.583904892546897, 27.456286932677592 ], [ -99.583904892546897, 27.460664465750192 ] ] ] } },
{ "type": "Feature", "properties": { "difference_1990_2000": 0.0, "difference_1990_2010": 15.0, "difference_1990_2020": 15.0 }, "geometry": { "type": "Polygon", "coordinates": [ [ [ -99.583904892546897, 27.504449263494806 ], [ -99.579332418838604, 27.504449263494806 ], [ -99.579332418838604, 27.50007000845866 ], [ -99.583904892546897, 27.500070008458621 ], [ -99.583904892546897, 27.504449263494806 ] ] ] } },
{ "type": "Feature", "properties": { "difference_1990_2000": 0.0, "difference_1990_2010": 2154.0, "difference_1990_2020": 2495.0 }, "geometry": { "type": "Polygon", "coordinates": [ [ [ -99.583904892546897, 27.517588063478499 ], [ -99.579332418838604, 27.517588063478499 ], [ -99.579332418838604, 27.513208290958843 ], [ -99.583904892546897, 27.513208290958843 ], [ -99.583904892546897, 27.517588063478499 ] ] ] } },
{ "type": "Feature", "properties": { "difference_1990_2000": 3.0, "difference_1990_2010": 3.0, "difference_1990_2020": 3.0 }, "geometry": { "type": "Polygon", "coordinates": [ [ [ -99.583904892546897, 27.535108879880394 ], [ -99.579332418838604, 27.535108879880394 ], [ -99.579332418838604, 27.530728416739549 ], [ -99.583904892546897, 27.530728416739517 ], [ -99.583904892546897, 27.535108879880394 ] ] ] } },
{ "type": "Feature", "properties": { "difference_1990_2000": 0.0, "difference_1990_2010": 2.0, "difference_1990_2020": 2.0 }, "geometry": { "type": "Polygon", "coordinates": [ [ [ -99.583904892546897, 27.495690925825127 ], [ -99.579332418838604, 27.495690925825148 ], [ -99.579332418838604, 27.491312015548417 ], [ -99.583904892546897, 27.491312015548417 ], [ -99.583904892546897, 27.495690925825127 ] ] ] } },
{ "type": "Feature", "properties": { "difference_1990_2000": 0.0, "difference_1990_2010": 54.0, "difference_1990_2020": 149.0 }, "geometry": { "type": "Polygon", "coordinates": [ [ [ -99.583904892546897, 27.364398386946778 ], [ -99.579332418838604, 27.364398386946778 ], [ -99.579332418838604, 27.360024626102174 ], [ -99.583904892546897, 27.360024626102174 ], [ -99.583904892546897, 27.364398386946778 ] ] ] } },
{ "type": "Feature", "properties": { "difference_1990_2000": 0.0, "difference_1990_2010": 165.0, "difference_1990_2020": 292.0 }, "geometry": { "type": "Polygon", "coordinates": [ [ [ -99.583904892546897, 27.521968008584562 ], [ -99.579332418838604, 27.521968008584562 ], [ -99.579332418838604, 27.517588063478499 ], [ -99.583904892546897, 27.517588063478499 ], [ -99.583904892546897, 27.521968008584562 ] ] ] } },
{ "type": "Feature", "properties": { "difference_1990_2000": 0.0, "difference_1990_2010": 0.0, "difference_1990_2020": 20.0 }, "geometry": { "type": "Polygon", "coordinates": [ [ [ -99.583904892546897, 27.451909571549383 ], [ -99.579332418838604, 27.4519095715494 ], [ -99.579332418838604, 27.447532382319849 ], [ -99.583904892546897, 27.447532382319849 ], [ -99.583904892546897, 27.451909571549383 ] ] ] } },
{ "type": "Feature", "properties": { "difference_1990_2000": 1.0, "difference_1990_2010": 1.0, "difference_1990_2020": 1.0 }, "geometry": { "type": "Polygon", "coordinates": [ [ [ -99.583904892546897, 27.53948951579148 ], [ -99.579332418838604, 27.53948951579148 ], [ -99.579332418838604, 27.535108879880394 ], [ -99.583904892546897, 27.535108879880394 ], [ -99.583904892546897, 27.53948951579148 ] ] ] } },
{ "type": "Feature", "properties": { "difference_1990_2000": 0.0, "difference_1990_2010": 0.0, "difference_1990_2020": 205.0 }, "geometry": { "type": "Polygon", "coordinates": [ [ [ -99.574759945130339, 27.360024626102174 ], [ -99.570187471422059, 27.360024626102174 ], [ -99.570187471422059, 27.355651036198424 ], [ -99.574759945130339, 27.355651036198385 ], [ -99.574759945130339, 27.360024626102174 ] ] ] } },
{ "type": "Feature", "properties": { "difference_1990_2000": 778.0, "difference_1990_2010": 1164.0, "difference_1990_2020": 1325.0 }, "geometry": { "type": "Polygon", "coordinates": [ [ [ -99.574759945130339, 27.508828690979581 ], [ -99.570187471422059, 27.50882869097962 ], [ -99.570187471422059, 27.504449263494823 ], [ -99.574759945130339, 27.504449263494806 ], [ -99.574759945130339, 27.508828690979581 ] ] ] } },
{ "type": "Feature", "properties": { "difference_1990_2000": 119.0, "difference_1990_2010": 175.0, "difference_1990_2020": 281.0 }, "geometry": { "type": "Polygon", "coordinates": [ [ [ -99.574759945130339, 27.526348126322862 ], [ -99.570187471422059, 27.52634812632288 ], [ -99.570187471422059, 27.521968008584576 ], [ -99.574759945130339, 27.521968008584562 ], [ -99.574759945130339, 27.526348126322862 ] ] ] } },
{ "type": "Feature", "properties": { "difference_1990_2000": 121.0, "difference_1990_2010": 734.0, "difference_1990_2020": 532.0 }, "geometry": { "type": "Polygon", "coordinates": [ [ [ -99.574759945130339, 27.465042170813014 ], [ -99.570187471422059, 27.465042170813014 ], [ -99.570187471422059, 27.460664465750192 ], [ -99.574759945130339, 27.46066446575017 ], [ -99.574759945130339, 27.465042170813014 ] ] ] } },
{ "type": "Feature", "properties": { "difference_1990_2000": 0.0, "difference_1990_2010": 590.0, "difference_1990_2020": 1518.0 }, "geometry": { "type": "Polygon", "coordinates": [ [ [ -99.574759945130339, 27.473798097092338 ], [ -99.570187471422059, 27.473798097092338 ], [ -99.570187471422059, 27.469420047911811 ], [ -99.574759945130339, 27.469420047911811 ], [ -99.574759945130339, 27.473798097092338 ] ] ] } },
{ "type": "Feature", "properties": { "difference_1990_2000": 1663.0, "difference_1990_2010": 796.0, "difference_1990_2020": 780.0 }, "geometry": { "type": "Polygon", "coordinates": [ [ [ -99.574759945130339, 27.486933277582644 ], [ -99.570187471422059, 27.486933277582644 ], [ -99.570187471422059, 27.482554711881928 ], [ -99.574759945130339, 27.482554711881928 ], [ -99.574759945130339, 27.486933277582644 ] ] ] } },
{ "type": "Feature", "properties": { "difference_1990_2000": 14.0, "difference_1990_2010": 44.0, "difference_1990_2020": 66.0 }, "geometry": { "type": "Polygon", "coordinates": [ [ [ -99.574759945130339, 27.399394633034014 ], [ -99.570187471422059, 27.399394633034014 ], [ -99.570187471422059, 27.395019503024379 ], [ -99.574759945130339, 27.395019503024336 ], [ -99.574759945130339, 27.399394633034014 ] ] ] } },
{ "type": "Feature", "properties": { "difference_1990_2000": 107.0, "difference_1990_2010": 703.0, "difference_1990_2020": 896.0 }, "geometry": { "type": "Polygon", "coordinates": [ [ [ -99.574759945130339, 27.482554711881928 ], [ -99.570187471422059, 27.482554711881928 ], [ -99.570187471422059, 27.478176318400454 ], [ -99.574759945130339, 27.478176318400422 ], [ -99.574759945130339, 27.482554711881928 ] ] ] } },
{ "type": "Feature", "properties": { "difference_1990_2000": 104.0, "difference_1990_2010": 132.0, "difference_1990_2020": 142.0 }, "geometry": { "type": "Polygon", "coordinates": [ [ [ -99.574759945130339, 27.500070008458607 ], [ -99.570187471422059, 27.500070008458621 ], [ -99.570187471422059, 27.495690925825127 ], [ -99.574759945130339, 27.495690925825127 ], [ -99.574759945130339, 27.500070008458607 ] ] ] } },
{ "type": "Feature", "properties": { "difference_1990_2000": 1543.0, "difference_1990_2010": 1763.0, "difference_1990_2020": 1796.0 }, "geometry": { "type": "Polygon", "coordinates": [ [ [ -99.574759945130339, 27.513208290958843 ], [ -99.570187471422059, 27.513208290958843 ], [ -99.570187471422059, 27.50882869097962 ], [ -99.574759945130339, 27.508828690979581 ], [ -99.574759945130339, 27.513208290958843 ] ] ] } },
{ "type": "Feature", "properties": { "difference_1990_2000": 39.0, "difference_1990_2010": 0.0, "difference_1990_2020": 74.0 }, "geometry": { "type": "Polygon", "coordinates": [ [ [ -99.574759945130339, 27.416896867035003 ], [ -99.570187471422059, 27.416896867034971 ], [ -99.570187471422059, 27.412521051349191 ], [ -99.574759945130339, 27.412521051349191 ], [ -99.574759945130339, 27.416896867035003 ] ] ] } },
{ "type": "Feature", "properties": { "difference_1990_2000": 0.0, "difference_1990_2010": 1227.0, "difference_1990_2020": 1410.0 }, "geometry": { "type": "Polygon", "coordinates": [ [ [ -99.574759945130339, 27.478176318400422 ], [ -99.570187471422059, 27.478176318400454 ], [ -99.570187471422059, 27.473798097092338 ], [ -99.574759945130339, 27.473798097092338 ], [ -99.574759945130339, 27.478176318400422 ] ] ] } },
{ "type": "Feature", "properties": { "difference_1990_2000": 6.0, "difference_1990_2010": 479.0, "difference_1990_2020": 584.0 }, "geometry": { "type": "Polygon", "coordinates": [ [ [ -99.574759945130339, 27.381895140643348 ], [ -99.570187471422059, 27.381895140643348 ], [ -99.570187471422059, 27.377520695580447 ], [ -99.574759945130339, 27.377520695580447 ], [ -99.574759945130339, 27.381895140643348 ] ] ] } },
{ "type": "Feature", "properties": { "difference_1990_2000": 164.0, "difference_1990_2010": 188.0, "difference_1990_2020": 172.0 }, "geometry": { "type": "Polygon", "coordinates": [ [ [ -99.574759945130339, 27.491312015548392 ], [ -99.570187471422059, 27.491312015548417 ], [ -99.570187471422059, 27.486933277582644 ], [ -99.574759945130339, 27.486933277582644 ], [ -99.574759945130339, 27.491312015548392 ] ] ] } },
{ "type": "Feature", "properties": { "difference_1990_2000": 27.0, "difference_1990_2010": 227.0, "difference_1990_2020": 263.0 }, "geometry": { "type": "Polygon", "coordinates": [ [ [ -99.574759945130339, 27.46066446575017 ], [ -99.570187471422059, 27.460664465750192 ], [ -99.570187471422059, 27.456286932677592 ], [ -99.574759945130339, 27.456286932677592 ], [ -99.574759945130339, 27.46066446575017 ] ] ] } },
{ "type": "Feature", "properties": { "difference_1990_2000": 15.0, "difference_1990_2010": 37.0, "difference_1990_2020": 48.0 }, "geometry": { "type": "Polygon", "coordinates": [ [ [ -99.574759945130339, 27.395019503024336 ], [ -99.570187471422059, 27.395019503024379 ], [ -99.570187471422059, 27.390644544319724 ], [ -99.574759945130339, 27.390644544319724 ], [ -99.574759945130339, 27.395019503024336 ] ] ] } },
{ "type": "Feature", "properties": { "difference_1990_2000": 82.0, "difference_1990_2010": 225.0, "difference_1990_2020": 274.0 }, "geometry": { "type": "Polygon", "coordinates": [ [ [ -99.574759945130339, 27.504449263494806 ], [ -99.570187471422059, 27.504449263494823 ], [ -99.570187471422059, 27.500070008458621 ], [ -99.574759945130339, 27.500070008458607 ], [ -99.574759945130339, 27.504449263494806 ] ] ] } },
{ "type": "Feature", "properties": { "difference_1990_2000": 247.0, "difference_1990_2010": 595.0, "difference_1990_2020": 952.0 }, "geometry": { "type": "Polygon", "coordinates": [ [ [ -99.574759945130339, 27.517588063478499 ], [ -99.570187471422059, 27.517588063478499 ], [ -99.570187471422059, 27.513208290958843 ], [ -99.574759945130339, 27.513208290958843 ], [ -99.574759945130339, 27.517588063478499 ] ] ] } },
{ "type": "Feature", "properties": { "difference_1990_2000": 53.0, "difference_1990_2010": 54.0, "difference_1990_2020": 50.0 }, "geometry": { "type": "Polygon", "coordinates": [ [ [ -99.574759945130339, 27.535108879880394 ], [ -99.570187471422059, 27.535108879880394 ], [ -99.570187471422059, 27.530728416739517 ], [ -99.574759945130339, 27.530728416739517 ], [ -99.574759945130339, 27.535108879880394 ] ] ] } },
{ "type": "Feature", "properties": { "difference_1990_2000": 7.0, "difference_1990_2010": 21.0, "difference_1990_2020": 31.0 }, "geometry": { "type": "Polygon", "coordinates": [ [ [ -99.574759945130339, 27.408145407150833 ], [ -99.570187471422059, 27.408145407150833 ], [ -99.570187471422059, 27.403769934394305 ], [ -99.574759945130339, 27.403769934394305 ], [ -99.574759945130339, 27.408145407150833 ] ] ] } },
{ "type": "Feature", "properties": { "difference_1990_2000": 31.0, "difference_1990_2010": 31.0, "difference_1990_2020": 36.0 }, "geometry": { "type": "Polygon", "coordinates": [ [ [ -99.574759945130339, 27.543870324518807 ], [ -99.570187471422059, 27.543870324518835 ], [ -99.570187471422059, 27.539489515791519 ], [ -99.574759945130339, 27.53948951579148 ], [ -99.574759945130339, 27.543870324518807 ] ] ] } },
{ "type": "Feature", "properties": { "difference_1990_2000": 120.0, "difference_1990_2010": 430.0, "difference_1990_2020": 523.0 }, "geometry": { "type": "Polygon", "coordinates": [ [ [ -99.574759945130339, 27.495690925825127 ], [ -99.570187471422059, 27.495690925825127 ], [ -99.570187471422059, 27.491312015548417 ], [ -99.574759945130339, 27.491312015548392 ], [ -99.574759945130339, 27.495690925825127 ] ] ] } },
{ "type": "Feature", "properties": { "difference_1990_2000": 0.0, "difference_1990_2010": 0.0, "difference_1990_2020": 109.0 }, "geometry": { "type": "Polygon", "coordinates": [ [ [ -99.574759945130339, 27.377520695580447 ], [ -99.570187471422059, 27.377520695580447 ], [ -99.570187471422059, 27.373146421640474 ], [ -99.574759945130339, 27.373146421640421 ], [ -99.574759945130339, 27.377520695580447 ] ] ] } },
{ "type": "Feature", "properties": { "difference_1990_2000": 15.0, "difference_1990_2010": 23.0, "difference_1990_2020": 19.0 }, "geometry": { "type": "Polygon", "coordinates": [ [ [ -99.574759945130339, 27.390644544319724 ], [ -99.570187471422059, 27.390644544319724 ], [ -99.570187471422059, 27.386269756874576 ], [ -99.574759945130339, 27.386269756874576 ], [ -99.574759945130339, 27.390644544319724 ] ] ] } },
{ "type": "Feature", "properties": { "difference_1990_2000": 17.0, "difference_1990_2010": 55.0, "difference_1990_2020": 57.0 }, "geometry": { "type": "Polygon", "coordinates": [ [ [ -99.574759945130339, 27.386269756874576 ], [ -99.570187471422059, 27.386269756874576 ], [ -99.570187471422059, 27.381895140643348 ], [ -99.574759945130339, 27.381895140643348 ], [ -99.574759945130339, 27.386269756874576 ] ] ] } },
{ "type": "Feature", "properties": { "difference_1990_2000": 404.0, "difference_1990_2010": 905.0, "difference_1990_2020": 1076.0 }, "geometry": { "type": "Polygon", "coordinates": [ [ [ -99.574759945130339, 27.521968008584562 ], [ -99.570187471422059, 27.521968008584576 ], [ -99.570187471422059, 27.517588063478499 ], [ -99.574759945130339, 27.517588063478499 ], [ -99.574759945130339, 27.521968008584562 ] ] ] } },
{ "type": "Feature", "properties": { "difference_1990_2000": 14.0, "difference_1990_2010": 44.0, "difference_1990_2020": 66.0 }, "geometry": { "type": "Polygon", "coordinates": [ [ [ -99.574759945130339, 27.403769934394305 ], [ -99.570187471422059, 27.403769934394305 ], [ -99.570187471422059, 27.399394633034014 ], [ -99.574759945130339, 27.399394633034014 ], [ -99.574759945130339, 27.403769934394305 ] ] ] } },
{ "type": "Feature", "properties": { "difference_1990_2000": 80.0, "difference_1990_2010": 98.0, "difference_1990_2020": 96.0 }, "geometry": { "type": "Polygon", "coordinates": [ [ [ -99.574759945130339, 27.53948951579148 ], [ -99.570187471422059, 27.539489515791519 ], [ -99.570187471422059, 27.535108879880394 ], [ -99.574759945130339, 27.535108879880394 ], [ -99.574759945130339, 27.53948951579148 ] ] ] } },
{ "type": "Feature", "properties": { "difference_1990_2000": 3.0, "difference_1990_2010": -1.0, "difference_1990_2020": 2.0 }, "geometry": { "type": "Polygon", "coordinates": [ [ [ -99.565614997713766, 27.368772318777708 ], [ -99.561042524005501, 27.368772318777669 ], [ -99.561042524005501, 27.364398386946789 ], [ -99.565614997713766, 27.364398386946778 ], [ -99.565614997713766, 27.368772318777708 ] ] ] } },
{ "type": "Feature", "properties": { "difference_1990_2000": 92.0, "difference_1990_2010": 108.0, "difference_1990_2020": 106.0 }, "geometry": { "type": "Polygon", "coordinates": [ [ [ -99.565614997713766, 27.539489515791519 ], [ -99.561042524005501, 27.53948951579148 ], [ -99.561042524005501, 27.535108879880394 ], [ -99.565614997713766, 27.535108879880394 ], [ -99.565614997713766, 27.539489515791519 ] ] ] } },
{ "type": "Feature", "properties": { "difference_1990_2000": 1108.0, "difference_1990_2010": 860.0, "difference_1990_2020": 724.0 }, "geometry": { "type": "Polygon", "coordinates": [ [ [ -99.565614997713766, 27.508828690979581 ], [ -99.561042524005501, 27.508828690979581 ], [ -99.561042524005501, 27.504449263494806 ], [ -99.565614997713766, 27.504449263494806 ], [ -99.565614997713766, 27.508828690979581 ] ] ] } },
{ "type": "Feature", "properties": { "difference_1990_2000": 47.0, "difference_1990_2010": 73.0, "difference_1990_2020": 82.0 }, "geometry": { "type": "Polygon", "coordinates": [ [ [ -99.565614997713766, 27.526348126322862 ], [ -99.561042524005501, 27.52634812632288 ], [ -99.561042524005501, 27.521968008584562 ], [ -99.565614997713766, 27.521968008584562 ], [ -99.565614997713766, 27.526348126322862 ] ] ] } },
{ "type": "Feature", "properties": { "difference_1990_2000": 96.0, "difference_1990_2010": 290.0, "difference_1990_2020": 260.0 }, "geometry": { "type": "Polygon", "coordinates": [ [ [ -99.565614997713766, 27.465042170813014 ], [ -99.561042524005501, 27.465042170813014 ], [ -99.561042524005501, 27.46066446575022 ], [ -99.565614997713766, 27.46066446575017 ], [ -99.565614997713766, 27.465042170813014 ] ] ] } },
{ "type": "Feature", "properties": { "difference_1990_2000": 343.0, "difference_1990_2010": 638.0, "difference_1990_2020": 660.0 }, "geometry": { "type": "Polygon", "coordinates": [ [ [ -99.565614997713766, 27.473798097092338 ], [ -99.561042524005501, 27.473798097092338 ], [ -99.561042524005501, 27.469420047911811 ], [ -99.565614997713766, 27.469420047911811 ], [ -99.565614997713766, 27.473798097092338 ] ] ] } },
{ "type": "Feature", "properties": { "difference_1990_2000": 1859.0, "difference_1990_2010": 2487.0, "difference_1990_2020": 2337.0 }, "geometry": { "type": "Polygon", "coordinates": [ [ [ -99.565614997713766, 27.486933277582644 ], [ -99.561042524005501, 27.486933277582668 ], [ -99.561042524005501, 27.482554711881928 ], [ -99.565614997713766, 27.482554711881928 ], [ -99.565614997713766, 27.486933277582644 ] ] ] } },
{ "type": "Feature", "properties": { "difference_1990_2000": 71.0, "difference_1990_2010": 256.0, "difference_1990_2020": 218.0 }, "geometry": { "type": "Polygon", "coordinates": [ [ [ -99.565614997713766, 27.469420047911811 ], [ -99.561042524005501, 27.469420047911811 ], [ -99.561042524005501, 27.465042170813014 ], [ -99.565614997713766, 27.465042170813014 ], [ -99.565614997713766, 27.469420047911811 ] ] ] } },
{ "type": "Feature", "properties": { "difference_1990_2000": 13.0, "difference_1990_2010": 112.0, "difference_1990_2020": 138.0 }, "geometry": { "type": "Polygon", "coordinates": [ [ [ -99.565614997713766, 27.399394633034014 ], [ -99.561042524005501, 27.399394633034014 ], [ -99.561042524005501, 27.395019503024336 ], [ -99.565614997713766, 27.395019503024333 ], [ -99.565614997713766, 27.399394633034014 ] ] ] } },
{ "type": "Feature", "properties": { "difference_1990_2000": 21.0, "difference_1990_2010": 18.0, "difference_1990_2020": 20.0 }, "geometry": { "type": "Polygon", "coordinates": [ [ [ -99.565614997713766, 27.530728416739517 ], [ -99.561042524005501, 27.530728416739517 ], [ -99.561042524005501, 27.52634812632288 ], [ -99.565614997713766, 27.526348126322862 ], [ -99.565614997713766, 27.530728416739517 ] ] ] } },
{ "type": "Feature", "properties": { "difference_1990_2000": 0.0, "difference_1990_2010": 1.0, "difference_1990_2020": 323.0 }, "geometry": { "type": "Polygon", "coordinates": [ [ [ -99.565614997713766, 27.456286932677592 ], [ -99.561042524005501, 27.456286932677592 ], [ -99.561042524005501, 27.451909571549383 ], [ -99.565614997713766, 27.451909571549383 ], [ -99.565614997713766, 27.456286932677592 ] ] ] } },
{ "type": "Feature", "properties": { "difference_1990_2000": 2824.0, "difference_1990_2010": 2280.0, "difference_1990_2020": 2157.0 }, "geometry": { "type": "Polygon", "coordinates": [ [ [ -99.565614997713766, 27.482554711881928 ], [ -99.561042524005501, 27.482554711881928 ], [ -99.561042524005501, 27.478176318400422 ], [ -99.565614997713766, 27.478176318400454 ], [ -99.565614997713766, 27.482554711881928 ] ] ] } },
{ "type": "Feature", "properties": { "difference_1990_2000": 101.0, "difference_1990_2010": -183.0, "difference_1990_2020": -380.0 }, "geometry": { "type": "Polygon", "coordinates": [ [ [ -99.565614997713766, 27.500070008458621 ], [ -99.561042524005501, 27.500070008458621 ], [ -99.561042524005501, 27.495690925825127 ], [ -99.565614997713766, 27.495690925825127 ], [ -99.565614997713766, 27.500070008458621 ] ] ] } },
{ "type": "Feature", "properties": { "difference_1990_2000": 826.0, "difference_1990_2010": 688.0, "difference_1990_2020": 608.0 }, "geometry": { "type": "Polygon", "coordinates": [ [ [ -99.565614997713766, 27.513208290958843 ], [ -99.561042524005501, 27.513208290958843 ], [ -99.561042524005501, 27.508828690979581 ], [ -99.565614997713766, 27.508828690979581 ], [ -99.565614997713766, 27.513208290958843 ] ] ] } },
{ "type": "Feature", "properties": { "difference_1990_2000": 48.0, "difference_1990_2010": 88.0, "difference_1990_2020": 93.0 }, "geometry": { "type": "Polygon", "coordinates": [ [ [ -99.565614997713766, 27.416896867034971 ], [ -99.561042524005501, 27.416896867035003 ], [ -99.561042524005501, 27.412521051349191 ], [ -99.565614997713766, 27.412521051349167 ], [ -99.565614997713766, 27.416896867034971 ] ] ] } },
{ "type": "Feature", "properties": { "difference_1990_2000": 0.0, "difference_1990_2010": 94.0, "difference_1990_2020": 146.0 }, "geometry": { "type": "Polygon", "coordinates": [ [ [ -99.565614997713766, 27.443155364943213 ], [ -99.561042524005501, 27.443155364943198 ], [ -99.561042524005501, 27.438778519373781 ], [ -99.565614997713766, 27.438778519373781 ], [ -99.565614997713766, 27.443155364943213 ] ] ] } },
{ "type": "Feature", "properties": { "difference_1990_2000": 1070.0, "difference_1990_2010": 1197.0, "difference_1990_2020": 1152.0 }, "geometry": { "type": "Polygon", "coordinates": [ [ [ -99.565614997713766, 27.478176318400454 ], [ -99.561042524005501, 27.478176318400422 ], [ -99.561042524005501, 27.473798097092338 ], [ -99.565614997713766, 27.473798097092338 ], [ -99.565614997713766, 27.478176318400454 ] ] ] } },
{ "type": "Feature", "properties": { "difference_1990_2000": 5.0, "difference_1990_2010": 507.0, "difference_1990_2020": 686.0 }, "geometry": { "type": "Polygon", "coordinates": [ [ [ -99.565614997713766, 27.381895140643316 ], [ -99.561042524005501, 27.381895140643348 ], [ -99.561042524005501, 27.37752069558049 ], [ -99.565614997713766, 27.377520695580426 ], [ -99.565614997713766, 27.381895140643316 ] ] ] } },
{ "type": "Feature", "properties": { "difference_1990_2000": 35.0, "difference_1990_2010": 154.0, "difference_1990_2020": 235.0 }, "geometry": { "type": "Polygon", "coordinates": [ [ [ -99.565614997713766, 27.46066446575017 ], [ -99.561042524005501, 27.46066446575022 ], [ -99.561042524005501, 27.456286932677592 ], [ -99.565614997713766, 27.456286932677592 ], [ -99.565614997713766, 27.46066446575017 ] ] ] } },
{ "type": "Feature", "properties": { "difference_1990_2000": 485.0, "difference_1990_2010": 488.0, "difference_1990_2020": 470.0 }, "geometry": { "type": "Polygon", "coordinates": [ [ [ -99.565614997713766, 27.491312015548417 ], [ -99.561042524005501, 27.491312015548417 ], [ -99.561042524005501, 27.486933277582668 ], [ -99.565614997713766, 27.486933277582644 ], [ -99.565614997713766, 27.491312015548417 ] ] ] } },
{ "type": "Feature", "properties": { "difference_1990_2000": 4.0, "difference_1990_2010": 463.0, "difference_1990_2020": 576.0 }, "geometry": { "type": "Polygon", "coordinates": [ [ [ -99.565614997713766, 27.395019503024333 ], [ -99.561042524005501, 27.395019503024336 ], [ -99.561042524005501, 27.390644544319724 ], [ -99.565614997713766, 27.390644544319688 ], [ -99.565614997713766, 27.395019503024333 ] ] ] } },
{ "type": "Feature", "properties": { "difference_1990_2000": 75.0, "difference_1990_2010": 134.0, "difference_1990_2020": 143.0 }, "geometry": { "type": "Polygon", "coordinates": [ [ [ -99.565614997713766, 27.421272854253925 ], [ -99.561042524005501, 27.421272854253949 ], [ -99.561042524005501, 27.416896867035025 ], [ -99.565614997713766, 27.416896867035025 ], [ -99.565614997713766, 27.421272854253925 ] ] ] } },
{ "type": "Feature", "properties": { "difference_1990_2000": 158.0, "difference_1990_2010": -28.0, "difference_1990_2020": -190.0 }, "geometry": { "type": "Polygon", "coordinates": [ [ [ -99.565614997713766, 27.504449263494806 ], [ -99.561042524005501, 27.504449263494806 ], [ -99.561042524005501, 27.500070008458621 ], [ -99.565614997713766, 27.500070008458621 ], [ -99.565614997713766, 27.504449263494806 ] ] ] } },
{ "type": "Feature", "properties": { "difference_1990_2000": 1.0, "difference_1990_2010": 323.0, "difference_1990_2020": 3.0 }, "geometry": { "type": "Polygon", "coordinates": [ [ [ -99.565614997713766, 27.425649013051611 ], [ -99.561042524005501, 27.425649013051611 ], [ -99.561042524005501, 27.421272854253949 ], [ -99.565614997713766, 27.421272854253925 ], [ -99.565614997713766, 27.425649013051611 ] ] ] } },
{ "type": "Feature", "properties": { "difference_1990_2000": 3.0, "difference_1990_2010": 28.0, "difference_1990_2020": 3.0 }, "geometry": { "type": "Polygon", "coordinates": [ [ [ -99.565614997713766, 27.548251306108462 ], [ -99.561042524005501, 27.548251306108444 ], [ -99.561042524005501, 27.543870324518835 ], [ -99.565614997713766, 27.543870324518849 ], [ -99.565614997713766, 27.548251306108462 ] ] ] } },
{ "type": "Feature", "properties": { "difference_1990_2000": 0.0, "difference_1990_2010": 0.0, "difference_1990_2020": 7.0 }, "geometry": { "type": "Polygon", "coordinates": [ [ [ -99.565614997713766, 27.373146421640421 ], [ -99.561042524005501, 27.373146421640421 ], [ -99.561042524005501, 27.368772318777669 ], [ -99.565614997713766, 27.368772318777708 ], [ -99.565614997713766, 27.373146421640421 ] ] ] } },
{ "type": "Feature", "properties": { "difference_1990_2000": 48.0, "difference_1990_2010": 52.0, "difference_1990_2020": 53.0 }, "geometry": { "type": "Polygon", "coordinates": [ [ [ -99.565614997713766, 27.535108879880394 ], [ -99.561042524005501, 27.535108879880394 ], [ -99.561042524005501, 27.530728416739517 ], [ -99.565614997713766, 27.530728416739517 ], [ -99.565614997713766, 27.535108879880394 ] ] ] } },
{ "type": "Feature", "properties": { "difference_1990_2000": 31.0, "difference_1990_2010": 326.0, "difference_1990_2020": 160.0 }, "geometry": { "type": "Polygon", "coordinates": [ [ [ -99.565614997713766, 27.430025343473687 ], [ -99.561042524005501, 27.430025343473687 ], [ -99.561042524005501, 27.425649013051611 ], [ -99.565614997713766, 27.425649013051611 ], [ -99.565614997713766, 27.430025343473687 ] ] ] } },
{ "type": "Feature", "properties": { "difference_1990_2000": 812.0, "difference_1990_2010": 854.0, "difference_1990_2020": 829.0 }, "geometry": { "type": "Polygon", "coordinates": [ [ [ -99.565614997713766, 27.517588063478534 ], [ -99.561042524005501, 27.517588063478499 ], [ -99.561042524005501, 27.513208290958843 ], [ -99.565614997713766, 27.513208290958843 ], [ -99.565614997713766, 27.517588063478534 ] ] ] } },
{ "type": "Feature", "properties": { "difference_1990_2000": 3.0, "difference_1990_2010": 11.0, "difference_1990_2020": 15.0 }, "geometry": { "type": "Polygon", "coordinates": [ [ [ -99.565614997713766, 27.408145407150833 ], [ -99.561042524005501, 27.408145407150833 ], [ -99.561042524005501, 27.403769934394305 ], [ -99.565614997713766, 27.403769934394322 ], [ -99.565614997713766, 27.408145407150833 ] ] ] } },
{ "type": "Feature", "properties": { "difference_1990_2000": 10.0, "difference_1990_2010": 558.0, "difference_1990_2020": 720.0 }, "geometry": { "type": "Polygon", "coordinates": [ [ [ -99.565614997713766, 27.390644544319688 ], [ -99.561042524005501, 27.390644544319724 ], [ -99.561042524005501, 27.386269756874576 ], [ -99.565614997713766, 27.386269756874604 ], [ -99.565614997713766, 27.390644544319688 ] ] ] } },
{ "type": "Feature", "properties": { "difference_1990_2000": 0.0, "difference_1990_2010": 39.0, "difference_1990_2020": 685.0 }, "geometry": { "type": "Polygon", "coordinates": [ [ [ -99.565614997713766, 27.377520695580426 ], [ -99.561042524005501, 27.37752069558049 ], [ -99.561042524005501, 27.373146421640421 ], [ -99.565614997713766, 27.373146421640442 ], [ -99.565614997713766, 27.377520695580426 ] ] ] } },
{ "type": "Feature", "properties": { "difference_1990_2000": 2.0, "difference_1990_2010": -1.0, "difference_1990_2020": -1.0 }, "geometry": { "type": "Polygon", "coordinates": [ [ [ -99.565614997713766, 27.36439838694675 ], [ -99.561042524005501, 27.36439838694675 ], [ -99.561042524005501, 27.360024626102174 ], [ -99.565614997713766, 27.360024626102174 ], [ -99.565614997713766, 27.36439838694675 ] ] ] } },
{ "type": "Feature", "properties": { "difference_1990_2000": -488.0, "difference_1990_2010": -536.0, "difference_1990_2020": -612.0 }, "geometry": { "type": "Polygon", "coordinates": [ [ [ -99.565614997713766, 27.495690925825127 ], [ -99.561042524005501, 27.495690925825127 ], [ -99.561042524005501, 27.491312015548417 ], [ -99.565614997713766, 27.491312015548417 ], [ -99.565614997713766, 27.495690925825127 ] ] ] } },
{ "type": "Feature", "properties": { "difference_1990_2000": 68.0, "difference_1990_2010": 85.0, "difference_1990_2020": 78.0 }, "geometry": { "type": "Polygon", "coordinates": [ [ [ -99.565614997713766, 27.543870324518849 ], [ -99.561042524005501, 27.543870324518835 ], [ -99.561042524005501, 27.53948951579148 ], [ -99.565614997713766, 27.539489515791519 ], [ -99.565614997713766, 27.543870324518849 ] ] ] } },
{ "type": "Feature", "properties": { "difference_1990_2000": 1.0, "difference_1990_2010": 3.0, "difference_1990_2020": 3.0 }, "geometry": { "type": "Polygon", "coordinates": [ [ [ -99.565614997713766, 27.412521051349167 ], [ -99.561042524005501, 27.412521051349191 ], [ -99.561042524005501, 27.408145407150833 ], [ -99.565614997713766, 27.408145407150833 ], [ -99.565614997713766, 27.412521051349167 ] ] ] } },
{ "type": "Feature", "properties": { "difference_1990_2000": 397.0, "difference_1990_2010": 803.0, "difference_1990_2020": 874.0 }, "geometry": { "type": "Polygon", "coordinates": [ [ [ -99.565614997713766, 27.521968008584562 ], [ -99.561042524005501, 27.521968008584562 ], [ -99.561042524005501, 27.517588063478499 ], [ -99.565614997713766, 27.517588063478534 ], [ -99.565614997713766, 27.521968008584562 ] ] ] } },
{ "type": "Feature", "properties": { "difference_1990_2000": 0.0, "difference_1990_2010": 92.0, "difference_1990_2020": 406.0 }, "geometry": { "type": "Polygon", "coordinates": [ [ [ -99.565614997713766, 27.451909571549383 ], [ -99.561042524005501, 27.451909571549383 ], [ -99.561042524005501, 27.447532382319849 ], [ -99.565614997713766, 27.447532382319828 ], [ -99.565614997713766, 27.451909571549383 ] ] ] } },
{ "type": "Feature", "properties": { "difference_1990_2000": 143.0, "difference_1990_2010": 190.0, "difference_1990_2020": 132.0 }, "geometry": { "type": "Polygon", "coordinates": [ [ [ -99.565614997713766, 27.386269756874604 ], [ -99.561042524005501, 27.386269756874576 ], [ -99.561042524005501, 27.381895140643348 ], [ -99.565614997713766, 27.381895140643316 ], [ -99.565614997713766, 27.386269756874604 ] ] ] } },
{ "type": "Feature", "properties": { "difference_1990_2000": 6.0, "difference_1990_2010": 18.0, "difference_1990_2020": 26.0 }, "geometry": { "type": "Polygon", "coordinates": [ [ [ -99.565614997713766, 27.403769934394322 ], [ -99.561042524005501, 27.403769934394305 ], [ -99.561042524005501, 27.399394633034014 ], [ -99.565614997713766, 27.399394633034014 ], [ -99.565614997713766, 27.403769934394322 ] ] ] } },
{ "type": "Feature", "properties": { "difference_1990_2000": 1.0, "difference_1990_2010": 560.0, "difference_1990_2020": 883.0 }, "geometry": { "type": "Polygon", "coordinates": [ [ [ -99.565614997713766, 27.447532382319828 ], [ -99.561042524005501, 27.447532382319849 ], [ -99.561042524005501, 27.443155364943198 ], [ -99.565614997713766, 27.443155364943213 ], [ -99.565614997713766, 27.447532382319828 ] ] ] } },
{ "type": "Feature", "properties": { "difference_1990_2000": 206.0, "difference_1990_2010": 97.0, "difference_1990_2020": 18.0 }, "geometry": { "type": "Polygon", "coordinates": [ [ [ -99.556470050297222, 27.508828690979581 ], [ -99.551897576588942, 27.508828690979581 ], [ -99.551897576588942, 27.504449263494806 ], [ -99.556470050297222, 27.504449263494806 ], [ -99.556470050297222, 27.508828690979581 ] ] ] } },
{ "type": "Feature", "properties": { "difference_1990_2000": 585.0, "difference_1990_2010": 1138.0, "difference_1990_2020": 1139.0 }, "geometry": { "type": "Polygon", "coordinates": [ [ [ -99.556470050297222, 27.465042170813014 ], [ -99.551897576588942, 27.465042170813014 ], [ -99.551897576588942, 27.460664465750192 ], [ -99.556470050297222, 27.460664465750192 ], [ -99.556470050297222, 27.465042170813014 ] ] ] } },
{ "type": "Feature", "properties": { "difference_1990_2000": 21.0, "difference_1990_2010": 18.0, "difference_1990_2020": 20.0 }, "geometry": { "type": "Polygon", "coordinates": [ [ [ -99.556470050297222, 27.52634812632288 ], [ -99.551897576588942, 27.52634812632288 ], [ -99.551897576588942, 27.521968008584562 ], [ -99.556470050297222, 27.521968008584562 ], [ -99.556470050297222, 27.52634812632288 ] ] ] } },
{ "type": "Feature", "properties": { "difference_1990_2000": 1083.0, "difference_1990_2010": 1453.0, "difference_1990_2020": 1415.0 }, "geometry": { "type": "Polygon", "coordinates": [ [ [ -99.556470050297222, 27.473798097092338 ], [ -99.551897576588942, 27.473798097092303 ], [ -99.551897576588942, 27.469420047911811 ], [ -99.556470050297222, 27.469420047911811 ], [ -99.556470050297222, 27.473798097092338 ] ] ] } },
{ "type": "Feature", "properties": { "difference_1990_2000": 324.0, "difference_1990_2010": 258.0, "difference_1990_2020": 486.0 }, "geometry": { "type": "Polygon", "coordinates": [ [ [ -99.556470050297222, 27.486933277582626 ], [ -99.551897576588942, 27.486933277582644 ], [ -99.551897576588942, 27.482554711881928 ], [ -99.556470050297222, 27.482554711881928 ], [ -99.556470050297222, 27.486933277582626 ] ] ] } },
{ "type": "Feature", "properties": { "difference_1990_2000": 598.0, "difference_1990_2010": 866.0, "difference_1990_2020": 929.0 }, "geometry": { "type": "Polygon", "coordinates": [ [ [ -99.556470050297222, 27.469420047911811 ], [ -99.551897576588942, 27.469420047911811 ], [ -99.551897576588942, 27.465042170813014 ], [ -99.556470050297222, 27.465042170813014 ], [ -99.556470050297222, 27.469420047911811 ] ] ] } },
{ "type": "Feature", "properties": { "difference_1990_2000": 0.0, "difference_1990_2010": 0.0, "difference_1990_2020": 36.0 }, "geometry": { "type": "Polygon", "coordinates": [ [ [ -99.556470050297222, 27.552632460606407 ], [ -99.551897576588942, 27.552632460606368 ], [ -99.551897576588942, 27.548251306108462 ], [ -99.556470050297222, 27.548251306108494 ], [ -99.556470050297222, 27.552632460606407 ] ] ] } },
{ "type": "Feature", "properties": { "difference_1990_2000": 51.0, "difference_1990_2010": 62.0, "difference_1990_2020": 27.0 }, "geometry": { "type": "Polygon", "coordinates": [ [ [ -99.556470050297222, 27.399394633034014 ], [ -99.551897576588942, 27.399394633034014 ], [ -99.551897576588942, 27.395019503024333 ], [ -99.556470050297222, 27.395019503024336 ], [ -99.556470050297222, 27.399394633034014 ] ] ] } },
{ "type": "Feature", "properties": { "difference_1990_2000": 21.0, "difference_1990_2010": 18.0, "difference_1990_2020": 20.0 }, "geometry": { "type": "Polygon", "coordinates": [ [ [ -99.556470050297222, 27.530728416739517 ], [ -99.551897576588942, 27.530728416739517 ], [ -99.551897576588942, 27.52634812632288 ], [ -99.556470050297222, 27.52634812632288 ], [ -99.556470050297222, 27.530728416739517 ] ] ] } },
{ "type": "Feature", "properties": { "difference_1990_2000": 0.0, "difference_1990_2010": 1.0, "difference_1990_2020": 338.0 }, "geometry": { "type": "Polygon", "coordinates": [ [ [ -99.556470050297222, 27.456286932677592 ], [ -99.551897576588942, 27.456286932677592 ], [ -99.551897576588942, 27.451909571549383 ], [ -99.556470050297222, 27.451909571549383 ], [ -99.556470050297222, 27.456286932677592 ] ] ] } },
{ "type": "Feature", "properties": { "difference_1990_2000": 2815.0, "difference_1990_2010": 2313.0, "difference_1990_2020": 2134.0 }, "geometry": { "type": "Polygon", "coordinates": [ [ [ -99.556470050297222, 27.482554711881928 ], [ -99.551897576588942, 27.482554711881928 ], [ -99.551897576588942, 27.478176318400454 ], [ -99.556470050297222, 27.478176318400454 ], [ -99.556470050297222, 27.482554711881928 ] ] ] } },
{ "type": "Feature", "properties": { "difference_1990_2000": 0.0, "difference_1990_2010": -491.0, "difference_1990_2020": -508.0 }, "geometry": { "type": "Polygon", "coordinates": [ [ [ -99.556470050297222, 27.500070008458621 ], [ -99.551897576588942, 27.50007000845866 ], [ -99.551897576588942, 27.495690925825127 ], [ -99.556470050297222, 27.495690925825148 ], [ -99.556470050297222, 27.500070008458621 ] ] ] } },
{ "type": "Feature", "properties": { "difference_1990_2000": 537.0, "difference_1990_2010": 340.0, "difference_1990_2020": 438.0 }, "geometry": { "type": "Polygon", "coordinates": [ [ [ -99.556470050297222, 27.513208290958843 ], [ -99.551897576588942, 27.513208290958843 ], [ -99.551897576588942, 27.508828690979581 ], [ -99.556470050297222, 27.508828690979581 ], [ -99.556470050297222, 27.513208290958843 ] ] ] } },
{ "type": "Feature", "properties": { "difference_1990_2000": 2.0, "difference_1990_2010": 937.0, "difference_1990_2020": 1457.0 }, "geometry": { "type": "Polygon", "coordinates": [ [ [ -99.556470050297222, 27.443155364943198 ], [ -99.551897576588942, 27.443155364943198 ], [ -99.551897576588942, 27.438778519373781 ], [ -99.556470050297222, 27.438778519373781 ], [ -99.556470050297222, 27.443155364943198 ] ] ] } },
{ "type": "Feature", "properties": { "difference_1990_2000": 109.0, "difference_1990_2010": 195.0, "difference_1990_2020": 208.0 }, "geometry": { "type": "Polygon", "coordinates": [ [ [ -99.556470050297222, 27.416896867035003 ], [ -99.551897576588942, 27.416896867035003 ], [ -99.551897576588942, 27.412521051349191 ], [ -99.556470050297222, 27.412521051349191 ], [ -99.556470050297222, 27.416896867035003 ] ] ] } },
{ "type": "Feature", "properties": { "difference_1990_2000": 2536.0, "difference_1990_2010": 2693.0, "difference_1990_2020": 2507.0 }, "geometry": { "type": "Polygon", "coordinates": [ [ [ -99.556470050297222, 27.478176318400454 ], [ -99.551897576588942, 27.478176318400454 ], [ -99.551897576588942, 27.473798097092303 ], [ -99.556470050297222, 27.473798097092338 ], [ -99.556470050297222, 27.478176318400454 ] ] ] } },
{ "type": "Feature", "properties": { "difference_1990_2000": 13.0, "difference_1990_2010": 27.0, "difference_1990_2020": 29.0 }, "geometry": { "type": "Polygon", "coordinates": [ [ [ -99.556470050297222, 27.381895140643348 ], [ -99.551897576588942, 27.381895140643348 ], [ -99.551897576588942, 27.377520695580447 ], [ -99.556470050297222, 27.377520695580447 ], [ -99.556470050297222, 27.381895140643348 ] ] ] } },
{ "type": "Feature", "properties": { "difference_1990_2000": 1043.0, "difference_1990_2010": 636.0, "difference_1990_2020": 646.0 }, "geometry": { "type": "Polygon", "coordinates": [ [ [ -99.556470050297222, 27.491312015548417 ], [ -99.551897576588942, 27.491312015548417 ], [ -99.551897576588942, 27.486933277582644 ], [ -99.556470050297222, 27.486933277582626 ], [ -99.556470050297222, 27.491312015548417 ] ] ] } },
{ "type": "Feature", "properties": { "difference_1990_2000": 22.0, "difference_1990_2010": 378.0, "difference_1990_2020": 468.0 }, "geometry": { "type": "Polygon", "coordinates": [ [ [ -99.556470050297222, 27.395019503024336 ], [ -99.551897576588942, 27.395019503024333 ], [ -99.551897576588942, 27.390644544319724 ], [ -99.556470050297222, 27.390644544319724 ], [ -99.556470050297222, 27.395019503024336 ] ] ] } },
{ "type": "Feature", "properties": { "difference_1990_2000": 184.0, "difference_1990_2010": 473.0, "difference_1990_2020": 661.0 }, "geometry": { "type": "Polygon", "coordinates": [ [ [ -99.556470050297222, 27.460664465750192 ], [ -99.551897576588942, 27.460664465750192 ], [ -99.551897576588942, 27.456286932677592 ], [ -99.556470050297222, 27.456286932677592 ], [ -99.556470050297222, 27.460664465750192 ] ] ] } },
{ "type": "Feature", "properties": { "difference_1990_2000": 110.0, "difference_1990_2010": 271.0, "difference_1990_2020": 343.0 }, "geometry": { "type": "Polygon", "coordinates": [ [ [ -99.556470050297222, 27.421272854253925 ], [ -99.551897576588942, 27.421272854253925 ], [ -99.551897576588942, 27.416896867035025 ], [ -99.556470050297222, 27.416896867035025 ], [ -99.556470050297222, 27.421272854253925 ] ] ] } },
{ "type": "Feature", "properties": { "difference_1990_2000": 70.0, "difference_1990_2010": -151.0, "difference_1990_2020": -142.0 }, "geometry": { "type": "Polygon", "coordinates": [ [ [ -99.556470050297222, 27.504449263494806 ], [ -99.551897576588942, 27.504449263494806 ], [ -99.551897576588942, 27.50007000845866 ], [ -99.556470050297222, 27.500070008458621 ], [ -99.556470050297222, 27.504449263494806 ] ] ] } },
{ "type": "Feature", "properties": { "difference_1990_2000": 204.0, "difference_1990_2010": 759.0, "difference_1990_2020": 1064.0 }, "geometry": { "type": "Polygon", "coordinates": [ [ [ -99.556470050297222, 27.425649013051611 ], [ -99.551897576588942, 27.425649013051611 ], [ -99.551897576588942, 27.421272854253925 ], [ -99.556470050297222, 27.421272854253925 ], [ -99.556470050297222, 27.425649013051611 ] ] ] } },
{ "type": "Feature", "properties": { "difference_1990_2000": 0.0, "difference_1990_2010": 0.0, "difference_1990_2020": 68.0 }, "geometry": { "type": "Polygon", "coordinates": [ [ [ -99.556470050297222, 27.548251306108462 ], [ -99.551897576588942, 27.548251306108444 ], [ -99.551897576588942, 27.543870324518835 ], [ -99.556470050297222, 27.543870324518849 ], [ -99.556470050297222, 27.548251306108462 ] ] ] } },
{ "type": "Feature", "properties": { "difference_1990_2000": 0.0, "difference_1990_2010": 0.0, "difference_1990_2020": -1.0 }, "geometry": { "type": "Polygon", "coordinates": [ [ [ -99.556470050297222, 27.373146421640421 ], [ -99.551897576588942, 27.373146421640385 ], [ -99.551897576588942, 27.368772318777669 ], [ -99.556470050297222, 27.368772318777669 ], [ -99.556470050297222, 27.373146421640421 ] ] ] } },
{ "type": "Feature", "properties": { "difference_1990_2000": 43.0, "difference_1990_2010": 1169.0, "difference_1990_2020": 1239.0 }, "geometry": { "type": "Polygon", "coordinates": [ [ [ -99.556470050297222, 27.517588063478499 ], [ -99.551897576588942, 27.517588063478499 ], [ -99.551897576588942, 27.513208290958843 ], [ -99.556470050297222, 27.513208290958843 ], [ -99.556470050297222, 27.517588063478499 ] ] ] } },
{ "type": "Feature", "properties": { "difference_1990_2000": 159.0, "difference_1990_2010": 656.0, "difference_1990_2020": 826.0 }, "geometry": { "type": "Polygon", "coordinates": [ [ [ -99.556470050297222, 27.430025343473687 ], [ -99.551897576588942, 27.430025343473687 ], [ -99.551897576588942, 27.425649013051611 ], [ -99.556470050297222, 27.425649013051611 ], [ -99.556470050297222, 27.430025343473687 ] ] ] } },
{ "type": "Feature", "properties": { "difference_1990_2000": 19.0, "difference_1990_2010": 21.0, "difference_1990_2020": 16.0 }, "geometry": { "type": "Polygon", "coordinates": [ [ [ -99.556470050297222, 27.408145407150833 ], [ -99.551897576588942, 27.408145407150833 ], [ -99.551897576588942, 27.403769934394305 ], [ -99.556470050297222, 27.403769934394305 ], [ -99.556470050297222, 27.408145407150833 ] ] ] } },
{ "type": "Feature", "properties": { "difference_1990_2000": 4.0, "difference_1990_2010": -1.0, "difference_1990_2020": -4.0 }, "geometry": { "type": "Polygon", "coordinates": [ [ [ -99.556470050297222, 27.377520695580447 ], [ -99.551897576588942, 27.377520695580447 ], [ -99.551897576588942, 27.373146421640421 ], [ -99.556470050297222, 27.373146421640442 ], [ -99.556470050297222, 27.377520695580447 ] ] ] } },
{ "type": "Feature", "properties": { "difference_1990_2000": 37.0, "difference_1990_2010": 481.0, "difference_1990_2020": 607.0 }, "geometry": { "type": "Polygon", "coordinates": [ [ [ -99.556470050297222, 27.390644544319724 ], [ -99.551897576588942, 27.390644544319724 ], [ -99.551897576588942, 27.386269756874576 ], [ -99.556470050297222, 27.386269756874576 ], [ -99.556470050297222, 27.390644544319724 ] ] ] } },
{ "type": "Feature", "properties": { "difference_1990_2000": -84.0, "difference_1990_2010": -364.0, "difference_1990_2020": -424.0 }, "geometry": { "type": "Polygon", "coordinates": [ [ [ -99.556470050297222, 27.495690925825148 ], [ -99.551897576588942, 27.495690925825127 ], [ -99.551897576588942, 27.491312015548417 ], [ -99.556470050297222, 27.491312015548417 ], [ -99.556470050297222, 27.495690925825148 ] ] ] } },
{ "type": "Feature", "properties": { "difference_1990_2000": 88.0, "difference_1990_2010": 110.0, "difference_1990_2020": 72.0 }, "geometry": { "type": "Polygon", "coordinates": [ [ [ -99.556470050297222, 27.386269756874576 ], [ -99.551897576588942, 27.386269756874576 ], [ -99.551897576588942, 27.381895140643348 ], [ -99.556470050297222, 27.381895140643348 ], [ -99.556470050297222, 27.386269756874576 ] ] ] } },
{ "type": "Feature", "properties": { "difference_1990_2000": 84.0, "difference_1990_2010": 709.0, "difference_1990_2020": 776.0 }, "geometry": { "type": "Polygon", "coordinates": [ [ [ -99.556470050297222, 27.521968008584562 ], [ -99.551897576588942, 27.521968008584562 ], [ -99.551897576588942, 27.517588063478499 ], [ -99.556470050297222, 27.517588063478499 ], [ -99.556470050297222, 27.521968008584562 ] ] ] } },
{ "type": "Feature", "properties": { "difference_1990_2000": 11.0, "difference_1990_2010": 522.0, "difference_1990_2020": 811.0 }, "geometry": { "type": "Polygon", "coordinates": [ [ [ -99.556470050297222, 27.438778519373781 ], [ -99.551897576588942, 27.438778519373781 ], [ -99.551897576588942, 27.434401845565834 ], [ -99.556470050297222, 27.434401845565834 ], [ -99.556470050297222, 27.438778519373781 ] ] ] } },
{ "type": "Feature", "properties": { "difference_1990_2000": 3.0, "difference_1990_2010": 8.0, "difference_1990_2020": 9.0 }, "geometry": { "type": "Polygon", "coordinates": [ [ [ -99.556470050297222, 27.412521051349191 ], [ -99.551897576588942, 27.412521051349191 ], [ -99.551897576588942, 27.408145407150833 ], [ -99.556470050297222, 27.408145407150833 ], [ -99.556470050297222, 27.412521051349191 ] ] ] } },
{ "type": "Feature", "properties": { "difference_1990_2000": 1.0, "difference_1990_2010": 480.0, "difference_1990_2020": 910.0 }, "geometry": { "type": "Polygon", "coordinates": [ [ [ -99.556470050297222, 27.451909571549383 ], [ -99.551897576588942, 27.451909571549383 ], [ -99.551897576588942, 27.447532382319849 ], [ -99.556470050297222, 27.447532382319849 ], [ -99.556470050297222, 27.451909571549383 ] ] ] } },
{ "type": "Feature", "properties": { "difference_1990_2000": 84.0, "difference_1990_2010": 76.0, "difference_1990_2020": 47.0 }, "geometry": { "type": "Polygon", "coordinates": [ [ [ -99.556470050297222, 27.403769934394305 ], [ -99.551897576588942, 27.403769934394305 ], [ -99.551897576588942, 27.399394633034014 ], [ -99.556470050297222, 27.399394633034014 ], [ -99.556470050297222, 27.403769934394305 ] ] ] } },
{ "type": "Feature", "properties": { "difference_1990_2000": 2.0, "difference_1990_2010": 937.0, "difference_1990_2020": 1457.0 }, "geometry": { "type": "Polygon", "coordinates": [ [ [ -99.556470050297222, 27.447532382319849 ], [ -99.551897576588942, 27.447532382319849 ], [ -99.551897576588942, 27.443155364943198 ], [ -99.556470050297222, 27.443155364943198 ], [ -99.556470050297222, 27.447532382319849 ] ] ] } },
{ "type": "Feature", "properties": { "difference_1990_2000": 18.0, "difference_1990_2010": 38.0, "difference_1990_2020": 56.0 }, "geometry": { "type": "Polygon", "coordinates": [ [ [ -99.556470050297222, 27.434401845565834 ], [ -99.551897576588942, 27.434401845565834 ], [ -99.551897576588942, 27.430025343473687 ], [ -99.556470050297222, 27.430025343473687 ], [ -99.556470050297222, 27.434401845565834 ] ] ] } },
{ "type": "Feature", "properties": { "difference_1990_2000": 812.0, "difference_1990_2010": 756.0, "difference_1990_2020": 764.0 }, "geometry": { "type": "Polygon", "coordinates": [ [ [ -99.547325102880663, 27.508828690979581 ], [ -99.542752629172355, 27.508828690979581 ], [ -99.542752629172355, 27.504449263494806 ], [ -99.547325102880663, 27.504449263494806 ], [ -99.547325102880663, 27.508828690979581 ] ] ] } },
{ "type": "Feature", "properties": { "difference_1990_2000": 109.0, "difference_1990_2010": 276.0, "difference_1990_2020": 311.0 }, "geometry": { "type": "Polygon", "coordinates": [ [ [ -99.547325102880663, 27.465042170813014 ], [ -99.542752629172355, 27.465042170813014 ], [ -99.542752629172355, 27.460664465750192 ], [ -99.547325102880663, 27.460664465750192 ], [ -99.547325102880663, 27.465042170813014 ] ] ] } },
{ "type": "Feature", "properties": { "difference_1990_2000": 5.0, "difference_1990_2010": 3.0, "difference_1990_2020": 3.0 }, "geometry": { "type": "Polygon", "coordinates": [ [ [ -99.547325102880663, 27.52634812632288 ], [ -99.542752629172355, 27.52634812632288 ], [ -99.542752629172355, 27.521968008584576 ], [ -99.547325102880663, 27.521968008584562 ], [ -99.547325102880663, 27.52634812632288 ] ] ] } },
{ "type": "Feature", "properties": { "difference_1990_2000": 183.0, "difference_1990_2010": 680.0, "difference_1990_2020": 1102.0 }, "geometry": { "type": "Polygon", "coordinates": [ [ [ -99.547325102880663, 27.486933277582626 ], [ -99.542752629172355, 27.486933277582644 ], [ -99.542752629172355, 27.482554711881928 ], [ -99.547325102880663, 27.482554711881928 ], [ -99.547325102880663, 27.486933277582626 ] ] ] } },
{ "type": "Feature", "properties": { "difference_1990_2000": 674.0, "difference_1990_2010": 631.0, "difference_1990_2020": 659.0 }, "geometry": { "type": "Polygon", "coordinates": [ [ [ -99.547325102880663, 27.473798097092349 ], [ -99.542752629172355, 27.473798097092338 ], [ -99.542752629172355, 27.469420047911829 ], [ -99.547325102880663, 27.469420047911811 ], [ -99.547325102880663, 27.473798097092349 ] ] ] } },
{ "type": "Feature", "properties": { "difference_1990_2000": 587.0, "difference_1990_2010": 591.0, "difference_1990_2020": 618.0 }, "geometry": { "type": "Polygon", "coordinates": [ [ [ -99.547325102880663, 27.469420047911811 ], [ -99.542752629172355, 27.469420047911829 ], [ -99.542752629172355, 27.465042170813014 ], [ -99.547325102880663, 27.465042170813014 ], [ -99.547325102880663, 27.469420047911811 ] ] ] } },
{ "type": "Feature", "properties": { "difference_1990_2000": 87.0, "difference_1990_2010": 44.0, "difference_1990_2020": 21.0 }, "geometry": { "type": "Polygon", "coordinates": [ [ [ -99.547325102880663, 27.399394633034014 ], [ -99.542752629172355, 27.399394633034014 ], [ -99.542752629172355, 27.395019503024336 ], [ -99.547325102880663, 27.395019503024336 ], [ -99.547325102880663, 27.399394633034014 ] ] ] } },
{ "type": "Feature", "properties": { "difference_1990_2000": 7.0, "difference_1990_2010": 3.0, "difference_1990_2020": 4.0 }, "geometry": { "type": "Polygon", "coordinates": [ [ [ -99.547325102880663, 27.530728416739517 ], [ -99.542752629172355, 27.530728416739549 ], [ -99.542752629172355, 27.52634812632288 ], [ -99.547325102880663, 27.52634812632288 ], [ -99.547325102880663, 27.530728416739517 ] ] ] } },
{ "type": "Feature", "properties": { "difference_1990_2000": 337.0, "difference_1990_2010": 661.0, "difference_1990_2020": 970.0 }, "geometry": { "type": "Polygon", "coordinates": [ [ [ -99.547325102880663, 27.482554711881928 ], [ -99.542752629172355, 27.482554711881928 ], [ -99.542752629172355, 27.478176318400454 ], [ -99.547325102880663, 27.478176318400454 ], [ -99.547325102880663, 27.482554711881928 ] ] ] } },
{ "type": "Feature", "properties": { "difference_1990_2000": 20.0, "difference_1990_2010": 1292.0, "difference_1990_2020": 1474.0 }, "geometry": { "type": "Polygon", "coordinates": [ [ [ -99.547325102880663, 27.456286932677614 ], [ -99.542752629172355, 27.456286932677614 ], [ -99.542752629172355, 27.451909571549383 ], [ -99.547325102880663, 27.451909571549383 ], [ -99.547325102880663, 27.456286932677614 ] ] ] } },
{ "type": "Feature", "properties": { "difference_1990_2000": 477.0, "difference_1990_2010": 371.0, "difference_1990_2020": 366.0 }, "geometry": { "type": "Polygon", "coordinates": [ [ [ -99.547325102880663, 27.513208290958843 ], [ -99.542752629172355, 27.513208290958843 ], [ -99.542752629172355, 27.508828690979581 ], [ -99.547325102880663, 27.508828690979581 ], [ -99.547325102880663, 27.513208290958843 ] ] ] } },
{ "type": "Feature", "properties": { "difference_1990_2000": 957.0, "difference_1990_2010": 1278.0, "difference_1990_2020": 1363.0 }, "geometry": { "type": "Polygon", "coordinates": [ [ [ -99.547325102880663, 27.50007000845866 ], [ -99.542752629172355, 27.500070008458621 ], [ -99.542752629172355, 27.495690925825148 ], [ -99.547325102880663, 27.495690925825148 ], [ -99.547325102880663, 27.50007000845866 ] ] ] } },
{ "type": "Feature", "properties": { "difference_1990_2000": 16.0, "difference_1990_2010": 313.0, "difference_1990_2020": 450.0 }, "geometry": { "type": "Polygon", "coordinates": [ [ [ -99.547325102880663, 27.443155364943198 ], [ -99.542752629172355, 27.443155364943198 ], [ -99.542752629172355, 27.438778519373781 ], [ -99.547325102880663, 27.438778519373805 ], [ -99.547325102880663, 27.443155364943198 ] ] ] } },
{ "type": "Feature", "properties": { "difference_1990_2000": 256.0, "difference_1990_2010": 158.0, "difference_1990_2020": 36.0 }, "geometry": { "type": "Polygon", "coordinates": [ [ [ -99.547325102880663, 27.416896867035003 ], [ -99.542752629172355, 27.416896867035003 ], [ -99.542752629172355, 27.412521051349191 ], [ -99.547325102880663, 27.412521051349191 ], [ -99.547325102880663, 27.416896867035003 ] ] ] } },
{ "type": "Feature", "properties": { "difference_1990_2000": 592.0, "difference_1990_2010": 522.0, "difference_1990_2020": 533.0 }, "geometry": { "type": "Polygon", "coordinates": [ [ [ -99.547325102880663, 27.478176318400454 ], [ -99.542752629172355, 27.478176318400454 ], [ -99.542752629172355, 27.473798097092338 ], [ -99.547325102880663, 27.473798097092349 ], [ -99.547325102880663, 27.478176318400454 ] ] ] } },
{ "type": "Feature", "properties": { "difference_1990_2000": 58.0, "difference_1990_2010": 68.0, "difference_1990_2020": 66.0 }, "geometry": { "type": "Polygon", "coordinates": [ [ [ -99.547325102880663, 27.381895140643348 ], [ -99.542752629172355, 27.381895140643348 ], [ -99.542752629172355, 27.37752069558049 ], [ -99.547325102880663, 27.377520695580447 ], [ -99.547325102880663, 27.381895140643348 ] ] ] } },
{ "type": "Feature", "properties": { "difference_1990_2000": 62.0, "difference_1990_2010": -258.0, "difference_1990_2020": -312.0 }, "geometry": { "type": "Polygon", "coordinates": [ [ [ -99.547325102880663, 27.491312015548417 ], [ -99.542752629172355, 27.491312015548392 ], [ -99.542752629172355, 27.486933277582644 ], [ -99.547325102880663, 27.486933277582626 ], [ -99.547325102880663, 27.491312015548417 ] ] ] } },
{ "type": "Feature", "properties": { "difference_1990_2000": 90.0, "difference_1990_2010": 42.0, "difference_1990_2020": 21.0 }, "geometry": { "type": "Polygon", "coordinates": [ [ [ -99.547325102880663, 27.395019503024336 ], [ -99.542752629172355, 27.395019503024336 ], [ -99.542752629172355, 27.390644544319745 ], [ -99.547325102880663, 27.390644544319724 ], [ -99.547325102880663, 27.395019503024336 ] ] ] } },
{ "type": "Feature", "properties": { "difference_1990_2000": 68.0, "difference_1990_2010": 302.0, "difference_1990_2020": 338.0 }, "geometry": { "type": "Polygon", "coordinates": [ [ [ -99.547325102880663, 27.460664465750192 ], [ -99.542752629172355, 27.460664465750192 ], [ -99.542752629172355, 27.456286932677614 ], [ -99.547325102880663, 27.456286932677614 ], [ -99.547325102880663, 27.460664465750192 ] ] ] } },
{ "type": "Feature", "properties": { "difference_1990_2000": 273.0, "difference_1990_2010": 680.0, "difference_1990_2020": 638.0 }, "geometry": { "type": "Polygon", "coordinates": [ [ [ -99.547325102880663, 27.421272854253925 ], [ -99.542752629172355, 27.421272854253925 ], [ -99.542752629172355, 27.416896867035025 ], [ -99.547325102880663, 27.416896867035046 ], [ -99.547325102880663, 27.421272854253925 ] ] ] } },
{ "type": "Feature", "properties": { "difference_1990_2000": 928.0, "difference_1990_2010": 1083.0, "difference_1990_2020": 1147.0 }, "geometry": { "type": "Polygon", "coordinates": [ [ [ -99.547325102880663, 27.504449263494806 ], [ -99.542752629172355, 27.504449263494806 ], [ -99.542752629172355, 27.500070008458621 ], [ -99.547325102880663, 27.50007000845866 ], [ -99.547325102880663, 27.504449263494806 ] ] ] } },
{ "type": "Feature", "properties": { "difference_1990_2000": 240.0, "difference_1990_2010": 812.0, "difference_1990_2020": 900.0 }, "geometry": { "type": "Polygon", "coordinates": [ [ [ -99.547325102880663, 27.425649013051611 ], [ -99.542752629172355, 27.425649013051611 ], [ -99.542752629172355, 27.421272854253925 ], [ -99.547325102880663, 27.421272854253925 ], [ -99.547325102880663, 27.425649013051611 ] ] ] } },
{ "type": "Feature", "properties": { "difference_1990_2000": 3.0, "difference_1990_2010": 1.0, "difference_1990_2020": 1.0 }, "geometry": { "type": "Polygon", "coordinates": [ [ [ -99.547325102880663, 27.535108879880379 ], [ -99.542752629172355, 27.535108879880394 ], [ -99.542752629172355, 27.530728416739549 ], [ -99.547325102880663, 27.530728416739517 ], [ -99.547325102880663, 27.535108879880379 ] ] ] } },
{ "type": "Feature", "properties": { "difference_1990_2000": 220.0, "difference_1990_2010": 242.0, "difference_1990_2020": 273.0 }, "geometry": { "type": "Polygon", "coordinates": [ [ [ -99.547325102880663, 27.517588063478499 ], [ -99.542752629172355, 27.517588063478534 ], [ -99.542752629172355, 27.513208290958843 ], [ -99.547325102880663, 27.513208290958843 ], [ -99.547325102880663, 27.517588063478499 ] ] ] } },
{ "type": "Feature", "properties": { "difference_1990_2000": 107.0, "difference_1990_2010": 338.0, "difference_1990_2020": 396.0 }, "geometry": { "type": "Polygon", "coordinates": [ [ [ -99.547325102880663, 27.430025343473687 ], [ -99.542752629172355, 27.430025343473687 ], [ -99.542752629172355, 27.425649013051611 ], [ -99.547325102880663, 27.425649013051611 ], [ -99.547325102880663, 27.430025343473687 ] ] ] } },
{ "type": "Feature", "properties": { "difference_1990_2000": 15.0, "difference_1990_2010": 17.0, "difference_1990_2020": 15.0 }, "geometry": { "type": "Polygon", "coordinates": [ [ [ -99.547325102880663, 27.408145407150833 ], [ -99.542752629172355, 27.408145407150833 ], [ -99.542752629172355, 27.403769934394305 ], [ -99.547325102880663, 27.403769934394305 ], [ -99.547325102880663, 27.408145407150833 ] ] ] } },
{ "type": "Feature", "properties": { "difference_1990_2000": -1.0, "difference_1990_2010": -1.0, "difference_1990_2020": -1.0 }, "geometry": { "type": "Polygon", "coordinates": [ [ [ -99.547325102880663, 27.543870324518849 ], [ -99.542752629172355, 27.543870324518888 ], [ -99.542752629172355, 27.53948951579148 ], [ -99.547325102880663, 27.53948951579148 ], [ -99.547325102880663, 27.543870324518849 ] ] ] } },
{ "type": "Feature", "properties": { "difference_1990_2000": 73.0, "difference_1990_2010": 83.0, "difference_1990_2020": 79.0 }, "geometry": { "type": "Polygon", "coordinates": [ [ [ -99.547325102880663, 27.390644544319724 ], [ -99.542752629172355, 27.390644544319745 ], [ -99.542752629172355, 27.386269756874604 ], [ -99.547325102880663, 27.386269756874576 ], [ -99.547325102880663, 27.390644544319724 ] ] ] } },
{ "type": "Feature", "properties": { "difference_1990_2000": 17.0, "difference_1990_2010": -375.0, "difference_1990_2020": -422.0 }, "geometry": { "type": "Polygon", "coordinates": [ [ [ -99.547325102880663, 27.495690925825148 ], [ -99.542752629172355, 27.495690925825148 ], [ -99.542752629172355, 27.491312015548392 ], [ -99.547325102880663, 27.491312015548417 ], [ -99.547325102880663, 27.495690925825148 ] ] ] } },
{ "type": "Feature", "properties": { "difference_1990_2000": 38.0, "difference_1990_2010": 38.0, "difference_1990_2020": 33.0 }, "geometry": { "type": "Polygon", "coordinates": [ [ [ -99.547325102880663, 27.386269756874576 ], [ -99.542752629172355, 27.386269756874604 ], [ -99.542752629172355, 27.381895140643348 ], [ -99.547325102880663, 27.381895140643348 ], [ -99.547325102880663, 27.386269756874576 ] ] ] } },
{ "type": "Feature", "properties": { "difference_1990_2000": 99.0, "difference_1990_2010": 111.0, "difference_1990_2020": 124.0 }, "geometry": { "type": "Polygon", "coordinates": [ [ [ -99.547325102880663, 27.521968008584562 ], [ -99.542752629172355, 27.521968008584576 ], [ -99.542752629172355, 27.517588063478534 ], [ -99.547325102880663, 27.517588063478499 ], [ -99.547325102880663, 27.521968008584562 ] ] ] } },
{ "type": "Feature", "properties": { "difference_1990_2000": 3.0, "difference_1990_2010": 8.0, "difference_1990_2020": 9.0 }, "geometry": { "type": "Polygon", "coordinates": [ [ [ -99.547325102880663, 27.412521051349191 ], [ -99.542752629172355, 27.412521051349191 ], [ -99.542752629172355, 27.408145407150833 ], [ -99.547325102880663, 27.408145407150833 ], [ -99.547325102880663, 27.412521051349191 ] ] ] } },
{ "type": "Feature", "properties": { "difference_1990_2000": 16.0, "difference_1990_2010": 320.0, "difference_1990_2020": 948.0 }, "geometry": { "type": "Polygon", "coordinates": [ [ [ -99.547325102880663, 27.451909571549383 ], [ -99.542752629172355, 27.451909571549383 ], [ -99.542752629172355, 27.447532382319849 ], [ -99.547325102880663, 27.447532382319849 ], [ -99.547325102880663, 27.451909571549383 ] ] ] } },
{ "type": "Feature", "properties": { "difference_1990_2000": 23.0, "difference_1990_2010": 48.0, "difference_1990_2020": 71.0 }, "geometry": { "type": "Polygon", "coordinates": [ [ [ -99.547325102880663, 27.438778519373805 ], [ -99.542752629172355, 27.438778519373781 ], [ -99.542752629172355, 27.434401845565834 ], [ -99.547325102880663, 27.434401845565834 ], [ -99.547325102880663, 27.438778519373805 ] ] ] } },
{ "type": "Feature", "properties": { "difference_1990_2000": 82.0, "difference_1990_2010": 60.0, "difference_1990_2020": 40.0 }, "geometry": { "type": "Polygon", "coordinates": [ [ [ -99.547325102880663, 27.403769934394305 ], [ -99.542752629172355, 27.403769934394305 ], [ -99.542752629172355, 27.399394633034014 ], [ -99.547325102880663, 27.399394633034014 ], [ -99.547325102880663, 27.403769934394305 ] ] ] } },
{ "type": "Feature", "properties": { "difference_1990_2000": 9.0, "difference_1990_2010": 618.0, "difference_1990_2020": 1166.0 }, "geometry": { "type": "Polygon", "coordinates": [ [ [ -99.547325102880663, 27.447532382319849 ], [ -99.542752629172355, 27.447532382319849 ], [ -99.542752629172355, 27.443155364943198 ], [ -99.547325102880663, 27.443155364943198 ], [ -99.547325102880663, 27.447532382319849 ] ] ] } },
{ "type": "Feature", "properties": { "difference_1990_2000": -2.0, "difference_1990_2010": -2.0, "difference_1990_2020": -2.0 }, "geometry": { "type": "Polygon", "coordinates": [ [ [ -99.547325102880663, 27.53948951579148 ], [ -99.542752629172355, 27.53948951579148 ], [ -99.542752629172355, 27.535108879880394 ], [ -99.547325102880663, 27.535108879880379 ], [ -99.547325102880663, 27.53948951579148 ] ] ] } },
{ "type": "Feature", "properties": { "difference_1990_2000": 23.0, "difference_1990_2010": 48.0, "difference_1990_2020": 71.0 }, "geometry": { "type": "Polygon", "coordinates": [ [ [ -99.547325102880663, 27.434401845565834 ], [ -99.542752629172355, 27.434401845565834 ], [ -99.542752629172355, 27.430025343473687 ], [ -99.547325102880663, 27.430025343473687 ], [ -99.547325102880663, 27.434401845565834 ] ] ] } },
{ "type": "Feature", "properties": { "difference_1990_2000": 615.0, "difference_1990_2010": 480.0, "difference_1990_2020": 429.0 }, "geometry": { "type": "Polygon", "coordinates": [ [ [ -99.538180155464104, 27.465042170812985 ], [ -99.533607681755839, 27.465042170813032 ], [ -99.533607681755839, 27.46066446575022 ], [ -99.538180155464104, 27.46066446575017 ], [ -99.538180155464104, 27.465042170812985 ] ] ] } },
{ "type": "Feature", "properties": { "difference_1990_2000": 151.0, "difference_1990_2010": 41.0, "difference_1990_2020": 74.0 }, "geometry": { "type": "Polygon", "coordinates": [ [ [ -99.538180155464104, 27.508828690979581 ], [ -99.533607681755839, 27.50882869097962 ], [ -99.533607681755839, 27.504449263494806 ], [ -99.538180155464104, 27.504449263494806 ], [ -99.538180155464104, 27.508828690979581 ] ] ] } },
{ "type": "Feature", "properties": { "difference_1990_2000": 0.0, "difference_1990_2010": 1.0, "difference_1990_2020": 1.0 }, "geometry": { "type": "Polygon", "coordinates": [ [ [ -99.538180155464104, 27.52634812632288 ], [ -99.533607681755839, 27.52634812632288 ], [ -99.533607681755839, 27.521968008584562 ], [ -99.538180155464104, 27.521968008584562 ], [ -99.538180155464104, 27.52634812632288 ] ] ] } },
{ "type": "Feature", "properties": { "difference_1990_2000": 640.0, "difference_1990_2010": 261.0, "difference_1990_2020": -154.0 }, "geometry": { "type": "Polygon", "coordinates": [ [ [ -99.538180155464104, 27.473798097092303 ], [ -99.533607681755839, 27.473798097092338 ], [ -99.533607681755839, 27.469420047911811 ], [ -99.538180155464104, 27.469420047911811 ], [ -99.538180155464104, 27.473798097092303 ] ] ] } },
{ "type": "Feature", "properties": { "difference_1990_2000": -44.0, "difference_1990_2010": -539.0, "difference_1990_2020": -591.0 }, "geometry": { "type": "Polygon", "coordinates": [ [ [ -99.538180155464104, 27.486933277582644 ], [ -99.533607681755839, 27.486933277582668 ], [ -99.533607681755839, 27.482554711881949 ], [ -99.538180155464104, 27.482554711881928 ], [ -99.538180155464104, 27.486933277582644 ] ] ] } },
{ "type": "Feature", "properties": { "difference_1990_2000": 1129.0, "difference_1990_2010": 818.0, "difference_1990_2020": 685.0 }, "geometry": { "type": "Polygon", "coordinates": [ [ [ -99.538180155464104, 27.469420047911811 ], [ -99.533607681755839, 27.469420047911811 ], [ -99.533607681755839, 27.465042170813032 ], [ -99.538180155464104, 27.465042170812985 ], [ -99.538180155464104, 27.469420047911811 ] ] ] } },
{ "type": "Feature", "properties": { "difference_1990_2000": 52.0, "difference_1990_2010": 26.0, "difference_1990_2020": 13.0 }, "geometry": { "type": "Polygon", "coordinates": [ [ [ -99.538180155464104, 27.399394633034014 ], [ -99.533607681755839, 27.399394633034014 ], [ -99.533607681755839, 27.395019503024379 ], [ -99.538180155464104, 27.395019503024336 ], [ -99.538180155464104, 27.399394633034014 ] ] ] } },
{ "type": "Feature", "properties": { "difference_1990_2000": 5.0, "difference_1990_2010": 3.0, "difference_1990_2020": 2.0 }, "geometry": { "type": "Polygon", "coordinates": [ [ [ -99.538180155464104, 27.530728416739517 ], [ -99.533607681755839, 27.530728416739517 ], [ -99.533607681755839, 27.52634812632288 ], [ -99.538180155464104, 27.52634812632288 ], [ -99.538180155464104, 27.530728416739517 ] ] ] } },
{ "type": "Feature", "properties": { "difference_1990_2000": 14.0, "difference_1990_2010": 1578.0, "difference_1990_2020": 1650.0 }, "geometry": { "type": "Polygon", "coordinates": [ [ [ -99.538180155464104, 27.456286932677592 ], [ -99.533607681755839, 27.456286932677614 ], [ -99.533607681755839, 27.451909571549383 ], [ -99.538180155464104, 27.451909571549383 ], [ -99.538180155464104, 27.456286932677592 ] ] ] } },
{ "type": "Feature", "properties": { "difference_1990_2000": -36.0, "difference_1990_2010": -512.0, "difference_1990_2020": -557.0 }, "geometry": { "type": "Polygon", "coordinates": [ [ [ -99.538180155464104, 27.482554711881928 ], [ -99.533607681755839, 27.482554711881949 ], [ -99.533607681755839, 27.478176318400454 ], [ -99.538180155464104, 27.478176318400422 ], [ -99.538180155464104, 27.482554711881928 ] ] ] } },
{ "type": "Feature", "properties": { "difference_1990_2000": 106.0, "difference_1990_2010": -236.0, "difference_1990_2020": -225.0 }, "geometry": { "type": "Polygon", "coordinates": [ [ [ -99.538180155464104, 27.500070008458621 ], [ -99.533607681755839, 27.50007000845866 ], [ -99.533607681755839, 27.495690925825148 ], [ -99.538180155464104, 27.495690925825127 ], [ -99.538180155464104, 27.500070008458621 ] ] ] } },
{ "type": "Feature", "properties": { "difference_1990_2000": 37.0, "difference_1990_2010": 6.0, "difference_1990_2020": 26.0 }, "geometry": { "type": "Polygon", "coordinates": [ [ [ -99.538180155464104, 27.513208290958843 ], [ -99.533607681755839, 27.513208290958843 ], [ -99.533607681755839, 27.50882869097962 ], [ -99.538180155464104, 27.508828690979581 ], [ -99.538180155464104, 27.513208290958843 ] ] ] } },
{ "type": "Feature", "properties": { "difference_1990_2000": 13.0, "difference_1990_2010": 209.0, "difference_1990_2020": 296.0 }, "geometry": { "type": "Polygon", "coordinates": [ [ [ -99.538180155464104, 27.443155364943184 ], [ -99.533607681755839, 27.443155364943198 ], [ -99.533607681755839, 27.438778519373805 ], [ -99.538180155464104, 27.438778519373781 ], [ -99.538180155464104, 27.443155364943184 ] ] ] } },
{ "type": "Feature", "properties": { "difference_1990_2000": 53.0, "difference_1990_2010": 60.0, "difference_1990_2020": 40.0 }, "geometry": { "type": "Polygon", "coordinates": [ [ [ -99.538180155464104, 27.416896867035003 ], [ -99.533607681755839, 27.416896867034971 ], [ -99.533607681755839, 27.41252105134922 ], [ -99.538180155464104, 27.412521051349191 ], [ -99.538180155464104, 27.416896867035003 ] ] ] } },
{ "type": "Feature", "properties": { "difference_1990_2000": -59.0, "difference_1990_2010": -597.0, "difference_1990_2020": -688.0 }, "geometry": { "type": "Polygon", "coordinates": [ [ [ -99.538180155464104, 27.478176318400422 ], [ -99.533607681755839, 27.478176318400454 ], [ -99.533607681755839, 27.473798097092338 ], [ -99.538180155464104, 27.473798097092303 ], [ -99.538180155464104, 27.478176318400422 ] ] ] } },
{ "type": "Feature", "properties": { "difference_1990_2000": 5.0, "difference_1990_2010": 1026.0, "difference_1990_2020": 1114.0 }, "geometry": { "type": "Polygon", "coordinates": [ [ [ -99.538180155464104, 27.46066446575017 ], [ -99.533607681755839, 27.46066446575022 ], [ -99.533607681755839, 27.456286932677614 ], [ -99.538180155464104, 27.456286932677592 ], [ -99.538180155464104, 27.46066446575017 ] ] ] } },
{ "type": "Feature", "properties": { "difference_1990_2000": 162.0, "difference_1990_2010": 561.0, "difference_1990_2020": 573.0 }, "geometry": { "type": "Polygon", "coordinates": [ [ [ -99.538180155464104, 27.421272854253893 ], [ -99.533607681755839, 27.421272854253949 ], [ -99.533607681755839, 27.416896867035003 ], [ -99.538180155464104, 27.416896867035025 ], [ -99.538180155464104, 27.421272854253893 ] ] ] } },
{ "type": "Feature", "properties": { "difference_1990_2000": -4.0, "difference_1990_2010": -643.0, "difference_1990_2020": -602.0 }, "geometry": { "type": "Polygon", "coordinates": [ [ [ -99.538180155464104, 27.491312015548417 ], [ -99.533607681755839, 27.491312015548392 ], [ -99.533607681755839, 27.486933277582668 ], [ -99.538180155464104, 27.486933277582644 ], [ -99.538180155464104, 27.491312015548417 ] ] ] } },
{ "type": "Feature", "properties": { "difference_1990_2000": 8.0, "difference_1990_2010": 222.0, "difference_1990_2020": 246.0 }, "geometry": { "type": "Polygon", "coordinates": [ [ [ -99.538180155464104, 27.395019503024336 ], [ -99.533607681755839, 27.395019503024379 ], [ -99.533607681755839, 27.390644544319724 ], [ -99.538180155464104, 27.390644544319724 ], [ -99.538180155464104, 27.395019503024336 ] ] ] } },
{ "type": "Feature", "properties": { "difference_1990_2000": 288.0, "difference_1990_2010": -62.0, "difference_1990_2020": -22.0 }, "geometry": { "type": "Polygon", "coordinates": [ [ [ -99.538180155464104, 27.504449263494806 ], [ -99.533607681755839, 27.504449263494806 ], [ -99.533607681755839, 27.50007000845866 ], [ -99.538180155464104, 27.500070008458621 ], [ -99.538180155464104, 27.504449263494806 ] ] ] } },
{ "type": "Feature", "properties": { "difference_1990_2000": 254.0, "difference_1990_2010": 828.0, "difference_1990_2020": 816.0 }, "geometry": { "type": "Polygon", "coordinates": [ [ [ -99.538180155464104, 27.425649013051611 ], [ -99.533607681755839, 27.425649013051611 ], [ -99.533607681755839, 27.421272854253949 ], [ -99.538180155464104, 27.421272854253893 ], [ -99.538180155464104, 27.425649013051611 ] ] ] } },
{ "type": "Feature", "properties": { "difference_1990_2000": 29.0, "difference_1990_2010": 6.0, "difference_1990_2020": 20.0 }, "geometry": { "type": "Polygon", "coordinates": [ [ [ -99.538180155464104, 27.517588063478495 ], [ -99.533607681755839, 27.517588063478499 ], [ -99.533607681755839, 27.513208290958843 ], [ -99.538180155464104, 27.513208290958843 ], [ -99.538180155464104, 27.517588063478495 ] ] ] } },
{ "type": "Feature", "properties": { "difference_1990_2000": 3.0, "difference_1990_2010": 1.0, "difference_1990_2020": 1.0 }, "geometry": { "type": "Polygon", "coordinates": [ [ [ -99.538180155464104, 27.535108879880394 ], [ -99.533607681755839, 27.535108879880394 ], [ -99.533607681755839, 27.530728416739517 ], [ -99.538180155464104, 27.530728416739517 ], [ -99.538180155464104, 27.535108879880394 ] ] ] } },
{ "type": "Feature", "properties": { "difference_1990_2000": 58.0, "difference_1990_2010": 118.0, "difference_1990_2020": 110.0 }, "geometry": { "type": "Polygon", "coordinates": [ [ [ -99.538180155464104, 27.430025343473687 ], [ -99.533607681755839, 27.430025343473687 ], [ -99.533607681755839, 27.425649013051611 ], [ -99.538180155464104, 27.425649013051611 ], [ -99.538180155464104, 27.430025343473687 ] ] ] } },
{ "type": "Feature", "properties": { "difference_1990_2000": 58.0, "difference_1990_2010": 25.0, "difference_1990_2020": 36.0 }, "geometry": { "type": "Polygon", "coordinates": [ [ [ -99.538180155464104, 27.408145407150833 ], [ -99.533607681755839, 27.408145407150833 ], [ -99.533607681755839, 27.403769934394305 ], [ -99.538180155464104, 27.403769934394305 ], [ -99.538180155464104, 27.408145407150833 ] ] ] } },
{ "type": "Feature", "properties": { "difference_1990_2000": -1.0, "difference_1990_2010": -1.0, "difference_1990_2020": -1.0 }, "geometry": { "type": "Polygon", "coordinates": [ [ [ -99.538180155464104, 27.543870324518835 ], [ -99.533607681755839, 27.543870324518835 ], [ -99.533607681755839, 27.53948951579148 ], [ -99.538180155464104, 27.53948951579148 ], [ -99.538180155464104, 27.543870324518835 ] ] ] } },
{ "type": "Feature", "properties": { "difference_1990_2000": 6.0, "difference_1990_2010": -552.0, "difference_1990_2020": -526.0 }, "geometry": { "type": "Polygon", "coordinates": [ [ [ -99.538180155464104, 27.495690925825127 ], [ -99.533607681755839, 27.495690925825148 ], [ -99.533607681755839, 27.491312015548392 ], [ -99.538180155464104, 27.491312015548417 ], [ -99.538180155464104, 27.495690925825127 ] ] ] } },
{ "type": "Feature", "properties": { "difference_1990_2000": 0.0, "difference_1990_2010": 472.0, "difference_1990_2020": 532.0 }, "geometry": { "type": "Polygon", "coordinates": [ [ [ -99.538180155464104, 27.390644544319724 ], [ -99.533607681755839, 27.390644544319724 ], [ -99.533607681755839, 27.386269756874604 ], [ -99.538180155464104, 27.386269756874576 ], [ -99.538180155464104, 27.390644544319724 ] ] ] } },
{ "type": "Feature", "properties": { "difference_1990_2000": 0.0, "difference_1990_2010": 24.0, "difference_1990_2020": 28.0 }, "geometry": { "type": "Polygon", "coordinates": [ [ [ -99.538180155464104, 27.386269756874576 ], [ -99.533607681755839, 27.386269756874604 ], [ -99.533607681755839, 27.381895140643348 ], [ -99.538180155464104, 27.381895140643348 ], [ -99.538180155464104, 27.386269756874576 ] ] ] } },
{ "type": "Feature", "properties": { "difference_1990_2000": 0.0, "difference_1990_2010": 1.0, "difference_1990_2020": 1.0 }, "geometry": { "type": "Polygon", "coordinates": [ [ [ -99.538180155464104, 27.521968008584562 ], [ -99.533607681755839, 27.521968008584562 ], [ -99.533607681755839, 27.517588063478499 ], [ -99.538180155464104, 27.517588063478495 ], [ -99.538180155464104, 27.521968008584562 ] ] ] } },
{ "type": "Feature", "properties": { "difference_1990_2000": 16.0, "difference_1990_2010": 114.0, "difference_1990_2020": 160.0 }, "geometry": { "type": "Polygon", "coordinates": [ [ [ -99.538180155464104, 27.438778519373781 ], [ -99.533607681755839, 27.438778519373805 ], [ -99.533607681755839, 27.434401845565834 ], [ -99.538180155464104, 27.434401845565834 ], [ -99.538180155464104, 27.438778519373781 ] ] ] } },
{ "type": "Feature", "properties": { "difference_1990_2000": 21.0, "difference_1990_2010": 6.0, "difference_1990_2020": -18.0 }, "geometry": { "type": "Polygon", "coordinates": [ [ [ -99.538180155464104, 27.412521051349191 ], [ -99.533607681755839, 27.41252105134922 ], [ -99.533607681755839, 27.408145407150833 ], [ -99.538180155464104, 27.408145407150833 ], [ -99.538180155464104, 27.412521051349191 ] ] ] } },
{ "type": "Feature", "properties": { "difference_1990_2000": 16.0, "difference_1990_2010": 743.0, "difference_1990_2020": 1035.0 }, "geometry": { "type": "Polygon", "coordinates": [ [ [ -99.538180155464104, 27.451909571549383 ], [ -99.533607681755839, 27.451909571549383 ], [ -99.533607681755839, 27.447532382319849 ], [ -99.538180155464104, 27.447532382319849 ], [ -99.538180155464104, 27.451909571549383 ] ] ] } },
{ "type": "Feature", "properties": { "difference_1990_2000": 60.0, "difference_1990_2010": 25.0, "difference_1990_2020": 38.0 }, "geometry": { "type": "Polygon", "coordinates": [ [ [ -99.538180155464104, 27.403769934394305 ], [ -99.533607681755839, 27.403769934394305 ], [ -99.533607681755839, 27.399394633034014 ], [ -99.538180155464104, 27.399394633034014 ], [ -99.538180155464104, 27.403769934394305 ] ] ] } },
{ "type": "Feature", "properties": { "difference_1990_2000": 16.0, "difference_1990_2010": 429.0, "difference_1990_2020": 637.0 }, "geometry": { "type": "Polygon", "coordinates": [ [ [ -99.538180155464104, 27.447532382319849 ], [ -99.533607681755839, 27.447532382319849 ], [ -99.533607681755839, 27.443155364943198 ], [ -99.538180155464104, 27.443155364943184 ], [ -99.538180155464104, 27.447532382319849 ] ] ] } },
{ "type": "Feature", "properties": { "difference_1990_2000": -2.0, "difference_1990_2010": -2.0, "difference_1990_2020": -2.0 }, "geometry": { "type": "Polygon", "coordinates": [ [ [ -99.538180155464104, 27.53948951579148 ], [ -99.533607681755839, 27.53948951579148 ], [ -99.533607681755839, 27.535108879880394 ], [ -99.538180155464104, 27.535108879880394 ], [ -99.538180155464104, 27.53948951579148 ] ] ] } },
{ "type": "Feature", "properties": { "difference_1990_2000": 35.0, "difference_1990_2010": 64.0, "difference_1990_2020": 66.0 }, "geometry": { "type": "Polygon", "coordinates": [ [ [ -99.538180155464104, 27.434401845565834 ], [ -99.533607681755839, 27.434401845565834 ], [ -99.533607681755839, 27.430025343473687 ], [ -99.538180155464104, 27.430025343473687 ], [ -99.538180155464104, 27.434401845565834 ] ] ] } },
{ "type": "Feature", "properties": { "difference_1990_2000": 21.0, "difference_1990_2010": 3.0, "difference_1990_2020": 14.0 }, "geometry": { "type": "Polygon", "coordinates": [ [ [ -99.529035208047574, 27.508828690979581 ], [ -99.524462734339295, 27.508828690979581 ], [ -99.524462734339295, 27.504449263494806 ], [ -99.529035208047574, 27.504449263494806 ], [ -99.529035208047574, 27.508828690979581 ] ] ] } },
{ "type": "Feature", "properties": { "difference_1990_2000": 31.0, "difference_1990_2010": -345.0, "difference_1990_2020": -370.0 }, "geometry": { "type": "Polygon", "coordinates": [ [ [ -99.529035208047574, 27.465042170813014 ], [ -99.524462734339295, 27.465042170812985 ], [ -99.524462734339295, 27.460664465750192 ], [ -99.529035208047574, 27.460664465750192 ], [ -99.529035208047574, 27.465042170813014 ] ] ] } },
{ "type": "Feature", "properties": { "difference_1990_2000": 1.0, "difference_1990_2010": 2.0, "difference_1990_2020": 2.0 }, "geometry": { "type": "Polygon", "coordinates": [ [ [ -99.529035208047574, 27.52634812632288 ], [ -99.524462734339295, 27.526348126322862 ], [ -99.524462734339295, 27.521968008584562 ], [ -99.529035208047574, 27.521968008584576 ], [ -99.529035208047574, 27.52634812632288 ] ] ] } },
{ "type": "Feature", "properties": { "difference_1990_2000": -112.0, "difference_1990_2010": -612.0, "difference_1990_2020": -746.0 }, "geometry": { "type": "Polygon", "coordinates": [ [ [ -99.529035208047574, 27.473798097092338 ], [ -99.524462734339295, 27.473798097092338 ], [ -99.524462734339295, 27.469420047911779 ], [ -99.529035208047574, 27.469420047911811 ], [ -99.529035208047574, 27.473798097092338 ] ] ] } },
{ "type": "Feature", "properties": { "difference_1990_2000": 6.0, "difference_1990_2010": -426.0, "difference_1990_2020": -450.0 }, "geometry": { "type": "Polygon", "coordinates": [ [ [ -99.529035208047574, 27.469420047911811 ], [ -99.524462734339295, 27.469420047911779 ], [ -99.524462734339295, 27.465042170812985 ], [ -99.529035208047574, 27.465042170813014 ], [ -99.529035208047574, 27.469420047911811 ] ] ] } },
{ "type": "Feature", "properties": { "difference_1990_2000": -263.0, "difference_1990_2010": -786.0, "difference_1990_2020": -912.0 }, "geometry": { "type": "Polygon", "coordinates": [ [ [ -99.529035208047574, 27.486933277582668 ], [ -99.524462734339295, 27.486933277582644 ], [ -99.524462734339295, 27.482554711881928 ], [ -99.529035208047574, 27.482554711881928 ], [ -99.529035208047574, 27.486933277582668 ] ] ] } },
{ "type": "Feature", "properties": { "difference_1990_2000": 0.0, "difference_1990_2010": 1.0, "difference_1990_2020": 1.0 }, "geometry": { "type": "Polygon", "coordinates": [ [ [ -99.529035208047574, 27.530728416739517 ], [ -99.524462734339295, 27.530728416739496 ], [ -99.524462734339295, 27.526348126322862 ], [ -99.529035208047574, 27.52634812632288 ], [ -99.529035208047574, 27.530728416739517 ] ] ] } },
{ "type": "Feature", "properties": { "difference_1990_2000": 11.0, "difference_1990_2010": 56.0, "difference_1990_2020": 107.0 }, "geometry": { "type": "Polygon", "coordinates": [ [ [ -99.529035208047574, 27.456286932677592 ], [ -99.524462734339295, 27.456286932677592 ], [ -99.524462734339295, 27.451909571549383 ], [ -99.529035208047574, 27.451909571549383 ], [ -99.529035208047574, 27.456286932677592 ] ] ] } },
{ "type": "Feature", "properties": { "difference_1990_2000": -263.0, "difference_1990_2010": -767.0, "difference_1990_2020": -920.0 }, "geometry": { "type": "Polygon", "coordinates": [ [ [ -99.529035208047574, 27.482554711881928 ], [ -99.524462734339295, 27.482554711881928 ], [ -99.524462734339295, 27.478176318400422 ], [ -99.529035208047574, 27.478176318400454 ], [ -99.529035208047574, 27.482554711881928 ] ] ] } },
{ "type": "Feature", "properties": { "difference_1990_2000": -70.0, "difference_1990_2010": -391.0, "difference_1990_2020": -417.0 }, "geometry": { "type": "Polygon", "coordinates": [ [ [ -99.529035208047574, 27.500070008458621 ], [ -99.524462734339295, 27.500070008458621 ], [ -99.524462734339295, 27.495690925825127 ], [ -99.529035208047574, 27.495690925825127 ], [ -99.529035208047574, 27.500070008458621 ] ] ] } },
{ "type": "Feature", "properties": { "difference_1990_2000": 30.0, "difference_1990_2010": 5.0, "difference_1990_2020": 21.0 }, "geometry": { "type": "Polygon", "coordinates": [ [ [ -99.529035208047574, 27.513208290958843 ], [ -99.524462734339295, 27.513208290958843 ], [ -99.524462734339295, 27.508828690979581 ], [ -99.529035208047574, 27.508828690979581 ], [ -99.529035208047574, 27.513208290958843 ] ] ] } },
{ "type": "Feature", "properties": { "difference_1990_2000": 31.0, "difference_1990_2010": 341.0, "difference_1990_2020": 481.0 }, "geometry": { "type": "Polygon", "coordinates": [ [ [ -99.529035208047574, 27.443155364943198 ], [ -99.524462734339295, 27.443155364943198 ], [ -99.524462734339295, 27.438778519373805 ], [ -99.529035208047574, 27.438778519373781 ], [ -99.529035208047574, 27.443155364943198 ] ] ] } },
{ "type": "Feature", "properties": { "difference_1990_2000": 7.0, "difference_1990_2010": 77.0, "difference_1990_2020": 116.0 }, "geometry": { "type": "Polygon", "coordinates": [ [ [ -99.529035208047574, 27.416896867035025 ], [ -99.524462734339295, 27.416896867034971 ], [ -99.524462734339295, 27.412521051349167 ], [ -99.529035208047574, 27.41252105134922 ], [ -99.529035208047574, 27.416896867035025 ] ] ] } },
{ "type": "Feature", "properties": { "difference_1990_2000": -207.0, "difference_1990_2010": -719.0, "difference_1990_2020": -890.0 }, "geometry": { "type": "Polygon", "coordinates": [ [ [ -99.529035208047574, 27.478176318400454 ], [ -99.524462734339295, 27.478176318400422 ], [ -99.524462734339295, 27.473798097092338 ], [ -99.529035208047574, 27.473798097092338 ], [ -99.529035208047574, 27.478176318400454 ] ] ] } },
{ "type": "Feature", "properties": { "difference_1990_2000": -195.0, "difference_1990_2010": -1044.0, "difference_1990_2020": -1115.0 }, "geometry": { "type": "Polygon", "coordinates": [ [ [ -99.529035208047574, 27.491312015548417 ], [ -99.524462734339295, 27.491312015548392 ], [ -99.524462734339295, 27.486933277582644 ], [ -99.529035208047574, 27.486933277582668 ], [ -99.529035208047574, 27.491312015548417 ] ] ] } },
{ "type": "Feature", "properties": { "difference_1990_2000": 0.0, "difference_1990_2010": 17.0, "difference_1990_2020": 14.0 }, "geometry": { "type": "Polygon", "coordinates": [ [ [ -99.529035208047574, 27.395019503024336 ], [ -99.524462734339295, 27.395019503024336 ], [ -99.524462734339295, 27.390644544319724 ], [ -99.529035208047574, 27.390644544319745 ], [ -99.529035208047574, 27.395019503024336 ] ] ] } },
{ "type": "Feature", "properties": { "difference_1990_2000": 19.0, "difference_1990_2010": -21.0, "difference_1990_2020": -10.0 }, "geometry": { "type": "Polygon", "coordinates": [ [ [ -99.529035208047574, 27.460664465750192 ], [ -99.524462734339295, 27.460664465750192 ], [ -99.524462734339295, 27.456286932677592 ], [ -99.529035208047574, 27.456286932677592 ], [ -99.529035208047574, 27.460664465750192 ] ] ] } },
{ "type": "Feature", "properties": { "difference_1990_2000": -3.0, "difference_1990_2010": 73.0, "difference_1990_2020": 128.0 }, "geometry": { "type": "Polygon", "coordinates": [ [ [ -99.529035208047574, 27.421272854253925 ], [ -99.524462734339295, 27.421272854253925 ], [ -99.524462734339295, 27.416896867035003 ], [ -99.529035208047574, 27.416896867035046 ], [ -99.529035208047574, 27.421272854253925 ] ] ] } },
{ "type": "Feature", "properties": { "difference_1990_2000": 10.0, "difference_1990_2010": 2.0, "difference_1990_2020": 7.0 }, "geometry": { "type": "Polygon", "coordinates": [ [ [ -99.529035208047574, 27.504449263494806 ], [ -99.524462734339295, 27.504449263494806 ], [ -99.524462734339295, 27.500070008458621 ], [ -99.529035208047574, 27.500070008458621 ], [ -99.529035208047574, 27.504449263494806 ] ] ] } },
{ "type": "Feature", "properties": { "difference_1990_2000": -4.0, "difference_1990_2010": 87.0, "difference_1990_2020": 147.0 }, "geometry": { "type": "Polygon", "coordinates": [ [ [ -99.529035208047574, 27.425649013051629 ], [ -99.524462734339295, 27.425649013051611 ], [ -99.524462734339295, 27.421272854253925 ], [ -99.529035208047574, 27.421272854253925 ], [ -99.529035208047574, 27.425649013051629 ] ] ] } },
{ "type": "Feature", "properties": { "difference_1990_2000": 30.0, "difference_1990_2010": 5.0, "difference_1990_2020": 21.0 }, "geometry": { "type": "Polygon", "coordinates": [ [ [ -99.529035208047574, 27.517588063478499 ], [ -99.524462734339295, 27.517588063478495 ], [ -99.524462734339295, 27.513208290958843 ], [ -99.529035208047574, 27.513208290958843 ], [ -99.529035208047574, 27.517588063478499 ] ] ] } },
{ "type": "Feature", "properties": { "difference_1990_2000": 0.0, "difference_1990_2010": 1.0, "difference_1990_2020": 1.0 }, "geometry": { "type": "Polygon", "coordinates": [ [ [ -99.529035208047574, 27.535108879880394 ], [ -99.524462734339295, 27.535108879880379 ], [ -99.524462734339295, 27.530728416739496 ], [ -99.529035208047574, 27.530728416739517 ], [ -99.529035208047574, 27.535108879880394 ] ] ] } },
{ "type": "Feature", "properties": { "difference_1990_2000": -4.0, "difference_1990_2010": 87.0, "difference_1990_2020": 147.0 }, "geometry": { "type": "Polygon", "coordinates": [ [ [ -99.529035208047574, 27.430025343473687 ], [ -99.524462734339295, 27.430025343473687 ], [ -99.524462734339295, 27.425649013051611 ], [ -99.529035208047574, 27.425649013051629 ], [ -99.529035208047574, 27.430025343473687 ] ] ] } },
{ "type": "Feature", "properties": { "difference_1990_2000": 8.0, "difference_1990_2010": 897.0, "difference_1990_2020": 903.0 }, "geometry": { "type": "Polygon", "coordinates": [ [ [ -99.529035208047574, 27.408145407150833 ], [ -99.524462734339295, 27.408145407150833 ], [ -99.524462734339295, 27.403769934394269 ], [ -99.529035208047574, 27.403769934394305 ], [ -99.529035208047574, 27.408145407150833 ] ] ] } },
{ "type": "Feature", "properties": { "difference_1990_2000": 0.0, "difference_1990_2010": 1.0, "difference_1990_2020": 0.0 }, "geometry": { "type": "Polygon", "coordinates": [ [ [ -99.529035208047574, 27.543870324518835 ], [ -99.524462734339295, 27.543870324518835 ], [ -99.524462734339295, 27.539489515791463 ], [ -99.529035208047574, 27.53948951579148 ], [ -99.529035208047574, 27.543870324518835 ] ] ] } },
{ "type": "Feature", "properties": { "difference_1990_2000": -193.0, "difference_1990_2010": -954.0, "difference_1990_2020": -1031.0 }, "geometry": { "type": "Polygon", "coordinates": [ [ [ -99.529035208047574, 27.495690925825127 ], [ -99.524462734339295, 27.495690925825127 ], [ -99.524462734339295, 27.491312015548392 ], [ -99.529035208047574, 27.491312015548417 ], [ -99.529035208047574, 27.495690925825127 ] ] ] } },
{ "type": "Feature", "properties": { "difference_1990_2000": 16.0, "difference_1990_2010": 115.0, "difference_1990_2020": 159.0 }, "geometry": { "type": "Polygon", "coordinates": [ [ [ -99.529035208047574, 27.438778519373781 ], [ -99.524462734339295, 27.438778519373805 ], [ -99.524462734339295, 27.434401845565819 ], [ -99.529035208047574, 27.434401845565834 ], [ -99.529035208047574, 27.438778519373781 ] ] ] } },
{ "type": "Feature", "properties": { "difference_1990_2000": 0.0, "difference_1990_2010": 5.0, "difference_1990_2020": 5.0 }, "geometry": { "type": "Polygon", "coordinates": [ [ [ -99.529035208047574, 27.390644544319745 ], [ -99.524462734339295, 27.390644544319724 ], [ -99.524462734339295, 27.386269756874576 ], [ -99.529035208047574, 27.386269756874576 ], [ -99.529035208047574, 27.390644544319745 ] ] ] } },
{ "type": "Feature", "properties": { "difference_1990_2000": 68.0, "difference_1990_2010": 141.0, "difference_1990_2020": 220.0 }, "geometry": { "type": "Polygon", "coordinates": [ [ [ -99.529035208047574, 27.451909571549383 ], [ -99.524462734339295, 27.451909571549383 ], [ -99.524462734339295, 27.447532382319849 ], [ -99.529035208047574, 27.447532382319849 ], [ -99.529035208047574, 27.451909571549383 ] ] ] } },
{ "type": "Feature", "properties": { "difference_1990_2000": 6.0, "difference_1990_2010": 2.0, "difference_1990_2020": 5.0 }, "geometry": { "type": "Polygon", "coordinates": [ [ [ -99.529035208047574, 27.521968008584576 ], [ -99.524462734339295, 27.521968008584562 ], [ -99.524462734339295, 27.517588063478495 ], [ -99.529035208047574, 27.517588063478499 ], [ -99.529035208047574, 27.521968008584576 ] ] ] } },
{ "type": "Feature", "properties": { "difference_1990_2000": 22.0, "difference_1990_2010": 623.0, "difference_1990_2020": 608.0 }, "geometry": { "type": "Polygon", "coordinates": [ [ [ -99.529035208047574, 27.41252105134922 ], [ -99.524462734339295, 27.412521051349167 ], [ -99.524462734339295, 27.408145407150833 ], [ -99.529035208047574, 27.408145407150833 ], [ -99.529035208047574, 27.41252105134922 ] ] ] } },
{ "type": "Feature", "properties": { "difference_1990_2000": 0.0, "difference_1990_2010": 149.0, "difference_1990_2020": 156.0 }, "geometry": { "type": "Polygon", "coordinates": [ [ [ -99.529035208047574, 27.403769934394305 ], [ -99.524462734339295, 27.403769934394269 ], [ -99.524462734339295, 27.399394633033985 ], [ -99.529035208047574, 27.399394633034014 ], [ -99.529035208047574, 27.403769934394305 ] ] ] } },
{ "type": "Feature", "properties": { "difference_1990_2000": 62.0, "difference_1990_2010": 336.0, "difference_1990_2020": 474.0 }, "geometry": { "type": "Polygon", "coordinates": [ [ [ -99.529035208047574, 27.447532382319849 ], [ -99.524462734339295, 27.447532382319849 ], [ -99.524462734339295, 27.443155364943198 ], [ -99.529035208047574, 27.443155364943198 ], [ -99.529035208047574, 27.447532382319849 ] ] ] } },
{ "type": "Feature", "properties": { "difference_1990_2000": 0.0, "difference_1990_2010": 1.0, "difference_1990_2020": 1.0 }, "geometry": { "type": "Polygon", "coordinates": [ [ [ -99.529035208047574, 27.53948951579148 ], [ -99.524462734339295, 27.539489515791463 ], [ -99.524462734339295, 27.535108879880379 ], [ -99.529035208047574, 27.535108879880394 ], [ -99.529035208047574, 27.53948951579148 ] ] ] } },
{ "type": "Feature", "properties": { "difference_1990_2000": 6.0, "difference_1990_2010": 79.0, "difference_1990_2020": 123.0 }, "geometry": { "type": "Polygon", "coordinates": [ [ [ -99.529035208047574, 27.434401845565834 ], [ -99.524462734339295, 27.434401845565819 ], [ -99.524462734339295, 27.430025343473687 ], [ -99.529035208047574, 27.430025343473687 ], [ -99.529035208047574, 27.434401845565834 ] ] ] } },
{ "type": "Feature", "properties": { "difference_1990_2000": 54.0, "difference_1990_2010": -6.0, "difference_1990_2020": -37.0 }, "geometry": { "type": "Polygon", "coordinates": [ [ [ -99.519890260631016, 27.465042170813014 ], [ -99.515317786922736, 27.465042170813032 ], [ -99.515317786922736, 27.46066446575022 ], [ -99.519890260631016, 27.460664465750192 ], [ -99.519890260631016, 27.465042170813014 ] ] ] } },
{ "type": "Feature", "properties": { "difference_1990_2000": -42.0, "difference_1990_2010": -183.0, "difference_1990_2020": -171.0 }, "geometry": { "type": "Polygon", "coordinates": [ [ [ -99.519890260631016, 27.473798097092338 ], [ -99.515317786922736, 27.473798097092338 ], [ -99.515317786922736, 27.469420047911811 ], [ -99.519890260631016, 27.469420047911811 ], [ -99.519890260631016, 27.473798097092338 ] ] ] } },
{ "type": "Feature", "properties": { "difference_1990_2000": -234.0, "difference_1990_2010": -571.0, "difference_1990_2020": -636.0 }, "geometry": { "type": "Polygon", "coordinates": [ [ [ -99.519890260631016, 27.486933277582644 ], [ -99.515317786922736, 27.486933277582644 ], [ -99.515317786922736, 27.482554711881949 ], [ -99.519890260631016, 27.482554711881928 ], [ -99.519890260631016, 27.486933277582644 ] ] ] } },
{ "type": "Feature", "properties": { "difference_1990_2000": 8.0, "difference_1990_2010": -106.0, "difference_1990_2020": -107.0 }, "geometry": { "type": "Polygon", "coordinates": [ [ [ -99.519890260631016, 27.469420047911811 ], [ -99.515317786922736, 27.469420047911811 ], [ -99.515317786922736, 27.465042170813032 ], [ -99.519890260631016, 27.465042170813014 ], [ -99.519890260631016, 27.469420047911811 ] ] ] } },
{ "type": "Feature", "properties": { "difference_1990_2000": -237.0, "difference_1990_2010": -578.0, "difference_1990_2020": -645.0 }, "geometry": { "type": "Polygon", "coordinates": [ [ [ -99.519890260631016, 27.482554711881928 ], [ -99.515317786922736, 27.482554711881949 ], [ -99.515317786922736, 27.478176318400454 ], [ -99.519890260631016, 27.478176318400454 ], [ -99.519890260631016, 27.482554711881928 ] ] ] } },
{ "type": "Feature", "properties": { "difference_1990_2000": -394.0, "difference_1990_2010": -482.0, "difference_1990_2020": -547.0 }, "geometry": { "type": "Polygon", "coordinates": [ [ [ -99.519890260631016, 27.456286932677614 ], [ -99.515317786922736, 27.456286932677592 ], [ -99.515317786922736, 27.451909571549383 ], [ -99.519890260631016, 27.4519095715494 ], [ -99.519890260631016, 27.456286932677614 ] ] ] } },
{ "type": "Feature", "properties": { "difference_1990_2000": -58.0, "difference_1990_2010": -155.0, "difference_1990_2020": -176.0 }, "geometry": { "type": "Polygon", "coordinates": [ [ [ -99.519890260631016, 27.500070008458621 ], [ -99.515317786922736, 27.50007000845866 ], [ -99.515317786922736, 27.495690925825127 ], [ -99.519890260631016, 27.495690925825127 ], [ -99.519890260631016, 27.500070008458621 ] ] ] } },
{ "type": "Feature", "properties": { "difference_1990_2000": 1092.0, "difference_1990_2010": 1018.0, "difference_1990_2020": 1059.0 }, "geometry": { "type": "Polygon", "coordinates": [ [ [ -99.519890260631016, 27.443155364943198 ], [ -99.515317786922736, 27.443155364943198 ], [ -99.515317786922736, 27.438778519373781 ], [ -99.519890260631016, 27.438778519373781 ], [ -99.519890260631016, 27.443155364943198 ] ] ] } },
{ "type": "Feature", "properties": { "difference_1990_2000": 0.0, "difference_1990_2010": 0.0, "difference_1990_2020": 29.0 }, "geometry": { "type": "Polygon", "coordinates": [ [ [ -99.519890260631016, 27.416896867035003 ], [ -99.515317786922736, 27.416896867035003 ], [ -99.515317786922736, 27.412521051349191 ], [ -99.519890260631016, 27.41252105134922 ], [ -99.519890260631016, 27.416896867035003 ] ] ] } },
{ "type": "Feature", "properties": { "difference_1990_2000": -147.0, "difference_1990_2010": -400.0, "difference_1990_2020": -424.0 }, "geometry": { "type": "Polygon", "coordinates": [ [ [ -99.519890260631016, 27.478176318400454 ], [ -99.515317786922736, 27.478176318400454 ], [ -99.515317786922736, 27.473798097092338 ], [ -99.519890260631016, 27.473798097092338 ], [ -99.519890260631016, 27.478176318400454 ] ] ] } },
{ "type": "Feature", "properties": { "difference_1990_2000": 53.0, "difference_1990_2010": -11.0, "difference_1990_2020": -108.0 }, "geometry": { "type": "Polygon", "coordinates": [ [ [ -99.519890260631016, 27.460664465750192 ], [ -99.515317786922736, 27.46066446575022 ], [ -99.515317786922736, 27.456286932677592 ], [ -99.519890260631016, 27.456286932677614 ], [ -99.519890260631016, 27.460664465750192 ] ] ] } },
{ "type": "Feature", "properties": { "difference_1990_2000": -140.0, "difference_1990_2010": -286.0, "difference_1990_2020": -328.0 }, "geometry": { "type": "Polygon", "coordinates": [ [ [ -99.519890260631016, 27.491312015548438 ], [ -99.515317786922736, 27.491312015548417 ], [ -99.515317786922736, 27.486933277582644 ], [ -99.519890260631016, 27.486933277582644 ], [ -99.519890260631016, 27.491312015548438 ] ] ] } },
{ "type": "Feature", "properties": { "difference_1990_2000": -1.0, "difference_1990_2010": 10.0, "difference_1990_2020": 39.0 }, "geometry": { "type": "Polygon", "coordinates": [ [ [ -99.519890260631016, 27.421272854253925 ], [ -99.515317786922736, 27.421272854253925 ], [ -99.515317786922736, 27.416896867035025 ], [ -99.519890260631016, 27.416896867035025 ], [ -99.519890260631016, 27.421272854253925 ] ] ] } },
{ "type": "Feature", "properties": { "difference_1990_2000": -2.0, "difference_1990_2010": 27.0, "difference_1990_2020": 56.0 }, "geometry": { "type": "Polygon", "coordinates": [ [ [ -99.519890260631016, 27.425649013051611 ], [ -99.515317786922736, 27.425649013051629 ], [ -99.515317786922736, 27.421272854253925 ], [ -99.519890260631016, 27.421272854253925 ], [ -99.519890260631016, 27.425649013051611 ] ] ] } },
{ "type": "Feature", "properties": { "difference_1990_2000": -3.0, "difference_1990_2010": 64.0, "difference_1990_2020": 106.0 }, "geometry": { "type": "Polygon", "coordinates": [ [ [ -99.519890260631016, 27.430025343473687 ], [ -99.515317786922736, 27.430025343473687 ], [ -99.515317786922736, 27.425649013051629 ], [ -99.519890260631016, 27.425649013051611 ], [ -99.519890260631016, 27.430025343473687 ] ] ] } },
{ "type": "Feature", "properties": { "difference_1990_2000": 0.0, "difference_1990_2010": 36.0, "difference_1990_2020": 60.0 }, "geometry": { "type": "Polygon", "coordinates": [ [ [ -99.519890260631016, 27.408145407150833 ], [ -99.515317786922736, 27.408145407150833 ], [ -99.515317786922736, 27.403769934394305 ], [ -99.519890260631016, 27.403769934394305 ], [ -99.519890260631016, 27.408145407150833 ] ] ] } },
{ "type": "Feature", "properties": { "difference_1990_2000": -127.0, "difference_1990_2010": -290.0, "difference_1990_2020": -339.0 }, "geometry": { "type": "Polygon", "coordinates": [ [ [ -99.519890260631016, 27.495690925825127 ], [ -99.515317786922736, 27.495690925825127 ], [ -99.515317786922736, 27.491312015548417 ], [ -99.519890260631016, 27.491312015548438 ], [ -99.519890260631016, 27.495690925825127 ] ] ] } },
{ "type": "Feature", "properties": { "difference_1990_2000": 7.0, "difference_1990_2010": 268.0, "difference_1990_2020": 442.0 }, "geometry": { "type": "Polygon", "coordinates": [ [ [ -99.519890260631016, 27.438778519373781 ], [ -99.515317786922736, 27.438778519373781 ], [ -99.515317786922736, 27.434401845565834 ], [ -99.519890260631016, 27.434401845565834 ], [ -99.519890260631016, 27.438778519373781 ] ] ] } },
{ "type": "Feature", "properties": { "difference_1990_2000": -620.0, "difference_1990_2010": -727.0, "difference_1990_2020": -764.0 }, "geometry": { "type": "Polygon", "coordinates": [ [ [ -99.519890260631016, 27.4519095715494 ], [ -99.515317786922736, 27.451909571549383 ], [ -99.515317786922736, 27.447532382319849 ], [ -99.519890260631016, 27.447532382319849 ], [ -99.519890260631016, 27.4519095715494 ] ] ] } },
{ "type": "Feature", "properties": { "difference_1990_2000": 0.0, "difference_1990_2010": 87.0, "difference_1990_2020": 153.0 }, "geometry": { "type": "Polygon", "coordinates": [ [ [ -99.519890260631016, 27.41252105134922 ], [ -99.515317786922736, 27.412521051349191 ], [ -99.515317786922736, 27.408145407150833 ], [ -99.519890260631016, 27.408145407150833 ], [ -99.519890260631016, 27.41252105134922 ] ] ] } },
{ "type": "Feature", "properties": { "difference_1990_2000": 1013.0, "difference_1990_2010": 842.0, "difference_1990_2020": 885.0 }, "geometry": { "type": "Polygon", "coordinates": [ [ [ -99.519890260631016, 27.447532382319849 ], [ -99.515317786922736, 27.447532382319849 ], [ -99.515317786922736, 27.443155364943198 ], [ -99.519890260631016, 27.443155364943198 ], [ -99.519890260631016, 27.447532382319849 ] ] ] } },
{ "type": "Feature", "properties": { "difference_1990_2000": -4.0, "difference_1990_2010": 87.0, "difference_1990_2020": 147.0 }, "geometry": { "type": "Polygon", "coordinates": [ [ [ -99.519890260631016, 27.434401845565834 ], [ -99.515317786922736, 27.434401845565834 ], [ -99.515317786922736, 27.430025343473687 ], [ -99.519890260631016, 27.430025343473687 ], [ -99.519890260631016, 27.434401845565834 ] ] ] } },
{ "type": "Feature", "properties": { "difference_1990_2000": 145.0, "difference_1990_2010": 80.0, "difference_1990_2020": 52.0 }, "geometry": { "type": "Polygon", "coordinates": [ [ [ -99.510745313214457, 27.465042170813014 ], [ -99.506172839506178, 27.465042170813014 ], [ -99.506172839506178, 27.460664465750192 ], [ -99.510745313214457, 27.460664465750192 ], [ -99.510745313214457, 27.465042170813014 ] ] ] } },
{ "type": "Feature", "properties": { "difference_1990_2000": -111.0, "difference_1990_2010": -322.0, "difference_1990_2020": -397.0 }, "geometry": { "type": "Polygon", "coordinates": [ [ [ -99.510745313214457, 27.473798097092349 ], [ -99.506172839506178, 27.473798097092338 ], [ -99.506172839506178, 27.469420047911811 ], [ -99.510745313214457, 27.469420047911811 ], [ -99.510745313214457, 27.473798097092349 ] ] ] } },
{ "type": "Feature", "properties": { "difference_1990_2000": -32.0, "difference_1990_2010": -201.0, "difference_1990_2020": -248.0 }, "geometry": { "type": "Polygon", "coordinates": [ [ [ -99.510745313214457, 27.469420047911811 ], [ -99.506172839506178, 27.469420047911811 ], [ -99.506172839506178, 27.465042170813014 ], [ -99.510745313214457, 27.465042170813014 ], [ -99.510745313214457, 27.469420047911811 ] ] ] } },
{ "type": "Feature", "properties": { "difference_1990_2000": -142.0, "difference_1990_2010": -398.0, "difference_1990_2020": -414.0 }, "geometry": { "type": "Polygon", "coordinates": [ [ [ -99.510745313214457, 27.486933277582668 ], [ -99.506172839506178, 27.486933277582668 ], [ -99.506172839506178, 27.482554711881928 ], [ -99.510745313214457, 27.482554711881928 ], [ -99.510745313214457, 27.486933277582668 ] ] ] } },
{ "type": "Feature", "properties": { "difference_1990_2000": -64.0, "difference_1990_2010": -98.0, "difference_1990_2020": -112.0 }, "geometry": { "type": "Polygon", "coordinates": [ [ [ -99.510745313214457, 27.456286932677592 ], [ -99.506172839506178, 27.456286932677592 ], [ -99.506172839506178, 27.451909571549383 ], [ -99.510745313214457, 27.4519095715494 ], [ -99.510745313214457, 27.456286932677592 ] ] ] } },
{ "type": "Feature", "properties": { "difference_1990_2000": -119.0, "difference_1990_2010": -531.0, "difference_1990_2020": -580.0 }, "geometry": { "type": "Polygon", "coordinates": [ [ [ -99.510745313214457, 27.482554711881928 ], [ -99.506172839506178, 27.482554711881928 ], [ -99.506172839506178, 27.478176318400454 ], [ -99.510745313214457, 27.478176318400454 ], [ -99.510745313214457, 27.482554711881928 ] ] ] } },
{ "type": "Feature", "properties": { "difference_1990_2000": -40.0, "difference_1990_2010": -155.0, "difference_1990_2020": -151.0 }, "geometry": { "type": "Polygon", "coordinates": [ [ [ -99.510745313214457, 27.500070008458621 ], [ -99.506172839506178, 27.500070008458621 ], [ -99.506172839506178, 27.495690925825148 ], [ -99.510745313214457, 27.495690925825127 ], [ -99.510745313214457, 27.500070008458621 ] ] ] } },
{ "type": "Feature", "properties": { "difference_1990_2000": 1889.0, "difference_1990_2010": 1719.0, "difference_1990_2020": 1779.0 }, "geometry": { "type": "Polygon", "coordinates": [ [ [ -99.510745313214457, 27.443155364943198 ], [ -99.506172839506178, 27.443155364943198 ], [ -99.506172839506178, 27.438778519373781 ], [ -99.510745313214457, 27.438778519373805 ], [ -99.510745313214457, 27.443155364943198 ] ] ] } },
{ "type": "Feature", "properties": { "difference_1990_2000": -111.0, "difference_1990_2010": -481.0, "difference_1990_2020": -549.0 }, "geometry": { "type": "Polygon", "coordinates": [ [ [ -99.510745313214457, 27.478176318400454 ], [ -99.506172839506178, 27.478176318400454 ], [ -99.506172839506178, 27.473798097092338 ], [ -99.510745313214457, 27.473798097092349 ], [ -99.510745313214457, 27.478176318400454 ] ] ] } },
{ "type": "Feature", "properties": { "difference_1990_2000": -260.0, "difference_1990_2010": -473.0, "difference_1990_2020": -353.0 }, "geometry": { "type": "Polygon", "coordinates": [ [ [ -99.510745313214457, 27.491312015548417 ], [ -99.506172839506178, 27.491312015548417 ], [ -99.506172839506178, 27.486933277582668 ], [ -99.510745313214457, 27.486933277582668 ], [ -99.510745313214457, 27.491312015548417 ] ] ] } },
{ "type": "Feature", "properties": { "difference_1990_2000": 149.0, "difference_1990_2010": 99.0, "difference_1990_2020": 35.0 }, "geometry": { "type": "Polygon", "coordinates": [ [ [ -99.510745313214457, 27.460664465750192 ], [ -99.506172839506178, 27.460664465750192 ], [ -99.506172839506178, 27.456286932677592 ], [ -99.510745313214457, 27.456286932677592 ], [ -99.510745313214457, 27.460664465750192 ] ] ] } },
{ "type": "Feature", "properties": { "difference_1990_2000": 0.0, "difference_1990_2010": 114.0, "difference_1990_2020": 237.0 }, "geometry": { "type": "Polygon", "coordinates": [ [ [ -99.510745313214457, 27.425649013051629 ], [ -99.506172839506178, 27.425649013051629 ], [ -99.506172839506178, 27.421272854253949 ], [ -99.510745313214457, 27.421272854253949 ], [ -99.510745313214457, 27.425649013051629 ] ] ] } },
{ "type": "Feature", "properties": { "difference_1990_2000": -1.0, "difference_1990_2010": 128.0, "difference_1990_2020": 258.0 }, "geometry": { "type": "Polygon", "coordinates": [ [ [ -99.510745313214457, 27.430025343473687 ], [ -99.506172839506178, 27.430025343473687 ], [ -99.506172839506178, 27.425649013051629 ], [ -99.510745313214457, 27.425649013051629 ], [ -99.510745313214457, 27.430025343473687 ] ] ] } },
{ "type": "Feature", "properties": { "difference_1990_2000": -205.0, "difference_1990_2010": -400.0, "difference_1990_2020": -308.0 }, "geometry": { "type": "Polygon", "coordinates": [ [ [ -99.510745313214457, 27.495690925825127 ], [ -99.506172839506178, 27.495690925825148 ], [ -99.506172839506178, 27.491312015548417 ], [ -99.510745313214457, 27.491312015548417 ], [ -99.510745313214457, 27.495690925825127 ] ] ] } },
{ "type": "Feature", "properties": { "difference_1990_2000": 589.0, "difference_1990_2010": -426.0, "difference_1990_2020": -526.0 }, "geometry": { "type": "Polygon", "coordinates": [ [ [ -99.510745313214457, 27.4519095715494 ], [ -99.506172839506178, 27.451909571549383 ], [ -99.506172839506178, 27.447532382319878 ], [ -99.510745313214457, 27.447532382319828 ], [ -99.510745313214457, 27.4519095715494 ] ] ] } },
{ "type": "Feature", "properties": { "difference_1990_2000": 2318.0, "difference_1990_2010": 2354.0, "difference_1990_2020": 2453.0 }, "geometry": { "type": "Polygon", "coordinates": [ [ [ -99.510745313214457, 27.438778519373805 ], [ -99.506172839506178, 27.438778519373781 ], [ -99.506172839506178, 27.434401845565819 ], [ -99.510745313214457, 27.434401845565834 ], [ -99.510745313214457, 27.438778519373805 ] ] ] } },
{ "type": "Feature", "properties": { "difference_1990_2000": 956.0, "difference_1990_2010": 413.0, "difference_1990_2020": 405.0 }, "geometry": { "type": "Polygon", "coordinates": [ [ [ -99.510745313214457, 27.447532382319828 ], [ -99.506172839506178, 27.447532382319878 ], [ -99.506172839506178, 27.443155364943198 ], [ -99.510745313214457, 27.443155364943198 ], [ -99.510745313214457, 27.447532382319828 ] ] ] } },
{ "type": "Feature", "properties": { "difference_1990_2000": 28.0, "difference_1990_2010": 119.0, "difference_1990_2020": 150.0 }, "geometry": { "type": "Polygon", "coordinates": [ [ [ -99.510745313214457, 27.434401845565834 ], [ -99.506172839506178, 27.434401845565819 ], [ -99.506172839506178, 27.430025343473687 ], [ -99.510745313214457, 27.430025343473687 ], [ -99.510745313214457, 27.434401845565834 ] ] ] } },
{ "type": "Feature", "properties": { "difference_1990_2000": 272.0, "difference_1990_2010": 258.0, "difference_1990_2020": 283.0 }, "geometry": { "type": "Polygon", "coordinates": [ [ [ -99.501600365797898, 27.465042170813014 ], [ -99.497027892089619, 27.465042170813014 ], [ -99.497027892089619, 27.460664465750192 ], [ -99.501600365797898, 27.46066446575022 ], [ -99.501600365797898, 27.465042170813014 ] ] ] } },
{ "type": "Feature", "properties": { "difference_1990_2000": 330.0, "difference_1990_2010": 38.0, "difference_1990_2020": -145.0 }, "geometry": { "type": "Polygon", "coordinates": [ [ [ -99.501600365797898, 27.473798097092338 ], [ -99.497027892089619, 27.473798097092338 ], [ -99.497027892089619, 27.469420047911811 ], [ -99.501600365797898, 27.469420047911811 ], [ -99.501600365797898, 27.473798097092338 ] ] ] } },
{ "type": "Feature", "properties": { "difference_1990_2000": -204.0, "difference_1990_2010": -649.0, "difference_1990_2020": -717.0 }, "geometry": { "type": "Polygon", "coordinates": [ [ [ -99.501600365797898, 27.486933277582644 ], [ -99.497027892089619, 27.486933277582644 ], [ -99.497027892089619, 27.482554711881928 ], [ -99.501600365797898, 27.482554711881928 ], [ -99.501600365797898, 27.486933277582644 ] ] ] } },
{ "type": "Feature", "properties": { "difference_1990_2000": -178.0, "difference_1990_2010": -233.0, "difference_1990_2020": -340.0 }, "geometry": { "type": "Polygon", "coordinates": [ [ [ -99.501600365797898, 27.469420047911811 ], [ -99.497027892089619, 27.469420047911811 ], [ -99.497027892089619, 27.465042170813014 ], [ -99.501600365797898, 27.465042170813014 ], [ -99.501600365797898, 27.469420047911811 ] ] ] } },
{ "type": "Feature", "properties": { "difference_1990_2000": 74.0, "difference_1990_2010": 60.0, "difference_1990_2020": 56.0 }, "geometry": { "type": "Polygon", "coordinates": [ [ [ -99.501600365797898, 27.456286932677592 ], [ -99.497027892089619, 27.456286932677592 ], [ -99.497027892089619, 27.451909571549383 ], [ -99.501600365797898, 27.451909571549383 ], [ -99.501600365797898, 27.456286932677592 ] ] ] } },
{ "type": "Feature", "properties": { "difference_1990_2000": -274.0, "difference_1990_2010": -828.0, "difference_1990_2020": -914.0 }, "geometry": { "type": "Polygon", "coordinates": [ [ [ -99.501600365797898, 27.482554711881928 ], [ -99.497027892089619, 27.482554711881928 ], [ -99.497027892089619, 27.478176318400454 ], [ -99.501600365797898, 27.478176318400454 ], [ -99.501600365797898, 27.482554711881928 ] ] ] } },
{ "type": "Feature", "properties": { "difference_1990_2000": -487.0, "difference_1990_2010": -848.0, "difference_1990_2020": -914.0 }, "geometry": { "type": "Polygon", "coordinates": [ [ [ -99.501600365797898, 27.500070008458621 ], [ -99.497027892089619, 27.500070008458607 ], [ -99.497027892089619, 27.495690925825127 ], [ -99.501600365797898, 27.495690925825127 ], [ -99.501600365797898, 27.500070008458621 ] ] ] } },
{ "type": "Feature", "properties": { "difference_1990_2000": 71.0, "difference_1990_2010": 160.0, "difference_1990_2020": 263.0 }, "geometry": { "type": "Polygon", "coordinates": [ [ [ -99.501600365797898, 27.443155364943198 ], [ -99.497027892089619, 27.443155364943184 ], [ -99.497027892089619, 27.438778519373759 ], [ -99.501600365797898, 27.438778519373781 ], [ -99.501600365797898, 27.443155364943198 ] ] ] } },
{ "type": "Feature", "properties": { "difference_1990_2000": 69.0, "difference_1990_2010": -397.0, "difference_1990_2020": -540.0 }, "geometry": { "type": "Polygon", "coordinates": [ [ [ -99.501600365797898, 27.478176318400454 ], [ -99.497027892089619, 27.478176318400454 ], [ -99.497027892089619, 27.473798097092338 ], [ -99.501600365797898, 27.473798097092338 ], [ -99.501600365797898, 27.478176318400454 ] ] ] } },
{ "type": "Feature", "properties": { "difference_1990_2000": -202.0, "difference_1990_2010": -951.0, "difference_1990_2020": -1175.0 }, "geometry": { "type": "Polygon", "coordinates": [ [ [ -99.501600365797898, 27.491312015548417 ], [ -99.497027892089619, 27.491312015548392 ], [ -99.497027892089619, 27.486933277582644 ], [ -99.501600365797898, 27.486933277582644 ], [ -99.501600365797898, 27.491312015548417 ] ] ] } },
{ "type": "Feature", "properties": { "difference_1990_2000": 0.0, "difference_1990_2010": 0.0, "difference_1990_2020": -1.0 }, "geometry": { "type": "Polygon", "coordinates": [ [ [ -99.501600365797898, 27.504449263494806 ], [ -99.497027892089619, 27.50444926349477 ], [ -99.497027892089619, 27.500070008458607 ], [ -99.501600365797898, 27.500070008458621 ], [ -99.501600365797898, 27.504449263494806 ] ] ] } },
{ "type": "Feature", "properties": { "difference_1990_2000": 299.0, "difference_1990_2010": 276.0, "difference_1990_2020": 263.0 }, "geometry": { "type": "Polygon", "coordinates": [ [ [ -99.501600365797898, 27.46066446575022 ], [ -99.497027892089619, 27.460664465750192 ], [ -99.497027892089619, 27.456286932677592 ], [ -99.501600365797898, 27.456286932677592 ], [ -99.501600365797898, 27.46066446575022 ] ] ] } },
{ "type": "Feature", "properties": { "difference_1990_2000": 0.0, "difference_1990_2010": 118.0, "difference_1990_2020": 246.0 }, "geometry": { "type": "Polygon", "coordinates": [ [ [ -99.501600365797898, 27.425649013051611 ], [ -99.497027892089619, 27.425649013051569 ], [ -99.497027892089619, 27.421272854253925 ], [ -99.501600365797898, 27.421272854253925 ], [ -99.501600365797898, 27.425649013051611 ] ] ] } },
{ "type": "Feature", "properties": { "difference_1990_2000": 0.0, "difference_1990_2010": 23.0, "difference_1990_2020": 49.0 }, "geometry": { "type": "Polygon", "coordinates": [ [ [ -99.501600365797898, 27.430025343473687 ], [ -99.497027892089619, 27.430025343473687 ], [ -99.497027892089619, 27.425649013051569 ], [ -99.501600365797898, 27.425649013051611 ], [ -99.501600365797898, 27.430025343473687 ] ] ] } },
{ "type": "Feature", "properties": { "difference_1990_2000": -298.0, "difference_1990_2010": -989.0, "difference_1990_2020": -1178.0 }, "geometry": { "type": "Polygon", "coordinates": [ [ [ -99.501600365797898, 27.495690925825127 ], [ -99.497027892089619, 27.495690925825127 ], [ -99.497027892089619, 27.491312015548392 ], [ -99.501600365797898, 27.491312015548417 ], [ -99.501600365797898, 27.495690925825127 ] ] ] } },
{ "type": "Feature", "properties": { "difference_1990_2000": 115.0, "difference_1990_2010": 337.0, "difference_1990_2020": 375.0 }, "geometry": { "type": "Polygon", "coordinates": [ [ [ -99.501600365797898, 27.438778519373781 ], [ -99.497027892089619, 27.438778519373759 ], [ -99.497027892089619, 27.434401845565834 ], [ -99.501600365797898, 27.434401845565834 ], [ -99.501600365797898, 27.438778519373781 ] ] ] } },
{ "type": "Feature", "properties": { "difference_1990_2000": 29.0, "difference_1990_2010": 36.0, "difference_1990_2020": 55.0 }, "geometry": { "type": "Polygon", "coordinates": [ [ [ -99.501600365797898, 27.451909571549383 ], [ -99.497027892089619, 27.451909571549383 ], [ -99.497027892089619, 27.447532382319849 ], [ -99.501600365797898, 27.447532382319828 ], [ -99.501600365797898, 27.451909571549383 ] ] ] } },
{ "type": "Feature", "properties": { "difference_1990_2000": 37.0, "difference_1990_2010": 81.0, "difference_1990_2020": 146.0 }, "geometry": { "type": "Polygon", "coordinates": [ [ [ -99.501600365797898, 27.447532382319828 ], [ -99.497027892089619, 27.447532382319849 ], [ -99.497027892089619, 27.443155364943184 ], [ -99.501600365797898, 27.443155364943198 ], [ -99.501600365797898, 27.447532382319828 ] ] ] } },
{ "type": "Feature", "properties": { "difference_1990_2000": 10.0, "difference_1990_2010": 39.0, "difference_1990_2020": 30.0 }, "geometry": { "type": "Polygon", "coordinates": [ [ [ -99.501600365797898, 27.434401845565834 ], [ -99.497027892089619, 27.434401845565834 ], [ -99.497027892089619, 27.430025343473687 ], [ -99.501600365797898, 27.430025343473687 ], [ -99.501600365797898, 27.434401845565834 ] ] ] } },
{ "type": "Feature", "properties": { "difference_1990_2000": 129.0, "difference_1990_2010": 165.0, "difference_1990_2020": 160.0 }, "geometry": { "type": "Polygon", "coordinates": [ [ [ -99.492455418381354, 27.465042170812985 ], [ -99.487882944673075, 27.465042170813014 ], [ -99.487882944673075, 27.46066446575022 ], [ -99.492455418381354, 27.460664465750192 ], [ -99.492455418381354, 27.465042170812985 ] ] ] } },
{ "type": "Feature", "properties": { "difference_1990_2000": 228.0, "difference_1990_2010": 238.0, "difference_1990_2020": 165.0 }, "geometry": { "type": "Polygon", "coordinates": [ [ [ -99.492455418381354, 27.473798097092338 ], [ -99.487882944673075, 27.473798097092303 ], [ -99.487882944673075, 27.469420047911811 ], [ -99.492455418381354, 27.469420047911811 ], [ -99.492455418381354, 27.473798097092338 ] ] ] } },
{ "type": "Feature", "properties": { "difference_1990_2000": -324.0, "difference_1990_2010": -667.0, "difference_1990_2020": -745.0 }, "geometry": { "type": "Polygon", "coordinates": [ [ [ -99.492455418381354, 27.486933277582644 ], [ -99.487882944673075, 27.486933277582644 ], [ -99.487882944673075, 27.482554711881928 ], [ -99.492455418381354, 27.482554711881928 ], [ -99.492455418381354, 27.486933277582644 ] ] ] } },
{ "type": "Feature", "properties": { "difference_1990_2000": 246.0, "difference_1990_2010": 331.0, "difference_1990_2020": 313.0 }, "geometry": { "type": "Polygon", "coordinates": [ [ [ -99.492455418381354, 27.469420047911811 ], [ -99.487882944673075, 27.469420047911811 ], [ -99.487882944673075, 27.465042170813014 ], [ -99.492455418381354, 27.465042170812985 ], [ -99.492455418381354, 27.469420047911811 ] ] ] } },
{ "type": "Feature", "properties": { "difference_1990_2000": 1.0, "difference_1990_2010": 1.0, "difference_1990_2020": 1.0 }, "geometry": { "type": "Polygon", "coordinates": [ [ [ -99.492455418381354, 27.456286932677592 ], [ -99.487882944673075, 27.456286932677592 ], [ -99.487882944673075, 27.451909571549383 ], [ -99.492455418381354, 27.451909571549383 ], [ -99.492455418381354, 27.456286932677592 ] ] ] } },
{ "type": "Feature", "properties": { "difference_1990_2000": -153.0, "difference_1990_2010": -408.0, "difference_1990_2020": -493.0 }, "geometry": { "type": "Polygon", "coordinates": [ [ [ -99.492455418381354, 27.482554711881928 ], [ -99.487882944673075, 27.482554711881928 ], [ -99.487882944673075, 27.478176318400454 ], [ -99.492455418381354, 27.478176318400454 ], [ -99.492455418381354, 27.482554711881928 ] ] ] } },
{ "type": "Feature", "properties": { "difference_1990_2000": -94.0, "difference_1990_2010": -166.0, "difference_1990_2020": -171.0 }, "geometry": { "type": "Polygon", "coordinates": [ [ [ -99.492455418381354, 27.500070008458621 ], [ -99.487882944673075, 27.500070008458621 ], [ -99.487882944673075, 27.495690925825127 ], [ -99.492455418381354, 27.495690925825127 ], [ -99.492455418381354, 27.500070008458621 ] ] ] } },
{ "type": "Feature", "properties": { "difference_1990_2000": 32.0, "difference_1990_2010": -139.0, "difference_1990_2020": -189.0 }, "geometry": { "type": "Polygon", "coordinates": [ [ [ -99.492455418381354, 27.478176318400454 ], [ -99.487882944673075, 27.478176318400454 ], [ -99.487882944673075, 27.473798097092303 ], [ -99.492455418381354, 27.473798097092338 ], [ -99.492455418381354, 27.478176318400454 ] ] ] } },
{ "type": "Feature", "properties": { "difference_1990_2000": -213.0, "difference_1990_2010": -511.0, "difference_1990_2020": -728.0 }, "geometry": { "type": "Polygon", "coordinates": [ [ [ -99.492455418381354, 27.491312015548417 ], [ -99.487882944673075, 27.491312015548392 ], [ -99.487882944673075, 27.486933277582644 ], [ -99.492455418381354, 27.486933277582644 ], [ -99.492455418381354, 27.491312015548417 ] ] ] } },
{ "type": "Feature", "properties": { "difference_1990_2000": 8.0, "difference_1990_2010": 8.0, "difference_1990_2020": 8.0 }, "geometry": { "type": "Polygon", "coordinates": [ [ [ -99.492455418381354, 27.460664465750192 ], [ -99.487882944673075, 27.46066446575022 ], [ -99.487882944673075, 27.456286932677592 ], [ -99.492455418381354, 27.456286932677592 ], [ -99.492455418381354, 27.460664465750192 ] ] ] } },
{ "type": "Feature", "properties": { "difference_1990_2000": -357.0, "difference_1990_2010": -716.0, "difference_1990_2020": -868.0 }, "geometry": { "type": "Polygon", "coordinates": [ [ [ -99.492455418381354, 27.495690925825127 ], [ -99.487882944673075, 27.495690925825127 ], [ -99.487882944673075, 27.491312015548392 ], [ -99.492455418381354, 27.491312015548417 ], [ -99.492455418381354, 27.495690925825127 ] ] ] } },
{ "type": "Feature", "properties": { "difference_1990_2000": 1.0, "difference_1990_2010": 1.0, "difference_1990_2020": 1.0 }, "geometry": { "type": "Polygon", "coordinates": [ [ [ -99.483310470964796, 27.473798097092338 ], [ -99.478737997256545, 27.473798097092338 ], [ -99.478737997256545, 27.469420047911811 ], [ -99.483310470964796, 27.469420047911811 ], [ -99.483310470964796, 27.473798097092338 ] ] ] } },
{ "type": "Feature", "properties": { "difference_1990_2000": 11.0, "difference_1990_2010": -101.0, "difference_1990_2020": -125.0 }, "geometry": { "type": "Polygon", "coordinates": [ [ [ -99.483310470964796, 27.486933277582644 ], [ -99.478737997256545, 27.486933277582644 ], [ -99.478737997256545, 27.482554711881928 ], [ -99.483310470964796, 27.482554711881928 ], [ -99.483310470964796, 27.486933277582644 ] ] ] } },
{ "type": "Feature", "properties": { "difference_1990_2000": 0.0, "difference_1990_2010": 1.0, "difference_1990_2020": 1.0 }, "geometry": { "type": "Polygon", "coordinates": [ [ [ -99.483310470964796, 27.469420047911811 ], [ -99.478737997256545, 27.469420047911811 ], [ -99.478737997256545, 27.465042170813014 ], [ -99.483310470964796, 27.465042170813014 ], [ -99.483310470964796, 27.469420047911811 ] ] ] } },
{ "type": "Feature", "properties": { "difference_1990_2000": 32.0, "difference_1990_2010": -111.0, "difference_1990_2020": -134.0 }, "geometry": { "type": "Polygon", "coordinates": [ [ [ -99.483310470964796, 27.482554711881928 ], [ -99.478737997256545, 27.482554711881928 ], [ -99.478737997256545, 27.478176318400454 ], [ -99.483310470964796, 27.478176318400454 ], [ -99.483310470964796, 27.482554711881928 ] ] ] } },
{ "type": "Feature", "properties": { "difference_1990_2000": 10.0, "difference_1990_2010": -35.0, "difference_1990_2020": -42.0 }, "geometry": { "type": "Polygon", "coordinates": [ [ [ -99.483310470964796, 27.478176318400454 ], [ -99.478737997256545, 27.478176318400454 ], [ -99.478737997256545, 27.473798097092338 ], [ -99.483310470964796, 27.473798097092338 ], [ -99.483310470964796, 27.478176318400454 ] ] ] } },
{ "type": "Feature", "properties": { "difference_1990_2000": -80.0, "difference_1990_2010": -100.0, "difference_1990_2020": -144.0 }, "geometry": { "type": "Polygon", "coordinates": [ [ [ -99.483310470964796, 27.491312015548417 ], [ -99.478737997256545, 27.491312015548438 ], [ -99.478737997256545, 27.486933277582644 ], [ -99.483310470964796, 27.486933277582644 ], [ -99.483310470964796, 27.491312015548417 ] ] ] } }
]
}
