{
"type": "FeatureCollection",
"crs": { "type": "name", "properties": { "name": "urn:ogc:def:crs:OGC:1.3:CRS84" } },
"features": [
{ "type": "Feature", "properties": { "difference_1990_2000": 96.0, "difference_1990_2010": 0.0, "difference_1990_2020": -137.0 }, "geometry": { "type": "Polygon", "coordinates": [ [ [ -97.448559670781904, 20.540534084135299 ], [ -97.443987197073625, 20.540534084135299 ], [ -97.443987197073625, 20.536383554203784 ], [ -97.448559670781904, 20.536383554203784 ], [ -97.448559670781904, 20.540534084135299 ] ] ] } },
{ "type": "Feature", "properties": { "difference_1990_2000": 2.0, "difference_1990_2010": 5.0, "difference_1990_2020": 5.0 }, "geometry": { "type": "Polygon", "coordinates": [ [ [ -97.448559670781904, 20.49488437180575 ], [ -97.443987197073625, 20.494884371805767 ], [ -97.443987197073625, 20.490735064585493 ], [ -97.448559670781904, 20.490735064585461 ], [ -97.448559670781904, 20.49488437180575 ] ] ] } },
{ "type": "Feature", "properties": { "difference_1990_2000": 158.0, "difference_1990_2010": 347.0, "difference_1990_2020": 434.0 }, "geometry": { "type": "Polygon", "coordinates": [ [ [ -97.448559670781904, 20.490735064585461 ], [ -97.443987197073625, 20.490735064585493 ], [ -97.443987197073625, 20.486585868337528 ], [ -97.448559670781904, 20.486585868337507 ], [ -97.448559670781904, 20.490735064585461 ] ] ] } },
{ "type": "Feature", "properties": { "difference_1990_2000": 972.0, "difference_1990_2010": 0.0, "difference_1990_2020": 927.0 }, "geometry": { "type": "Polygon", "coordinates": [ [ [ -97.448559670781904, 20.569590912860921 ], [ -97.443987197073625, 20.569590912860935 ], [ -97.443987197073625, 20.565439602913852 ], [ -97.448559670781904, 20.565439602913852 ], [ -97.448559670781904, 20.569590912860921 ] ] ] } },
{ "type": "Feature", "properties": { "difference_1990_2000": 117.0, "difference_1990_2010": 0.0, "difference_1990_2020": 111.0 }, "geometry": { "type": "Polygon", "coordinates": [ [ [ -97.448559670781904, 20.523932632137246 ], [ -97.443987197073625, 20.523932632137246 ], [ -97.443987197073625, 20.519782547255772 ], [ -97.448559670781904, 20.519782547255772 ], [ -97.448559670781904, 20.523932632137246 ] ] ] } },
{ "type": "Feature", "properties": { "difference_1990_2000": 13.0, "difference_1990_2010": 0.0, "difference_1990_2020": 93.0 }, "geometry": { "type": "Polygon", "coordinates": [ [ [ -97.448559670781904, 20.503183319285412 ], [ -97.443987197073625, 20.503183319285412 ], [ -97.443987197073625, 20.4990337900289 ], [ -97.448559670781904, 20.4990337900289 ], [ -97.448559670781904, 20.503183319285412 ] ] ] } },
{ "type": "Feature", "properties": { "difference_1990_2000": -258.0, "difference_1990_2010": 0.0, "difference_1990_2020": -532.0 }, "geometry": { "type": "Polygon", "coordinates": [ [ [ -97.448559670781904, 20.548835478045827 ], [ -97.443987197073625, 20.548835478045792 ], [ -97.443987197073625, 20.54468472540578 ], [ -97.448559670781904, 20.54468472540578 ], [ -97.448559670781904, 20.548835478045827 ] ] ] } },
{ "type": "Feature", "properties": { "difference_1990_2000": 325.0, "difference_1990_2010": 1509.0, "difference_1990_2020": 1488.0 }, "geometry": { "type": "Polygon", "coordinates": [ [ [ -97.448559670781904, 20.478287808636569 ], [ -97.443987197073625, 20.478287808636569 ], [ -97.443987197073625, 20.474138945122537 ], [ -97.448559670781904, 20.474138945122537 ], [ -97.448559670781904, 20.478287808636569 ] ] ] } },
{ "type": "Feature", "properties": { "difference_1990_2000": 101.0, "difference_1990_2010": 513.0, "difference_1990_2020": 561.0 }, "geometry": { "type": "Polygon", "coordinates": [ [ [ -97.448559670781904, 20.486585868337507 ], [ -97.443987197073625, 20.486585868337528 ], [ -97.443987197073625, 20.482436783031375 ], [ -97.448559670781904, 20.482436783031375 ], [ -97.448559670781904, 20.486585868337507 ] ] ] } },
{ "type": "Feature", "properties": { "difference_1990_2000": 44.0, "difference_1990_2010": 0.0, "difference_1990_2020": 320.0 }, "geometry": { "type": "Polygon", "coordinates": [ [ [ -97.448559670781904, 20.511482711020626 ], [ -97.443987197073625, 20.511482711020662 ], [ -97.443987197073625, 20.507332959605776 ], [ -97.448559670781904, 20.507332959605794 ], [ -97.448559670781904, 20.511482711020626 ] ] ] } },
{ "type": "Feature", "properties": { "difference_1990_2000": -8.0, "difference_1990_2010": 0.0, "difference_1990_2020": -50.0 }, "geometry": { "type": "Polygon", "coordinates": [ [ [ -97.448559670781904, 20.528082828235327 ], [ -97.443987197073625, 20.528082828235345 ], [ -97.443987197073625, 20.523932632137246 ], [ -97.448559670781904, 20.523932632137246 ], [ -97.448559670781904, 20.528082828235327 ] ] ] } },
{ "type": "Feature", "properties": { "difference_1990_2000": 51.0, "difference_1990_2010": 0.0, "difference_1990_2020": 250.0 }, "geometry": { "type": "Polygon", "coordinates": [ [ [ -97.448559670781904, 20.507332959605794 ], [ -97.443987197073625, 20.507332959605776 ], [ -97.443987197073625, 20.503183319285412 ], [ -97.448559670781904, 20.503183319285412 ], [ -97.448559670781904, 20.507332959605794 ] ] ] } },
{ "type": "Feature", "properties": { "difference_1990_2000": -68.0, "difference_1990_2010": 0.0, "difference_1990_2020": -68.0 }, "geometry": { "type": "Polygon", "coordinates": [ [ [ -97.448559670781904, 20.532233135580647 ], [ -97.443987197073625, 20.532233135580647 ], [ -97.443987197073625, 20.528082828235345 ], [ -97.448559670781904, 20.528082828235327 ], [ -97.448559670781904, 20.532233135580647 ] ] ] } },
{ "type": "Feature", "properties": { "difference_1990_2000": 12.0, "difference_1990_2010": 0.0, "difference_1990_2020": -272.0 }, "geometry": { "type": "Polygon", "coordinates": [ [ [ -97.448559670781904, 20.54468472540578 ], [ -97.443987197073625, 20.54468472540578 ], [ -97.443987197073625, 20.540534084135299 ], [ -97.448559670781904, 20.540534084135299 ], [ -97.448559670781904, 20.54468472540578 ] ] ] } },
{ "type": "Feature", "properties": { "difference_1990_2000": 0.0, "difference_1990_2010": 408.0, "difference_1990_2020": 397.0 }, "geometry": { "type": "Polygon", "coordinates": [ [ [ -97.448559670781904, 20.474138945122537 ], [ -97.443987197073625, 20.474138945122537 ], [ -97.443987197073625, 20.469990192458855 ], [ -97.448559670781904, 20.469990192458837 ], [ -97.448559670781904, 20.474138945122537 ] ] ] } },
{ "type": "Feature", "properties": { "difference_1990_2000": -138.0, "difference_1990_2010": 0.0, "difference_1990_2020": -180.0 }, "geometry": { "type": "Polygon", "coordinates": [ [ [ -97.448559670781904, 20.519782547255772 ], [ -97.443987197073625, 20.519782547255772 ], [ -97.443987197073625, 20.515632573560424 ], [ -97.448559670781904, 20.515632573560438 ], [ -97.448559670781904, 20.519782547255772 ] ] ] } },
{ "type": "Feature", "properties": { "difference_1990_2000": -91.0, "difference_1990_2010": 0.0, "difference_1990_2020": -55.0 }, "geometry": { "type": "Polygon", "coordinates": [ [ [ -97.448559670781904, 20.515632573560438 ], [ -97.443987197073625, 20.515632573560424 ], [ -97.443987197073625, 20.511482711020662 ], [ -97.448559670781904, 20.511482711020626 ], [ -97.448559670781904, 20.515632573560438 ] ] ] } },
{ "type": "Feature", "properties": { "difference_1990_2000": 867.0, "difference_1990_2010": 0.0, "difference_1990_2020": 537.0 }, "geometry": { "type": "Polygon", "coordinates": [ [ [ -97.448559670781904, 20.565439602913852 ], [ -97.443987197073625, 20.565439602913852 ], [ -97.443987197073625, 20.561288404489424 ], [ -97.448559670781904, 20.561288404489424 ], [ -97.448559670781904, 20.565439602913852 ] ] ] } },
{ "type": "Feature", "properties": { "difference_1990_2000": 633.0, "difference_1990_2010": 1166.0, "difference_1990_2020": 1140.0 }, "geometry": { "type": "Polygon", "coordinates": [ [ [ -97.448559670781904, 20.482436783031375 ], [ -97.443987197073625, 20.482436783031375 ], [ -97.443987197073625, 20.478287808636569 ], [ -97.448559670781904, 20.478287808636569 ], [ -97.448559670781904, 20.482436783031375 ] ] ] } },
{ "type": "Feature", "properties": { "difference_1990_2000": -92.0, "difference_1990_2010": 0.0, "difference_1990_2020": -152.0 }, "geometry": { "type": "Polygon", "coordinates": [ [ [ -97.448559670781904, 20.536383554203784 ], [ -97.443987197073625, 20.536383554203784 ], [ -97.443987197073625, 20.532233135580647 ], [ -97.448559670781904, 20.532233135580647 ], [ -97.448559670781904, 20.536383554203784 ] ] ] } },
{ "type": "Feature", "properties": { "difference_1990_2000": 0.0, "difference_1990_2010": 0.0, "difference_1990_2020": -1.0 }, "geometry": { "type": "Polygon", "coordinates": [ [ [ -97.448559670781904, 20.4990337900289 ], [ -97.443987197073625, 20.4990337900289 ], [ -97.443987197073625, 20.494884371805767 ], [ -97.448559670781904, 20.49488437180575 ], [ -97.448559670781904, 20.4990337900289 ] ] ] } },
{ "type": "Feature", "properties": { "difference_1990_2000": -316.0, "difference_1990_2010": 0.0, "difference_1990_2020": -571.0 }, "geometry": { "type": "Polygon", "coordinates": [ [ [ -97.448559670781904, 20.557137317557054 ], [ -97.443987197073625, 20.557137317557054 ], [ -97.443987197073625, 20.552986342086065 ], [ -97.448559670781904, 20.552986342086065 ], [ -97.448559670781904, 20.557137317557054 ] ] ] } },
{ "type": "Feature", "properties": { "difference_1990_2000": -399.0, "difference_1990_2010": 0.0, "difference_1990_2020": -672.0 }, "geometry": { "type": "Polygon", "coordinates": [ [ [ -97.448559670781904, 20.552986342086065 ], [ -97.443987197073625, 20.552986342086065 ], [ -97.443987197073625, 20.548835478045792 ], [ -97.448559670781904, 20.548835478045827 ], [ -97.448559670781904, 20.552986342086065 ] ] ] } },
{ "type": "Feature", "properties": { "difference_1990_2000": -215.0, "difference_1990_2010": 0.0, "difference_1990_2020": -459.0 }, "geometry": { "type": "Polygon", "coordinates": [ [ [ -97.448559670781904, 20.561288404489424 ], [ -97.443987197073625, 20.561288404489424 ], [ -97.443987197073625, 20.557137317557054 ], [ -97.448559670781904, 20.557137317557054 ], [ -97.448559670781904, 20.561288404489424 ] ] ] } },
{ "type": "Feature", "properties": { "difference_1990_2000": 0.0, "difference_1990_2010": 0.0, "difference_1990_2020": 13.0 }, "geometry": { "type": "Polygon", "coordinates": [ [ [ -97.439414723365346, 20.569590912860935 ], [ -97.434842249657081, 20.569590912860935 ], [ -97.434842249657081, 20.565439602913852 ], [ -97.439414723365346, 20.565439602913852 ], [ -97.439414723365346, 20.569590912860935 ] ] ] } },
{ "type": "Feature", "properties": { "difference_1990_2000": -197.0, "difference_1990_2010": 0.0, "difference_1990_2020": -144.0 }, "geometry": { "type": "Polygon", "coordinates": [ [ [ -97.439414723365346, 20.523932632137246 ], [ -97.434842249657081, 20.523932632137246 ], [ -97.434842249657081, 20.519782547255772 ], [ -97.439414723365346, 20.519782547255772 ], [ -97.439414723365346, 20.523932632137246 ] ] ] } },
{ "type": "Feature", "properties": { "difference_1990_2000": 0.0, "difference_1990_2010": 0.0, "difference_1990_2020": 118.0 }, "geometry": { "type": "Polygon", "coordinates": [ [ [ -97.439414723365346, 20.503183319285412 ], [ -97.434842249657081, 20.503183319285391 ], [ -97.434842249657081, 20.4990337900289 ], [ -97.439414723365346, 20.4990337900289 ], [ -97.439414723365346, 20.503183319285412 ] ] ] } },
{ "type": "Feature", "properties": { "difference_1990_2000": -20.0, "difference_1990_2010": 0.0, "difference_1990_2020": -11.0 }, "geometry": { "type": "Polygon", "coordinates": [ [ [ -97.439414723365346, 20.54883547804577 ], [ -97.434842249657081, 20.548835478045827 ], [ -97.434842249657081, 20.54468472540578 ], [ -97.439414723365346, 20.544684725405748 ], [ -97.439414723365346, 20.54883547804577 ] ] ] } },
{ "type": "Feature", "properties": { "difference_1990_2000": 0.0, "difference_1990_2010": 0.0, "difference_1990_2020": 596.0 }, "geometry": { "type": "Polygon", "coordinates": [ [ [ -97.439414723365346, 20.507332959605776 ], [ -97.434842249657081, 20.507332959605776 ], [ -97.434842249657081, 20.503183319285391 ], [ -97.439414723365346, 20.503183319285412 ], [ -97.439414723365346, 20.507332959605776 ] ] ] } },
{ "type": "Feature", "properties": { "difference_1990_2000": 0.0, "difference_1990_2010": 0.0, "difference_1990_2020": 37.0 }, "geometry": { "type": "Polygon", "coordinates": [ [ [ -97.439414723365346, 20.573742334361274 ], [ -97.434842249657081, 20.573742334361274 ], [ -97.434842249657081, 20.569590912860935 ], [ -97.439414723365346, 20.569590912860935 ], [ -97.439414723365346, 20.573742334361274 ] ] ] } },
{ "type": "Feature", "properties": { "difference_1990_2000": 22.0, "difference_1990_2010": 0.0, "difference_1990_2020": 469.0 }, "geometry": { "type": "Polygon", "coordinates": [ [ [ -97.439414723365346, 20.511482711020626 ], [ -97.434842249657081, 20.511482711020626 ], [ -97.434842249657081, 20.507332959605776 ], [ -97.439414723365346, 20.507332959605776 ], [ -97.439414723365346, 20.511482711020626 ] ] ] } },
{ "type": "Feature", "properties": { "difference_1990_2000": 0.0, "difference_1990_2010": 0.0, "difference_1990_2020": 57.0 }, "geometry": { "type": "Polygon", "coordinates": [ [ [ -97.439414723365346, 20.582045512144372 ], [ -97.434842249657081, 20.582045512144372 ], [ -97.434842249657081, 20.577893867445528 ], [ -97.439414723365346, 20.577893867445528 ], [ -97.439414723365346, 20.582045512144372 ] ] ] } },
{ "type": "Feature", "properties": { "difference_1990_2000": -124.0, "difference_1990_2010": 0.0, "difference_1990_2020": 267.0 }, "geometry": { "type": "Polygon", "coordinates": [ [ [ -97.439414723365346, 20.528082828235327 ], [ -97.434842249657081, 20.528082828235345 ], [ -97.434842249657081, 20.523932632137246 ], [ -97.439414723365346, 20.523932632137246 ], [ -97.439414723365346, 20.528082828235327 ] ] ] } },
{ "type": "Feature", "properties": { "difference_1990_2000": 91.0, "difference_1990_2010": 0.0, "difference_1990_2020": 349.0 }, "geometry": { "type": "Polygon", "coordinates": [ [ [ -97.439414723365346, 20.544684725405748 ], [ -97.434842249657081, 20.54468472540578 ], [ -97.434842249657081, 20.540534084135299 ], [ -97.439414723365346, 20.540534084135267 ], [ -97.439414723365346, 20.544684725405748 ] ] ] } },
{ "type": "Feature", "properties": { "difference_1990_2000": -81.0, "difference_1990_2010": 0.0, "difference_1990_2020": -5.0 }, "geometry": { "type": "Polygon", "coordinates": [ [ [ -97.439414723365346, 20.532233135580647 ], [ -97.434842249657081, 20.532233135580647 ], [ -97.434842249657081, 20.528082828235345 ], [ -97.439414723365346, 20.528082828235327 ], [ -97.439414723365346, 20.532233135580647 ] ] ] } },
{ "type": "Feature", "properties": { "difference_1990_2000": -16.0, "difference_1990_2010": 0.0, "difference_1990_2020": -40.0 }, "geometry": { "type": "Polygon", "coordinates": [ [ [ -97.439414723365346, 20.515632573560424 ], [ -97.434842249657081, 20.515632573560424 ], [ -97.434842249657081, 20.511482711020626 ], [ -97.439414723365346, 20.511482711020626 ], [ -97.439414723365346, 20.515632573560424 ] ] ] } },
{ "type": "Feature", "properties": { "difference_1990_2000": -127.0, "difference_1990_2010": 0.0, "difference_1990_2020": -313.0 }, "geometry": { "type": "Polygon", "coordinates": [ [ [ -97.439414723365346, 20.519782547255772 ], [ -97.434842249657081, 20.519782547255772 ], [ -97.434842249657081, 20.515632573560424 ], [ -97.439414723365346, 20.515632573560424 ], [ -97.439414723365346, 20.519782547255772 ] ] ] } },
{ "type": "Feature", "properties": { "difference_1990_2000": 0.0, "difference_1990_2010": 0.0, "difference_1990_2020": 564.0 }, "geometry": { "type": "Polygon", "coordinates": [ [ [ -97.439414723365346, 20.577893867445528 ], [ -97.434842249657081, 20.577893867445528 ], [ -97.434842249657081, 20.573742334361274 ], [ -97.439414723365346, 20.573742334361274 ], [ -97.439414723365346, 20.577893867445528 ] ] ] } },
{ "type": "Feature", "properties": { "difference_1990_2000": -17.0, "difference_1990_2010": 0.0, "difference_1990_2020": 21.0 }, "geometry": { "type": "Polygon", "coordinates": [ [ [ -97.439414723365346, 20.565439602913852 ], [ -97.434842249657081, 20.565439602913852 ], [ -97.434842249657081, 20.561288404489424 ], [ -97.439414723365346, 20.561288404489424 ], [ -97.439414723365346, 20.565439602913852 ] ] ] } },
{ "type": "Feature", "properties": { "difference_1990_2000": 3.0, "difference_1990_2010": 0.0, "difference_1990_2020": 228.0 }, "geometry": { "type": "Polygon", "coordinates": [ [ [ -97.439414723365346, 20.557137317557014 ], [ -97.434842249657081, 20.557137317557014 ], [ -97.434842249657081, 20.552986342086065 ], [ -97.439414723365346, 20.552986342086065 ], [ -97.439414723365346, 20.557137317557014 ] ] ] } },
{ "type": "Feature", "properties": { "difference_1990_2000": -92.0, "difference_1990_2010": 0.0, "difference_1990_2020": -149.0 }, "geometry": { "type": "Polygon", "coordinates": [ [ [ -97.439414723365346, 20.536383554203784 ], [ -97.434842249657081, 20.536383554203784 ], [ -97.434842249657081, 20.532233135580647 ], [ -97.439414723365346, 20.532233135580647 ], [ -97.439414723365346, 20.536383554203784 ] ] ] } },
{ "type": "Feature", "properties": { "difference_1990_2000": -54.0, "difference_1990_2010": 0.0, "difference_1990_2020": -84.0 }, "geometry": { "type": "Polygon", "coordinates": [ [ [ -97.439414723365346, 20.552986342086065 ], [ -97.434842249657081, 20.552986342086065 ], [ -97.434842249657081, 20.548835478045827 ], [ -97.439414723365346, 20.54883547804577 ], [ -97.439414723365346, 20.552986342086065 ] ] ] } },
{ "type": "Feature", "properties": { "difference_1990_2000": 1.0, "difference_1990_2010": 0.0, "difference_1990_2020": 255.0 }, "geometry": { "type": "Polygon", "coordinates": [ [ [ -97.439414723365346, 20.561288404489424 ], [ -97.434842249657081, 20.561288404489424 ], [ -97.434842249657081, 20.557137317557014 ], [ -97.439414723365346, 20.557137317557014 ], [ -97.439414723365346, 20.561288404489424 ] ] ] } },
{ "type": "Feature", "properties": { "difference_1990_2000": 96.0, "difference_1990_2010": 0.0, "difference_1990_2020": 713.0 }, "geometry": { "type": "Polygon", "coordinates": [ [ [ -97.439414723365346, 20.540534084135267 ], [ -97.434842249657081, 20.540534084135299 ], [ -97.434842249657081, 20.536383554203784 ], [ -97.439414723365346, 20.536383554203784 ], [ -97.439414723365346, 20.540534084135267 ] ] ] } },
{ "type": "Feature", "properties": { "difference_1990_2000": 25.0, "difference_1990_2010": 0.0, "difference_1990_2020": 247.0 }, "geometry": { "type": "Polygon", "coordinates": [ [ [ -97.430269775948815, 20.56128840448946 ], [ -97.425697302240522, 20.561288404489424 ], [ -97.425697302240522, 20.557137317557054 ], [ -97.430269775948815, 20.557137317557054 ], [ -97.430269775948815, 20.56128840448946 ] ] ] } },
{ "type": "Feature", "properties": { "difference_1990_2000": 85.0, "difference_1990_2010": 0.0, "difference_1990_2020": 1000.0 }, "geometry": { "type": "Polygon", "coordinates": [ [ [ -97.430269775948815, 20.540534084135299 ], [ -97.425697302240522, 20.540534084135299 ], [ -97.425697302240522, 20.536383554203784 ], [ -97.430269775948815, 20.536383554203784 ], [ -97.430269775948815, 20.540534084135299 ] ] ] } },
{ "type": "Feature", "properties": { "difference_1990_2000": -29.0, "difference_1990_2010": 0.0, "difference_1990_2020": 213.0 }, "geometry": { "type": "Polygon", "coordinates": [ [ [ -97.430269775948815, 20.523932632137246 ], [ -97.425697302240522, 20.523932632137246 ], [ -97.425697302240522, 20.519782547255772 ], [ -97.430269775948815, 20.519782547255772 ], [ -97.430269775948815, 20.523932632137246 ] ] ] } },
{ "type": "Feature", "properties": { "difference_1990_2000": 0.0, "difference_1990_2010": 0.0, "difference_1990_2020": 899.0 }, "geometry": { "type": "Polygon", "coordinates": [ [ [ -97.430269775948815, 20.503183319285412 ], [ -97.425697302240522, 20.503183319285412 ], [ -97.425697302240522, 20.4990337900289 ], [ -97.430269775948815, 20.4990337900289 ], [ -97.430269775948815, 20.503183319285412 ] ] ] } },
{ "type": "Feature", "properties": { "difference_1990_2000": 550.0, "difference_1990_2010": 0.0, "difference_1990_2020": 832.0 }, "geometry": { "type": "Polygon", "coordinates": [ [ [ -97.430269775948815, 20.548835478045827 ], [ -97.425697302240522, 20.548835478045792 ], [ -97.425697302240522, 20.54468472540578 ], [ -97.430269775948815, 20.544684725405748 ], [ -97.430269775948815, 20.548835478045827 ] ] ] } },
{ "type": "Feature", "properties": { "difference_1990_2000": 0.0, "difference_1990_2010": 0.0, "difference_1990_2020": 1380.0 }, "geometry": { "type": "Polygon", "coordinates": [ [ [ -97.430269775948815, 20.507332959605776 ], [ -97.425697302240522, 20.507332959605776 ], [ -97.425697302240522, 20.503183319285412 ], [ -97.430269775948815, 20.503183319285412 ], [ -97.430269775948815, 20.507332959605776 ] ] ] } },
{ "type": "Feature", "properties": { "difference_1990_2000": -7.0, "difference_1990_2010": 0.0, "difference_1990_2020": 562.0 }, "geometry": { "type": "Polygon", "coordinates": [ [ [ -97.430269775948815, 20.511482711020626 ], [ -97.425697302240522, 20.511482711020626 ], [ -97.425697302240522, 20.507332959605776 ], [ -97.430269775948815, 20.507332959605776 ], [ -97.430269775948815, 20.511482711020626 ] ] ] } },
{ "type": "Feature", "properties": { "difference_1990_2000": 238.0, "difference_1990_2010": 0.0, "difference_1990_2020": 1043.0 }, "geometry": { "type": "Polygon", "coordinates": [ [ [ -97.430269775948815, 20.544684725405748 ], [ -97.425697302240522, 20.54468472540578 ], [ -97.425697302240522, 20.540534084135299 ], [ -97.430269775948815, 20.540534084135299 ], [ -97.430269775948815, 20.544684725405748 ] ] ] } },
{ "type": "Feature", "properties": { "difference_1990_2000": 148.0, "difference_1990_2010": 0.0, "difference_1990_2020": 754.0 }, "geometry": { "type": "Polygon", "coordinates": [ [ [ -97.430269775948815, 20.528082828235345 ], [ -97.425697302240522, 20.52808282823538 ], [ -97.425697302240522, 20.523932632137246 ], [ -97.430269775948815, 20.523932632137246 ], [ -97.430269775948815, 20.528082828235345 ] ] ] } },
{ "type": "Feature", "properties": { "difference_1990_2000": 161.0, "difference_1990_2010": 0.0, "difference_1990_2020": 359.0 }, "geometry": { "type": "Polygon", "coordinates": [ [ [ -97.430269775948815, 20.532233135580647 ], [ -97.425697302240522, 20.532233135580647 ], [ -97.425697302240522, 20.52808282823538 ], [ -97.430269775948815, 20.528082828235345 ], [ -97.430269775948815, 20.532233135580647 ] ] ] } },
{ "type": "Feature", "properties": { "difference_1990_2000": 0.0, "difference_1990_2010": 0.0, "difference_1990_2020": 235.0 }, "geometry": { "type": "Polygon", "coordinates": [ [ [ -97.430269775948815, 20.573742334361313 ], [ -97.425697302240522, 20.573742334361274 ], [ -97.425697302240522, 20.569590912860935 ], [ -97.430269775948815, 20.569590912860935 ], [ -97.430269775948815, 20.573742334361313 ] ] ] } },
{ "type": "Feature", "properties": { "difference_1990_2000": -45.0, "difference_1990_2010": 0.0, "difference_1990_2020": -277.0 }, "geometry": { "type": "Polygon", "coordinates": [ [ [ -97.430269775948815, 20.515632573560424 ], [ -97.425697302240522, 20.515632573560424 ], [ -97.425697302240522, 20.511482711020626 ], [ -97.430269775948815, 20.511482711020626 ], [ -97.430269775948815, 20.515632573560424 ] ] ] } },
{ "type": "Feature", "properties": { "difference_1990_2000": 72.0, "difference_1990_2010": 0.0, "difference_1990_2020": -54.0 }, "geometry": { "type": "Polygon", "coordinates": [ [ [ -97.430269775948815, 20.519782547255772 ], [ -97.425697302240522, 20.519782547255772 ], [ -97.425697302240522, 20.515632573560424 ], [ -97.430269775948815, 20.515632573560424 ], [ -97.430269775948815, 20.519782547255772 ] ] ] } },
{ "type": "Feature", "properties": { "difference_1990_2000": 0.0, "difference_1990_2010": 0.0, "difference_1990_2020": 441.0 }, "geometry": { "type": "Polygon", "coordinates": [ [ [ -97.430269775948815, 20.577893867445564 ], [ -97.425697302240522, 20.577893867445528 ], [ -97.425697302240522, 20.573742334361274 ], [ -97.430269775948815, 20.573742334361313 ], [ -97.430269775948815, 20.577893867445564 ] ] ] } },
{ "type": "Feature", "properties": { "difference_1990_2000": -16.0, "difference_1990_2010": 0.0, "difference_1990_2020": 427.0 }, "geometry": { "type": "Polygon", "coordinates": [ [ [ -97.430269775948815, 20.536383554203784 ], [ -97.425697302240522, 20.536383554203784 ], [ -97.425697302240522, 20.532233135580647 ], [ -97.430269775948815, 20.532233135580647 ], [ -97.430269775948815, 20.536383554203784 ] ] ] } },
{ "type": "Feature", "properties": { "difference_1990_2000": 0.0, "difference_1990_2010": 0.0, "difference_1990_2020": 5.0 }, "geometry": { "type": "Polygon", "coordinates": [ [ [ -97.430269775948815, 20.4990337900289 ], [ -97.425697302240522, 20.4990337900289 ], [ -97.425697302240522, 20.494884371805799 ], [ -97.430269775948815, 20.494884371805767 ], [ -97.430269775948815, 20.4990337900289 ] ] ] } },
{ "type": "Feature", "properties": { "difference_1990_2000": 312.0, "difference_1990_2010": 0.0, "difference_1990_2020": 768.0 }, "geometry": { "type": "Polygon", "coordinates": [ [ [ -97.430269775948815, 20.557137317557054 ], [ -97.425697302240522, 20.557137317557054 ], [ -97.425697302240522, 20.552986342086086 ], [ -97.430269775948815, 20.552986342086065 ], [ -97.430269775948815, 20.557137317557054 ] ] ] } },
{ "type": "Feature", "properties": { "difference_1990_2000": 121.0, "difference_1990_2010": 0.0, "difference_1990_2020": 372.0 }, "geometry": { "type": "Polygon", "coordinates": [ [ [ -97.430269775948815, 20.552986342086065 ], [ -97.425697302240522, 20.552986342086086 ], [ -97.425697302240522, 20.548835478045792 ], [ -97.430269775948815, 20.548835478045827 ], [ -97.430269775948815, 20.552986342086065 ] ] ] } },
{ "type": "Feature", "properties": { "difference_1990_2000": 1.0, "difference_1990_2010": 0.0, "difference_1990_2020": 1000.0 }, "geometry": { "type": "Polygon", "coordinates": [ [ [ -97.421124828532243, 20.540534084135299 ], [ -97.416552354823963, 20.540534084135299 ], [ -97.416552354823963, 20.536383554203784 ], [ -97.421124828532243, 20.536383554203798 ], [ -97.421124828532243, 20.540534084135299 ] ] ] } },
{ "type": "Feature", "properties": { "difference_1990_2000": 0.0, "difference_1990_2010": 0.0, "difference_1990_2020": 1188.0 }, "geometry": { "type": "Polygon", "coordinates": [ [ [ -97.421124828532243, 20.523932632137264 ], [ -97.416552354823963, 20.523932632137246 ], [ -97.416552354823963, 20.519782547255772 ], [ -97.421124828532243, 20.519782547255772 ], [ -97.421124828532243, 20.523932632137264 ] ] ] } },
{ "type": "Feature", "properties": { "difference_1990_2000": 0.0, "difference_1990_2010": 0.0, "difference_1990_2020": 451.0 }, "geometry": { "type": "Polygon", "coordinates": [ [ [ -97.421124828532243, 20.503183319285412 ], [ -97.416552354823963, 20.503183319285391 ], [ -97.416552354823963, 20.4990337900289 ], [ -97.421124828532243, 20.4990337900289 ], [ -97.421124828532243, 20.503183319285412 ] ] ] } },
{ "type": "Feature", "properties": { "difference_1990_2000": 0.0, "difference_1990_2010": 0.0, "difference_1990_2020": 93.0 }, "geometry": { "type": "Polygon", "coordinates": [ [ [ -97.421124828532243, 20.548835478045827 ], [ -97.416552354823963, 20.548835478045827 ], [ -97.416552354823963, 20.54468472540578 ], [ -97.421124828532243, 20.54468472540578 ], [ -97.421124828532243, 20.548835478045827 ] ] ] } },
{ "type": "Feature", "properties": { "difference_1990_2000": 0.0, "difference_1990_2010": 0.0, "difference_1990_2020": 904.0 }, "geometry": { "type": "Polygon", "coordinates": [ [ [ -97.421124828532243, 20.511482711020626 ], [ -97.416552354823963, 20.511482711020626 ], [ -97.416552354823963, 20.507332959605737 ], [ -97.421124828532243, 20.507332959605794 ], [ -97.421124828532243, 20.511482711020626 ] ] ] } },
{ "type": "Feature", "properties": { "difference_1990_2000": 0.0, "difference_1990_2010": 0.0, "difference_1990_2020": 677.0 }, "geometry": { "type": "Polygon", "coordinates": [ [ [ -97.421124828532243, 20.507332959605794 ], [ -97.416552354823963, 20.507332959605737 ], [ -97.416552354823963, 20.503183319285391 ], [ -97.421124828532243, 20.503183319285412 ], [ -97.421124828532243, 20.507332959605794 ] ] ] } },
{ "type": "Feature", "properties": { "difference_1990_2000": 0.0, "difference_1990_2010": 0.0, "difference_1990_2020": 187.0 }, "geometry": { "type": "Polygon", "coordinates": [ [ [ -97.421124828532243, 20.54468472540578 ], [ -97.416552354823963, 20.54468472540578 ], [ -97.416552354823963, 20.540534084135299 ], [ -97.421124828532243, 20.540534084135299 ], [ -97.421124828532243, 20.54468472540578 ] ] ] } },
{ "type": "Feature", "properties": { "difference_1990_2000": 0.0, "difference_1990_2010": 0.0, "difference_1990_2020": 3.0 }, "geometry": { "type": "Polygon", "coordinates": [ [ [ -97.421124828532243, 20.532233135580679 ], [ -97.416552354823963, 20.532233135580647 ], [ -97.416552354823963, 20.528082828235345 ], [ -97.421124828532243, 20.52808282823538 ], [ -97.421124828532243, 20.532233135580679 ] ] ] } },
{ "type": "Feature", "properties": { "difference_1990_2000": 36.0, "difference_1990_2010": 0.0, "difference_1990_2020": 77.0 }, "geometry": { "type": "Polygon", "coordinates": [ [ [ -97.421124828532243, 20.52808282823538 ], [ -97.416552354823963, 20.528082828235345 ], [ -97.416552354823963, 20.523932632137246 ], [ -97.421124828532243, 20.523932632137264 ], [ -97.421124828532243, 20.52808282823538 ] ] ] } },
{ "type": "Feature", "properties": { "difference_1990_2000": -2.0, "difference_1990_2010": 0.0, "difference_1990_2020": 704.0 }, "geometry": { "type": "Polygon", "coordinates": [ [ [ -97.421124828532243, 20.515632573560424 ], [ -97.416552354823963, 20.515632573560438 ], [ -97.416552354823963, 20.511482711020626 ], [ -97.421124828532243, 20.511482711020626 ], [ -97.421124828532243, 20.515632573560424 ] ] ] } },
{ "type": "Feature", "properties": { "difference_1990_2000": -2.0, "difference_1990_2010": 0.0, "difference_1990_2020": 928.0 }, "geometry": { "type": "Polygon", "coordinates": [ [ [ -97.421124828532243, 20.519782547255772 ], [ -97.416552354823963, 20.519782547255772 ], [ -97.416552354823963, 20.515632573560438 ], [ -97.421124828532243, 20.515632573560424 ], [ -97.421124828532243, 20.519782547255772 ] ] ] } },
{ "type": "Feature", "properties": { "difference_1990_2000": 0.0, "difference_1990_2010": 0.0, "difference_1990_2020": 60.0 }, "geometry": { "type": "Polygon", "coordinates": [ [ [ -97.421124828532243, 20.577893867445564 ], [ -97.416552354823963, 20.577893867445528 ], [ -97.416552354823963, 20.573742334361274 ], [ -97.421124828532243, 20.573742334361313 ], [ -97.421124828532243, 20.577893867445564 ] ] ] } },
{ "type": "Feature", "properties": { "difference_1990_2000": 0.0, "difference_1990_2010": 0.0, "difference_1990_2020": 522.0 }, "geometry": { "type": "Polygon", "coordinates": [ [ [ -97.421124828532243, 20.536383554203798 ], [ -97.416552354823963, 20.536383554203784 ], [ -97.416552354823963, 20.532233135580647 ], [ -97.421124828532243, 20.532233135580679 ], [ -97.421124828532243, 20.536383554203798 ] ] ] } },
{ "type": "Feature", "properties": { "difference_1990_2000": 85.0, "difference_1990_2010": 0.0, "difference_1990_2020": 515.0 }, "geometry": { "type": "Polygon", "coordinates": [ [ [ -97.421124828532243, 20.557137317557054 ], [ -97.416552354823963, 20.557137317557054 ], [ -97.416552354823963, 20.552986342086029 ], [ -97.421124828532243, 20.552986342086065 ], [ -97.421124828532243, 20.557137317557054 ] ] ] } },
{ "type": "Feature", "properties": { "difference_1990_2000": 0.0, "difference_1990_2010": 0.0, "difference_1990_2020": 212.0 }, "geometry": { "type": "Polygon", "coordinates": [ [ [ -97.421124828532243, 20.552986342086065 ], [ -97.416552354823963, 20.552986342086029 ], [ -97.416552354823963, 20.548835478045827 ], [ -97.421124828532243, 20.548835478045827 ], [ -97.421124828532243, 20.552986342086065 ] ] ] } },
{ "type": "Feature", "properties": { "difference_1990_2000": 1.0, "difference_1990_2010": 0.0, "difference_1990_2020": 1.0 }, "geometry": { "type": "Polygon", "coordinates": [ [ [ -97.421124828532243, 20.561288404489424 ], [ -97.416552354823963, 20.561288404489424 ], [ -97.416552354823963, 20.557137317557054 ], [ -97.421124828532243, 20.557137317557054 ], [ -97.421124828532243, 20.561288404489424 ] ] ] } },
{ "type": "Feature", "properties": { "difference_1990_2000": 0.0, "difference_1990_2010": 0.0, "difference_1990_2020": 364.0 }, "geometry": { "type": "Polygon", "coordinates": [ [ [ -97.411979881115684, 20.540534084135299 ], [ -97.407407407407419, 20.540534084135299 ], [ -97.407407407407419, 20.536383554203784 ], [ -97.411979881115684, 20.536383554203784 ], [ -97.411979881115684, 20.540534084135299 ] ] ] } },
{ "type": "Feature", "properties": { "difference_1990_2000": 0.0, "difference_1990_2010": 0.0, "difference_1990_2020": 681.0 }, "geometry": { "type": "Polygon", "coordinates": [ [ [ -97.411979881115684, 20.523932632137246 ], [ -97.407407407407419, 20.523932632137246 ], [ -97.407407407407419, 20.519782547255772 ], [ -97.411979881115684, 20.519782547255772 ], [ -97.411979881115684, 20.523932632137246 ] ] ] } },
{ "type": "Feature", "properties": { "difference_1990_2000": 0.0, "difference_1990_2010": 0.0, "difference_1990_2020": 427.0 }, "geometry": { "type": "Polygon", "coordinates": [ [ [ -97.411979881115684, 20.511482711020626 ], [ -97.407407407407419, 20.511482711020612 ], [ -97.407407407407419, 20.507332959605776 ], [ -97.411979881115684, 20.507332959605794 ], [ -97.411979881115684, 20.511482711020626 ] ] ] } },
{ "type": "Feature", "properties": { "difference_1990_2000": 0.0, "difference_1990_2010": 0.0, "difference_1990_2020": 464.0 }, "geometry": { "type": "Polygon", "coordinates": [ [ [ -97.411979881115684, 20.507332959605794 ], [ -97.407407407407419, 20.507332959605776 ], [ -97.407407407407419, 20.503183319285412 ], [ -97.411979881115684, 20.503183319285444 ], [ -97.411979881115684, 20.507332959605794 ] ] ] } },
{ "type": "Feature", "properties": { "difference_1990_2000": 0.0, "difference_1990_2010": 0.0, "difference_1990_2020": 3.0 }, "geometry": { "type": "Polygon", "coordinates": [ [ [ -97.411979881115684, 20.52808282823538 ], [ -97.407407407407419, 20.528082828235345 ], [ -97.407407407407419, 20.523932632137246 ], [ -97.411979881115684, 20.523932632137246 ], [ -97.411979881115684, 20.52808282823538 ] ] ] } },
{ "type": "Feature", "properties": { "difference_1990_2000": 0.0, "difference_1990_2010": 0.0, "difference_1990_2020": 191.0 }, "geometry": { "type": "Polygon", "coordinates": [ [ [ -97.411979881115684, 20.519782547255772 ], [ -97.407407407407419, 20.519782547255772 ], [ -97.407407407407419, 20.515632573560424 ], [ -97.411979881115684, 20.515632573560438 ], [ -97.411979881115684, 20.519782547255772 ] ] ] } },
{ "type": "Feature", "properties": { "difference_1990_2000": 0.0, "difference_1990_2010": 0.0, "difference_1990_2020": 66.0 }, "geometry": { "type": "Polygon", "coordinates": [ [ [ -97.411979881115684, 20.515632573560438 ], [ -97.407407407407419, 20.515632573560424 ], [ -97.407407407407419, 20.511482711020612 ], [ -97.411979881115684, 20.511482711020626 ], [ -97.411979881115684, 20.515632573560438 ] ] ] } },
{ "type": "Feature", "properties": { "difference_1990_2000": 0.0, "difference_1990_2010": 0.0, "difference_1990_2020": 135.0 }, "geometry": { "type": "Polygon", "coordinates": [ [ [ -97.402834933699154, 20.507332959605776 ], [ -97.398262459990875, 20.507332959605776 ], [ -97.398262459990875, 20.503183319285391 ], [ -97.402834933699154, 20.503183319285391 ], [ -97.402834933699154, 20.507332959605776 ] ] ] } },
{ "type": "Feature", "properties": { "difference_1990_2000": 0.0, "difference_1990_2010": 0.0, "difference_1990_2020": 3.0 }, "geometry": { "type": "Polygon", "coordinates": [ [ [ -97.402834933699154, 20.511482711020626 ], [ -97.398262459990875, 20.511482711020626 ], [ -97.398262459990875, 20.507332959605776 ], [ -97.402834933699154, 20.507332959605776 ], [ -97.402834933699154, 20.511482711020626 ] ] ] } },
{ "type": "Feature", "properties": { "difference_1990_2000": 447.0, "difference_1990_2010": 0.0, "difference_1990_2020": 237.0 }, "geometry": { "type": "Polygon", "coordinates": [ [ [ -97.544581618655727, 20.723268061831735 ], [ -97.540009144947433, 20.723268061831735 ], [ -97.540009144947433, 20.719112603955342 ], [ -97.544581618655727, 20.719112603955377 ], [ -97.544581618655727, 20.723268061831735 ] ] ] } },
{ "type": "Feature", "properties": { "difference_1990_2000": 349.0, "difference_1990_2010": 0.0, "difference_1990_2020": 240.0 }, "geometry": { "type": "Polygon", "coordinates": [ [ [ -97.544581618655727, 20.719112603955342 ], [ -97.540009144947433, 20.719112603955342 ], [ -97.540009144947433, 20.714957258739464 ], [ -97.544581618655727, 20.714957258739517 ], [ -97.544581618655727, 20.719112603955342 ] ] ] } },
{ "type": "Feature", "properties": { "difference_1990_2000": -167.0, "difference_1990_2010": 0.0, "difference_1990_2020": 68.0 }, "geometry": { "type": "Polygon", "coordinates": [ [ [ -97.544581618655727, 20.72742363239945 ], [ -97.540009144947433, 20.72742363239945 ], [ -97.540009144947433, 20.723268061831735 ], [ -97.544581618655727, 20.723268061831735 ], [ -97.544581618655727, 20.72742363239945 ] ] ] } },
{ "type": "Feature", "properties": { "difference_1990_2000": 0.0, "difference_1990_2010": 0.0, "difference_1990_2020": 0.0 }, "geometry": { "type": "Polygon", "coordinates": [ [ [ -97.544581618655727, 20.714957258739517 ], [ -97.540009144947433, 20.714957258739464 ], [ -97.540009144947433, 20.710802026153207 ], [ -97.544581618655727, 20.710802026153207 ], [ -97.544581618655727, 20.714957258739517 ] ] ] } },
{ "type": "Feature", "properties": { "difference_1990_2000": -44.0, "difference_1990_2010": 0.0, "difference_1990_2020": 143.0 }, "geometry": { "type": "Polygon", "coordinates": [ [ [ -97.544581618655727, 20.731579315689473 ], [ -97.540009144947433, 20.731579315689473 ], [ -97.540009144947433, 20.72742363239945 ], [ -97.544581618655727, 20.72742363239945 ], [ -97.544581618655727, 20.731579315689473 ] ] ] } },
{ "type": "Feature", "properties": { "difference_1990_2000": 192.0, "difference_1990_2010": 0.0, "difference_1990_2020": 383.0 }, "geometry": { "type": "Polygon", "coordinates": [ [ [ -97.535436671239154, 20.723268061831767 ], [ -97.530864197530875, 20.723268061831735 ], [ -97.530864197530875, 20.719112603955342 ], [ -97.535436671239154, 20.719112603955377 ], [ -97.535436671239154, 20.723268061831767 ] ] ] } },
{ "type": "Feature", "properties": { "difference_1990_2000": 144.0, "difference_1990_2010": 0.0, "difference_1990_2020": 283.0 }, "geometry": { "type": "Polygon", "coordinates": [ [ [ -97.535436671239154, 20.706646906165709 ], [ -97.530864197530875, 20.706646906165695 ], [ -97.530864197530875, 20.702491898746068 ], [ -97.535436671239154, 20.702491898746068 ], [ -97.535436671239154, 20.706646906165709 ] ] ] } },
{ "type": "Feature", "properties": { "difference_1990_2000": 132.0, "difference_1990_2010": 0.0, "difference_1990_2020": 269.0 }, "geometry": { "type": "Polygon", "coordinates": [ [ [ -97.535436671239154, 20.719112603955342 ], [ -97.530864197530875, 20.719112603955342 ], [ -97.530864197530875, 20.714957258739481 ], [ -97.535436671239154, 20.714957258739481 ], [ -97.535436671239154, 20.719112603955342 ] ] ] } },
{ "type": "Feature", "properties": { "difference_1990_2000": -30.0, "difference_1990_2010": 0.0, "difference_1990_2020": -6.0 }, "geometry": { "type": "Polygon", "coordinates": [ [ [ -97.535436671239154, 20.710802026153207 ], [ -97.530864197530875, 20.710802026153225 ], [ -97.530864197530875, 20.706646906165695 ], [ -97.535436671239154, 20.706646906165709 ], [ -97.535436671239154, 20.710802026153207 ] ] ] } },
{ "type": "Feature", "properties": { "difference_1990_2000": 201.0, "difference_1990_2010": 0.0, "difference_1990_2020": 587.0 }, "geometry": { "type": "Polygon", "coordinates": [ [ [ -97.535436671239154, 20.72742363239945 ], [ -97.530864197530875, 20.72742363239945 ], [ -97.530864197530875, 20.723268061831735 ], [ -97.535436671239154, 20.723268061831767 ], [ -97.535436671239154, 20.72742363239945 ] ] ] } },
{ "type": "Feature", "properties": { "difference_1990_2000": -97.0, "difference_1990_2010": 0.0, "difference_1990_2020": -82.0 }, "geometry": { "type": "Polygon", "coordinates": [ [ [ -97.535436671239154, 20.714957258739481 ], [ -97.530864197530875, 20.714957258739481 ], [ -97.530864197530875, 20.710802026153225 ], [ -97.535436671239154, 20.710802026153207 ], [ -97.535436671239154, 20.714957258739481 ] ] ] } },
{ "type": "Feature", "properties": { "difference_1990_2000": 79.0, "difference_1990_2010": 0.0, "difference_1990_2020": 256.0 }, "geometry": { "type": "Polygon", "coordinates": [ [ [ -97.535436671239154, 20.731579315689473 ], [ -97.530864197530875, 20.731579315689473 ], [ -97.530864197530875, 20.72742363239945 ], [ -97.535436671239154, 20.72742363239945 ], [ -97.535436671239154, 20.731579315689473 ] ] ] } },
{ "type": "Feature", "properties": { "difference_1990_2000": 12.0, "difference_1990_2010": 0.0, "difference_1990_2020": 42.0 }, "geometry": { "type": "Polygon", "coordinates": [ [ [ -97.526291723822581, 20.723268061831735 ], [ -97.521719250114316, 20.723268061831714 ], [ -97.521719250114316, 20.719112603955377 ], [ -97.526291723822581, 20.719112603955395 ], [ -97.526291723822581, 20.723268061831735 ] ] ] } },
{ "type": "Feature", "properties": { "difference_1990_2000": 43.0, "difference_1990_2010": 0.0, "difference_1990_2020": 131.0 }, "geometry": { "type": "Polygon", "coordinates": [ [ [ -97.526291723822581, 20.494884371805767 ], [ -97.521719250114316, 20.49488437180575 ], [ -97.521719250114316, 20.490735064585461 ], [ -97.526291723822581, 20.490735064585461 ], [ -97.526291723822581, 20.494884371805767 ] ] ] } },
{ "type": "Feature", "properties": { "difference_1990_2000": 1.0, "difference_1990_2010": 0.0, "difference_1990_2020": 5.0 }, "geometry": { "type": "Polygon", "coordinates": [ [ [ -97.526291723822581, 20.72742363239945 ], [ -97.521719250114316, 20.727423632399436 ], [ -97.521719250114316, 20.723268061831714 ], [ -97.526291723822581, 20.723268061831735 ], [ -97.526291723822581, 20.72742363239945 ] ] ] } },
{ "type": "Feature", "properties": { "difference_1990_2000": 26.0, "difference_1990_2010": 0.0, "difference_1990_2020": 201.0 }, "geometry": { "type": "Polygon", "coordinates": [ [ [ -97.526291723822581, 20.503183319285444 ], [ -97.521719250114316, 20.503183319285391 ], [ -97.521719250114316, 20.4990337900289 ], [ -97.526291723822581, 20.4990337900289 ], [ -97.526291723822581, 20.503183319285444 ] ] ] } },
{ "type": "Feature", "properties": { "difference_1990_2000": 7.0, "difference_1990_2010": 0.0, "difference_1990_2020": 87.0 }, "geometry": { "type": "Polygon", "coordinates": [ [ [ -97.526291723822581, 20.507332959605776 ], [ -97.521719250114316, 20.507332959605794 ], [ -97.521719250114316, 20.503183319285391 ], [ -97.526291723822581, 20.503183319285444 ], [ -97.526291723822581, 20.507332959605776 ] ] ] } },
{ "type": "Feature", "properties": { "difference_1990_2000": 69.0, "difference_1990_2010": 0.0, "difference_1990_2020": 259.0 }, "geometry": { "type": "Polygon", "coordinates": [ [ [ -97.526291723822581, 20.4990337900289 ], [ -97.521719250114316, 20.4990337900289 ], [ -97.521719250114316, 20.49488437180575 ], [ -97.526291723822581, 20.494884371805767 ], [ -97.526291723822581, 20.4990337900289 ] ] ] } },
{ "type": "Feature", "properties": { "difference_1990_2000": 47.0, "difference_1990_2010": 0.0, "difference_1990_2020": 52.0 }, "geometry": { "type": "Polygon", "coordinates": [ [ [ -97.498856881572934, 20.582045512144372 ], [ -97.494284407864654, 20.582045512144372 ], [ -97.494284407864654, 20.577893867445528 ], [ -97.498856881572934, 20.577893867445528 ], [ -97.498856881572934, 20.582045512144372 ] ] ] } },
{ "type": "Feature", "properties": { "difference_1990_2000": 28.0, "difference_1990_2010": 0.0, "difference_1990_2020": 31.0 }, "geometry": { "type": "Polygon", "coordinates": [ [ [ -97.498856881572934, 20.577893867445528 ], [ -97.494284407864654, 20.577893867445528 ], [ -97.494284407864654, 20.573742334361274 ], [ -97.498856881572934, 20.573742334361274 ], [ -97.498856881572934, 20.577893867445528 ] ] ] } },
{ "type": "Feature", "properties": { "difference_1990_2000": 9.0, "difference_1990_2010": 0.0, "difference_1990_2020": 10.0 }, "geometry": { "type": "Polygon", "coordinates": [ [ [ -97.489711934156404, 20.540534084135299 ], [ -97.485139460448124, 20.540534084135299 ], [ -97.485139460448124, 20.536383554203763 ], [ -97.489711934156404, 20.536383554203784 ], [ -97.489711934156404, 20.540534084135299 ] ] ] } },
{ "type": "Feature", "properties": { "difference_1990_2000": 10.0, "difference_1990_2010": 0.0, "difference_1990_2020": 41.0 }, "geometry": { "type": "Polygon", "coordinates": [ [ [ -97.489711934156404, 20.548835478045792 ], [ -97.485139460448124, 20.548835478045792 ], [ -97.485139460448124, 20.544684725405748 ], [ -97.489711934156404, 20.544684725405748 ], [ -97.489711934156404, 20.548835478045792 ] ] ] } },
{ "type": "Feature", "properties": { "difference_1990_2000": -33.0, "difference_1990_2010": 0.0, "difference_1990_2020": -34.0 }, "geometry": { "type": "Polygon", "coordinates": [ [ [ -97.489711934156404, 20.507332959605776 ], [ -97.485139460448124, 20.507332959605794 ], [ -97.485139460448124, 20.503183319285412 ], [ -97.489711934156404, 20.503183319285391 ], [ -97.489711934156404, 20.507332959605776 ] ] ] } },
{ "type": "Feature", "properties": { "difference_1990_2000": 285.0, "difference_1990_2010": 0.0, "difference_1990_2020": 316.0 }, "geometry": { "type": "Polygon", "coordinates": [ [ [ -97.489711934156404, 20.573742334361274 ], [ -97.485139460448124, 20.573742334361256 ], [ -97.485139460448124, 20.569590912860971 ], [ -97.489711934156404, 20.569590912860921 ], [ -97.489711934156404, 20.573742334361274 ] ] ] } },
{ "type": "Feature", "properties": { "difference_1990_2000": -68.0, "difference_1990_2010": 0.0, "difference_1990_2020": -69.0 }, "geometry": { "type": "Polygon", "coordinates": [ [ [ -97.489711934156404, 20.511482711020626 ], [ -97.485139460448124, 20.511482711020626 ], [ -97.485139460448124, 20.507332959605794 ], [ -97.489711934156404, 20.507332959605776 ], [ -97.489711934156404, 20.511482711020626 ] ] ] } },
{ "type": "Feature", "properties": { "difference_1990_2000": 320.0, "difference_1990_2010": 0.0, "difference_1990_2020": 355.0 }, "geometry": { "type": "Polygon", "coordinates": [ [ [ -97.489711934156404, 20.582045512144372 ], [ -97.485139460448124, 20.582045512144372 ], [ -97.485139460448124, 20.577893867445528 ], [ -97.489711934156404, 20.577893867445528 ], [ -97.489711934156404, 20.582045512144372 ] ] ] } },
{ "type": "Feature", "properties": { "difference_1990_2000": 97.0, "difference_1990_2010": 0.0, "difference_1990_2020": 108.0 }, "geometry": { "type": "Polygon", "coordinates": [ [ [ -97.489711934156404, 20.586197268488448 ], [ -97.485139460448124, 20.586197268488434 ], [ -97.485139460448124, 20.582045512144372 ], [ -97.489711934156404, 20.582045512144372 ], [ -97.489711934156404, 20.586197268488448 ] ] ] } },
{ "type": "Feature", "properties": { "difference_1990_2000": -46.0, "difference_1990_2010": 0.0, "difference_1990_2020": -47.0 }, "geometry": { "type": "Polygon", "coordinates": [ [ [ -97.489711934156404, 20.515632573560424 ], [ -97.485139460448124, 20.515632573560389 ], [ -97.485139460448124, 20.511482711020626 ], [ -97.489711934156404, 20.511482711020626 ], [ -97.489711934156404, 20.515632573560424 ] ] ] } },
{ "type": "Feature", "properties": { "difference_1990_2000": 368.0, "difference_1990_2010": 0.0, "difference_1990_2020": 408.0 }, "geometry": { "type": "Polygon", "coordinates": [ [ [ -97.489711934156404, 20.577893867445528 ], [ -97.485139460448124, 20.577893867445528 ], [ -97.485139460448124, 20.573742334361256 ], [ -97.489711934156404, 20.573742334361274 ], [ -97.489711934156404, 20.577893867445528 ] ] ] } },
{ "type": "Feature", "properties": { "difference_1990_2000": 8.0, "difference_1990_2010": 0.0, "difference_1990_2020": 23.0 }, "geometry": { "type": "Polygon", "coordinates": [ [ [ -97.489711934156404, 20.565439602913852 ], [ -97.485139460448124, 20.565439602913813 ], [ -97.485139460448124, 20.561288404489424 ], [ -97.489711934156404, 20.561288404489424 ], [ -97.489711934156404, 20.565439602913852 ] ] ] } },
{ "type": "Feature", "properties": { "difference_1990_2000": 22.0, "difference_1990_2010": 0.0, "difference_1990_2020": 24.0 }, "geometry": { "type": "Polygon", "coordinates": [ [ [ -97.489711934156404, 20.536383554203784 ], [ -97.485139460448124, 20.536383554203763 ], [ -97.485139460448124, 20.532233135580647 ], [ -97.489711934156404, 20.532233135580647 ], [ -97.489711934156404, 20.536383554203784 ] ] ] } },
{ "type": "Feature", "properties": { "difference_1990_2000": 17.0, "difference_1990_2010": 0.0, "difference_1990_2020": 24.0 }, "geometry": { "type": "Polygon", "coordinates": [ [ [ -97.489711934156404, 20.557137317557054 ], [ -97.485139460448124, 20.557137317557054 ], [ -97.485139460448124, 20.552986342086065 ], [ -97.489711934156404, 20.552986342086065 ], [ -97.489711934156404, 20.557137317557054 ] ] ] } },
{ "type": "Feature", "properties": { "difference_1990_2000": 16.0, "difference_1990_2010": 0.0, "difference_1990_2020": 45.0 }, "geometry": { "type": "Polygon", "coordinates": [ [ [ -97.489711934156404, 20.552986342086065 ], [ -97.485139460448124, 20.552986342086065 ], [ -97.485139460448124, 20.548835478045792 ], [ -97.489711934156404, 20.548835478045792 ], [ -97.489711934156404, 20.552986342086065 ] ] ] } },
{ "type": "Feature", "properties": { "difference_1990_2000": 4.0, "difference_1990_2010": 0.0, "difference_1990_2020": 11.0 }, "geometry": { "type": "Polygon", "coordinates": [ [ [ -97.489711934156404, 20.561288404489424 ], [ -97.485139460448124, 20.561288404489424 ], [ -97.485139460448124, 20.557137317557054 ], [ -97.489711934156404, 20.557137317557054 ], [ -97.489711934156404, 20.561288404489424 ] ] ] } },
{ "type": "Feature", "properties": { "difference_1990_2000": -316.0, "difference_1990_2010": 0.0, "difference_1990_2020": -285.0 }, "geometry": { "type": "Polygon", "coordinates": [ [ [ -97.480566986739845, 20.540534084135299 ], [ -97.475994513031566, 20.540534084135299 ], [ -97.475994513031566, 20.536383554203784 ], [ -97.480566986739845, 20.536383554203784 ], [ -97.480566986739845, 20.540534084135299 ] ] ] } },
{ "type": "Feature", "properties": { "difference_1990_2000": -569.0, "difference_1990_2010": -598.0, "difference_1990_2020": -628.0 }, "geometry": { "type": "Polygon", "coordinates": [ [ [ -97.480566986739845, 20.494884371805767 ], [ -97.475994513031566, 20.494884371805799 ], [ -97.475994513031566, 20.490735064585461 ], [ -97.480566986739845, 20.490735064585461 ], [ -97.480566986739845, 20.494884371805767 ] ] ] } },
{ "type": "Feature", "properties": { "difference_1990_2000": 37.0, "difference_1990_2010": 40.0, "difference_1990_2020": 31.0 }, "geometry": { "type": "Polygon", "coordinates": [ [ [ -97.480566986739845, 20.490735064585461 ], [ -97.475994513031566, 20.490735064585461 ], [ -97.475994513031566, 20.486585868337546 ], [ -97.480566986739845, 20.486585868337528 ], [ -97.480566986739845, 20.490735064585461 ] ] ] } },
{ "type": "Feature", "properties": { "difference_1990_2000": 1.0, "difference_1990_2010": 0.0, "difference_1990_2020": 2.0 }, "geometry": { "type": "Polygon", "coordinates": [ [ [ -97.480566986739845, 20.569590912860935 ], [ -97.475994513031566, 20.569590912860971 ], [ -97.475994513031566, 20.565439602913852 ], [ -97.480566986739845, 20.565439602913852 ], [ -97.480566986739845, 20.569590912860935 ] ] ] } },
{ "type": "Feature", "properties": { "difference_1990_2000": -17.0, "difference_1990_2010": 0.0, "difference_1990_2020": 111.0 }, "geometry": { "type": "Polygon", "coordinates": [ [ [ -97.480566986739845, 20.523932632137246 ], [ -97.475994513031566, 20.523932632137246 ], [ -97.475994513031566, 20.519782547255772 ], [ -97.480566986739845, 20.519782547255772 ], [ -97.480566986739845, 20.523932632137246 ] ] ] } },
{ "type": "Feature", "properties": { "difference_1990_2000": -802.0, "difference_1990_2010": 0.0, "difference_1990_2020": -716.0 }, "geometry": { "type": "Polygon", "coordinates": [ [ [ -97.480566986739845, 20.548835478045792 ], [ -97.475994513031566, 20.548835478045792 ], [ -97.475994513031566, 20.54468472540578 ], [ -97.480566986739845, 20.544684725405794 ], [ -97.480566986739845, 20.548835478045792 ] ] ] } },
{ "type": "Feature", "properties": { "difference_1990_2000": -16.0, "difference_1990_2010": 0.0, "difference_1990_2020": -16.0 }, "geometry": { "type": "Polygon", "coordinates": [ [ [ -97.480566986739845, 20.507332959605776 ], [ -97.475994513031566, 20.507332959605776 ], [ -97.475994513031566, 20.503183319285444 ], [ -97.480566986739845, 20.503183319285412 ], [ -97.480566986739845, 20.507332959605776 ] ] ] } },
{ "type": "Feature", "properties": { "difference_1990_2000": -135.0, "difference_1990_2010": 0.0, "difference_1990_2020": -137.0 }, "geometry": { "type": "Polygon", "coordinates": [ [ [ -97.480566986739845, 20.511482711020626 ], [ -97.475994513031566, 20.511482711020626 ], [ -97.475994513031566, 20.507332959605776 ], [ -97.480566986739845, 20.507332959605776 ], [ -97.480566986739845, 20.511482711020626 ] ] ] } },
{ "type": "Feature", "properties": { "difference_1990_2000": -152.0, "difference_1990_2010": -137.0, "difference_1990_2020": -146.0 }, "geometry": { "type": "Polygon", "coordinates": [ [ [ -97.480566986739845, 20.486585868337528 ], [ -97.475994513031566, 20.486585868337546 ], [ -97.475994513031566, 20.482436783031375 ], [ -97.480566986739845, 20.482436783031375 ], [ -97.480566986739845, 20.486585868337528 ] ] ] } },
{ "type": "Feature", "properties": { "difference_1990_2000": 94.0, "difference_1990_2010": 0.0, "difference_1990_2020": 285.0 }, "geometry": { "type": "Polygon", "coordinates": [ [ [ -97.480566986739845, 20.528082828235345 ], [ -97.475994513031566, 20.528082828235345 ], [ -97.475994513031566, 20.523932632137246 ], [ -97.480566986739845, 20.523932632137246 ], [ -97.480566986739845, 20.528082828235345 ] ] ] } },
{ "type": "Feature", "properties": { "difference_1990_2000": 143.0, "difference_1990_2010": 0.0, "difference_1990_2020": 435.0 }, "geometry": { "type": "Polygon", "coordinates": [ [ [ -97.480566986739845, 20.532233135580647 ], [ -97.475994513031566, 20.532233135580679 ], [ -97.475994513031566, 20.528082828235345 ], [ -97.480566986739845, 20.528082828235345 ], [ -97.480566986739845, 20.532233135580647 ] ] ] } },
{ "type": "Feature", "properties": { "difference_1990_2000": -1101.0, "difference_1990_2010": 0.0, "difference_1990_2020": -1052.0 }, "geometry": { "type": "Polygon", "coordinates": [ [ [ -97.480566986739845, 20.544684725405794 ], [ -97.475994513031566, 20.54468472540578 ], [ -97.475994513031566, 20.540534084135299 ], [ -97.480566986739845, 20.540534084135299 ], [ -97.480566986739845, 20.544684725405794 ] ] ] } },
{ "type": "Feature", "properties": { "difference_1990_2000": -135.0, "difference_1990_2010": 0.0, "difference_1990_2020": -137.0 }, "geometry": { "type": "Polygon", "coordinates": [ [ [ -97.480566986739845, 20.515632573560424 ], [ -97.475994513031566, 20.515632573560438 ], [ -97.475994513031566, 20.511482711020626 ], [ -97.480566986739845, 20.511482711020626 ], [ -97.480566986739845, 20.515632573560424 ] ] ] } },
{ "type": "Feature", "properties": { "difference_1990_2000": -135.0, "difference_1990_2010": 0.0, "difference_1990_2020": -137.0 }, "geometry": { "type": "Polygon", "coordinates": [ [ [ -97.480566986739845, 20.519782547255772 ], [ -97.475994513031566, 20.519782547255772 ], [ -97.475994513031566, 20.515632573560438 ], [ -97.480566986739845, 20.515632573560424 ], [ -97.480566986739845, 20.519782547255772 ] ] ] } },
{ "type": "Feature", "properties": { "difference_1990_2000": 130.0, "difference_1990_2010": 0.0, "difference_1990_2020": 351.0 }, "geometry": { "type": "Polygon", "coordinates": [ [ [ -97.480566986739845, 20.565439602913852 ], [ -97.475994513031566, 20.565439602913852 ], [ -97.475994513031566, 20.561288404489424 ], [ -97.480566986739845, 20.561288404489424 ], [ -97.480566986739845, 20.565439602913852 ] ] ] } },
{ "type": "Feature", "properties": { "difference_1990_2000": -927.0, "difference_1990_2010": -927.0, "difference_1990_2020": -927.0 }, "geometry": { "type": "Polygon", "coordinates": [ [ [ -97.480566986739845, 20.482436783031375 ], [ -97.475994513031566, 20.482436783031375 ], [ -97.475994513031566, 20.478287808636569 ], [ -97.480566986739845, 20.478287808636551 ], [ -97.480566986739845, 20.482436783031375 ] ] ] } },
{ "type": "Feature", "properties": { "difference_1990_2000": -54.0, "difference_1990_2010": 0.0, "difference_1990_2020": 142.0 }, "geometry": { "type": "Polygon", "coordinates": [ [ [ -97.480566986739845, 20.536383554203784 ], [ -97.475994513031566, 20.536383554203784 ], [ -97.475994513031566, 20.532233135580679 ], [ -97.480566986739845, 20.532233135580647 ], [ -97.480566986739845, 20.536383554203784 ] ] ] } },
{ "type": "Feature", "properties": { "difference_1990_2000": -560.0, "difference_1990_2010": -591.0, "difference_1990_2020": -590.0 }, "geometry": { "type": "Polygon", "coordinates": [ [ [ -97.480566986739845, 20.4990337900289 ], [ -97.475994513031566, 20.4990337900289 ], [ -97.475994513031566, 20.494884371805799 ], [ -97.480566986739845, 20.494884371805767 ], [ -97.480566986739845, 20.4990337900289 ] ] ] } },
{ "type": "Feature", "properties": { "difference_1990_2000": 44.0, "difference_1990_2010": 0.0, "difference_1990_2020": 64.0 }, "geometry": { "type": "Polygon", "coordinates": [ [ [ -97.480566986739845, 20.557137317557054 ], [ -97.475994513031566, 20.557137317557054 ], [ -97.475994513031566, 20.552986342086086 ], [ -97.480566986739845, 20.552986342086065 ], [ -97.480566986739845, 20.557137317557054 ] ] ] } },
{ "type": "Feature", "properties": { "difference_1990_2000": -257.0, "difference_1990_2010": 0.0, "difference_1990_2020": -184.0 }, "geometry": { "type": "Polygon", "coordinates": [ [ [ -97.480566986739845, 20.552986342086065 ], [ -97.475994513031566, 20.552986342086086 ], [ -97.475994513031566, 20.548835478045792 ], [ -97.480566986739845, 20.548835478045792 ], [ -97.480566986739845, 20.552986342086065 ] ] ] } },
{ "type": "Feature", "properties": { "difference_1990_2000": 134.0, "difference_1990_2010": 0.0, "difference_1990_2020": 347.0 }, "geometry": { "type": "Polygon", "coordinates": [ [ [ -97.480566986739845, 20.561288404489424 ], [ -97.475994513031566, 20.561288404489424 ], [ -97.475994513031566, 20.557137317557054 ], [ -97.480566986739845, 20.557137317557054 ], [ -97.480566986739845, 20.561288404489424 ] ] ] } },
{ "type": "Feature", "properties": { "difference_1990_2000": -20.0, "difference_1990_2010": 0.0, "difference_1990_2020": -83.0 }, "geometry": { "type": "Polygon", "coordinates": [ [ [ -97.471422039323286, 20.540534084135299 ], [ -97.466849565614993, 20.540534084135299 ], [ -97.466849565614993, 20.536383554203784 ], [ -97.471422039323286, 20.536383554203784 ], [ -97.471422039323286, 20.540534084135299 ] ] ] } },
{ "type": "Feature", "properties": { "difference_1990_2000": 639.0, "difference_1990_2010": 532.0, "difference_1990_2020": 490.0 }, "geometry": { "type": "Polygon", "coordinates": [ [ [ -97.471422039323286, 20.494884371805767 ], [ -97.466849565614993, 20.494884371805767 ], [ -97.466849565614993, 20.490735064585461 ], [ -97.471422039323286, 20.490735064585461 ], [ -97.471422039323286, 20.494884371805767 ] ] ] } },
{ "type": "Feature", "properties": { "difference_1990_2000": 496.0, "difference_1990_2010": 420.0, "difference_1990_2020": 403.0 }, "geometry": { "type": "Polygon", "coordinates": [ [ [ -97.471422039323286, 20.490735064585461 ], [ -97.466849565614993, 20.490735064585461 ], [ -97.466849565614993, 20.486585868337546 ], [ -97.471422039323286, 20.486585868337528 ], [ -97.471422039323286, 20.490735064585461 ] ] ] } },
{ "type": "Feature", "properties": { "difference_1990_2000": -100.0, "difference_1990_2010": 0.0, "difference_1990_2020": -109.0 }, "geometry": { "type": "Polygon", "coordinates": [ [ [ -97.471422039323286, 20.523932632137264 ], [ -97.466849565614993, 20.523932632137203 ], [ -97.466849565614993, 20.519782547255758 ], [ -97.471422039323286, 20.519782547255772 ], [ -97.471422039323286, 20.523932632137264 ] ] ] } },
{ "type": "Feature", "properties": { "difference_1990_2000": 443.0, "difference_1990_2010": 293.0, "difference_1990_2020": 373.0 }, "geometry": { "type": "Polygon", "coordinates": [ [ [ -97.471422039323286, 20.503183319285412 ], [ -97.466849565614993, 20.503183319285412 ], [ -97.466849565614993, 20.4990337900289 ], [ -97.471422039323286, 20.4990337900289 ], [ -97.471422039323286, 20.503183319285412 ] ] ] } },
{ "type": "Feature", "properties": { "difference_1990_2000": -1301.0, "difference_1990_2010": 0.0, "difference_1990_2020": -1260.0 }, "geometry": { "type": "Polygon", "coordinates": [ [ [ -97.471422039323286, 20.548835478045827 ], [ -97.466849565614993, 20.548835478045827 ], [ -97.466849565614993, 20.54468472540578 ], [ -97.471422039323286, 20.54468472540578 ], [ -97.471422039323286, 20.548835478045827 ] ] ] } },
{ "type": "Feature", "properties": { "difference_1990_2000": -47.0, "difference_1990_2010": 0.0, "difference_1990_2020": -120.0 }, "geometry": { "type": "Polygon", "coordinates": [ [ [ -97.471422039323286, 20.507332959605776 ], [ -97.466849565614993, 20.507332959605794 ], [ -97.466849565614993, 20.503183319285412 ], [ -97.471422039323286, 20.503183319285412 ], [ -97.471422039323286, 20.507332959605776 ] ] ] } },
{ "type": "Feature", "properties": { "difference_1990_2000": -39.0, "difference_1990_2010": 0.0, "difference_1990_2020": -118.0 }, "geometry": { "type": "Polygon", "coordinates": [ [ [ -97.471422039323286, 20.511482711020626 ], [ -97.466849565614993, 20.511482711020626 ], [ -97.466849565614993, 20.507332959605794 ], [ -97.471422039323286, 20.507332959605776 ], [ -97.471422039323286, 20.511482711020626 ] ] ] } },
{ "type": "Feature", "properties": { "difference_1990_2000": 287.0, "difference_1990_2010": 403.0, "difference_1990_2020": 347.0 }, "geometry": { "type": "Polygon", "coordinates": [ [ [ -97.471422039323286, 20.486585868337528 ], [ -97.466849565614993, 20.486585868337546 ], [ -97.466849565614993, 20.482436783031375 ], [ -97.471422039323286, 20.482436783031375 ], [ -97.471422039323286, 20.486585868337528 ] ] ] } },
{ "type": "Feature", "properties": { "difference_1990_2000": -164.0, "difference_1990_2010": 0.0, "difference_1990_2020": -548.0 }, "geometry": { "type": "Polygon", "coordinates": [ [ [ -97.471422039323286, 20.528082828235345 ], [ -97.466849565614993, 20.528082828235345 ], [ -97.466849565614993, 20.523932632137203 ], [ -97.471422039323286, 20.523932632137264 ], [ -97.471422039323286, 20.528082828235345 ] ] ] } },
{ "type": "Feature", "properties": { "difference_1990_2000": -221.0, "difference_1990_2010": 0.0, "difference_1990_2020": -572.0 }, "geometry": { "type": "Polygon", "coordinates": [ [ [ -97.471422039323286, 20.532233135580647 ], [ -97.466849565614993, 20.532233135580647 ], [ -97.466849565614993, 20.528082828235345 ], [ -97.471422039323286, 20.528082828235345 ], [ -97.471422039323286, 20.532233135580647 ] ] ] } },
{ "type": "Feature", "properties": { "difference_1990_2000": 67.0, "difference_1990_2010": 0.0, "difference_1990_2020": 117.0 }, "geometry": { "type": "Polygon", "coordinates": [ [ [ -97.471422039323286, 20.54468472540578 ], [ -97.466849565614993, 20.54468472540578 ], [ -97.466849565614993, 20.540534084135299 ], [ -97.471422039323286, 20.540534084135299 ], [ -97.471422039323286, 20.54468472540578 ] ] ] } },
{ "type": "Feature", "properties": { "difference_1990_2000": 306.0, "difference_1990_2010": 0.0, "difference_1990_2020": 217.0 }, "geometry": { "type": "Polygon", "coordinates": [ [ [ -97.471422039323286, 20.519782547255772 ], [ -97.466849565614993, 20.519782547255758 ], [ -97.466849565614993, 20.515632573560438 ], [ -97.471422039323286, 20.515632573560438 ], [ -97.471422039323286, 20.519782547255772 ] ] ] } },
{ "type": "Feature", "properties": { "difference_1990_2000": 357.0, "difference_1990_2010": 0.0, "difference_1990_2020": 227.0 }, "geometry": { "type": "Polygon", "coordinates": [ [ [ -97.471422039323286, 20.515632573560438 ], [ -97.466849565614993, 20.515632573560438 ], [ -97.466849565614993, 20.511482711020626 ], [ -97.471422039323286, 20.511482711020626 ], [ -97.471422039323286, 20.515632573560438 ] ] ] } },
{ "type": "Feature", "properties": { "difference_1990_2000": 187.0, "difference_1990_2010": 279.0, "difference_1990_2020": 261.0 }, "geometry": { "type": "Polygon", "coordinates": [ [ [ -97.471422039323286, 20.482436783031375 ], [ -97.466849565614993, 20.482436783031375 ], [ -97.466849565614993, 20.478287808636569 ], [ -97.471422039323286, 20.478287808636551 ], [ -97.471422039323286, 20.482436783031375 ] ] ] } },
{ "type": "Feature", "properties": { "difference_1990_2000": -102.0, "difference_1990_2010": 0.0, "difference_1990_2020": -252.0 }, "geometry": { "type": "Polygon", "coordinates": [ [ [ -97.471422039323286, 20.536383554203784 ], [ -97.466849565614993, 20.536383554203784 ], [ -97.466849565614993, 20.532233135580647 ], [ -97.471422039323286, 20.532233135580647 ], [ -97.471422039323286, 20.536383554203784 ] ] ] } },
{ "type": "Feature", "properties": { "difference_1990_2000": 559.0, "difference_1990_2010": 503.0, "difference_1990_2020": 463.0 }, "geometry": { "type": "Polygon", "coordinates": [ [ [ -97.471422039323286, 20.4990337900289 ], [ -97.466849565614993, 20.4990337900289 ], [ -97.466849565614993, 20.494884371805767 ], [ -97.471422039323286, 20.494884371805767 ], [ -97.471422039323286, 20.4990337900289 ] ] ] } },
{ "type": "Feature", "properties": { "difference_1990_2000": 49.0, "difference_1990_2010": 0.0, "difference_1990_2020": 651.0 }, "geometry": { "type": "Polygon", "coordinates": [ [ [ -97.471422039323286, 20.557137317557054 ], [ -97.466849565614993, 20.557137317557054 ], [ -97.466849565614993, 20.552986342086065 ], [ -97.471422039323286, 20.552986342086065 ], [ -97.471422039323286, 20.557137317557054 ] ] ] } },
{ "type": "Feature", "properties": { "difference_1990_2000": -706.0, "difference_1990_2010": 0.0, "difference_1990_2020": -421.0 }, "geometry": { "type": "Polygon", "coordinates": [ [ [ -97.471422039323286, 20.552986342086065 ], [ -97.466849565614993, 20.552986342086065 ], [ -97.466849565614993, 20.548835478045827 ], [ -97.471422039323286, 20.548835478045827 ], [ -97.471422039323286, 20.552986342086065 ] ] ] } },
{ "type": "Feature", "properties": { "difference_1990_2000": 79.0, "difference_1990_2010": 0.0, "difference_1990_2020": 180.0 }, "geometry": { "type": "Polygon", "coordinates": [ [ [ -97.471422039323286, 20.561288404489424 ], [ -97.466849565614993, 20.561288404489424 ], [ -97.466849565614993, 20.557137317557054 ], [ -97.471422039323286, 20.557137317557054 ], [ -97.471422039323286, 20.561288404489424 ] ] ] } },
{ "type": "Feature", "properties": { "difference_1990_2000": -3.0, "difference_1990_2010": 0.0, "difference_1990_2020": -376.0 }, "geometry": { "type": "Polygon", "coordinates": [ [ [ -97.462277091906742, 20.540534084135299 ], [ -97.457704618198434, 20.540534084135299 ], [ -97.457704618198434, 20.536383554203784 ], [ -97.462277091906742, 20.536383554203784 ], [ -97.462277091906742, 20.540534084135299 ] ] ] } },
{ "type": "Feature", "properties": { "difference_1990_2000": -38.0, "difference_1990_2010": -67.0, "difference_1990_2020": 288.0 }, "geometry": { "type": "Polygon", "coordinates": [ [ [ -97.462277091906742, 20.49488437180575 ], [ -97.457704618198434, 20.494884371805767 ], [ -97.457704618198434, 20.490735064585461 ], [ -97.462277091906742, 20.490735064585461 ], [ -97.462277091906742, 20.49488437180575 ] ] ] } },
{ "type": "Feature", "properties": { "difference_1990_2000": 151.0, "difference_1990_2010": 100.0, "difference_1990_2020": 316.0 }, "geometry": { "type": "Polygon", "coordinates": [ [ [ -97.462277091906742, 20.490735064585461 ], [ -97.457704618198434, 20.490735064585461 ], [ -97.457704618198434, 20.486585868337528 ], [ -97.462277091906742, 20.486585868337528 ], [ -97.462277091906742, 20.490735064585461 ] ] ] } },
{ "type": "Feature", "properties": { "difference_1990_2000": -24.0, "difference_1990_2010": 0.0, "difference_1990_2020": -50.0 }, "geometry": { "type": "Polygon", "coordinates": [ [ [ -97.462277091906742, 20.523932632137246 ], [ -97.457704618198434, 20.523932632137246 ], [ -97.457704618198434, 20.519782547255772 ], [ -97.462277091906742, 20.519782547255772 ], [ -97.462277091906742, 20.523932632137246 ] ] ] } },
{ "type": "Feature", "properties": { "difference_1990_2000": 70.0, "difference_1990_2010": 0.0, "difference_1990_2020": 123.0 }, "geometry": { "type": "Polygon", "coordinates": [ [ [ -97.462277091906742, 20.503183319285412 ], [ -97.457704618198434, 20.503183319285412 ], [ -97.457704618198434, 20.4990337900289 ], [ -97.462277091906742, 20.499033790028932 ], [ -97.462277091906742, 20.503183319285412 ] ] ] } },
{ "type": "Feature", "properties": { "difference_1990_2000": 342.0, "difference_1990_2010": 0.0, "difference_1990_2020": 450.0 }, "geometry": { "type": "Polygon", "coordinates": [ [ [ -97.462277091906742, 20.548835478045827 ], [ -97.457704618198434, 20.548835478045792 ], [ -97.457704618198434, 20.54468472540578 ], [ -97.462277091906742, 20.54468472540578 ], [ -97.462277091906742, 20.548835478045827 ] ] ] } },
{ "type": "Feature", "properties": { "difference_1990_2000": 201.0, "difference_1990_2010": 246.0, "difference_1990_2020": 239.0 }, "geometry": { "type": "Polygon", "coordinates": [ [ [ -97.462277091906742, 20.478287808636569 ], [ -97.457704618198434, 20.478287808636569 ], [ -97.457704618198434, 20.474138945122537 ], [ -97.462277091906742, 20.474138945122537 ], [ -97.462277091906742, 20.478287808636569 ] ] ] } },
{ "type": "Feature", "properties": { "difference_1990_2000": 75.0, "difference_1990_2010": 0.0, "difference_1990_2020": 131.0 }, "geometry": { "type": "Polygon", "coordinates": [ [ [ -97.462277091906742, 20.507332959605776 ], [ -97.457704618198434, 20.507332959605776 ], [ -97.457704618198434, 20.503183319285412 ], [ -97.462277091906742, 20.503183319285412 ], [ -97.462277091906742, 20.507332959605776 ] ] ] } },
{ "type": "Feature", "properties": { "difference_1990_2000": 51.0, "difference_1990_2010": 0.0, "difference_1990_2020": 76.0 }, "geometry": { "type": "Polygon", "coordinates": [ [ [ -97.462277091906742, 20.511482711020626 ], [ -97.457704618198434, 20.511482711020612 ], [ -97.457704618198434, 20.507332959605776 ], [ -97.462277091906742, 20.507332959605776 ], [ -97.462277091906742, 20.511482711020626 ] ] ] } },
{ "type": "Feature", "properties": { "difference_1990_2000": 904.0, "difference_1990_2010": 1191.0, "difference_1990_2020": 1080.0 }, "geometry": { "type": "Polygon", "coordinates": [ [ [ -97.462277091906742, 20.486585868337528 ], [ -97.457704618198434, 20.486585868337528 ], [ -97.457704618198434, 20.482436783031357 ], [ -97.462277091906742, 20.482436783031375 ], [ -97.462277091906742, 20.486585868337528 ] ] ] } },
{ "type": "Feature", "properties": { "difference_1990_2000": -327.0, "difference_1990_2010": 0.0, "difference_1990_2020": -706.0 }, "geometry": { "type": "Polygon", "coordinates": [ [ [ -97.462277091906742, 20.528082828235345 ], [ -97.457704618198434, 20.528082828235345 ], [ -97.457704618198434, 20.523932632137246 ], [ -97.462277091906742, 20.523932632137246 ], [ -97.462277091906742, 20.528082828235345 ] ] ] } },
{ "type": "Feature", "properties": { "difference_1990_2000": -202.0, "difference_1990_2010": 0.0, "difference_1990_2020": -735.0 }, "geometry": { "type": "Polygon", "coordinates": [ [ [ -97.462277091906742, 20.532233135580647 ], [ -97.457704618198434, 20.532233135580647 ], [ -97.457704618198434, 20.528082828235345 ], [ -97.462277091906742, 20.528082828235345 ], [ -97.462277091906742, 20.532233135580647 ] ] ] } },
{ "type": "Feature", "properties": { "difference_1990_2000": 392.0, "difference_1990_2010": 0.0, "difference_1990_2020": 795.0 }, "geometry": { "type": "Polygon", "coordinates": [ [ [ -97.462277091906742, 20.54468472540578 ], [ -97.457704618198434, 20.54468472540578 ], [ -97.457704618198434, 20.540534084135299 ], [ -97.462277091906742, 20.540534084135299 ], [ -97.462277091906742, 20.54468472540578 ] ] ] } },
{ "type": "Feature", "properties": { "difference_1990_2000": -5.0, "difference_1990_2010": 0.0, "difference_1990_2020": -18.0 }, "geometry": { "type": "Polygon", "coordinates": [ [ [ -97.462277091906742, 20.519782547255772 ], [ -97.457704618198434, 20.519782547255772 ], [ -97.457704618198434, 20.515632573560424 ], [ -97.462277091906742, 20.515632573560438 ], [ -97.462277091906742, 20.519782547255772 ] ] ] } },
{ "type": "Feature", "properties": { "difference_1990_2000": 34.0, "difference_1990_2010": 0.0, "difference_1990_2020": 34.0 }, "geometry": { "type": "Polygon", "coordinates": [ [ [ -97.462277091906742, 20.515632573560438 ], [ -97.457704618198434, 20.515632573560424 ], [ -97.457704618198434, 20.511482711020612 ], [ -97.462277091906742, 20.511482711020626 ], [ -97.462277091906742, 20.515632573560438 ] ] ] } },
{ "type": "Feature", "properties": { "difference_1990_2000": 922.0, "difference_1990_2010": 1136.0, "difference_1990_2020": 1102.0 }, "geometry": { "type": "Polygon", "coordinates": [ [ [ -97.462277091906742, 20.482436783031375 ], [ -97.457704618198434, 20.482436783031357 ], [ -97.457704618198434, 20.478287808636569 ], [ -97.462277091906742, 20.478287808636569 ], [ -97.462277091906742, 20.482436783031375 ] ] ] } },
{ "type": "Feature", "properties": { "difference_1990_2000": 38.0, "difference_1990_2010": 0.0, "difference_1990_2020": -445.0 }, "geometry": { "type": "Polygon", "coordinates": [ [ [ -97.462277091906742, 20.536383554203784 ], [ -97.457704618198434, 20.536383554203784 ], [ -97.457704618198434, 20.532233135580647 ], [ -97.462277091906742, 20.532233135580647 ], [ -97.462277091906742, 20.536383554203784 ] ] ] } },
{ "type": "Feature", "properties": { "difference_1990_2000": 17.0, "difference_1990_2010": 0.0, "difference_1990_2020": 30.0 }, "geometry": { "type": "Polygon", "coordinates": [ [ [ -97.462277091906742, 20.499033790028932 ], [ -97.457704618198434, 20.4990337900289 ], [ -97.457704618198434, 20.494884371805767 ], [ -97.462277091906742, 20.49488437180575 ], [ -97.462277091906742, 20.499033790028932 ] ] ] } },
{ "type": "Feature", "properties": { "difference_1990_2000": 49.0, "difference_1990_2010": 0.0, "difference_1990_2020": 87.0 }, "geometry": { "type": "Polygon", "coordinates": [ [ [ -97.462277091906742, 20.552986342086065 ], [ -97.457704618198434, 20.552986342086065 ], [ -97.457704618198434, 20.548835478045792 ], [ -97.462277091906742, 20.548835478045827 ], [ -97.462277091906742, 20.552986342086065 ] ] ] } },
{ "type": "Feature", "properties": { "difference_1990_2000": -165.0, "difference_1990_2010": 0.0, "difference_1990_2020": -530.0 }, "geometry": { "type": "Polygon", "coordinates": [ [ [ -97.453132144490183, 20.540534084135299 ], [ -97.448559670781904, 20.540534084135299 ], [ -97.448559670781904, 20.536383554203784 ], [ -97.453132144490183, 20.536383554203784 ], [ -97.453132144490183, 20.540534084135299 ] ] ] } },
{ "type": "Feature", "properties": { "difference_1990_2000": 10.0, "difference_1990_2010": 99.0, "difference_1990_2020": 106.0 }, "geometry": { "type": "Polygon", "coordinates": [ [ [ -97.453132144490183, 20.49488437180575 ], [ -97.448559670781904, 20.49488437180575 ], [ -97.448559670781904, 20.490735064585461 ], [ -97.453132144490183, 20.490735064585461 ], [ -97.453132144490183, 20.49488437180575 ] ] ] } },
{ "type": "Feature", "properties": { "difference_1990_2000": 515.0, "difference_1990_2010": 1281.0, "difference_1990_2020": 1406.0 }, "geometry": { "type": "Polygon", "coordinates": [ [ [ -97.453132144490183, 20.490735064585461 ], [ -97.448559670781904, 20.490735064585461 ], [ -97.448559670781904, 20.486585868337507 ], [ -97.453132144490183, 20.486585868337528 ], [ -97.453132144490183, 20.490735064585461 ] ] ] } },
{ "type": "Feature", "properties": { "difference_1990_2000": -378.0, "difference_1990_2010": 0.0, "difference_1990_2020": -505.0 }, "geometry": { "type": "Polygon", "coordinates": [ [ [ -97.453132144490183, 20.523932632137246 ], [ -97.448559670781904, 20.523932632137246 ], [ -97.448559670781904, 20.519782547255772 ], [ -97.453132144490183, 20.519782547255772 ], [ -97.453132144490183, 20.523932632137246 ] ] ] } },
{ "type": "Feature", "properties": { "difference_1990_2000": -3.0, "difference_1990_2010": 0.0, "difference_1990_2020": -41.0 }, "geometry": { "type": "Polygon", "coordinates": [ [ [ -97.453132144490183, 20.503183319285412 ], [ -97.448559670781904, 20.503183319285412 ], [ -97.448559670781904, 20.4990337900289 ], [ -97.453132144490183, 20.4990337900289 ], [ -97.453132144490183, 20.503183319285412 ] ] ] } },
{ "type": "Feature", "properties": { "difference_1990_2000": -149.0, "difference_1990_2010": 0.0, "difference_1990_2020": -535.0 }, "geometry": { "type": "Polygon", "coordinates": [ [ [ -97.453132144490183, 20.548835478045792 ], [ -97.448559670781904, 20.548835478045827 ], [ -97.448559670781904, 20.54468472540578 ], [ -97.453132144490183, 20.544684725405748 ], [ -97.453132144490183, 20.548835478045792 ] ] ] } },
{ "type": "Feature", "properties": { "difference_1990_2000": 715.0, "difference_1990_2010": 876.0, "difference_1990_2020": 833.0 }, "geometry": { "type": "Polygon", "coordinates": [ [ [ -97.453132144490183, 20.478287808636569 ], [ -97.448559670781904, 20.478287808636569 ], [ -97.448559670781904, 20.474138945122537 ], [ -97.453132144490183, 20.474138945122537 ], [ -97.453132144490183, 20.478287808636569 ] ] ] } },
{ "type": "Feature", "properties": { "difference_1990_2000": 22.0, "difference_1990_2010": 0.0, "difference_1990_2020": 89.0 }, "geometry": { "type": "Polygon", "coordinates": [ [ [ -97.453132144490183, 20.511482711020612 ], [ -97.448559670781904, 20.511482711020626 ], [ -97.448559670781904, 20.507332959605794 ], [ -97.453132144490183, 20.507332959605776 ], [ -97.453132144490183, 20.511482711020612 ] ] ] } },
{ "type": "Feature", "properties": { "difference_1990_2000": -2.0, "difference_1990_2010": 0.0, "difference_1990_2020": -34.0 }, "geometry": { "type": "Polygon", "coordinates": [ [ [ -97.453132144490183, 20.507332959605776 ], [ -97.448559670781904, 20.507332959605794 ], [ -97.448559670781904, 20.503183319285412 ], [ -97.453132144490183, 20.503183319285412 ], [ -97.453132144490183, 20.507332959605776 ] ] ] } },
{ "type": "Feature", "properties": { "difference_1990_2000": 779.0, "difference_1990_2010": 1196.0, "difference_1990_2020": 1231.0 }, "geometry": { "type": "Polygon", "coordinates": [ [ [ -97.453132144490183, 20.486585868337528 ], [ -97.448559670781904, 20.486585868337507 ], [ -97.448559670781904, 20.482436783031375 ], [ -97.453132144490183, 20.482436783031375 ], [ -97.453132144490183, 20.486585868337528 ] ] ] } },
{ "type": "Feature", "properties": { "difference_1990_2000": -139.0, "difference_1990_2010": 0.0, "difference_1990_2020": -523.0 }, "geometry": { "type": "Polygon", "coordinates": [ [ [ -97.453132144490183, 20.544684725405748 ], [ -97.448559670781904, 20.54468472540578 ], [ -97.448559670781904, 20.540534084135299 ], [ -97.453132144490183, 20.540534084135299 ], [ -97.453132144490183, 20.544684725405748 ] ] ] } },
{ "type": "Feature", "properties": { "difference_1990_2000": -397.0, "difference_1990_2010": 0.0, "difference_1990_2020": -490.0 }, "geometry": { "type": "Polygon", "coordinates": [ [ [ -97.453132144490183, 20.528082828235345 ], [ -97.448559670781904, 20.528082828235327 ], [ -97.448559670781904, 20.523932632137246 ], [ -97.453132144490183, 20.523932632137246 ], [ -97.453132144490183, 20.528082828235345 ] ] ] } },
{ "type": "Feature", "properties": { "difference_1990_2000": -321.0, "difference_1990_2010": 0.0, "difference_1990_2020": -363.0 }, "geometry": { "type": "Polygon", "coordinates": [ [ [ -97.453132144490183, 20.532233135580647 ], [ -97.448559670781904, 20.532233135580647 ], [ -97.448559670781904, 20.528082828235327 ], [ -97.453132144490183, 20.528082828235345 ], [ -97.453132144490183, 20.532233135580647 ] ] ] } },
{ "type": "Feature", "properties": { "difference_1990_2000": -55.0, "difference_1990_2010": 0.0, "difference_1990_2020": -27.0 }, "geometry": { "type": "Polygon", "coordinates": [ [ [ -97.453132144490183, 20.515632573560424 ], [ -97.448559670781904, 20.515632573560438 ], [ -97.448559670781904, 20.511482711020626 ], [ -97.453132144490183, 20.511482711020612 ], [ -97.453132144490183, 20.515632573560424 ] ] ] } },
{ "type": "Feature", "properties": { "difference_1990_2000": -86.0, "difference_1990_2010": 0.0, "difference_1990_2020": -112.0 }, "geometry": { "type": "Polygon", "coordinates": [ [ [ -97.453132144490183, 20.519782547255772 ], [ -97.448559670781904, 20.519782547255772 ], [ -97.448559670781904, 20.515632573560438 ], [ -97.453132144490183, 20.515632573560424 ], [ -97.453132144490183, 20.519782547255772 ] ] ] } },
{ "type": "Feature", "properties": { "difference_1990_2000": 1686.0, "difference_1990_2010": 2121.0, "difference_1990_2020": 2044.0 }, "geometry": { "type": "Polygon", "coordinates": [ [ [ -97.453132144490183, 20.482436783031375 ], [ -97.448559670781904, 20.482436783031375 ], [ -97.448559670781904, 20.478287808636569 ], [ -97.453132144490183, 20.478287808636569 ], [ -97.453132144490183, 20.482436783031375 ] ] ] } },
{ "type": "Feature", "properties": { "difference_1990_2000": -256.0, "difference_1990_2010": 0.0, "difference_1990_2020": -517.0 }, "geometry": { "type": "Polygon", "coordinates": [ [ [ -97.453132144490183, 20.536383554203784 ], [ -97.448559670781904, 20.536383554203784 ], [ -97.448559670781904, 20.532233135580647 ], [ -97.453132144490183, 20.532233135580647 ], [ -97.453132144490183, 20.536383554203784 ] ] ] } },
{ "type": "Feature", "properties": { "difference_1990_2000": -196.0, "difference_1990_2010": 0.0, "difference_1990_2020": -410.0 }, "geometry": { "type": "Polygon", "coordinates": [ [ [ -97.453132144490183, 20.552986342086029 ], [ -97.448559670781904, 20.552986342086065 ], [ -97.448559670781904, 20.548835478045827 ], [ -97.453132144490183, 20.548835478045792 ], [ -97.453132144490183, 20.552986342086029 ] ] ] } },
{ "type": "Feature", "properties": { "difference_1990_2000": -173.0, "difference_1990_2010": 0.0, "difference_1990_2020": -328.0 }, "geometry": { "type": "Polygon", "coordinates": [ [ [ -97.453132144490183, 20.557137317557054 ], [ -97.448559670781904, 20.557137317557054 ], [ -97.448559670781904, 20.552986342086065 ], [ -97.453132144490183, 20.552986342086029 ], [ -97.453132144490183, 20.557137317557054 ] ] ] } },
{ "type": "Feature", "properties": { "difference_1990_2000": -83.0, "difference_1990_2010": 0.0, "difference_1990_2020": -126.0 }, "geometry": { "type": "Polygon", "coordinates": [ [ [ -97.453132144490183, 20.561288404489424 ], [ -97.448559670781904, 20.561288404489424 ], [ -97.448559670781904, 20.557137317557054 ], [ -97.453132144490183, 20.557137317557054 ], [ -97.453132144490183, 20.561288404489424 ] ] ] } },
{ "type": "Feature", "properties": { "difference_1990_2000": 87.0, "difference_1990_2010": 0.0, "difference_1990_2020": 34.0 }, "geometry": { "type": "Polygon", "coordinates": [ [ [ -97.443987197073625, 20.540534084135299 ], [ -97.439414723365346, 20.540534084135267 ], [ -97.439414723365346, 20.536383554203784 ], [ -97.443987197073625, 20.536383554203784 ], [ -97.443987197073625, 20.540534084135299 ] ] ] } },
{ "type": "Feature", "properties": { "difference_1990_2000": 329.0, "difference_1990_2010": 0.0, "difference_1990_2020": 321.0 }, "geometry": { "type": "Polygon", "coordinates": [ [ [ -97.443987197073625, 20.569590912860935 ], [ -97.439414723365346, 20.569590912860935 ], [ -97.439414723365346, 20.565439602913852 ], [ -97.443987197073625, 20.565439602913852 ], [ -97.443987197073625, 20.569590912860935 ] ] ] } },
{ "type": "Feature", "properties": { "difference_1990_2000": 0.0, "difference_1990_2010": 2.0, "difference_1990_2020": 18.0 }, "geometry": { "type": "Polygon", "coordinates": [ [ [ -97.443987197073625, 20.490735064585493 ], [ -97.439414723365346, 20.490735064585461 ], [ -97.439414723365346, 20.486585868337528 ], [ -97.443987197073625, 20.486585868337528 ], [ -97.443987197073625, 20.490735064585493 ] ] ] } },
{ "type": "Feature", "properties": { "difference_1990_2000": -17.0, "difference_1990_2010": 0.0, "difference_1990_2020": -1.0 }, "geometry": { "type": "Polygon", "coordinates": [ [ [ -97.443987197073625, 20.523932632137246 ], [ -97.439414723365346, 20.523932632137246 ], [ -97.439414723365346, 20.519782547255772 ], [ -97.443987197073625, 20.519782547255772 ], [ -97.443987197073625, 20.523932632137246 ] ] ] } },
{ "type": "Feature", "properties": { "difference_1990_2000": 6.0, "difference_1990_2010": 0.0, "difference_1990_2020": 148.0 }, "geometry": { "type": "Polygon", "coordinates": [ [ [ -97.443987197073625, 20.503183319285412 ], [ -97.439414723365346, 20.503183319285412 ], [ -97.439414723365346, 20.4990337900289 ], [ -97.443987197073625, 20.4990337900289 ], [ -97.443987197073625, 20.503183319285412 ] ] ] } },
{ "type": "Feature", "properties": { "difference_1990_2000": -234.0, "difference_1990_2010": 0.0, "difference_1990_2020": -308.0 }, "geometry": { "type": "Polygon", "coordinates": [ [ [ -97.443987197073625, 20.548835478045792 ], [ -97.439414723365346, 20.54883547804577 ], [ -97.439414723365346, 20.544684725405748 ], [ -97.443987197073625, 20.54468472540578 ], [ -97.443987197073625, 20.548835478045792 ] ] ] } },
{ "type": "Feature", "properties": { "difference_1990_2000": 0.0, "difference_1990_2010": 855.0, "difference_1990_2020": 915.0 }, "geometry": { "type": "Polygon", "coordinates": [ [ [ -97.443987197073625, 20.478287808636569 ], [ -97.439414723365346, 20.478287808636551 ], [ -97.439414723365346, 20.474138945122537 ], [ -97.443987197073625, 20.474138945122537 ], [ -97.443987197073625, 20.478287808636569 ] ] ] } },
{ "type": "Feature", "properties": { "difference_1990_2000": 10.0, "difference_1990_2010": 0.0, "difference_1990_2020": 660.0 }, "geometry": { "type": "Polygon", "coordinates": [ [ [ -97.443987197073625, 20.507332959605776 ], [ -97.439414723365346, 20.507332959605776 ], [ -97.439414723365346, 20.503183319285412 ], [ -97.443987197073625, 20.503183319285412 ], [ -97.443987197073625, 20.507332959605776 ] ] ] } },
{ "type": "Feature", "properties": { "difference_1990_2000": 0.0, "difference_1990_2010": 1.0, "difference_1990_2020": 7.0 }, "geometry": { "type": "Polygon", "coordinates": [ [ [ -97.443987197073625, 20.486585868337528 ], [ -97.439414723365346, 20.486585868337528 ], [ -97.439414723365346, 20.482436783031357 ], [ -97.443987197073625, 20.482436783031375 ], [ -97.443987197073625, 20.486585868337528 ] ] ] } },
{ "type": "Feature", "properties": { "difference_1990_2000": -403.0, "difference_1990_2010": 0.0, "difference_1990_2020": -352.0 }, "geometry": { "type": "Polygon", "coordinates": [ [ [ -97.443987197073625, 20.528082828235345 ], [ -97.439414723365346, 20.528082828235327 ], [ -97.439414723365346, 20.523932632137246 ], [ -97.443987197073625, 20.523932632137246 ], [ -97.443987197073625, 20.528082828235345 ] ] ] } },
{ "type": "Feature", "properties": { "difference_1990_2000": -158.0, "difference_1990_2010": 0.0, "difference_1990_2020": -216.0 }, "geometry": { "type": "Polygon", "coordinates": [ [ [ -97.443987197073625, 20.532233135580647 ], [ -97.439414723365346, 20.532233135580647 ], [ -97.439414723365346, 20.528082828235327 ], [ -97.443987197073625, 20.528082828235345 ], [ -97.443987197073625, 20.532233135580647 ] ] ] } },
{ "type": "Feature", "properties": { "difference_1990_2000": -29.0, "difference_1990_2010": 0.0, "difference_1990_2020": 462.0 }, "geometry": { "type": "Polygon", "coordinates": [ [ [ -97.443987197073625, 20.511482711020662 ], [ -97.439414723365346, 20.511482711020626 ], [ -97.439414723365346, 20.507332959605776 ], [ -97.443987197073625, 20.507332959605776 ], [ -97.443987197073625, 20.511482711020662 ] ] ] } },
{ "type": "Feature", "properties": { "difference_1990_2000": 73.0, "difference_1990_2010": 0.0, "difference_1990_2020": -22.0 }, "geometry": { "type": "Polygon", "coordinates": [ [ [ -97.443987197073625, 20.54468472540578 ], [ -97.439414723365346, 20.544684725405748 ], [ -97.439414723365346, 20.540534084135267 ], [ -97.443987197073625, 20.540534084135299 ], [ -97.443987197073625, 20.54468472540578 ] ] ] } },
{ "type": "Feature", "properties": { "difference_1990_2000": 0.0, "difference_1990_2010": 805.0, "difference_1990_2020": 795.0 }, "geometry": { "type": "Polygon", "coordinates": [ [ [ -97.443987197073625, 20.474138945122537 ], [ -97.439414723365346, 20.474138945122537 ], [ -97.439414723365346, 20.469990192458837 ], [ -97.443987197073625, 20.469990192458855 ], [ -97.443987197073625, 20.474138945122537 ] ] ] } },
{ "type": "Feature", "properties": { "difference_1990_2000": -80.0, "difference_1990_2010": 0.0, "difference_1990_2020": -20.0 }, "geometry": { "type": "Polygon", "coordinates": [ [ [ -97.443987197073625, 20.515632573560424 ], [ -97.439414723365346, 20.515632573560424 ], [ -97.439414723365346, 20.511482711020626 ], [ -97.443987197073625, 20.511482711020662 ], [ -97.443987197073625, 20.515632573560424 ] ] ] } },
{ "type": "Feature", "properties": { "difference_1990_2000": -36.0, "difference_1990_2010": 0.0, "difference_1990_2020": -159.0 }, "geometry": { "type": "Polygon", "coordinates": [ [ [ -97.443987197073625, 20.519782547255772 ], [ -97.439414723365346, 20.519782547255772 ], [ -97.439414723365346, 20.515632573560424 ], [ -97.443987197073625, 20.515632573560424 ], [ -97.443987197073625, 20.519782547255772 ] ] ] } },
{ "type": "Feature", "properties": { "difference_1990_2000": 204.0, "difference_1990_2010": 0.0, "difference_1990_2020": 4.0 }, "geometry": { "type": "Polygon", "coordinates": [ [ [ -97.443987197073625, 20.565439602913852 ], [ -97.439414723365346, 20.565439602913852 ], [ -97.439414723365346, 20.561288404489424 ], [ -97.443987197073625, 20.561288404489424 ], [ -97.443987197073625, 20.565439602913852 ] ] ] } },
{ "type": "Feature", "properties": { "difference_1990_2000": 0.0, "difference_1990_2010": 53.0, "difference_1990_2020": 57.0 }, "geometry": { "type": "Polygon", "coordinates": [ [ [ -97.443987197073625, 20.482436783031375 ], [ -97.439414723365346, 20.482436783031357 ], [ -97.439414723365346, 20.478287808636551 ], [ -97.443987197073625, 20.478287808636569 ], [ -97.443987197073625, 20.482436783031375 ] ] ] } },
{ "type": "Feature", "properties": { "difference_1990_2000": -5.0, "difference_1990_2010": 0.0, "difference_1990_2020": -162.0 }, "geometry": { "type": "Polygon", "coordinates": [ [ [ -97.443987197073625, 20.536383554203784 ], [ -97.439414723365346, 20.536383554203784 ], [ -97.439414723365346, 20.532233135580647 ], [ -97.443987197073625, 20.532233135580647 ], [ -97.443987197073625, 20.536383554203784 ] ] ] } },
{ "type": "Feature", "properties": { "difference_1990_2000": -206.0, "difference_1990_2010": 0.0, "difference_1990_2020": -323.0 }, "geometry": { "type": "Polygon", "coordinates": [ [ [ -97.443987197073625, 20.557137317557054 ], [ -97.439414723365346, 20.557137317557014 ], [ -97.439414723365346, 20.552986342086065 ], [ -97.443987197073625, 20.552986342086065 ], [ -97.443987197073625, 20.557137317557054 ] ] ] } },
{ "type": "Feature", "properties": { "difference_1990_2000": -322.0, "difference_1990_2010": 0.0, "difference_1990_2020": -479.0 }, "geometry": { "type": "Polygon", "coordinates": [ [ [ -97.443987197073625, 20.552986342086065 ], [ -97.439414723365346, 20.552986342086065 ], [ -97.439414723365346, 20.54883547804577 ], [ -97.443987197073625, 20.548835478045792 ], [ -97.443987197073625, 20.552986342086065 ] ] ] } },
{ "type": "Feature", "properties": { "difference_1990_2000": -173.0, "difference_1990_2010": 0.0, "difference_1990_2020": -317.0 }, "geometry": { "type": "Polygon", "coordinates": [ [ [ -97.443987197073625, 20.561288404489424 ], [ -97.439414723365346, 20.561288404489424 ], [ -97.439414723365346, 20.557137317557014 ], [ -97.443987197073625, 20.557137317557054 ], [ -97.443987197073625, 20.561288404489424 ] ] ] } },
{ "type": "Feature", "properties": { "difference_1990_2000": 96.0, "difference_1990_2010": 0.0, "difference_1990_2020": 715.0 }, "geometry": { "type": "Polygon", "coordinates": [ [ [ -97.434842249657081, 20.540534084135299 ], [ -97.430269775948787, 20.540534084135299 ], [ -97.430269775948787, 20.536383554203784 ], [ -97.434842249657081, 20.536383554203784 ], [ -97.434842249657081, 20.540534084135299 ] ] ] } },
{ "type": "Feature", "properties": { "difference_1990_2000": 0.0, "difference_1990_2010": 0.0, "difference_1990_2020": 57.0 }, "geometry": { "type": "Polygon", "coordinates": [ [ [ -97.434842249657081, 20.569590912860935 ], [ -97.430269775948787, 20.569590912860935 ], [ -97.430269775948787, 20.565439602913852 ], [ -97.434842249657081, 20.565439602913852 ], [ -97.434842249657081, 20.569590912860935 ] ] ] } },
{ "type": "Feature", "properties": { "difference_1990_2000": -39.0, "difference_1990_2010": 0.0, "difference_1990_2020": 171.0 }, "geometry": { "type": "Polygon", "coordinates": [ [ [ -97.434842249657081, 20.523932632137246 ], [ -97.430269775948787, 20.523932632137246 ], [ -97.430269775948787, 20.519782547255772 ], [ -97.434842249657081, 20.519782547255772 ], [ -97.434842249657081, 20.523932632137246 ] ] ] } },
{ "type": "Feature", "properties": { "difference_1990_2000": 0.0, "difference_1990_2010": 0.0, "difference_1990_2020": 249.0 }, "geometry": { "type": "Polygon", "coordinates": [ [ [ -97.434842249657081, 20.503183319285391 ], [ -97.430269775948787, 20.503183319285412 ], [ -97.430269775948787, 20.4990337900289 ], [ -97.434842249657081, 20.4990337900289 ], [ -97.434842249657081, 20.503183319285391 ] ] ] } },
{ "type": "Feature", "properties": { "difference_1990_2000": 282.0, "difference_1990_2010": 0.0, "difference_1990_2020": 480.0 }, "geometry": { "type": "Polygon", "coordinates": [ [ [ -97.434842249657081, 20.548835478045827 ], [ -97.430269775948787, 20.548835478045827 ], [ -97.430269775948787, 20.544684725405748 ], [ -97.434842249657081, 20.54468472540578 ], [ -97.434842249657081, 20.548835478045827 ] ] ] } },
{ "type": "Feature", "properties": { "difference_1990_2000": 0.0, "difference_1990_2010": 0.0, "difference_1990_2020": 701.0 }, "geometry": { "type": "Polygon", "coordinates": [ [ [ -97.434842249657081, 20.507332959605776 ], [ -97.430269775948787, 20.507332959605776 ], [ -97.430269775948787, 20.503183319285412 ], [ -97.434842249657081, 20.503183319285391 ], [ -97.434842249657081, 20.507332959605776 ] ] ] } },
{ "type": "Feature", "properties": { "difference_1990_2000": 0.0, "difference_1990_2010": 0.0, "difference_1990_2020": 211.0 }, "geometry": { "type": "Polygon", "coordinates": [ [ [ -97.434842249657081, 20.573742334361274 ], [ -97.430269775948787, 20.573742334361313 ], [ -97.430269775948787, 20.569590912860935 ], [ -97.434842249657081, 20.569590912860935 ], [ -97.434842249657081, 20.573742334361274 ] ] ] } },
{ "type": "Feature", "properties": { "difference_1990_2000": -7.0, "difference_1990_2010": 0.0, "difference_1990_2020": 642.0 }, "geometry": { "type": "Polygon", "coordinates": [ [ [ -97.434842249657081, 20.511482711020626 ], [ -97.430269775948787, 20.511482711020626 ], [ -97.430269775948787, 20.507332959605776 ], [ -97.434842249657081, 20.507332959605776 ], [ -97.434842249657081, 20.511482711020626 ] ] ] } },
{ "type": "Feature", "properties": { "difference_1990_2000": 0.0, "difference_1990_2010": 0.0, "difference_1990_2020": 23.0 }, "geometry": { "type": "Polygon", "coordinates": [ [ [ -97.434842249657081, 20.582045512144372 ], [ -97.430269775948787, 20.582045512144372 ], [ -97.430269775948787, 20.577893867445564 ], [ -97.434842249657081, 20.577893867445528 ], [ -97.434842249657081, 20.582045512144372 ] ] ] } },
{ "type": "Feature", "properties": { "difference_1990_2000": 42.0, "difference_1990_2010": 0.0, "difference_1990_2020": 689.0 }, "geometry": { "type": "Polygon", "coordinates": [ [ [ -97.434842249657081, 20.528082828235345 ], [ -97.430269775948787, 20.528082828235345 ], [ -97.430269775948787, 20.523932632137246 ], [ -97.434842249657081, 20.523932632137246 ], [ -97.434842249657081, 20.528082828235345 ] ] ] } },
{ "type": "Feature", "properties": { "difference_1990_2000": -97.0, "difference_1990_2010": 0.0, "difference_1990_2020": -8.0 }, "geometry": { "type": "Polygon", "coordinates": [ [ [ -97.434842249657081, 20.532233135580647 ], [ -97.430269775948787, 20.532233135580647 ], [ -97.430269775948787, 20.528082828235345 ], [ -97.434842249657081, 20.528082828235345 ], [ -97.434842249657081, 20.532233135580647 ] ] ] } },
{ "type": "Feature", "properties": { "difference_1990_2000": 80.0, "difference_1990_2010": 0.0, "difference_1990_2020": 348.0 }, "geometry": { "type": "Polygon", "coordinates": [ [ [ -97.434842249657081, 20.54468472540578 ], [ -97.430269775948787, 20.544684725405748 ], [ -97.430269775948787, 20.540534084135299 ], [ -97.434842249657081, 20.540534084135299 ], [ -97.434842249657081, 20.54468472540578 ] ] ] } },
{ "type": "Feature", "properties": { "difference_1990_2000": -247.0, "difference_1990_2010": 0.0, "difference_1990_2020": -451.0 }, "geometry": { "type": "Polygon", "coordinates": [ [ [ -97.434842249657081, 20.515632573560424 ], [ -97.430269775948787, 20.515632573560424 ], [ -97.430269775948787, 20.511482711020626 ], [ -97.434842249657081, 20.511482711020626 ], [ -97.434842249657081, 20.515632573560424 ] ] ] } },
{ "type": "Feature", "properties": { "difference_1990_2000": -87.0, "difference_1990_2010": 0.0, "difference_1990_2020": -307.0 }, "geometry": { "type": "Polygon", "coordinates": [ [ [ -97.434842249657081, 20.519782547255772 ], [ -97.430269775948787, 20.519782547255772 ], [ -97.430269775948787, 20.515632573560424 ], [ -97.434842249657081, 20.515632573560424 ], [ -97.434842249657081, 20.519782547255772 ] ] ] } },
{ "type": "Feature", "properties": { "difference_1990_2000": 0.0, "difference_1990_2010": 0.0, "difference_1990_2020": 1349.0 }, "geometry": { "type": "Polygon", "coordinates": [ [ [ -97.434842249657081, 20.577893867445528 ], [ -97.430269775948787, 20.577893867445564 ], [ -97.430269775948787, 20.573742334361313 ], [ -97.434842249657081, 20.573742334361274 ], [ -97.434842249657081, 20.577893867445528 ] ] ] } },
{ "type": "Feature", "properties": { "difference_1990_2000": 0.0, "difference_1990_2010": 0.0, "difference_1990_2020": 51.0 }, "geometry": { "type": "Polygon", "coordinates": [ [ [ -97.434842249657081, 20.565439602913852 ], [ -97.430269775948787, 20.565439602913852 ], [ -97.430269775948787, 20.56128840448946 ], [ -97.434842249657081, 20.561288404489424 ], [ -97.434842249657081, 20.565439602913852 ] ] ] } },
{ "type": "Feature", "properties": { "difference_1990_2000": 220.0, "difference_1990_2010": 0.0, "difference_1990_2020": 501.0 }, "geometry": { "type": "Polygon", "coordinates": [ [ [ -97.434842249657081, 20.557137317557014 ], [ -97.430269775948787, 20.557137317557054 ], [ -97.430269775948787, 20.552986342086065 ], [ -97.434842249657081, 20.552986342086065 ], [ -97.434842249657081, 20.557137317557014 ] ] ] } },
{ "type": "Feature", "properties": { "difference_1990_2000": -54.0, "difference_1990_2010": 0.0, "difference_1990_2020": 136.0 }, "geometry": { "type": "Polygon", "coordinates": [ [ [ -97.434842249657081, 20.536383554203784 ], [ -97.430269775948787, 20.536383554203784 ], [ -97.430269775948787, 20.532233135580647 ], [ -97.434842249657081, 20.532233135580647 ], [ -97.434842249657081, 20.536383554203784 ] ] ] } },
{ "type": "Feature", "properties": { "difference_1990_2000": 288.0, "difference_1990_2010": 0.0, "difference_1990_2020": 692.0 }, "geometry": { "type": "Polygon", "coordinates": [ [ [ -97.434842249657081, 20.552986342086065 ], [ -97.430269775948787, 20.552986342086065 ], [ -97.430269775948787, 20.548835478045827 ], [ -97.434842249657081, 20.548835478045827 ], [ -97.434842249657081, 20.552986342086065 ] ] ] } },
{ "type": "Feature", "properties": { "difference_1990_2000": 4.0, "difference_1990_2010": 0.0, "difference_1990_2020": 237.0 }, "geometry": { "type": "Polygon", "coordinates": [ [ [ -97.434842249657081, 20.561288404489424 ], [ -97.430269775948787, 20.56128840448946 ], [ -97.430269775948787, 20.557137317557054 ], [ -97.434842249657081, 20.557137317557014 ], [ -97.434842249657081, 20.561288404489424 ] ] ] } },
{ "type": "Feature", "properties": { "difference_1990_2000": 98.0, "difference_1990_2010": 0.0, "difference_1990_2020": 1100.0 }, "geometry": { "type": "Polygon", "coordinates": [ [ [ -97.425697302240522, 20.540534084135299 ], [ -97.421124828532243, 20.540534084135299 ], [ -97.421124828532243, 20.536383554203798 ], [ -97.425697302240522, 20.536383554203784 ], [ -97.425697302240522, 20.540534084135299 ] ] ] } },
{ "type": "Feature", "properties": { "difference_1990_2000": 26.0, "difference_1990_2010": 0.0, "difference_1990_2020": 822.0 }, "geometry": { "type": "Polygon", "coordinates": [ [ [ -97.425697302240522, 20.523932632137246 ], [ -97.421124828532243, 20.523932632137264 ], [ -97.421124828532243, 20.519782547255772 ], [ -97.425697302240522, 20.519782547255772 ], [ -97.425697302240522, 20.523932632137246 ] ] ] } },
{ "type": "Feature", "properties": { "difference_1990_2000": 0.0, "difference_1990_2010": 0.0, "difference_1990_2020": 1738.0 }, "geometry": { "type": "Polygon", "coordinates": [ [ [ -97.425697302240522, 20.503183319285412 ], [ -97.421124828532243, 20.503183319285412 ], [ -97.421124828532243, 20.4990337900289 ], [ -97.425697302240522, 20.4990337900289 ], [ -97.425697302240522, 20.503183319285412 ] ] ] } },
{ "type": "Feature", "properties": { "difference_1990_2000": 426.0, "difference_1990_2010": 0.0, "difference_1990_2020": 556.0 }, "geometry": { "type": "Polygon", "coordinates": [ [ [ -97.425697302240522, 20.548835478045792 ], [ -97.421124828532243, 20.548835478045827 ], [ -97.421124828532243, 20.54468472540578 ], [ -97.425697302240522, 20.54468472540578 ], [ -97.425697302240522, 20.548835478045792 ] ] ] } },
{ "type": "Feature", "properties": { "difference_1990_2000": 0.0, "difference_1990_2010": 0.0, "difference_1990_2020": 1333.0 }, "geometry": { "type": "Polygon", "coordinates": [ [ [ -97.425697302240522, 20.507332959605776 ], [ -97.421124828532243, 20.507332959605794 ], [ -97.421124828532243, 20.503183319285412 ], [ -97.425697302240522, 20.503183319285412 ], [ -97.425697302240522, 20.507332959605776 ] ] ] } },
{ "type": "Feature", "properties": { "difference_1990_2000": -3.0, "difference_1990_2010": 0.0, "difference_1990_2020": 729.0 }, "geometry": { "type": "Polygon", "coordinates": [ [ [ -97.425697302240522, 20.511482711020626 ], [ -97.421124828532243, 20.511482711020626 ], [ -97.421124828532243, 20.507332959605794 ], [ -97.425697302240522, 20.507332959605776 ], [ -97.425697302240522, 20.511482711020626 ] ] ] } },
{ "type": "Feature", "properties": { "difference_1990_2000": 121.0, "difference_1990_2010": 0.0, "difference_1990_2020": 322.0 }, "geometry": { "type": "Polygon", "coordinates": [ [ [ -97.425697302240522, 20.532233135580647 ], [ -97.421124828532243, 20.532233135580679 ], [ -97.421124828532243, 20.52808282823538 ], [ -97.425697302240522, 20.52808282823538 ], [ -97.425697302240522, 20.532233135580647 ] ] ] } },
{ "type": "Feature", "properties": { "difference_1990_2000": 175.0, "difference_1990_2010": 0.0, "difference_1990_2020": 1171.0 }, "geometry": { "type": "Polygon", "coordinates": [ [ [ -97.425697302240522, 20.54468472540578 ], [ -97.421124828532243, 20.54468472540578 ], [ -97.421124828532243, 20.540534084135299 ], [ -97.425697302240522, 20.540534084135299 ], [ -97.425697302240522, 20.54468472540578 ] ] ] } },
{ "type": "Feature", "properties": { "difference_1990_2000": 377.0, "difference_1990_2010": 0.0, "difference_1990_2020": 502.0 }, "geometry": { "type": "Polygon", "coordinates": [ [ [ -97.425697302240522, 20.52808282823538 ], [ -97.421124828532243, 20.52808282823538 ], [ -97.421124828532243, 20.523932632137264 ], [ -97.425697302240522, 20.523932632137246 ], [ -97.425697302240522, 20.52808282823538 ] ] ] } },
{ "type": "Feature", "properties": { "difference_1990_2000": -10.0, "difference_1990_2010": 0.0, "difference_1990_2020": 62.0 }, "geometry": { "type": "Polygon", "coordinates": [ [ [ -97.425697302240522, 20.515632573560424 ], [ -97.421124828532243, 20.515632573560424 ], [ -97.421124828532243, 20.511482711020626 ], [ -97.425697302240522, 20.511482711020626 ], [ -97.425697302240522, 20.515632573560424 ] ] ] } },
{ "type": "Feature", "properties": { "difference_1990_2000": 6.0, "difference_1990_2010": 0.0, "difference_1990_2020": 913.0 }, "geometry": { "type": "Polygon", "coordinates": [ [ [ -97.425697302240522, 20.519782547255772 ], [ -97.421124828532243, 20.519782547255772 ], [ -97.421124828532243, 20.515632573560424 ], [ -97.425697302240522, 20.515632573560424 ], [ -97.425697302240522, 20.519782547255772 ] ] ] } },
{ "type": "Feature", "properties": { "difference_1990_2000": 0.0, "difference_1990_2010": 0.0, "difference_1990_2020": 388.0 }, "geometry": { "type": "Polygon", "coordinates": [ [ [ -97.425697302240522, 20.577893867445528 ], [ -97.421124828532243, 20.577893867445564 ], [ -97.421124828532243, 20.573742334361313 ], [ -97.425697302240522, 20.573742334361274 ], [ -97.425697302240522, 20.577893867445528 ] ] ] } },
{ "type": "Feature", "properties": { "difference_1990_2000": 15.0, "difference_1990_2010": 0.0, "difference_1990_2020": 427.0 }, "geometry": { "type": "Polygon", "coordinates": [ [ [ -97.425697302240522, 20.536383554203784 ], [ -97.421124828532243, 20.536383554203798 ], [ -97.421124828532243, 20.532233135580679 ], [ -97.425697302240522, 20.532233135580647 ], [ -97.425697302240522, 20.536383554203784 ] ] ] } },
{ "type": "Feature", "properties": { "difference_1990_2000": 400.0, "difference_1990_2010": 0.0, "difference_1990_2020": 674.0 }, "geometry": { "type": "Polygon", "coordinates": [ [ [ -97.425697302240522, 20.557137317557054 ], [ -97.421124828532243, 20.557137317557054 ], [ -97.421124828532243, 20.552986342086065 ], [ -97.425697302240522, 20.552986342086086 ], [ -97.425697302240522, 20.557137317557054 ] ] ] } },
{ "type": "Feature", "properties": { "difference_1990_2000": 74.0, "difference_1990_2010": 0.0, "difference_1990_2020": 118.0 }, "geometry": { "type": "Polygon", "coordinates": [ [ [ -97.425697302240522, 20.561288404489424 ], [ -97.421124828532243, 20.561288404489424 ], [ -97.421124828532243, 20.557137317557054 ], [ -97.425697302240522, 20.557137317557054 ], [ -97.425697302240522, 20.561288404489424 ] ] ] } },
{ "type": "Feature", "properties": { "difference_1990_2000": 0.0, "difference_1990_2010": 0.0, "difference_1990_2020": 109.0 }, "geometry": { "type": "Polygon", "coordinates": [ [ [ -97.425697302240522, 20.552986342086086 ], [ -97.421124828532243, 20.552986342086065 ], [ -97.421124828532243, 20.548835478045827 ], [ -97.425697302240522, 20.548835478045792 ], [ -97.425697302240522, 20.552986342086086 ] ] ] } },
{ "type": "Feature", "properties": { "difference_1990_2000": 0.0, "difference_1990_2010": 0.0, "difference_1990_2020": 1846.0 }, "geometry": { "type": "Polygon", "coordinates": [ [ [ -97.416552354823963, 20.540534084135299 ], [ -97.411979881115684, 20.540534084135299 ], [ -97.411979881115684, 20.536383554203784 ], [ -97.416552354823963, 20.536383554203784 ], [ -97.416552354823963, 20.540534084135299 ] ] ] } },
{ "type": "Feature", "properties": { "difference_1990_2000": 0.0, "difference_1990_2010": 0.0, "difference_1990_2020": 833.0 }, "geometry": { "type": "Polygon", "coordinates": [ [ [ -97.416552354823963, 20.523932632137246 ], [ -97.411979881115684, 20.523932632137246 ], [ -97.411979881115684, 20.519782547255772 ], [ -97.416552354823963, 20.519782547255772 ], [ -97.416552354823963, 20.523932632137246 ] ] ] } },
{ "type": "Feature", "properties": { "difference_1990_2000": 0.0, "difference_1990_2010": 0.0, "difference_1990_2020": 25.0 }, "geometry": { "type": "Polygon", "coordinates": [ [ [ -97.416552354823963, 20.503183319285391 ], [ -97.411979881115684, 20.503183319285444 ], [ -97.411979881115684, 20.4990337900289 ], [ -97.416552354823963, 20.4990337900289 ], [ -97.416552354823963, 20.503183319285391 ] ] ] } },
{ "type": "Feature", "properties": { "difference_1990_2000": 0.0, "difference_1990_2010": 0.0, "difference_1990_2020": 383.0 }, "geometry": { "type": "Polygon", "coordinates": [ [ [ -97.416552354823963, 20.507332959605737 ], [ -97.411979881115684, 20.507332959605794 ], [ -97.411979881115684, 20.503183319285444 ], [ -97.416552354823963, 20.503183319285391 ], [ -97.416552354823963, 20.507332959605737 ] ] ] } },
{ "type": "Feature", "properties": { "difference_1990_2000": 0.0, "difference_1990_2010": 0.0, "difference_1990_2020": 658.0 }, "geometry": { "type": "Polygon", "coordinates": [ [ [ -97.416552354823963, 20.511482711020626 ], [ -97.411979881115684, 20.511482711020626 ], [ -97.411979881115684, 20.507332959605794 ], [ -97.416552354823963, 20.507332959605737 ], [ -97.416552354823963, 20.511482711020626 ] ] ] } },
{ "type": "Feature", "properties": { "difference_1990_2000": 0.0, "difference_1990_2010": 0.0, "difference_1990_2020": 55.0 }, "geometry": { "type": "Polygon", "coordinates": [ [ [ -97.416552354823963, 20.528082828235345 ], [ -97.411979881115684, 20.52808282823538 ], [ -97.411979881115684, 20.523932632137246 ], [ -97.416552354823963, 20.523932632137246 ], [ -97.416552354823963, 20.528082828235345 ] ] ] } },
{ "type": "Feature", "properties": { "difference_1990_2000": 0.0, "difference_1990_2010": 0.0, "difference_1990_2020": 3.0 }, "geometry": { "type": "Polygon", "coordinates": [ [ [ -97.416552354823963, 20.532233135580647 ], [ -97.411979881115684, 20.532233135580647 ], [ -97.411979881115684, 20.52808282823538 ], [ -97.416552354823963, 20.528082828235345 ], [ -97.416552354823963, 20.532233135580647 ] ] ] } },
{ "type": "Feature", "properties": { "difference_1990_2000": 0.0, "difference_1990_2010": 0.0, "difference_1990_2020": 547.0 }, "geometry": { "type": "Polygon", "coordinates": [ [ [ -97.416552354823963, 20.54468472540578 ], [ -97.411979881115684, 20.54468472540578 ], [ -97.411979881115684, 20.540534084135299 ], [ -97.416552354823963, 20.540534084135299 ], [ -97.416552354823963, 20.54468472540578 ] ] ] } },
{ "type": "Feature", "properties": { "difference_1990_2000": 0.0, "difference_1990_2010": 0.0, "difference_1990_2020": 447.0 }, "geometry": { "type": "Polygon", "coordinates": [ [ [ -97.416552354823963, 20.519782547255772 ], [ -97.411979881115684, 20.519782547255772 ], [ -97.411979881115684, 20.515632573560438 ], [ -97.416552354823963, 20.515632573560438 ], [ -97.416552354823963, 20.519782547255772 ] ] ] } },
{ "type": "Feature", "properties": { "difference_1990_2000": 0.0, "difference_1990_2010": 0.0, "difference_1990_2020": 437.0 }, "geometry": { "type": "Polygon", "coordinates": [ [ [ -97.416552354823963, 20.515632573560438 ], [ -97.411979881115684, 20.515632573560438 ], [ -97.411979881115684, 20.511482711020626 ], [ -97.416552354823963, 20.511482711020626 ], [ -97.416552354823963, 20.515632573560438 ] ] ] } },
{ "type": "Feature", "properties": { "difference_1990_2000": 0.0, "difference_1990_2010": 0.0, "difference_1990_2020": 515.0 }, "geometry": { "type": "Polygon", "coordinates": [ [ [ -97.416552354823963, 20.536383554203784 ], [ -97.411979881115684, 20.536383554203784 ], [ -97.411979881115684, 20.532233135580647 ], [ -97.416552354823963, 20.532233135580647 ], [ -97.416552354823963, 20.536383554203784 ] ] ] } },
{ "type": "Feature", "properties": { "difference_1990_2000": 0.0, "difference_1990_2010": 0.0, "difference_1990_2020": 29.0 }, "geometry": { "type": "Polygon", "coordinates": [ [ [ -97.407407407407419, 20.523932632137246 ], [ -97.402834933699154, 20.523932632137246 ], [ -97.402834933699154, 20.519782547255772 ], [ -97.407407407407419, 20.519782547255772 ], [ -97.407407407407419, 20.523932632137246 ] ] ] } },
{ "type": "Feature", "properties": { "difference_1990_2000": 0.0, "difference_1990_2010": 0.0, "difference_1990_2020": 189.0 }, "geometry": { "type": "Polygon", "coordinates": [ [ [ -97.407407407407419, 20.511482711020612 ], [ -97.402834933699154, 20.511482711020626 ], [ -97.402834933699154, 20.507332959605776 ], [ -97.407407407407419, 20.507332959605776 ], [ -97.407407407407419, 20.511482711020612 ] ] ] } },
{ "type": "Feature", "properties": { "difference_1990_2000": 0.0, "difference_1990_2010": 0.0, "difference_1990_2020": 492.0 }, "geometry": { "type": "Polygon", "coordinates": [ [ [ -97.407407407407419, 20.507332959605776 ], [ -97.402834933699154, 20.507332959605776 ], [ -97.402834933699154, 20.503183319285391 ], [ -97.407407407407419, 20.503183319285412 ], [ -97.407407407407419, 20.507332959605776 ] ] ] } },
{ "type": "Feature", "properties": { "difference_1990_2000": 19.0, "difference_1990_2010": 0.0, "difference_1990_2020": 26.0 }, "geometry": { "type": "Polygon", "coordinates": [ [ [ -97.549154092363977, 20.719112603955342 ], [ -97.544581618655698, 20.719112603955342 ], [ -97.544581618655698, 20.714957258739517 ], [ -97.549154092363977, 20.714957258739481 ], [ -97.549154092363977, 20.719112603955342 ] ] ] } },
{ "type": "Feature", "properties": { "difference_1990_2000": 0.0, "difference_1990_2010": 0.0, "difference_1990_2020": 25.0 }, "geometry": { "type": "Polygon", "coordinates": [ [ [ -97.549154092363977, 20.72742363239945 ], [ -97.544581618655698, 20.72742363239945 ], [ -97.544581618655698, 20.723268061831735 ], [ -97.549154092363977, 20.723268061831714 ], [ -97.549154092363977, 20.72742363239945 ] ] ] } },
{ "type": "Feature", "properties": { "difference_1990_2000": 0.0, "difference_1990_2010": 0.0, "difference_1990_2020": 11.0 }, "geometry": { "type": "Polygon", "coordinates": [ [ [ -97.549154092363977, 20.731579315689437 ], [ -97.544581618655698, 20.731579315689473 ], [ -97.544581618655698, 20.72742363239945 ], [ -97.549154092363977, 20.72742363239945 ], [ -97.549154092363977, 20.731579315689437 ] ] ] } },
{ "type": "Feature", "properties": { "difference_1990_2000": 61.0, "difference_1990_2010": 0.0, "difference_1990_2020": 126.0 }, "geometry": { "type": "Polygon", "coordinates": [ [ [ -97.549154092363977, 20.723268061831714 ], [ -97.544581618655698, 20.723268061831735 ], [ -97.544581618655698, 20.719112603955377 ], [ -97.549154092363977, 20.719112603955342 ], [ -97.549154092363977, 20.723268061831714 ] ] ] } },
{ "type": "Feature", "properties": { "difference_1990_2000": -248.0, "difference_1990_2010": 0.0, "difference_1990_2020": 117.0 }, "geometry": { "type": "Polygon", "coordinates": [ [ [ -97.540009144947433, 20.723268061831735 ], [ -97.535436671239154, 20.723268061831767 ], [ -97.535436671239154, 20.719112603955377 ], [ -97.540009144947433, 20.719112603955342 ], [ -97.540009144947433, 20.723268061831735 ] ] ] } },
{ "type": "Feature", "properties": { "difference_1990_2000": 28.0, "difference_1990_2010": 0.0, "difference_1990_2020": 55.0 }, "geometry": { "type": "Polygon", "coordinates": [ [ [ -97.540009144947433, 20.706646906165695 ], [ -97.535436671239154, 20.706646906165709 ], [ -97.535436671239154, 20.702491898746068 ], [ -97.540009144947433, 20.702491898746068 ], [ -97.540009144947433, 20.706646906165695 ] ] ] } },
{ "type": "Feature", "properties": { "difference_1990_2000": 167.0, "difference_1990_2010": 0.0, "difference_1990_2020": 116.0 }, "geometry": { "type": "Polygon", "coordinates": [ [ [ -97.540009144947433, 20.719112603955342 ], [ -97.535436671239154, 20.719112603955342 ], [ -97.535436671239154, 20.714957258739481 ], [ -97.540009144947433, 20.714957258739464 ], [ -97.540009144947433, 20.719112603955342 ] ] ] } },
{ "type": "Feature", "properties": { "difference_1990_2000": -18.0, "difference_1990_2010": 0.0, "difference_1990_2020": -19.0 }, "geometry": { "type": "Polygon", "coordinates": [ [ [ -97.540009144947433, 20.710802026153207 ], [ -97.535436671239154, 20.710802026153207 ], [ -97.535436671239154, 20.706646906165709 ], [ -97.540009144947433, 20.706646906165695 ], [ -97.540009144947433, 20.710802026153207 ] ] ] } },
{ "type": "Feature", "properties": { "difference_1990_2000": -229.0, "difference_1990_2010": 0.0, "difference_1990_2020": 34.0 }, "geometry": { "type": "Polygon", "coordinates": [ [ [ -97.540009144947433, 20.72742363239945 ], [ -97.535436671239154, 20.72742363239945 ], [ -97.535436671239154, 20.723268061831767 ], [ -97.540009144947433, 20.723268061831735 ], [ -97.540009144947433, 20.72742363239945 ] ] ] } },
{ "type": "Feature", "properties": { "difference_1990_2000": -37.0, "difference_1990_2010": 0.0, "difference_1990_2020": -40.0 }, "geometry": { "type": "Polygon", "coordinates": [ [ [ -97.540009144947433, 20.714957258739464 ], [ -97.535436671239154, 20.714957258739481 ], [ -97.535436671239154, 20.710802026153207 ], [ -97.540009144947433, 20.710802026153207 ], [ -97.540009144947433, 20.714957258739464 ] ] ] } },
{ "type": "Feature", "properties": { "difference_1990_2000": -17.0, "difference_1990_2010": 0.0, "difference_1990_2020": 1.0 }, "geometry": { "type": "Polygon", "coordinates": [ [ [ -97.540009144947433, 20.731579315689473 ], [ -97.535436671239154, 20.731579315689473 ], [ -97.535436671239154, 20.72742363239945 ], [ -97.540009144947433, 20.72742363239945 ], [ -97.540009144947433, 20.731579315689473 ] ] ] } },
{ "type": "Feature", "properties": { "difference_1990_2000": 127.0, "difference_1990_2010": 0.0, "difference_1990_2020": 540.0 }, "geometry": { "type": "Polygon", "coordinates": [ [ [ -97.530864197530875, 20.723268061831735 ], [ -97.526291723822581, 20.723268061831735 ], [ -97.526291723822581, 20.719112603955395 ], [ -97.530864197530875, 20.719112603955342 ], [ -97.530864197530875, 20.723268061831735 ] ] ] } },
{ "type": "Feature", "properties": { "difference_1990_2000": 20.0, "difference_1990_2010": 0.0, "difference_1990_2020": 62.0 }, "geometry": { "type": "Polygon", "coordinates": [ [ [ -97.530864197530875, 20.494884371805767 ], [ -97.526291723822581, 20.494884371805767 ], [ -97.526291723822581, 20.490735064585461 ], [ -97.530864197530875, 20.490735064585461 ], [ -97.530864197530875, 20.494884371805767 ] ] ] } },
{ "type": "Feature", "properties": { "difference_1990_2000": 71.0, "difference_1990_2010": 0.0, "difference_1990_2020": 290.0 }, "geometry": { "type": "Polygon", "coordinates": [ [ [ -97.530864197530875, 20.719112603955342 ], [ -97.526291723822581, 20.719112603955342 ], [ -97.526291723822581, 20.714957258739517 ], [ -97.530864197530875, 20.714957258739481 ], [ -97.530864197530875, 20.719112603955342 ] ] ] } },
{ "type": "Feature", "properties": { "difference_1990_2000": -6.0, "difference_1990_2010": 0.0, "difference_1990_2020": -5.0 }, "geometry": { "type": "Polygon", "coordinates": [ [ [ -97.530864197530875, 20.710802026153225 ], [ -97.526291723822581, 20.710802026153225 ], [ -97.526291723822581, 20.706646906165695 ], [ -97.530864197530875, 20.706646906165695 ], [ -97.530864197530875, 20.710802026153225 ] ] ] } },
{ "type": "Feature", "properties": { "difference_1990_2000": 171.0, "difference_1990_2010": 0.0, "difference_1990_2020": 599.0 }, "geometry": { "type": "Polygon", "coordinates": [ [ [ -97.530864197530875, 20.72742363239945 ], [ -97.526291723822581, 20.72742363239945 ], [ -97.526291723822581, 20.723268061831735 ], [ -97.530864197530875, 20.723268061831735 ], [ -97.530864197530875, 20.72742363239945 ] ] ] } },
{ "type": "Feature", "properties": { "difference_1990_2000": 25.0, "difference_1990_2010": 0.0, "difference_1990_2020": 187.0 }, "geometry": { "type": "Polygon", "coordinates": [ [ [ -97.530864197530875, 20.503183319285444 ], [ -97.526291723822581, 20.503183319285444 ], [ -97.526291723822581, 20.4990337900289 ], [ -97.530864197530875, 20.4990337900289 ], [ -97.530864197530875, 20.503183319285444 ] ] ] } },
{ "type": "Feature", "properties": { "difference_1990_2000": 0.0, "difference_1990_2010": 0.0, "difference_1990_2020": 62.0 }, "geometry": { "type": "Polygon", "coordinates": [ [ [ -97.530864197530875, 20.507332959605776 ], [ -97.526291723822581, 20.507332959605776 ], [ -97.526291723822581, 20.503183319285444 ], [ -97.530864197530875, 20.503183319285444 ], [ -97.530864197530875, 20.507332959605776 ] ] ] } },
{ "type": "Feature", "properties": { "difference_1990_2000": 60.0, "difference_1990_2010": 0.0, "difference_1990_2020": 183.0 }, "geometry": { "type": "Polygon", "coordinates": [ [ [ -97.530864197530875, 20.4990337900289 ], [ -97.526291723822581, 20.4990337900289 ], [ -97.526291723822581, 20.494884371805767 ], [ -97.530864197530875, 20.494884371805767 ], [ -97.530864197530875, 20.4990337900289 ] ] ] } },
{ "type": "Feature", "properties": { "difference_1990_2000": 22.0, "difference_1990_2010": 0.0, "difference_1990_2020": 247.0 }, "geometry": { "type": "Polygon", "coordinates": [ [ [ -97.530864197530875, 20.714957258739481 ], [ -97.526291723822581, 20.714957258739517 ], [ -97.526291723822581, 20.710802026153225 ], [ -97.530864197530875, 20.710802026153225 ], [ -97.530864197530875, 20.714957258739481 ] ] ] } },
{ "type": "Feature", "properties": { "difference_1990_2000": 130.0, "difference_1990_2010": 0.0, "difference_1990_2020": 423.0 }, "geometry": { "type": "Polygon", "coordinates": [ [ [ -97.530864197530875, 20.731579315689473 ], [ -97.526291723822581, 20.731579315689473 ], [ -97.526291723822581, 20.72742363239945 ], [ -97.530864197530875, 20.72742363239945 ], [ -97.530864197530875, 20.731579315689473 ] ] ] } },
{ "type": "Feature", "properties": { "difference_1990_2000": 7.0, "difference_1990_2010": 0.0, "difference_1990_2020": 20.0 }, "geometry": { "type": "Polygon", "coordinates": [ [ [ -97.521719250114344, 20.49488437180575 ], [ -97.517146776406065, 20.494884371805767 ], [ -97.517146776406065, 20.490735064585461 ], [ -97.521719250114344, 20.490735064585461 ], [ -97.521719250114344, 20.49488437180575 ] ] ] } },
{ "type": "Feature", "properties": { "difference_1990_2000": 10.0, "difference_1990_2010": 0.0, "difference_1990_2020": 70.0 }, "geometry": { "type": "Polygon", "coordinates": [ [ [ -97.521719250114344, 20.503183319285391 ], [ -97.517146776406065, 20.503183319285412 ], [ -97.517146776406065, 20.499033790028879 ], [ -97.521719250114344, 20.4990337900289 ], [ -97.521719250114344, 20.503183319285391 ] ] ] } },
{ "type": "Feature", "properties": { "difference_1990_2000": 30.0, "difference_1990_2010": 0.0, "difference_1990_2020": 154.0 }, "geometry": { "type": "Polygon", "coordinates": [ [ [ -97.521719250114344, 20.4990337900289 ], [ -97.517146776406065, 20.499033790028879 ], [ -97.517146776406065, 20.494884371805767 ], [ -97.521719250114344, 20.49488437180575 ], [ -97.521719250114344, 20.4990337900289 ] ] ] } },
{ "type": "Feature", "properties": { "difference_1990_2000": 109.0, "difference_1990_2010": 0.0, "difference_1990_2020": 121.0 }, "geometry": { "type": "Polygon", "coordinates": [ [ [ -97.494284407864654, 20.573742334361274 ], [ -97.489711934156404, 20.573742334361274 ], [ -97.489711934156404, 20.569590912860921 ], [ -97.494284407864654, 20.569590912860882 ], [ -97.494284407864654, 20.573742334361274 ] ] ] } },
{ "type": "Feature", "properties": { "difference_1990_2000": 359.0, "difference_1990_2010": 0.0, "difference_1990_2020": 398.0 }, "geometry": { "type": "Polygon", "coordinates": [ [ [ -97.494284407864654, 20.582045512144372 ], [ -97.489711934156404, 20.582045512144372 ], [ -97.489711934156404, 20.577893867445528 ], [ -97.494284407864654, 20.577893867445528 ], [ -97.494284407864654, 20.582045512144372 ] ] ] } },
{ "type": "Feature", "properties": { "difference_1990_2000": 53.0, "difference_1990_2010": 0.0, "difference_1990_2020": 59.0 }, "geometry": { "type": "Polygon", "coordinates": [ [ [ -97.494284407864654, 20.586197268488448 ], [ -97.489711934156404, 20.586197268488448 ], [ -97.489711934156404, 20.582045512144372 ], [ -97.494284407864654, 20.582045512144372 ], [ -97.494284407864654, 20.586197268488448 ] ] ] } },
{ "type": "Feature", "properties": { "difference_1990_2000": 170.0, "difference_1990_2010": 0.0, "difference_1990_2020": 188.0 }, "geometry": { "type": "Polygon", "coordinates": [ [ [ -97.494284407864654, 20.577893867445528 ], [ -97.489711934156404, 20.577893867445528 ], [ -97.489711934156404, 20.573742334361274 ], [ -97.494284407864654, 20.573742334361274 ], [ -97.494284407864654, 20.577893867445528 ] ] ] } },
{ "type": "Feature", "properties": { "difference_1990_2000": 12.0, "difference_1990_2010": 0.0, "difference_1990_2020": 41.0 }, "geometry": { "type": "Polygon", "coordinates": [ [ [ -97.485139460448124, 20.540534084135299 ], [ -97.480566986739845, 20.540534084135299 ], [ -97.480566986739845, 20.536383554203784 ], [ -97.485139460448124, 20.536383554203763 ], [ -97.485139460448124, 20.540534084135299 ] ] ] } },
{ "type": "Feature", "properties": { "difference_1990_2000": -16.0, "difference_1990_2010": 0.0, "difference_1990_2020": 3.0 }, "geometry": { "type": "Polygon", "coordinates": [ [ [ -97.485139460448124, 20.523932632137203 ], [ -97.480566986739845, 20.523932632137246 ], [ -97.480566986739845, 20.519782547255772 ], [ -97.485139460448124, 20.519782547255772 ], [ -97.485139460448124, 20.523932632137203 ] ] ] } },
{ "type": "Feature", "properties": { "difference_1990_2000": 5.0, "difference_1990_2010": 0.0, "difference_1990_2020": 6.0 }, "geometry": { "type": "Polygon", "coordinates": [ [ [ -97.485139460448124, 20.569590912860971 ], [ -97.480566986739845, 20.569590912860935 ], [ -97.480566986739845, 20.565439602913852 ], [ -97.485139460448124, 20.565439602913813 ], [ -97.485139460448124, 20.569590912860971 ] ] ] } },
{ "type": "Feature", "properties": { "difference_1990_2000": 81.0, "difference_1990_2010": 0.0, "difference_1990_2020": 251.0 }, "geometry": { "type": "Polygon", "coordinates": [ [ [ -97.485139460448124, 20.548835478045792 ], [ -97.480566986739845, 20.548835478045792 ], [ -97.480566986739845, 20.544684725405794 ], [ -97.485139460448124, 20.544684725405748 ], [ -97.485139460448124, 20.548835478045792 ] ] ] } },
{ "type": "Feature", "properties": { "difference_1990_2000": 282.0, "difference_1990_2010": 0.0, "difference_1990_2020": 312.0 }, "geometry": { "type": "Polygon", "coordinates": [ [ [ -97.485139460448124, 20.573742334361256 ], [ -97.480566986739845, 20.573742334361274 ], [ -97.480566986739845, 20.569590912860935 ], [ -97.485139460448124, 20.569590912860971 ], [ -97.485139460448124, 20.573742334361256 ] ] ] } },
{ "type": "Feature", "properties": { "difference_1990_2000": -123.0, "difference_1990_2010": 0.0, "difference_1990_2020": -125.0 }, "geometry": { "type": "Polygon", "coordinates": [ [ [ -97.485139460448124, 20.511482711020626 ], [ -97.480566986739845, 20.511482711020626 ], [ -97.480566986739845, 20.507332959605776 ], [ -97.485139460448124, 20.507332959605794 ], [ -97.485139460448124, 20.511482711020626 ] ] ] } },
{ "type": "Feature", "properties": { "difference_1990_2000": 15.0, "difference_1990_2010": 0.0, "difference_1990_2020": 17.0 }, "geometry": { "type": "Polygon", "coordinates": [ [ [ -97.485139460448124, 20.582045512144372 ], [ -97.480566986739845, 20.582045512144372 ], [ -97.480566986739845, 20.577893867445528 ], [ -97.485139460448124, 20.577893867445528 ], [ -97.485139460448124, 20.582045512144372 ] ] ] } },
{ "type": "Feature", "properties": { "difference_1990_2000": -3.0, "difference_1990_2010": 0.0, "difference_1990_2020": -3.0 }, "geometry": { "type": "Polygon", "coordinates": [ [ [ -97.485139460448124, 20.507332959605794 ], [ -97.480566986739845, 20.507332959605776 ], [ -97.480566986739845, 20.503183319285412 ], [ -97.485139460448124, 20.503183319285412 ], [ -97.485139460448124, 20.507332959605794 ] ] ] } },
{ "type": "Feature", "properties": { "difference_1990_2000": 98.0, "difference_1990_2010": 0.0, "difference_1990_2020": 140.0 }, "geometry": { "type": "Polygon", "coordinates": [ [ [ -97.485139460448124, 20.544684725405748 ], [ -97.480566986739845, 20.544684725405794 ], [ -97.480566986739845, 20.540534084135299 ], [ -97.485139460448124, 20.540534084135299 ], [ -97.485139460448124, 20.544684725405748 ] ] ] } },
{ "type": "Feature", "properties": { "difference_1990_2000": 7.0, "difference_1990_2010": 0.0, "difference_1990_2020": 20.0 }, "geometry": { "type": "Polygon", "coordinates": [ [ [ -97.485139460448124, 20.532233135580647 ], [ -97.480566986739845, 20.532233135580647 ], [ -97.480566986739845, 20.528082828235345 ], [ -97.485139460448124, 20.528082828235345 ], [ -97.485139460448124, 20.532233135580647 ] ] ] } },
{ "type": "Feature", "properties": { "difference_1990_2000": -135.0, "difference_1990_2010": 0.0, "difference_1990_2020": -137.0 }, "geometry": { "type": "Polygon", "coordinates": [ [ [ -97.485139460448124, 20.515632573560389 ], [ -97.480566986739845, 20.515632573560424 ], [ -97.480566986739845, 20.511482711020626 ], [ -97.485139460448124, 20.511482711020626 ], [ -97.485139460448124, 20.515632573560389 ] ] ] } },
{ "type": "Feature", "properties": { "difference_1990_2000": -84.0, "difference_1990_2010": 0.0, "difference_1990_2020": -85.0 }, "geometry": { "type": "Polygon", "coordinates": [ [ [ -97.485139460448124, 20.519782547255772 ], [ -97.480566986739845, 20.519782547255772 ], [ -97.480566986739845, 20.515632573560424 ], [ -97.485139460448124, 20.515632573560389 ], [ -97.485139460448124, 20.519782547255772 ] ] ] } },
{ "type": "Feature", "properties": { "difference_1990_2000": 43.0, "difference_1990_2010": 0.0, "difference_1990_2020": 116.0 }, "geometry": { "type": "Polygon", "coordinates": [ [ [ -97.485139460448124, 20.565439602913813 ], [ -97.480566986739845, 20.565439602913852 ], [ -97.480566986739845, 20.561288404489424 ], [ -97.485139460448124, 20.561288404489424 ], [ -97.485139460448124, 20.565439602913813 ] ] ] } },
{ "type": "Feature", "properties": { "difference_1990_2000": 310.0, "difference_1990_2010": 0.0, "difference_1990_2020": 343.0 }, "geometry": { "type": "Polygon", "coordinates": [ [ [ -97.485139460448124, 20.577893867445528 ], [ -97.480566986739845, 20.577893867445528 ], [ -97.480566986739845, 20.573742334361274 ], [ -97.485139460448124, 20.573742334361256 ], [ -97.485139460448124, 20.577893867445528 ] ] ] } },
{ "type": "Feature", "properties": { "difference_1990_2000": -110.0, "difference_1990_2010": 0.0, "difference_1990_2020": -87.0 }, "geometry": { "type": "Polygon", "coordinates": [ [ [ -97.485139460448124, 20.536383554203763 ], [ -97.480566986739845, 20.536383554203784 ], [ -97.480566986739845, 20.532233135580647 ], [ -97.485139460448124, 20.532233135580647 ], [ -97.485139460448124, 20.536383554203763 ] ] ] } },
{ "type": "Feature", "properties": { "difference_1990_2000": 47.0, "difference_1990_2010": 0.0, "difference_1990_2020": 87.0 }, "geometry": { "type": "Polygon", "coordinates": [ [ [ -97.485139460448124, 20.557137317557054 ], [ -97.480566986739845, 20.557137317557054 ], [ -97.480566986739845, 20.552986342086065 ], [ -97.485139460448124, 20.552986342086065 ], [ -97.485139460448124, 20.557137317557054 ] ] ] } },
{ "type": "Feature", "properties": { "difference_1990_2000": 75.0, "difference_1990_2010": 0.0, "difference_1990_2020": 287.0 }, "geometry": { "type": "Polygon", "coordinates": [ [ [ -97.485139460448124, 20.552986342086065 ], [ -97.480566986739845, 20.552986342086065 ], [ -97.480566986739845, 20.548835478045792 ], [ -97.485139460448124, 20.548835478045792 ], [ -97.485139460448124, 20.552986342086065 ] ] ] } },
{ "type": "Feature", "properties": { "difference_1990_2000": 141.0, "difference_1990_2010": 0.0, "difference_1990_2020": 372.0 }, "geometry": { "type": "Polygon", "coordinates": [ [ [ -97.485139460448124, 20.561288404489424 ], [ -97.480566986739845, 20.561288404489424 ], [ -97.480566986739845, 20.557137317557054 ], [ -97.485139460448124, 20.557137317557054 ], [ -97.485139460448124, 20.561288404489424 ] ] ] } },
{ "type": "Feature", "properties": { "difference_1990_2000": 153.0, "difference_1990_2010": 0.0, "difference_1990_2020": 59.0 }, "geometry": { "type": "Polygon", "coordinates": [ [ [ -97.475994513031566, 20.540534084135299 ], [ -97.471422039323286, 20.540534084135299 ], [ -97.471422039323286, 20.536383554203784 ], [ -97.475994513031566, 20.536383554203784 ], [ -97.475994513031566, 20.540534084135299 ] ] ] } },
{ "type": "Feature", "properties": { "difference_1990_2000": -1640.0, "difference_1990_2010": -1730.0, "difference_1990_2020": -1747.0 }, "geometry": { "type": "Polygon", "coordinates": [ [ [ -97.475994513031566, 20.494884371805799 ], [ -97.471422039323286, 20.494884371805767 ], [ -97.471422039323286, 20.490735064585461 ], [ -97.475994513031566, 20.490735064585461 ], [ -97.475994513031566, 20.494884371805799 ] ] ] } },
{ "type": "Feature", "properties": { "difference_1990_2000": 504.0, "difference_1990_2010": 549.0, "difference_1990_2020": 435.0 }, "geometry": { "type": "Polygon", "coordinates": [ [ [ -97.475994513031566, 20.490735064585461 ], [ -97.471422039323286, 20.490735064585461 ], [ -97.471422039323286, 20.486585868337528 ], [ -97.475994513031566, 20.486585868337546 ], [ -97.475994513031566, 20.490735064585461 ] ] ] } },
{ "type": "Feature", "properties": { "difference_1990_2000": 7.0, "difference_1990_2010": 0.0, "difference_1990_2020": 19.0 }, "geometry": { "type": "Polygon", "coordinates": [ [ [ -97.475994513031566, 20.569590912860971 ], [ -97.471422039323286, 20.569590912860935 ], [ -97.471422039323286, 20.565439602913852 ], [ -97.475994513031566, 20.565439602913852 ], [ -97.475994513031566, 20.569590912860971 ] ] ] } },
{ "type": "Feature", "properties": { "difference_1990_2000": -135.0, "difference_1990_2010": 0.0, "difference_1990_2020": -137.0 }, "geometry": { "type": "Polygon", "coordinates": [ [ [ -97.475994513031566, 20.523932632137246 ], [ -97.471422039323286, 20.523932632137264 ], [ -97.471422039323286, 20.519782547255772 ], [ -97.475994513031566, 20.519782547255772 ], [ -97.475994513031566, 20.523932632137246 ] ] ] } },
{ "type": "Feature", "properties": { "difference_1990_2000": -7.0, "difference_1990_2010": 0.0, "difference_1990_2020": -7.0 }, "geometry": { "type": "Polygon", "coordinates": [ [ [ -97.475994513031566, 20.503183319285444 ], [ -97.471422039323286, 20.503183319285412 ], [ -97.471422039323286, 20.4990337900289 ], [ -97.475994513031566, 20.4990337900289 ], [ -97.475994513031566, 20.503183319285444 ] ] ] } },
{ "type": "Feature", "properties": { "difference_1990_2000": -2606.0, "difference_1990_2010": 0.0, "difference_1990_2020": -2547.0 }, "geometry": { "type": "Polygon", "coordinates": [ [ [ -97.475994513031566, 20.548835478045792 ], [ -97.471422039323286, 20.548835478045827 ], [ -97.471422039323286, 20.54468472540578 ], [ -97.475994513031566, 20.54468472540578 ], [ -97.475994513031566, 20.548835478045792 ] ] ] } },
{ "type": "Feature", "properties": { "difference_1990_2000": -109.0, "difference_1990_2010": 0.0, "difference_1990_2020": -111.0 }, "geometry": { "type": "Polygon", "coordinates": [ [ [ -97.475994513031566, 20.507332959605776 ], [ -97.471422039323286, 20.507332959605776 ], [ -97.471422039323286, 20.503183319285412 ], [ -97.475994513031566, 20.503183319285444 ], [ -97.475994513031566, 20.507332959605776 ] ] ] } },
{ "type": "Feature", "properties": { "difference_1990_2000": -111.0, "difference_1990_2010": 0.0, "difference_1990_2020": -132.0 }, "geometry": { "type": "Polygon", "coordinates": [ [ [ -97.475994513031566, 20.511482711020626 ], [ -97.471422039323286, 20.511482711020626 ], [ -97.471422039323286, 20.507332959605776 ], [ -97.475994513031566, 20.507332959605776 ], [ -97.475994513031566, 20.511482711020626 ] ] ] } },
{ "type": "Feature", "properties": { "difference_1990_2000": 30.0, "difference_1990_2010": 0.0, "difference_1990_2020": 199.0 }, "geometry": { "type": "Polygon", "coordinates": [ [ [ -97.475994513031566, 20.528082828235345 ], [ -97.471422039323286, 20.528082828235345 ], [ -97.471422039323286, 20.523932632137264 ], [ -97.475994513031566, 20.523932632137246 ], [ -97.475994513031566, 20.528082828235345 ] ] ] } },
{ "type": "Feature", "properties": { "difference_1990_2000": 85.0, "difference_1990_2010": 212.0, "difference_1990_2020": 136.0 }, "geometry": { "type": "Polygon", "coordinates": [ [ [ -97.475994513031566, 20.486585868337546 ], [ -97.471422039323286, 20.486585868337528 ], [ -97.471422039323286, 20.482436783031375 ], [ -97.475994513031566, 20.482436783031375 ], [ -97.475994513031566, 20.486585868337546 ] ] ] } },
{ "type": "Feature", "properties": { "difference_1990_2000": -482.0, "difference_1990_2010": 0.0, "difference_1990_2020": -538.0 }, "geometry": { "type": "Polygon", "coordinates": [ [ [ -97.475994513031566, 20.54468472540578 ], [ -97.471422039323286, 20.54468472540578 ], [ -97.471422039323286, 20.540534084135299 ], [ -97.475994513031566, 20.540534084135299 ], [ -97.475994513031566, 20.54468472540578 ] ] ] } },
{ "type": "Feature", "properties": { "difference_1990_2000": 56.0, "difference_1990_2010": 0.0, "difference_1990_2020": 147.0 }, "geometry": { "type": "Polygon", "coordinates": [ [ [ -97.475994513031566, 20.532233135580679 ], [ -97.471422039323286, 20.532233135580647 ], [ -97.471422039323286, 20.528082828235345 ], [ -97.475994513031566, 20.528082828235345 ], [ -97.475994513031566, 20.532233135580679 ] ] ] } },
{ "type": "Feature", "properties": { "difference_1990_2000": -93.0, "difference_1990_2010": 0.0, "difference_1990_2020": -102.0 }, "geometry": { "type": "Polygon", "coordinates": [ [ [ -97.475994513031566, 20.519782547255772 ], [ -97.471422039323286, 20.519782547255772 ], [ -97.471422039323286, 20.515632573560438 ], [ -97.475994513031566, 20.515632573560438 ], [ -97.475994513031566, 20.519782547255772 ] ] ] } },
{ "type": "Feature", "properties": { "difference_1990_2000": -40.0, "difference_1990_2010": 0.0, "difference_1990_2020": -72.0 }, "geometry": { "type": "Polygon", "coordinates": [ [ [ -97.475994513031566, 20.515632573560438 ], [ -97.471422039323286, 20.515632573560438 ], [ -97.471422039323286, 20.511482711020626 ], [ -97.475994513031566, 20.511482711020626 ], [ -97.475994513031566, 20.515632573560438 ] ] ] } },
{ "type": "Feature", "properties": { "difference_1990_2000": 80.0, "difference_1990_2010": 0.0, "difference_1990_2020": 216.0 }, "geometry": { "type": "Polygon", "coordinates": [ [ [ -97.475994513031566, 20.565439602913852 ], [ -97.471422039323286, 20.565439602913852 ], [ -97.471422039323286, 20.561288404489424 ], [ -97.475994513031566, 20.561288404489424 ], [ -97.475994513031566, 20.565439602913852 ] ] ] } },
{ "type": "Feature", "properties": { "difference_1990_2000": -467.0, "difference_1990_2010": -443.0, "difference_1990_2020": -458.0 }, "geometry": { "type": "Polygon", "coordinates": [ [ [ -97.475994513031566, 20.482436783031375 ], [ -97.471422039323286, 20.482436783031375 ], [ -97.471422039323286, 20.478287808636551 ], [ -97.475994513031566, 20.478287808636569 ], [ -97.475994513031566, 20.482436783031375 ] ] ] } },
{ "type": "Feature", "properties": { "difference_1990_2000": -63.0, "difference_1990_2010": 0.0, "difference_1990_2020": -171.0 }, "geometry": { "type": "Polygon", "coordinates": [ [ [ -97.475994513031566, 20.536383554203784 ], [ -97.471422039323286, 20.536383554203784 ], [ -97.471422039323286, 20.532233135580647 ], [ -97.475994513031566, 20.532233135580679 ], [ -97.475994513031566, 20.536383554203784 ] ] ] } },
{ "type": "Feature", "properties": { "difference_1990_2000": -115.0, "difference_1990_2010": -121.0, "difference_1990_2020": -121.0 }, "geometry": { "type": "Polygon", "coordinates": [ [ [ -97.475994513031566, 20.4990337900289 ], [ -97.471422039323286, 20.4990337900289 ], [ -97.471422039323286, 20.494884371805767 ], [ -97.475994513031566, 20.494884371805799 ], [ -97.475994513031566, 20.4990337900289 ] ] ] } },
{ "type": "Feature", "properties": { "difference_1990_2000": -152.0, "difference_1990_2010": 0.0, "difference_1990_2020": 55.0 }, "geometry": { "type": "Polygon", "coordinates": [ [ [ -97.475994513031566, 20.557137317557054 ], [ -97.471422039323286, 20.557137317557054 ], [ -97.471422039323286, 20.552986342086065 ], [ -97.475994513031566, 20.552986342086086 ], [ -97.475994513031566, 20.557137317557054 ] ] ] } },
{ "type": "Feature", "properties": { "difference_1990_2000": 330.0, "difference_1990_2010": 0.0, "difference_1990_2020": 735.0 }, "geometry": { "type": "Polygon", "coordinates": [ [ [ -97.475994513031566, 20.561288404489424 ], [ -97.471422039323286, 20.561288404489424 ], [ -97.471422039323286, 20.557137317557054 ], [ -97.475994513031566, 20.557137317557054 ], [ -97.475994513031566, 20.561288404489424 ] ] ] } },
{ "type": "Feature", "properties": { "difference_1990_2000": -1074.0, "difference_1990_2010": 0.0, "difference_1990_2020": -972.0 }, "geometry": { "type": "Polygon", "coordinates": [ [ [ -97.475994513031566, 20.552986342086086 ], [ -97.471422039323286, 20.552986342086065 ], [ -97.471422039323286, 20.548835478045827 ], [ -97.475994513031566, 20.548835478045792 ], [ -97.475994513031566, 20.552986342086086 ] ] ] } },
{ "type": "Feature", "properties": { "difference_1990_2000": -60.0, "difference_1990_2010": 0.0, "difference_1990_2020": -242.0 }, "geometry": { "type": "Polygon", "coordinates": [ [ [ -97.466849565614993, 20.540534084135299 ], [ -97.462277091906742, 20.540534084135299 ], [ -97.462277091906742, 20.536383554203784 ], [ -97.466849565614993, 20.536383554203784 ], [ -97.466849565614993, 20.540534084135299 ] ] ] } },
{ "type": "Feature", "properties": { "difference_1990_2000": 156.0, "difference_1990_2010": 134.0, "difference_1990_2020": 141.0 }, "geometry": { "type": "Polygon", "coordinates": [ [ [ -97.466849565614993, 20.494884371805767 ], [ -97.462277091906742, 20.49488437180575 ], [ -97.462277091906742, 20.490735064585461 ], [ -97.466849565614993, 20.490735064585461 ], [ -97.466849565614993, 20.494884371805767 ] ] ] } },
{ "type": "Feature", "properties": { "difference_1990_2000": 757.0, "difference_1990_2010": 775.0, "difference_1990_2020": 865.0 }, "geometry": { "type": "Polygon", "coordinates": [ [ [ -97.466849565614993, 20.490735064585461 ], [ -97.462277091906742, 20.490735064585461 ], [ -97.462277091906742, 20.486585868337528 ], [ -97.466849565614993, 20.486585868337546 ], [ -97.466849565614993, 20.490735064585461 ] ] ] } },
{ "type": "Feature", "properties": { "difference_1990_2000": -11.0, "difference_1990_2010": 0.0, "difference_1990_2020": -39.0 }, "geometry": { "type": "Polygon", "coordinates": [ [ [ -97.466849565614993, 20.523932632137203 ], [ -97.462277091906742, 20.523932632137246 ], [ -97.462277091906742, 20.519782547255772 ], [ -97.466849565614993, 20.519782547255758 ], [ -97.466849565614993, 20.523932632137203 ] ] ] } },
{ "type": "Feature", "properties": { "difference_1990_2000": 367.0, "difference_1990_2010": 110.0, "difference_1990_2020": 330.0 }, "geometry": { "type": "Polygon", "coordinates": [ [ [ -97.466849565614993, 20.503183319285412 ], [ -97.462277091906742, 20.503183319285412 ], [ -97.462277091906742, 20.499033790028932 ], [ -97.466849565614993, 20.4990337900289 ], [ -97.466849565614993, 20.503183319285412 ] ] ] } },
{ "type": "Feature", "properties": { "difference_1990_2000": -21.0, "difference_1990_2010": 0.0, "difference_1990_2020": 37.0 }, "geometry": { "type": "Polygon", "coordinates": [ [ [ -97.466849565614993, 20.548835478045827 ], [ -97.462277091906742, 20.548835478045827 ], [ -97.462277091906742, 20.54468472540578 ], [ -97.466849565614993, 20.54468472540578 ], [ -97.466849565614993, 20.548835478045827 ] ] ] } },
{ "type": "Feature", "properties": { "difference_1990_2000": 67.0, "difference_1990_2010": 0.0, "difference_1990_2020": 83.0 }, "geometry": { "type": "Polygon", "coordinates": [ [ [ -97.466849565614993, 20.511482711020626 ], [ -97.462277091906742, 20.511482711020626 ], [ -97.462277091906742, 20.507332959605776 ], [ -97.466849565614993, 20.507332959605794 ], [ -97.466849565614993, 20.511482711020626 ] ] ] } },
{ "type": "Feature", "properties": { "difference_1990_2000": 59.0, "difference_1990_2010": 0.0, "difference_1990_2020": 27.0 }, "geometry": { "type": "Polygon", "coordinates": [ [ [ -97.466849565614993, 20.507332959605794 ], [ -97.462277091906742, 20.507332959605776 ], [ -97.462277091906742, 20.503183319285412 ], [ -97.466849565614993, 20.503183319285412 ], [ -97.466849565614993, 20.507332959605794 ] ] ] } },
{ "type": "Feature", "properties": { "difference_1990_2000": -212.0, "difference_1990_2010": 0.0, "difference_1990_2020": -683.0 }, "geometry": { "type": "Polygon", "coordinates": [ [ [ -97.466849565614993, 20.528082828235345 ], [ -97.462277091906742, 20.528082828235345 ], [ -97.462277091906742, 20.523932632137246 ], [ -97.466849565614993, 20.523932632137203 ], [ -97.466849565614993, 20.528082828235345 ] ] ] } },
{ "type": "Feature", "properties": { "difference_1990_2000": -209.0, "difference_1990_2010": 0.0, "difference_1990_2020": -871.0 }, "geometry": { "type": "Polygon", "coordinates": [ [ [ -97.466849565614993, 20.532233135580647 ], [ -97.462277091906742, 20.532233135580647 ], [ -97.462277091906742, 20.528082828235345 ], [ -97.466849565614993, 20.528082828235345 ], [ -97.466849565614993, 20.532233135580647 ] ] ] } },
{ "type": "Feature", "properties": { "difference_1990_2000": 991.0, "difference_1990_2010": 1053.0, "difference_1990_2020": 1085.0 }, "geometry": { "type": "Polygon", "coordinates": [ [ [ -97.466849565614993, 20.486585868337546 ], [ -97.462277091906742, 20.486585868337528 ], [ -97.462277091906742, 20.482436783031375 ], [ -97.466849565614993, 20.482436783031375 ], [ -97.466849565614993, 20.486585868337546 ] ] ] } },
{ "type": "Feature", "properties": { "difference_1990_2000": 755.0, "difference_1990_2010": 0.0, "difference_1990_2020": 1217.0 }, "geometry": { "type": "Polygon", "coordinates": [ [ [ -97.466849565614993, 20.54468472540578 ], [ -97.462277091906742, 20.54468472540578 ], [ -97.462277091906742, 20.540534084135299 ], [ -97.466849565614993, 20.540534084135299 ], [ -97.466849565614993, 20.54468472540578 ] ] ] } },
{ "type": "Feature", "properties": { "difference_1990_2000": 283.0, "difference_1990_2010": 0.0, "difference_1990_2020": 199.0 }, "geometry": { "type": "Polygon", "coordinates": [ [ [ -97.466849565614993, 20.519782547255758 ], [ -97.462277091906742, 20.519782547255772 ], [ -97.462277091906742, 20.515632573560438 ], [ -97.466849565614993, 20.515632573560438 ], [ -97.466849565614993, 20.519782547255758 ] ] ] } },
{ "type": "Feature", "properties": { "difference_1990_2000": 301.0, "difference_1990_2010": 0.0, "difference_1990_2020": 211.0 }, "geometry": { "type": "Polygon", "coordinates": [ [ [ -97.466849565614993, 20.515632573560438 ], [ -97.462277091906742, 20.515632573560438 ], [ -97.462277091906742, 20.511482711020626 ], [ -97.466849565614993, 20.511482711020626 ], [ -97.466849565614993, 20.515632573560438 ] ] ] } },
{ "type": "Feature", "properties": { "difference_1990_2000": 510.0, "difference_1990_2010": 583.0, "difference_1990_2020": 563.0 }, "geometry": { "type": "Polygon", "coordinates": [ [ [ -97.466849565614993, 20.482436783031375 ], [ -97.462277091906742, 20.482436783031375 ], [ -97.462277091906742, 20.478287808636569 ], [ -97.466849565614993, 20.478287808636569 ], [ -97.466849565614993, 20.482436783031375 ] ] ] } },
{ "type": "Feature", "properties": { "difference_1990_2000": -224.0, "difference_1990_2010": 0.0, "difference_1990_2020": -658.0 }, "geometry": { "type": "Polygon", "coordinates": [ [ [ -97.466849565614993, 20.536383554203784 ], [ -97.462277091906742, 20.536383554203784 ], [ -97.462277091906742, 20.532233135580647 ], [ -97.466849565614993, 20.532233135580647 ], [ -97.466849565614993, 20.536383554203784 ] ] ] } },
{ "type": "Feature", "properties": { "difference_1990_2000": 311.0, "difference_1990_2010": 274.0, "difference_1990_2020": 288.0 }, "geometry": { "type": "Polygon", "coordinates": [ [ [ -97.466849565614993, 20.4990337900289 ], [ -97.462277091906742, 20.499033790028932 ], [ -97.462277091906742, 20.49488437180575 ], [ -97.466849565614993, 20.494884371805767 ], [ -97.466849565614993, 20.4990337900289 ] ] ] } },
{ "type": "Feature", "properties": { "difference_1990_2000": 7.0, "difference_1990_2010": 0.0, "difference_1990_2020": 99.0 }, "geometry": { "type": "Polygon", "coordinates": [ [ [ -97.466849565614993, 20.557137317557054 ], [ -97.462277091906742, 20.557137317557054 ], [ -97.462277091906742, 20.552986342086065 ], [ -97.466849565614993, 20.552986342086065 ], [ -97.466849565614993, 20.557137317557054 ] ] ] } },
{ "type": "Feature", "properties": { "difference_1990_2000": -34.0, "difference_1990_2010": 0.0, "difference_1990_2020": 398.0 }, "geometry": { "type": "Polygon", "coordinates": [ [ [ -97.466849565614993, 20.552986342086065 ], [ -97.462277091906742, 20.552986342086065 ], [ -97.462277091906742, 20.548835478045827 ], [ -97.466849565614993, 20.548835478045827 ], [ -97.466849565614993, 20.552986342086065 ] ] ] } },
{ "type": "Feature", "properties": { "difference_1990_2000": -216.0, "difference_1990_2010": 0.0, "difference_1990_2020": -672.0 }, "geometry": { "type": "Polygon", "coordinates": [ [ [ -97.457704618198434, 20.540534084135299 ], [ -97.453132144490155, 20.540534084135299 ], [ -97.453132144490155, 20.536383554203784 ], [ -97.457704618198434, 20.536383554203784 ], [ -97.457704618198434, 20.540534084135299 ] ] ] } },
{ "type": "Feature", "properties": { "difference_1990_2000": -19.0, "difference_1990_2010": -91.0, "difference_1990_2020": -60.0 }, "geometry": { "type": "Polygon", "coordinates": [ [ [ -97.457704618198434, 20.494884371805767 ], [ -97.453132144490155, 20.49488437180575 ], [ -97.453132144490155, 20.490735064585461 ], [ -97.457704618198434, 20.490735064585461 ], [ -97.457704618198434, 20.494884371805767 ] ] ] } },
{ "type": "Feature", "properties": { "difference_1990_2000": 425.0, "difference_1990_2010": 768.0, "difference_1990_2020": 754.0 }, "geometry": { "type": "Polygon", "coordinates": [ [ [ -97.457704618198434, 20.490735064585461 ], [ -97.453132144490155, 20.490735064585461 ], [ -97.453132144490155, 20.486585868337528 ], [ -97.457704618198434, 20.486585868337528 ], [ -97.457704618198434, 20.490735064585461 ] ] ] } },
{ "type": "Feature", "properties": { "difference_1990_2000": -246.0, "difference_1990_2010": 0.0, "difference_1990_2020": -354.0 }, "geometry": { "type": "Polygon", "coordinates": [ [ [ -97.457704618198434, 20.523932632137246 ], [ -97.453132144490155, 20.523932632137246 ], [ -97.453132144490155, 20.519782547255772 ], [ -97.457704618198434, 20.519782547255772 ], [ -97.457704618198434, 20.523932632137246 ] ] ] } },
{ "type": "Feature", "properties": { "difference_1990_2000": 8.0, "difference_1990_2010": 0.0, "difference_1990_2020": 4.0 }, "geometry": { "type": "Polygon", "coordinates": [ [ [ -97.457704618198434, 20.503183319285412 ], [ -97.453132144490155, 20.503183319285412 ], [ -97.453132144490155, 20.4990337900289 ], [ -97.457704618198434, 20.4990337900289 ], [ -97.457704618198434, 20.503183319285412 ] ] ] } },
{ "type": "Feature", "properties": { "difference_1990_2000": 340.0, "difference_1990_2010": 0.0, "difference_1990_2020": 160.0 }, "geometry": { "type": "Polygon", "coordinates": [ [ [ -97.457704618198434, 20.548835478045792 ], [ -97.453132144490155, 20.548835478045792 ], [ -97.453132144490155, 20.544684725405748 ], [ -97.457704618198434, 20.54468472540578 ], [ -97.457704618198434, 20.548835478045792 ] ] ] } },
{ "type": "Feature", "properties": { "difference_1990_2000": 163.0, "difference_1990_2010": 223.0, "difference_1990_2020": 216.0 }, "geometry": { "type": "Polygon", "coordinates": [ [ [ -97.457704618198434, 20.478287808636569 ], [ -97.453132144490155, 20.478287808636569 ], [ -97.453132144490155, 20.474138945122537 ], [ -97.457704618198434, 20.474138945122537 ], [ -97.457704618198434, 20.478287808636569 ] ] ] } },
{ "type": "Feature", "properties": { "difference_1990_2000": -7.0, "difference_1990_2010": 0.0, "difference_1990_2020": -58.0 }, "geometry": { "type": "Polygon", "coordinates": [ [ [ -97.457704618198434, 20.511482711020612 ], [ -97.453132144490155, 20.511482711020612 ], [ -97.453132144490155, 20.507332959605776 ], [ -97.457704618198434, 20.507332959605776 ], [ -97.457704618198434, 20.511482711020612 ] ] ] } },
{ "type": "Feature", "properties": { "difference_1990_2000": 9.0, "difference_1990_2010": 0.0, "difference_1990_2020": -21.0 }, "geometry": { "type": "Polygon", "coordinates": [ [ [ -97.457704618198434, 20.507332959605776 ], [ -97.453132144490155, 20.507332959605776 ], [ -97.453132144490155, 20.503183319285412 ], [ -97.457704618198434, 20.503183319285412 ], [ -97.457704618198434, 20.507332959605776 ] ] ] } },
{ "type": "Feature", "properties": { "difference_1990_2000": 508.0, "difference_1990_2010": 964.0, "difference_1990_2020": 809.0 }, "geometry": { "type": "Polygon", "coordinates": [ [ [ -97.457704618198434, 20.486585868337528 ], [ -97.453132144490155, 20.486585868337528 ], [ -97.453132144490155, 20.482436783031375 ], [ -97.457704618198434, 20.482436783031357 ], [ -97.457704618198434, 20.486585868337528 ] ] ] } },
{ "type": "Feature", "properties": { "difference_1990_2000": -34.0, "difference_1990_2010": 0.0, "difference_1990_2020": -409.0 }, "geometry": { "type": "Polygon", "coordinates": [ [ [ -97.457704618198434, 20.528082828235345 ], [ -97.453132144490155, 20.528082828235345 ], [ -97.453132144490155, 20.523932632137246 ], [ -97.457704618198434, 20.523932632137246 ], [ -97.457704618198434, 20.528082828235345 ] ] ] } },
{ "type": "Feature", "properties": { "difference_1990_2000": -166.0, "difference_1990_2010": 0.0, "difference_1990_2020": -481.0 }, "geometry": { "type": "Polygon", "coordinates": [ [ [ -97.457704618198434, 20.532233135580647 ], [ -97.453132144490155, 20.532233135580647 ], [ -97.453132144490155, 20.528082828235345 ], [ -97.457704618198434, 20.528082828235345 ], [ -97.457704618198434, 20.532233135580647 ] ] ] } },
{ "type": "Feature", "properties": { "difference_1990_2000": -112.0, "difference_1990_2010": 0.0, "difference_1990_2020": -556.0 }, "geometry": { "type": "Polygon", "coordinates": [ [ [ -97.457704618198434, 20.54468472540578 ], [ -97.453132144490155, 20.544684725405748 ], [ -97.453132144490155, 20.540534084135299 ], [ -97.457704618198434, 20.540534084135299 ], [ -97.457704618198434, 20.54468472540578 ] ] ] } },
{ "type": "Feature", "properties": { "difference_1990_2000": -7.0, "difference_1990_2010": 0.0, "difference_1990_2020": -58.0 }, "geometry": { "type": "Polygon", "coordinates": [ [ [ -97.457704618198434, 20.515632573560424 ], [ -97.453132144490155, 20.515632573560424 ], [ -97.453132144490155, 20.511482711020612 ], [ -97.457704618198434, 20.511482711020612 ], [ -97.457704618198434, 20.515632573560424 ] ] ] } },
{ "type": "Feature", "properties": { "difference_1990_2000": -18.0, "difference_1990_2010": 0.0, "difference_1990_2020": -52.0 }, "geometry": { "type": "Polygon", "coordinates": [ [ [ -97.457704618198434, 20.519782547255772 ], [ -97.453132144490155, 20.519782547255772 ], [ -97.453132144490155, 20.515632573560424 ], [ -97.457704618198434, 20.515632573560424 ], [ -97.457704618198434, 20.519782547255772 ] ] ] } },
{ "type": "Feature", "properties": { "difference_1990_2000": 906.0, "difference_1990_2010": 1233.0, "difference_1990_2020": 1184.0 }, "geometry": { "type": "Polygon", "coordinates": [ [ [ -97.457704618198434, 20.482436783031357 ], [ -97.453132144490155, 20.482436783031375 ], [ -97.453132144490155, 20.478287808636569 ], [ -97.457704618198434, 20.478287808636569 ], [ -97.457704618198434, 20.482436783031357 ] ] ] } },
{ "type": "Feature", "properties": { "difference_1990_2000": -293.0, "difference_1990_2010": 0.0, "difference_1990_2020": -752.0 }, "geometry": { "type": "Polygon", "coordinates": [ [ [ -97.457704618198434, 20.536383554203784 ], [ -97.453132144490155, 20.536383554203784 ], [ -97.453132144490155, 20.532233135580647 ], [ -97.457704618198434, 20.532233135580647 ], [ -97.457704618198434, 20.536383554203784 ] ] ] } },
{ "type": "Feature", "properties": { "difference_1990_2000": -16.0, "difference_1990_2010": 0.0, "difference_1990_2020": -17.0 }, "geometry": { "type": "Polygon", "coordinates": [ [ [ -97.457704618198434, 20.557137317557054 ], [ -97.453132144490155, 20.557137317557054 ], [ -97.453132144490155, 20.552986342086029 ], [ -97.457704618198434, 20.552986342086065 ], [ -97.457704618198434, 20.557137317557054 ] ] ] } },
{ "type": "Feature", "properties": { "difference_1990_2000": 100.0, "difference_1990_2010": 0.0, "difference_1990_2020": 71.0 }, "geometry": { "type": "Polygon", "coordinates": [ [ [ -97.457704618198434, 20.552986342086065 ], [ -97.453132144490155, 20.552986342086029 ], [ -97.453132144490155, 20.548835478045792 ], [ -97.457704618198434, 20.548835478045792 ], [ -97.457704618198434, 20.552986342086065 ] ] ] } },
{ "type": "Feature", "properties": { "difference_1990_2000": -16.0, "difference_1990_2010": 0.0, "difference_1990_2020": -11.0 }, "geometry": { "type": "Polygon", "coordinates": [ [ [ -97.457704618198434, 20.561288404489424 ], [ -97.453132144490155, 20.561288404489424 ], [ -97.453132144490155, 20.557137317557054 ], [ -97.457704618198434, 20.557137317557054 ], [ -97.457704618198434, 20.561288404489424 ] ] ] } }
]
}
