{
"type": "FeatureCollection",
"crs": { "type": "name", "properties": { "name": "urn:ogc:def:crs:OGC:1.3:CRS84" } },
"features": [
{ "type": "Feature", "properties": { "difference_1990_2000": 1308.0, "difference_1990_2010": 0.0, "difference_1990_2020": 934.0 }, "geometry": { "type": "Polygon", "coordinates": [ [ [ -100.544124371284866, 28.684455860225242 ], [ -100.539551897576587, 28.684455860225242 ], [ -100.539551897576587, 28.680028703301801 ], [ -100.544124371284866, 28.680028703301801 ], [ -100.544124371284866, 28.684455860225242 ] ] ] } },
{ "type": "Feature", "properties": { "difference_1990_2000": 774.0, "difference_1990_2010": 0.0, "difference_1990_2020": 696.0 }, "geometry": { "type": "Polygon", "coordinates": [ [ [ -100.544124371284866, 28.711022693617526 ], [ -100.539551897576587, 28.711022693617526 ], [ -100.539551897576587, 28.706594424487978 ], [ -100.544124371284866, 28.706594424487999 ], [ -100.544124371284866, 28.711022693617526 ] ] ] } },
{ "type": "Feature", "properties": { "difference_1990_2000": 129.0, "difference_1990_2010": 0.0, "difference_1990_2020": 233.0 }, "geometry": { "type": "Polygon", "coordinates": [ [ [ -100.544124371284866, 28.666748343495893 ], [ -100.539551897576587, 28.666748343495854 ], [ -100.539551897576587, 28.662321927049909 ], [ -100.544124371284866, 28.662321927049927 ], [ -100.544124371284866, 28.666748343495893 ] ] ] } },
{ "type": "Feature", "properties": { "difference_1990_2000": 707.0, "difference_1990_2010": 0.0, "difference_1990_2020": 1670.0 }, "geometry": { "type": "Polygon", "coordinates": [ [ [ -100.544124371284866, 28.715451148288736 ], [ -100.539551897576587, 28.715451148288736 ], [ -100.539551897576587, 28.711022693617537 ], [ -100.544124371284866, 28.711022693617537 ], [ -100.544124371284866, 28.715451148288736 ] ] ] } },
{ "type": "Feature", "properties": { "difference_1990_2000": 14.0, "difference_1990_2010": 0.0, "difference_1990_2020": 398.0 }, "geometry": { "type": "Polygon", "coordinates": [ [ [ -100.544124371284866, 28.719879788551367 ], [ -100.539551897576587, 28.719879788551342 ], [ -100.539551897576587, 28.715451148288736 ], [ -100.544124371284866, 28.715451148288736 ], [ -100.544124371284866, 28.719879788551367 ] ] ] } },
{ "type": "Feature", "properties": { "difference_1990_2000": -2.0, "difference_1990_2010": 0.0, "difference_1990_2020": -29.0 }, "geometry": { "type": "Polygon", "coordinates": [ [ [ -100.544124371284866, 28.675601731572151 ], [ -100.539551897576587, 28.675601731572151 ], [ -100.539551897576587, 28.671174944986717 ], [ -100.544124371284866, 28.671174944986753 ], [ -100.544124371284866, 28.675601731572151 ] ] ] } },
{ "type": "Feature", "properties": { "difference_1990_2000": 262.0, "difference_1990_2010": 0.0, "difference_1990_2020": 233.0 }, "geometry": { "type": "Polygon", "coordinates": [ [ [ -100.544124371284866, 28.706594424487978 ], [ -100.539551897576587, 28.706594424487978 ], [ -100.539551897576587, 28.702166340850411 ], [ -100.544124371284866, 28.702166340850411 ], [ -100.544124371284866, 28.706594424487978 ] ] ] } },
{ "type": "Feature", "properties": { "difference_1990_2000": 646.0, "difference_1990_2010": 0.0, "difference_1990_2020": 928.0 }, "geometry": { "type": "Polygon", "coordinates": [ [ [ -100.544124371284866, 28.653469649094628 ], [ -100.539551897576587, 28.653469649094628 ], [ -100.539551897576587, 28.649043787486065 ], [ -100.544124371284866, 28.649043787486082 ], [ -100.544124371284866, 28.653469649094628 ] ] ] } },
{ "type": "Feature", "properties": { "difference_1990_2000": 196.0, "difference_1990_2010": -520.0, "difference_1990_2020": 271.0 }, "geometry": { "type": "Polygon", "coordinates": [ [ [ -100.544124371284866, 28.644618110724249 ], [ -100.539551897576587, 28.644618110724249 ], [ -100.539551897576587, 28.640192618759521 ], [ -100.544124371284866, 28.640192618759563 ], [ -100.544124371284866, 28.644618110724249 ] ] ] } },
{ "type": "Feature", "properties": { "difference_1990_2000": 254.0, "difference_1990_2010": 0.0, "difference_1990_2020": 538.0 }, "geometry": { "type": "Polygon", "coordinates": [ [ [ -100.544124371284866, 28.657895695599404 ], [ -100.539551897576587, 28.657895695599365 ], [ -100.539551897576587, 28.653469649094628 ], [ -100.544124371284866, 28.653469649094628 ], [ -100.544124371284866, 28.657895695599404 ] ] ] } },
{ "type": "Feature", "properties": { "difference_1990_2000": -199.0, "difference_1990_2010": 0.0, "difference_1990_2020": -727.0 }, "geometry": { "type": "Polygon", "coordinates": [ [ [ -100.544124371284866, 28.693310729852186 ], [ -100.539551897576587, 28.693310729852186 ], [ -100.539551897576587, 28.688883202392148 ], [ -100.544124371284866, 28.688883202392169 ], [ -100.544124371284866, 28.693310729852186 ] ] ] } },
{ "type": "Feature", "properties": { "difference_1990_2000": 236.0, "difference_1990_2010": 0.0, "difference_1990_2020": 380.0 }, "geometry": { "type": "Polygon", "coordinates": [ [ [ -100.544124371284866, 28.662321927049927 ], [ -100.539551897576587, 28.662321927049909 ], [ -100.539551897576587, 28.657895695599365 ], [ -100.544124371284866, 28.657895695599404 ], [ -100.544124371284866, 28.662321927049927 ] ] ] } },
{ "type": "Feature", "properties": { "difference_1990_2000": 505.0, "difference_1990_2010": 575.0, "difference_1990_2020": 572.0 }, "geometry": { "type": "Polygon", "coordinates": [ [ [ -100.544124371284866, 28.640192618759563 ], [ -100.539551897576587, 28.640192618759521 ], [ -100.539551897576587, 28.635767311542491 ], [ -100.544124371284866, 28.635767311542491 ], [ -100.544124371284866, 28.640192618759563 ] ] ] } },
{ "type": "Feature", "properties": { "difference_1990_2000": -293.0, "difference_1990_2010": 0.0, "difference_1990_2020": -717.0 }, "geometry": { "type": "Polygon", "coordinates": [ [ [ -100.544124371284866, 28.697738442655062 ], [ -100.539551897576587, 28.697738442655062 ], [ -100.539551897576587, 28.693310729852186 ], [ -100.544124371284866, 28.693310729852186 ], [ -100.544124371284866, 28.697738442655062 ] ] ] } },
{ "type": "Feature", "properties": { "difference_1990_2000": 497.0, "difference_1990_2010": 0.0, "difference_1990_2020": 470.0 }, "geometry": { "type": "Polygon", "coordinates": [ [ [ -100.544124371284866, 28.649043787486082 ], [ -100.539551897576587, 28.649043787486065 ], [ -100.539551897576587, 28.644618110724249 ], [ -100.544124371284866, 28.644618110724249 ], [ -100.544124371284866, 28.649043787486082 ] ] ] } },
{ "type": "Feature", "properties": { "difference_1990_2000": -60.0, "difference_1990_2010": 0.0, "difference_1990_2020": -361.0 }, "geometry": { "type": "Polygon", "coordinates": [ [ [ -100.544124371284866, 28.688883202392169 ], [ -100.539551897576587, 28.688883202392148 ], [ -100.539551897576587, 28.684455860225242 ], [ -100.544124371284866, 28.684455860225242 ], [ -100.544124371284866, 28.688883202392169 ] ] ] } },
{ "type": "Feature", "properties": { "difference_1990_2000": 164.0, "difference_1990_2010": 0.0, "difference_1990_2020": 105.0 }, "geometry": { "type": "Polygon", "coordinates": [ [ [ -100.544124371284866, 28.680028703301801 ], [ -100.539551897576587, 28.680028703301801 ], [ -100.539551897576587, 28.675601731572151 ], [ -100.544124371284866, 28.675601731572151 ], [ -100.544124371284866, 28.680028703301801 ] ] ] } },
{ "type": "Feature", "properties": { "difference_1990_2000": 0.0, "difference_1990_2010": 0.0, "difference_1990_2020": 1559.0 }, "geometry": { "type": "Polygon", "coordinates": [ [ [ -100.544124371284866, 28.724308614455175 ], [ -100.539551897576587, 28.724308614455175 ], [ -100.539551897576587, 28.719879788551342 ], [ -100.544124371284866, 28.719879788551367 ], [ -100.544124371284866, 28.724308614455175 ] ] ] } },
{ "type": "Feature", "properties": { "difference_1990_2000": 92.0, "difference_1990_2010": 0.0, "difference_1990_2020": 41.0 }, "geometry": { "type": "Polygon", "coordinates": [ [ [ -100.544124371284866, 28.671174944986753 ], [ -100.539551897576587, 28.671174944986717 ], [ -100.539551897576587, 28.666748343495854 ], [ -100.544124371284866, 28.666748343495893 ], [ -100.544124371284866, 28.671174944986753 ] ] ] } },
{ "type": "Feature", "properties": { "difference_1990_2000": 99.0, "difference_1990_2010": 78.0, "difference_1990_2020": 126.0 }, "geometry": { "type": "Polygon", "coordinates": [ [ [ -100.544124371284866, 28.635767311542491 ], [ -100.539551897576587, 28.635767311542491 ], [ -100.539551897576587, 28.631342189023567 ], [ -100.544124371284866, 28.631342189023567 ], [ -100.544124371284866, 28.635767311542491 ] ] ] } },
{ "type": "Feature", "properties": { "difference_1990_2000": -58.0, "difference_1990_2010": 0.0, "difference_1990_2020": -9.0 }, "geometry": { "type": "Polygon", "coordinates": [ [ [ -100.544124371284866, 28.702166340850411 ], [ -100.539551897576587, 28.702166340850411 ], [ -100.539551897576587, 28.697738442655062 ], [ -100.544124371284866, 28.697738442655062 ], [ -100.544124371284866, 28.702166340850411 ] ] ] } },
{ "type": "Feature", "properties": { "difference_1990_2000": 737.0, "difference_1990_2010": 0.0, "difference_1990_2020": 1101.0 }, "geometry": { "type": "Polygon", "coordinates": [ [ [ -100.534979423868322, 28.684455860225242 ], [ -100.530406950160042, 28.684455860225242 ], [ -100.530406950160042, 28.680028703301833 ], [ -100.534979423868322, 28.680028703301801 ], [ -100.534979423868322, 28.684455860225242 ] ] ] } },
{ "type": "Feature", "properties": { "difference_1990_2000": -1.0, "difference_1990_2010": 0.0, "difference_1990_2020": 621.0 }, "geometry": { "type": "Polygon", "coordinates": [ [ [ -100.534979423868322, 28.666748343495854 ], [ -100.530406950160042, 28.666748343495854 ], [ -100.530406950160042, 28.662321927049927 ], [ -100.534979423868322, 28.662321927049927 ], [ -100.534979423868322, 28.666748343495854 ] ] ] } },
{ "type": "Feature", "properties": { "difference_1990_2000": 200.0, "difference_1990_2010": 0.0, "difference_1990_2020": 254.0 }, "geometry": { "type": "Polygon", "coordinates": [ [ [ -100.534979423868322, 28.711022693617526 ], [ -100.530406950160042, 28.711022693617526 ], [ -100.530406950160042, 28.706594424487946 ], [ -100.534979423868322, 28.706594424487978 ], [ -100.534979423868322, 28.711022693617526 ] ] ] } },
{ "type": "Feature", "properties": { "difference_1990_2000": 853.0, "difference_1990_2010": 0.0, "difference_1990_2020": 548.0 }, "geometry": { "type": "Polygon", "coordinates": [ [ [ -100.534979423868322, 28.715451148288736 ], [ -100.530406950160042, 28.715451148288736 ], [ -100.530406950160042, 28.711022693617526 ], [ -100.534979423868322, 28.711022693617537 ], [ -100.534979423868322, 28.715451148288736 ] ] ] } },
{ "type": "Feature", "properties": { "difference_1990_2000": 90.0, "difference_1990_2010": 0.0, "difference_1990_2020": 220.0 }, "geometry": { "type": "Polygon", "coordinates": [ [ [ -100.534979423868322, 28.719879788551367 ], [ -100.530406950160042, 28.719879788551367 ], [ -100.530406950160042, 28.715451148288736 ], [ -100.534979423868322, 28.715451148288736 ], [ -100.534979423868322, 28.719879788551367 ] ] ] } },
{ "type": "Feature", "properties": { "difference_1990_2000": 105.0, "difference_1990_2010": 0.0, "difference_1990_2020": 59.0 }, "geometry": { "type": "Polygon", "coordinates": [ [ [ -100.534979423868322, 28.675601731572151 ], [ -100.530406950160042, 28.675601731572129 ], [ -100.530406950160042, 28.671174944986753 ], [ -100.534979423868322, 28.671174944986753 ], [ -100.534979423868322, 28.675601731572151 ] ] ] } },
{ "type": "Feature", "properties": { "difference_1990_2000": 85.0, "difference_1990_2010": 0.0, "difference_1990_2020": 64.0 }, "geometry": { "type": "Polygon", "coordinates": [ [ [ -100.534979423868322, 28.706594424487946 ], [ -100.530406950160042, 28.706594424487946 ], [ -100.530406950160042, 28.702166340850411 ], [ -100.534979423868322, 28.702166340850411 ], [ -100.534979423868322, 28.706594424487946 ] ] ] } },
{ "type": "Feature", "properties": { "difference_1990_2000": 0.0, "difference_1990_2010": 0.0, "difference_1990_2020": 165.0 }, "geometry": { "type": "Polygon", "coordinates": [ [ [ -100.534979423868322, 28.653469649094617 ], [ -100.530406950160042, 28.653469649094628 ], [ -100.530406950160042, 28.649043787486082 ], [ -100.534979423868322, 28.649043787486082 ], [ -100.534979423868322, 28.653469649094617 ] ] ] } },
{ "type": "Feature", "properties": { "difference_1990_2000": 0.0, "difference_1990_2010": 0.0, "difference_1990_2020": 74.0 }, "geometry": { "type": "Polygon", "coordinates": [ [ [ -100.534979423868322, 28.644618110724249 ], [ -100.530406950160042, 28.64461811072421 ], [ -100.530406950160042, 28.640192618759563 ], [ -100.534979423868322, 28.640192618759563 ], [ -100.534979423868322, 28.644618110724249 ] ] ] } },
{ "type": "Feature", "properties": { "difference_1990_2000": -385.0, "difference_1990_2010": 0.0, "difference_1990_2020": -983.0 }, "geometry": { "type": "Polygon", "coordinates": [ [ [ -100.534979423868322, 28.693310729852161 ], [ -100.530406950160042, 28.693310729852186 ], [ -100.530406950160042, 28.688883202392169 ], [ -100.534979423868322, 28.688883202392187 ], [ -100.534979423868322, 28.693310729852161 ] ] ] } },
{ "type": "Feature", "properties": { "difference_1990_2000": 0.0, "difference_1990_2010": 0.0, "difference_1990_2020": 26.0 }, "geometry": { "type": "Polygon", "coordinates": [ [ [ -100.534979423868322, 28.657895695599404 ], [ -100.530406950160042, 28.657895695599365 ], [ -100.530406950160042, 28.653469649094628 ], [ -100.534979423868322, 28.653469649094617 ], [ -100.534979423868322, 28.657895695599404 ] ] ] } },
{ "type": "Feature", "properties": { "difference_1990_2000": 0.0, "difference_1990_2010": 0.0, "difference_1990_2020": 15.0 }, "geometry": { "type": "Polygon", "coordinates": [ [ [ -100.534979423868322, 28.640192618759563 ], [ -100.530406950160042, 28.640192618759563 ], [ -100.530406950160042, 28.635767311542491 ], [ -100.534979423868322, 28.635767311542473 ], [ -100.534979423868322, 28.640192618759563 ] ] ] } },
{ "type": "Feature", "properties": { "difference_1990_2000": -379.0, "difference_1990_2010": 0.0, "difference_1990_2020": -947.0 }, "geometry": { "type": "Polygon", "coordinates": [ [ [ -100.534979423868322, 28.697738442655062 ], [ -100.530406950160042, 28.697738442655062 ], [ -100.530406950160042, 28.693310729852186 ], [ -100.534979423868322, 28.693310729852161 ], [ -100.534979423868322, 28.697738442655062 ] ] ] } },
{ "type": "Feature", "properties": { "difference_1990_2000": 0.0, "difference_1990_2010": 0.0, "difference_1990_2020": 165.0 }, "geometry": { "type": "Polygon", "coordinates": [ [ [ -100.534979423868322, 28.649043787486082 ], [ -100.530406950160042, 28.649043787486082 ], [ -100.530406950160042, 28.64461811072421 ], [ -100.534979423868322, 28.644618110724249 ], [ -100.534979423868322, 28.649043787486082 ] ] ] } },
{ "type": "Feature", "properties": { "difference_1990_2000": 696.0, "difference_1990_2010": 0.0, "difference_1990_2020": 767.0 }, "geometry": { "type": "Polygon", "coordinates": [ [ [ -100.534979423868322, 28.680028703301801 ], [ -100.530406950160042, 28.680028703301833 ], [ -100.530406950160042, 28.675601731572129 ], [ -100.534979423868322, 28.675601731572151 ], [ -100.534979423868322, 28.680028703301801 ] ] ] } },
{ "type": "Feature", "properties": { "difference_1990_2000": 271.0, "difference_1990_2010": 0.0, "difference_1990_2020": 724.0 }, "geometry": { "type": "Polygon", "coordinates": [ [ [ -100.534979423868322, 28.724308614455158 ], [ -100.530406950160042, 28.724308614455129 ], [ -100.530406950160042, 28.719879788551367 ], [ -100.534979423868322, 28.719879788551367 ], [ -100.534979423868322, 28.724308614455158 ] ] ] } },
{ "type": "Feature", "properties": { "difference_1990_2000": 128.0, "difference_1990_2010": 0.0, "difference_1990_2020": 366.0 }, "geometry": { "type": "Polygon", "coordinates": [ [ [ -100.534979423868322, 28.688883202392187 ], [ -100.530406950160042, 28.688883202392169 ], [ -100.530406950160042, 28.684455860225242 ], [ -100.534979423868322, 28.684455860225242 ], [ -100.534979423868322, 28.688883202392187 ] ] ] } },
{ "type": "Feature", "properties": { "difference_1990_2000": 19.0, "difference_1990_2010": 0.0, "difference_1990_2020": 53.0 }, "geometry": { "type": "Polygon", "coordinates": [ [ [ -100.534979423868322, 28.728737626049991 ], [ -100.530406950160042, 28.728737626049991 ], [ -100.530406950160042, 28.724308614455129 ], [ -100.534979423868322, 28.724308614455158 ], [ -100.534979423868322, 28.728737626049991 ] ] ] } },
{ "type": "Feature", "properties": { "difference_1990_2000": -31.0, "difference_1990_2010": 0.0, "difference_1990_2020": -78.0 }, "geometry": { "type": "Polygon", "coordinates": [ [ [ -100.534979423868322, 28.671174944986753 ], [ -100.530406950160042, 28.671174944986753 ], [ -100.530406950160042, 28.666748343495854 ], [ -100.534979423868322, 28.666748343495854 ], [ -100.534979423868322, 28.671174944986753 ] ] ] } },
{ "type": "Feature", "properties": { "difference_1990_2000": -194.0, "difference_1990_2010": 0.0, "difference_1990_2020": -424.0 }, "geometry": { "type": "Polygon", "coordinates": [ [ [ -100.534979423868322, 28.702166340850411 ], [ -100.530406950160042, 28.702166340850411 ], [ -100.530406950160042, 28.697738442655062 ], [ -100.534979423868322, 28.697738442655062 ], [ -100.534979423868322, 28.702166340850411 ] ] ] } },
{ "type": "Feature", "properties": { "difference_1990_2000": 15.0, "difference_1990_2010": 0.0, "difference_1990_2020": 106.0 }, "geometry": { "type": "Polygon", "coordinates": [ [ [ -100.525834476451763, 28.73316682338557 ], [ -100.521262002743526, 28.733166823385609 ], [ -100.521262002743526, 28.728737626049991 ], [ -100.525834476451763, 28.728737626049991 ], [ -100.525834476451763, 28.73316682338557 ] ] ] } },
{ "type": "Feature", "properties": { "difference_1990_2000": -5.0, "difference_1990_2010": 0.0, "difference_1990_2020": 0.0 }, "geometry": { "type": "Polygon", "coordinates": [ [ [ -100.525834476451763, 28.742025775478432 ], [ -100.521262002743526, 28.7420257754784 ], [ -100.521262002743526, 28.737596206511817 ], [ -100.525834476451763, 28.737596206511817 ], [ -100.525834476451763, 28.742025775478432 ] ] ] } },
{ "type": "Feature", "properties": { "difference_1990_2000": 201.0, "difference_1990_2010": 0.0, "difference_1990_2020": 423.0 }, "geometry": { "type": "Polygon", "coordinates": [ [ [ -100.525834476451763, 28.684455860225228 ], [ -100.521262002743526, 28.684455860225242 ], [ -100.521262002743526, 28.680028703301801 ], [ -100.525834476451763, 28.680028703301801 ], [ -100.525834476451763, 28.684455860225228 ] ] ] } },
{ "type": "Feature", "properties": { "difference_1990_2000": -169.0, "difference_1990_2010": 0.0, "difference_1990_2020": -348.0 }, "geometry": { "type": "Polygon", "coordinates": [ [ [ -100.525834476451763, 28.711022693617526 ], [ -100.521262002743526, 28.711022693617526 ], [ -100.521262002743526, 28.706594424487978 ], [ -100.525834476451763, 28.706594424487946 ], [ -100.525834476451763, 28.711022693617526 ] ] ] } },
{ "type": "Feature", "properties": { "difference_1990_2000": -130.0, "difference_1990_2010": 0.0, "difference_1990_2020": -289.0 }, "geometry": { "type": "Polygon", "coordinates": [ [ [ -100.525834476451763, 28.715451148288697 ], [ -100.521262002743526, 28.715451148288736 ], [ -100.521262002743526, 28.711022693617537 ], [ -100.525834476451763, 28.711022693617537 ], [ -100.525834476451763, 28.715451148288697 ] ] ] } },
{ "type": "Feature", "properties": { "difference_1990_2000": -245.0, "difference_1990_2010": 0.0, "difference_1990_2020": -525.0 }, "geometry": { "type": "Polygon", "coordinates": [ [ [ -100.525834476451763, 28.719879788551367 ], [ -100.521262002743526, 28.719879788551367 ], [ -100.521262002743526, 28.715451148288736 ], [ -100.525834476451763, 28.715451148288697 ], [ -100.525834476451763, 28.719879788551367 ] ] ] } },
{ "type": "Feature", "properties": { "difference_1990_2000": 216.0, "difference_1990_2010": 0.0, "difference_1990_2020": 246.0 }, "geometry": { "type": "Polygon", "coordinates": [ [ [ -100.525834476451763, 28.675601731572151 ], [ -100.521262002743526, 28.675601731572151 ], [ -100.521262002743526, 28.671174944986753 ], [ -100.525834476451763, 28.671174944986753 ], [ -100.525834476451763, 28.675601731572151 ] ] ] } },
{ "type": "Feature", "properties": { "difference_1990_2000": -127.0, "difference_1990_2010": 0.0, "difference_1990_2020": -287.0 }, "geometry": { "type": "Polygon", "coordinates": [ [ [ -100.525834476451763, 28.706594424487943 ], [ -100.521262002743526, 28.706594424487943 ], [ -100.521262002743526, 28.702166340850411 ], [ -100.525834476451763, 28.702166340850411 ], [ -100.525834476451763, 28.706594424487943 ] ] ] } },
{ "type": "Feature", "properties": { "difference_1990_2000": -4.0, "difference_1990_2010": 0.0, "difference_1990_2020": -4.0 }, "geometry": { "type": "Polygon", "coordinates": [ [ [ -100.525834476451763, 28.737596206511817 ], [ -100.521262002743526, 28.737596206511817 ], [ -100.521262002743526, 28.733166823385627 ], [ -100.525834476451763, 28.733166823385609 ], [ -100.525834476451763, 28.737596206511817 ] ] ] } },
{ "type": "Feature", "properties": { "difference_1990_2000": 0.0, "difference_1990_2010": 0.0, "difference_1990_2020": 65.0 }, "geometry": { "type": "Polygon", "coordinates": [ [ [ -100.525834476451763, 28.653469649094628 ], [ -100.521262002743526, 28.653469649094628 ], [ -100.521262002743526, 28.649043787486082 ], [ -100.525834476451763, 28.649043787486065 ], [ -100.525834476451763, 28.653469649094628 ] ] ] } },
{ "type": "Feature", "properties": { "difference_1990_2000": 68.0, "difference_1990_2010": 0.0, "difference_1990_2020": 54.0 }, "geometry": { "type": "Polygon", "coordinates": [ [ [ -100.525834476451763, 28.693310729852186 ], [ -100.521262002743526, 28.693310729852161 ], [ -100.521262002743526, 28.688883202392169 ], [ -100.525834476451763, 28.688883202392169 ], [ -100.525834476451763, 28.693310729852186 ] ] ] } },
{ "type": "Feature", "properties": { "difference_1990_2000": -2.0, "difference_1990_2010": 0.0, "difference_1990_2020": 0.0 }, "geometry": { "type": "Polygon", "coordinates": [ [ [ -100.525834476451763, 28.746455530335371 ], [ -100.521262002743526, 28.746455530335371 ], [ -100.521262002743526, 28.7420257754784 ], [ -100.525834476451763, 28.742025775478432 ], [ -100.525834476451763, 28.746455530335371 ] ] ] } },
{ "type": "Feature", "properties": { "difference_1990_2000": -412.0, "difference_1990_2010": 0.0, "difference_1990_2020": -1018.0 }, "geometry": { "type": "Polygon", "coordinates": [ [ [ -100.525834476451763, 28.697738442655023 ], [ -100.521262002743526, 28.697738442655062 ], [ -100.521262002743526, 28.693310729852161 ], [ -100.525834476451763, 28.693310729852186 ], [ -100.525834476451763, 28.697738442655023 ] ] ] } },
{ "type": "Feature", "properties": { "difference_1990_2000": 0.0, "difference_1990_2010": 0.0, "difference_1990_2020": 12.0 }, "geometry": { "type": "Polygon", "coordinates": [ [ [ -100.525834476451763, 28.649043787486065 ], [ -100.521262002743526, 28.649043787486082 ], [ -100.521262002743526, 28.644618110724249 ], [ -100.525834476451763, 28.644618110724249 ], [ -100.525834476451763, 28.649043787486065 ] ] ] } },
{ "type": "Feature", "properties": { "difference_1990_2000": -210.0, "difference_1990_2010": 0.0, "difference_1990_2020": -404.0 }, "geometry": { "type": "Polygon", "coordinates": [ [ [ -100.525834476451763, 28.724308614455129 ], [ -100.521262002743526, 28.724308614455158 ], [ -100.521262002743526, 28.719879788551367 ], [ -100.525834476451763, 28.719879788551367 ], [ -100.525834476451763, 28.724308614455129 ] ] ] } },
{ "type": "Feature", "properties": { "difference_1990_2000": 171.0, "difference_1990_2010": 0.0, "difference_1990_2020": 405.0 }, "geometry": { "type": "Polygon", "coordinates": [ [ [ -100.525834476451763, 28.688883202392169 ], [ -100.521262002743526, 28.688883202392169 ], [ -100.521262002743526, 28.684455860225242 ], [ -100.525834476451763, 28.684455860225228 ], [ -100.525834476451763, 28.688883202392169 ] ] ] } },
{ "type": "Feature", "properties": { "difference_1990_2000": 255.0, "difference_1990_2010": 0.0, "difference_1990_2020": 376.0 }, "geometry": { "type": "Polygon", "coordinates": [ [ [ -100.525834476451763, 28.680028703301801 ], [ -100.521262002743526, 28.680028703301801 ], [ -100.521262002743526, 28.675601731572151 ], [ -100.525834476451763, 28.675601731572151 ], [ -100.525834476451763, 28.680028703301801 ] ] ] } },
{ "type": "Feature", "properties": { "difference_1990_2000": 17.0, "difference_1990_2010": 0.0, "difference_1990_2020": 123.0 }, "geometry": { "type": "Polygon", "coordinates": [ [ [ -100.525834476451763, 28.728737626049991 ], [ -100.521262002743526, 28.728737626049991 ], [ -100.521262002743526, 28.724308614455158 ], [ -100.525834476451763, 28.724308614455129 ], [ -100.525834476451763, 28.728737626049991 ] ] ] } },
{ "type": "Feature", "properties": { "difference_1990_2000": 2.0, "difference_1990_2010": 0.0, "difference_1990_2020": 2.0 }, "geometry": { "type": "Polygon", "coordinates": [ [ [ -100.525834476451763, 28.671174944986753 ], [ -100.521262002743526, 28.671174944986753 ], [ -100.521262002743526, 28.666748343495854 ], [ -100.525834476451763, 28.666748343495854 ], [ -100.525834476451763, 28.671174944986753 ] ] ] } },
{ "type": "Feature", "properties": { "difference_1990_2000": -249.0, "difference_1990_2010": 0.0, "difference_1990_2020": -600.0 }, "geometry": { "type": "Polygon", "coordinates": [ [ [ -100.525834476451763, 28.702166340850411 ], [ -100.521262002743526, 28.702166340850411 ], [ -100.521262002743526, 28.697738442655062 ], [ -100.525834476451763, 28.697738442655023 ], [ -100.525834476451763, 28.702166340850411 ] ] ] } },
{ "type": "Feature", "properties": { "difference_1990_2000": -2.0, "difference_1990_2010": 0.0, "difference_1990_2020": 0.0 }, "geometry": { "type": "Polygon", "coordinates": [ [ [ -100.516689529035247, 28.742025775478432 ], [ -100.512117055326954, 28.742025775478432 ], [ -100.512117055326954, 28.737596206511817 ], [ -100.516689529035247, 28.737596206511785 ], [ -100.516689529035247, 28.742025775478432 ] ] ] } },
{ "type": "Feature", "properties": { "difference_1990_2000": 169.0, "difference_1990_2010": 0.0, "difference_1990_2020": 75.0 }, "geometry": { "type": "Polygon", "coordinates": [ [ [ -100.516689529035247, 28.684455860225242 ], [ -100.512117055326954, 28.684455860225242 ], [ -100.512117055326954, 28.680028703301801 ], [ -100.516689529035247, 28.680028703301801 ], [ -100.516689529035247, 28.684455860225242 ] ] ] } },
{ "type": "Feature", "properties": { "difference_1990_2000": 1.0, "difference_1990_2010": 0.0, "difference_1990_2020": 2.0 }, "geometry": { "type": "Polygon", "coordinates": [ [ [ -100.516689529035247, 28.666748343495854 ], [ -100.512117055326954, 28.666748343495893 ], [ -100.512117055326954, 28.662321927049927 ], [ -100.516689529035247, 28.662321927049927 ], [ -100.516689529035247, 28.666748343495854 ] ] ] } },
{ "type": "Feature", "properties": { "difference_1990_2000": -370.0, "difference_1990_2010": 0.0, "difference_1990_2020": -966.0 }, "geometry": { "type": "Polygon", "coordinates": [ [ [ -100.516689529035247, 28.711022693617526 ], [ -100.512117055326954, 28.711022693617526 ], [ -100.512117055326954, 28.706594424487999 ], [ -100.516689529035247, 28.706594424487978 ], [ -100.516689529035247, 28.711022693617526 ] ] ] } },
{ "type": "Feature", "properties": { "difference_1990_2000": -249.0, "difference_1990_2010": 0.0, "difference_1990_2020": -659.0 }, "geometry": { "type": "Polygon", "coordinates": [ [ [ -100.516689529035247, 28.715451148288736 ], [ -100.512117055326954, 28.715451148288736 ], [ -100.512117055326954, 28.711022693617537 ], [ -100.516689529035247, 28.711022693617537 ], [ -100.516689529035247, 28.715451148288736 ] ] ] } },
{ "type": "Feature", "properties": { "difference_1990_2000": -19.0, "difference_1990_2010": 0.0, "difference_1990_2020": -19.0 }, "geometry": { "type": "Polygon", "coordinates": [ [ [ -100.516689529035247, 28.719879788551367 ], [ -100.512117055326954, 28.719879788551367 ], [ -100.512117055326954, 28.715451148288736 ], [ -100.516689529035247, 28.715451148288736 ], [ -100.516689529035247, 28.719879788551367 ] ] ] } },
{ "type": "Feature", "properties": { "difference_1990_2000": 85.0, "difference_1990_2010": 0.0, "difference_1990_2020": 285.0 }, "geometry": { "type": "Polygon", "coordinates": [ [ [ -100.516689529035247, 28.675601731572151 ], [ -100.512117055326954, 28.675601731572151 ], [ -100.512117055326954, 28.671174944986753 ], [ -100.516689529035247, 28.671174944986717 ], [ -100.516689529035247, 28.675601731572151 ] ] ] } },
{ "type": "Feature", "properties": { "difference_1990_2000": -275.0, "difference_1990_2010": 0.0, "difference_1990_2020": -820.0 }, "geometry": { "type": "Polygon", "coordinates": [ [ [ -100.516689529035247, 28.706594424487946 ], [ -100.512117055326954, 28.706594424487999 ], [ -100.512117055326954, 28.702166340850411 ], [ -100.516689529035247, 28.702166340850411 ], [ -100.516689529035247, 28.706594424487946 ] ] ] } },
{ "type": "Feature", "properties": { "difference_1990_2000": -354.0, "difference_1990_2010": 0.0, "difference_1990_2020": -872.0 }, "geometry": { "type": "Polygon", "coordinates": [ [ [ -100.516689529035247, 28.693310729852186 ], [ -100.512117055326954, 28.693310729852186 ], [ -100.512117055326954, 28.688883202392169 ], [ -100.516689529035247, 28.688883202392148 ], [ -100.516689529035247, 28.693310729852186 ] ] ] } },
{ "type": "Feature", "properties": { "difference_1990_2000": -179.0, "difference_1990_2010": 0.0, "difference_1990_2020": -434.0 }, "geometry": { "type": "Polygon", "coordinates": [ [ [ -100.516689529035247, 28.697738442655062 ], [ -100.512117055326954, 28.697738442655073 ], [ -100.512117055326954, 28.693310729852186 ], [ -100.516689529035247, 28.693310729852186 ], [ -100.516689529035247, 28.697738442655062 ] ] ] } },
{ "type": "Feature", "properties": { "difference_1990_2000": -18.0, "difference_1990_2010": 0.0, "difference_1990_2020": -301.0 }, "geometry": { "type": "Polygon", "coordinates": [ [ [ -100.516689529035247, 28.688883202392148 ], [ -100.512117055326954, 28.688883202392169 ], [ -100.512117055326954, 28.684455860225242 ], [ -100.516689529035247, 28.684455860225242 ], [ -100.516689529035247, 28.688883202392148 ] ] ] } },
{ "type": "Feature", "properties": { "difference_1990_2000": -44.0, "difference_1990_2010": 0.0, "difference_1990_2020": -69.0 }, "geometry": { "type": "Polygon", "coordinates": [ [ [ -100.516689529035247, 28.724308614455129 ], [ -100.512117055326954, 28.724308614455158 ], [ -100.512117055326954, 28.719879788551367 ], [ -100.516689529035247, 28.719879788551367 ], [ -100.516689529035247, 28.724308614455129 ] ] ] } },
{ "type": "Feature", "properties": { "difference_1990_2000": 103.0, "difference_1990_2010": 0.0, "difference_1990_2020": 205.0 }, "geometry": { "type": "Polygon", "coordinates": [ [ [ -100.516689529035247, 28.680028703301801 ], [ -100.512117055326954, 28.680028703301801 ], [ -100.512117055326954, 28.675601731572151 ], [ -100.516689529035247, 28.675601731572151 ], [ -100.516689529035247, 28.680028703301801 ] ] ] } },
{ "type": "Feature", "properties": { "difference_1990_2000": 56.0, "difference_1990_2010": 0.0, "difference_1990_2020": 182.0 }, "geometry": { "type": "Polygon", "coordinates": [ [ [ -100.516689529035247, 28.671174944986717 ], [ -100.512117055326954, 28.671174944986753 ], [ -100.512117055326954, 28.666748343495893 ], [ -100.516689529035247, 28.666748343495854 ], [ -100.516689529035247, 28.671174944986717 ] ] ] } },
{ "type": "Feature", "properties": { "difference_1990_2000": 0.0, "difference_1990_2010": 0.0, "difference_1990_2020": 5.0 }, "geometry": { "type": "Polygon", "coordinates": [ [ [ -100.516689529035247, 28.728737626049991 ], [ -100.512117055326954, 28.728737626050027 ], [ -100.512117055326954, 28.724308614455158 ], [ -100.516689529035247, 28.724308614455129 ], [ -100.516689529035247, 28.728737626049991 ] ] ] } },
{ "type": "Feature", "properties": { "difference_1990_2000": -298.0, "difference_1990_2010": 0.0, "difference_1990_2020": -843.0 }, "geometry": { "type": "Polygon", "coordinates": [ [ [ -100.516689529035247, 28.702166340850411 ], [ -100.512117055326954, 28.702166340850411 ], [ -100.512117055326954, 28.697738442655073 ], [ -100.516689529035247, 28.697738442655062 ], [ -100.516689529035247, 28.702166340850411 ] ] ] } },
{ "type": "Feature", "properties": { "difference_1990_2000": -23.0, "difference_1990_2010": 0.0, "difference_1990_2020": -45.0 }, "geometry": { "type": "Polygon", "coordinates": [ [ [ -100.50754458161866, 28.684455860225242 ], [ -100.502972107910381, 28.684455860225242 ], [ -100.502972107910381, 28.680028703301801 ], [ -100.50754458161866, 28.680028703301801 ], [ -100.50754458161866, 28.684455860225242 ] ] ] } },
{ "type": "Feature", "properties": { "difference_1990_2000": 11.0, "difference_1990_2010": 0.0, "difference_1990_2020": 14.0 }, "geometry": { "type": "Polygon", "coordinates": [ [ [ -100.50754458161866, 28.666748343495854 ], [ -100.502972107910381, 28.666748343495893 ], [ -100.502972107910381, 28.662321927049927 ], [ -100.50754458161866, 28.662321927049909 ], [ -100.50754458161866, 28.666748343495854 ] ] ] } },
{ "type": "Feature", "properties": { "difference_1990_2000": 0.0, "difference_1990_2010": 0.0, "difference_1990_2020": 2.0 }, "geometry": { "type": "Polygon", "coordinates": [ [ [ -100.50754458161866, 28.719879788551367 ], [ -100.502972107910381, 28.719879788551367 ], [ -100.502972107910381, 28.715451148288736 ], [ -100.50754458161866, 28.715451148288736 ], [ -100.50754458161866, 28.719879788551367 ] ] ] } },
{ "type": "Feature", "properties": { "difference_1990_2000": -33.0, "difference_1990_2010": 0.0, "difference_1990_2020": -70.0 }, "geometry": { "type": "Polygon", "coordinates": [ [ [ -100.50754458161866, 28.675601731572151 ], [ -100.502972107910381, 28.67560173157219 ], [ -100.502972107910381, 28.671174944986753 ], [ -100.50754458161866, 28.671174944986753 ], [ -100.50754458161866, 28.675601731572151 ] ] ] } },
{ "type": "Feature", "properties": { "difference_1990_2000": -157.0, "difference_1990_2010": 0.0, "difference_1990_2020": -306.0 }, "geometry": { "type": "Polygon", "coordinates": [ [ [ -100.50754458161866, 28.680028703301801 ], [ -100.502972107910381, 28.680028703301801 ], [ -100.502972107910381, 28.67560173157219 ], [ -100.50754458161866, 28.675601731572151 ], [ -100.50754458161866, 28.680028703301801 ] ] ] } },
{ "type": "Feature", "properties": { "difference_1990_2000": 13.0, "difference_1990_2010": 0.0, "difference_1990_2020": 16.0 }, "geometry": { "type": "Polygon", "coordinates": [ [ [ -100.50754458161866, 28.671174944986753 ], [ -100.502972107910381, 28.671174944986753 ], [ -100.502972107910381, 28.666748343495893 ], [ -100.50754458161866, 28.666748343495854 ], [ -100.50754458161866, 28.671174944986753 ] ] ] } },
{ "type": "Feature", "properties": { "difference_1990_2000": -92.0, "difference_1990_2010": 341.0, "difference_1990_2020": 691.0 }, "geometry": { "type": "Polygon", "coordinates": [ [ [ -100.781893004115247, 28.414736413945604 ], [ -100.777320530406968, 28.414736413945622 ], [ -100.777320530406968, 28.410320463545172 ], [ -100.781893004115247, 28.410320463545172 ], [ -100.781893004115247, 28.414736413945604 ] ] ] } },
{ "type": "Feature", "properties": { "difference_1990_2000": -108.0, "difference_1990_2010": -226.0, "difference_1990_2020": -282.0 }, "geometry": { "type": "Polygon", "coordinates": [ [ [ -100.781893004115247, 28.419152546587927 ], [ -100.777320530406968, 28.419152546587966 ], [ -100.777320530406968, 28.414736413945622 ], [ -100.781893004115247, 28.414736413945604 ], [ -100.781893004115247, 28.419152546587927 ] ] ] } },
{ "type": "Feature", "properties": { "difference_1990_2000": 6.0, "difference_1990_2010": 17.0, "difference_1990_2020": 966.0 }, "geometry": { "type": "Polygon", "coordinates": [ [ [ -100.781893004115247, 28.410320463545172 ], [ -100.777320530406968, 28.410320463545172 ], [ -100.777320530406968, 28.40590469533776 ], [ -100.781893004115247, 28.40590469533776 ], [ -100.781893004115247, 28.410320463545172 ] ] ] } },
{ "type": "Feature", "properties": { "difference_1990_2000": 27.0, "difference_1990_2010": 67.0, "difference_1990_2020": 90.0 }, "geometry": { "type": "Polygon", "coordinates": [ [ [ -100.781893004115247, 28.432402038453571 ], [ -100.777320530406968, 28.432402038453571 ], [ -100.777320530406968, 28.427985358793109 ], [ -100.781893004115247, 28.427985358793109 ], [ -100.781893004115247, 28.432402038453571 ] ] ] } },
{ "type": "Feature", "properties": { "difference_1990_2000": 30.0, "difference_1990_2010": 105.0, "difference_1990_2020": 144.0 }, "geometry": { "type": "Polygon", "coordinates": [ [ [ -100.781893004115247, 28.427985358793109 ], [ -100.777320530406968, 28.427985358793109 ], [ -100.777320530406968, 28.423568861520824 ], [ -100.781893004115247, 28.423568861520824 ], [ -100.781893004115247, 28.427985358793109 ] ] ] } },
{ "type": "Feature", "properties": { "difference_1990_2000": 9.0, "difference_1990_2010": 47.0, "difference_1990_2020": 101.0 }, "geometry": { "type": "Polygon", "coordinates": [ [ [ -100.781893004115247, 28.423568861520824 ], [ -100.777320530406968, 28.423568861520824 ], [ -100.777320530406968, 28.419152546587966 ], [ -100.781893004115247, 28.419152546587927 ], [ -100.781893004115247, 28.423568861520824 ] ] ] } },
{ "type": "Feature", "properties": { "difference_1990_2000": 0.0, "difference_1990_2010": 3.0, "difference_1990_2020": 1.0 }, "geometry": { "type": "Polygon", "coordinates": [ [ [ -100.594421582075896, 28.59594785206993 ], [ -100.589849108367645, 28.595947852069898 ], [ -100.589849108367645, 28.591524389609098 ], [ -100.594421582075896, 28.591524389609088 ], [ -100.594421582075896, 28.59594785206993 ] ] ] } },
{ "type": "Feature", "properties": { "difference_1990_2000": 4.0, "difference_1990_2010": 10.0, "difference_1990_2020": 12.0 }, "geometry": { "type": "Polygon", "coordinates": [ [ [ -100.594421582075896, 28.600371498783996 ], [ -100.589849108367645, 28.600371498783996 ], [ -100.589849108367645, 28.595947852069898 ], [ -100.594421582075896, 28.59594785206993 ], [ -100.594421582075896, 28.600371498783996 ] ] ] } },
{ "type": "Feature", "properties": { "difference_1990_2000": 0.0, "difference_1990_2010": 0.0, "difference_1990_2020": 911.0 }, "geometry": { "type": "Polygon", "coordinates": [ [ [ -100.594421582075896, 28.693310729852186 ], [ -100.589849108367645, 28.693310729852186 ], [ -100.589849108367645, 28.688883202392169 ], [ -100.594421582075896, 28.688883202392169 ], [ -100.594421582075896, 28.693310729852186 ] ] ] } },
{ "type": "Feature", "properties": { "difference_1990_2000": 4.0, "difference_1990_2010": 8.0, "difference_1990_2020": 10.0 }, "geometry": { "type": "Polygon", "coordinates": [ [ [ -100.594421582075896, 28.604795329800719 ], [ -100.589849108367645, 28.604795329800755 ], [ -100.589849108367645, 28.600371498783996 ], [ -100.594421582075896, 28.600371498783996 ], [ -100.594421582075896, 28.604795329800719 ] ] ] } },
{ "type": "Feature", "properties": { "difference_1990_2000": 0.0, "difference_1990_2010": 0.0, "difference_1990_2020": 183.0 }, "geometry": { "type": "Polygon", "coordinates": [ [ [ -100.594421582075896, 28.697738442655062 ], [ -100.589849108367645, 28.697738442655062 ], [ -100.589849108367645, 28.693310729852186 ], [ -100.594421582075896, 28.693310729852186 ], [ -100.594421582075896, 28.697738442655062 ] ] ] } },
{ "type": "Feature", "properties": { "difference_1990_2000": 0.0, "difference_1990_2010": 0.0, "difference_1990_2020": 163.0 }, "geometry": { "type": "Polygon", "coordinates": [ [ [ -100.594421582075896, 28.688883202392169 ], [ -100.589849108367645, 28.688883202392169 ], [ -100.589849108367645, 28.684455860225277 ], [ -100.594421582075896, 28.684455860225228 ], [ -100.594421582075896, 28.688883202392169 ] ] ] } },
{ "type": "Feature", "properties": { "difference_1990_2000": 1.0, "difference_1990_2010": 1.0, "difference_1990_2020": 2.0 }, "geometry": { "type": "Polygon", "coordinates": [ [ [ -100.594421582075896, 28.618067929160862 ], [ -100.589849108367645, 28.618067929160862 ], [ -100.589849108367645, 28.613643544939787 ], [ -100.594421582075896, 28.613643544939787 ], [ -100.594421582075896, 28.618067929160862 ] ] ] } },
{ "type": "Feature", "properties": { "difference_1990_2000": 2.0, "difference_1990_2010": 5.0, "difference_1990_2020": 7.0 }, "geometry": { "type": "Polygon", "coordinates": [ [ [ -100.594421582075896, 28.613643544939787 ], [ -100.589849108367645, 28.613643544939787 ], [ -100.589849108367645, 28.609219345169535 ], [ -100.594421582075896, 28.609219345169535 ], [ -100.594421582075896, 28.613643544939787 ] ] ] } },
{ "type": "Feature", "properties": { "difference_1990_2000": 3.0, "difference_1990_2010": 7.0, "difference_1990_2020": 9.0 }, "geometry": { "type": "Polygon", "coordinates": [ [ [ -100.594421582075896, 28.609219345169535 ], [ -100.589849108367645, 28.609219345169535 ], [ -100.589849108367645, 28.604795329800755 ], [ -100.594421582075896, 28.604795329800719 ], [ -100.594421582075896, 28.609219345169535 ] ] ] } },
{ "type": "Feature", "properties": { "difference_1990_2000": 47.0, "difference_1990_2010": 156.0, "difference_1990_2020": 615.0 }, "geometry": { "type": "Polygon", "coordinates": [ [ [ -100.772748056698674, 28.436818900551007 ], [ -100.768175582990395, 28.436818900551007 ], [ -100.768175582990395, 28.432402038453553 ], [ -100.772748056698674, 28.432402038453521 ], [ -100.772748056698674, 28.436818900551007 ] ] ] } },
{ "type": "Feature", "properties": { "difference_1990_2000": 31.0, "difference_1990_2010": 110.0, "difference_1990_2020": 140.0 }, "geometry": { "type": "Polygon", "coordinates": [ [ [ -100.772748056698674, 28.414736413945622 ], [ -100.768175582990395, 28.414736413945622 ], [ -100.768175582990395, 28.410320463545172 ], [ -100.772748056698674, 28.410320463545172 ], [ -100.772748056698674, 28.414736413945622 ] ] ] } },
{ "type": "Feature", "properties": { "difference_1990_2000": 31.0, "difference_1990_2010": 14.0, "difference_1990_2020": -27.0 }, "geometry": { "type": "Polygon", "coordinates": [ [ [ -100.772748056698674, 28.419152546587927 ], [ -100.768175582990395, 28.419152546587927 ], [ -100.768175582990395, 28.414736413945622 ], [ -100.772748056698674, 28.414736413945622 ], [ -100.772748056698674, 28.419152546587927 ] ] ] } },
{ "type": "Feature", "properties": { "difference_1990_2000": 24.0, "difference_1990_2010": 67.0, "difference_1990_2020": 62.0 }, "geometry": { "type": "Polygon", "coordinates": [ [ [ -100.772748056698674, 28.410320463545172 ], [ -100.768175582990395, 28.410320463545172 ], [ -100.768175582990395, 28.40590469533776 ], [ -100.772748056698674, 28.40590469533776 ], [ -100.772748056698674, 28.410320463545172 ] ] ] } },
{ "type": "Feature", "properties": { "difference_1990_2000": 135.0, "difference_1990_2010": 255.0, "difference_1990_2020": 701.0 }, "geometry": { "type": "Polygon", "coordinates": [ [ [ -100.772748056698674, 28.432402038453521 ], [ -100.768175582990395, 28.432402038453553 ], [ -100.768175582990395, 28.427985358793141 ], [ -100.772748056698674, 28.427985358793109 ], [ -100.772748056698674, 28.432402038453521 ] ] ] } },
{ "type": "Feature", "properties": { "difference_1990_2000": 53.0, "difference_1990_2010": 100.0, "difference_1990_2020": 174.0 }, "geometry": { "type": "Polygon", "coordinates": [ [ [ -100.772748056698674, 28.427985358793109 ], [ -100.768175582990395, 28.427985358793141 ], [ -100.768175582990395, 28.423568861520824 ], [ -100.772748056698674, 28.423568861520824 ], [ -100.772748056698674, 28.427985358793109 ] ] ] } },
{ "type": "Feature", "properties": { "difference_1990_2000": -119.0, "difference_1990_2010": -126.0, "difference_1990_2020": -212.0 }, "geometry": { "type": "Polygon", "coordinates": [ [ [ -100.772748056698674, 28.423568861520824 ], [ -100.768175582990395, 28.423568861520824 ], [ -100.768175582990395, 28.419152546587927 ], [ -100.772748056698674, 28.419152546587927 ], [ -100.772748056698674, 28.423568861520824 ] ] ] } },
{ "type": "Feature", "properties": { "difference_1990_2000": 0.0, "difference_1990_2010": 0.0, "difference_1990_2020": 2898.0 }, "geometry": { "type": "Polygon", "coordinates": [ [ [ -100.585276634659365, 28.684455860225242 ], [ -100.580704160951086, 28.684455860225242 ], [ -100.580704160951086, 28.680028703301801 ], [ -100.585276634659365, 28.680028703301801 ], [ -100.585276634659365, 28.684455860225242 ] ] ] } },
{ "type": "Feature", "properties": { "difference_1990_2000": 9.0, "difference_1990_2010": 0.0, "difference_1990_2020": 460.0 }, "geometry": { "type": "Polygon", "coordinates": [ [ [ -100.585276634659365, 28.719879788551367 ], [ -100.580704160951086, 28.719879788551367 ], [ -100.580704160951086, 28.715451148288736 ], [ -100.585276634659365, 28.715451148288736 ], [ -100.585276634659365, 28.719879788551367 ] ] ] } },
{ "type": "Feature", "properties": { "difference_1990_2000": 233.0, "difference_1990_2010": 0.0, "difference_1990_2020": 2089.0 }, "geometry": { "type": "Polygon", "coordinates": [ [ [ -100.585276634659365, 28.675601731572151 ], [ -100.580704160951086, 28.675601731572101 ], [ -100.580704160951086, 28.671174944986717 ], [ -100.585276634659365, 28.671174944986753 ], [ -100.585276634659365, 28.675601731572151 ] ] ] } },
{ "type": "Feature", "properties": { "difference_1990_2000": 0.0, "difference_1990_2010": 1.0, "difference_1990_2020": 1.0 }, "geometry": { "type": "Polygon", "coordinates": [ [ [ -100.585276634659365, 28.600371498783996 ], [ -100.580704160951086, 28.600371498783996 ], [ -100.580704160951086, 28.595947852069884 ], [ -100.585276634659365, 28.59594785206993 ], [ -100.585276634659365, 28.600371498783996 ] ] ] } },
{ "type": "Feature", "properties": { "difference_1990_2000": 0.0, "difference_1990_2010": 0.0, "difference_1990_2020": 1044.0 }, "geometry": { "type": "Polygon", "coordinates": [ [ [ -100.585276634659365, 28.693310729852207 ], [ -100.580704160951086, 28.693310729852186 ], [ -100.580704160951086, 28.688883202392169 ], [ -100.585276634659365, 28.688883202392187 ], [ -100.585276634659365, 28.693310729852207 ] ] ] } },
{ "type": "Feature", "properties": { "difference_1990_2000": 1.0, "difference_1990_2010": 2.0, "difference_1990_2020": 2.0 }, "geometry": { "type": "Polygon", "coordinates": [ [ [ -100.585276634659365, 28.626917251153326 ], [ -100.580704160951086, 28.626917251153326 ], [ -100.580704160951086, 28.622492497882234 ], [ -100.585276634659365, 28.622492497882234 ], [ -100.585276634659365, 28.626917251153326 ] ] ] } },
{ "type": "Feature", "properties": { "difference_1990_2000": 4.0, "difference_1990_2010": 9.0, "difference_1990_2020": 12.0 }, "geometry": { "type": "Polygon", "coordinates": [ [ [ -100.585276634659365, 28.604795329800755 ], [ -100.580704160951086, 28.604795329800719 ], [ -100.580704160951086, 28.600371498783996 ], [ -100.585276634659365, 28.600371498783996 ], [ -100.585276634659365, 28.604795329800755 ] ] ] } },
{ "type": "Feature", "properties": { "difference_1990_2000": 0.0, "difference_1990_2010": 0.0, "difference_1990_2020": 1312.0 }, "geometry": { "type": "Polygon", "coordinates": [ [ [ -100.585276634659365, 28.697738442655062 ], [ -100.580704160951086, 28.697738442655062 ], [ -100.580704160951086, 28.693310729852186 ], [ -100.585276634659365, 28.693310729852207 ], [ -100.585276634659365, 28.697738442655062 ] ] ] } },
{ "type": "Feature", "properties": { "difference_1990_2000": 431.0, "difference_1990_2010": 0.0, "difference_1990_2020": 2977.0 }, "geometry": { "type": "Polygon", "coordinates": [ [ [ -100.585276634659365, 28.680028703301801 ], [ -100.580704160951086, 28.680028703301801 ], [ -100.580704160951086, 28.675601731572101 ], [ -100.585276634659365, 28.675601731572151 ], [ -100.585276634659365, 28.680028703301801 ] ] ] } },
{ "type": "Feature", "properties": { "difference_1990_2000": 86.0, "difference_1990_2010": 0.0, "difference_1990_2020": 233.0 }, "geometry": { "type": "Polygon", "coordinates": [ [ [ -100.585276634659365, 28.724308614455158 ], [ -100.580704160951086, 28.724308614455158 ], [ -100.580704160951086, 28.719879788551367 ], [ -100.585276634659365, 28.719879788551367 ], [ -100.585276634659365, 28.724308614455158 ] ] ] } },
{ "type": "Feature", "properties": { "difference_1990_2000": 0.0, "difference_1990_2010": 0.0, "difference_1990_2020": 1989.0 }, "geometry": { "type": "Polygon", "coordinates": [ [ [ -100.585276634659365, 28.688883202392187 ], [ -100.580704160951086, 28.688883202392169 ], [ -100.580704160951086, 28.684455860225242 ], [ -100.585276634659365, 28.684455860225242 ], [ -100.585276634659365, 28.688883202392187 ] ] ] } },
{ "type": "Feature", "properties": { "difference_1990_2000": 6.0, "difference_1990_2010": 7.0, "difference_1990_2020": 13.0 }, "geometry": { "type": "Polygon", "coordinates": [ [ [ -100.585276634659365, 28.618067929160862 ], [ -100.580704160951086, 28.618067929160862 ], [ -100.580704160951086, 28.613643544939787 ], [ -100.585276634659365, 28.613643544939787 ], [ -100.585276634659365, 28.618067929160862 ] ] ] } },
{ "type": "Feature", "properties": { "difference_1990_2000": 4.0, "difference_1990_2010": 5.0, "difference_1990_2020": 8.0 }, "geometry": { "type": "Polygon", "coordinates": [ [ [ -100.585276634659365, 28.622492497882213 ], [ -100.580704160951086, 28.622492497882213 ], [ -100.580704160951086, 28.618067929160862 ], [ -100.585276634659365, 28.618067929160862 ], [ -100.585276634659365, 28.622492497882213 ] ] ] } },
{ "type": "Feature", "properties": { "difference_1990_2000": 17.0, "difference_1990_2010": 0.0, "difference_1990_2020": 67.0 }, "geometry": { "type": "Polygon", "coordinates": [ [ [ -100.585276634659365, 28.728737626049991 ], [ -100.580704160951086, 28.728737626049991 ], [ -100.580704160951086, 28.724308614455158 ], [ -100.585276634659365, 28.724308614455158 ], [ -100.585276634659365, 28.728737626049991 ] ] ] } },
{ "type": "Feature", "properties": { "difference_1990_2000": 6.0, "difference_1990_2010": 11.0, "difference_1990_2020": 15.0 }, "geometry": { "type": "Polygon", "coordinates": [ [ [ -100.585276634659365, 28.6092193451695 ], [ -100.580704160951086, 28.609219345169535 ], [ -100.580704160951086, 28.604795329800719 ], [ -100.585276634659365, 28.604795329800755 ], [ -100.585276634659365, 28.6092193451695 ] ] ] } },
{ "type": "Feature", "properties": { "difference_1990_2000": 0.0, "difference_1990_2010": 0.0, "difference_1990_2020": 1.0 }, "geometry": { "type": "Polygon", "coordinates": [ [ [ -100.585276634659365, 28.702166340850411 ], [ -100.580704160951086, 28.702166340850411 ], [ -100.580704160951086, 28.697738442655062 ], [ -100.585276634659365, 28.697738442655062 ], [ -100.585276634659365, 28.702166340850411 ] ] ] } },
{ "type": "Feature", "properties": { "difference_1990_2000": 6.0, "difference_1990_2010": 9.0, "difference_1990_2020": 14.0 }, "geometry": { "type": "Polygon", "coordinates": [ [ [ -100.585276634659365, 28.613643544939787 ], [ -100.580704160951086, 28.613643544939787 ], [ -100.580704160951086, 28.609219345169535 ], [ -100.585276634659365, 28.6092193451695 ], [ -100.585276634659365, 28.613643544939787 ] ] ] } },
{ "type": "Feature", "properties": { "difference_1990_2000": 13.0, "difference_1990_2010": 54.0, "difference_1990_2020": -12.0 }, "geometry": { "type": "Polygon", "coordinates": [ [ [ -100.763603109282116, 28.423568861520867 ], [ -100.759030635573836, 28.423568861520824 ], [ -100.759030635573836, 28.419152546587927 ], [ -100.763603109282116, 28.419152546587927 ], [ -100.763603109282116, 28.423568861520867 ] ] ] } },
{ "type": "Feature", "properties": { "difference_1990_2000": -7.0, "difference_1990_2010": -79.0, "difference_1990_2020": -134.0 }, "geometry": { "type": "Polygon", "coordinates": [ [ [ -100.763603109282116, 28.436818900551007 ], [ -100.759030635573836, 28.436818900551007 ], [ -100.759030635573836, 28.432402038453553 ], [ -100.763603109282116, 28.432402038453553 ], [ -100.763603109282116, 28.436818900551007 ] ] ] } },
{ "type": "Feature", "properties": { "difference_1990_2000": 117.0, "difference_1990_2010": 174.0, "difference_1990_2020": 192.0 }, "geometry": { "type": "Polygon", "coordinates": [ [ [ -100.763603109282116, 28.414736413945622 ], [ -100.759030635573836, 28.414736413945651 ], [ -100.759030635573836, 28.410320463545172 ], [ -100.763603109282116, 28.410320463545172 ], [ -100.763603109282116, 28.414736413945622 ] ] ] } },
{ "type": "Feature", "properties": { "difference_1990_2000": 7.0, "difference_1990_2010": 141.0, "difference_1990_2020": 127.0 }, "geometry": { "type": "Polygon", "coordinates": [ [ [ -100.763603109282116, 28.419152546587927 ], [ -100.759030635573836, 28.419152546587927 ], [ -100.759030635573836, 28.414736413945651 ], [ -100.763603109282116, 28.414736413945622 ], [ -100.763603109282116, 28.419152546587927 ] ] ] } },
{ "type": "Feature", "properties": { "difference_1990_2000": 126.0, "difference_1990_2010": 274.0, "difference_1990_2020": 261.0 }, "geometry": { "type": "Polygon", "coordinates": [ [ [ -100.763603109282116, 28.445653172252175 ], [ -100.759030635573836, 28.445653172252175 ], [ -100.759030635573836, 28.441235945134256 ], [ -100.763603109282116, 28.441235945134256 ], [ -100.763603109282116, 28.445653172252175 ] ] ] } },
{ "type": "Feature", "properties": { "difference_1990_2000": -12.0, "difference_1990_2010": -138.0, "difference_1990_2020": -140.0 }, "geometry": { "type": "Polygon", "coordinates": [ [ [ -100.763603109282116, 28.432402038453553 ], [ -100.759030635573836, 28.432402038453553 ], [ -100.759030635573836, 28.427985358793109 ], [ -100.763603109282116, 28.427985358793109 ], [ -100.763603109282116, 28.432402038453553 ] ] ] } },
{ "type": "Feature", "properties": { "difference_1990_2000": 244.0, "difference_1990_2010": 296.0, "difference_1990_2020": 345.0 }, "geometry": { "type": "Polygon", "coordinates": [ [ [ -100.763603109282116, 28.441235945134256 ], [ -100.759030635573836, 28.441235945134256 ], [ -100.759030635573836, 28.436818900551007 ], [ -100.763603109282116, 28.436818900551007 ], [ -100.763603109282116, 28.441235945134256 ] ] ] } },
{ "type": "Feature", "properties": { "difference_1990_2000": 28.0, "difference_1990_2010": -30.0, "difference_1990_2020": 49.0 }, "geometry": { "type": "Polygon", "coordinates": [ [ [ -100.763603109282116, 28.4500705819536 ], [ -100.759030635573836, 28.4500705819536 ], [ -100.759030635573836, 28.445653172252175 ], [ -100.763603109282116, 28.445653172252175 ], [ -100.763603109282116, 28.4500705819536 ] ] ] } },
{ "type": "Feature", "properties": { "difference_1990_2000": 120.0, "difference_1990_2010": 142.0, "difference_1990_2020": 361.0 }, "geometry": { "type": "Polygon", "coordinates": [ [ [ -100.763603109282116, 28.427985358793109 ], [ -100.759030635573836, 28.427985358793109 ], [ -100.759030635573836, 28.423568861520824 ], [ -100.763603109282116, 28.423568861520867 ], [ -100.763603109282116, 28.427985358793109 ] ] ] } },
{ "type": "Feature", "properties": { "difference_1990_2000": 28.0, "difference_1990_2010": 0.0, "difference_1990_2020": 118.0 }, "geometry": { "type": "Polygon", "coordinates": [ [ [ -100.576131687242807, 28.733166823385609 ], [ -100.571559213534513, 28.73316682338557 ], [ -100.571559213534513, 28.728737626049991 ], [ -100.576131687242807, 28.728737626049991 ], [ -100.576131687242807, 28.733166823385609 ] ] ] } },
{ "type": "Feature", "properties": { "difference_1990_2000": 74.0, "difference_1990_2010": 0.0, "difference_1990_2020": 2798.0 }, "geometry": { "type": "Polygon", "coordinates": [ [ [ -100.576131687242807, 28.684455860225242 ], [ -100.571559213534513, 28.684455860225242 ], [ -100.571559213534513, 28.680028703301801 ], [ -100.576131687242807, 28.680028703301833 ], [ -100.576131687242807, 28.684455860225242 ] ] ] } },
{ "type": "Feature", "properties": { "difference_1990_2000": 37.0, "difference_1990_2010": 0.0, "difference_1990_2020": 127.0 }, "geometry": { "type": "Polygon", "coordinates": [ [ [ -100.576131687242807, 28.675601731572129 ], [ -100.571559213534513, 28.675601731572151 ], [ -100.571559213534513, 28.671174944986753 ], [ -100.576131687242807, 28.671174944986753 ], [ -100.576131687242807, 28.675601731572129 ] ] ] } },
{ "type": "Feature", "properties": { "difference_1990_2000": 0.0, "difference_1990_2010": 0.0, "difference_1990_2020": 5.0 }, "geometry": { "type": "Polygon", "coordinates": [ [ [ -100.576131687242807, 28.715451148288736 ], [ -100.571559213534513, 28.715451148288736 ], [ -100.571559213534513, 28.711022693617537 ], [ -100.576131687242807, 28.711022693617537 ], [ -100.576131687242807, 28.715451148288736 ] ] ] } },
{ "type": "Feature", "properties": { "difference_1990_2000": 98.0, "difference_1990_2010": 0.0, "difference_1990_2020": 190.0 }, "geometry": { "type": "Polygon", "coordinates": [ [ [ -100.576131687242807, 28.719879788551367 ], [ -100.571559213534513, 28.719879788551367 ], [ -100.571559213534513, 28.715451148288736 ], [ -100.576131687242807, 28.715451148288736 ], [ -100.576131687242807, 28.719879788551367 ] ] ] } },
{ "type": "Feature", "properties": { "difference_1990_2000": 0.0, "difference_1990_2010": 0.0, "difference_1990_2020": 1.0 }, "geometry": { "type": "Polygon", "coordinates": [ [ [ -100.576131687242807, 28.737596206511817 ], [ -100.571559213534513, 28.737596206511817 ], [ -100.571559213534513, 28.733166823385627 ], [ -100.576131687242807, 28.733166823385627 ], [ -100.576131687242807, 28.737596206511817 ] ] ] } },
{ "type": "Feature", "properties": { "difference_1990_2000": 5.0, "difference_1990_2010": 13.0, "difference_1990_2020": 13.0 }, "geometry": { "type": "Polygon", "coordinates": [ [ [ -100.576131687242807, 28.644618110724249 ], [ -100.571559213534513, 28.644618110724249 ], [ -100.571559213534513, 28.640192618759563 ], [ -100.576131687242807, 28.640192618759563 ], [ -100.576131687242807, 28.644618110724249 ] ] ] } },
{ "type": "Feature", "properties": { "difference_1990_2000": 218.0, "difference_1990_2010": 0.0, "difference_1990_2020": 372.0 }, "geometry": { "type": "Polygon", "coordinates": [ [ [ -100.576131687242807, 28.693310729852186 ], [ -100.571559213534513, 28.693310729852186 ], [ -100.571559213534513, 28.688883202392169 ], [ -100.576131687242807, 28.688883202392169 ], [ -100.576131687242807, 28.693310729852186 ] ] ] } },
{ "type": "Feature", "properties": { "difference_1990_2000": 3.0, "difference_1990_2010": 6.0, "difference_1990_2020": 8.0 }, "geometry": { "type": "Polygon", "coordinates": [ [ [ -100.576131687242807, 28.626917251153326 ], [ -100.571559213534513, 28.626917251153326 ], [ -100.571559213534513, 28.622492497882234 ], [ -100.576131687242807, 28.62249249788227 ], [ -100.576131687242807, 28.626917251153326 ] ] ] } },
{ "type": "Feature", "properties": { "difference_1990_2000": 12.0, "difference_1990_2010": 26.0, "difference_1990_2020": 28.0 }, "geometry": { "type": "Polygon", "coordinates": [ [ [ -100.576131687242807, 28.640192618759563 ], [ -100.571559213534513, 28.640192618759563 ], [ -100.571559213534513, 28.635767311542491 ], [ -100.576131687242807, 28.635767311542491 ], [ -100.576131687242807, 28.640192618759563 ] ] ] } },
{ "type": "Feature", "properties": { "difference_1990_2000": 141.0, "difference_1990_2010": 0.0, "difference_1990_2020": 277.0 }, "geometry": { "type": "Polygon", "coordinates": [ [ [ -100.576131687242807, 28.724308614455129 ], [ -100.571559213534513, 28.724308614455129 ], [ -100.571559213534513, 28.719879788551367 ], [ -100.576131687242807, 28.719879788551367 ], [ -100.576131687242807, 28.724308614455129 ] ] ] } },
{ "type": "Feature", "properties": { "difference_1990_2000": 703.0, "difference_1990_2010": 0.0, "difference_1990_2020": 1819.0 }, "geometry": { "type": "Polygon", "coordinates": [ [ [ -100.576131687242807, 28.688883202392169 ], [ -100.571559213534513, 28.688883202392169 ], [ -100.571559213534513, 28.684455860225242 ], [ -100.576131687242807, 28.684455860225242 ], [ -100.576131687242807, 28.688883202392169 ] ] ] } },
{ "type": "Feature", "properties": { "difference_1990_2000": 315.0, "difference_1990_2010": 0.0, "difference_1990_2020": 1735.0 }, "geometry": { "type": "Polygon", "coordinates": [ [ [ -100.576131687242807, 28.680028703301833 ], [ -100.571559213534513, 28.680028703301801 ], [ -100.571559213534513, 28.675601731572151 ], [ -100.576131687242807, 28.675601731572129 ], [ -100.576131687242807, 28.680028703301833 ] ] ] } },
{ "type": "Feature", "properties": { "difference_1990_2000": 2.0, "difference_1990_2010": 3.0, "difference_1990_2020": 5.0 }, "geometry": { "type": "Polygon", "coordinates": [ [ [ -100.576131687242807, 28.618067929160862 ], [ -100.571559213534513, 28.618067929160862 ], [ -100.571559213534513, 28.613643544939787 ], [ -100.576131687242807, 28.613643544939787 ], [ -100.576131687242807, 28.618067929160862 ] ] ] } },
{ "type": "Feature", "properties": { "difference_1990_2000": 107.0, "difference_1990_2010": 0.0, "difference_1990_2020": 229.0 }, "geometry": { "type": "Polygon", "coordinates": [ [ [ -100.576131687242807, 28.728737626049991 ], [ -100.571559213534513, 28.728737626049991 ], [ -100.571559213534513, 28.724308614455129 ], [ -100.576131687242807, 28.724308614455129 ], [ -100.576131687242807, 28.728737626049991 ] ] ] } },
{ "type": "Feature", "properties": { "difference_1990_2000": 4.0, "difference_1990_2010": 4.0, "difference_1990_2020": 8.0 }, "geometry": { "type": "Polygon", "coordinates": [ [ [ -100.576131687242807, 28.622492497882234 ], [ -100.571559213534513, 28.622492497882213 ], [ -100.571559213534513, 28.618067929160862 ], [ -100.576131687242807, 28.618067929160862 ], [ -100.576131687242807, 28.622492497882234 ] ] ] } },
{ "type": "Feature", "properties": { "difference_1990_2000": 40.0, "difference_1990_2010": 38.0, "difference_1990_2020": 37.0 }, "geometry": { "type": "Polygon", "coordinates": [ [ [ -100.576131687242807, 28.635767311542491 ], [ -100.571559213534513, 28.635767311542491 ], [ -100.571559213534513, 28.631342189023567 ], [ -100.576131687242807, 28.631342189023567 ], [ -100.576131687242807, 28.635767311542491 ] ] ] } },
{ "type": "Feature", "properties": { "difference_1990_2000": 9.0, "difference_1990_2010": 20.0, "difference_1990_2020": 25.0 }, "geometry": { "type": "Polygon", "coordinates": [ [ [ -100.576131687242807, 28.631342189023567 ], [ -100.571559213534513, 28.631342189023567 ], [ -100.571559213534513, 28.626917251153326 ], [ -100.576131687242807, 28.626917251153326 ], [ -100.576131687242807, 28.631342189023567 ] ] ] } },
{ "type": "Feature", "properties": { "difference_1990_2000": 0.0, "difference_1990_2010": 0.0, "difference_1990_2020": 1.0 }, "geometry": { "type": "Polygon", "coordinates": [ [ [ -100.576131687242807, 28.613643544939787 ], [ -100.571559213534513, 28.613643544939787 ], [ -100.571559213534513, 28.609219345169535 ], [ -100.576131687242807, 28.609219345169535 ], [ -100.576131687242807, 28.613643544939787 ] ] ] } },
{ "type": "Feature", "properties": { "difference_1990_2000": 283.0, "difference_1990_2010": 514.0, "difference_1990_2020": 507.0 }, "geometry": { "type": "Polygon", "coordinates": [ [ [ -100.754458161865585, 28.423568861520867 ], [ -100.749885688157306, 28.423568861520867 ], [ -100.749885688157306, 28.419152546587927 ], [ -100.754458161865585, 28.419152546587927 ], [ -100.754458161865585, 28.423568861520867 ] ] ] } },
{ "type": "Feature", "properties": { "difference_1990_2000": 5.0, "difference_1990_2010": 352.0, "difference_1990_2020": 354.0 }, "geometry": { "type": "Polygon", "coordinates": [ [ [ -100.754458161865585, 28.414736413945622 ], [ -100.749885688157306, 28.414736413945622 ], [ -100.749885688157306, 28.410320463545172 ], [ -100.754458161865585, 28.41032046354519 ], [ -100.754458161865585, 28.414736413945622 ] ] ] } },
{ "type": "Feature", "properties": { "difference_1990_2000": 265.0, "difference_1990_2010": 595.0, "difference_1990_2020": 598.0 }, "geometry": { "type": "Polygon", "coordinates": [ [ [ -100.754458161865585, 28.419152546587927 ], [ -100.749885688157306, 28.419152546587927 ], [ -100.749885688157306, 28.414736413945622 ], [ -100.754458161865585, 28.414736413945622 ], [ -100.754458161865585, 28.419152546587927 ] ] ] } },
{ "type": "Feature", "properties": { "difference_1990_2000": 12.0, "difference_1990_2010": 21.0, "difference_1990_2020": 20.0 }, "geometry": { "type": "Polygon", "coordinates": [ [ [ -100.754458161865585, 28.445653172252204 ], [ -100.749885688157306, 28.445653172252204 ], [ -100.749885688157306, 28.441235945134295 ], [ -100.754458161865585, 28.441235945134256 ], [ -100.754458161865585, 28.445653172252204 ] ] ] } },
{ "type": "Feature", "properties": { "difference_1990_2000": 63.0, "difference_1990_2010": 126.0, "difference_1990_2020": 134.0 }, "geometry": { "type": "Polygon", "coordinates": [ [ [ -100.754458161865585, 28.432402038453553 ], [ -100.749885688157306, 28.432402038453553 ], [ -100.749885688157306, 28.427985358793141 ], [ -100.754458161865585, 28.427985358793141 ], [ -100.754458161865585, 28.432402038453553 ] ] ] } },
{ "type": "Feature", "properties": { "difference_1990_2000": 1.0, "difference_1990_2010": 0.0, "difference_1990_2020": 3.0 }, "geometry": { "type": "Polygon", "coordinates": [ [ [ -100.754458161865585, 28.441235945134256 ], [ -100.749885688157306, 28.441235945134295 ], [ -100.749885688157306, 28.436818900551007 ], [ -100.754458161865585, 28.436818900551007 ], [ -100.754458161865585, 28.441235945134256 ] ] ] } },
{ "type": "Feature", "properties": { "difference_1990_2000": 307.0, "difference_1990_2010": 634.0, "difference_1990_2020": 627.0 }, "geometry": { "type": "Polygon", "coordinates": [ [ [ -100.754458161865585, 28.427985358793141 ], [ -100.749885688157306, 28.427985358793141 ], [ -100.749885688157306, 28.423568861520867 ], [ -100.754458161865585, 28.423568861520867 ], [ -100.754458161865585, 28.427985358793141 ] ] ] } },
{ "type": "Feature", "properties": { "difference_1990_2000": 971.0, "difference_1990_2010": 0.0, "difference_1990_2020": 763.0 }, "geometry": { "type": "Polygon", "coordinates": [ [ [ -100.566986739826234, 28.684455860225228 ], [ -100.562414266117955, 28.684455860225228 ], [ -100.562414266117955, 28.680028703301801 ], [ -100.566986739826234, 28.680028703301801 ], [ -100.566986739826234, 28.684455860225228 ] ] ] } },
{ "type": "Feature", "properties": { "difference_1990_2000": 18.0, "difference_1990_2010": 0.0, "difference_1990_2020": 89.0 }, "geometry": { "type": "Polygon", "coordinates": [ [ [ -100.566986739826234, 28.733166823385609 ], [ -100.562414266117955, 28.733166823385609 ], [ -100.562414266117955, 28.728737626049991 ], [ -100.566986739826234, 28.728737626049991 ], [ -100.566986739826234, 28.733166823385609 ] ] ] } },
{ "type": "Feature", "properties": { "difference_1990_2000": 10.0, "difference_1990_2010": 0.0, "difference_1990_2020": 11.0 }, "geometry": { "type": "Polygon", "coordinates": [ [ [ -100.566986739826234, 28.666748343495854 ], [ -100.562414266117955, 28.666748343495854 ], [ -100.562414266117955, 28.662321927049927 ], [ -100.566986739826234, 28.662321927049927 ], [ -100.566986739826234, 28.666748343495854 ] ] ] } },
{ "type": "Feature", "properties": { "difference_1990_2000": 31.0, "difference_1990_2010": 0.0, "difference_1990_2020": 104.0 }, "geometry": { "type": "Polygon", "coordinates": [ [ [ -100.566986739826234, 28.711022693617526 ], [ -100.562414266117955, 28.711022693617526 ], [ -100.562414266117955, 28.706594424487943 ], [ -100.566986739826234, 28.706594424487978 ], [ -100.566986739826234, 28.711022693617526 ] ] ] } },
{ "type": "Feature", "properties": { "difference_1990_2000": 79.0, "difference_1990_2010": 0.0, "difference_1990_2020": 396.0 }, "geometry": { "type": "Polygon", "coordinates": [ [ [ -100.566986739826234, 28.715451148288736 ], [ -100.562414266117955, 28.715451148288736 ], [ -100.562414266117955, 28.711022693617537 ], [ -100.566986739826234, 28.711022693617537 ], [ -100.566986739826234, 28.715451148288736 ] ] ] } },
{ "type": "Feature", "properties": { "difference_1990_2000": 94.0, "difference_1990_2010": 0.0, "difference_1990_2020": 593.0 }, "geometry": { "type": "Polygon", "coordinates": [ [ [ -100.566986739826234, 28.719879788551367 ], [ -100.562414266117955, 28.719879788551367 ], [ -100.562414266117955, 28.715451148288736 ], [ -100.566986739826234, 28.715451148288736 ], [ -100.566986739826234, 28.719879788551367 ] ] ] } },
{ "type": "Feature", "properties": { "difference_1990_2000": 0.0, "difference_1990_2010": 0.0, "difference_1990_2020": 17.0 }, "geometry": { "type": "Polygon", "coordinates": [ [ [ -100.566986739826234, 28.706594424487946 ], [ -100.562414266117955, 28.706594424487943 ], [ -100.562414266117955, 28.702166340850411 ], [ -100.566986739826234, 28.702166340850376 ], [ -100.566986739826234, 28.706594424487946 ] ] ] } },
{ "type": "Feature", "properties": { "difference_1990_2000": 194.0, "difference_1990_2010": 0.0, "difference_1990_2020": 818.0 }, "geometry": { "type": "Polygon", "coordinates": [ [ [ -100.566986739826234, 28.67560173157219 ], [ -100.562414266117955, 28.675601731572151 ], [ -100.562414266117955, 28.671174944986717 ], [ -100.566986739826234, 28.671174944986717 ], [ -100.566986739826234, 28.67560173157219 ] ] ] } },
{ "type": "Feature", "properties": { "difference_1990_2000": 12.0, "difference_1990_2010": 0.0, "difference_1990_2020": -3.0 }, "geometry": { "type": "Polygon", "coordinates": [ [ [ -100.566986739826234, 28.653469649094617 ], [ -100.562414266117955, 28.653469649094628 ], [ -100.562414266117955, 28.649043787486082 ], [ -100.566986739826234, 28.649043787486082 ], [ -100.566986739826234, 28.653469649094617 ] ] ] } },
{ "type": "Feature", "properties": { "difference_1990_2000": 20.0, "difference_1990_2010": 17.0, "difference_1990_2020": 19.0 }, "geometry": { "type": "Polygon", "coordinates": [ [ [ -100.566986739826234, 28.644618110724249 ], [ -100.562414266117955, 28.644618110724249 ], [ -100.562414266117955, 28.640192618759563 ], [ -100.566986739826234, 28.640192618759563 ], [ -100.566986739826234, 28.644618110724249 ] ] ] } },
{ "type": "Feature", "properties": { "difference_1990_2000": 610.0, "difference_1990_2010": 0.0, "difference_1990_2020": 435.0 }, "geometry": { "type": "Polygon", "coordinates": [ [ [ -100.566986739826234, 28.693310729852161 ], [ -100.562414266117955, 28.693310729852161 ], [ -100.562414266117955, 28.688883202392169 ], [ -100.566986739826234, 28.688883202392169 ], [ -100.566986739826234, 28.693310729852161 ] ] ] } },
{ "type": "Feature", "properties": { "difference_1990_2000": 13.0, "difference_1990_2010": 0.0, "difference_1990_2020": -4.0 }, "geometry": { "type": "Polygon", "coordinates": [ [ [ -100.566986739826234, 28.657895695599404 ], [ -100.562414266117955, 28.657895695599365 ], [ -100.562414266117955, 28.653469649094628 ], [ -100.566986739826234, 28.653469649094617 ], [ -100.566986739826234, 28.657895695599404 ] ] ] } },
{ "type": "Feature", "properties": { "difference_1990_2000": 19.0, "difference_1990_2010": 13.0, "difference_1990_2020": 33.0 }, "geometry": { "type": "Polygon", "coordinates": [ [ [ -100.566986739826234, 28.626917251153284 ], [ -100.562414266117955, 28.626917251153326 ], [ -100.562414266117955, 28.622492497882213 ], [ -100.566986739826234, 28.622492497882213 ], [ -100.566986739826234, 28.626917251153284 ] ] ] } },
{ "type": "Feature", "properties": { "difference_1990_2000": 12.0, "difference_1990_2010": 0.0, "difference_1990_2020": -2.0 }, "geometry": { "type": "Polygon", "coordinates": [ [ [ -100.566986739826234, 28.662321927049927 ], [ -100.562414266117955, 28.662321927049927 ], [ -100.562414266117955, 28.657895695599365 ], [ -100.566986739826234, 28.657895695599404 ], [ -100.566986739826234, 28.662321927049927 ] ] ] } },
{ "type": "Feature", "properties": { "difference_1990_2000": 125.0, "difference_1990_2010": 152.0, "difference_1990_2020": 152.0 }, "geometry": { "type": "Polygon", "coordinates": [ [ [ -100.566986739826234, 28.640192618759563 ], [ -100.562414266117955, 28.640192618759563 ], [ -100.562414266117955, 28.635767311542491 ], [ -100.566986739826234, 28.635767311542491 ], [ -100.566986739826234, 28.640192618759563 ] ] ] } },
{ "type": "Feature", "properties": { "difference_1990_2000": 775.0, "difference_1990_2010": 0.0, "difference_1990_2020": 593.0 }, "geometry": { "type": "Polygon", "coordinates": [ [ [ -100.566986739826234, 28.697738442655023 ], [ -100.562414266117955, 28.697738442655062 ], [ -100.562414266117955, 28.693310729852161 ], [ -100.566986739826234, 28.693310729852161 ], [ -100.566986739826234, 28.697738442655023 ] ] ] } },
{ "type": "Feature", "properties": { "difference_1990_2000": 8.0, "difference_1990_2010": 0.0, "difference_1990_2020": -2.0 }, "geometry": { "type": "Polygon", "coordinates": [ [ [ -100.566986739826234, 28.649043787486082 ], [ -100.562414266117955, 28.649043787486082 ], [ -100.562414266117955, 28.644618110724249 ], [ -100.566986739826234, 28.644618110724249 ], [ -100.566986739826234, 28.649043787486082 ] ] ] } },
{ "type": "Feature", "properties": { "difference_1990_2000": 1216.0, "difference_1990_2010": 0.0, "difference_1990_2020": 929.0 }, "geometry": { "type": "Polygon", "coordinates": [ [ [ -100.566986739826234, 28.688883202392169 ], [ -100.562414266117955, 28.688883202392169 ], [ -100.562414266117955, 28.684455860225228 ], [ -100.566986739826234, 28.684455860225228 ], [ -100.566986739826234, 28.688883202392169 ] ] ] } },
{ "type": "Feature", "properties": { "difference_1990_2000": 66.0, "difference_1990_2010": 0.0, "difference_1990_2020": 364.0 }, "geometry": { "type": "Polygon", "coordinates": [ [ [ -100.566986739826234, 28.680028703301801 ], [ -100.562414266117955, 28.680028703301801 ], [ -100.562414266117955, 28.675601731572151 ], [ -100.566986739826234, 28.67560173157219 ], [ -100.566986739826234, 28.680028703301801 ] ] ] } },
{ "type": "Feature", "properties": { "difference_1990_2000": 87.0, "difference_1990_2010": 0.0, "difference_1990_2020": 572.0 }, "geometry": { "type": "Polygon", "coordinates": [ [ [ -100.566986739826234, 28.724308614455158 ], [ -100.562414266117955, 28.724308614455158 ], [ -100.562414266117955, 28.719879788551367 ], [ -100.566986739826234, 28.719879788551367 ], [ -100.566986739826234, 28.724308614455158 ] ] ] } },
{ "type": "Feature", "properties": { "difference_1990_2000": 0.0, "difference_1990_2010": 0.0, "difference_1990_2020": 7.0 }, "geometry": { "type": "Polygon", "coordinates": [ [ [ -100.566986739826234, 28.618067929160862 ], [ -100.562414266117955, 28.618067929160862 ], [ -100.562414266117955, 28.613643544939787 ], [ -100.566986739826234, 28.613643544939787 ], [ -100.566986739826234, 28.618067929160862 ] ] ] } },
{ "type": "Feature", "properties": { "difference_1990_2000": 23.0, "difference_1990_2010": 0.0, "difference_1990_2020": 88.0 }, "geometry": { "type": "Polygon", "coordinates": [ [ [ -100.566986739826234, 28.671174944986717 ], [ -100.562414266117955, 28.671174944986717 ], [ -100.562414266117955, 28.666748343495854 ], [ -100.566986739826234, 28.666748343495854 ], [ -100.566986739826234, 28.671174944986717 ] ] ] } },
{ "type": "Feature", "properties": { "difference_1990_2000": 2.0, "difference_1990_2010": 8.0, "difference_1990_2020": 42.0 }, "geometry": { "type": "Polygon", "coordinates": [ [ [ -100.566986739826234, 28.62249249788221 ], [ -100.562414266117955, 28.62249249788221 ], [ -100.562414266117955, 28.618067929160862 ], [ -100.566986739826234, 28.618067929160862 ], [ -100.566986739826234, 28.62249249788221 ] ] ] } },
{ "type": "Feature", "properties": { "difference_1990_2000": 61.0, "difference_1990_2010": 0.0, "difference_1990_2020": 326.0 }, "geometry": { "type": "Polygon", "coordinates": [ [ [ -100.566986739826234, 28.728737626049991 ], [ -100.562414266117955, 28.728737626049991 ], [ -100.562414266117955, 28.724308614455158 ], [ -100.566986739826234, 28.724308614455158 ], [ -100.566986739826234, 28.728737626049991 ] ] ] } },
{ "type": "Feature", "properties": { "difference_1990_2000": 103.0, "difference_1990_2010": 112.0, "difference_1990_2020": 101.0 }, "geometry": { "type": "Polygon", "coordinates": [ [ [ -100.566986739826234, 28.635767311542491 ], [ -100.562414266117955, 28.635767311542491 ], [ -100.562414266117955, 28.63134218902352 ], [ -100.566986739826234, 28.631342189023567 ], [ -100.566986739826234, 28.635767311542491 ] ] ] } },
{ "type": "Feature", "properties": { "difference_1990_2000": 1.0, "difference_1990_2010": 0.0, "difference_1990_2020": 285.0 }, "geometry": { "type": "Polygon", "coordinates": [ [ [ -100.566986739826234, 28.702166340850376 ], [ -100.562414266117955, 28.702166340850411 ], [ -100.562414266117955, 28.697738442655062 ], [ -100.566986739826234, 28.697738442655023 ], [ -100.566986739826234, 28.702166340850376 ] ] ] } },
{ "type": "Feature", "properties": { "difference_1990_2000": 80.0, "difference_1990_2010": 94.0, "difference_1990_2020": 77.0 }, "geometry": { "type": "Polygon", "coordinates": [ [ [ -100.566986739826234, 28.631342189023567 ], [ -100.562414266117955, 28.63134218902352 ], [ -100.562414266117955, 28.626917251153326 ], [ -100.566986739826234, 28.626917251153284 ], [ -100.566986739826234, 28.631342189023567 ] ] ] } },
{ "type": "Feature", "properties": { "difference_1990_2000": 1.0, "difference_1990_2010": 13.0, "difference_1990_2020": 21.0 }, "geometry": { "type": "Polygon", "coordinates": [ [ [ -100.745313214449055, 28.432402038453553 ], [ -100.740740740740762, 28.432402038453553 ], [ -100.740740740740762, 28.427985358793109 ], [ -100.745313214449055, 28.427985358793109 ], [ -100.745313214449055, 28.432402038453553 ] ] ] } },
{ "type": "Feature", "properties": { "difference_1990_2000": 2.0, "difference_1990_2010": 17.0, "difference_1990_2020": 26.0 }, "geometry": { "type": "Polygon", "coordinates": [ [ [ -100.745313214449055, 28.427985358793109 ], [ -100.740740740740762, 28.427985358793109 ], [ -100.740740740740762, 28.423568861520867 ], [ -100.745313214449055, 28.423568861520824 ], [ -100.745313214449055, 28.427985358793109 ] ] ] } },
{ "type": "Feature", "properties": { "difference_1990_2000": 0.0, "difference_1990_2010": 1.0, "difference_1990_2020": 2.0 }, "geometry": { "type": "Polygon", "coordinates": [ [ [ -100.745313214449055, 28.423568861520824 ], [ -100.740740740740762, 28.423568861520867 ], [ -100.740740740740762, 28.419152546587927 ], [ -100.745313214449055, 28.419152546587927 ], [ -100.745313214449055, 28.423568861520824 ] ] ] } },
{ "type": "Feature", "properties": { "difference_1990_2000": 180.0, "difference_1990_2010": 0.0, "difference_1990_2020": 21.0 }, "geometry": { "type": "Polygon", "coordinates": [ [ [ -100.557841792409704, 28.711022693617505 ], [ -100.553269318701425, 28.711022693617526 ], [ -100.553269318701425, 28.706594424487978 ], [ -100.557841792409704, 28.706594424487946 ], [ -100.557841792409704, 28.711022693617505 ] ] ] } },
{ "type": "Feature", "properties": { "difference_1990_2000": -14.0, "difference_1990_2010": 0.0, "difference_1990_2020": -162.0 }, "geometry": { "type": "Polygon", "coordinates": [ [ [ -100.557841792409704, 28.684455860225228 ], [ -100.553269318701425, 28.684455860225242 ], [ -100.553269318701425, 28.680028703301833 ], [ -100.557841792409704, 28.680028703301801 ], [ -100.557841792409704, 28.684455860225228 ] ] ] } },
{ "type": "Feature", "properties": { "difference_1990_2000": 50.0, "difference_1990_2010": 0.0, "difference_1990_2020": -115.0 }, "geometry": { "type": "Polygon", "coordinates": [ [ [ -100.557841792409704, 28.666748343495893 ], [ -100.553269318701425, 28.666748343495854 ], [ -100.553269318701425, 28.662321927049927 ], [ -100.557841792409704, 28.662321927049927 ], [ -100.557841792409704, 28.666748343495893 ] ] ] } },
{ "type": "Feature", "properties": { "difference_1990_2000": 1211.0, "difference_1990_2010": 0.0, "difference_1990_2020": 1876.0 }, "geometry": { "type": "Polygon", "coordinates": [ [ [ -100.557841792409704, 28.719879788551342 ], [ -100.553269318701425, 28.719879788551367 ], [ -100.553269318701425, 28.715451148288736 ], [ -100.557841792409704, 28.715451148288736 ], [ -100.557841792409704, 28.719879788551342 ] ] ] } },
{ "type": "Feature", "properties": { "difference_1990_2000": 10.0, "difference_1990_2010": 0.0, "difference_1990_2020": 28.0 }, "geometry": { "type": "Polygon", "coordinates": [ [ [ -100.557841792409704, 28.675601731572129 ], [ -100.553269318701425, 28.67560173157219 ], [ -100.553269318701425, 28.671174944986753 ], [ -100.557841792409704, 28.671174944986717 ], [ -100.557841792409704, 28.675601731572129 ] ] ] } },
{ "type": "Feature", "properties": { "difference_1990_2000": 792.0, "difference_1990_2010": 0.0, "difference_1990_2020": 992.0 }, "geometry": { "type": "Polygon", "coordinates": [ [ [ -100.557841792409704, 28.715451148288736 ], [ -100.553269318701425, 28.715451148288736 ], [ -100.553269318701425, 28.711022693617537 ], [ -100.557841792409704, 28.711022693617526 ], [ -100.557841792409704, 28.715451148288736 ] ] ] } },
{ "type": "Feature", "properties": { "difference_1990_2000": 171.0, "difference_1990_2010": 0.0, "difference_1990_2020": 166.0 }, "geometry": { "type": "Polygon", "coordinates": [ [ [ -100.557841792409704, 28.706594424487946 ], [ -100.553269318701425, 28.706594424487978 ], [ -100.553269318701425, 28.702166340850411 ], [ -100.557841792409704, 28.702166340850411 ], [ -100.557841792409704, 28.706594424487946 ] ] ] } },
{ "type": "Feature", "properties": { "difference_1990_2000": -287.0, "difference_1990_2010": 0.0, "difference_1990_2020": -367.0 }, "geometry": { "type": "Polygon", "coordinates": [ [ [ -100.557841792409704, 28.653469649094628 ], [ -100.553269318701425, 28.653469649094617 ], [ -100.553269318701425, 28.649043787486082 ], [ -100.557841792409704, 28.649043787486082 ], [ -100.557841792409704, 28.653469649094628 ] ] ] } },
{ "type": "Feature", "properties": { "difference_1990_2000": -303.0, "difference_1990_2010": 0.0, "difference_1990_2020": -387.0 }, "geometry": { "type": "Polygon", "coordinates": [ [ [ -100.557841792409704, 28.657895695599365 ], [ -100.553269318701425, 28.657895695599365 ], [ -100.553269318701425, 28.653469649094617 ], [ -100.557841792409704, 28.653469649094628 ], [ -100.557841792409704, 28.657895695599365 ] ] ] } },
{ "type": "Feature", "properties": { "difference_1990_2000": 63.0, "difference_1990_2010": -172.0, "difference_1990_2020": 1079.0 }, "geometry": { "type": "Polygon", "coordinates": [ [ [ -100.557841792409704, 28.644618110724249 ], [ -100.553269318701425, 28.644618110724249 ], [ -100.553269318701425, 28.640192618759581 ], [ -100.557841792409704, 28.640192618759521 ], [ -100.557841792409704, 28.644618110724249 ] ] ] } },
{ "type": "Feature", "properties": { "difference_1990_2000": 10.0, "difference_1990_2010": 0.0, "difference_1990_2020": 11.0 }, "geometry": { "type": "Polygon", "coordinates": [ [ [ -100.557841792409704, 28.693310729852186 ], [ -100.553269318701425, 28.693310729852186 ], [ -100.553269318701425, 28.688883202392169 ], [ -100.557841792409704, 28.688883202392169 ], [ -100.557841792409704, 28.693310729852186 ] ] ] } },
{ "type": "Feature", "properties": { "difference_1990_2000": -10.0, "difference_1990_2010": 0.0, "difference_1990_2020": -111.0 }, "geometry": { "type": "Polygon", "coordinates": [ [ [ -100.557841792409704, 28.662321927049927 ], [ -100.553269318701425, 28.662321927049927 ], [ -100.553269318701425, 28.657895695599365 ], [ -100.557841792409704, 28.657895695599365 ], [ -100.557841792409704, 28.662321927049927 ] ] ] } },
{ "type": "Feature", "properties": { "difference_1990_2000": 23.0, "difference_1990_2010": 33.0, "difference_1990_2020": 43.0 }, "geometry": { "type": "Polygon", "coordinates": [ [ [ -100.557841792409704, 28.626917251153326 ], [ -100.553269318701425, 28.62691725115333 ], [ -100.553269318701425, 28.622492497882234 ], [ -100.557841792409704, 28.62249249788227 ], [ -100.557841792409704, 28.626917251153326 ] ] ] } },
{ "type": "Feature", "properties": { "difference_1990_2000": 193.0, "difference_1990_2010": 228.0, "difference_1990_2020": 245.0 }, "geometry": { "type": "Polygon", "coordinates": [ [ [ -100.557841792409704, 28.640192618759521 ], [ -100.553269318701425, 28.640192618759581 ], [ -100.553269318701425, 28.635767311542473 ], [ -100.557841792409704, 28.635767311542491 ], [ -100.557841792409704, 28.640192618759521 ] ] ] } },
{ "type": "Feature", "properties": { "difference_1990_2000": 12.0, "difference_1990_2010": 0.0, "difference_1990_2020": 45.0 }, "geometry": { "type": "Polygon", "coordinates": [ [ [ -100.557841792409704, 28.697738442655023 ], [ -100.553269318701425, 28.697738442655062 ], [ -100.553269318701425, 28.693310729852186 ], [ -100.557841792409704, 28.693310729852186 ], [ -100.557841792409704, 28.697738442655023 ] ] ] } },
{ "type": "Feature", "properties": { "difference_1990_2000": -278.0, "difference_1990_2010": 0.0, "difference_1990_2020": -210.0 }, "geometry": { "type": "Polygon", "coordinates": [ [ [ -100.557841792409704, 28.649043787486082 ], [ -100.553269318701425, 28.649043787486082 ], [ -100.553269318701425, 28.644618110724249 ], [ -100.557841792409704, 28.644618110724249 ], [ -100.557841792409704, 28.649043787486082 ] ] ] } },
{ "type": "Feature", "properties": { "difference_1990_2000": 112.0, "difference_1990_2010": 0.0, "difference_1990_2020": 781.0 }, "geometry": { "type": "Polygon", "coordinates": [ [ [ -100.557841792409704, 28.724308614455129 ], [ -100.553269318701425, 28.724308614455175 ], [ -100.553269318701425, 28.719879788551367 ], [ -100.557841792409704, 28.719879788551342 ], [ -100.557841792409704, 28.724308614455129 ] ] ] } },
{ "type": "Feature", "properties": { "difference_1990_2000": -80.0, "difference_1990_2010": 0.0, "difference_1990_2020": -268.0 }, "geometry": { "type": "Polygon", "coordinates": [ [ [ -100.557841792409704, 28.688883202392169 ], [ -100.553269318701425, 28.688883202392169 ], [ -100.553269318701425, 28.684455860225242 ], [ -100.557841792409704, 28.684455860225228 ], [ -100.557841792409704, 28.688883202392169 ] ] ] } },
{ "type": "Feature", "properties": { "difference_1990_2000": 12.0, "difference_1990_2010": 0.0, "difference_1990_2020": -16.0 }, "geometry": { "type": "Polygon", "coordinates": [ [ [ -100.557841792409704, 28.680028703301801 ], [ -100.553269318701425, 28.680028703301833 ], [ -100.553269318701425, 28.67560173157219 ], [ -100.557841792409704, 28.675601731572129 ], [ -100.557841792409704, 28.680028703301801 ] ] ] } },
{ "type": "Feature", "properties": { "difference_1990_2000": -180.0, "difference_1990_2010": 0.0, "difference_1990_2020": -386.0 }, "geometry": { "type": "Polygon", "coordinates": [ [ [ -100.557841792409704, 28.671174944986717 ], [ -100.553269318701425, 28.671174944986753 ], [ -100.553269318701425, 28.666748343495854 ], [ -100.557841792409704, 28.666748343495893 ], [ -100.557841792409704, 28.671174944986717 ] ] ] } },
{ "type": "Feature", "properties": { "difference_1990_2000": 0.0, "difference_1990_2010": 0.0, "difference_1990_2020": 1.0 }, "geometry": { "type": "Polygon", "coordinates": [ [ [ -100.557841792409704, 28.622492497882213 ], [ -100.553269318701425, 28.622492497882213 ], [ -100.553269318701425, 28.618067929160862 ], [ -100.557841792409704, 28.618067929160862 ], [ -100.557841792409704, 28.622492497882213 ] ] ] } },
{ "type": "Feature", "properties": { "difference_1990_2000": 86.0, "difference_1990_2010": 0.0, "difference_1990_2020": 319.0 }, "geometry": { "type": "Polygon", "coordinates": [ [ [ -100.557841792409704, 28.728737626049991 ], [ -100.553269318701425, 28.728737626050027 ], [ -100.553269318701425, 28.724308614455158 ], [ -100.557841792409704, 28.724308614455129 ], [ -100.557841792409704, 28.728737626049991 ] ] ] } },
{ "type": "Feature", "properties": { "difference_1990_2000": 193.0, "difference_1990_2010": 230.0, "difference_1990_2020": 227.0 }, "geometry": { "type": "Polygon", "coordinates": [ [ [ -100.557841792409704, 28.635767311542491 ], [ -100.553269318701425, 28.635767311542473 ], [ -100.553269318701425, 28.631342189023567 ], [ -100.557841792409704, 28.631342189023563 ], [ -100.557841792409704, 28.635767311542491 ] ] ] } },
{ "type": "Feature", "properties": { "difference_1990_2000": 23.0, "difference_1990_2010": 0.0, "difference_1990_2020": 191.0 }, "geometry": { "type": "Polygon", "coordinates": [ [ [ -100.557841792409704, 28.702166340850411 ], [ -100.553269318701425, 28.702166340850411 ], [ -100.553269318701425, 28.697738442655062 ], [ -100.557841792409704, 28.697738442655023 ], [ -100.557841792409704, 28.702166340850411 ] ] ] } },
{ "type": "Feature", "properties": { "difference_1990_2000": 105.0, "difference_1990_2010": 122.0, "difference_1990_2020": 121.0 }, "geometry": { "type": "Polygon", "coordinates": [ [ [ -100.557841792409704, 28.631342189023563 ], [ -100.553269318701425, 28.631342189023567 ], [ -100.553269318701425, 28.62691725115333 ], [ -100.557841792409704, 28.626917251153326 ], [ -100.557841792409704, 28.631342189023563 ] ] ] } },
{ "type": "Feature", "properties": { "difference_1990_2000": 678.0, "difference_1990_2010": 0.0, "difference_1990_2020": 823.0 }, "geometry": { "type": "Polygon", "coordinates": [ [ [ -100.548696844993174, 28.711022693617505 ], [ -100.544124371284866, 28.711022693617526 ], [ -100.544124371284866, 28.706594424487999 ], [ -100.548696844993174, 28.706594424487946 ], [ -100.548696844993174, 28.711022693617505 ] ] ] } },
{ "type": "Feature", "properties": { "difference_1990_2000": 265.0, "difference_1990_2010": 0.0, "difference_1990_2020": 305.0 }, "geometry": { "type": "Polygon", "coordinates": [ [ [ -100.548696844993174, 28.684455860225242 ], [ -100.544124371284866, 28.684455860225242 ], [ -100.544124371284866, 28.680028703301801 ], [ -100.548696844993174, 28.680028703301783 ], [ -100.548696844993174, 28.684455860225242 ] ] ] } },
{ "type": "Feature", "properties": { "difference_1990_2000": 147.0, "difference_1990_2010": 0.0, "difference_1990_2020": 210.0 }, "geometry": { "type": "Polygon", "coordinates": [ [ [ -100.548696844993174, 28.666748343495854 ], [ -100.544124371284866, 28.666748343495893 ], [ -100.544124371284866, 28.662321927049927 ], [ -100.548696844993174, 28.662321927049927 ], [ -100.548696844993174, 28.666748343495854 ] ] ] } },
{ "type": "Feature", "properties": { "difference_1990_2000": 1654.0, "difference_1990_2010": 0.0, "difference_1990_2020": 1471.0 }, "geometry": { "type": "Polygon", "coordinates": [ [ [ -100.548696844993174, 28.715451148288736 ], [ -100.544124371284866, 28.715451148288736 ], [ -100.544124371284866, 28.711022693617537 ], [ -100.548696844993174, 28.711022693617537 ], [ -100.548696844993174, 28.715451148288736 ] ] ] } },
{ "type": "Feature", "properties": { "difference_1990_2000": 176.0, "difference_1990_2010": 0.0, "difference_1990_2020": 756.0 }, "geometry": { "type": "Polygon", "coordinates": [ [ [ -100.548696844993174, 28.719879788551367 ], [ -100.544124371284866, 28.719879788551367 ], [ -100.544124371284866, 28.715451148288736 ], [ -100.548696844993174, 28.715451148288736 ], [ -100.548696844993174, 28.719879788551367 ] ] ] } },
{ "type": "Feature", "properties": { "difference_1990_2000": 16.0, "difference_1990_2010": 0.0, "difference_1990_2020": -75.0 }, "geometry": { "type": "Polygon", "coordinates": [ [ [ -100.548696844993174, 28.675601731572151 ], [ -100.544124371284866, 28.675601731572151 ], [ -100.544124371284866, 28.671174944986753 ], [ -100.548696844993174, 28.671174944986753 ], [ -100.548696844993174, 28.675601731572151 ] ] ] } },
{ "type": "Feature", "properties": { "difference_1990_2000": 342.0, "difference_1990_2010": 0.0, "difference_1990_2020": 509.0 }, "geometry": { "type": "Polygon", "coordinates": [ [ [ -100.548696844993174, 28.706594424487943 ], [ -100.544124371284866, 28.706594424487978 ], [ -100.544124371284866, 28.702166340850411 ], [ -100.548696844993174, 28.702166340850411 ], [ -100.548696844993174, 28.706594424487943 ] ] ] } },
{ "type": "Feature", "properties": { "difference_1990_2000": 419.0, "difference_1990_2010": 0.0, "difference_1990_2020": 600.0 }, "geometry": { "type": "Polygon", "coordinates": [ [ [ -100.548696844993174, 28.653469649094617 ], [ -100.544124371284866, 28.653469649094628 ], [ -100.544124371284866, 28.649043787486082 ], [ -100.548696844993174, 28.649043787486082 ], [ -100.548696844993174, 28.653469649094617 ] ] ] } },
{ "type": "Feature", "properties": { "difference_1990_2000": 145.0, "difference_1990_2010": -533.0, "difference_1990_2020": 181.0 }, "geometry": { "type": "Polygon", "coordinates": [ [ [ -100.548696844993174, 28.644618110724249 ], [ -100.544124371284866, 28.644618110724249 ], [ -100.544124371284866, 28.640192618759563 ], [ -100.548696844993174, 28.640192618759563 ], [ -100.548696844993174, 28.644618110724249 ] ] ] } },
{ "type": "Feature", "properties": { "difference_1990_2000": 236.0, "difference_1990_2010": 0.0, "difference_1990_2020": 380.0 }, "geometry": { "type": "Polygon", "coordinates": [ [ [ -100.548696844993174, 28.657895695599404 ], [ -100.544124371284866, 28.657895695599404 ], [ -100.544124371284866, 28.653469649094628 ], [ -100.548696844993174, 28.653469649094617 ], [ -100.548696844993174, 28.657895695599404 ] ] ] } },
{ "type": "Feature", "properties": { "difference_1990_2000": -150.0, "difference_1990_2010": 0.0, "difference_1990_2020": -608.0 }, "geometry": { "type": "Polygon", "coordinates": [ [ [ -100.548696844993174, 28.693310729852186 ], [ -100.544124371284866, 28.693310729852186 ], [ -100.544124371284866, 28.688883202392169 ], [ -100.548696844993174, 28.688883202392169 ], [ -100.548696844993174, 28.693310729852186 ] ] ] } },
{ "type": "Feature", "properties": { "difference_1990_2000": 236.0, "difference_1990_2010": 0.0, "difference_1990_2020": 380.0 }, "geometry": { "type": "Polygon", "coordinates": [ [ [ -100.548696844993174, 28.662321927049927 ], [ -100.544124371284866, 28.662321927049927 ], [ -100.544124371284866, 28.657895695599404 ], [ -100.548696844993174, 28.657895695599404 ], [ -100.548696844993174, 28.662321927049927 ] ] ] } },
{ "type": "Feature", "properties": { "difference_1990_2000": 505.0, "difference_1990_2010": 645.0, "difference_1990_2020": 638.0 }, "geometry": { "type": "Polygon", "coordinates": [ [ [ -100.548696844993174, 28.640192618759563 ], [ -100.544124371284866, 28.640192618759563 ], [ -100.544124371284866, 28.635767311542491 ], [ -100.548696844993174, 28.635767311542491 ], [ -100.548696844993174, 28.640192618759563 ] ] ] } },
{ "type": "Feature", "properties": { "difference_1990_2000": -105.0, "difference_1990_2010": 0.0, "difference_1990_2020": -309.0 }, "geometry": { "type": "Polygon", "coordinates": [ [ [ -100.548696844993174, 28.697738442655062 ], [ -100.544124371284866, 28.697738442655062 ], [ -100.544124371284866, 28.693310729852186 ], [ -100.548696844993174, 28.693310729852186 ], [ -100.548696844993174, 28.697738442655062 ] ] ] } },
{ "type": "Feature", "properties": { "difference_1990_2000": 363.0, "difference_1990_2010": 0.0, "difference_1990_2020": 304.0 }, "geometry": { "type": "Polygon", "coordinates": [ [ [ -100.548696844993174, 28.649043787486082 ], [ -100.544124371284866, 28.649043787486082 ], [ -100.544124371284866, 28.644618110724249 ], [ -100.548696844993174, 28.644618110724249 ], [ -100.548696844993174, 28.649043787486082 ] ] ] } },
{ "type": "Feature", "properties": { "difference_1990_2000": 14.0, "difference_1990_2010": 0.0, "difference_1990_2020": 136.0 }, "geometry": { "type": "Polygon", "coordinates": [ [ [ -100.548696844993174, 28.680028703301783 ], [ -100.544124371284866, 28.680028703301801 ], [ -100.544124371284866, 28.675601731572151 ], [ -100.548696844993174, 28.675601731572151 ], [ -100.548696844993174, 28.680028703301783 ] ] ] } },
{ "type": "Feature", "properties": { "difference_1990_2000": -104.0, "difference_1990_2010": 0.0, "difference_1990_2020": -454.0 }, "geometry": { "type": "Polygon", "coordinates": [ [ [ -100.548696844993174, 28.688883202392169 ], [ -100.544124371284866, 28.688883202392169 ], [ -100.544124371284866, 28.684455860225242 ], [ -100.548696844993174, 28.684455860225242 ], [ -100.548696844993174, 28.688883202392169 ] ] ] } },
{ "type": "Feature", "properties": { "difference_1990_2000": 0.0, "difference_1990_2010": 0.0, "difference_1990_2020": 264.0 }, "geometry": { "type": "Polygon", "coordinates": [ [ [ -100.548696844993174, 28.724308614455158 ], [ -100.544124371284866, 28.724308614455175 ], [ -100.544124371284866, 28.719879788551367 ], [ -100.548696844993174, 28.719879788551367 ], [ -100.548696844993174, 28.724308614455158 ] ] ] } },
{ "type": "Feature", "properties": { "difference_1990_2000": 0.0, "difference_1990_2010": 0.0, "difference_1990_2020": 95.0 }, "geometry": { "type": "Polygon", "coordinates": [ [ [ -100.548696844993174, 28.728737626049991 ], [ -100.544124371284866, 28.728737626050027 ], [ -100.544124371284866, 28.724308614455158 ], [ -100.548696844993174, 28.724308614455158 ], [ -100.548696844993174, 28.728737626049991 ] ] ] } },
{ "type": "Feature", "properties": { "difference_1990_2000": 0.0, "difference_1990_2010": 0.0, "difference_1990_2020": -71.0 }, "geometry": { "type": "Polygon", "coordinates": [ [ [ -100.548696844993174, 28.671174944986753 ], [ -100.544124371284866, 28.671174944986753 ], [ -100.544124371284866, 28.666748343495893 ], [ -100.548696844993174, 28.666748343495854 ], [ -100.548696844993174, 28.671174944986753 ] ] ] } },
{ "type": "Feature", "properties": { "difference_1990_2000": 385.0, "difference_1990_2010": 487.0, "difference_1990_2020": 519.0 }, "geometry": { "type": "Polygon", "coordinates": [ [ [ -100.548696844993174, 28.635767311542491 ], [ -100.544124371284866, 28.635767311542491 ], [ -100.544124371284866, 28.631342189023567 ], [ -100.548696844993174, 28.631342189023567 ], [ -100.548696844993174, 28.635767311542491 ] ] ] } },
{ "type": "Feature", "properties": { "difference_1990_2000": 24.0, "difference_1990_2010": 0.0, "difference_1990_2020": 192.0 }, "geometry": { "type": "Polygon", "coordinates": [ [ [ -100.548696844993174, 28.702166340850411 ], [ -100.544124371284866, 28.702166340850411 ], [ -100.544124371284866, 28.697738442655062 ], [ -100.548696844993174, 28.697738442655062 ], [ -100.548696844993174, 28.702166340850411 ] ] ] } },
{ "type": "Feature", "properties": { "difference_1990_2000": 4.0, "difference_1990_2010": 5.0, "difference_1990_2020": 5.0 }, "geometry": { "type": "Polygon", "coordinates": [ [ [ -100.548696844993174, 28.631342189023567 ], [ -100.544124371284866, 28.631342189023567 ], [ -100.544124371284866, 28.626917251153326 ], [ -100.548696844993174, 28.626917251153326 ], [ -100.548696844993174, 28.631342189023567 ] ] ] } },
{ "type": "Feature", "properties": { "difference_1990_2000": 983.0, "difference_1990_2010": 0.0, "difference_1990_2020": 1523.0 }, "geometry": { "type": "Polygon", "coordinates": [ [ [ -100.539551897576601, 28.684455860225242 ], [ -100.534979423868322, 28.684455860225242 ], [ -100.534979423868322, 28.680028703301801 ], [ -100.539551897576601, 28.680028703301801 ], [ -100.539551897576601, 28.684455860225242 ] ] ] } },
{ "type": "Feature", "properties": { "difference_1990_2000": 30.0, "difference_1990_2010": 0.0, "difference_1990_2020": 276.0 }, "geometry": { "type": "Polygon", "coordinates": [ [ [ -100.539551897576601, 28.666748343495854 ], [ -100.534979423868322, 28.666748343495854 ], [ -100.534979423868322, 28.662321927049927 ], [ -100.539551897576601, 28.662321927049909 ], [ -100.539551897576601, 28.666748343495854 ] ] ] } },
{ "type": "Feature", "properties": { "difference_1990_2000": 473.0, "difference_1990_2010": 0.0, "difference_1990_2020": 322.0 }, "geometry": { "type": "Polygon", "coordinates": [ [ [ -100.539551897576601, 28.711022693617526 ], [ -100.534979423868322, 28.711022693617526 ], [ -100.534979423868322, 28.706594424487978 ], [ -100.539551897576601, 28.706594424487978 ], [ -100.539551897576601, 28.711022693617526 ] ] ] } },
{ "type": "Feature", "properties": { "difference_1990_2000": 135.0, "difference_1990_2010": 0.0, "difference_1990_2020": 674.0 }, "geometry": { "type": "Polygon", "coordinates": [ [ [ -100.539551897576601, 28.719879788551342 ], [ -100.534979423868322, 28.719879788551367 ], [ -100.534979423868322, 28.715451148288736 ], [ -100.539551897576601, 28.715451148288736 ], [ -100.539551897576601, 28.719879788551342 ] ] ] } },
{ "type": "Feature", "properties": { "difference_1990_2000": 718.0, "difference_1990_2010": 0.0, "difference_1990_2020": 1186.0 }, "geometry": { "type": "Polygon", "coordinates": [ [ [ -100.539551897576601, 28.715451148288736 ], [ -100.534979423868322, 28.715451148288736 ], [ -100.534979423868322, 28.711022693617537 ], [ -100.539551897576601, 28.711022693617537 ], [ -100.539551897576601, 28.715451148288736 ] ] ] } },
{ "type": "Feature", "properties": { "difference_1990_2000": 89.0, "difference_1990_2010": 0.0, "difference_1990_2020": 61.0 }, "geometry": { "type": "Polygon", "coordinates": [ [ [ -100.539551897576601, 28.675601731572151 ], [ -100.534979423868322, 28.675601731572151 ], [ -100.534979423868322, 28.671174944986753 ], [ -100.539551897576601, 28.671174944986717 ], [ -100.539551897576601, 28.675601731572151 ] ] ] } },
{ "type": "Feature", "properties": { "difference_1990_2000": 196.0, "difference_1990_2010": 0.0, "difference_1990_2020": 153.0 }, "geometry": { "type": "Polygon", "coordinates": [ [ [ -100.539551897576601, 28.706594424487978 ], [ -100.534979423868322, 28.706594424487946 ], [ -100.534979423868322, 28.702166340850411 ], [ -100.539551897576601, 28.702166340850411 ], [ -100.539551897576601, 28.706594424487978 ] ] ] } },
{ "type": "Feature", "properties": { "difference_1990_2000": -264.0, "difference_1990_2010": 0.0, "difference_1990_2020": 1014.0 }, "geometry": { "type": "Polygon", "coordinates": [ [ [ -100.539551897576601, 28.653469649094628 ], [ -100.534979423868322, 28.653469649094617 ], [ -100.534979423868322, 28.649043787486082 ], [ -100.539551897576601, 28.649043787486065 ], [ -100.539551897576601, 28.653469649094628 ] ] ] } },
{ "type": "Feature", "properties": { "difference_1990_2000": 115.0, "difference_1990_2010": 0.0, "difference_1990_2020": 1158.0 }, "geometry": { "type": "Polygon", "coordinates": [ [ [ -100.539551897576601, 28.657895695599365 ], [ -100.534979423868322, 28.657895695599404 ], [ -100.534979423868322, 28.653469649094617 ], [ -100.539551897576601, 28.653469649094628 ], [ -100.539551897576601, 28.657895695599365 ] ] ] } },
{ "type": "Feature", "properties": { "difference_1990_2000": 10.0, "difference_1990_2010": -180.0, "difference_1990_2020": 153.0 }, "geometry": { "type": "Polygon", "coordinates": [ [ [ -100.539551897576601, 28.644618110724249 ], [ -100.534979423868322, 28.644618110724249 ], [ -100.534979423868322, 28.640192618759563 ], [ -100.539551897576601, 28.640192618759521 ], [ -100.539551897576601, 28.644618110724249 ] ] ] } },
{ "type": "Feature", "properties": { "difference_1990_2000": -242.0, "difference_1990_2010": 0.0, "difference_1990_2020": -804.0 }, "geometry": { "type": "Polygon", "coordinates": [ [ [ -100.539551897576601, 28.693310729852186 ], [ -100.534979423868322, 28.693310729852161 ], [ -100.534979423868322, 28.688883202392187 ], [ -100.539551897576601, 28.688883202392148 ], [ -100.539551897576601, 28.693310729852186 ] ] ] } },
{ "type": "Feature", "properties": { "difference_1990_2000": 219.0, "difference_1990_2010": 0.0, "difference_1990_2020": 353.0 }, "geometry": { "type": "Polygon", "coordinates": [ [ [ -100.539551897576601, 28.662321927049909 ], [ -100.534979423868322, 28.662321927049927 ], [ -100.534979423868322, 28.657895695599404 ], [ -100.539551897576601, 28.657895695599365 ], [ -100.539551897576601, 28.662321927049909 ] ] ] } },
{ "type": "Feature", "properties": { "difference_1990_2000": 168.0, "difference_1990_2010": 102.0, "difference_1990_2020": 189.0 }, "geometry": { "type": "Polygon", "coordinates": [ [ [ -100.539551897576601, 28.640192618759521 ], [ -100.534979423868322, 28.640192618759563 ], [ -100.534979423868322, 28.635767311542473 ], [ -100.539551897576601, 28.635767311542491 ], [ -100.539551897576601, 28.640192618759521 ] ] ] } },
{ "type": "Feature", "properties": { "difference_1990_2000": -483.0, "difference_1990_2010": 0.0, "difference_1990_2020": -1016.0 }, "geometry": { "type": "Polygon", "coordinates": [ [ [ -100.539551897576601, 28.697738442655062 ], [ -100.534979423868322, 28.697738442655062 ], [ -100.534979423868322, 28.693310729852161 ], [ -100.539551897576601, 28.693310729852186 ], [ -100.539551897576601, 28.697738442655062 ] ] ] } },
{ "type": "Feature", "properties": { "difference_1990_2000": -132.0, "difference_1990_2010": 0.0, "difference_1990_2020": 697.0 }, "geometry": { "type": "Polygon", "coordinates": [ [ [ -100.539551897576601, 28.649043787486065 ], [ -100.534979423868322, 28.649043787486082 ], [ -100.534979423868322, 28.644618110724249 ], [ -100.539551897576601, 28.644618110724249 ], [ -100.539551897576601, 28.649043787486065 ] ] ] } },
{ "type": "Feature", "properties": { "difference_1990_2000": 767.0, "difference_1990_2010": 0.0, "difference_1990_2020": 1324.0 }, "geometry": { "type": "Polygon", "coordinates": [ [ [ -100.539551897576601, 28.688883202392148 ], [ -100.534979423868322, 28.688883202392187 ], [ -100.534979423868322, 28.684455860225242 ], [ -100.539551897576601, 28.684455860225242 ], [ -100.539551897576601, 28.688883202392148 ] ] ] } },
{ "type": "Feature", "properties": { "difference_1990_2000": 395.0, "difference_1990_2010": 0.0, "difference_1990_2020": 440.0 }, "geometry": { "type": "Polygon", "coordinates": [ [ [ -100.539551897576601, 28.680028703301801 ], [ -100.534979423868322, 28.680028703301801 ], [ -100.534979423868322, 28.675601731572151 ], [ -100.539551897576601, 28.675601731572151 ], [ -100.539551897576601, 28.680028703301801 ] ] ] } },
{ "type": "Feature", "properties": { "difference_1990_2000": 107.0, "difference_1990_2010": 0.0, "difference_1990_2020": 1653.0 }, "geometry": { "type": "Polygon", "coordinates": [ [ [ -100.539551897576601, 28.724308614455175 ], [ -100.534979423868322, 28.724308614455158 ], [ -100.534979423868322, 28.719879788551367 ], [ -100.539551897576601, 28.719879788551342 ], [ -100.539551897576601, 28.724308614455175 ] ] ] } },
{ "type": "Feature", "properties": { "difference_1990_2000": -5.0, "difference_1990_2010": 0.0, "difference_1990_2020": -54.0 }, "geometry": { "type": "Polygon", "coordinates": [ [ [ -100.539551897576601, 28.671174944986717 ], [ -100.534979423868322, 28.671174944986753 ], [ -100.534979423868322, 28.666748343495854 ], [ -100.539551897576601, 28.666748343495854 ], [ -100.539551897576601, 28.671174944986717 ] ] ] } },
{ "type": "Feature", "properties": { "difference_1990_2000": -87.0, "difference_1990_2010": 0.0, "difference_1990_2020": -214.0 }, "geometry": { "type": "Polygon", "coordinates": [ [ [ -100.539551897576601, 28.702166340850411 ], [ -100.534979423868322, 28.702166340850411 ], [ -100.534979423868322, 28.697738442655062 ], [ -100.539551897576601, 28.697738442655062 ], [ -100.539551897576601, 28.702166340850411 ] ] ] } },
{ "type": "Feature", "properties": { "difference_1990_2000": 5.0, "difference_1990_2010": 0.0, "difference_1990_2020": 35.0 }, "geometry": { "type": "Polygon", "coordinates": [ [ [ -100.530406950160042, 28.73316682338557 ], [ -100.525834476451763, 28.73316682338557 ], [ -100.525834476451763, 28.728737626049991 ], [ -100.530406950160042, 28.728737626049991 ], [ -100.530406950160042, 28.73316682338557 ] ] ] } },
{ "type": "Feature", "properties": { "difference_1990_2000": -1.0, "difference_1990_2010": 0.0, "difference_1990_2020": 0.0 }, "geometry": { "type": "Polygon", "coordinates": [ [ [ -100.530406950160042, 28.742025775478432 ], [ -100.525834476451763, 28.742025775478432 ], [ -100.525834476451763, 28.737596206511817 ], [ -100.530406950160042, 28.737596206511817 ], [ -100.530406950160042, 28.742025775478432 ] ] ] } },
{ "type": "Feature", "properties": { "difference_1990_2000": 128.0, "difference_1990_2010": 0.0, "difference_1990_2020": 212.0 }, "geometry": { "type": "Polygon", "coordinates": [ [ [ -100.530406950160042, 28.684455860225242 ], [ -100.525834476451763, 28.684455860225228 ], [ -100.525834476451763, 28.680028703301801 ], [ -100.530406950160042, 28.680028703301833 ], [ -100.530406950160042, 28.684455860225242 ] ] ] } },
{ "type": "Feature", "properties": { "difference_1990_2000": 96.0, "difference_1990_2010": 0.0, "difference_1990_2020": 167.0 }, "geometry": { "type": "Polygon", "coordinates": [ [ [ -100.530406950160042, 28.711022693617526 ], [ -100.525834476451763, 28.711022693617526 ], [ -100.525834476451763, 28.706594424487946 ], [ -100.530406950160042, 28.706594424487946 ], [ -100.530406950160042, 28.711022693617526 ] ] ] } },
{ "type": "Feature", "properties": { "difference_1990_2000": 113.0, "difference_1990_2010": 0.0, "difference_1990_2020": 83.0 }, "geometry": { "type": "Polygon", "coordinates": [ [ [ -100.530406950160042, 28.675601731572129 ], [ -100.525834476451763, 28.675601731572151 ], [ -100.525834476451763, 28.671174944986753 ], [ -100.530406950160042, 28.671174944986753 ], [ -100.530406950160042, 28.675601731572129 ] ] ] } },
{ "type": "Feature", "properties": { "difference_1990_2000": 617.0, "difference_1990_2010": 0.0, "difference_1990_2020": 939.0 }, "geometry": { "type": "Polygon", "coordinates": [ [ [ -100.530406950160042, 28.715451148288736 ], [ -100.525834476451763, 28.715451148288697 ], [ -100.525834476451763, 28.711022693617537 ], [ -100.530406950160042, 28.711022693617526 ], [ -100.530406950160042, 28.715451148288736 ] ] ] } },
{ "type": "Feature", "properties": { "difference_1990_2000": 289.0, "difference_1990_2010": 0.0, "difference_1990_2020": 304.0 }, "geometry": { "type": "Polygon", "coordinates": [ [ [ -100.530406950160042, 28.719879788551367 ], [ -100.525834476451763, 28.719879788551367 ], [ -100.525834476451763, 28.715451148288697 ], [ -100.530406950160042, 28.715451148288736 ], [ -100.530406950160042, 28.719879788551367 ] ] ] } },
{ "type": "Feature", "properties": { "difference_1990_2000": -31.0, "difference_1990_2010": 0.0, "difference_1990_2020": -47.0 }, "geometry": { "type": "Polygon", "coordinates": [ [ [ -100.530406950160042, 28.706594424487946 ], [ -100.525834476451763, 28.706594424487943 ], [ -100.525834476451763, 28.702166340850411 ], [ -100.530406950160042, 28.702166340850411 ], [ -100.530406950160042, 28.706594424487946 ] ] ] } },
{ "type": "Feature", "properties": { "difference_1990_2000": -1.0, "difference_1990_2010": 0.0, "difference_1990_2020": 0.0 }, "geometry": { "type": "Polygon", "coordinates": [ [ [ -100.530406950160042, 28.737596206511817 ], [ -100.525834476451763, 28.737596206511817 ], [ -100.525834476451763, 28.733166823385609 ], [ -100.530406950160042, 28.733166823385609 ], [ -100.530406950160042, 28.737596206511817 ] ] ] } },
{ "type": "Feature", "properties": { "difference_1990_2000": 0.0, "difference_1990_2010": 0.0, "difference_1990_2020": 148.0 }, "geometry": { "type": "Polygon", "coordinates": [ [ [ -100.530406950160042, 28.653469649094628 ], [ -100.525834476451763, 28.653469649094628 ], [ -100.525834476451763, 28.649043787486065 ], [ -100.530406950160042, 28.649043787486082 ], [ -100.530406950160042, 28.653469649094628 ] ] ] } },
{ "type": "Feature", "properties": { "difference_1990_2000": 0.0, "difference_1990_2010": 0.0, "difference_1990_2020": 72.0 }, "geometry": { "type": "Polygon", "coordinates": [ [ [ -100.530406950160042, 28.64461811072421 ], [ -100.525834476451763, 28.644618110724249 ], [ -100.525834476451763, 28.640192618759563 ], [ -100.530406950160042, 28.640192618759563 ], [ -100.530406950160042, 28.64461811072421 ] ] ] } },
{ "type": "Feature", "properties": { "difference_1990_2000": 0.0, "difference_1990_2010": 0.0, "difference_1990_2020": 14.0 }, "geometry": { "type": "Polygon", "coordinates": [ [ [ -100.530406950160042, 28.657895695599365 ], [ -100.525834476451763, 28.657895695599404 ], [ -100.525834476451763, 28.653469649094628 ], [ -100.530406950160042, 28.653469649094628 ], [ -100.530406950160042, 28.657895695599365 ] ] ] } },
{ "type": "Feature", "properties": { "difference_1990_2000": -58.0, "difference_1990_2010": 0.0, "difference_1990_2020": -24.0 }, "geometry": { "type": "Polygon", "coordinates": [ [ [ -100.530406950160042, 28.693310729852186 ], [ -100.525834476451763, 28.693310729852186 ], [ -100.525834476451763, 28.688883202392169 ], [ -100.530406950160042, 28.688883202392169 ], [ -100.530406950160042, 28.693310729852186 ] ] ] } },
{ "type": "Feature", "properties": { "difference_1990_2000": 0.0, "difference_1990_2010": 0.0, "difference_1990_2020": 24.0 }, "geometry": { "type": "Polygon", "coordinates": [ [ [ -100.530406950160042, 28.640192618759563 ], [ -100.525834476451763, 28.640192618759563 ], [ -100.525834476451763, 28.635767311542491 ], [ -100.530406950160042, 28.635767311542491 ], [ -100.530406950160042, 28.640192618759563 ] ] ] } },
{ "type": "Feature", "properties": { "difference_1990_2000": -192.0, "difference_1990_2010": 0.0, "difference_1990_2020": -465.0 }, "geometry": { "type": "Polygon", "coordinates": [ [ [ -100.530406950160042, 28.697738442655062 ], [ -100.525834476451763, 28.697738442655023 ], [ -100.525834476451763, 28.693310729852186 ], [ -100.530406950160042, 28.693310729852186 ], [ -100.530406950160042, 28.697738442655062 ] ] ] } },
{ "type": "Feature", "properties": { "difference_1990_2000": 0.0, "difference_1990_2010": 0.0, "difference_1990_2020": 97.0 }, "geometry": { "type": "Polygon", "coordinates": [ [ [ -100.530406950160042, 28.649043787486082 ], [ -100.525834476451763, 28.649043787486065 ], [ -100.525834476451763, 28.644618110724249 ], [ -100.530406950160042, 28.64461811072421 ], [ -100.530406950160042, 28.649043787486082 ] ] ] } },
{ "type": "Feature", "properties": { "difference_1990_2000": 168.0, "difference_1990_2010": 0.0, "difference_1990_2020": 287.0 }, "geometry": { "type": "Polygon", "coordinates": [ [ [ -100.530406950160042, 28.724308614455129 ], [ -100.525834476451763, 28.724308614455129 ], [ -100.525834476451763, 28.719879788551367 ], [ -100.530406950160042, 28.719879788551367 ], [ -100.530406950160042, 28.724308614455129 ] ] ] } },
{ "type": "Feature", "properties": { "difference_1990_2000": -73.0, "difference_1990_2010": 0.0, "difference_1990_2020": 44.0 }, "geometry": { "type": "Polygon", "coordinates": [ [ [ -100.530406950160042, 28.688883202392169 ], [ -100.525834476451763, 28.688883202392169 ], [ -100.525834476451763, 28.684455860225228 ], [ -100.530406950160042, 28.684455860225242 ], [ -100.530406950160042, 28.688883202392169 ] ] ] } },
{ "type": "Feature", "properties": { "difference_1990_2000": 325.0, "difference_1990_2010": 0.0, "difference_1990_2020": 298.0 }, "geometry": { "type": "Polygon", "coordinates": [ [ [ -100.530406950160042, 28.680028703301833 ], [ -100.525834476451763, 28.680028703301801 ], [ -100.525834476451763, 28.675601731572151 ], [ -100.530406950160042, 28.675601731572129 ], [ -100.530406950160042, 28.680028703301833 ] ] ] } },
{ "type": "Feature", "properties": { "difference_1990_2000": 6.0, "difference_1990_2010": 0.0, "difference_1990_2020": 43.0 }, "geometry": { "type": "Polygon", "coordinates": [ [ [ -100.530406950160042, 28.728737626049991 ], [ -100.525834476451763, 28.728737626049991 ], [ -100.525834476451763, 28.724308614455129 ], [ -100.530406950160042, 28.724308614455129 ], [ -100.530406950160042, 28.728737626049991 ] ] ] } },
{ "type": "Feature", "properties": { "difference_1990_2000": -3.0, "difference_1990_2010": 0.0, "difference_1990_2020": -9.0 }, "geometry": { "type": "Polygon", "coordinates": [ [ [ -100.530406950160042, 28.671174944986753 ], [ -100.525834476451763, 28.671174944986753 ], [ -100.525834476451763, 28.666748343495854 ], [ -100.530406950160042, 28.666748343495854 ], [ -100.530406950160042, 28.671174944986753 ] ] ] } },
{ "type": "Feature", "properties": { "difference_1990_2000": -160.0, "difference_1990_2010": 0.0, "difference_1990_2020": -438.0 }, "geometry": { "type": "Polygon", "coordinates": [ [ [ -100.530406950160042, 28.702166340850411 ], [ -100.525834476451763, 28.702166340850411 ], [ -100.525834476451763, 28.697738442655023 ], [ -100.530406950160042, 28.697738442655062 ], [ -100.530406950160042, 28.702166340850411 ] ] ] } },
{ "type": "Feature", "properties": { "difference_1990_2000": -5.0, "difference_1990_2010": 0.0, "difference_1990_2020": 0.0 }, "geometry": { "type": "Polygon", "coordinates": [ [ [ -100.521262002743526, 28.7420257754784 ], [ -100.516689529035247, 28.742025775478432 ], [ -100.516689529035247, 28.737596206511785 ], [ -100.521262002743526, 28.737596206511817 ], [ -100.521262002743526, 28.7420257754784 ] ] ] } },
{ "type": "Feature", "properties": { "difference_1990_2000": 7.0, "difference_1990_2010": 0.0, "difference_1990_2020": 48.0 }, "geometry": { "type": "Polygon", "coordinates": [ [ [ -100.521262002743526, 28.733166823385609 ], [ -100.516689529035247, 28.733166823385609 ], [ -100.516689529035247, 28.728737626049991 ], [ -100.521262002743526, 28.728737626049991 ], [ -100.521262002743526, 28.733166823385609 ] ] ] } },
{ "type": "Feature", "properties": { "difference_1990_2000": 201.0, "difference_1990_2010": 0.0, "difference_1990_2020": 435.0 }, "geometry": { "type": "Polygon", "coordinates": [ [ [ -100.521262002743526, 28.684455860225242 ], [ -100.516689529035247, 28.684455860225242 ], [ -100.516689529035247, 28.680028703301801 ], [ -100.521262002743526, 28.680028703301801 ], [ -100.521262002743526, 28.684455860225242 ] ] ] } },
{ "type": "Feature", "properties": { "difference_1990_2000": -603.0, "difference_1990_2010": 0.0, "difference_1990_2020": -1318.0 }, "geometry": { "type": "Polygon", "coordinates": [ [ [ -100.521262002743526, 28.711022693617526 ], [ -100.516689529035247, 28.711022693617526 ], [ -100.516689529035247, 28.706594424487978 ], [ -100.521262002743526, 28.706594424487978 ], [ -100.521262002743526, 28.711022693617526 ] ] ] } },
{ "type": "Feature", "properties": { "difference_1990_2000": -443.0, "difference_1990_2010": 0.0, "difference_1990_2020": -963.0 }, "geometry": { "type": "Polygon", "coordinates": [ [ [ -100.521262002743526, 28.715451148288736 ], [ -100.516689529035247, 28.715451148288736 ], [ -100.516689529035247, 28.711022693617537 ], [ -100.521262002743526, 28.711022693617537 ], [ -100.521262002743526, 28.715451148288736 ] ] ] } },
{ "type": "Feature", "properties": { "difference_1990_2000": -336.0, "difference_1990_2010": 0.0, "difference_1990_2020": -679.0 }, "geometry": { "type": "Polygon", "coordinates": [ [ [ -100.521262002743526, 28.719879788551367 ], [ -100.516689529035247, 28.719879788551367 ], [ -100.516689529035247, 28.715451148288736 ], [ -100.521262002743526, 28.715451148288736 ], [ -100.521262002743526, 28.719879788551367 ] ] ] } },
{ "type": "Feature", "properties": { "difference_1990_2000": 223.0, "difference_1990_2010": 0.0, "difference_1990_2020": 463.0 }, "geometry": { "type": "Polygon", "coordinates": [ [ [ -100.521262002743526, 28.675601731572151 ], [ -100.516689529035247, 28.675601731572151 ], [ -100.516689529035247, 28.671174944986717 ], [ -100.521262002743526, 28.671174944986753 ], [ -100.521262002743526, 28.675601731572151 ] ] ] } },
{ "type": "Feature", "properties": { "difference_1990_2000": -259.0, "difference_1990_2010": 0.0, "difference_1990_2020": -786.0 }, "geometry": { "type": "Polygon", "coordinates": [ [ [ -100.521262002743526, 28.706594424487943 ], [ -100.516689529035247, 28.706594424487946 ], [ -100.516689529035247, 28.702166340850411 ], [ -100.521262002743526, 28.702166340850411 ], [ -100.521262002743526, 28.706594424487943 ] ] ] } },
{ "type": "Feature", "properties": { "difference_1990_2000": 0.0, "difference_1990_2010": 0.0, "difference_1990_2020": 4.0 }, "geometry": { "type": "Polygon", "coordinates": [ [ [ -100.521262002743526, 28.737596206511817 ], [ -100.516689529035247, 28.737596206511785 ], [ -100.516689529035247, 28.733166823385627 ], [ -100.521262002743526, 28.733166823385627 ], [ -100.521262002743526, 28.737596206511817 ] ] ] } },
{ "type": "Feature", "properties": { "difference_1990_2000": -280.0, "difference_1990_2010": 0.0, "difference_1990_2020": -1033.0 }, "geometry": { "type": "Polygon", "coordinates": [ [ [ -100.521262002743526, 28.693310729852161 ], [ -100.516689529035247, 28.693310729852186 ], [ -100.516689529035247, 28.688883202392148 ], [ -100.521262002743526, 28.688883202392169 ], [ -100.521262002743526, 28.693310729852161 ] ] ] } },
{ "type": "Feature", "properties": { "difference_1990_2000": -230.0, "difference_1990_2010": 0.0, "difference_1990_2020": -714.0 }, "geometry": { "type": "Polygon", "coordinates": [ [ [ -100.521262002743526, 28.697738442655062 ], [ -100.516689529035247, 28.697738442655062 ], [ -100.516689529035247, 28.693310729852186 ], [ -100.521262002743526, 28.693310729852161 ], [ -100.521262002743526, 28.697738442655062 ] ] ] } },
{ "type": "Feature", "properties": { "difference_1990_2000": 187.0, "difference_1990_2010": 0.0, "difference_1990_2020": 426.0 }, "geometry": { "type": "Polygon", "coordinates": [ [ [ -100.521262002743526, 28.688883202392169 ], [ -100.516689529035247, 28.688883202392148 ], [ -100.516689529035247, 28.684455860225242 ], [ -100.521262002743526, 28.684455860225242 ], [ -100.521262002743526, 28.688883202392169 ] ] ] } },
{ "type": "Feature", "properties": { "difference_1990_2000": 194.0, "difference_1990_2010": 0.0, "difference_1990_2020": 496.0 }, "geometry": { "type": "Polygon", "coordinates": [ [ [ -100.521262002743526, 28.680028703301801 ], [ -100.516689529035247, 28.680028703301801 ], [ -100.516689529035247, 28.675601731572151 ], [ -100.521262002743526, 28.675601731572151 ], [ -100.521262002743526, 28.680028703301801 ] ] ] } },
{ "type": "Feature", "properties": { "difference_1990_2000": -225.0, "difference_1990_2010": 0.0, "difference_1990_2020": -424.0 }, "geometry": { "type": "Polygon", "coordinates": [ [ [ -100.521262002743526, 28.724308614455158 ], [ -100.516689529035247, 28.724308614455129 ], [ -100.516689529035247, 28.719879788551367 ], [ -100.521262002743526, 28.719879788551367 ], [ -100.521262002743526, 28.724308614455158 ] ] ] } },
{ "type": "Feature", "properties": { "difference_1990_2000": -15.0, "difference_1990_2010": 0.0, "difference_1990_2020": 26.0 }, "geometry": { "type": "Polygon", "coordinates": [ [ [ -100.521262002743526, 28.728737626049991 ], [ -100.516689529035247, 28.728737626049991 ], [ -100.516689529035247, 28.724308614455129 ], [ -100.521262002743526, 28.724308614455158 ], [ -100.521262002743526, 28.728737626049991 ] ] ] } },
{ "type": "Feature", "properties": { "difference_1990_2000": 122.0, "difference_1990_2010": 0.0, "difference_1990_2020": 189.0 }, "geometry": { "type": "Polygon", "coordinates": [ [ [ -100.521262002743526, 28.671174944986753 ], [ -100.516689529035247, 28.671174944986717 ], [ -100.516689529035247, 28.666748343495854 ], [ -100.521262002743526, 28.666748343495854 ], [ -100.521262002743526, 28.671174944986753 ] ] ] } },
{ "type": "Feature", "properties": { "difference_1990_2000": -343.0, "difference_1990_2010": 0.0, "difference_1990_2020": -957.0 }, "geometry": { "type": "Polygon", "coordinates": [ [ [ -100.521262002743526, 28.702166340850411 ], [ -100.516689529035247, 28.702166340850411 ], [ -100.516689529035247, 28.697738442655062 ], [ -100.521262002743526, 28.697738442655062 ], [ -100.521262002743526, 28.702166340850411 ] ] ] } },
{ "type": "Feature", "properties": { "difference_1990_2000": 0.0, "difference_1990_2010": 0.0, "difference_1990_2020": 4.0 }, "geometry": { "type": "Polygon", "coordinates": [ [ [ -100.512117055326954, 28.733166823385609 ], [ -100.50754458161866, 28.73316682338557 ], [ -100.50754458161866, 28.728737626049991 ], [ -100.512117055326954, 28.728737626050027 ], [ -100.512117055326954, 28.733166823385609 ] ] ] } },
{ "type": "Feature", "properties": { "difference_1990_2000": -173.0, "difference_1990_2010": 0.0, "difference_1990_2020": -469.0 }, "geometry": { "type": "Polygon", "coordinates": [ [ [ -100.512117055326954, 28.684455860225242 ], [ -100.50754458161866, 28.684455860225242 ], [ -100.50754458161866, 28.680028703301801 ], [ -100.512117055326954, 28.680028703301801 ], [ -100.512117055326954, 28.684455860225242 ] ] ] } },
{ "type": "Feature", "properties": { "difference_1990_2000": -51.0, "difference_1990_2010": 0.0, "difference_1990_2020": -129.0 }, "geometry": { "type": "Polygon", "coordinates": [ [ [ -100.512117055326954, 28.711022693617526 ], [ -100.50754458161866, 28.711022693617526 ], [ -100.50754458161866, 28.706594424487978 ], [ -100.512117055326954, 28.706594424487999 ], [ -100.512117055326954, 28.711022693617526 ] ] ] } },
{ "type": "Feature", "properties": { "difference_1990_2000": 6.0, "difference_1990_2010": 0.0, "difference_1990_2020": 7.0 }, "geometry": { "type": "Polygon", "coordinates": [ [ [ -100.512117055326954, 28.666748343495893 ], [ -100.50754458161866, 28.666748343495854 ], [ -100.50754458161866, 28.662321927049909 ], [ -100.512117055326954, 28.662321927049927 ], [ -100.512117055326954, 28.666748343495893 ] ] ] } },
{ "type": "Feature", "properties": { "difference_1990_2000": -35.0, "difference_1990_2010": 0.0, "difference_1990_2020": -81.0 }, "geometry": { "type": "Polygon", "coordinates": [ [ [ -100.512117055326954, 28.715451148288736 ], [ -100.50754458161866, 28.715451148288736 ], [ -100.50754458161866, 28.711022693617537 ], [ -100.512117055326954, 28.711022693617537 ], [ -100.512117055326954, 28.715451148288736 ] ] ] } },
{ "type": "Feature", "properties": { "difference_1990_2000": 0.0, "difference_1990_2010": 0.0, "difference_1990_2020": 21.0 }, "geometry": { "type": "Polygon", "coordinates": [ [ [ -100.512117055326954, 28.719879788551367 ], [ -100.50754458161866, 28.719879788551367 ], [ -100.50754458161866, 28.715451148288736 ], [ -100.512117055326954, 28.715451148288736 ], [ -100.512117055326954, 28.719879788551367 ] ] ] } },
{ "type": "Feature", "properties": { "difference_1990_2000": 13.0, "difference_1990_2010": 0.0, "difference_1990_2020": 16.0 }, "geometry": { "type": "Polygon", "coordinates": [ [ [ -100.512117055326954, 28.675601731572151 ], [ -100.50754458161866, 28.675601731572151 ], [ -100.50754458161866, 28.671174944986753 ], [ -100.512117055326954, 28.671174944986753 ], [ -100.512117055326954, 28.675601731572151 ] ] ] } },
{ "type": "Feature", "properties": { "difference_1990_2000": -35.0, "difference_1990_2010": 0.0, "difference_1990_2020": -105.0 }, "geometry": { "type": "Polygon", "coordinates": [ [ [ -100.512117055326954, 28.706594424487999 ], [ -100.50754458161866, 28.706594424487978 ], [ -100.50754458161866, 28.702166340850411 ], [ -100.512117055326954, 28.702166340850411 ], [ -100.512117055326954, 28.706594424487999 ] ] ] } },
{ "type": "Feature", "properties": { "difference_1990_2000": -119.0, "difference_1990_2010": 0.0, "difference_1990_2020": -262.0 }, "geometry": { "type": "Polygon", "coordinates": [ [ [ -100.512117055326954, 28.693310729852186 ], [ -100.50754458161866, 28.693310729852186 ], [ -100.50754458161866, 28.688883202392187 ], [ -100.512117055326954, 28.688883202392169 ], [ -100.512117055326954, 28.693310729852186 ] ] ] } },
{ "type": "Feature", "properties": { "difference_1990_2000": -66.0, "difference_1990_2010": 0.0, "difference_1990_2020": -161.0 }, "geometry": { "type": "Polygon", "coordinates": [ [ [ -100.512117055326954, 28.697738442655073 ], [ -100.50754458161866, 28.697738442655062 ], [ -100.50754458161866, 28.693310729852186 ], [ -100.512117055326954, 28.693310729852186 ], [ -100.512117055326954, 28.697738442655073 ] ] ] } },
{ "type": "Feature", "properties": { "difference_1990_2000": -200.0, "difference_1990_2010": 0.0, "difference_1990_2020": -436.0 }, "geometry": { "type": "Polygon", "coordinates": [ [ [ -100.512117055326954, 28.688883202392169 ], [ -100.50754458161866, 28.688883202392187 ], [ -100.50754458161866, 28.684455860225242 ], [ -100.512117055326954, 28.684455860225242 ], [ -100.512117055326954, 28.688883202392169 ] ] ] } },
{ "type": "Feature", "properties": { "difference_1990_2000": -66.0, "difference_1990_2010": 0.0, "difference_1990_2020": -183.0 }, "geometry": { "type": "Polygon", "coordinates": [ [ [ -100.512117055326954, 28.680028703301801 ], [ -100.50754458161866, 28.680028703301801 ], [ -100.50754458161866, 28.675601731572151 ], [ -100.512117055326954, 28.675601731572151 ], [ -100.512117055326954, 28.680028703301801 ] ] ] } },
{ "type": "Feature", "properties": { "difference_1990_2000": 0.0, "difference_1990_2010": 0.0, "difference_1990_2020": 19.0 }, "geometry": { "type": "Polygon", "coordinates": [ [ [ -100.512117055326954, 28.724308614455158 ], [ -100.50754458161866, 28.724308614455175 ], [ -100.50754458161866, 28.719879788551367 ], [ -100.512117055326954, 28.719879788551367 ], [ -100.512117055326954, 28.724308614455158 ] ] ] } },
{ "type": "Feature", "properties": { "difference_1990_2000": 13.0, "difference_1990_2010": 0.0, "difference_1990_2020": 16.0 }, "geometry": { "type": "Polygon", "coordinates": [ [ [ -100.512117055326954, 28.671174944986753 ], [ -100.50754458161866, 28.671174944986753 ], [ -100.50754458161866, 28.666748343495854 ], [ -100.512117055326954, 28.666748343495893 ], [ -100.512117055326954, 28.671174944986753 ] ] ] } },
{ "type": "Feature", "properties": { "difference_1990_2000": 0.0, "difference_1990_2010": 0.0, "difference_1990_2020": 17.0 }, "geometry": { "type": "Polygon", "coordinates": [ [ [ -100.512117055326954, 28.728737626050027 ], [ -100.50754458161866, 28.728737626049991 ], [ -100.50754458161866, 28.724308614455129 ], [ -100.512117055326954, 28.724308614455158 ], [ -100.512117055326954, 28.728737626050027 ] ] ] } },
{ "type": "Feature", "properties": { "difference_1990_2000": -95.0, "difference_1990_2010": 0.0, "difference_1990_2020": -271.0 }, "geometry": { "type": "Polygon", "coordinates": [ [ [ -100.512117055326954, 28.702166340850411 ], [ -100.50754458161866, 28.702166340850411 ], [ -100.50754458161866, 28.697738442655062 ], [ -100.512117055326954, 28.697738442655073 ], [ -100.512117055326954, 28.702166340850411 ] ] ] } },
{ "type": "Feature", "properties": { "difference_1990_2000": 5.0, "difference_1990_2010": 0.0, "difference_1990_2020": 6.0 }, "geometry": { "type": "Polygon", "coordinates": [ [ [ -100.502972107910381, 28.666748343495893 ], [ -100.498399634202102, 28.666748343495893 ], [ -100.498399634202102, 28.662321927049927 ], [ -100.502972107910381, 28.662321927049927 ], [ -100.502972107910381, 28.666748343495893 ] ] ] } },
{ "type": "Feature", "properties": { "difference_1990_2000": 1.0, "difference_1990_2010": 0.0, "difference_1990_2020": 1.0 }, "geometry": { "type": "Polygon", "coordinates": [ [ [ -100.502972107910381, 28.662321927049927 ], [ -100.498399634202102, 28.662321927049927 ], [ -100.498399634202102, 28.657895695599414 ], [ -100.502972107910381, 28.657895695599404 ], [ -100.502972107910381, 28.662321927049927 ] ] ] } },
{ "type": "Feature", "properties": { "difference_1990_2000": 2.0, "difference_1990_2010": 0.0, "difference_1990_2020": 3.0 }, "geometry": { "type": "Polygon", "coordinates": [ [ [ -100.502972107910381, 28.671174944986753 ], [ -100.498399634202102, 28.671174944986753 ], [ -100.498399634202102, 28.666748343495893 ], [ -100.502972107910381, 28.666748343495893 ], [ -100.502972107910381, 28.671174944986753 ] ] ] } },
{ "type": "Feature", "properties": { "difference_1990_2000": -14.0, "difference_1990_2010": 466.0, "difference_1990_2020": 842.0 }, "geometry": { "type": "Polygon", "coordinates": [ [ [ -100.786465477823498, 28.414736413945622 ], [ -100.781893004115219, 28.414736413945604 ], [ -100.781893004115219, 28.410320463545172 ], [ -100.786465477823498, 28.410320463545172 ], [ -100.786465477823498, 28.414736413945622 ] ] ] } },
{ "type": "Feature", "properties": { "difference_1990_2000": -29.0, "difference_1990_2010": -63.0, "difference_1990_2020": -87.0 }, "geometry": { "type": "Polygon", "coordinates": [ [ [ -100.786465477823498, 28.419152546587913 ], [ -100.781893004115219, 28.419152546587927 ], [ -100.781893004115219, 28.414736413945604 ], [ -100.786465477823498, 28.414736413945622 ], [ -100.786465477823498, 28.419152546587913 ] ] ] } },
{ "type": "Feature", "properties": { "difference_1990_2000": 0.0, "difference_1990_2010": 3.0, "difference_1990_2020": 931.0 }, "geometry": { "type": "Polygon", "coordinates": [ [ [ -100.786465477823498, 28.410320463545172 ], [ -100.781893004115219, 28.410320463545172 ], [ -100.781893004115219, 28.40590469533776 ], [ -100.786465477823498, 28.40590469533776 ], [ -100.786465477823498, 28.410320463545172 ] ] ] } },
{ "type": "Feature", "properties": { "difference_1990_2000": -1.0, "difference_1990_2010": 1.0, "difference_1990_2020": 9.0 }, "geometry": { "type": "Polygon", "coordinates": [ [ [ -100.786465477823498, 28.423568861520824 ], [ -100.781893004115219, 28.423568861520824 ], [ -100.781893004115219, 28.419152546587927 ], [ -100.786465477823498, 28.419152546587913 ], [ -100.786465477823498, 28.423568861520824 ] ] ] } },
{ "type": "Feature", "properties": { "difference_1990_2000": 5.0, "difference_1990_2010": 39.0, "difference_1990_2020": 176.0 }, "geometry": { "type": "Polygon", "coordinates": [ [ [ -100.777320530406968, 28.436818900551007 ], [ -100.772748056698674, 28.436818900551007 ], [ -100.772748056698674, 28.432402038453521 ], [ -100.777320530406968, 28.432402038453571 ], [ -100.777320530406968, 28.436818900551007 ] ] ] } },
{ "type": "Feature", "properties": { "difference_1990_2000": 52.0, "difference_1990_2010": 168.0, "difference_1990_2020": 173.0 }, "geometry": { "type": "Polygon", "coordinates": [ [ [ -100.777320530406968, 28.414736413945622 ], [ -100.772748056698674, 28.414736413945622 ], [ -100.772748056698674, 28.410320463545172 ], [ -100.777320530406968, 28.410320463545172 ], [ -100.777320530406968, 28.414736413945622 ] ] ] } },
{ "type": "Feature", "properties": { "difference_1990_2000": 94.0, "difference_1990_2010": 254.0, "difference_1990_2020": 243.0 }, "geometry": { "type": "Polygon", "coordinates": [ [ [ -100.777320530406968, 28.410320463545172 ], [ -100.772748056698674, 28.410320463545172 ], [ -100.772748056698674, 28.40590469533776 ], [ -100.777320530406968, 28.40590469533776 ], [ -100.777320530406968, 28.410320463545172 ] ] ] } },
{ "type": "Feature", "properties": { "difference_1990_2000": 22.0, "difference_1990_2010": 11.0, "difference_1990_2020": -3.0 }, "geometry": { "type": "Polygon", "coordinates": [ [ [ -100.777320530406968, 28.419152546587966 ], [ -100.772748056698674, 28.419152546587927 ], [ -100.772748056698674, 28.414736413945622 ], [ -100.777320530406968, 28.414736413945622 ], [ -100.777320530406968, 28.419152546587966 ] ] ] } },
{ "type": "Feature", "properties": { "difference_1990_2000": 4.0, "difference_1990_2010": 12.0, "difference_1990_2020": 11.0 }, "geometry": { "type": "Polygon", "coordinates": [ [ [ -100.777320530406968, 28.40590469533776 ], [ -100.772748056698674, 28.40590469533776 ], [ -100.772748056698674, 28.401489109274692 ], [ -100.777320530406968, 28.401489109274692 ], [ -100.777320530406968, 28.40590469533776 ] ] ] } },
{ "type": "Feature", "properties": { "difference_1990_2000": 49.0, "difference_1990_2010": 205.0, "difference_1990_2020": 650.0 }, "geometry": { "type": "Polygon", "coordinates": [ [ [ -100.777320530406968, 28.432402038453571 ], [ -100.772748056698674, 28.432402038453521 ], [ -100.772748056698674, 28.427985358793109 ], [ -100.777320530406968, 28.427985358793109 ], [ -100.777320530406968, 28.432402038453571 ] ] ] } },
{ "type": "Feature", "properties": { "difference_1990_2000": 51.0, "difference_1990_2010": 142.0, "difference_1990_2020": 209.0 }, "geometry": { "type": "Polygon", "coordinates": [ [ [ -100.777320530406968, 28.427985358793109 ], [ -100.772748056698674, 28.427985358793109 ], [ -100.772748056698674, 28.423568861520824 ], [ -100.777320530406968, 28.423568861520824 ], [ -100.777320530406968, 28.427985358793109 ] ] ] } },
{ "type": "Feature", "properties": { "difference_1990_2000": -73.0, "difference_1990_2010": -53.0, "difference_1990_2020": -90.0 }, "geometry": { "type": "Polygon", "coordinates": [ [ [ -100.777320530406968, 28.423568861520824 ], [ -100.772748056698674, 28.423568861520824 ], [ -100.772748056698674, 28.419152546587927 ], [ -100.777320530406968, 28.419152546587966 ], [ -100.777320530406968, 28.423568861520824 ] ] ] } },
{ "type": "Feature", "properties": { "difference_1990_2000": 0.0, "difference_1990_2010": 0.0, "difference_1990_2020": 2058.0 }, "geometry": { "type": "Polygon", "coordinates": [ [ [ -100.589849108367645, 28.684455860225277 ], [ -100.585276634659365, 28.684455860225242 ], [ -100.585276634659365, 28.680028703301801 ], [ -100.589849108367645, 28.680028703301801 ], [ -100.589849108367645, 28.684455860225277 ] ] ] } },
{ "type": "Feature", "properties": { "difference_1990_2000": 0.0, "difference_1990_2010": 0.0, "difference_1990_2020": 659.0 }, "geometry": { "type": "Polygon", "coordinates": [ [ [ -100.589849108367645, 28.675601731572129 ], [ -100.585276634659365, 28.675601731572151 ], [ -100.585276634659365, 28.671174944986753 ], [ -100.589849108367645, 28.671174944986753 ], [ -100.589849108367645, 28.675601731572129 ] ] ] } },
{ "type": "Feature", "properties": { "difference_1990_2000": 0.0, "difference_1990_2010": 0.0, "difference_1990_2020": 41.0 }, "geometry": { "type": "Polygon", "coordinates": [ [ [ -100.589849108367645, 28.715451148288736 ], [ -100.585276634659365, 28.715451148288736 ], [ -100.585276634659365, 28.711022693617537 ], [ -100.589849108367645, 28.711022693617537 ], [ -100.589849108367645, 28.715451148288736 ] ] ] } },
{ "type": "Feature", "properties": { "difference_1990_2000": 0.0, "difference_1990_2010": 0.0, "difference_1990_2020": 94.0 }, "geometry": { "type": "Polygon", "coordinates": [ [ [ -100.589849108367645, 28.719879788551367 ], [ -100.585276634659365, 28.719879788551367 ], [ -100.585276634659365, 28.715451148288736 ], [ -100.589849108367645, 28.715451148288736 ], [ -100.589849108367645, 28.719879788551367 ] ] ] } },
{ "type": "Feature", "properties": { "difference_1990_2000": 5.0, "difference_1990_2010": 10.0, "difference_1990_2020": 13.0 }, "geometry": { "type": "Polygon", "coordinates": [ [ [ -100.589849108367645, 28.600371498783996 ], [ -100.585276634659365, 28.600371498783996 ], [ -100.585276634659365, 28.59594785206993 ], [ -100.589849108367645, 28.595947852069898 ], [ -100.589849108367645, 28.600371498783996 ] ] ] } },
{ "type": "Feature", "properties": { "difference_1990_2000": 0.0, "difference_1990_2010": 0.0, "difference_1990_2020": 2793.0 }, "geometry": { "type": "Polygon", "coordinates": [ [ [ -100.589849108367645, 28.693310729852186 ], [ -100.585276634659365, 28.693310729852207 ], [ -100.585276634659365, 28.688883202392187 ], [ -100.589849108367645, 28.688883202392169 ], [ -100.589849108367645, 28.693310729852186 ] ] ] } },
{ "type": "Feature", "properties": { "difference_1990_2000": 6.0, "difference_1990_2010": 12.0, "difference_1990_2020": 16.0 }, "geometry": { "type": "Polygon", "coordinates": [ [ [ -100.589849108367645, 28.604795329800755 ], [ -100.585276634659365, 28.604795329800755 ], [ -100.585276634659365, 28.600371498783996 ], [ -100.589849108367645, 28.600371498783996 ], [ -100.589849108367645, 28.604795329800755 ] ] ] } },
{ "type": "Feature", "properties": { "difference_1990_2000": 0.0, "difference_1990_2010": 0.0, "difference_1990_2020": 950.0 }, "geometry": { "type": "Polygon", "coordinates": [ [ [ -100.589849108367645, 28.697738442655062 ], [ -100.585276634659365, 28.697738442655062 ], [ -100.585276634659365, 28.693310729852207 ], [ -100.589849108367645, 28.693310729852186 ], [ -100.589849108367645, 28.697738442655062 ] ] ] } },
{ "type": "Feature", "properties": { "difference_1990_2000": 0.0, "difference_1990_2010": 0.0, "difference_1990_2020": 2324.0 }, "geometry": { "type": "Polygon", "coordinates": [ [ [ -100.589849108367645, 28.688883202392169 ], [ -100.585276634659365, 28.688883202392187 ], [ -100.585276634659365, 28.684455860225242 ], [ -100.589849108367645, 28.684455860225277 ], [ -100.589849108367645, 28.688883202392169 ] ] ] } },
{ "type": "Feature", "properties": { "difference_1990_2000": 0.0, "difference_1990_2010": 0.0, "difference_1990_2020": 1351.0 }, "geometry": { "type": "Polygon", "coordinates": [ [ [ -100.589849108367645, 28.680028703301801 ], [ -100.585276634659365, 28.680028703301801 ], [ -100.585276634659365, 28.675601731572151 ], [ -100.589849108367645, 28.675601731572129 ], [ -100.589849108367645, 28.680028703301801 ] ] ] } },
{ "type": "Feature", "properties": { "difference_1990_2000": 0.0, "difference_1990_2010": 0.0, "difference_1990_2020": 21.0 }, "geometry": { "type": "Polygon", "coordinates": [ [ [ -100.589849108367645, 28.724308614455158 ], [ -100.585276634659365, 28.724308614455158 ], [ -100.585276634659365, 28.719879788551367 ], [ -100.589849108367645, 28.719879788551367 ], [ -100.589849108367645, 28.724308614455158 ] ] ] } },
{ "type": "Feature", "properties": { "difference_1990_2000": 3.0, "difference_1990_2010": 6.0, "difference_1990_2020": 9.0 }, "geometry": { "type": "Polygon", "coordinates": [ [ [ -100.589849108367645, 28.618067929160862 ], [ -100.585276634659365, 28.618067929160862 ], [ -100.585276634659365, 28.613643544939787 ], [ -100.589849108367645, 28.613643544939787 ], [ -100.589849108367645, 28.618067929160862 ] ] ] } },
{ "type": "Feature", "properties": { "difference_1990_2000": 0.0, "difference_1990_2010": 0.0, "difference_1990_2020": 9.0 }, "geometry": { "type": "Polygon", "coordinates": [ [ [ -100.589849108367645, 28.728737626049991 ], [ -100.585276634659365, 28.728737626049991 ], [ -100.585276634659365, 28.724308614455158 ], [ -100.589849108367645, 28.724308614455158 ], [ -100.589849108367645, 28.728737626049991 ] ] ] } },
{ "type": "Feature", "properties": { "difference_1990_2000": 6.0, "difference_1990_2010": 12.0, "difference_1990_2020": 16.0 }, "geometry": { "type": "Polygon", "coordinates": [ [ [ -100.589849108367645, 28.613643544939787 ], [ -100.585276634659365, 28.613643544939787 ], [ -100.585276634659365, 28.6092193451695 ], [ -100.589849108367645, 28.609219345169535 ], [ -100.589849108367645, 28.613643544939787 ] ] ] } },
{ "type": "Feature", "properties": { "difference_1990_2000": 6.0, "difference_1990_2010": 12.0, "difference_1990_2020": 16.0 }, "geometry": { "type": "Polygon", "coordinates": [ [ [ -100.589849108367645, 28.609219345169535 ], [ -100.585276634659365, 28.6092193451695 ], [ -100.585276634659365, 28.604795329800755 ], [ -100.589849108367645, 28.604795329800755 ], [ -100.589849108367645, 28.609219345169535 ] ] ] } },
{ "type": "Feature", "properties": { "difference_1990_2000": 0.0, "difference_1990_2010": 1.0, "difference_1990_2020": 0.0 }, "geometry": { "type": "Polygon", "coordinates": [ [ [ -100.589849108367645, 28.595947852069898 ], [ -100.585276634659365, 28.59594785206993 ], [ -100.585276634659365, 28.591524389609138 ], [ -100.589849108367645, 28.591524389609098 ], [ -100.589849108367645, 28.595947852069898 ] ] ] } },
{ "type": "Feature", "properties": { "difference_1990_2000": 314.0, "difference_1990_2010": 314.0, "difference_1990_2020": 451.0 }, "geometry": { "type": "Polygon", "coordinates": [ [ [ -100.768175582990423, 28.436818900551007 ], [ -100.763603109282144, 28.436818900551007 ], [ -100.763603109282144, 28.432402038453553 ], [ -100.768175582990423, 28.432402038453553 ], [ -100.768175582990423, 28.436818900551007 ] ] ] } },
{ "type": "Feature", "properties": { "difference_1990_2000": -10.0, "difference_1990_2010": 33.0, "difference_1990_2020": 39.0 }, "geometry": { "type": "Polygon", "coordinates": [ [ [ -100.768175582990423, 28.414736413945622 ], [ -100.763603109282144, 28.414736413945622 ], [ -100.763603109282144, 28.410320463545172 ], [ -100.768175582990423, 28.410320463545172 ], [ -100.768175582990423, 28.414736413945622 ] ] ] } },
{ "type": "Feature", "properties": { "difference_1990_2000": -21.0, "difference_1990_2010": 8.0, "difference_1990_2020": -25.0 }, "geometry": { "type": "Polygon", "coordinates": [ [ [ -100.768175582990423, 28.419152546587927 ], [ -100.763603109282144, 28.419152546587927 ], [ -100.763603109282144, 28.414736413945622 ], [ -100.768175582990423, 28.414736413945622 ], [ -100.768175582990423, 28.419152546587927 ] ] ] } },
{ "type": "Feature", "properties": { "difference_1990_2000": 34.0, "difference_1990_2010": 52.0, "difference_1990_2020": 43.0 }, "geometry": { "type": "Polygon", "coordinates": [ [ [ -100.768175582990423, 28.445653172252175 ], [ -100.763603109282144, 28.445653172252175 ], [ -100.763603109282144, 28.441235945134256 ], [ -100.768175582990423, 28.441235945134256 ], [ -100.768175582990423, 28.445653172252175 ] ] ] } },
{ "type": "Feature", "properties": { "difference_1990_2000": 239.0, "difference_1990_2010": 255.0, "difference_1990_2020": 434.0 }, "geometry": { "type": "Polygon", "coordinates": [ [ [ -100.768175582990423, 28.432402038453553 ], [ -100.763603109282144, 28.432402038453553 ], [ -100.763603109282144, 28.427985358793109 ], [ -100.768175582990423, 28.427985358793141 ], [ -100.768175582990423, 28.432402038453553 ] ] ] } },
{ "type": "Feature", "properties": { "difference_1990_2000": 122.0, "difference_1990_2010": 125.0, "difference_1990_2020": 174.0 }, "geometry": { "type": "Polygon", "coordinates": [ [ [ -100.768175582990423, 28.441235945134256 ], [ -100.763603109282144, 28.441235945134256 ], [ -100.763603109282144, 28.436818900551007 ], [ -100.768175582990423, 28.436818900551007 ], [ -100.768175582990423, 28.441235945134256 ] ] ] } },
{ "type": "Feature", "properties": { "difference_1990_2000": 108.0, "difference_1990_2010": 142.0, "difference_1990_2020": 331.0 }, "geometry": { "type": "Polygon", "coordinates": [ [ [ -100.768175582990423, 28.427985358793141 ], [ -100.763603109282144, 28.427985358793109 ], [ -100.763603109282144, 28.423568861520867 ], [ -100.768175582990423, 28.423568861520824 ], [ -100.768175582990423, 28.427985358793141 ] ] ] } },
{ "type": "Feature", "properties": { "difference_1990_2000": -20.0, "difference_1990_2010": -22.0, "difference_1990_2020": -98.0 }, "geometry": { "type": "Polygon", "coordinates": [ [ [ -100.768175582990423, 28.423568861520824 ], [ -100.763603109282144, 28.423568861520867 ], [ -100.763603109282144, 28.419152546587927 ], [ -100.768175582990423, 28.419152546587927 ], [ -100.768175582990423, 28.423568861520824 ] ] ] } },
{ "type": "Feature", "properties": { "difference_1990_2000": 0.0, "difference_1990_2010": 0.0, "difference_1990_2020": 1.0 }, "geometry": { "type": "Polygon", "coordinates": [ [ [ -100.580704160951086, 28.733166823385609 ], [ -100.576131687242807, 28.733166823385609 ], [ -100.576131687242807, 28.728737626049991 ], [ -100.580704160951086, 28.728737626049991 ], [ -100.580704160951086, 28.733166823385609 ] ] ] } },
{ "type": "Feature", "properties": { "difference_1990_2000": 3.0, "difference_1990_2010": 0.0, "difference_1990_2020": 2955.0 }, "geometry": { "type": "Polygon", "coordinates": [ [ [ -100.580704160951086, 28.684455860225242 ], [ -100.576131687242807, 28.684455860225242 ], [ -100.576131687242807, 28.680028703301833 ], [ -100.580704160951086, 28.680028703301801 ], [ -100.580704160951086, 28.684455860225242 ] ] ] } },
{ "type": "Feature", "properties": { "difference_1990_2000": 231.0, "difference_1990_2010": 0.0, "difference_1990_2020": 711.0 }, "geometry": { "type": "Polygon", "coordinates": [ [ [ -100.580704160951086, 28.675601731572101 ], [ -100.576131687242807, 28.675601731572129 ], [ -100.576131687242807, 28.671174944986753 ], [ -100.580704160951086, 28.671174944986717 ], [ -100.580704160951086, 28.675601731572101 ] ] ] } },
{ "type": "Feature", "properties": { "difference_1990_2000": 68.0, "difference_1990_2010": 0.0, "difference_1990_2020": 722.0 }, "geometry": { "type": "Polygon", "coordinates": [ [ [ -100.580704160951086, 28.719879788551367 ], [ -100.576131687242807, 28.719879788551367 ], [ -100.576131687242807, 28.715451148288736 ], [ -100.580704160951086, 28.715451148288736 ], [ -100.580704160951086, 28.719879788551367 ] ] ] } },
{ "type": "Feature", "properties": { "difference_1990_2000": 1.0, "difference_1990_2010": 3.0, "difference_1990_2020": 3.0 }, "geometry": { "type": "Polygon", "coordinates": [ [ [ -100.580704160951086, 28.644618110724249 ], [ -100.576131687242807, 28.644618110724249 ], [ -100.576131687242807, 28.640192618759563 ], [ -100.580704160951086, 28.640192618759563 ], [ -100.580704160951086, 28.644618110724249 ] ] ] } },
{ "type": "Feature", "properties": { "difference_1990_2000": 2.0, "difference_1990_2010": 5.0, "difference_1990_2020": 5.0 }, "geometry": { "type": "Polygon", "coordinates": [ [ [ -100.580704160951086, 28.626917251153326 ], [ -100.576131687242807, 28.626917251153326 ], [ -100.576131687242807, 28.62249249788227 ], [ -100.580704160951086, 28.622492497882234 ], [ -100.580704160951086, 28.626917251153326 ] ] ] } },
{ "type": "Feature", "properties": { "difference_1990_2000": 2.0, "difference_1990_2010": 5.0, "difference_1990_2020": 5.0 }, "geometry": { "type": "Polygon", "coordinates": [ [ [ -100.580704160951086, 28.640192618759563 ], [ -100.576131687242807, 28.640192618759563 ], [ -100.576131687242807, 28.635767311542491 ], [ -100.580704160951086, 28.635767311542473 ], [ -100.580704160951086, 28.640192618759563 ] ] ] } },
{ "type": "Feature", "properties": { "difference_1990_2000": 0.0, "difference_1990_2010": 0.0, "difference_1990_2020": 1.0 }, "geometry": { "type": "Polygon", "coordinates": [ [ [ -100.580704160951086, 28.604795329800719 ], [ -100.576131687242807, 28.604795329800719 ], [ -100.576131687242807, 28.600371498783996 ], [ -100.580704160951086, 28.600371498783996 ], [ -100.580704160951086, 28.604795329800719 ] ] ] } },
{ "type": "Feature", "properties": { "difference_1990_2000": 0.0, "difference_1990_2010": 0.0, "difference_1990_2020": 10.0 }, "geometry": { "type": "Polygon", "coordinates": [ [ [ -100.580704160951086, 28.697738442655062 ], [ -100.576131687242807, 28.697738442655062 ], [ -100.576131687242807, 28.693310729852186 ], [ -100.580704160951086, 28.693310729852186 ], [ -100.580704160951086, 28.697738442655062 ] ] ] } },
{ "type": "Feature", "properties": { "difference_1990_2000": 0.0, "difference_1990_2010": 0.0, "difference_1990_2020": 827.0 }, "geometry": { "type": "Polygon", "coordinates": [ [ [ -100.580704160951086, 28.688883202392169 ], [ -100.576131687242807, 28.688883202392169 ], [ -100.576131687242807, 28.684455860225242 ], [ -100.580704160951086, 28.684455860225242 ], [ -100.580704160951086, 28.688883202392169 ] ] ] } },
{ "type": "Feature", "properties": { "difference_1990_2000": 546.0, "difference_1990_2010": 0.0, "difference_1990_2020": 2240.0 }, "geometry": { "type": "Polygon", "coordinates": [ [ [ -100.580704160951086, 28.680028703301801 ], [ -100.576131687242807, 28.680028703301833 ], [ -100.576131687242807, 28.675601731572129 ], [ -100.580704160951086, 28.675601731572101 ], [ -100.580704160951086, 28.680028703301801 ] ] ] } },
{ "type": "Feature", "properties": { "difference_1990_2000": 142.0, "difference_1990_2010": 0.0, "difference_1990_2020": 271.0 }, "geometry": { "type": "Polygon", "coordinates": [ [ [ -100.580704160951086, 28.724308614455158 ], [ -100.576131687242807, 28.724308614455129 ], [ -100.576131687242807, 28.719879788551367 ], [ -100.580704160951086, 28.719879788551367 ], [ -100.580704160951086, 28.724308614455158 ] ] ] } },
{ "type": "Feature", "properties": { "difference_1990_2000": 5.0, "difference_1990_2010": 7.0, "difference_1990_2020": 13.0 }, "geometry": { "type": "Polygon", "coordinates": [ [ [ -100.580704160951086, 28.618067929160862 ], [ -100.576131687242807, 28.618067929160862 ], [ -100.576131687242807, 28.613643544939787 ], [ -100.580704160951086, 28.613643544939787 ], [ -100.580704160951086, 28.618067929160862 ] ] ] } },
{ "type": "Feature", "properties": { "difference_1990_2000": 3.0, "difference_1990_2010": 5.0, "difference_1990_2020": 6.0 }, "geometry": { "type": "Polygon", "coordinates": [ [ [ -100.580704160951086, 28.622492497882213 ], [ -100.576131687242807, 28.622492497882234 ], [ -100.576131687242807, 28.618067929160862 ], [ -100.580704160951086, 28.618067929160862 ], [ -100.580704160951086, 28.622492497882213 ] ] ] } },
{ "type": "Feature", "properties": { "difference_1990_2000": 11.0, "difference_1990_2010": 16.0, "difference_1990_2020": 18.0 }, "geometry": { "type": "Polygon", "coordinates": [ [ [ -100.580704160951086, 28.635767311542473 ], [ -100.576131687242807, 28.635767311542491 ], [ -100.576131687242807, 28.631342189023567 ], [ -100.580704160951086, 28.631342189023563 ], [ -100.580704160951086, 28.635767311542473 ] ] ] } },
{ "type": "Feature", "properties": { "difference_1990_2000": 56.0, "difference_1990_2010": 0.0, "difference_1990_2020": 107.0 }, "geometry": { "type": "Polygon", "coordinates": [ [ [ -100.580704160951086, 28.728737626049991 ], [ -100.576131687242807, 28.728737626049991 ], [ -100.576131687242807, 28.724308614455129 ], [ -100.580704160951086, 28.724308614455158 ], [ -100.580704160951086, 28.728737626049991 ] ] ] } },
{ "type": "Feature", "properties": { "difference_1990_2000": 0.0, "difference_1990_2010": 0.0, "difference_1990_2020": 18.0 }, "geometry": { "type": "Polygon", "coordinates": [ [ [ -100.580704160951086, 28.702166340850411 ], [ -100.576131687242807, 28.702166340850411 ], [ -100.576131687242807, 28.697738442655062 ], [ -100.580704160951086, 28.697738442655062 ], [ -100.580704160951086, 28.702166340850411 ] ] ] } },
{ "type": "Feature", "properties": { "difference_1990_2000": 6.0, "difference_1990_2010": 15.0, "difference_1990_2020": 18.0 }, "geometry": { "type": "Polygon", "coordinates": [ [ [ -100.580704160951086, 28.631342189023563 ], [ -100.576131687242807, 28.631342189023567 ], [ -100.576131687242807, 28.626917251153326 ], [ -100.580704160951086, 28.626917251153326 ], [ -100.580704160951086, 28.631342189023563 ] ] ] } },
{ "type": "Feature", "properties": { "difference_1990_2000": 5.0, "difference_1990_2010": 6.0, "difference_1990_2020": 12.0 }, "geometry": { "type": "Polygon", "coordinates": [ [ [ -100.580704160951086, 28.613643544939787 ], [ -100.576131687242807, 28.613643544939787 ], [ -100.576131687242807, 28.609219345169535 ], [ -100.580704160951086, 28.609219345169535 ], [ -100.580704160951086, 28.613643544939787 ] ] ] } },
{ "type": "Feature", "properties": { "difference_1990_2000": 3.0, "difference_1990_2010": 6.0, "difference_1990_2020": 8.0 }, "geometry": { "type": "Polygon", "coordinates": [ [ [ -100.580704160951086, 28.609219345169535 ], [ -100.576131687242807, 28.609219345169535 ], [ -100.576131687242807, 28.604795329800719 ], [ -100.580704160951086, 28.604795329800719 ], [ -100.580704160951086, 28.609219345169535 ] ] ] } },
{ "type": "Feature", "properties": { "difference_1990_2000": -23.0, "difference_1990_2010": -316.0, "difference_1990_2020": -442.0 }, "geometry": { "type": "Polygon", "coordinates": [ [ [ -100.759030635573865, 28.436818900551007 ], [ -100.754458161865585, 28.436818900551007 ], [ -100.754458161865585, 28.432402038453553 ], [ -100.759030635573865, 28.432402038453553 ], [ -100.759030635573865, 28.436818900551007 ] ] ] } },
{ "type": "Feature", "properties": { "difference_1990_2000": 146.0, "difference_1990_2010": 467.0, "difference_1990_2020": 439.0 }, "geometry": { "type": "Polygon", "coordinates": [ [ [ -100.759030635573865, 28.419152546587927 ], [ -100.754458161865585, 28.419152546587927 ], [ -100.754458161865585, 28.414736413945622 ], [ -100.759030635573865, 28.414736413945651 ], [ -100.759030635573865, 28.419152546587927 ] ] ] } },
{ "type": "Feature", "properties": { "difference_1990_2000": 12.0, "difference_1990_2010": 16.0, "difference_1990_2020": 17.0 }, "geometry": { "type": "Polygon", "coordinates": [ [ [ -100.759030635573865, 28.410320463545172 ], [ -100.754458161865585, 28.41032046354519 ], [ -100.754458161865585, 28.405904695337785 ], [ -100.759030635573865, 28.40590469533776 ], [ -100.759030635573865, 28.410320463545172 ] ] ] } },
{ "type": "Feature", "properties": { "difference_1990_2000": 207.0, "difference_1990_2010": 228.0, "difference_1990_2020": 284.0 }, "geometry": { "type": "Polygon", "coordinates": [ [ [ -100.759030635573865, 28.414736413945651 ], [ -100.754458161865585, 28.414736413945622 ], [ -100.754458161865585, 28.41032046354519 ], [ -100.759030635573865, 28.410320463545172 ], [ -100.759030635573865, 28.414736413945651 ] ] ] } },
{ "type": "Feature", "properties": { "difference_1990_2000": 203.0, "difference_1990_2010": 316.0, "difference_1990_2020": 268.0 }, "geometry": { "type": "Polygon", "coordinates": [ [ [ -100.759030635573865, 28.445653172252175 ], [ -100.754458161865585, 28.445653172252204 ], [ -100.754458161865585, 28.441235945134256 ], [ -100.759030635573865, 28.441235945134256 ], [ -100.759030635573865, 28.445653172252175 ] ] ] } },
{ "type": "Feature", "properties": { "difference_1990_2000": -33.0, "difference_1990_2010": -209.0, "difference_1990_2020": -290.0 }, "geometry": { "type": "Polygon", "coordinates": [ [ [ -100.759030635573865, 28.432402038453571 ], [ -100.754458161865585, 28.432402038453553 ], [ -100.754458161865585, 28.427985358793141 ], [ -100.759030635573865, 28.427985358793109 ], [ -100.759030635573865, 28.432402038453571 ] ] ] } },
{ "type": "Feature", "properties": { "difference_1990_2000": 59.0, "difference_1990_2010": 99.0, "difference_1990_2020": 108.0 }, "geometry": { "type": "Polygon", "coordinates": [ [ [ -100.759030635573865, 28.441235945134256 ], [ -100.754458161865585, 28.441235945134256 ], [ -100.754458161865585, 28.436818900551007 ], [ -100.759030635573865, 28.436818900551007 ], [ -100.759030635573865, 28.441235945134256 ] ] ] } },
{ "type": "Feature", "properties": { "difference_1990_2000": 37.0, "difference_1990_2010": -20.0, "difference_1990_2020": 47.0 }, "geometry": { "type": "Polygon", "coordinates": [ [ [ -100.759030635573865, 28.4500705819536 ], [ -100.754458161865585, 28.4500705819536 ], [ -100.754458161865585, 28.445653172252204 ], [ -100.759030635573865, 28.445653172252175 ], [ -100.759030635573865, 28.4500705819536 ] ] ] } },
{ "type": "Feature", "properties": { "difference_1990_2000": 368.0, "difference_1990_2010": 679.0, "difference_1990_2020": 759.0 }, "geometry": { "type": "Polygon", "coordinates": [ [ [ -100.759030635573865, 28.427985358793109 ], [ -100.754458161865585, 28.427985358793141 ], [ -100.754458161865585, 28.423568861520867 ], [ -100.759030635573865, 28.423568861520824 ], [ -100.759030635573865, 28.427985358793109 ] ] ] } },
{ "type": "Feature", "properties": { "difference_1990_2000": 186.0, "difference_1990_2010": 519.0, "difference_1990_2020": 488.0 }, "geometry": { "type": "Polygon", "coordinates": [ [ [ -100.759030635573865, 28.423568861520824 ], [ -100.754458161865585, 28.423568861520867 ], [ -100.754458161865585, 28.419152546587927 ], [ -100.759030635573865, 28.419152546587927 ], [ -100.759030635573865, 28.423568861520824 ] ] ] } },
{ "type": "Feature", "properties": { "difference_1990_2000": 31.0, "difference_1990_2010": 0.0, "difference_1990_2020": 150.0 }, "geometry": { "type": "Polygon", "coordinates": [ [ [ -100.571559213534513, 28.73316682338557 ], [ -100.566986739826234, 28.733166823385609 ], [ -100.566986739826234, 28.728737626049991 ], [ -100.571559213534513, 28.728737626049991 ], [ -100.571559213534513, 28.73316682338557 ] ] ] } },
{ "type": "Feature", "properties": { "difference_1990_2000": 1680.0, "difference_1990_2010": 0.0, "difference_1990_2020": 1738.0 }, "geometry": { "type": "Polygon", "coordinates": [ [ [ -100.571559213534513, 28.684455860225242 ], [ -100.566986739826234, 28.684455860225228 ], [ -100.566986739826234, 28.680028703301801 ], [ -100.571559213534513, 28.680028703301801 ], [ -100.571559213534513, 28.684455860225242 ] ] ] } },
{ "type": "Feature", "properties": { "difference_1990_2000": 0.0, "difference_1990_2010": 0.0, "difference_1990_2020": 15.0 }, "geometry": { "type": "Polygon", "coordinates": [ [ [ -100.571559213534513, 28.711022693617526 ], [ -100.566986739826234, 28.711022693617526 ], [ -100.566986739826234, 28.706594424487978 ], [ -100.571559213534513, 28.706594424487978 ], [ -100.571559213534513, 28.711022693617526 ] ] ] } },
{ "type": "Feature", "properties": { "difference_1990_2000": 71.0, "difference_1990_2010": 0.0, "difference_1990_2020": 1315.0 }, "geometry": { "type": "Polygon", "coordinates": [ [ [ -100.571559213534513, 28.715451148288736 ], [ -100.566986739826234, 28.715451148288736 ], [ -100.566986739826234, 28.711022693617537 ], [ -100.571559213534513, 28.711022693617537 ], [ -100.571559213534513, 28.715451148288736 ] ] ] } },
{ "type": "Feature", "properties": { "difference_1990_2000": 126.0, "difference_1990_2010": 0.0, "difference_1990_2020": 1316.0 }, "geometry": { "type": "Polygon", "coordinates": [ [ [ -100.571559213534513, 28.719879788551367 ], [ -100.566986739826234, 28.719879788551367 ], [ -100.566986739826234, 28.715451148288736 ], [ -100.571559213534513, 28.715451148288736 ], [ -100.571559213534513, 28.719879788551367 ] ] ] } },
{ "type": "Feature", "properties": { "difference_1990_2000": 40.0, "difference_1990_2010": 0.0, "difference_1990_2020": 167.0 }, "geometry": { "type": "Polygon", "coordinates": [ [ [ -100.571559213534513, 28.675601731572151 ], [ -100.566986739826234, 28.67560173157219 ], [ -100.566986739826234, 28.671174944986717 ], [ -100.571559213534513, 28.671174944986753 ], [ -100.571559213534513, 28.675601731572151 ] ] ] } },
{ "type": "Feature", "properties": { "difference_1990_2000": 0.0, "difference_1990_2010": 0.0, "difference_1990_2020": 1.0 }, "geometry": { "type": "Polygon", "coordinates": [ [ [ -100.571559213534513, 28.706594424487946 ], [ -100.566986739826234, 28.706594424487946 ], [ -100.566986739826234, 28.702166340850376 ], [ -100.571559213534513, 28.702166340850411 ], [ -100.571559213534513, 28.706594424487946 ] ] ] } },
{ "type": "Feature", "properties": { "difference_1990_2000": 1.0, "difference_1990_2010": 0.0, "difference_1990_2020": 4.0 }, "geometry": { "type": "Polygon", "coordinates": [ [ [ -100.571559213534513, 28.737596206511817 ], [ -100.566986739826234, 28.737596206511817 ], [ -100.566986739826234, 28.733166823385627 ], [ -100.571559213534513, 28.733166823385627 ], [ -100.571559213534513, 28.737596206511817 ] ] ] } },
{ "type": "Feature", "properties": { "difference_1990_2000": 4.0, "difference_1990_2010": 10.0, "difference_1990_2020": 11.0 }, "geometry": { "type": "Polygon", "coordinates": [ [ [ -100.571559213534513, 28.644618110724249 ], [ -100.566986739826234, 28.644618110724249 ], [ -100.566986739826234, 28.640192618759563 ], [ -100.571559213534513, 28.640192618759563 ], [ -100.571559213534513, 28.644618110724249 ] ] ] } },
{ "type": "Feature", "properties": { "difference_1990_2000": 1009.0, "difference_1990_2010": 0.0, "difference_1990_2020": 978.0 }, "geometry": { "type": "Polygon", "coordinates": [ [ [ -100.571559213534513, 28.693310729852186 ], [ -100.566986739826234, 28.693310729852161 ], [ -100.566986739826234, 28.688883202392169 ], [ -100.571559213534513, 28.688883202392169 ], [ -100.571559213534513, 28.693310729852186 ] ] ] } },
{ "type": "Feature", "properties": { "difference_1990_2000": 2.0, "difference_1990_2010": 4.0, "difference_1990_2020": 6.0 }, "geometry": { "type": "Polygon", "coordinates": [ [ [ -100.571559213534513, 28.626917251153326 ], [ -100.566986739826234, 28.626917251153284 ], [ -100.566986739826234, 28.622492497882213 ], [ -100.571559213534513, 28.622492497882234 ], [ -100.571559213534513, 28.626917251153326 ] ] ] } },
{ "type": "Feature", "properties": { "difference_1990_2000": 19.0, "difference_1990_2010": 34.0, "difference_1990_2020": 44.0 }, "geometry": { "type": "Polygon", "coordinates": [ [ [ -100.571559213534513, 28.640192618759563 ], [ -100.566986739826234, 28.640192618759563 ], [ -100.566986739826234, 28.635767311542491 ], [ -100.571559213534513, 28.635767311542491 ], [ -100.571559213534513, 28.640192618759563 ] ] ] } },
{ "type": "Feature", "properties": { "difference_1990_2000": 310.0, "difference_1990_2010": 0.0, "difference_1990_2020": 265.0 }, "geometry": { "type": "Polygon", "coordinates": [ [ [ -100.571559213534513, 28.697738442655062 ], [ -100.566986739826234, 28.697738442655023 ], [ -100.566986739826234, 28.693310729852161 ], [ -100.571559213534513, 28.693310729852186 ], [ -100.571559213534513, 28.697738442655062 ] ] ] } },
{ "type": "Feature", "properties": { "difference_1990_2000": 88.0, "difference_1990_2010": 0.0, "difference_1990_2020": 519.0 }, "geometry": { "type": "Polygon", "coordinates": [ [ [ -100.571559213534513, 28.724308614455129 ], [ -100.566986739826234, 28.724308614455158 ], [ -100.566986739826234, 28.719879788551367 ], [ -100.571559213534513, 28.719879788551367 ], [ -100.571559213534513, 28.724308614455129 ] ] ] } },
{ "type": "Feature", "properties": { "difference_1990_2000": 2756.0, "difference_1990_2010": 0.0, "difference_1990_2020": 2213.0 }, "geometry": { "type": "Polygon", "coordinates": [ [ [ -100.571559213534513, 28.688883202392169 ], [ -100.566986739826234, 28.688883202392169 ], [ -100.566986739826234, 28.684455860225228 ], [ -100.571559213534513, 28.684455860225242 ], [ -100.571559213534513, 28.688883202392169 ] ] ] } },
{ "type": "Feature", "properties": { "difference_1990_2000": 125.0, "difference_1990_2010": 0.0, "difference_1990_2020": 827.0 }, "geometry": { "type": "Polygon", "coordinates": [ [ [ -100.571559213534513, 28.680028703301801 ], [ -100.566986739826234, 28.680028703301801 ], [ -100.566986739826234, 28.67560173157219 ], [ -100.571559213534513, 28.675601731572151 ], [ -100.571559213534513, 28.680028703301801 ] ] ] } },
{ "type": "Feature", "properties": { "difference_1990_2000": 3.0, "difference_1990_2010": 1.0, "difference_1990_2020": 4.0 }, "geometry": { "type": "Polygon", "coordinates": [ [ [ -100.571559213534513, 28.622492497882213 ], [ -100.566986739826234, 28.62249249788221 ], [ -100.566986739826234, 28.618067929160862 ], [ -100.571559213534513, 28.618067929160862 ], [ -100.571559213534513, 28.622492497882213 ] ] ] } },
{ "type": "Feature", "properties": { "difference_1990_2000": 54.0, "difference_1990_2010": 0.0, "difference_1990_2020": 330.0 }, "geometry": { "type": "Polygon", "coordinates": [ [ [ -100.571559213534513, 28.728737626049991 ], [ -100.566986739826234, 28.728737626049991 ], [ -100.566986739826234, 28.724308614455158 ], [ -100.571559213534513, 28.724308614455129 ], [ -100.571559213534513, 28.728737626049991 ] ] ] } },
{ "type": "Feature", "properties": { "difference_1990_2000": 0.0, "difference_1990_2010": 0.0, "difference_1990_2020": 1.0 }, "geometry": { "type": "Polygon", "coordinates": [ [ [ -100.571559213534513, 28.671174944986753 ], [ -100.566986739826234, 28.671174944986717 ], [ -100.566986739826234, 28.666748343495854 ], [ -100.571559213534513, 28.666748343495854 ], [ -100.571559213534513, 28.671174944986753 ] ] ] } },
{ "type": "Feature", "properties": { "difference_1990_2000": 76.0, "difference_1990_2010": 61.0, "difference_1990_2020": 56.0 }, "geometry": { "type": "Polygon", "coordinates": [ [ [ -100.571559213534513, 28.635767311542491 ], [ -100.566986739826234, 28.635767311542491 ], [ -100.566986739826234, 28.631342189023567 ], [ -100.571559213534513, 28.631342189023567 ], [ -100.571559213534513, 28.635767311542491 ] ] ] } },
{ "type": "Feature", "properties": { "difference_1990_2000": 0.0, "difference_1990_2010": 0.0, "difference_1990_2020": 50.0 }, "geometry": { "type": "Polygon", "coordinates": [ [ [ -100.571559213534513, 28.702166340850411 ], [ -100.566986739826234, 28.702166340850376 ], [ -100.566986739826234, 28.697738442655023 ], [ -100.571559213534513, 28.697738442655062 ], [ -100.571559213534513, 28.702166340850411 ] ] ] } },
{ "type": "Feature", "properties": { "difference_1990_2000": 29.0, "difference_1990_2010": 37.0, "difference_1990_2020": 37.0 }, "geometry": { "type": "Polygon", "coordinates": [ [ [ -100.571559213534513, 28.631342189023567 ], [ -100.566986739826234, 28.631342189023567 ], [ -100.566986739826234, 28.626917251153284 ], [ -100.571559213534513, 28.626917251153326 ], [ -100.571559213534513, 28.631342189023567 ] ] ] } },
{ "type": "Feature", "properties": { "difference_1990_2000": 32.0, "difference_1990_2010": 119.0, "difference_1990_2020": 126.0 }, "geometry": { "type": "Polygon", "coordinates": [ [ [ -100.749885688157306, 28.423568861520867 ], [ -100.745313214449027, 28.423568861520824 ], [ -100.745313214449027, 28.419152546587927 ], [ -100.749885688157306, 28.419152546587927 ], [ -100.749885688157306, 28.423568861520867 ] ] ] } },
{ "type": "Feature", "properties": { "difference_1990_2000": 32.0, "difference_1990_2010": 82.0, "difference_1990_2020": 67.0 }, "geometry": { "type": "Polygon", "coordinates": [ [ [ -100.749885688157306, 28.419152546587927 ], [ -100.745313214449027, 28.419152546587927 ], [ -100.745313214449027, 28.414736413945604 ], [ -100.749885688157306, 28.414736413945622 ], [ -100.749885688157306, 28.419152546587927 ] ] ] } },
{ "type": "Feature", "properties": { "difference_1990_2000": 4.0, "difference_1990_2010": 49.0, "difference_1990_2020": 76.0 }, "geometry": { "type": "Polygon", "coordinates": [ [ [ -100.749885688157306, 28.432402038453553 ], [ -100.745313214449027, 28.432402038453599 ], [ -100.745313214449027, 28.427985358793109 ], [ -100.749885688157306, 28.427985358793141 ], [ -100.749885688157306, 28.432402038453553 ] ] ] } },
{ "type": "Feature", "properties": { "difference_1990_2000": 11.0, "difference_1990_2010": 119.0, "difference_1990_2020": 179.0 }, "geometry": { "type": "Polygon", "coordinates": [ [ [ -100.749885688157306, 28.427985358793141 ], [ -100.745313214449027, 28.427985358793109 ], [ -100.745313214449027, 28.423568861520824 ], [ -100.749885688157306, 28.423568861520867 ], [ -100.749885688157306, 28.427985358793141 ] ] ] } },
{ "type": "Feature", "properties": { "difference_1990_2000": 4.0, "difference_1990_2010": 0.0, "difference_1990_2020": 37.0 }, "geometry": { "type": "Polygon", "coordinates": [ [ [ -100.562414266117983, 28.733166823385609 ], [ -100.557841792409704, 28.73316682338557 ], [ -100.557841792409704, 28.728737626049991 ], [ -100.562414266117983, 28.728737626050048 ], [ -100.562414266117983, 28.733166823385609 ] ] ] } },
{ "type": "Feature", "properties": { "difference_1990_2000": 62.0, "difference_1990_2010": 0.0, "difference_1990_2020": -52.0 }, "geometry": { "type": "Polygon", "coordinates": [ [ [ -100.562414266117983, 28.684455860225242 ], [ -100.557841792409704, 28.684455860225228 ], [ -100.557841792409704, 28.680028703301801 ], [ -100.562414266117983, 28.680028703301801 ], [ -100.562414266117983, 28.684455860225242 ] ] ] } },
{ "type": "Feature", "properties": { "difference_1990_2000": 15.0, "difference_1990_2010": 0.0, "difference_1990_2020": -2.0 }, "geometry": { "type": "Polygon", "coordinates": [ [ [ -100.562414266117983, 28.666748343495854 ], [ -100.557841792409704, 28.666748343495893 ], [ -100.557841792409704, 28.662321927049927 ], [ -100.562414266117983, 28.662321927049927 ], [ -100.562414266117983, 28.666748343495854 ] ] ] } },
{ "type": "Feature", "properties": { "difference_1990_2000": 172.0, "difference_1990_2010": 0.0, "difference_1990_2020": 29.0 }, "geometry": { "type": "Polygon", "coordinates": [ [ [ -100.562414266117983, 28.711022693617526 ], [ -100.557841792409704, 28.711022693617505 ], [ -100.557841792409704, 28.706594424487946 ], [ -100.562414266117983, 28.706594424487978 ], [ -100.562414266117983, 28.711022693617526 ] ] ] } },
{ "type": "Feature", "properties": { "difference_1990_2000": 383.0, "difference_1990_2010": 0.0, "difference_1990_2020": 288.0 }, "geometry": { "type": "Polygon", "coordinates": [ [ [ -100.562414266117983, 28.715451148288736 ], [ -100.557841792409704, 28.715451148288736 ], [ -100.557841792409704, 28.711022693617526 ], [ -100.562414266117983, 28.711022693617537 ], [ -100.562414266117983, 28.715451148288736 ] ] ] } },
{ "type": "Feature", "properties": { "difference_1990_2000": 1108.0, "difference_1990_2010": 0.0, "difference_1990_2020": 1290.0 }, "geometry": { "type": "Polygon", "coordinates": [ [ [ -100.562414266117983, 28.719879788551367 ], [ -100.557841792409704, 28.719879788551342 ], [ -100.557841792409704, 28.715451148288736 ], [ -100.562414266117983, 28.715451148288736 ], [ -100.562414266117983, 28.719879788551367 ] ] ] } },
{ "type": "Feature", "properties": { "difference_1990_2000": 97.0, "difference_1990_2010": 0.0, "difference_1990_2020": 406.0 }, "geometry": { "type": "Polygon", "coordinates": [ [ [ -100.562414266117983, 28.675601731572151 ], [ -100.557841792409704, 28.675601731572129 ], [ -100.557841792409704, 28.671174944986717 ], [ -100.562414266117983, 28.671174944986717 ], [ -100.562414266117983, 28.675601731572151 ] ] ] } },
{ "type": "Feature", "properties": { "difference_1990_2000": 105.0, "difference_1990_2010": 0.0, "difference_1990_2020": 212.0 }, "geometry": { "type": "Polygon", "coordinates": [ [ [ -100.562414266117983, 28.706594424487943 ], [ -100.557841792409704, 28.706594424487946 ], [ -100.557841792409704, 28.702166340850411 ], [ -100.562414266117983, 28.702166340850411 ], [ -100.562414266117983, 28.706594424487943 ] ] ] } },
{ "type": "Feature", "properties": { "difference_1990_2000": 16.0, "difference_1990_2010": 0.0, "difference_1990_2020": -3.0 }, "geometry": { "type": "Polygon", "coordinates": [ [ [ -100.562414266117983, 28.653469649094628 ], [ -100.557841792409704, 28.653469649094628 ], [ -100.557841792409704, 28.649043787486082 ], [ -100.562414266117983, 28.649043787486082 ], [ -100.562414266117983, 28.653469649094628 ] ] ] } },
{ "type": "Feature", "properties": { "difference_1990_2000": 49.0, "difference_1990_2010": 19.0, "difference_1990_2020": 176.0 }, "geometry": { "type": "Polygon", "coordinates": [ [ [ -100.562414266117983, 28.644618110724249 ], [ -100.557841792409704, 28.644618110724249 ], [ -100.557841792409704, 28.640192618759521 ], [ -100.562414266117983, 28.640192618759563 ], [ -100.562414266117983, 28.644618110724249 ] ] ] } },
{ "type": "Feature", "properties": { "difference_1990_2000": 39.0, "difference_1990_2010": 0.0, "difference_1990_2020": 75.0 }, "geometry": { "type": "Polygon", "coordinates": [ [ [ -100.562414266117983, 28.693310729852161 ], [ -100.557841792409704, 28.693310729852186 ], [ -100.557841792409704, 28.688883202392169 ], [ -100.562414266117983, 28.688883202392169 ], [ -100.562414266117983, 28.693310729852161 ] ] ] } },
{ "type": "Feature", "properties": { "difference_1990_2000": 16.0, "difference_1990_2010": 0.0, "difference_1990_2020": -3.0 }, "geometry": { "type": "Polygon", "coordinates": [ [ [ -100.562414266117983, 28.657895695599404 ], [ -100.557841792409704, 28.657895695599365 ], [ -100.557841792409704, 28.653469649094628 ], [ -100.562414266117983, 28.653469649094628 ], [ -100.562414266117983, 28.657895695599404 ] ] ] } },
{ "type": "Feature", "properties": { "difference_1990_2000": 25.0, "difference_1990_2010": 0.0, "difference_1990_2020": 2.0 }, "geometry": { "type": "Polygon", "coordinates": [ [ [ -100.562414266117983, 28.662321927049927 ], [ -100.557841792409704, 28.662321927049927 ], [ -100.557841792409704, 28.657895695599365 ], [ -100.562414266117983, 28.657895695599404 ], [ -100.562414266117983, 28.662321927049927 ] ] ] } },
{ "type": "Feature", "properties": { "difference_1990_2000": 16.0, "difference_1990_2010": 32.0, "difference_1990_2020": 39.0 }, "geometry": { "type": "Polygon", "coordinates": [ [ [ -100.562414266117983, 28.626917251153326 ], [ -100.557841792409704, 28.626917251153326 ], [ -100.557841792409704, 28.62249249788227 ], [ -100.562414266117983, 28.622492497882234 ], [ -100.562414266117983, 28.626917251153326 ] ] ] } },
{ "type": "Feature", "properties": { "difference_1990_2000": 169.0, "difference_1990_2010": 198.0, "difference_1990_2020": 192.0 }, "geometry": { "type": "Polygon", "coordinates": [ [ [ -100.562414266117983, 28.640192618759563 ], [ -100.557841792409704, 28.640192618759521 ], [ -100.557841792409704, 28.635767311542491 ], [ -100.562414266117983, 28.635767311542491 ], [ -100.562414266117983, 28.640192618759563 ] ] ] } },
{ "type": "Feature", "properties": { "difference_1990_2000": 13.0, "difference_1990_2010": 0.0, "difference_1990_2020": 96.0 }, "geometry": { "type": "Polygon", "coordinates": [ [ [ -100.562414266117983, 28.697738442655062 ], [ -100.557841792409704, 28.697738442655023 ], [ -100.557841792409704, 28.693310729852186 ], [ -100.562414266117983, 28.693310729852161 ], [ -100.562414266117983, 28.697738442655062 ] ] ] } },
{ "type": "Feature", "properties": { "difference_1990_2000": 16.0, "difference_1990_2010": 0.0, "difference_1990_2020": -3.0 }, "geometry": { "type": "Polygon", "coordinates": [ [ [ -100.562414266117983, 28.649043787486082 ], [ -100.557841792409704, 28.649043787486082 ], [ -100.557841792409704, 28.644618110724249 ], [ -100.562414266117983, 28.644618110724249 ], [ -100.562414266117983, 28.649043787486082 ] ] ] } },
{ "type": "Feature", "properties": { "difference_1990_2000": 93.0, "difference_1990_2010": 0.0, "difference_1990_2020": 122.0 }, "geometry": { "type": "Polygon", "coordinates": [ [ [ -100.562414266117983, 28.688883202392169 ], [ -100.557841792409704, 28.688883202392169 ], [ -100.557841792409704, 28.684455860225228 ], [ -100.562414266117983, 28.684455860225242 ], [ -100.562414266117983, 28.688883202392169 ] ] ] } },
{ "type": "Feature", "properties": { "difference_1990_2000": 25.0, "difference_1990_2010": 0.0, "difference_1990_2020": 30.0 }, "geometry": { "type": "Polygon", "coordinates": [ [ [ -100.562414266117983, 28.680028703301801 ], [ -100.557841792409704, 28.680028703301801 ], [ -100.557841792409704, 28.675601731572129 ], [ -100.562414266117983, 28.675601731572151 ], [ -100.562414266117983, 28.680028703301801 ] ] ] } },
{ "type": "Feature", "properties": { "difference_1990_2000": 271.0, "difference_1990_2010": 0.0, "difference_1990_2020": 836.0 }, "geometry": { "type": "Polygon", "coordinates": [ [ [ -100.562414266117983, 28.724308614455175 ], [ -100.557841792409704, 28.724308614455129 ], [ -100.557841792409704, 28.719879788551342 ], [ -100.562414266117983, 28.719879788551367 ], [ -100.562414266117983, 28.724308614455175 ] ] ] } },
{ "type": "Feature", "properties": { "difference_1990_2000": 10.0, "difference_1990_2010": 0.0, "difference_1990_2020": 40.0 }, "geometry": { "type": "Polygon", "coordinates": [ [ [ -100.562414266117983, 28.671174944986717 ], [ -100.557841792409704, 28.671174944986717 ], [ -100.557841792409704, 28.666748343495893 ], [ -100.562414266117983, 28.666748343495854 ], [ -100.562414266117983, 28.671174944986717 ] ] ] } },
{ "type": "Feature", "properties": { "difference_1990_2000": 0.0, "difference_1990_2010": 8.0, "difference_1990_2020": 23.0 }, "geometry": { "type": "Polygon", "coordinates": [ [ [ -100.562414266117983, 28.622492497882213 ], [ -100.557841792409704, 28.622492497882213 ], [ -100.557841792409704, 28.618067929160862 ], [ -100.562414266117983, 28.618067929160862 ], [ -100.562414266117983, 28.622492497882213 ] ] ] } },
{ "type": "Feature", "properties": { "difference_1990_2000": 147.0, "difference_1990_2010": 170.0, "difference_1990_2020": 161.0 }, "geometry": { "type": "Polygon", "coordinates": [ [ [ -100.562414266117983, 28.635767311542491 ], [ -100.557841792409704, 28.635767311542491 ], [ -100.557841792409704, 28.631342189023563 ], [ -100.562414266117983, 28.631342189023563 ], [ -100.562414266117983, 28.635767311542491 ] ] ] } },
{ "type": "Feature", "properties": { "difference_1990_2000": 122.0, "difference_1990_2010": 0.0, "difference_1990_2020": 674.0 }, "geometry": { "type": "Polygon", "coordinates": [ [ [ -100.562414266117983, 28.728737626050048 ], [ -100.557841792409704, 28.728737626049991 ], [ -100.557841792409704, 28.724308614455129 ], [ -100.562414266117983, 28.724308614455158 ], [ -100.562414266117983, 28.728737626050048 ] ] ] } },
{ "type": "Feature", "properties": { "difference_1990_2000": 10.0, "difference_1990_2010": 0.0, "difference_1990_2020": 128.0 }, "geometry": { "type": "Polygon", "coordinates": [ [ [ -100.562414266117983, 28.702166340850411 ], [ -100.557841792409704, 28.702166340850411 ], [ -100.557841792409704, 28.697738442655023 ], [ -100.562414266117983, 28.697738442655062 ], [ -100.562414266117983, 28.702166340850411 ] ] ] } },
{ "type": "Feature", "properties": { "difference_1990_2000": 96.0, "difference_1990_2010": 106.0, "difference_1990_2020": 91.0 }, "geometry": { "type": "Polygon", "coordinates": [ [ [ -100.562414266117983, 28.631342189023563 ], [ -100.557841792409704, 28.631342189023563 ], [ -100.557841792409704, 28.626917251153326 ], [ -100.562414266117983, 28.626917251153326 ], [ -100.562414266117983, 28.631342189023563 ] ] ] } },
{ "type": "Feature", "properties": { "difference_1990_2000": -35.0, "difference_1990_2010": 0.0, "difference_1990_2020": -42.0 }, "geometry": { "type": "Polygon", "coordinates": [ [ [ -100.553269318701425, 28.684455860225242 ], [ -100.548696844993174, 28.684455860225242 ], [ -100.548696844993174, 28.680028703301783 ], [ -100.553269318701425, 28.680028703301833 ], [ -100.553269318701425, 28.684455860225242 ] ] ] } },
{ "type": "Feature", "properties": { "difference_1990_2000": 105.0, "difference_1990_2010": 0.0, "difference_1990_2020": 12.0 }, "geometry": { "type": "Polygon", "coordinates": [ [ [ -100.553269318701425, 28.666748343495854 ], [ -100.548696844993174, 28.666748343495854 ], [ -100.548696844993174, 28.662321927049927 ], [ -100.553269318701425, 28.662321927049927 ], [ -100.553269318701425, 28.666748343495854 ] ] ] } },
{ "type": "Feature", "properties": { "difference_1990_2000": 424.0, "difference_1990_2010": 0.0, "difference_1990_2020": 396.0 }, "geometry": { "type": "Polygon", "coordinates": [ [ [ -100.553269318701425, 28.711022693617526 ], [ -100.548696844993174, 28.711022693617505 ], [ -100.548696844993174, 28.706594424487946 ], [ -100.553269318701425, 28.706594424487978 ], [ -100.553269318701425, 28.711022693617526 ] ] ] } },
{ "type": "Feature", "properties": { "difference_1990_2000": 1058.0, "difference_1990_2010": 0.0, "difference_1990_2020": 1198.0 }, "geometry": { "type": "Polygon", "coordinates": [ [ [ -100.553269318701425, 28.715451148288736 ], [ -100.548696844993174, 28.715451148288736 ], [ -100.548696844993174, 28.711022693617537 ], [ -100.553269318701425, 28.711022693617537 ], [ -100.553269318701425, 28.715451148288736 ] ] ] } },
{ "type": "Feature", "properties": { "difference_1990_2000": 926.0, "difference_1990_2010": 0.0, "difference_1990_2020": 1461.0 }, "geometry": { "type": "Polygon", "coordinates": [ [ [ -100.553269318701425, 28.719879788551367 ], [ -100.548696844993174, 28.719879788551367 ], [ -100.548696844993174, 28.715451148288736 ], [ -100.553269318701425, 28.715451148288736 ], [ -100.553269318701425, 28.719879788551367 ] ] ] } },
{ "type": "Feature", "properties": { "difference_1990_2000": -4.0, "difference_1990_2010": 0.0, "difference_1990_2020": -105.0 }, "geometry": { "type": "Polygon", "coordinates": [ [ [ -100.553269318701425, 28.67560173157219 ], [ -100.548696844993174, 28.675601731572151 ], [ -100.548696844993174, 28.671174944986753 ], [ -100.553269318701425, 28.671174944986753 ], [ -100.553269318701425, 28.67560173157219 ] ] ] } },
{ "type": "Feature", "properties": { "difference_1990_2000": 173.0, "difference_1990_2010": 0.0, "difference_1990_2020": 367.0 }, "geometry": { "type": "Polygon", "coordinates": [ [ [ -100.553269318701425, 28.706594424487978 ], [ -100.548696844993174, 28.706594424487943 ], [ -100.548696844993174, 28.702166340850411 ], [ -100.553269318701425, 28.702166340850411 ], [ -100.553269318701425, 28.706594424487978 ] ] ] } },
{ "type": "Feature", "properties": { "difference_1990_2000": -398.0, "difference_1990_2010": 0.0, "difference_1990_2020": -522.0 }, "geometry": { "type": "Polygon", "coordinates": [ [ [ -100.553269318701425, 28.653469649094617 ], [ -100.548696844993174, 28.653469649094617 ], [ -100.548696844993174, 28.649043787486082 ], [ -100.553269318701425, 28.649043787486082 ], [ -100.553269318701425, 28.653469649094617 ] ] ] } },
{ "type": "Feature", "properties": { "difference_1990_2000": -50.0, "difference_1990_2010": 0.0, "difference_1990_2020": -8.0 }, "geometry": { "type": "Polygon", "coordinates": [ [ [ -100.553269318701425, 28.657895695599365 ], [ -100.548696844993174, 28.657895695599404 ], [ -100.548696844993174, 28.653469649094617 ], [ -100.553269318701425, 28.653469649094617 ], [ -100.553269318701425, 28.657895695599365 ] ] ] } },
{ "type": "Feature", "properties": { "difference_1990_2000": -165.0, "difference_1990_2010": -1142.0, "difference_1990_2020": -292.0 }, "geometry": { "type": "Polygon", "coordinates": [ [ [ -100.553269318701425, 28.644618110724249 ], [ -100.548696844993174, 28.644618110724249 ], [ -100.548696844993174, 28.640192618759563 ], [ -100.553269318701425, 28.640192618759581 ], [ -100.553269318701425, 28.644618110724249 ] ] ] } },
{ "type": "Feature", "properties": { "difference_1990_2000": -68.0, "difference_1990_2010": 0.0, "difference_1990_2020": -370.0 }, "geometry": { "type": "Polygon", "coordinates": [ [ [ -100.553269318701425, 28.693310729852186 ], [ -100.548696844993174, 28.693310729852186 ], [ -100.548696844993174, 28.688883202392169 ], [ -100.553269318701425, 28.688883202392169 ], [ -100.553269318701425, 28.693310729852186 ] ] ] } },
{ "type": "Feature", "properties": { "difference_1990_2000": 69.0, "difference_1990_2010": 0.0, "difference_1990_2020": 137.0 }, "geometry": { "type": "Polygon", "coordinates": [ [ [ -100.553269318701425, 28.662321927049927 ], [ -100.548696844993174, 28.662321927049927 ], [ -100.548696844993174, 28.657895695599404 ], [ -100.553269318701425, 28.657895695599365 ], [ -100.553269318701425, 28.662321927049927 ] ] ] } },
{ "type": "Feature", "properties": { "difference_1990_2000": 0.0, "difference_1990_2010": 1.0, "difference_1990_2020": 2.0 }, "geometry": { "type": "Polygon", "coordinates": [ [ [ -100.553269318701425, 28.62691725115333 ], [ -100.548696844993174, 28.626917251153326 ], [ -100.548696844993174, 28.622492497882234 ], [ -100.553269318701425, 28.622492497882234 ], [ -100.553269318701425, 28.62691725115333 ] ] ] } },
{ "type": "Feature", "properties": { "difference_1990_2000": 344.0, "difference_1990_2010": 437.0, "difference_1990_2020": 450.0 }, "geometry": { "type": "Polygon", "coordinates": [ [ [ -100.553269318701425, 28.640192618759581 ], [ -100.548696844993174, 28.640192618759563 ], [ -100.548696844993174, 28.635767311542491 ], [ -100.553269318701425, 28.635767311542473 ], [ -100.553269318701425, 28.640192618759581 ] ] ] } },
{ "type": "Feature", "properties": { "difference_1990_2000": -28.0, "difference_1990_2010": 0.0, "difference_1990_2020": -154.0 }, "geometry": { "type": "Polygon", "coordinates": [ [ [ -100.553269318701425, 28.697738442655062 ], [ -100.548696844993174, 28.697738442655062 ], [ -100.548696844993174, 28.693310729852186 ], [ -100.553269318701425, 28.693310729852186 ], [ -100.553269318701425, 28.697738442655062 ] ] ] } },
{ "type": "Feature", "properties": { "difference_1990_2000": -326.0, "difference_1990_2010": 0.0, "difference_1990_2020": -500.0 }, "geometry": { "type": "Polygon", "coordinates": [ [ [ -100.553269318701425, 28.649043787486082 ], [ -100.548696844993174, 28.649043787486082 ], [ -100.548696844993174, 28.644618110724249 ], [ -100.553269318701425, 28.644618110724249 ], [ -100.553269318701425, 28.649043787486082 ] ] ] } },
{ "type": "Feature", "properties": { "difference_1990_2000": -105.0, "difference_1990_2010": 0.0, "difference_1990_2020": -353.0 }, "geometry": { "type": "Polygon", "coordinates": [ [ [ -100.553269318701425, 28.688883202392169 ], [ -100.548696844993174, 28.688883202392169 ], [ -100.548696844993174, 28.684455860225242 ], [ -100.553269318701425, 28.684455860225242 ], [ -100.553269318701425, 28.688883202392169 ] ] ] } },
{ "type": "Feature", "properties": { "difference_1990_2000": 0.0, "difference_1990_2010": 0.0, "difference_1990_2020": 538.0 }, "geometry": { "type": "Polygon", "coordinates": [ [ [ -100.553269318701425, 28.724308614455175 ], [ -100.548696844993174, 28.724308614455158 ], [ -100.548696844993174, 28.719879788551367 ], [ -100.553269318701425, 28.719879788551367 ], [ -100.553269318701425, 28.724308614455175 ] ] ] } },
{ "type": "Feature", "properties": { "difference_1990_2000": -5.0, "difference_1990_2010": 0.0, "difference_1990_2020": -3.0 }, "geometry": { "type": "Polygon", "coordinates": [ [ [ -100.553269318701425, 28.680028703301833 ], [ -100.548696844993174, 28.680028703301783 ], [ -100.548696844993174, 28.675601731572151 ], [ -100.553269318701425, 28.67560173157219 ], [ -100.553269318701425, 28.680028703301833 ] ] ] } },
{ "type": "Feature", "properties": { "difference_1990_2000": 153.0, "difference_1990_2010": 191.0, "difference_1990_2020": 201.0 }, "geometry": { "type": "Polygon", "coordinates": [ [ [ -100.553269318701425, 28.635767311542473 ], [ -100.548696844993174, 28.635767311542491 ], [ -100.548696844993174, 28.631342189023567 ], [ -100.553269318701425, 28.631342189023567 ], [ -100.553269318701425, 28.635767311542473 ] ] ] } },
{ "type": "Feature", "properties": { "difference_1990_2000": -113.0, "difference_1990_2010": 0.0, "difference_1990_2020": -249.0 }, "geometry": { "type": "Polygon", "coordinates": [ [ [ -100.553269318701425, 28.671174944986753 ], [ -100.548696844993174, 28.671174944986753 ], [ -100.548696844993174, 28.666748343495854 ], [ -100.553269318701425, 28.666748343495854 ], [ -100.553269318701425, 28.671174944986753 ] ] ] } },
{ "type": "Feature", "properties": { "difference_1990_2000": 0.0, "difference_1990_2010": 0.0, "difference_1990_2020": 46.0 }, "geometry": { "type": "Polygon", "coordinates": [ [ [ -100.553269318701425, 28.728737626050027 ], [ -100.548696844993174, 28.728737626049991 ], [ -100.548696844993174, 28.724308614455158 ], [ -100.553269318701425, 28.724308614455158 ], [ -100.553269318701425, 28.728737626050027 ] ] ] } },
{ "type": "Feature", "properties": { "difference_1990_2000": 25.0, "difference_1990_2010": 0.0, "difference_1990_2020": 196.0 }, "geometry": { "type": "Polygon", "coordinates": [ [ [ -100.553269318701425, 28.702166340850411 ], [ -100.548696844993174, 28.702166340850411 ], [ -100.548696844993174, 28.697738442655062 ], [ -100.553269318701425, 28.697738442655062 ], [ -100.553269318701425, 28.702166340850411 ] ] ] } },
{ "type": "Feature", "properties": { "difference_1990_2000": 14.0, "difference_1990_2010": 33.0, "difference_1990_2020": 66.0 }, "geometry": { "type": "Polygon", "coordinates": [ [ [ -100.553269318701425, 28.631342189023567 ], [ -100.548696844993174, 28.631342189023567 ], [ -100.548696844993174, 28.626917251153326 ], [ -100.553269318701425, 28.62691725115333 ], [ -100.553269318701425, 28.631342189023567 ] ] ] } }
]
}
