{
"type": "FeatureCollection",
"crs": { "type": "name", "properties": { "name": "urn:ogc:def:crs:OGC:1.3:CRS84" } },
"features": [
{ "type": "Feature", "properties": { "difference_1990_2000": 0.0, "difference_1990_2010": 19.0, "difference_1990_2020": 1.0 }, "geometry": { "type": "Polygon", "coordinates": [ [ [ -103.273891175125755, 25.714276867349842 ], [ -103.26931870141749, 25.714276867349842 ], [ -103.26931870141749, 25.709964902392112 ], [ -103.273891175125755, 25.709964902392095 ], [ -103.273891175125755, 25.714276867349842 ] ] ] } },
{ "type": "Feature", "properties": { "difference_1990_2000": 0.0, "difference_1990_2010": 13.0, "difference_1990_2020": 9.0 }, "geometry": { "type": "Polygon", "coordinates": [ [ [ -103.273891175125755, 25.529001422952906 ], [ -103.26931870141749, 25.529001422952906 ], [ -103.26931870141749, 25.524696066522996 ], [ -103.273891175125755, 25.524696066522996 ], [ -103.273891175125755, 25.529001422952906 ] ] ] } },
{ "type": "Feature", "properties": { "difference_1990_2000": 0.0, "difference_1990_2010": 8.0, "difference_1990_2020": 18.0 }, "geometry": { "type": "Polygon", "coordinates": [ [ [ -103.273891175125755, 25.533306932215755 ], [ -103.26931870141749, 25.533306932215755 ], [ -103.26931870141749, 25.529001422952906 ], [ -103.273891175125755, 25.529001422952906 ], [ -103.273891175125755, 25.533306932215755 ] ] ] } },
{ "type": "Feature", "properties": { "difference_1990_2000": 1.0, "difference_1990_2010": -1.0, "difference_1990_2020": -4.0 }, "geometry": { "type": "Polygon", "coordinates": [ [ [ -103.273891175125755, 25.54191840940242 ], [ -103.26931870141749, 25.54191840940242 ], [ -103.26931870141749, 25.537612594352098 ], [ -103.273891175125755, 25.537612594352062 ], [ -103.273891175125755, 25.54191840940242 ] ] ] } },
{ "type": "Feature", "properties": { "difference_1990_2000": 3.0, "difference_1990_2010": -2.0, "difference_1990_2020": -7.0 }, "geometry": { "type": "Polygon", "coordinates": [ [ [ -103.273891175125755, 25.537612594352062 ], [ -103.26931870141749, 25.537612594352098 ], [ -103.26931870141749, 25.533306932215755 ], [ -103.273891175125755, 25.533306932215755 ], [ -103.273891175125755, 25.537612594352062 ] ] ] } },
{ "type": "Feature", "properties": { "difference_1990_2000": 0.0, "difference_1990_2010": 0.0, "difference_1990_2020": -1.0 }, "geometry": { "type": "Polygon", "coordinates": [ [ [ -103.273891175125755, 25.54622437740721 ], [ -103.26931870141749, 25.54622437740721 ], [ -103.26931870141749, 25.54191840940242 ], [ -103.273891175125755, 25.54191840940242 ], [ -103.273891175125755, 25.54622437740721 ] ] ] } },
{ "type": "Feature", "properties": { "difference_1990_2000": 0.0, "difference_1990_2010": 22.0, "difference_1990_2020": 1.0 }, "geometry": { "type": "Polygon", "coordinates": [ [ [ -103.273891175125755, 25.709964902392095 ], [ -103.26931870141749, 25.709964902392112 ], [ -103.26931870141749, 25.705653091977844 ], [ -103.273891175125755, 25.705653091977823 ], [ -103.273891175125755, 25.709964902392095 ] ] ] } },
{ "type": "Feature", "properties": { "difference_1990_2000": -12.0, "difference_1990_2010": -58.0, "difference_1990_2020": -75.0 }, "geometry": { "type": "Polygon", "coordinates": [ [ [ -103.452217649748519, 25.520390862885513 ], [ -103.44764517604024, 25.520390862885499 ], [ -103.44764517604024, 25.516085812000011 ], [ -103.452217649748519, 25.516085812000011 ], [ -103.452217649748519, 25.520390862885513 ] ] ] } },
{ "type": "Feature", "properties": { "difference_1990_2000": 3.0, "difference_1990_2010": 3.0, "difference_1990_2020": 35.0 }, "geometry": { "type": "Polygon", "coordinates": [ [ [ -103.452217649748519, 25.60652401241903 ], [ -103.44764517604024, 25.606524012419019 ], [ -103.44764517604024, 25.602215898789581 ], [ -103.452217649748519, 25.602215898789616 ], [ -103.452217649748519, 25.60652401241903 ] ] ] } },
{ "type": "Feature", "properties": { "difference_1990_2000": 141.0, "difference_1990_2010": 187.0, "difference_1990_2020": 227.0 }, "geometry": { "type": "Polygon", "coordinates": [ [ [ -103.452217649748519, 25.589292478876903 ], [ -103.44764517604024, 25.589292478876903 ], [ -103.44764517604024, 25.584984979095623 ], [ -103.452217649748519, 25.584984979095623 ], [ -103.452217649748519, 25.589292478876903 ] ] ] } },
{ "type": "Feature", "properties": { "difference_1990_2000": -181.0, "difference_1990_2010": -291.0, "difference_1990_2020": -394.0 }, "geometry": { "type": "Polygon", "coordinates": [ [ [ -103.452217649748519, 25.554836772442435 ], [ -103.44764517604024, 25.554836772442435 ], [ -103.44764517604024, 25.550530498407017 ], [ -103.452217649748519, 25.550530498407017 ], [ -103.452217649748519, 25.554836772442435 ] ] ] } },
{ "type": "Feature", "properties": { "difference_1990_2000": -13.0, "difference_1990_2010": -49.0, "difference_1990_2020": -80.0 }, "geometry": { "type": "Polygon", "coordinates": [ [ [ -103.452217649748519, 25.516085812000011 ], [ -103.44764517604024, 25.516085812000011 ], [ -103.44764517604024, 25.511780913825977 ], [ -103.452217649748519, 25.511780913826033 ], [ -103.452217649748519, 25.516085812000011 ] ] ] } },
{ "type": "Feature", "properties": { "difference_1990_2000": -97.0, "difference_1990_2010": -222.0, "difference_1990_2020": -296.0 }, "geometry": { "type": "Polygon", "coordinates": [ [ [ -103.452217649748519, 25.580677632674721 ], [ -103.44764517604024, 25.580677632674703 ], [ -103.44764517604024, 25.576370439573555 ], [ -103.452217649748519, 25.576370439573584 ], [ -103.452217649748519, 25.580677632674721 ] ] ] } },
{ "type": "Feature", "properties": { "difference_1990_2000": -555.0, "difference_1990_2010": -870.0, "difference_1990_2020": -1111.0 }, "geometry": { "type": "Polygon", "coordinates": [ [ [ -103.452217649748519, 25.524696066522957 ], [ -103.44764517604024, 25.524696066522942 ], [ -103.44764517604024, 25.520390862885499 ], [ -103.452217649748519, 25.520390862885513 ], [ -103.452217649748519, 25.524696066522957 ] ] ] } },
{ "type": "Feature", "properties": { "difference_1990_2000": 19.0, "difference_1990_2010": 24.0, "difference_1990_2020": 381.0 }, "geometry": { "type": "Polygon", "coordinates": [ [ [ -103.452217649748519, 25.610832279612154 ], [ -103.44764517604024, 25.610832279612154 ], [ -103.44764517604024, 25.606524012419019 ], [ -103.452217649748519, 25.60652401241903 ], [ -103.452217649748519, 25.610832279612154 ] ] ] } },
{ "type": "Feature", "properties": { "difference_1990_2000": 173.0, "difference_1990_2010": 470.0, "difference_1990_2020": 658.0 }, "geometry": { "type": "Polygon", "coordinates": [ [ [ -103.452217649748519, 25.593600132059237 ], [ -103.44764517604024, 25.593600132059201 ], [ -103.44764517604024, 25.589292478876903 ], [ -103.452217649748519, 25.589292478876903 ], [ -103.452217649748519, 25.593600132059237 ] ] ] } },
{ "type": "Feature", "properties": { "difference_1990_2000": -60.0, "difference_1990_2010": 304.0, "difference_1990_2020": 261.0 }, "geometry": { "type": "Polygon", "coordinates": [ [ [ -103.452217649748519, 25.576370439573584 ], [ -103.44764517604024, 25.576370439573555 ], [ -103.44764517604024, 25.572063399751489 ], [ -103.452217649748519, 25.572063399751489 ], [ -103.452217649748519, 25.576370439573584 ] ] ] } },
{ "type": "Feature", "properties": { "difference_1990_2000": -157.0, "difference_1990_2010": -260.0, "difference_1990_2020": -365.0 }, "geometry": { "type": "Polygon", "coordinates": [ [ [ -103.452217649748519, 25.559143199554043 ], [ -103.44764517604024, 25.559143199554043 ], [ -103.44764517604024, 25.554836772442435 ], [ -103.452217649748519, 25.554836772442435 ], [ -103.452217649748519, 25.559143199554043 ] ] ] } },
{ "type": "Feature", "properties": { "difference_1990_2000": -140.0, "difference_1990_2010": -239.0, "difference_1990_2020": -342.0 }, "geometry": { "type": "Polygon", "coordinates": [ [ [ -103.452217649748519, 25.563449779782381 ], [ -103.44764517604024, 25.563449779782324 ], [ -103.44764517604024, 25.559143199554043 ], [ -103.452217649748519, 25.559143199554043 ], [ -103.452217649748519, 25.563449779782381 ] ] ] } },
{ "type": "Feature", "properties": { "difference_1990_2000": 0.0, "difference_1990_2010": 0.0, "difference_1990_2020": 44.0 }, "geometry": { "type": "Polygon", "coordinates": [ [ [ -103.452217649748519, 25.619449274852371 ], [ -103.44764517604024, 25.619449274852354 ], [ -103.44764517604024, 25.615140700409665 ], [ -103.452217649748519, 25.615140700409697 ], [ -103.452217649748519, 25.619449274852371 ] ] ] } },
{ "type": "Feature", "properties": { "difference_1990_2000": 1.0, "difference_1990_2010": 1.0, "difference_1990_2020": 499.0 }, "geometry": { "type": "Polygon", "coordinates": [ [ [ -103.452217649748519, 25.615140700409697 ], [ -103.44764517604024, 25.615140700409665 ], [ -103.44764517604024, 25.610832279612154 ], [ -103.452217649748519, 25.610832279612154 ], [ -103.452217649748519, 25.615140700409697 ] ] ] } },
{ "type": "Feature", "properties": { "difference_1990_2000": -232.0, "difference_1990_2010": -414.0, "difference_1990_2020": -525.0 }, "geometry": { "type": "Polygon", "coordinates": [ [ [ -103.452217649748519, 25.567756513167971 ], [ -103.44764517604024, 25.567756513167971 ], [ -103.44764517604024, 25.563449779782324 ], [ -103.452217649748519, 25.563449779782381 ], [ -103.452217649748519, 25.567756513167971 ] ] ] } },
{ "type": "Feature", "properties": { "difference_1990_2000": 3.0, "difference_1990_2010": 223.0, "difference_1990_2020": 304.0 }, "geometry": { "type": "Polygon", "coordinates": [ [ [ -103.452217649748519, 25.602215898789616 ], [ -103.44764517604024, 25.602215898789581 ], [ -103.44764517604024, 25.597907938683242 ], [ -103.452217649748519, 25.597907938683242 ], [ -103.452217649748519, 25.602215898789616 ] ] ] } },
{ "type": "Feature", "properties": { "difference_1990_2000": -825.0, "difference_1990_2010": -1208.0, "difference_1990_2020": -1522.0 }, "geometry": { "type": "Polygon", "coordinates": [ [ [ -103.452217649748519, 25.529001422952906 ], [ -103.44764517604024, 25.529001422952906 ], [ -103.44764517604024, 25.524696066522942 ], [ -103.452217649748519, 25.524696066522957 ], [ -103.452217649748519, 25.529001422952906 ] ] ] } },
{ "type": "Feature", "properties": { "difference_1990_2000": -1123.0, "difference_1990_2010": -1373.0, "difference_1990_2020": -1571.0 }, "geometry": { "type": "Polygon", "coordinates": [ [ [ -103.452217649748519, 25.533306932215755 ], [ -103.44764517604024, 25.533306932215755 ], [ -103.44764517604024, 25.529001422952906 ], [ -103.452217649748519, 25.529001422952906 ], [ -103.452217649748519, 25.533306932215755 ] ] ] } },
{ "type": "Feature", "properties": { "difference_1990_2000": 85.0, "difference_1990_2010": 716.0, "difference_1990_2020": 983.0 }, "geometry": { "type": "Polygon", "coordinates": [ [ [ -103.452217649748519, 25.597907938683242 ], [ -103.44764517604024, 25.597907938683242 ], [ -103.44764517604024, 25.593600132059201 ], [ -103.452217649748519, 25.593600132059237 ], [ -103.452217649748519, 25.597907938683242 ] ] ] } },
{ "type": "Feature", "properties": { "difference_1990_2000": -368.0, "difference_1990_2010": -628.0, "difference_1990_2020": -778.0 }, "geometry": { "type": "Polygon", "coordinates": [ [ [ -103.452217649748519, 25.541918409402399 ], [ -103.44764517604024, 25.541918409402399 ], [ -103.44764517604024, 25.537612594352062 ], [ -103.452217649748519, 25.537612594352098 ], [ -103.452217649748519, 25.541918409402399 ] ] ] } },
{ "type": "Feature", "properties": { "difference_1990_2000": -235.0, "difference_1990_2010": -415.0, "difference_1990_2020": -513.0 }, "geometry": { "type": "Polygon", "coordinates": [ [ [ -103.452217649748519, 25.550530498407017 ], [ -103.44764517604024, 25.550530498407017 ], [ -103.44764517604024, 25.546224377407174 ], [ -103.452217649748519, 25.54622437740721 ], [ -103.452217649748519, 25.550530498407017 ] ] ] } },
{ "type": "Feature", "properties": { "difference_1990_2000": -1.0, "difference_1990_2010": 746.0, "difference_1990_2020": 750.0 }, "geometry": { "type": "Polygon", "coordinates": [ [ [ -103.452217649748519, 25.572063399751489 ], [ -103.44764517604024, 25.572063399751489 ], [ -103.44764517604024, 25.567756513167971 ], [ -103.452217649748519, 25.567756513167971 ], [ -103.452217649748519, 25.572063399751489 ] ] ] } },
{ "type": "Feature", "properties": { "difference_1990_2000": -422.0, "difference_1990_2010": -774.0, "difference_1990_2020": -905.0 }, "geometry": { "type": "Polygon", "coordinates": [ [ [ -103.452217649748519, 25.54622437740721 ], [ -103.44764517604024, 25.546224377407174 ], [ -103.44764517604024, 25.541918409402399 ], [ -103.452217649748519, 25.541918409402399 ], [ -103.452217649748519, 25.54622437740721 ] ] ] } },
{ "type": "Feature", "properties": { "difference_1990_2000": 83.0, "difference_1990_2010": 75.0, "difference_1990_2020": 77.0 }, "geometry": { "type": "Polygon", "coordinates": [ [ [ -103.452217649748519, 25.584984979095623 ], [ -103.44764517604024, 25.584984979095623 ], [ -103.44764517604024, 25.580677632674703 ], [ -103.452217649748519, 25.580677632674721 ], [ -103.452217649748519, 25.584984979095623 ] ] ] } },
{ "type": "Feature", "properties": { "difference_1990_2000": -914.0, "difference_1990_2010": -1394.0, "difference_1990_2020": -1526.0 }, "geometry": { "type": "Polygon", "coordinates": [ [ [ -103.452217649748519, 25.537612594352098 ], [ -103.44764517604024, 25.537612594352062 ], [ -103.44764517604024, 25.533306932215755 ], [ -103.452217649748519, 25.533306932215755 ], [ -103.452217649748519, 25.537612594352098 ] ] ] } },
{ "type": "Feature", "properties": { "difference_1990_2000": 0.0, "difference_1990_2010": 1.0, "difference_1990_2020": 15.0 }, "geometry": { "type": "Polygon", "coordinates": [ [ [ -103.264746227709239, 25.524696066522957 ], [ -103.260173754000945, 25.524696066522996 ], [ -103.260173754000945, 25.520390862885513 ], [ -103.264746227709239, 25.520390862885513 ], [ -103.264746227709239, 25.524696066522957 ] ] ] } },
{ "type": "Feature", "properties": { "difference_1990_2000": 0.0, "difference_1990_2010": 34.0, "difference_1990_2020": 59.0 }, "geometry": { "type": "Polygon", "coordinates": [ [ [ -103.264746227709239, 25.529001422952906 ], [ -103.260173754000945, 25.529001422952906 ], [ -103.260173754000945, 25.524696066522996 ], [ -103.264746227709239, 25.524696066522957 ], [ -103.264746227709239, 25.529001422952906 ] ] ] } },
{ "type": "Feature", "properties": { "difference_1990_2000": 0.0, "difference_1990_2010": 9.0, "difference_1990_2020": 311.0 }, "geometry": { "type": "Polygon", "coordinates": [ [ [ -103.264746227709239, 25.533306932215755 ], [ -103.260173754000945, 25.533306932215755 ], [ -103.260173754000945, 25.529001422952906 ], [ -103.264746227709239, 25.529001422952906 ], [ -103.264746227709239, 25.533306932215755 ] ] ] } },
{ "type": "Feature", "properties": { "difference_1990_2000": 0.0, "difference_1990_2010": 15.0, "difference_1990_2020": 18.0 }, "geometry": { "type": "Polygon", "coordinates": [ [ [ -103.264746227709239, 25.541918409402399 ], [ -103.260173754000945, 25.541918409402399 ], [ -103.260173754000945, 25.537612594352098 ], [ -103.264746227709239, 25.537612594352062 ], [ -103.264746227709239, 25.541918409402399 ] ] ] } },
{ "type": "Feature", "properties": { "difference_1990_2000": 31.0, "difference_1990_2010": 70.0, "difference_1990_2020": 140.0 }, "geometry": { "type": "Polygon", "coordinates": [ [ [ -103.264746227709239, 25.537612594352062 ], [ -103.260173754000945, 25.537612594352098 ], [ -103.260173754000945, 25.533306932215755 ], [ -103.264746227709239, 25.533306932215755 ], [ -103.264746227709239, 25.537612594352062 ] ] ] } },
{ "type": "Feature", "properties": { "difference_1990_2000": -695.0, "difference_1990_2010": -896.0, "difference_1990_2020": -1361.0 }, "geometry": { "type": "Polygon", "coordinates": [ [ [ -103.443072702331975, 25.520390862885513 ], [ -103.438500228623695, 25.520390862885513 ], [ -103.438500228623695, 25.516085812000036 ], [ -103.443072702331975, 25.516085812000036 ], [ -103.443072702331975, 25.520390862885513 ] ] ] } },
{ "type": "Feature", "properties": { "difference_1990_2000": 71.0, "difference_1990_2010": 183.0, "difference_1990_2020": 264.0 }, "geometry": { "type": "Polygon", "coordinates": [ [ [ -103.443072702331975, 25.606524012418983 ], [ -103.438500228623695, 25.606524012419019 ], [ -103.438500228623695, 25.602215898789581 ], [ -103.443072702331975, 25.602215898789581 ], [ -103.443072702331975, 25.606524012418983 ] ] ] } },
{ "type": "Feature", "properties": { "difference_1990_2000": 0.0, "difference_1990_2010": 2.0, "difference_1990_2020": 1.0 }, "geometry": { "type": "Polygon", "coordinates": [ [ [ -103.443072702331975, 25.589292478876903 ], [ -103.438500228623695, 25.589292478876903 ], [ -103.438500228623695, 25.584984979095623 ], [ -103.443072702331975, 25.584984979095584 ], [ -103.443072702331975, 25.589292478876903 ] ] ] } },
{ "type": "Feature", "properties": { "difference_1990_2000": -345.0, "difference_1990_2010": -580.0, "difference_1990_2020": -733.0 }, "geometry": { "type": "Polygon", "coordinates": [ [ [ -103.443072702331975, 25.554836772442435 ], [ -103.438500228623695, 25.554836772442474 ], [ -103.438500228623695, 25.550530498407017 ], [ -103.443072702331975, 25.550530498407017 ], [ -103.443072702331975, 25.554836772442435 ] ] ] } },
{ "type": "Feature", "properties": { "difference_1990_2000": -669.0, "difference_1990_2010": -936.0, "difference_1990_2020": -1409.0 }, "geometry": { "type": "Polygon", "coordinates": [ [ [ -103.443072702331975, 25.516085812000036 ], [ -103.438500228623695, 25.516085812000036 ], [ -103.438500228623695, 25.511780913825994 ], [ -103.443072702331975, 25.511780913825994 ], [ -103.443072702331975, 25.516085812000036 ] ] ] } },
{ "type": "Feature", "properties": { "difference_1990_2000": -80.0, "difference_1990_2010": -163.0, "difference_1990_2020": -226.0 }, "geometry": { "type": "Polygon", "coordinates": [ [ [ -103.443072702331975, 25.580677632674703 ], [ -103.438500228623695, 25.580677632674703 ], [ -103.438500228623695, 25.576370439573555 ], [ -103.443072702331975, 25.576370439573555 ], [ -103.443072702331975, 25.580677632674703 ] ] ] } },
{ "type": "Feature", "properties": { "difference_1990_2000": -58.0, "difference_1990_2010": -161.0, "difference_1990_2020": -223.0 }, "geometry": { "type": "Polygon", "coordinates": [ [ [ -103.443072702331975, 25.524696066522996 ], [ -103.438500228623695, 25.524696066522996 ], [ -103.438500228623695, 25.520390862885513 ], [ -103.443072702331975, 25.520390862885513 ], [ -103.443072702331975, 25.524696066522996 ] ] ] } },
{ "type": "Feature", "properties": { "difference_1990_2000": 0.0, "difference_1990_2010": 0.0, "difference_1990_2020": 322.0 }, "geometry": { "type": "Polygon", "coordinates": [ [ [ -103.443072702331975, 25.610832279612154 ], [ -103.438500228623695, 25.610832279612154 ], [ -103.438500228623695, 25.606524012419019 ], [ -103.443072702331975, 25.606524012418983 ], [ -103.443072702331975, 25.610832279612154 ] ] ] } },
{ "type": "Feature", "properties": { "difference_1990_2000": -223.0, "difference_1990_2010": -410.0, "difference_1990_2020": -525.0 }, "geometry": { "type": "Polygon", "coordinates": [ [ [ -103.443072702331975, 25.576370439573555 ], [ -103.438500228623695, 25.576370439573555 ], [ -103.438500228623695, 25.572063399751489 ], [ -103.443072702331975, 25.572063399751546 ], [ -103.443072702331975, 25.576370439573555 ] ] ] } },
{ "type": "Feature", "properties": { "difference_1990_2000": -106.0, "difference_1990_2010": -224.0, "difference_1990_2020": -305.0 }, "geometry": { "type": "Polygon", "coordinates": [ [ [ -103.443072702331975, 25.511780913825994 ], [ -103.438500228623695, 25.511780913825994 ], [ -103.438500228623695, 25.507476168323041 ], [ -103.443072702331975, 25.507476168323041 ], [ -103.443072702331975, 25.511780913825994 ] ] ] } },
{ "type": "Feature", "properties": { "difference_1990_2000": -82.0, "difference_1990_2010": -190.0, "difference_1990_2020": -237.0 }, "geometry": { "type": "Polygon", "coordinates": [ [ [ -103.443072702331975, 25.559143199554043 ], [ -103.438500228623695, 25.559143199554043 ], [ -103.438500228623695, 25.554836772442474 ], [ -103.443072702331975, 25.554836772442435 ], [ -103.443072702331975, 25.559143199554043 ] ] ] } },
{ "type": "Feature", "properties": { "difference_1990_2000": -271.0, "difference_1990_2010": -399.0, "difference_1990_2020": -525.0 }, "geometry": { "type": "Polygon", "coordinates": [ [ [ -103.443072702331975, 25.563449779782381 ], [ -103.438500228623695, 25.563449779782346 ], [ -103.438500228623695, 25.559143199554043 ], [ -103.443072702331975, 25.559143199554043 ], [ -103.443072702331975, 25.563449779782381 ] ] ] } },
{ "type": "Feature", "properties": { "difference_1990_2000": 0.0, "difference_1990_2010": 0.0, "difference_1990_2020": 591.0 }, "geometry": { "type": "Polygon", "coordinates": [ [ [ -103.443072702331975, 25.619449274852371 ], [ -103.438500228623695, 25.619449274852411 ], [ -103.438500228623695, 25.615140700409697 ], [ -103.443072702331975, 25.615140700409697 ], [ -103.443072702331975, 25.619449274852371 ] ] ] } },
{ "type": "Feature", "properties": { "difference_1990_2000": 86.0, "difference_1990_2010": 221.0, "difference_1990_2020": 309.0 }, "geometry": { "type": "Polygon", "coordinates": [ [ [ -103.443072702331975, 25.602215898789581 ], [ -103.438500228623695, 25.602215898789581 ], [ -103.438500228623695, 25.597907938683242 ], [ -103.443072702331975, 25.597907938683242 ], [ -103.443072702331975, 25.602215898789581 ] ] ] } },
{ "type": "Feature", "properties": { "difference_1990_2000": 0.0, "difference_1990_2010": 0.0, "difference_1990_2020": 640.0 }, "geometry": { "type": "Polygon", "coordinates": [ [ [ -103.443072702331975, 25.615140700409697 ], [ -103.438500228623695, 25.615140700409697 ], [ -103.438500228623695, 25.610832279612154 ], [ -103.443072702331975, 25.610832279612154 ], [ -103.443072702331975, 25.615140700409697 ] ] ] } },
{ "type": "Feature", "properties": { "difference_1990_2000": -381.0, "difference_1990_2010": -804.0, "difference_1990_2020": -1048.0 }, "geometry": { "type": "Polygon", "coordinates": [ [ [ -103.443072702331975, 25.567756513167971 ], [ -103.438500228623695, 25.567756513167971 ], [ -103.438500228623695, 25.563449779782346 ], [ -103.443072702331975, 25.563449779782381 ], [ -103.443072702331975, 25.567756513167971 ] ] ] } },
{ "type": "Feature", "properties": { "difference_1990_2000": -49.0, "difference_1990_2010": -176.0, "difference_1990_2020": -228.0 }, "geometry": { "type": "Polygon", "coordinates": [ [ [ -103.443072702331975, 25.529001422952906 ], [ -103.438500228623695, 25.529001422952906 ], [ -103.438500228623695, 25.524696066522996 ], [ -103.443072702331975, 25.524696066522996 ], [ -103.443072702331975, 25.529001422952906 ] ] ] } },
{ "type": "Feature", "properties": { "difference_1990_2000": -49.0, "difference_1990_2010": -176.0, "difference_1990_2020": -228.0 }, "geometry": { "type": "Polygon", "coordinates": [ [ [ -103.443072702331975, 25.533306932215755 ], [ -103.438500228623695, 25.53330693221579 ], [ -103.438500228623695, 25.529001422952906 ], [ -103.443072702331975, 25.529001422952906 ], [ -103.443072702331975, 25.533306932215755 ] ] ] } },
{ "type": "Feature", "properties": { "difference_1990_2000": 51.0, "difference_1990_2010": 132.0, "difference_1990_2020": 185.0 }, "geometry": { "type": "Polygon", "coordinates": [ [ [ -103.443072702331975, 25.597907938683242 ], [ -103.438500228623695, 25.597907938683242 ], [ -103.438500228623695, 25.593600132059201 ], [ -103.443072702331975, 25.593600132059201 ], [ -103.443072702331975, 25.597907938683242 ] ] ] } },
{ "type": "Feature", "properties": { "difference_1990_2000": -315.0, "difference_1990_2010": -658.0, "difference_1990_2020": -861.0 }, "geometry": { "type": "Polygon", "coordinates": [ [ [ -103.443072702331975, 25.541918409402399 ], [ -103.438500228623695, 25.54191840940242 ], [ -103.438500228623695, 25.537612594352098 ], [ -103.443072702331975, 25.537612594352098 ], [ -103.443072702331975, 25.541918409402399 ] ] ] } },
{ "type": "Feature", "properties": { "difference_1990_2000": -553.0, "difference_1990_2010": -1191.0, "difference_1990_2020": -1439.0 }, "geometry": { "type": "Polygon", "coordinates": [ [ [ -103.443072702331975, 25.550530498407017 ], [ -103.438500228623695, 25.550530498407017 ], [ -103.438500228623695, 25.54622437740721 ], [ -103.443072702331975, 25.54622437740721 ], [ -103.443072702331975, 25.550530498407017 ] ] ] } },
{ "type": "Feature", "properties": { "difference_1990_2000": -705.0, "difference_1990_2010": -1380.0, "difference_1990_2020": -1647.0 }, "geometry": { "type": "Polygon", "coordinates": [ [ [ -103.443072702331975, 25.572063399751546 ], [ -103.438500228623695, 25.572063399751489 ], [ -103.438500228623695, 25.567756513167971 ], [ -103.443072702331975, 25.567756513167971 ], [ -103.443072702331975, 25.572063399751546 ] ] ] } },
{ "type": "Feature", "properties": { "difference_1990_2000": -12.0, "difference_1990_2010": -27.0, "difference_1990_2020": -54.0 }, "geometry": { "type": "Polygon", "coordinates": [ [ [ -103.443072702331975, 25.584984979095584 ], [ -103.438500228623695, 25.584984979095623 ], [ -103.438500228623695, 25.580677632674703 ], [ -103.443072702331975, 25.580677632674703 ], [ -103.443072702331975, 25.584984979095584 ] ] ] } },
{ "type": "Feature", "properties": { "difference_1990_2000": 0.0, "difference_1990_2010": 0.0, "difference_1990_2020": 172.0 }, "geometry": { "type": "Polygon", "coordinates": [ [ [ -103.443072702331975, 25.62375800298096 ], [ -103.438500228623695, 25.623758002980978 ], [ -103.438500228623695, 25.619449274852411 ], [ -103.443072702331975, 25.619449274852371 ], [ -103.443072702331975, 25.62375800298096 ] ] ] } },
{ "type": "Feature", "properties": { "difference_1990_2000": -386.0, "difference_1990_2010": -802.0, "difference_1990_2020": -967.0 }, "geometry": { "type": "Polygon", "coordinates": [ [ [ -103.443072702331975, 25.54622437740721 ], [ -103.438500228623695, 25.54622437740721 ], [ -103.438500228623695, 25.54191840940242 ], [ -103.443072702331975, 25.541918409402399 ], [ -103.443072702331975, 25.54622437740721 ] ] ] } },
{ "type": "Feature", "properties": { "difference_1990_2000": -168.0, "difference_1990_2010": -390.0, "difference_1990_2020": -509.0 }, "geometry": { "type": "Polygon", "coordinates": [ [ [ -103.443072702331975, 25.537612594352098 ], [ -103.438500228623695, 25.537612594352098 ], [ -103.438500228623695, 25.53330693221579 ], [ -103.443072702331975, 25.533306932215755 ], [ -103.443072702331975, 25.537612594352098 ] ] ] } },
{ "type": "Feature", "properties": { "difference_1990_2000": 1.0, "difference_1990_2010": 1.0, "difference_1990_2020": 1.0 }, "geometry": { "type": "Polygon", "coordinates": [ [ [ -103.255601280292666, 25.520390862885513 ], [ -103.251028806584358, 25.520390862885513 ], [ -103.251028806584358, 25.516085812000036 ], [ -103.255601280292666, 25.516085812000011 ], [ -103.255601280292666, 25.520390862885513 ] ] ] } },
{ "type": "Feature", "properties": { "difference_1990_2000": 1.0, "difference_1990_2010": 1.0, "difference_1990_2020": 2.0 }, "geometry": { "type": "Polygon", "coordinates": [ [ [ -103.255601280292666, 25.524696066522957 ], [ -103.251028806584358, 25.524696066522957 ], [ -103.251028806584358, 25.520390862885513 ], [ -103.255601280292666, 25.520390862885513 ], [ -103.255601280292666, 25.524696066522957 ] ] ] } },
{ "type": "Feature", "properties": { "difference_1990_2000": 0.0, "difference_1990_2010": 381.0, "difference_1990_2020": 556.0 }, "geometry": { "type": "Polygon", "coordinates": [ [ [ -103.255601280292666, 25.529001422952906 ], [ -103.251028806584358, 25.529001422952906 ], [ -103.251028806584358, 25.524696066522957 ], [ -103.255601280292666, 25.524696066522957 ], [ -103.255601280292666, 25.529001422952906 ] ] ] } },
{ "type": "Feature", "properties": { "difference_1990_2000": 315.0, "difference_1990_2010": 1556.0, "difference_1990_2020": 1829.0 }, "geometry": { "type": "Polygon", "coordinates": [ [ [ -103.255601280292666, 25.533306932215755 ], [ -103.251028806584358, 25.533306932215755 ], [ -103.251028806584358, 25.529001422952906 ], [ -103.255601280292666, 25.529001422952906 ], [ -103.255601280292666, 25.533306932215755 ] ] ] } },
{ "type": "Feature", "properties": { "difference_1990_2000": 0.0, "difference_1990_2010": 2.0, "difference_1990_2020": 294.0 }, "geometry": { "type": "Polygon", "coordinates": [ [ [ -103.255601280292666, 25.541918409402399 ], [ -103.251028806584358, 25.54191840940236 ], [ -103.251028806584358, 25.537612594352062 ], [ -103.255601280292666, 25.537612594352115 ], [ -103.255601280292666, 25.541918409402399 ] ] ] } },
{ "type": "Feature", "properties": { "difference_1990_2000": -135.0, "difference_1990_2010": 992.0, "difference_1990_2020": 815.0 }, "geometry": { "type": "Polygon", "coordinates": [ [ [ -103.255601280292666, 25.537612594352115 ], [ -103.251028806584358, 25.537612594352062 ], [ -103.251028806584358, 25.533306932215755 ], [ -103.255601280292666, 25.533306932215755 ], [ -103.255601280292666, 25.537612594352115 ] ] ] } },
{ "type": "Feature", "properties": { "difference_1990_2000": -154.0, "difference_1990_2010": -587.0, "difference_1990_2020": -814.0 }, "geometry": { "type": "Polygon", "coordinates": [ [ [ -103.433927754915416, 25.520390862885513 ], [ -103.429355281207137, 25.520390862885499 ], [ -103.429355281207137, 25.516085812000011 ], [ -103.433927754915416, 25.516085812000036 ], [ -103.433927754915416, 25.520390862885513 ] ] ] } },
{ "type": "Feature", "properties": { "difference_1990_2000": 3.0, "difference_1990_2010": 6.0, "difference_1990_2020": 5.0 }, "geometry": { "type": "Polygon", "coordinates": [ [ [ -103.433927754915416, 25.404207972537815 ], [ -103.429355281207137, 25.404207972537794 ], [ -103.429355281207137, 25.399907030690589 ], [ -103.433927754915416, 25.399907030690589 ], [ -103.433927754915416, 25.404207972537815 ] ] ] } },
{ "type": "Feature", "properties": { "difference_1990_2000": 7.0, "difference_1990_2010": 61.0, "difference_1990_2020": 57.0 }, "geometry": { "type": "Polygon", "coordinates": [ [ [ -103.433927754915416, 25.589292478876903 ], [ -103.429355281207137, 25.589292478876903 ], [ -103.429355281207137, 25.584984979095584 ], [ -103.433927754915416, 25.584984979095623 ], [ -103.433927754915416, 25.589292478876903 ] ] ] } },
{ "type": "Feature", "properties": { "difference_1990_2000": -305.0, "difference_1990_2010": -539.0, "difference_1990_2020": -642.0 }, "geometry": { "type": "Polygon", "coordinates": [ [ [ -103.433927754915416, 25.554836772442435 ], [ -103.429355281207137, 25.554836772442435 ], [ -103.429355281207137, 25.550530498407017 ], [ -103.433927754915416, 25.550530498407017 ], [ -103.433927754915416, 25.554836772442435 ] ] ] } },
{ "type": "Feature", "properties": { "difference_1990_2000": 84.0, "difference_1990_2010": 186.0, "difference_1990_2020": 248.0 }, "geometry": { "type": "Polygon", "coordinates": [ [ [ -103.433927754915416, 25.395606240466044 ], [ -103.429355281207137, 25.395606240466044 ], [ -103.429355281207137, 25.391305601823973 ], [ -103.433927754915416, 25.391305601824001 ], [ -103.433927754915416, 25.395606240466044 ] ] ] } },
{ "type": "Feature", "properties": { "difference_1990_2000": -152.0, "difference_1990_2010": -327.0, "difference_1990_2020": -375.0 }, "geometry": { "type": "Polygon", "coordinates": [ [ [ -103.433927754915416, 25.516085812000036 ], [ -103.429355281207137, 25.516085812000011 ], [ -103.429355281207137, 25.511780913825994 ], [ -103.433927754915416, 25.511780913825994 ], [ -103.433927754915416, 25.516085812000036 ] ] ] } },
{ "type": "Feature", "properties": { "difference_1990_2000": -80.0, "difference_1990_2010": 105.0, "difference_1990_2020": 80.0 }, "geometry": { "type": "Polygon", "coordinates": [ [ [ -103.433927754915416, 25.580677632674721 ], [ -103.429355281207137, 25.580677632674703 ], [ -103.429355281207137, 25.576370439573534 ], [ -103.433927754915416, 25.576370439573555 ], [ -103.433927754915416, 25.580677632674721 ] ] ] } },
{ "type": "Feature", "properties": { "difference_1990_2000": 7.0, "difference_1990_2010": 15.0, "difference_1990_2020": 24.0 }, "geometry": { "type": "Polygon", "coordinates": [ [ [ -103.433927754915416, 25.391305601824001 ], [ -103.429355281207137, 25.391305601823973 ], [ -103.429355281207137, 25.387005114724236 ], [ -103.433927754915416, 25.387005114724253 ], [ -103.433927754915416, 25.391305601824001 ] ] ] } },
{ "type": "Feature", "properties": { "difference_1990_2000": -241.0, "difference_1990_2010": -660.0, "difference_1990_2020": -878.0 }, "geometry": { "type": "Polygon", "coordinates": [ [ [ -103.433927754915416, 25.524696066523017 ], [ -103.429355281207137, 25.524696066522957 ], [ -103.429355281207137, 25.520390862885499 ], [ -103.433927754915416, 25.520390862885513 ], [ -103.433927754915416, 25.524696066523017 ] ] ] } },
{ "type": "Feature", "properties": { "difference_1990_2000": -8.0, "difference_1990_2010": -18.0, "difference_1990_2020": -20.0 }, "geometry": { "type": "Polygon", "coordinates": [ [ [ -103.433927754915416, 25.507476168323041 ], [ -103.429355281207137, 25.507476168323006 ], [ -103.429355281207137, 25.503171575450629 ], [ -103.433927754915416, 25.503171575450629 ], [ -103.433927754915416, 25.507476168323041 ] ] ] } },
{ "type": "Feature", "properties": { "difference_1990_2000": 34.0, "difference_1990_2010": 103.0, "difference_1990_2020": 114.0 }, "geometry": { "type": "Polygon", "coordinates": [ [ [ -103.433927754915416, 25.593600132059201 ], [ -103.429355281207137, 25.593600132059201 ], [ -103.429355281207137, 25.589292478876903 ], [ -103.433927754915416, 25.589292478876903 ], [ -103.433927754915416, 25.593600132059201 ] ] ] } },
{ "type": "Feature", "properties": { "difference_1990_2000": 0.0, "difference_1990_2010": 0.0, "difference_1990_2020": 1.0 }, "geometry": { "type": "Polygon", "coordinates": [ [ [ -103.433927754915416, 25.610832279612154 ], [ -103.429355281207137, 25.610832279612154 ], [ -103.429355281207137, 25.606524012419019 ], [ -103.433927754915416, 25.606524012419019 ], [ -103.433927754915416, 25.610832279612154 ] ] ] } },
{ "type": "Feature", "properties": { "difference_1990_2000": -331.0, "difference_1990_2010": -541.0, "difference_1990_2020": -714.0 }, "geometry": { "type": "Polygon", "coordinates": [ [ [ -103.433927754915416, 25.576370439573555 ], [ -103.429355281207137, 25.576370439573534 ], [ -103.429355281207137, 25.572063399751471 ], [ -103.433927754915416, 25.572063399751471 ], [ -103.433927754915416, 25.576370439573555 ] ] ] } },
{ "type": "Feature", "properties": { "difference_1990_2000": -116.0, "difference_1990_2010": -249.0, "difference_1990_2020": -280.0 }, "geometry": { "type": "Polygon", "coordinates": [ [ [ -103.433927754915416, 25.511780913825994 ], [ -103.429355281207137, 25.511780913825994 ], [ -103.429355281207137, 25.507476168323006 ], [ -103.433927754915416, 25.507476168323041 ], [ -103.433927754915416, 25.511780913825994 ] ] ] } },
{ "type": "Feature", "properties": { "difference_1990_2000": -46.0, "difference_1990_2010": -166.0, "difference_1990_2020": -329.0 }, "geometry": { "type": "Polygon", "coordinates": [ [ [ -103.433927754915416, 25.563449779782346 ], [ -103.429355281207137, 25.563449779782324 ], [ -103.429355281207137, 25.559143199554043 ], [ -103.433927754915416, 25.559143199554043 ], [ -103.433927754915416, 25.563449779782346 ] ] ] } },
{ "type": "Feature", "properties": { "difference_1990_2000": -96.0, "difference_1990_2010": -213.0, "difference_1990_2020": -308.0 }, "geometry": { "type": "Polygon", "coordinates": [ [ [ -103.433927754915416, 25.559143199554043 ], [ -103.429355281207137, 25.559143199554043 ], [ -103.429355281207137, 25.554836772442435 ], [ -103.433927754915416, 25.554836772442435 ], [ -103.433927754915416, 25.559143199554043 ] ] ] } },
{ "type": "Feature", "properties": { "difference_1990_2000": 0.0, "difference_1990_2010": 0.0, "difference_1990_2020": 4.0 }, "geometry": { "type": "Polygon", "coordinates": [ [ [ -103.433927754915416, 25.619449274852371 ], [ -103.429355281207137, 25.619449274852371 ], [ -103.429355281207137, 25.615140700409665 ], [ -103.433927754915416, 25.615140700409697 ], [ -103.433927754915416, 25.619449274852371 ] ] ] } },
{ "type": "Feature", "properties": { "difference_1990_2000": 16.0, "difference_1990_2010": 36.0, "difference_1990_2020": 33.0 }, "geometry": { "type": "Polygon", "coordinates": [ [ [ -103.433927754915416, 25.399907030690589 ], [ -103.429355281207137, 25.399907030690589 ], [ -103.429355281207137, 25.395606240466044 ], [ -103.433927754915416, 25.395606240466044 ], [ -103.433927754915416, 25.399907030690589 ] ] ] } },
{ "type": "Feature", "properties": { "difference_1990_2000": 2.0, "difference_1990_2010": 6.0, "difference_1990_2020": 7.0 }, "geometry": { "type": "Polygon", "coordinates": [ [ [ -103.433927754915416, 25.602215898789581 ], [ -103.429355281207137, 25.602215898789581 ], [ -103.429355281207137, 25.597907938683228 ], [ -103.433927754915416, 25.597907938683242 ], [ -103.433927754915416, 25.602215898789581 ] ] ] } },
{ "type": "Feature", "properties": { "difference_1990_2000": 0.0, "difference_1990_2010": 0.0, "difference_1990_2020": 3.0 }, "geometry": { "type": "Polygon", "coordinates": [ [ [ -103.433927754915416, 25.615140700409697 ], [ -103.429355281207137, 25.615140700409665 ], [ -103.429355281207137, 25.610832279612154 ], [ -103.433927754915416, 25.610832279612154 ], [ -103.433927754915416, 25.615140700409697 ] ] ] } },
{ "type": "Feature", "properties": { "difference_1990_2000": -48.0, "difference_1990_2010": -211.0, "difference_1990_2020": -370.0 }, "geometry": { "type": "Polygon", "coordinates": [ [ [ -103.433927754915416, 25.567756513167971 ], [ -103.429355281207137, 25.567756513167971 ], [ -103.429355281207137, 25.563449779782324 ], [ -103.433927754915416, 25.563449779782346 ], [ -103.433927754915416, 25.567756513167971 ] ] ] } },
{ "type": "Feature", "properties": { "difference_1990_2000": -306.0, "difference_1990_2010": -649.0, "difference_1990_2020": -797.0 }, "geometry": { "type": "Polygon", "coordinates": [ [ [ -103.433927754915416, 25.529001422952906 ], [ -103.429355281207137, 25.529001422952906 ], [ -103.429355281207137, 25.524696066522957 ], [ -103.433927754915416, 25.524696066523017 ], [ -103.433927754915416, 25.529001422952906 ] ] ] } },
{ "type": "Feature", "properties": { "difference_1990_2000": -248.0, "difference_1990_2010": -602.0, "difference_1990_2020": -678.0 }, "geometry": { "type": "Polygon", "coordinates": [ [ [ -103.433927754915416, 25.533306932215755 ], [ -103.429355281207137, 25.533306932215755 ], [ -103.429355281207137, 25.529001422952906 ], [ -103.433927754915416, 25.529001422952906 ], [ -103.433927754915416, 25.533306932215755 ] ] ] } },
{ "type": "Feature", "properties": { "difference_1990_2000": 47.0, "difference_1990_2010": 127.0, "difference_1990_2020": 137.0 }, "geometry": { "type": "Polygon", "coordinates": [ [ [ -103.433927754915416, 25.597907938683242 ], [ -103.429355281207137, 25.597907938683228 ], [ -103.429355281207137, 25.593600132059201 ], [ -103.433927754915416, 25.593600132059201 ], [ -103.433927754915416, 25.597907938683242 ] ] ] } },
{ "type": "Feature", "properties": { "difference_1990_2000": -767.0, "difference_1990_2010": -1263.0, "difference_1990_2020": -1587.0 }, "geometry": { "type": "Polygon", "coordinates": [ [ [ -103.433927754915416, 25.572063399751471 ], [ -103.429355281207137, 25.572063399751471 ], [ -103.429355281207137, 25.567756513167971 ], [ -103.433927754915416, 25.567756513167971 ], [ -103.433927754915416, 25.572063399751471 ] ] ] } },
{ "type": "Feature", "properties": { "difference_1990_2000": -171.0, "difference_1990_2010": -371.0, "difference_1990_2020": -466.0 }, "geometry": { "type": "Polygon", "coordinates": [ [ [ -103.433927754915416, 25.541918409402399 ], [ -103.429355281207137, 25.541918409402399 ], [ -103.429355281207137, 25.537612594352062 ], [ -103.433927754915416, 25.537612594352098 ], [ -103.433927754915416, 25.541918409402399 ] ] ] } },
{ "type": "Feature", "properties": { "difference_1990_2000": -390.0, "difference_1990_2010": -695.0, "difference_1990_2020": -814.0 }, "geometry": { "type": "Polygon", "coordinates": [ [ [ -103.433927754915416, 25.550530498407017 ], [ -103.429355281207137, 25.550530498407017 ], [ -103.429355281207137, 25.546224377407174 ], [ -103.433927754915416, 25.54622437740721 ], [ -103.433927754915416, 25.550530498407017 ] ] ] } },
{ "type": "Feature", "properties": { "difference_1990_2000": 0.0, "difference_1990_2010": 0.0, "difference_1990_2020": 1.0 }, "geometry": { "type": "Polygon", "coordinates": [ [ [ -103.433927754915416, 25.623758002980942 ], [ -103.429355281207137, 25.62375800298096 ], [ -103.429355281207137, 25.619449274852371 ], [ -103.433927754915416, 25.619449274852371 ], [ -103.433927754915416, 25.623758002980942 ] ] ] } },
{ "type": "Feature", "properties": { "difference_1990_2000": -171.0, "difference_1990_2010": -371.0, "difference_1990_2020": -466.0 }, "geometry": { "type": "Polygon", "coordinates": [ [ [ -103.433927754915416, 25.54622437740721 ], [ -103.429355281207137, 25.546224377407174 ], [ -103.429355281207137, 25.541918409402399 ], [ -103.433927754915416, 25.541918409402399 ], [ -103.433927754915416, 25.54622437740721 ] ] ] } },
{ "type": "Feature", "properties": { "difference_1990_2000": 8.0, "difference_1990_2010": 67.0, "difference_1990_2020": 62.0 }, "geometry": { "type": "Polygon", "coordinates": [ [ [ -103.433927754915416, 25.584984979095623 ], [ -103.429355281207137, 25.584984979095584 ], [ -103.429355281207137, 25.580677632674703 ], [ -103.433927754915416, 25.580677632674721 ], [ -103.433927754915416, 25.584984979095623 ] ] ] } },
{ "type": "Feature", "properties": { "difference_1990_2000": -213.0, "difference_1990_2010": -496.0, "difference_1990_2020": -581.0 }, "geometry": { "type": "Polygon", "coordinates": [ [ [ -103.433927754915416, 25.537612594352098 ], [ -103.429355281207137, 25.537612594352062 ], [ -103.429355281207137, 25.533306932215755 ], [ -103.433927754915416, 25.533306932215755 ], [ -103.433927754915416, 25.537612594352098 ] ] ] } },
{ "type": "Feature", "properties": { "difference_1990_2000": 0.0, "difference_1990_2010": 0.0, "difference_1990_2020": 1.0 }, "geometry": { "type": "Polygon", "coordinates": [ [ [ -103.612254229538195, 25.503171575450629 ], [ -103.607681755829915, 25.503171575450608 ], [ -103.607681755829915, 25.49886713516835 ], [ -103.612254229538195, 25.49886713516835 ], [ -103.612254229538195, 25.503171575450629 ] ] ] } },
{ "type": "Feature", "properties": { "difference_1990_2000": 26.0, "difference_1990_2010": 78.0, "difference_1990_2020": 52.0 }, "geometry": { "type": "Polygon", "coordinates": [ [ [ -103.612254229538195, 25.49886713516835 ], [ -103.607681755829915, 25.49886713516835 ], [ -103.607681755829915, 25.494562847435752 ], [ -103.612254229538195, 25.494562847435752 ], [ -103.612254229538195, 25.49886713516835 ] ] ] } },
{ "type": "Feature", "properties": { "difference_1990_2000": 84.0, "difference_1990_2010": 138.0, "difference_1990_2020": 205.0 }, "geometry": { "type": "Polygon", "coordinates": [ [ [ -103.246456332876093, 25.524696066522957 ], [ -103.241883859167828, 25.524696066522996 ], [ -103.241883859167828, 25.520390862885513 ], [ -103.246456332876093, 25.520390862885499 ], [ -103.246456332876093, 25.524696066522957 ] ] ] } },
{ "type": "Feature", "properties": { "difference_1990_2000": 92.0, "difference_1990_2010": 99.0, "difference_1990_2020": 112.0 }, "geometry": { "type": "Polygon", "coordinates": [ [ [ -103.246456332876093, 25.533306932215737 ], [ -103.241883859167828, 25.53330693221579 ], [ -103.241883859167828, 25.529001422952906 ], [ -103.246456332876093, 25.529001422952906 ], [ -103.246456332876093, 25.533306932215737 ] ] ] } },
{ "type": "Feature", "properties": { "difference_1990_2000": 92.0, "difference_1990_2010": 99.0, "difference_1990_2020": 112.0 }, "geometry": { "type": "Polygon", "coordinates": [ [ [ -103.246456332876093, 25.529001422952906 ], [ -103.241883859167828, 25.529001422952906 ], [ -103.241883859167828, 25.524696066522996 ], [ -103.246456332876093, 25.524696066522957 ], [ -103.246456332876093, 25.529001422952906 ] ] ] } },
{ "type": "Feature", "properties": { "difference_1990_2000": 0.0, "difference_1990_2010": 30.0, "difference_1990_2020": 180.0 }, "geometry": { "type": "Polygon", "coordinates": [ [ [ -103.246456332876093, 25.541918409402399 ], [ -103.241883859167828, 25.541918409402399 ], [ -103.241883859167828, 25.537612594352062 ], [ -103.246456332876093, 25.537612594352062 ], [ -103.246456332876093, 25.541918409402399 ] ] ] } },
{ "type": "Feature", "properties": { "difference_1990_2000": 219.0, "difference_1990_2010": 290.0, "difference_1990_2020": 226.0 }, "geometry": { "type": "Polygon", "coordinates": [ [ [ -103.246456332876093, 25.537612594352062 ], [ -103.241883859167828, 25.537612594352062 ], [ -103.241883859167828, 25.53330693221579 ], [ -103.246456332876093, 25.533306932215737 ], [ -103.246456332876093, 25.537612594352062 ] ] ] } },
{ "type": "Feature", "properties": { "difference_1990_2000": 0.0, "difference_1990_2010": 0.0, "difference_1990_2020": 4.0 }, "geometry": { "type": "Polygon", "coordinates": [ [ [ -103.246456332876093, 25.54622437740721 ], [ -103.241883859167828, 25.546224377407228 ], [ -103.241883859167828, 25.541918409402399 ], [ -103.246456332876093, 25.541918409402399 ], [ -103.246456332876093, 25.54622437740721 ] ] ] } },
{ "type": "Feature", "properties": { "difference_1990_2000": 54.0, "difference_1990_2010": -312.0, "difference_1990_2020": 124.0 }, "geometry": { "type": "Polygon", "coordinates": [ [ [ -103.246456332876093, 25.520390862885499 ], [ -103.241883859167828, 25.520390862885513 ], [ -103.241883859167828, 25.516085812000036 ], [ -103.246456332876093, 25.516085812000011 ], [ -103.246456332876093, 25.520390862885499 ] ] ] } },
{ "type": "Feature", "properties": { "difference_1990_2000": 21.0, "difference_1990_2010": -228.0, "difference_1990_2020": -496.0 }, "geometry": { "type": "Polygon", "coordinates": [ [ [ -103.424782807498886, 25.520390862885513 ], [ -103.420210333790607, 25.520390862885513 ], [ -103.420210333790607, 25.516085812000011 ], [ -103.424782807498886, 25.516085812000071 ], [ -103.424782807498886, 25.520390862885513 ] ] ] } },
{ "type": "Feature", "properties": { "difference_1990_2000": 0.0, "difference_1990_2010": 56.0, "difference_1990_2020": 125.0 }, "geometry": { "type": "Polygon", "coordinates": [ [ [ -103.424782807498886, 25.606524012419019 ], [ -103.420210333790607, 25.606524012419019 ], [ -103.420210333790607, 25.602215898789581 ], [ -103.424782807498886, 25.602215898789581 ], [ -103.424782807498886, 25.606524012419019 ] ] ] } },
{ "type": "Feature", "properties": { "difference_1990_2000": 148.0, "difference_1990_2010": 204.0, "difference_1990_2020": 312.0 }, "geometry": { "type": "Polygon", "coordinates": [ [ [ -103.424782807498886, 25.404207972537815 ], [ -103.420210333790607, 25.404207972537794 ], [ -103.420210333790607, 25.399907030690567 ], [ -103.424782807498886, 25.399907030690613 ], [ -103.424782807498886, 25.404207972537815 ] ] ] } },
{ "type": "Feature", "properties": { "difference_1990_2000": 37.0, "difference_1990_2010": 113.0, "difference_1990_2020": 116.0 }, "geometry": { "type": "Polygon", "coordinates": [ [ [ -103.424782807498886, 25.589292478876903 ], [ -103.420210333790607, 25.589292478876875 ], [ -103.420210333790607, 25.584984979095623 ], [ -103.424782807498886, 25.584984979095623 ], [ -103.424782807498886, 25.589292478876903 ] ] ] } },
{ "type": "Feature", "properties": { "difference_1990_2000": -338.0, "difference_1990_2010": -665.0, "difference_1990_2020": -751.0 }, "geometry": { "type": "Polygon", "coordinates": [ [ [ -103.424782807498886, 25.554836772442435 ], [ -103.420210333790607, 25.554836772442435 ], [ -103.420210333790607, 25.550530498407017 ], [ -103.424782807498886, 25.550530498407017 ], [ -103.424782807498886, 25.554836772442435 ] ] ] } },
{ "type": "Feature", "properties": { "difference_1990_2000": 97.0, "difference_1990_2010": 153.0, "difference_1990_2020": 217.0 }, "geometry": { "type": "Polygon", "coordinates": [ [ [ -103.424782807498886, 25.395606240466044 ], [ -103.420210333790607, 25.395606240466009 ], [ -103.420210333790607, 25.391305601824001 ], [ -103.424782807498886, 25.391305601824019 ], [ -103.424782807498886, 25.395606240466044 ] ] ] } },
{ "type": "Feature", "properties": { "difference_1990_2000": 753.0, "difference_1990_2010": 904.0, "difference_1990_2020": 839.0 }, "geometry": { "type": "Polygon", "coordinates": [ [ [ -103.424782807498886, 25.580677632674703 ], [ -103.420210333790607, 25.580677632674703 ], [ -103.420210333790607, 25.576370439573534 ], [ -103.424782807498886, 25.576370439573584 ], [ -103.424782807498886, 25.580677632674703 ] ] ] } },
{ "type": "Feature", "properties": { "difference_1990_2000": -196.0, "difference_1990_2010": -605.0, "difference_1990_2020": -926.0 }, "geometry": { "type": "Polygon", "coordinates": [ [ [ -103.424782807498886, 25.516085812000071 ], [ -103.420210333790607, 25.516085812000011 ], [ -103.420210333790607, 25.511780913825994 ], [ -103.424782807498886, 25.511780913825994 ], [ -103.424782807498886, 25.516085812000071 ] ] ] } },
{ "type": "Feature", "properties": { "difference_1990_2000": -113.0, "difference_1990_2010": -399.0, "difference_1990_2020": -600.0 }, "geometry": { "type": "Polygon", "coordinates": [ [ [ -103.424782807498886, 25.524696066522957 ], [ -103.420210333790607, 25.524696066522996 ], [ -103.420210333790607, 25.520390862885513 ], [ -103.424782807498886, 25.520390862885513 ], [ -103.424782807498886, 25.524696066522957 ] ] ] } },
{ "type": "Feature", "properties": { "difference_1990_2000": 285.0, "difference_1990_2010": 313.0, "difference_1990_2020": 328.0 }, "geometry": { "type": "Polygon", "coordinates": [ [ [ -103.424782807498886, 25.503171575450629 ], [ -103.420210333790607, 25.503171575450629 ], [ -103.420210333790607, 25.49886713516835 ], [ -103.424782807498886, 25.49886713516835 ], [ -103.424782807498886, 25.503171575450629 ] ] ] } },
{ "type": "Feature", "properties": { "difference_1990_2000": 3.0, "difference_1990_2010": 8.0, "difference_1990_2020": 12.0 }, "geometry": { "type": "Polygon", "coordinates": [ [ [ -103.424782807498886, 25.391305601824019 ], [ -103.420210333790607, 25.391305601824001 ], [ -103.420210333790607, 25.387005114724253 ], [ -103.424782807498886, 25.387005114724253 ], [ -103.424782807498886, 25.391305601824019 ] ] ] } },
{ "type": "Feature", "properties": { "difference_1990_2000": 80.0, "difference_1990_2010": -16.0, "difference_1990_2020": -78.0 }, "geometry": { "type": "Polygon", "coordinates": [ [ [ -103.424782807498886, 25.507476168323084 ], [ -103.420210333790607, 25.507476168323048 ], [ -103.420210333790607, 25.503171575450629 ], [ -103.424782807498886, 25.503171575450629 ], [ -103.424782807498886, 25.507476168323084 ] ] ] } },
{ "type": "Feature", "properties": { "difference_1990_2000": 62.0, "difference_1990_2010": 178.0, "difference_1990_2020": 203.0 }, "geometry": { "type": "Polygon", "coordinates": [ [ [ -103.424782807498886, 25.593600132059201 ], [ -103.420210333790607, 25.593600132059201 ], [ -103.420210333790607, 25.589292478876875 ], [ -103.424782807498886, 25.589292478876903 ], [ -103.424782807498886, 25.593600132059201 ] ] ] } },
{ "type": "Feature", "properties": { "difference_1990_2000": -59.0, "difference_1990_2010": -234.0, "difference_1990_2020": -330.0 }, "geometry": { "type": "Polygon", "coordinates": [ [ [ -103.424782807498886, 25.511780913825994 ], [ -103.420210333790607, 25.511780913825994 ], [ -103.420210333790607, 25.507476168323048 ], [ -103.424782807498886, 25.507476168323084 ], [ -103.424782807498886, 25.511780913825994 ] ] ] } },
{ "type": "Feature", "properties": { "difference_1990_2000": -59.0, "difference_1990_2010": -228.0, "difference_1990_2020": -455.0 }, "geometry": { "type": "Polygon", "coordinates": [ [ [ -103.424782807498886, 25.563449779782346 ], [ -103.420210333790607, 25.563449779782381 ], [ -103.420210333790607, 25.559143199554043 ], [ -103.424782807498886, 25.559143199554043 ], [ -103.424782807498886, 25.563449779782346 ] ] ] } },
{ "type": "Feature", "properties": { "difference_1990_2000": 1043.0, "difference_1990_2010": 968.0, "difference_1990_2020": 866.0 }, "geometry": { "type": "Polygon", "coordinates": [ [ [ -103.424782807498886, 25.576370439573584 ], [ -103.420210333790607, 25.576370439573534 ], [ -103.420210333790607, 25.572063399751524 ], [ -103.424782807498886, 25.572063399751524 ], [ -103.424782807498886, 25.576370439573584 ] ] ] } },
{ "type": "Feature", "properties": { "difference_1990_2000": -158.0, "difference_1990_2010": -354.0, "difference_1990_2020": -495.0 }, "geometry": { "type": "Polygon", "coordinates": [ [ [ -103.424782807498886, 25.559143199554043 ], [ -103.420210333790607, 25.559143199554043 ], [ -103.420210333790607, 25.554836772442435 ], [ -103.424782807498886, 25.554836772442435 ], [ -103.424782807498886, 25.559143199554043 ] ] ] } },
{ "type": "Feature", "properties": { "difference_1990_2000": 1.0, "difference_1990_2010": 91.0, "difference_1990_2020": 118.0 }, "geometry": { "type": "Polygon", "coordinates": [ [ [ -103.424782807498886, 25.408509066047877 ], [ -103.420210333790607, 25.408509066047895 ], [ -103.420210333790607, 25.404207972537794 ], [ -103.424782807498886, 25.404207972537794 ], [ -103.424782807498886, 25.408509066047877 ] ] ] } },
{ "type": "Feature", "properties": { "difference_1990_2000": 227.0, "difference_1990_2010": 311.0, "difference_1990_2020": 416.0 }, "geometry": { "type": "Polygon", "coordinates": [ [ [ -103.424782807498886, 25.399907030690613 ], [ -103.420210333790607, 25.399907030690567 ], [ -103.420210333790607, 25.395606240466009 ], [ -103.424782807498886, 25.395606240466044 ], [ -103.424782807498886, 25.399907030690613 ] ] ] } },
{ "type": "Feature", "properties": { "difference_1990_2000": 23.0, "difference_1990_2010": 217.0, "difference_1990_2020": 353.0 }, "geometry": { "type": "Polygon", "coordinates": [ [ [ -103.424782807498886, 25.602215898789581 ], [ -103.420210333790607, 25.602215898789581 ], [ -103.420210333790607, 25.597907938683242 ], [ -103.424782807498886, 25.597907938683242 ], [ -103.424782807498886, 25.602215898789581 ] ] ] } },
{ "type": "Feature", "properties": { "difference_1990_2000": 0.0, "difference_1990_2010": 0.0, "difference_1990_2020": 1.0 }, "geometry": { "type": "Polygon", "coordinates": [ [ [ -103.424782807498886, 25.615140700409697 ], [ -103.420210333790607, 25.615140700409697 ], [ -103.420210333790607, 25.610832279612154 ], [ -103.424782807498886, 25.610832279612154 ], [ -103.424782807498886, 25.615140700409697 ] ] ] } },
{ "type": "Feature", "properties": { "difference_1990_2000": -113.0, "difference_1990_2010": -340.0, "difference_1990_2020": -553.0 }, "geometry": { "type": "Polygon", "coordinates": [ [ [ -103.424782807498886, 25.567756513167993 ], [ -103.420210333790607, 25.567756513167971 ], [ -103.420210333790607, 25.563449779782381 ], [ -103.424782807498886, 25.563449779782346 ], [ -103.424782807498886, 25.567756513167993 ] ] ] } },
{ "type": "Feature", "properties": { "difference_1990_2000": -160.0, "difference_1990_2010": -346.0, "difference_1990_2020": -459.0 }, "geometry": { "type": "Polygon", "coordinates": [ [ [ -103.424782807498886, 25.529001422952906 ], [ -103.420210333790607, 25.529001422952906 ], [ -103.420210333790607, 25.524696066522996 ], [ -103.424782807498886, 25.524696066522957 ], [ -103.424782807498886, 25.529001422952906 ] ] ] } },
{ "type": "Feature", "properties": { "difference_1990_2000": 73.0, "difference_1990_2010": 284.0, "difference_1990_2020": 329.0 }, "geometry": { "type": "Polygon", "coordinates": [ [ [ -103.424782807498886, 25.597907938683242 ], [ -103.420210333790607, 25.597907938683242 ], [ -103.420210333790607, 25.593600132059201 ], [ -103.424782807498886, 25.593600132059201 ], [ -103.424782807498886, 25.597907938683242 ] ] ] } },
{ "type": "Feature", "properties": { "difference_1990_2000": -71.0, "difference_1990_2010": -172.0, "difference_1990_2020": -267.0 }, "geometry": { "type": "Polygon", "coordinates": [ [ [ -103.424782807498886, 25.53330693221579 ], [ -103.420210333790607, 25.533306932215737 ], [ -103.420210333790607, 25.529001422952906 ], [ -103.424782807498886, 25.529001422952906 ], [ -103.424782807498886, 25.53330693221579 ] ] ] } },
{ "type": "Feature", "properties": { "difference_1990_2000": -343.0, "difference_1990_2010": -735.0, "difference_1990_2020": -974.0 }, "geometry": { "type": "Polygon", "coordinates": [ [ [ -103.424782807498886, 25.541918409402399 ], [ -103.420210333790607, 25.54191840940236 ], [ -103.420210333790607, 25.537612594352098 ], [ -103.424782807498886, 25.537612594352098 ], [ -103.424782807498886, 25.541918409402399 ] ] ] } },
{ "type": "Feature", "properties": { "difference_1990_2000": -487.0, "difference_1990_2010": -863.0, "difference_1990_2020": -1118.0 }, "geometry": { "type": "Polygon", "coordinates": [ [ [ -103.424782807498886, 25.550530498407017 ], [ -103.420210333790607, 25.550530498407017 ], [ -103.420210333790607, 25.54622437740721 ], [ -103.424782807498886, 25.54622437740721 ], [ -103.424782807498886, 25.550530498407017 ] ] ] } },
{ "type": "Feature", "properties": { "difference_1990_2000": -115.0, "difference_1990_2010": -368.0, "difference_1990_2020": -541.0 }, "geometry": { "type": "Polygon", "coordinates": [ [ [ -103.424782807498886, 25.572063399751524 ], [ -103.420210333790607, 25.572063399751524 ], [ -103.420210333790607, 25.567756513167971 ], [ -103.424782807498886, 25.567756513167993 ], [ -103.424782807498886, 25.572063399751524 ] ] ] } },
{ "type": "Feature", "properties": { "difference_1990_2000": 35.0, "difference_1990_2010": 152.0, "difference_1990_2020": 229.0 }, "geometry": { "type": "Polygon", "coordinates": [ [ [ -103.424782807498886, 25.49886713516835 ], [ -103.420210333790607, 25.49886713516835 ], [ -103.420210333790607, 25.494562847435752 ], [ -103.424782807498886, 25.494562847435752 ], [ -103.424782807498886, 25.49886713516835 ] ] ] } },
{ "type": "Feature", "properties": { "difference_1990_2000": -501.0, "difference_1990_2010": -942.0, "difference_1990_2020": -1304.0 }, "geometry": { "type": "Polygon", "coordinates": [ [ [ -103.424782807498886, 25.54622437740721 ], [ -103.420210333790607, 25.54622437740721 ], [ -103.420210333790607, 25.54191840940236 ], [ -103.424782807498886, 25.541918409402399 ], [ -103.424782807498886, 25.54622437740721 ] ] ] } },
{ "type": "Feature", "properties": { "difference_1990_2000": 389.0, "difference_1990_2010": 654.0, "difference_1990_2020": 566.0 }, "geometry": { "type": "Polygon", "coordinates": [ [ [ -103.424782807498886, 25.584984979095623 ], [ -103.420210333790607, 25.584984979095623 ], [ -103.420210333790607, 25.580677632674703 ], [ -103.424782807498886, 25.580677632674703 ], [ -103.424782807498886, 25.584984979095623 ] ] ] } },
{ "type": "Feature", "properties": { "difference_1990_2000": -207.0, "difference_1990_2010": -442.0, "difference_1990_2020": -617.0 }, "geometry": { "type": "Polygon", "coordinates": [ [ [ -103.424782807498886, 25.537612594352098 ], [ -103.420210333790607, 25.537612594352098 ], [ -103.420210333790607, 25.533306932215737 ], [ -103.424782807498886, 25.53330693221579 ], [ -103.424782807498886, 25.537612594352098 ] ] ] } },
{ "type": "Feature", "properties": { "difference_1990_2000": 11.0, "difference_1990_2010": 3.0, "difference_1990_2020": 27.0 }, "geometry": { "type": "Polygon", "coordinates": [ [ [ -103.603109282121622, 25.490258712212455 ], [ -103.598536808413343, 25.490258712212455 ], [ -103.598536808413343, 25.485954729457962 ], [ -103.603109282121622, 25.485954729457962 ], [ -103.603109282121622, 25.490258712212455 ] ] ] } },
{ "type": "Feature", "properties": { "difference_1990_2000": 2.0, "difference_1990_2010": 16.0, "difference_1990_2020": 13.0 }, "geometry": { "type": "Polygon", "coordinates": [ [ [ -103.603109282121622, 25.503171575450629 ], [ -103.598536808413343, 25.503171575450629 ], [ -103.598536808413343, 25.49886713516835 ], [ -103.603109282121622, 25.49886713516835 ], [ -103.603109282121622, 25.503171575450629 ] ] ] } },
{ "type": "Feature", "properties": { "difference_1990_2000": 123.0, "difference_1990_2010": 218.0, "difference_1990_2020": 146.0 }, "geometry": { "type": "Polygon", "coordinates": [ [ [ -103.603109282121622, 25.494562847435752 ], [ -103.598536808413343, 25.494562847435752 ], [ -103.598536808413343, 25.490258712212455 ], [ -103.603109282121622, 25.490258712212455 ], [ -103.603109282121622, 25.494562847435752 ] ] ] } },
{ "type": "Feature", "properties": { "difference_1990_2000": 0.0, "difference_1990_2010": -2.0, "difference_1990_2020": 1.0 }, "geometry": { "type": "Polygon", "coordinates": [ [ [ -103.603109282121622, 25.485954729457962 ], [ -103.598536808413343, 25.485954729457962 ], [ -103.598536808413343, 25.481650899131953 ], [ -103.603109282121622, 25.481650899131953 ], [ -103.603109282121622, 25.485954729457962 ] ] ] } },
{ "type": "Feature", "properties": { "difference_1990_2000": 52.0, "difference_1990_2010": 79.0, "difference_1990_2020": 59.0 }, "geometry": { "type": "Polygon", "coordinates": [ [ [ -103.603109282121622, 25.49886713516835 ], [ -103.598536808413343, 25.49886713516835 ], [ -103.598536808413343, 25.494562847435752 ], [ -103.603109282121622, 25.494562847435752 ], [ -103.603109282121622, 25.49886713516835 ] ] ] } },
{ "type": "Feature", "properties": { "difference_1990_2000": 201.0, "difference_1990_2010": 178.0, "difference_1990_2020": 210.0 }, "geometry": { "type": "Polygon", "coordinates": [ [ [ -103.237311385459535, 25.520390862885513 ], [ -103.232738911751255, 25.520390862885538 ], [ -103.232738911751255, 25.516085812000011 ], [ -103.237311385459535, 25.516085812000011 ], [ -103.237311385459535, 25.520390862885513 ] ] ] } },
{ "type": "Feature", "properties": { "difference_1990_2000": 10.0, "difference_1990_2010": 53.0, "difference_1990_2020": 123.0 }, "geometry": { "type": "Polygon", "coordinates": [ [ [ -103.237311385459535, 25.516085812000011 ], [ -103.232738911751255, 25.516085812000011 ], [ -103.232738911751255, 25.511780913825994 ], [ -103.237311385459535, 25.511780913825977 ], [ -103.237311385459535, 25.516085812000011 ] ] ] } },
{ "type": "Feature", "properties": { "difference_1990_2000": 162.0, "difference_1990_2010": 117.0, "difference_1990_2020": 78.0 }, "geometry": { "type": "Polygon", "coordinates": [ [ [ -103.237311385459535, 25.524696066522957 ], [ -103.232738911751255, 25.524696066522957 ], [ -103.232738911751255, 25.520390862885538 ], [ -103.237311385459535, 25.520390862885513 ], [ -103.237311385459535, 25.524696066522957 ] ] ] } },
{ "type": "Feature", "properties": { "difference_1990_2000": 5.0, "difference_1990_2010": 21.0, "difference_1990_2020": 55.0 }, "geometry": { "type": "Polygon", "coordinates": [ [ [ -103.237311385459535, 25.511780913825977 ], [ -103.232738911751255, 25.511780913825994 ], [ -103.232738911751255, 25.507476168323041 ], [ -103.237311385459535, 25.507476168323041 ], [ -103.237311385459535, 25.511780913825977 ] ] ] } },
{ "type": "Feature", "properties": { "difference_1990_2000": -139.0, "difference_1990_2010": -211.0, "difference_1990_2020": -372.0 }, "geometry": { "type": "Polygon", "coordinates": [ [ [ -103.237311385459535, 25.529001422952906 ], [ -103.232738911751255, 25.529001422952906 ], [ -103.232738911751255, 25.524696066522957 ], [ -103.237311385459535, 25.524696066522957 ], [ -103.237311385459535, 25.529001422952906 ] ] ] } },
{ "type": "Feature", "properties": { "difference_1990_2000": 110.0, "difference_1990_2010": 157.0, "difference_1990_2020": 207.0 }, "geometry": { "type": "Polygon", "coordinates": [ [ [ -103.237311385459535, 25.54191840940236 ], [ -103.232738911751255, 25.541918409402399 ], [ -103.232738911751255, 25.537612594352098 ], [ -103.237311385459535, 25.537612594352062 ], [ -103.237311385459535, 25.54191840940236 ] ] ] } },
{ "type": "Feature", "properties": { "difference_1990_2000": 55.0, "difference_1990_2010": 144.0, "difference_1990_2020": 43.0 }, "geometry": { "type": "Polygon", "coordinates": [ [ [ -103.237311385459535, 25.533306932215755 ], [ -103.232738911751255, 25.53330693221579 ], [ -103.232738911751255, 25.529001422952906 ], [ -103.237311385459535, 25.529001422952906 ], [ -103.237311385459535, 25.533306932215755 ] ] ] } },
{ "type": "Feature", "properties": { "difference_1990_2000": 11.0, "difference_1990_2010": 56.0, "difference_1990_2020": 27.0 }, "geometry": { "type": "Polygon", "coordinates": [ [ [ -103.237311385459535, 25.550530498407017 ], [ -103.232738911751255, 25.550530498407017 ], [ -103.232738911751255, 25.54622437740721 ], [ -103.237311385459535, 25.54622437740721 ], [ -103.237311385459535, 25.550530498407017 ] ] ] } },
{ "type": "Feature", "properties": { "difference_1990_2000": 127.0, "difference_1990_2010": 294.0, "difference_1990_2020": 213.0 }, "geometry": { "type": "Polygon", "coordinates": [ [ [ -103.237311385459535, 25.537612594352062 ], [ -103.232738911751255, 25.537612594352098 ], [ -103.232738911751255, 25.53330693221579 ], [ -103.237311385459535, 25.533306932215755 ], [ -103.237311385459535, 25.537612594352062 ] ] ] } },
{ "type": "Feature", "properties": { "difference_1990_2000": 82.0, "difference_1990_2010": 70.0, "difference_1990_2020": 153.0 }, "geometry": { "type": "Polygon", "coordinates": [ [ [ -103.237311385459535, 25.54622437740721 ], [ -103.232738911751255, 25.54622437740721 ], [ -103.232738911751255, 25.541918409402399 ], [ -103.237311385459535, 25.54191840940236 ], [ -103.237311385459535, 25.54622437740721 ] ] ] } },
{ "type": "Feature", "properties": { "difference_1990_2000": 65.0, "difference_1990_2010": -13.0, "difference_1990_2020": -89.0 }, "geometry": { "type": "Polygon", "coordinates": [ [ [ -103.415637860082313, 25.520390862885513 ], [ -103.411065386374034, 25.520390862885513 ], [ -103.411065386374034, 25.516085812000036 ], [ -103.415637860082313, 25.516085812000036 ], [ -103.415637860082313, 25.520390862885513 ] ] ] } },
{ "type": "Feature", "properties": { "difference_1990_2000": 58.0, "difference_1990_2010": 66.0, "difference_1990_2020": 34.0 }, "geometry": { "type": "Polygon", "coordinates": [ [ [ -103.415637860082313, 25.606524012419019 ], [ -103.411065386374034, 25.606524012419019 ], [ -103.411065386374034, 25.602215898789616 ], [ -103.415637860082313, 25.602215898789581 ], [ -103.415637860082313, 25.606524012419019 ] ] ] } },
{ "type": "Feature", "properties": { "difference_1990_2000": 2.0, "difference_1990_2010": 2.0, "difference_1990_2020": 2.0 }, "geometry": { "type": "Polygon", "coordinates": [ [ [ -103.415637860082313, 25.490258712212455 ], [ -103.411065386374034, 25.490258712212455 ], [ -103.411065386374034, 25.485954729457973 ], [ -103.415637860082313, 25.485954729457962 ], [ -103.415637860082313, 25.490258712212455 ] ] ] } },
{ "type": "Feature", "properties": { "difference_1990_2000": 59.0, "difference_1990_2010": 196.0, "difference_1990_2020": 124.0 }, "geometry": { "type": "Polygon", "coordinates": [ [ [ -103.415637860082313, 25.404207972537815 ], [ -103.411065386374034, 25.404207972537815 ], [ -103.411065386374034, 25.399907030690589 ], [ -103.415637860082313, 25.399907030690589 ], [ -103.415637860082313, 25.404207972537815 ] ] ] } },
{ "type": "Feature", "properties": { "difference_1990_2000": 519.0, "difference_1990_2010": 431.0, "difference_1990_2020": 388.0 }, "geometry": { "type": "Polygon", "coordinates": [ [ [ -103.415637860082313, 25.589292478876903 ], [ -103.411065386374034, 25.589292478876903 ], [ -103.411065386374034, 25.58498497909563 ], [ -103.415637860082313, 25.584984979095623 ], [ -103.415637860082313, 25.589292478876903 ] ] ] } },
{ "type": "Feature", "properties": { "difference_1990_2000": -539.0, "difference_1990_2010": -1164.0, "difference_1990_2020": -1472.0 }, "geometry": { "type": "Polygon", "coordinates": [ [ [ -103.415637860082313, 25.554836772442435 ], [ -103.411065386374034, 25.554836772442435 ], [ -103.411065386374034, 25.550530498407017 ], [ -103.415637860082313, 25.550530498407017 ], [ -103.415637860082313, 25.554836772442435 ] ] ] } },
{ "type": "Feature", "properties": { "difference_1990_2000": 4.0, "difference_1990_2010": 10.0, "difference_1990_2020": 16.0 }, "geometry": { "type": "Polygon", "coordinates": [ [ [ -103.415637860082313, 25.395606240466044 ], [ -103.411065386374034, 25.395606240466044 ], [ -103.411065386374034, 25.391305601824019 ], [ -103.415637860082313, 25.391305601824001 ], [ -103.415637860082313, 25.395606240466044 ] ] ] } },
{ "type": "Feature", "properties": { "difference_1990_2000": 168.0, "difference_1990_2010": -4.0, "difference_1990_2020": -184.0 }, "geometry": { "type": "Polygon", "coordinates": [ [ [ -103.415637860082313, 25.516085812000036 ], [ -103.411065386374034, 25.516085812000036 ], [ -103.411065386374034, 25.511780913826033 ], [ -103.415637860082313, 25.511780913825994 ], [ -103.415637860082313, 25.516085812000036 ] ] ] } },
{ "type": "Feature", "properties": { "difference_1990_2000": 113.0, "difference_1990_2010": 211.0, "difference_1990_2020": 191.0 }, "geometry": { "type": "Polygon", "coordinates": [ [ [ -103.415637860082313, 25.580677632674703 ], [ -103.411065386374034, 25.580677632674703 ], [ -103.411065386374034, 25.576370439573584 ], [ -103.415637860082313, 25.576370439573584 ], [ -103.415637860082313, 25.580677632674703 ] ] ] } },
{ "type": "Feature", "properties": { "difference_1990_2000": 26.0, "difference_1990_2010": -22.0, "difference_1990_2020": -49.0 }, "geometry": { "type": "Polygon", "coordinates": [ [ [ -103.415637860082313, 25.524696066522957 ], [ -103.411065386374034, 25.524696066522996 ], [ -103.411065386374034, 25.520390862885513 ], [ -103.415637860082313, 25.520390862885513 ], [ -103.415637860082313, 25.524696066522957 ] ] ] } },
{ "type": "Feature", "properties": { "difference_1990_2000": 294.0, "difference_1990_2010": 417.0, "difference_1990_2020": 355.0 }, "geometry": { "type": "Polygon", "coordinates": [ [ [ -103.415637860082313, 25.503171575450629 ], [ -103.411065386374034, 25.503171575450629 ], [ -103.411065386374034, 25.49886713516835 ], [ -103.415637860082313, 25.49886713516835 ], [ -103.415637860082313, 25.503171575450629 ] ] ] } },
{ "type": "Feature", "properties": { "difference_1990_2000": 9.0, "difference_1990_2010": -289.0, "difference_1990_2020": -388.0 }, "geometry": { "type": "Polygon", "coordinates": [ [ [ -103.415637860082313, 25.507476168323006 ], [ -103.411065386374034, 25.507476168323041 ], [ -103.411065386374034, 25.503171575450629 ], [ -103.415637860082313, 25.503171575450629 ], [ -103.415637860082313, 25.507476168323006 ] ] ] } },
{ "type": "Feature", "properties": { "difference_1990_2000": 137.0, "difference_1990_2010": 485.0, "difference_1990_2020": 628.0 }, "geometry": { "type": "Polygon", "coordinates": [ [ [ -103.415637860082313, 25.593600132059201 ], [ -103.411065386374034, 25.593600132059201 ], [ -103.411065386374034, 25.589292478876903 ], [ -103.415637860082313, 25.589292478876903 ], [ -103.415637860082313, 25.593600132059201 ] ] ] } },
{ "type": "Feature", "properties": { "difference_1990_2000": 24.0, "difference_1990_2010": 53.0, "difference_1990_2020": 8.0 }, "geometry": { "type": "Polygon", "coordinates": [ [ [ -103.415637860082313, 25.610832279612158 ], [ -103.411065386374034, 25.610832279612154 ], [ -103.411065386374034, 25.606524012419019 ], [ -103.415637860082313, 25.606524012419019 ], [ -103.415637860082313, 25.610832279612158 ] ] ] } },
{ "type": "Feature", "properties": { "difference_1990_2000": 97.0, "difference_1990_2010": -429.0, "difference_1990_2020": -637.0 }, "geometry": { "type": "Polygon", "coordinates": [ [ [ -103.415637860082313, 25.511780913825994 ], [ -103.411065386374034, 25.511780913826033 ], [ -103.411065386374034, 25.507476168323041 ], [ -103.415637860082313, 25.507476168323006 ], [ -103.415637860082313, 25.511780913825994 ] ] ] } },
{ "type": "Feature", "properties": { "difference_1990_2000": 17.0, "difference_1990_2010": 80.0, "difference_1990_2020": 102.0 }, "geometry": { "type": "Polygon", "coordinates": [ [ [ -103.415637860082313, 25.563449779782346 ], [ -103.411065386374034, 25.563449779782381 ], [ -103.411065386374034, 25.559143199554043 ], [ -103.415637860082313, 25.559143199554043 ], [ -103.415637860082313, 25.563449779782346 ] ] ] } },
{ "type": "Feature", "properties": { "difference_1990_2000": 54.0, "difference_1990_2010": 132.0, "difference_1990_2020": 137.0 }, "geometry": { "type": "Polygon", "coordinates": [ [ [ -103.415637860082313, 25.576370439573584 ], [ -103.411065386374034, 25.576370439573584 ], [ -103.411065386374034, 25.572063399751524 ], [ -103.415637860082313, 25.572063399751524 ], [ -103.415637860082313, 25.576370439573584 ] ] ] } },
{ "type": "Feature", "properties": { "difference_1990_2000": -294.0, "difference_1990_2010": -676.0, "difference_1990_2020": -885.0 }, "geometry": { "type": "Polygon", "coordinates": [ [ [ -103.415637860082313, 25.559143199554043 ], [ -103.411065386374034, 25.559143199554043 ], [ -103.411065386374034, 25.554836772442435 ], [ -103.415637860082313, 25.554836772442435 ], [ -103.415637860082313, 25.559143199554043 ] ] ] } },
{ "type": "Feature", "properties": { "difference_1990_2000": 0.0, "difference_1990_2010": 18.0, "difference_1990_2020": 116.0 }, "geometry": { "type": "Polygon", "coordinates": [ [ [ -103.415637860082313, 25.619449274852371 ], [ -103.411065386374034, 25.619449274852411 ], [ -103.411065386374034, 25.615140700409697 ], [ -103.415637860082313, 25.615140700409697 ], [ -103.415637860082313, 25.619449274852371 ] ] ] } },
{ "type": "Feature", "properties": { "difference_1990_2000": 388.0, "difference_1990_2010": 580.0, "difference_1990_2020": 561.0 }, "geometry": { "type": "Polygon", "coordinates": [ [ [ -103.415637860082313, 25.494562847435752 ], [ -103.411065386374034, 25.494562847435752 ], [ -103.411065386374034, 25.490258712212455 ], [ -103.415637860082313, 25.490258712212455 ], [ -103.415637860082313, 25.494562847435752 ] ] ] } },
{ "type": "Feature", "properties": { "difference_1990_2000": 96.0, "difference_1990_2010": 194.0, "difference_1990_2020": 277.0 }, "geometry": { "type": "Polygon", "coordinates": [ [ [ -103.415637860082313, 25.399907030690589 ], [ -103.411065386374034, 25.399907030690589 ], [ -103.411065386374034, 25.395606240466044 ], [ -103.415637860082313, 25.395606240466044 ], [ -103.415637860082313, 25.399907030690589 ] ] ] } },
{ "type": "Feature", "properties": { "difference_1990_2000": 79.0, "difference_1990_2010": 232.0, "difference_1990_2020": 164.0 }, "geometry": { "type": "Polygon", "coordinates": [ [ [ -103.415637860082313, 25.602215898789581 ], [ -103.411065386374034, 25.602215898789616 ], [ -103.411065386374034, 25.597907938683242 ], [ -103.415637860082313, 25.597907938683242 ], [ -103.415637860082313, 25.602215898789581 ] ] ] } },
{ "type": "Feature", "properties": { "difference_1990_2000": 20.0, "difference_1990_2010": -126.0, "difference_1990_2020": 15.0 }, "geometry": { "type": "Polygon", "coordinates": [ [ [ -103.415637860082313, 25.615140700409697 ], [ -103.411065386374034, 25.615140700409697 ], [ -103.411065386374034, 25.610832279612154 ], [ -103.415637860082313, 25.610832279612158 ], [ -103.415637860082313, 25.615140700409697 ] ] ] } },
{ "type": "Feature", "properties": { "difference_1990_2000": 17.0, "difference_1990_2010": 80.0, "difference_1990_2020": 102.0 }, "geometry": { "type": "Polygon", "coordinates": [ [ [ -103.415637860082313, 25.567756513167971 ], [ -103.411065386374034, 25.567756513167993 ], [ -103.411065386374034, 25.563449779782381 ], [ -103.415637860082313, 25.563449779782346 ], [ -103.415637860082313, 25.567756513167971 ] ] ] } },
{ "type": "Feature", "properties": { "difference_1990_2000": 58.0, "difference_1990_2010": 36.0, "difference_1990_2020": 38.0 }, "geometry": { "type": "Polygon", "coordinates": [ [ [ -103.415637860082313, 25.529001422952906 ], [ -103.411065386374034, 25.529001422952941 ], [ -103.411065386374034, 25.524696066522996 ], [ -103.415637860082313, 25.524696066522957 ], [ -103.415637860082313, 25.529001422952906 ] ] ] } },
{ "type": "Feature", "properties": { "difference_1990_2000": 124.0, "difference_1990_2010": 478.0, "difference_1990_2020": 623.0 }, "geometry": { "type": "Polygon", "coordinates": [ [ [ -103.415637860082313, 25.597907938683242 ], [ -103.411065386374034, 25.597907938683242 ], [ -103.411065386374034, 25.593600132059201 ], [ -103.415637860082313, 25.593600132059201 ], [ -103.415637860082313, 25.597907938683242 ] ] ] } },
{ "type": "Feature", "properties": { "difference_1990_2000": -25.0, "difference_1990_2010": -96.0, "difference_1990_2020": -117.0 }, "geometry": { "type": "Polygon", "coordinates": [ [ [ -103.415637860082313, 25.53330693221579 ], [ -103.411065386374034, 25.53330693221579 ], [ -103.411065386374034, 25.529001422952941 ], [ -103.415637860082313, 25.529001422952906 ], [ -103.415637860082313, 25.53330693221579 ] ] ] } },
{ "type": "Feature", "properties": { "difference_1990_2000": -365.0, "difference_1990_2010": -635.0, "difference_1990_2020": -810.0 }, "geometry": { "type": "Polygon", "coordinates": [ [ [ -103.415637860082313, 25.541918409402399 ], [ -103.411065386374034, 25.541918409402399 ], [ -103.411065386374034, 25.537612594352115 ], [ -103.415637860082313, 25.537612594352115 ], [ -103.415637860082313, 25.541918409402399 ] ] ] } },
{ "type": "Feature", "properties": { "difference_1990_2000": -647.0, "difference_1990_2010": -1072.0, "difference_1990_2020": -1346.0 }, "geometry": { "type": "Polygon", "coordinates": [ [ [ -103.415637860082313, 25.550530498407017 ], [ -103.411065386374034, 25.550530498407017 ], [ -103.411065386374034, 25.546224377407228 ], [ -103.415637860082313, 25.54622437740721 ], [ -103.415637860082313, 25.550530498407017 ] ] ] } },
{ "type": "Feature", "properties": { "difference_1990_2000": 17.0, "difference_1990_2010": 80.0, "difference_1990_2020": 102.0 }, "geometry": { "type": "Polygon", "coordinates": [ [ [ -103.415637860082313, 25.572063399751524 ], [ -103.411065386374034, 25.572063399751524 ], [ -103.411065386374034, 25.567756513167993 ], [ -103.415637860082313, 25.567756513167971 ], [ -103.415637860082313, 25.572063399751524 ] ] ] } },
{ "type": "Feature", "properties": { "difference_1990_2000": 584.0, "difference_1990_2010": 733.0, "difference_1990_2020": 707.0 }, "geometry": { "type": "Polygon", "coordinates": [ [ [ -103.415637860082313, 25.49886713516835 ], [ -103.411065386374034, 25.49886713516835 ], [ -103.411065386374034, 25.494562847435752 ], [ -103.415637860082313, 25.494562847435752 ], [ -103.415637860082313, 25.49886713516835 ] ] ] } },
{ "type": "Feature", "properties": { "difference_1990_2000": 0.0, "difference_1990_2010": 1.0, "difference_1990_2020": 144.0 }, "geometry": { "type": "Polygon", "coordinates": [ [ [ -103.415637860082313, 25.623758002980978 ], [ -103.411065386374034, 25.623758002980978 ], [ -103.411065386374034, 25.619449274852411 ], [ -103.415637860082313, 25.619449274852371 ], [ -103.415637860082313, 25.623758002980978 ] ] ] } },
{ "type": "Feature", "properties": { "difference_1990_2000": -460.0, "difference_1990_2010": -725.0, "difference_1990_2020": -959.0 }, "geometry": { "type": "Polygon", "coordinates": [ [ [ -103.415637860082313, 25.54622437740721 ], [ -103.411065386374034, 25.546224377407228 ], [ -103.411065386374034, 25.541918409402399 ], [ -103.415637860082313, 25.541918409402399 ], [ -103.415637860082313, 25.54622437740721 ] ] ] } },
{ "type": "Feature", "properties": { "difference_1990_2000": 116.0, "difference_1990_2010": 230.0, "difference_1990_2020": 220.0 }, "geometry": { "type": "Polygon", "coordinates": [ [ [ -103.415637860082313, 25.584984979095623 ], [ -103.411065386374034, 25.58498497909563 ], [ -103.411065386374034, 25.580677632674703 ], [ -103.415637860082313, 25.580677632674703 ], [ -103.415637860082313, 25.584984979095623 ] ] ] } },
{ "type": "Feature", "properties": { "difference_1990_2000": -132.0, "difference_1990_2010": -299.0, "difference_1990_2020": -361.0 }, "geometry": { "type": "Polygon", "coordinates": [ [ [ -103.415637860082313, 25.537612594352115 ], [ -103.411065386374034, 25.537612594352115 ], [ -103.411065386374034, 25.53330693221579 ], [ -103.415637860082313, 25.53330693221579 ], [ -103.415637860082313, 25.537612594352115 ] ] ] } },
{ "type": "Feature", "properties": { "difference_1990_2000": -59.0, "difference_1990_2010": 89.0, "difference_1990_2020": 73.0 }, "geometry": { "type": "Polygon", "coordinates": [ [ [ -103.593964334705078, 25.490258712212455 ], [ -103.589391860996798, 25.490258712212455 ], [ -103.589391860996798, 25.485954729457973 ], [ -103.593964334705078, 25.485954729457962 ], [ -103.593964334705078, 25.490258712212455 ] ] ] } },
{ "type": "Feature", "properties": { "difference_1990_2000": 5.0, "difference_1990_2010": 173.0, "difference_1990_2020": 8.0 }, "geometry": { "type": "Polygon", "coordinates": [ [ [ -103.593964334705078, 25.503171575450629 ], [ -103.589391860996798, 25.503171575450629 ], [ -103.589391860996798, 25.49886713516835 ], [ -103.593964334705078, 25.49886713516835 ], [ -103.593964334705078, 25.503171575450629 ] ] ] } },
{ "type": "Feature", "properties": { "difference_1990_2000": 0.0, "difference_1990_2010": 4.0, "difference_1990_2020": 43.0 }, "geometry": { "type": "Polygon", "coordinates": [ [ [ -103.593964334705078, 25.481650899131953 ], [ -103.589391860996798, 25.481650899131953 ], [ -103.589391860996798, 25.477347221194059 ], [ -103.593964334705078, 25.477347221194059 ], [ -103.593964334705078, 25.481650899131953 ] ] ] } },
{ "type": "Feature", "properties": { "difference_1990_2000": 224.0, "difference_1990_2010": 216.0, "difference_1990_2020": 258.0 }, "geometry": { "type": "Polygon", "coordinates": [ [ [ -103.593964334705078, 25.494562847435752 ], [ -103.589391860996798, 25.494562847435752 ], [ -103.589391860996798, 25.490258712212455 ], [ -103.593964334705078, 25.490258712212455 ], [ -103.593964334705078, 25.494562847435752 ] ] ] } },
{ "type": "Feature", "properties": { "difference_1990_2000": 32.0, "difference_1990_2010": 137.0, "difference_1990_2020": 162.0 }, "geometry": { "type": "Polygon", "coordinates": [ [ [ -103.593964334705078, 25.485954729457962 ], [ -103.589391860996798, 25.485954729457973 ], [ -103.589391860996798, 25.481650899131953 ], [ -103.593964334705078, 25.481650899131953 ], [ -103.593964334705078, 25.485954729457962 ] ] ] } },
{ "type": "Feature", "properties": { "difference_1990_2000": 79.0, "difference_1990_2010": 7.0, "difference_1990_2020": -109.0 }, "geometry": { "type": "Polygon", "coordinates": [ [ [ -103.593964334705078, 25.49886713516835 ], [ -103.589391860996798, 25.49886713516835 ], [ -103.589391860996798, 25.494562847435752 ], [ -103.593964334705078, 25.494562847435752 ], [ -103.593964334705078, 25.49886713516835 ] ] ] } },
{ "type": "Feature", "properties": { "difference_1990_2000": 136.0, "difference_1990_2010": 169.0, "difference_1990_2020": 87.0 }, "geometry": { "type": "Polygon", "coordinates": [ [ [ -103.228166438043004, 25.520390862885513 ], [ -103.223593964334697, 25.520390862885513 ], [ -103.223593964334697, 25.516085812000036 ], [ -103.228166438043004, 25.516085812000036 ], [ -103.228166438043004, 25.520390862885513 ] ] ] } },
{ "type": "Feature", "properties": { "difference_1990_2000": 82.0, "difference_1990_2010": 272.0, "difference_1990_2020": 391.0 }, "geometry": { "type": "Polygon", "coordinates": [ [ [ -103.228166438043004, 25.516085812000036 ], [ -103.223593964334697, 25.516085812000036 ], [ -103.223593964334697, 25.511780913825994 ], [ -103.228166438043004, 25.511780913825994 ], [ -103.228166438043004, 25.516085812000036 ] ] ] } },
{ "type": "Feature", "properties": { "difference_1990_2000": 22.0, "difference_1990_2010": -86.0, "difference_1990_2020": -283.0 }, "geometry": { "type": "Polygon", "coordinates": [ [ [ -103.228166438043004, 25.524696066522957 ], [ -103.223593964334697, 25.524696066522957 ], [ -103.223593964334697, 25.520390862885513 ], [ -103.228166438043004, 25.520390862885513 ], [ -103.228166438043004, 25.524696066522957 ] ] ] } },
{ "type": "Feature", "properties": { "difference_1990_2000": 7.0, "difference_1990_2010": -8.0, "difference_1990_2020": 34.0 }, "geometry": { "type": "Polygon", "coordinates": [ [ [ -103.228166438043004, 25.503171575450629 ], [ -103.223593964334697, 25.503171575450629 ], [ -103.223593964334697, 25.49886713516835 ], [ -103.228166438043004, 25.49886713516835 ], [ -103.228166438043004, 25.503171575450629 ] ] ] } },
{ "type": "Feature", "properties": { "difference_1990_2000": 1.0, "difference_1990_2010": -1.0, "difference_1990_2020": 12.0 }, "geometry": { "type": "Polygon", "coordinates": [ [ [ -103.228166438043004, 25.507476168323048 ], [ -103.223593964334697, 25.507476168323041 ], [ -103.223593964334697, 25.503171575450629 ], [ -103.228166438043004, 25.503171575450629 ], [ -103.228166438043004, 25.507476168323048 ] ] ] } },
{ "type": "Feature", "properties": { "difference_1990_2000": 63.0, "difference_1990_2010": 224.0, "difference_1990_2020": 305.0 }, "geometry": { "type": "Polygon", "coordinates": [ [ [ -103.228166438043004, 25.511780913825994 ], [ -103.223593964334697, 25.511780913825994 ], [ -103.223593964334697, 25.507476168323041 ], [ -103.228166438043004, 25.507476168323048 ], [ -103.228166438043004, 25.511780913825994 ] ] ] } },
{ "type": "Feature", "properties": { "difference_1990_2000": -382.0, "difference_1990_2010": -660.0, "difference_1990_2020": -945.0 }, "geometry": { "type": "Polygon", "coordinates": [ [ [ -103.228166438043004, 25.529001422952941 ], [ -103.223593964334697, 25.529001422952906 ], [ -103.223593964334697, 25.524696066522957 ], [ -103.228166438043004, 25.524696066522957 ], [ -103.228166438043004, 25.529001422952941 ] ] ] } },
{ "type": "Feature", "properties": { "difference_1990_2000": -290.0, "difference_1990_2010": -496.0, "difference_1990_2020": -716.0 }, "geometry": { "type": "Polygon", "coordinates": [ [ [ -103.228166438043004, 25.53330693221579 ], [ -103.223593964334697, 25.533306932215755 ], [ -103.223593964334697, 25.529001422952906 ], [ -103.228166438043004, 25.529001422952941 ], [ -103.228166438043004, 25.53330693221579 ] ] ] } },
{ "type": "Feature", "properties": { "difference_1990_2000": 40.0, "difference_1990_2010": 27.0, "difference_1990_2020": 32.0 }, "geometry": { "type": "Polygon", "coordinates": [ [ [ -103.228166438043004, 25.541918409402399 ], [ -103.223593964334697, 25.541918409402399 ], [ -103.223593964334697, 25.537612594352062 ], [ -103.228166438043004, 25.537612594352098 ], [ -103.228166438043004, 25.541918409402399 ] ] ] } },
{ "type": "Feature", "properties": { "difference_1990_2000": 0.0, "difference_1990_2010": 1.0, "difference_1990_2020": 0.0 }, "geometry": { "type": "Polygon", "coordinates": [ [ [ -103.228166438043004, 25.550530498407017 ], [ -103.223593964334697, 25.550530498407017 ], [ -103.223593964334697, 25.54622437740721 ], [ -103.228166438043004, 25.54622437740721 ], [ -103.228166438043004, 25.550530498407017 ] ] ] } },
{ "type": "Feature", "properties": { "difference_1990_2000": 21.0, "difference_1990_2010": 71.0, "difference_1990_2020": 40.0 }, "geometry": { "type": "Polygon", "coordinates": [ [ [ -103.228166438043004, 25.54622437740721 ], [ -103.223593964334697, 25.54622437740721 ], [ -103.223593964334697, 25.541918409402399 ], [ -103.228166438043004, 25.541918409402399 ], [ -103.228166438043004, 25.54622437740721 ] ] ] } },
{ "type": "Feature", "properties": { "difference_1990_2000": 13.0, "difference_1990_2010": -107.0, "difference_1990_2020": -230.0 }, "geometry": { "type": "Polygon", "coordinates": [ [ [ -103.228166438043004, 25.537612594352098 ], [ -103.223593964334697, 25.537612594352062 ], [ -103.223593964334697, 25.533306932215755 ], [ -103.228166438043004, 25.53330693221579 ], [ -103.228166438043004, 25.537612594352098 ] ] ] } },
{ "type": "Feature", "properties": { "difference_1990_2000": 512.0, "difference_1990_2010": 513.0, "difference_1990_2020": 392.0 }, "geometry": { "type": "Polygon", "coordinates": [ [ [ -103.406492912665755, 25.520390862885538 ], [ -103.401920438957475, 25.520390862885538 ], [ -103.401920438957475, 25.516085812000036 ], [ -103.406492912665755, 25.516085812000011 ], [ -103.406492912665755, 25.520390862885538 ] ] ] } },
{ "type": "Feature", "properties": { "difference_1990_2000": 48.0, "difference_1990_2010": 173.0, "difference_1990_2020": 190.0 }, "geometry": { "type": "Polygon", "coordinates": [ [ [ -103.406492912665755, 25.606524012419019 ], [ -103.401920438957475, 25.60652401241903 ], [ -103.401920438957475, 25.602215898789581 ], [ -103.406492912665755, 25.602215898789581 ], [ -103.406492912665755, 25.606524012419019 ] ] ] } },
{ "type": "Feature", "properties": { "difference_1990_2000": 685.0, "difference_1990_2010": 907.0, "difference_1990_2020": 774.0 }, "geometry": { "type": "Polygon", "coordinates": [ [ [ -103.406492912665755, 25.490258712212455 ], [ -103.401920438957475, 25.490258712212455 ], [ -103.401920438957475, 25.485954729458008 ], [ -103.406492912665755, 25.485954729457962 ], [ -103.406492912665755, 25.490258712212455 ] ] ] } },
{ "type": "Feature", "properties": { "difference_1990_2000": -1.0, "difference_1990_2010": -7.0, "difference_1990_2020": -8.0 }, "geometry": { "type": "Polygon", "coordinates": [ [ [ -103.406492912665755, 25.589292478876903 ], [ -103.401920438957475, 25.589292478876903 ], [ -103.401920438957475, 25.584984979095623 ], [ -103.406492912665755, 25.584984979095623 ], [ -103.406492912665755, 25.589292478876903 ] ] ] } },
{ "type": "Feature", "properties": { "difference_1990_2000": -164.0, "difference_1990_2010": -474.0, "difference_1990_2020": -619.0 }, "geometry": { "type": "Polygon", "coordinates": [ [ [ -103.406492912665755, 25.554836772442435 ], [ -103.401920438957475, 25.554836772442435 ], [ -103.401920438957475, 25.550530498407017 ], [ -103.406492912665755, 25.550530498407017 ], [ -103.406492912665755, 25.554836772442435 ] ] ] } },
{ "type": "Feature", "properties": { "difference_1990_2000": 557.0, "difference_1990_2010": 477.0, "difference_1990_2020": 393.0 }, "geometry": { "type": "Polygon", "coordinates": [ [ [ -103.406492912665755, 25.516085812000011 ], [ -103.401920438957475, 25.516085812000036 ], [ -103.401920438957475, 25.511780913825994 ], [ -103.406492912665755, 25.511780913825994 ], [ -103.406492912665755, 25.516085812000011 ] ] ] } },
{ "type": "Feature", "properties": { "difference_1990_2000": 101.0, "difference_1990_2010": 188.0, "difference_1990_2020": 169.0 }, "geometry": { "type": "Polygon", "coordinates": [ [ [ -103.406492912665755, 25.580677632674703 ], [ -103.401920438957475, 25.580677632674668 ], [ -103.401920438957475, 25.576370439573555 ], [ -103.406492912665755, 25.576370439573555 ], [ -103.406492912665755, 25.580677632674703 ] ] ] } },
{ "type": "Feature", "properties": { "difference_1990_2000": 311.0, "difference_1990_2010": 29.0, "difference_1990_2020": -204.0 }, "geometry": { "type": "Polygon", "coordinates": [ [ [ -103.406492912665755, 25.524696066522957 ], [ -103.401920438957475, 25.524696066522957 ], [ -103.401920438957475, 25.520390862885538 ], [ -103.406492912665755, 25.520390862885538 ], [ -103.406492912665755, 25.524696066522957 ] ] ] } },
{ "type": "Feature", "properties": { "difference_1990_2000": 0.0, "difference_1990_2010": 21.0, "difference_1990_2020": 56.0 }, "geometry": { "type": "Polygon", "coordinates": [ [ [ -103.406492912665755, 25.628066884836095 ], [ -103.401920438957475, 25.628066884836109 ], [ -103.401920438957475, 25.623758002980942 ], [ -103.406492912665755, 25.62375800298096 ], [ -103.406492912665755, 25.628066884836095 ] ] ] } },
{ "type": "Feature", "properties": { "difference_1990_2000": 1070.0, "difference_1990_2010": 1128.0, "difference_1990_2020": 1097.0 }, "geometry": { "type": "Polygon", "coordinates": [ [ [ -103.406492912665755, 25.503171575450629 ], [ -103.401920438957475, 25.503171575450629 ], [ -103.401920438957475, 25.49886713516835 ], [ -103.406492912665755, 25.49886713516835 ], [ -103.406492912665755, 25.503171575450629 ] ] ] } },
{ "type": "Feature", "properties": { "difference_1990_2000": 1392.0, "difference_1990_2010": 1665.0, "difference_1990_2020": 1725.0 }, "geometry": { "type": "Polygon", "coordinates": [ [ [ -103.406492912665755, 25.507476168323041 ], [ -103.401920438957475, 25.507476168323041 ], [ -103.401920438957475, 25.503171575450629 ], [ -103.406492912665755, 25.503171575450629 ], [ -103.406492912665755, 25.507476168323041 ] ] ] } },
{ "type": "Feature", "properties": { "difference_1990_2000": 48.0, "difference_1990_2010": 173.0, "difference_1990_2020": 190.0 }, "geometry": { "type": "Polygon", "coordinates": [ [ [ -103.406492912665755, 25.610832279612154 ], [ -103.401920438957475, 25.610832279612154 ], [ -103.401920438957475, 25.60652401241903 ], [ -103.406492912665755, 25.606524012419019 ], [ -103.406492912665755, 25.610832279612154 ] ] ] } },
{ "type": "Feature", "properties": { "difference_1990_2000": 62.0, "difference_1990_2010": 141.0, "difference_1990_2020": 144.0 }, "geometry": { "type": "Polygon", "coordinates": [ [ [ -103.406492912665755, 25.576370439573555 ], [ -103.401920438957475, 25.576370439573555 ], [ -103.401920438957475, 25.572063399751524 ], [ -103.406492912665755, 25.572063399751489 ], [ -103.406492912665755, 25.576370439573555 ] ] ] } },
{ "type": "Feature", "properties": { "difference_1990_2000": 11.0, "difference_1990_2010": 40.0, "difference_1990_2020": 53.0 }, "geometry": { "type": "Polygon", "coordinates": [ [ [ -103.406492912665755, 25.593600132059237 ], [ -103.401920438957475, 25.593600132059201 ], [ -103.401920438957475, 25.589292478876903 ], [ -103.406492912665755, 25.589292478876903 ], [ -103.406492912665755, 25.593600132059237 ] ] ] } },
{ "type": "Feature", "properties": { "difference_1990_2000": 521.0, "difference_1990_2010": 515.0, "difference_1990_2020": 543.0 }, "geometry": { "type": "Polygon", "coordinates": [ [ [ -103.406492912665755, 25.511780913825994 ], [ -103.401920438957475, 25.511780913825994 ], [ -103.401920438957475, 25.507476168323041 ], [ -103.406492912665755, 25.507476168323041 ], [ -103.406492912665755, 25.511780913825994 ] ] ] } },
{ "type": "Feature", "properties": { "difference_1990_2000": 17.0, "difference_1990_2010": 80.0, "difference_1990_2020": 102.0 }, "geometry": { "type": "Polygon", "coordinates": [ [ [ -103.406492912665755, 25.563449779782346 ], [ -103.401920438957475, 25.563449779782381 ], [ -103.401920438957475, 25.559143199554043 ], [ -103.406492912665755, 25.559143199554043 ], [ -103.406492912665755, 25.563449779782346 ] ] ] } },
{ "type": "Feature", "properties": { "difference_1990_2000": -162.0, "difference_1990_2010": -353.0, "difference_1990_2020": -408.0 }, "geometry": { "type": "Polygon", "coordinates": [ [ [ -103.406492912665755, 25.559143199554043 ], [ -103.401920438957475, 25.559143199554043 ], [ -103.401920438957475, 25.554836772442435 ], [ -103.406492912665755, 25.554836772442435 ], [ -103.406492912665755, 25.559143199554043 ] ] ] } },
{ "type": "Feature", "properties": { "difference_1990_2000": 921.0, "difference_1990_2010": 799.0, "difference_1990_2020": 694.0 }, "geometry": { "type": "Polygon", "coordinates": [ [ [ -103.406492912665755, 25.494562847435752 ], [ -103.401920438957475, 25.494562847435752 ], [ -103.401920438957475, 25.490258712212455 ], [ -103.406492912665755, 25.490258712212455 ], [ -103.406492912665755, 25.494562847435752 ] ] ] } },
{ "type": "Feature", "properties": { "difference_1990_2000": 0.0, "difference_1990_2010": 104.0, "difference_1990_2020": 268.0 }, "geometry": { "type": "Polygon", "coordinates": [ [ [ -103.406492912665755, 25.619449274852411 ], [ -103.401920438957475, 25.619449274852371 ], [ -103.401920438957475, 25.615140700409697 ], [ -103.406492912665755, 25.615140700409697 ], [ -103.406492912665755, 25.619449274852411 ] ] ] } },
{ "type": "Feature", "properties": { "difference_1990_2000": 45.0, "difference_1990_2010": 171.0, "difference_1990_2020": 194.0 }, "geometry": { "type": "Polygon", "coordinates": [ [ [ -103.406492912665755, 25.602215898789581 ], [ -103.401920438957475, 25.602215898789581 ], [ -103.401920438957475, 25.597907938683242 ], [ -103.406492912665755, 25.597907938683242 ], [ -103.406492912665755, 25.602215898789581 ] ] ] } },
{ "type": "Feature", "properties": { "difference_1990_2000": 3.0, "difference_1990_2010": 108.0, "difference_1990_2020": 264.0 }, "geometry": { "type": "Polygon", "coordinates": [ [ [ -103.406492912665755, 25.615140700409697 ], [ -103.401920438957475, 25.615140700409697 ], [ -103.401920438957475, 25.610832279612154 ], [ -103.406492912665755, 25.610832279612154 ], [ -103.406492912665755, 25.615140700409697 ] ] ] } },
{ "type": "Feature", "properties": { "difference_1990_2000": 17.0, "difference_1990_2010": 80.0, "difference_1990_2020": 102.0 }, "geometry": { "type": "Polygon", "coordinates": [ [ [ -103.406492912665755, 25.567756513167971 ], [ -103.401920438957475, 25.567756513167971 ], [ -103.401920438957475, 25.563449779782381 ], [ -103.406492912665755, 25.563449779782346 ], [ -103.406492912665755, 25.567756513167971 ] ] ] } },
{ "type": "Feature", "properties": { "difference_1990_2000": -2.0, "difference_1990_2010": -2.0, "difference_1990_2020": -2.0 }, "geometry": { "type": "Polygon", "coordinates": [ [ [ -103.406492912665755, 25.485954729457962 ], [ -103.401920438957475, 25.485954729458008 ], [ -103.401920438957475, 25.481650899131953 ], [ -103.406492912665755, 25.481650899131953 ], [ -103.406492912665755, 25.485954729457962 ] ] ] } },
{ "type": "Feature", "properties": { "difference_1990_2000": 648.0, "difference_1990_2010": 464.0, "difference_1990_2020": 206.0 }, "geometry": { "type": "Polygon", "coordinates": [ [ [ -103.406492912665755, 25.533306932215755 ], [ -103.401920438957475, 25.533306932215755 ], [ -103.401920438957475, 25.529001422952906 ], [ -103.406492912665755, 25.529001422952941 ], [ -103.406492912665755, 25.533306932215755 ] ] ] } },
{ "type": "Feature", "properties": { "difference_1990_2000": 63.0, "difference_1990_2010": 248.0, "difference_1990_2020": 324.0 }, "geometry": { "type": "Polygon", "coordinates": [ [ [ -103.406492912665755, 25.597907938683242 ], [ -103.401920438957475, 25.597907938683242 ], [ -103.401920438957475, 25.593600132059201 ], [ -103.406492912665755, 25.593600132059237 ], [ -103.406492912665755, 25.597907938683242 ] ] ] } },
{ "type": "Feature", "properties": { "difference_1990_2000": 613.0, "difference_1990_2010": 374.0, "difference_1990_2020": 129.0 }, "geometry": { "type": "Polygon", "coordinates": [ [ [ -103.406492912665755, 25.529001422952941 ], [ -103.401920438957475, 25.529001422952906 ], [ -103.401920438957475, 25.524696066522957 ], [ -103.406492912665755, 25.524696066522957 ], [ -103.406492912665755, 25.529001422952941 ] ] ] } },
{ "type": "Feature", "properties": { "difference_1990_2000": 725.0, "difference_1990_2010": 629.0, "difference_1990_2020": 502.0 }, "geometry": { "type": "Polygon", "coordinates": [ [ [ -103.406492912665755, 25.541918409402399 ], [ -103.401920438957475, 25.541918409402399 ], [ -103.401920438957475, 25.537612594352115 ], [ -103.406492912665755, 25.537612594352098 ], [ -103.406492912665755, 25.541918409402399 ] ] ] } },
{ "type": "Feature", "properties": { "difference_1990_2000": 581.0, "difference_1990_2010": 318.0, "difference_1990_2020": 29.0 }, "geometry": { "type": "Polygon", "coordinates": [ [ [ -103.406492912665755, 25.550530498407017 ], [ -103.401920438957475, 25.550530498407017 ], [ -103.401920438957475, 25.54622437740721 ], [ -103.406492912665755, 25.546224377407228 ], [ -103.406492912665755, 25.550530498407017 ] ] ] } },
{ "type": "Feature", "properties": { "difference_1990_2000": 17.0, "difference_1990_2010": 80.0, "difference_1990_2020": 102.0 }, "geometry": { "type": "Polygon", "coordinates": [ [ [ -103.406492912665755, 25.572063399751489 ], [ -103.401920438957475, 25.572063399751524 ], [ -103.401920438957475, 25.567756513167971 ], [ -103.406492912665755, 25.567756513167971 ], [ -103.406492912665755, 25.572063399751489 ] ] ] } },
{ "type": "Feature", "properties": { "difference_1990_2000": 0.0, "difference_1990_2010": 104.0, "difference_1990_2020": 267.0 }, "geometry": { "type": "Polygon", "coordinates": [ [ [ -103.406492912665755, 25.62375800298096 ], [ -103.401920438957475, 25.623758002980942 ], [ -103.401920438957475, 25.619449274852371 ], [ -103.406492912665755, 25.619449274852411 ], [ -103.406492912665755, 25.62375800298096 ] ] ] } },
{ "type": "Feature", "properties": { "difference_1990_2000": 904.0, "difference_1990_2010": 633.0, "difference_1990_2020": 502.0 }, "geometry": { "type": "Polygon", "coordinates": [ [ [ -103.406492912665755, 25.49886713516835 ], [ -103.401920438957475, 25.49886713516835 ], [ -103.401920438957475, 25.494562847435752 ], [ -103.406492912665755, 25.494562847435752 ], [ -103.406492912665755, 25.49886713516835 ] ] ] } },
{ "type": "Feature", "properties": { "difference_1990_2000": 2.0, "difference_1990_2010": 0.0, "difference_1990_2020": -2.0 }, "geometry": { "type": "Polygon", "coordinates": [ [ [ -103.406492912665755, 25.584984979095623 ], [ -103.401920438957475, 25.584984979095623 ], [ -103.401920438957475, 25.580677632674668 ], [ -103.406492912665755, 25.580677632674703 ], [ -103.406492912665755, 25.584984979095623 ] ] ] } },
{ "type": "Feature", "properties": { "difference_1990_2000": 1447.0, "difference_1990_2010": 1255.0, "difference_1990_2020": 934.0 }, "geometry": { "type": "Polygon", "coordinates": [ [ [ -103.406492912665755, 25.546224377407228 ], [ -103.401920438957475, 25.54622437740721 ], [ -103.401920438957475, 25.541918409402399 ], [ -103.406492912665755, 25.541918409402399 ], [ -103.406492912665755, 25.546224377407228 ] ] ] } },
{ "type": "Feature", "properties": { "difference_1990_2000": 235.0, "difference_1990_2010": 225.0, "difference_1990_2020": 142.0 }, "geometry": { "type": "Polygon", "coordinates": [ [ [ -103.406492912665755, 25.537612594352098 ], [ -103.401920438957475, 25.537612594352115 ], [ -103.401920438957475, 25.533306932215755 ], [ -103.406492912665755, 25.533306932215755 ], [ -103.406492912665755, 25.537612594352098 ] ] ] } },
{ "type": "Feature", "properties": { "difference_1990_2000": 0.0, "difference_1990_2010": 9.0, "difference_1990_2020": 123.0 }, "geometry": { "type": "Polygon", "coordinates": [ [ [ -103.584819387288533, 25.490258712212455 ], [ -103.580246913580254, 25.490258712212427 ], [ -103.580246913580254, 25.485954729457927 ], [ -103.584819387288533, 25.485954729458008 ], [ -103.584819387288533, 25.490258712212455 ] ] ] } },
{ "type": "Feature", "properties": { "difference_1990_2000": -32.0, "difference_1990_2010": 5.0, "difference_1990_2020": 15.0 }, "geometry": { "type": "Polygon", "coordinates": [ [ [ -103.584819387288533, 25.494562847435752 ], [ -103.580246913580254, 25.494562847435752 ], [ -103.580246913580254, 25.490258712212427 ], [ -103.584819387288533, 25.490258712212455 ], [ -103.584819387288533, 25.494562847435752 ] ] ] } },
{ "type": "Feature", "properties": { "difference_1990_2000": 90.0, "difference_1990_2010": 99.0, "difference_1990_2020": 90.0 }, "geometry": { "type": "Polygon", "coordinates": [ [ [ -103.584819387288533, 25.49886713516835 ], [ -103.580246913580254, 25.49886713516835 ], [ -103.580246913580254, 25.494562847435752 ], [ -103.584819387288533, 25.494562847435752 ], [ -103.584819387288533, 25.49886713516835 ] ] ] } },
{ "type": "Feature", "properties": { "difference_1990_2000": 0.0, "difference_1990_2010": 638.0, "difference_1990_2020": 1168.0 }, "geometry": { "type": "Polygon", "coordinates": [ [ [ -103.219021490626446, 25.520390862885513 ], [ -103.214449016918167, 25.520390862885513 ], [ -103.214449016918167, 25.516085812000036 ], [ -103.219021490626446, 25.516085812000036 ], [ -103.219021490626446, 25.520390862885513 ] ] ] } },
{ "type": "Feature", "properties": { "difference_1990_2000": 0.0, "difference_1990_2010": 989.0, "difference_1990_2020": 1538.0 }, "geometry": { "type": "Polygon", "coordinates": [ [ [ -103.219021490626446, 25.524696066522957 ], [ -103.214449016918167, 25.524696066522996 ], [ -103.214449016918167, 25.520390862885513 ], [ -103.219021490626446, 25.520390862885513 ], [ -103.219021490626446, 25.524696066522957 ] ] ] } },
{ "type": "Feature", "properties": { "difference_1990_2000": 63.0, "difference_1990_2010": 721.0, "difference_1990_2020": 1202.0 }, "geometry": { "type": "Polygon", "coordinates": [ [ [ -103.219021490626446, 25.529001422952906 ], [ -103.214449016918167, 25.529001422952906 ], [ -103.214449016918167, 25.524696066522996 ], [ -103.219021490626446, 25.524696066522957 ], [ -103.219021490626446, 25.529001422952906 ] ] ] } },
{ "type": "Feature", "properties": { "difference_1990_2000": 9.0, "difference_1990_2010": 248.0, "difference_1990_2020": 948.0 }, "geometry": { "type": "Polygon", "coordinates": [ [ [ -103.219021490626446, 25.533306932215755 ], [ -103.214449016918167, 25.533306932215755 ], [ -103.214449016918167, 25.529001422952906 ], [ -103.219021490626446, 25.529001422952906 ], [ -103.219021490626446, 25.533306932215755 ] ] ] } },
{ "type": "Feature", "properties": { "difference_1990_2000": 0.0, "difference_1990_2010": 74.0, "difference_1990_2020": 320.0 }, "geometry": { "type": "Polygon", "coordinates": [ [ [ -103.219021490626446, 25.537612594352115 ], [ -103.214449016918167, 25.537612594352098 ], [ -103.214449016918167, 25.533306932215755 ], [ -103.219021490626446, 25.533306932215755 ], [ -103.219021490626446, 25.537612594352115 ] ] ] } },
{ "type": "Feature", "properties": { "difference_1990_2000": -3.0, "difference_1990_2010": 66.0, "difference_1990_2020": 172.0 }, "geometry": { "type": "Polygon", "coordinates": [ [ [ -103.397347965249224, 25.606524012419019 ], [ -103.392775491540945, 25.606524012418983 ], [ -103.392775491540945, 25.602215898789574 ], [ -103.397347965249224, 25.602215898789581 ], [ -103.397347965249224, 25.606524012419019 ] ] ] } },
{ "type": "Feature", "properties": { "difference_1990_2000": -4.0, "difference_1990_2010": -4.0, "difference_1990_2020": -4.0 }, "geometry": { "type": "Polygon", "coordinates": [ [ [ -103.397347965249224, 25.490258712212455 ], [ -103.392775491540945, 25.490258712212455 ], [ -103.392775491540945, 25.485954729457927 ], [ -103.397347965249224, 25.485954729457973 ], [ -103.397347965249224, 25.490258712212455 ] ] ] } },
{ "type": "Feature", "properties": { "difference_1990_2000": -1.0, "difference_1990_2010": -7.0, "difference_1990_2020": -8.0 }, "geometry": { "type": "Polygon", "coordinates": [ [ [ -103.397347965249224, 25.589292478876903 ], [ -103.392775491540945, 25.589292478876875 ], [ -103.392775491540945, 25.584984979095623 ], [ -103.397347965249224, 25.584984979095623 ], [ -103.397347965249224, 25.589292478876903 ] ] ] } },
{ "type": "Feature", "properties": { "difference_1990_2000": -15.0, "difference_1990_2010": 19.0, "difference_1990_2020": 13.0 }, "geometry": { "type": "Polygon", "coordinates": [ [ [ -103.397347965249224, 25.554836772442435 ], [ -103.392775491540945, 25.554836772442435 ], [ -103.392775491540945, 25.550530498407017 ], [ -103.397347965249224, 25.550530498407017 ], [ -103.397347965249224, 25.554836772442435 ] ] ] } },
{ "type": "Feature", "properties": { "difference_1990_2000": 826.0, "difference_1990_2010": 906.0, "difference_1990_2020": 829.0 }, "geometry": { "type": "Polygon", "coordinates": [ [ [ -103.397347965249224, 25.516085812000011 ], [ -103.392775491540945, 25.516085812000011 ], [ -103.392775491540945, 25.511780913825994 ], [ -103.397347965249224, 25.511780913825994 ], [ -103.397347965249224, 25.516085812000011 ] ] ] } },
{ "type": "Feature", "properties": { "difference_1990_2000": 0.0, "difference_1990_2010": -5.0, "difference_1990_2020": -6.0 }, "geometry": { "type": "Polygon", "coordinates": [ [ [ -103.397347965249224, 25.580677632674703 ], [ -103.392775491540945, 25.580677632674668 ], [ -103.392775491540945, 25.576370439573555 ], [ -103.397347965249224, 25.576370439573555 ], [ -103.397347965249224, 25.580677632674703 ] ] ] } },
{ "type": "Feature", "properties": { "difference_1990_2000": 0.0, "difference_1990_2010": 104.0, "difference_1990_2020": 268.0 }, "geometry": { "type": "Polygon", "coordinates": [ [ [ -103.397347965249224, 25.628066884836095 ], [ -103.392775491540945, 25.628066884836056 ], [ -103.392775491540945, 25.62375800298096 ], [ -103.397347965249224, 25.623758002980942 ], [ -103.397347965249224, 25.628066884836095 ] ] ] } },
{ "type": "Feature", "properties": { "difference_1990_2000": 992.0, "difference_1990_2010": 1729.0, "difference_1990_2020": 1794.0 }, "geometry": { "type": "Polygon", "coordinates": [ [ [ -103.397347965249224, 25.503171575450629 ], [ -103.392775491540945, 25.503171575450629 ], [ -103.392775491540945, 25.49886713516835 ], [ -103.397347965249224, 25.49886713516835 ], [ -103.397347965249224, 25.503171575450629 ] ] ] } },
{ "type": "Feature", "properties": { "difference_1990_2000": 1064.0, "difference_1990_2010": 782.0, "difference_1990_2020": 521.0 }, "geometry": { "type": "Polygon", "coordinates": [ [ [ -103.397347965249224, 25.524696066522996 ], [ -103.392775491540945, 25.524696066522942 ], [ -103.392775491540945, 25.520390862885513 ], [ -103.397347965249224, 25.520390862885499 ], [ -103.397347965249224, 25.524696066522996 ] ] ] } },
{ "type": "Feature", "properties": { "difference_1990_2000": 1576.0, "difference_1990_2010": 1948.0, "difference_1990_2020": 1820.0 }, "geometry": { "type": "Polygon", "coordinates": [ [ [ -103.397347965249224, 25.507476168323048 ], [ -103.392775491540945, 25.507476168323041 ], [ -103.392775491540945, 25.503171575450629 ], [ -103.397347965249224, 25.503171575450629 ], [ -103.397347965249224, 25.507476168323048 ] ] ] } },
{ "type": "Feature", "properties": { "difference_1990_2000": 11.0, "difference_1990_2010": 66.0, "difference_1990_2020": 101.0 }, "geometry": { "type": "Polygon", "coordinates": [ [ [ -103.397347965249224, 25.576370439573555 ], [ -103.392775491540945, 25.576370439573555 ], [ -103.392775491540945, 25.572063399751489 ], [ -103.397347965249224, 25.572063399751546 ], [ -103.397347965249224, 25.576370439573555 ] ] ] } },
{ "type": "Feature", "properties": { "difference_1990_2000": -1.0, "difference_1990_2010": -7.0, "difference_1990_2020": -8.0 }, "geometry": { "type": "Polygon", "coordinates": [ [ [ -103.397347965249224, 25.593600132059237 ], [ -103.392775491540945, 25.59360013205918 ], [ -103.392775491540945, 25.589292478876875 ], [ -103.397347965249224, 25.589292478876903 ], [ -103.397347965249224, 25.593600132059237 ] ] ] } },
{ "type": "Feature", "properties": { "difference_1990_2000": 913.0, "difference_1990_2010": 1013.0, "difference_1990_2020": 976.0 }, "geometry": { "type": "Polygon", "coordinates": [ [ [ -103.397347965249224, 25.511780913825994 ], [ -103.392775491540945, 25.511780913825994 ], [ -103.392775491540945, 25.507476168323041 ], [ -103.397347965249224, 25.507476168323048 ], [ -103.397347965249224, 25.511780913825994 ] ] ] } },
{ "type": "Feature", "properties": { "difference_1990_2000": 146.0, "difference_1990_2010": 344.0, "difference_1990_2020": 399.0 }, "geometry": { "type": "Polygon", "coordinates": [ [ [ -103.397347965249224, 25.559143199554043 ], [ -103.392775491540945, 25.559143199554043 ], [ -103.392775491540945, 25.554836772442435 ], [ -103.397347965249224, 25.554836772442435 ], [ -103.397347965249224, 25.559143199554043 ] ] ] } },
{ "type": "Feature", "properties": { "difference_1990_2000": 877.0, "difference_1990_2010": 1114.0, "difference_1990_2020": 1166.0 }, "geometry": { "type": "Polygon", "coordinates": [ [ [ -103.397347965249224, 25.563449779782381 ], [ -103.392775491540945, 25.563449779782346 ], [ -103.392775491540945, 25.559143199554043 ], [ -103.397347965249224, 25.559143199554043 ], [ -103.397347965249224, 25.563449779782381 ] ] ] } },
{ "type": "Feature", "properties": { "difference_1990_2000": 0.0, "difference_1990_2010": 67.0, "difference_1990_2020": 156.0 }, "geometry": { "type": "Polygon", "coordinates": [ [ [ -103.397347965249224, 25.619449274852371 ], [ -103.392775491540945, 25.619449274852371 ], [ -103.392775491540945, 25.615140700409665 ], [ -103.397347965249224, 25.615140700409697 ], [ -103.397347965249224, 25.619449274852371 ] ] ] } },
{ "type": "Feature", "properties": { "difference_1990_2000": 165.0, "difference_1990_2010": 180.0, "difference_1990_2020": 196.0 }, "geometry": { "type": "Polygon", "coordinates": [ [ [ -103.397347965249224, 25.494562847435752 ], [ -103.392775491540945, 25.494562847435752 ], [ -103.392775491540945, 25.490258712212455 ], [ -103.397347965249224, 25.490258712212455 ], [ -103.397347965249224, 25.494562847435752 ] ] ] } },
{ "type": "Feature", "properties": { "difference_1990_2000": -4.0, "difference_1990_2010": 146.0, "difference_1990_2020": 203.0 }, "geometry": { "type": "Polygon", "coordinates": [ [ [ -103.397347965249224, 25.602215898789581 ], [ -103.392775491540945, 25.602215898789574 ], [ -103.392775491540945, 25.597907938683242 ], [ -103.397347965249224, 25.597907938683242 ], [ -103.397347965249224, 25.602215898789581 ] ] ] } },
{ "type": "Feature", "properties": { "difference_1990_2000": 2.0, "difference_1990_2010": 0.0, "difference_1990_2020": 8.0 }, "geometry": { "type": "Polygon", "coordinates": [ [ [ -103.397347965249224, 25.615140700409697 ], [ -103.392775491540945, 25.615140700409665 ], [ -103.392775491540945, 25.610832279612154 ], [ -103.397347965249224, 25.610832279612154 ], [ -103.397347965249224, 25.615140700409697 ] ] ] } },
{ "type": "Feature", "properties": { "difference_1990_2000": 426.0, "difference_1990_2010": 1041.0, "difference_1990_2020": 1086.0 }, "geometry": { "type": "Polygon", "coordinates": [ [ [ -103.397347965249224, 25.567756513167971 ], [ -103.392775491540945, 25.567756513167971 ], [ -103.392775491540945, 25.563449779782346 ], [ -103.397347965249224, 25.563449779782381 ], [ -103.397347965249224, 25.567756513167971 ] ] ] } },
{ "type": "Feature", "properties": { "difference_1990_2000": 741.0, "difference_1990_2010": 550.0, "difference_1990_2020": 15.0 }, "geometry": { "type": "Polygon", "coordinates": [ [ [ -103.397347965249224, 25.529001422952906 ], [ -103.392775491540945, 25.529001422952906 ], [ -103.392775491540945, 25.524696066522942 ], [ -103.397347965249224, 25.524696066522996 ], [ -103.397347965249224, 25.529001422952906 ] ] ] } },
{ "type": "Feature", "properties": { "difference_1990_2000": 372.0, "difference_1990_2010": 585.0, "difference_1990_2020": 359.0 }, "geometry": { "type": "Polygon", "coordinates": [ [ [ -103.397347965249224, 25.533306932215755 ], [ -103.392775491540945, 25.533306932215755 ], [ -103.392775491540945, 25.529001422952906 ], [ -103.397347965249224, 25.529001422952906 ], [ -103.397347965249224, 25.533306932215755 ] ] ] } },
{ "type": "Feature", "properties": { "difference_1990_2000": -4.0, "difference_1990_2010": -4.0, "difference_1990_2020": -4.0 }, "geometry": { "type": "Polygon", "coordinates": [ [ [ -103.397347965249224, 25.485954729457973 ], [ -103.392775491540945, 25.485954729457927 ], [ -103.392775491540945, 25.481650899131953 ], [ -103.397347965249224, 25.481650899131953 ], [ -103.397347965249224, 25.485954729457973 ] ] ] } },
{ "type": "Feature", "properties": { "difference_1990_2000": 0.0, "difference_1990_2010": 37.0, "difference_1990_2020": 104.0 }, "geometry": { "type": "Polygon", "coordinates": [ [ [ -103.397347965249224, 25.632375920458614 ], [ -103.392775491540945, 25.632375920458614 ], [ -103.392775491540945, 25.628066884836056 ], [ -103.397347965249224, 25.628066884836095 ], [ -103.397347965249224, 25.632375920458614 ] ] ] } },
{ "type": "Feature", "properties": { "difference_1990_2000": -4.0, "difference_1990_2010": 84.0, "difference_1990_2020": 153.0 }, "geometry": { "type": "Polygon", "coordinates": [ [ [ -103.397347965249224, 25.597907938683242 ], [ -103.392775491540945, 25.597907938683242 ], [ -103.392775491540945, 25.59360013205918 ], [ -103.397347965249224, 25.593600132059237 ], [ -103.397347965249224, 25.597907938683242 ] ] ] } },
{ "type": "Feature", "properties": { "difference_1990_2000": 1551.0, "difference_1990_2010": 1609.0, "difference_1990_2020": 1546.0 }, "geometry": { "type": "Polygon", "coordinates": [ [ [ -103.397347965249224, 25.541918409402399 ], [ -103.392775491540945, 25.54191840940236 ], [ -103.392775491540945, 25.537612594352051 ], [ -103.397347965249224, 25.537612594352098 ], [ -103.397347965249224, 25.541918409402399 ] ] ] } },
{ "type": "Feature", "properties": { "difference_1990_2000": -200.0, "difference_1990_2010": -327.0, "difference_1990_2020": -489.0 }, "geometry": { "type": "Polygon", "coordinates": [ [ [ -103.397347965249224, 25.550530498407017 ], [ -103.392775491540945, 25.550530498407017 ], [ -103.392775491540945, 25.54622437740721 ], [ -103.397347965249224, 25.54622437740721 ], [ -103.397347965249224, 25.550530498407017 ] ] ] } },
{ "type": "Feature", "properties": { "difference_1990_2000": 0.0, "difference_1990_2010": 104.0, "difference_1990_2020": 268.0 }, "geometry": { "type": "Polygon", "coordinates": [ [ [ -103.397347965249224, 25.623758002980942 ], [ -103.392775491540945, 25.62375800298096 ], [ -103.392775491540945, 25.619449274852371 ], [ -103.397347965249224, 25.619449274852371 ], [ -103.397347965249224, 25.623758002980942 ] ] ] } },
{ "type": "Feature", "properties": { "difference_1990_2000": 2.0, "difference_1990_2010": 577.0, "difference_1990_2020": 619.0 }, "geometry": { "type": "Polygon", "coordinates": [ [ [ -103.397347965249224, 25.572063399751546 ], [ -103.392775491540945, 25.572063399751489 ], [ -103.392775491540945, 25.567756513167971 ], [ -103.397347965249224, 25.567756513167971 ], [ -103.397347965249224, 25.572063399751546 ] ] ] } },
{ "type": "Feature", "properties": { "difference_1990_2000": 1198.0, "difference_1990_2010": 1510.0, "difference_1990_2020": 1713.0 }, "geometry": { "type": "Polygon", "coordinates": [ [ [ -103.397347965249224, 25.49886713516835 ], [ -103.392775491540945, 25.49886713516835 ], [ -103.392775491540945, 25.494562847435752 ], [ -103.397347965249224, 25.494562847435752 ], [ -103.397347965249224, 25.49886713516835 ] ] ] } },
{ "type": "Feature", "properties": { "difference_1990_2000": 1971.0, "difference_1990_2010": 1608.0, "difference_1990_2020": 1410.0 }, "geometry": { "type": "Polygon", "coordinates": [ [ [ -103.397347965249224, 25.54622437740721 ], [ -103.392775491540945, 25.54622437740721 ], [ -103.392775491540945, 25.54191840940236 ], [ -103.397347965249224, 25.541918409402399 ], [ -103.397347965249224, 25.54622437740721 ] ] ] } },
{ "type": "Feature", "properties": { "difference_1990_2000": -1.0, "difference_1990_2010": -7.0, "difference_1990_2020": -8.0 }, "geometry": { "type": "Polygon", "coordinates": [ [ [ -103.397347965249224, 25.584984979095623 ], [ -103.392775491540945, 25.584984979095623 ], [ -103.392775491540945, 25.580677632674668 ], [ -103.397347965249224, 25.580677632674703 ], [ -103.397347965249224, 25.584984979095623 ] ] ] } },
{ "type": "Feature", "properties": { "difference_1990_2000": 264.0, "difference_1990_2010": 305.0, "difference_1990_2020": 216.0 }, "geometry": { "type": "Polygon", "coordinates": [ [ [ -103.397347965249224, 25.537612594352098 ], [ -103.392775491540945, 25.537612594352051 ], [ -103.392775491540945, 25.533306932215755 ], [ -103.397347965249224, 25.533306932215755 ], [ -103.397347965249224, 25.537612594352098 ] ] ] } },
{ "type": "Feature", "properties": { "difference_1990_2000": 0.0, "difference_1990_2010": 0.0, "difference_1990_2020": 1.0 }, "geometry": { "type": "Polygon", "coordinates": [ [ [ -103.397347965249224, 25.636685109889147 ], [ -103.392775491540945, 25.636685109889147 ], [ -103.392775491540945, 25.632375920458614 ], [ -103.397347965249224, 25.632375920458614 ], [ -103.397347965249224, 25.636685109889147 ] ] ] } },
{ "type": "Feature", "properties": { "difference_1990_2000": 727.0, "difference_1990_2010": 729.0, "difference_1990_2020": 613.0 }, "geometry": { "type": "Polygon", "coordinates": [ [ [ -103.397347965249224, 25.520390862885499 ], [ -103.392775491540945, 25.520390862885513 ], [ -103.392775491540945, 25.516085812000011 ], [ -103.397347965249224, 25.516085812000011 ], [ -103.397347965249224, 25.520390862885499 ] ] ] } },
{ "type": "Feature", "properties": { "difference_1990_2000": 0.0, "difference_1990_2010": -17.0, "difference_1990_2020": -3.0 }, "geometry": { "type": "Polygon", "coordinates": [ [ [ -103.575674439871975, 25.494562847435752 ], [ -103.571101966163695, 25.494562847435752 ], [ -103.571101966163695, 25.490258712212427 ], [ -103.575674439871975, 25.490258712212455 ], [ -103.575674439871975, 25.494562847435752 ] ] ] } },
{ "type": "Feature", "properties": { "difference_1990_2000": -34.0, "difference_1990_2010": -3.0, "difference_1990_2020": 3.0 }, "geometry": { "type": "Polygon", "coordinates": [ [ [ -103.575674439871975, 25.49886713516835 ], [ -103.571101966163695, 25.49886713516835 ], [ -103.571101966163695, 25.494562847435752 ], [ -103.575674439871975, 25.494562847435752 ], [ -103.575674439871975, 25.49886713516835 ] ] ] } },
{ "type": "Feature", "properties": { "difference_1990_2000": 0.0, "difference_1990_2010": 0.0, "difference_1990_2020": 1.0 }, "geometry": { "type": "Polygon", "coordinates": [ [ [ -103.209876543209873, 25.529001422952941 ], [ -103.205304069501594, 25.529001422952906 ], [ -103.205304069501594, 25.524696066522957 ], [ -103.209876543209873, 25.524696066523017 ], [ -103.209876543209873, 25.529001422952941 ] ] ] } },
{ "type": "Feature", "properties": { "difference_1990_2000": 0.0, "difference_1990_2010": 0.0, "difference_1990_2020": 23.0 }, "geometry": { "type": "Polygon", "coordinates": [ [ [ -103.209876543209873, 25.53330693221579 ], [ -103.205304069501594, 25.533306932215755 ], [ -103.205304069501594, 25.529001422952906 ], [ -103.209876543209873, 25.529001422952941 ], [ -103.209876543209873, 25.53330693221579 ] ] ] } },
{ "type": "Feature", "properties": { "difference_1990_2000": 49.0, "difference_1990_2010": 1373.0, "difference_1990_2020": 1269.0 }, "geometry": { "type": "Polygon", "coordinates": [ [ [ -103.388203017832666, 25.520390862885513 ], [ -103.383630544124387, 25.520390862885513 ], [ -103.383630544124387, 25.516085812000036 ], [ -103.388203017832666, 25.516085812000011 ], [ -103.388203017832666, 25.520390862885513 ] ] ] } },
{ "type": "Feature", "properties": { "difference_1990_2000": 39.0, "difference_1990_2010": 61.0, "difference_1990_2020": 57.0 }, "geometry": { "type": "Polygon", "coordinates": [ [ [ -103.388203017832666, 25.606524012419019 ], [ -103.383630544124387, 25.606524012419019 ], [ -103.383630544124387, 25.602215898789581 ], [ -103.388203017832666, 25.602215898789581 ], [ -103.388203017832666, 25.606524012419019 ] ] ] } },
{ "type": "Feature", "properties": { "difference_1990_2000": 12.0, "difference_1990_2010": 40.0, "difference_1990_2020": 40.0 }, "geometry": { "type": "Polygon", "coordinates": [ [ [ -103.388203017832666, 25.490258712212455 ], [ -103.383630544124387, 25.490258712212455 ], [ -103.383630544124387, 25.485954729457973 ], [ -103.388203017832666, 25.485954729457973 ], [ -103.388203017832666, 25.490258712212455 ] ] ] } },
{ "type": "Feature", "properties": { "difference_1990_2000": -1.0, "difference_1990_2010": 11.0, "difference_1990_2020": 107.0 }, "geometry": { "type": "Polygon", "coordinates": [ [ [ -103.388203017832666, 25.589292478876903 ], [ -103.383630544124387, 25.589292478876903 ], [ -103.383630544124387, 25.584984979095623 ], [ -103.388203017832666, 25.584984979095623 ], [ -103.388203017832666, 25.589292478876903 ] ] ] } },
{ "type": "Feature", "properties": { "difference_1990_2000": 42.0, "difference_1990_2010": 757.0, "difference_1990_2020": 921.0 }, "geometry": { "type": "Polygon", "coordinates": [ [ [ -103.388203017832666, 25.554836772442435 ], [ -103.383630544124387, 25.554836772442435 ], [ -103.383630544124387, 25.550530498407017 ], [ -103.388203017832666, 25.550530498407017 ], [ -103.388203017832666, 25.554836772442435 ] ] ] } },
{ "type": "Feature", "properties": { "difference_1990_2000": 742.0, "difference_1990_2010": 2135.0, "difference_1990_2020": 1980.0 }, "geometry": { "type": "Polygon", "coordinates": [ [ [ -103.388203017832666, 25.516085812000011 ], [ -103.383630544124387, 25.516085812000036 ], [ -103.383630544124387, 25.511780913825994 ], [ -103.388203017832666, 25.511780913825994 ], [ -103.388203017832666, 25.516085812000011 ] ] ] } },
{ "type": "Feature", "properties": { "difference_1990_2000": 0.0, "difference_1990_2010": 63.0, "difference_1990_2020": 355.0 }, "geometry": { "type": "Polygon", "coordinates": [ [ [ -103.388203017832666, 25.580677632674703 ], [ -103.383630544124387, 25.580677632674703 ], [ -103.383630544124387, 25.576370439573555 ], [ -103.388203017832666, 25.576370439573534 ], [ -103.388203017832666, 25.580677632674703 ] ] ] } },
{ "type": "Feature", "properties": { "difference_1990_2000": 622.0, "difference_1990_2010": 734.0, "difference_1990_2020": 618.0 }, "geometry": { "type": "Polygon", "coordinates": [ [ [ -103.388203017832666, 25.524696066522942 ], [ -103.383630544124387, 25.524696066522996 ], [ -103.383630544124387, 25.520390862885513 ], [ -103.388203017832666, 25.520390862885513 ], [ -103.388203017832666, 25.524696066522942 ] ] ] } },
{ "type": "Feature", "properties": { "difference_1990_2000": 0.0, "difference_1990_2010": 0.0, "difference_1990_2020": 56.0 }, "geometry": { "type": "Polygon", "coordinates": [ [ [ -103.388203017832666, 25.628066884836095 ], [ -103.383630544124387, 25.628066884836095 ], [ -103.383630544124387, 25.62375800298096 ], [ -103.388203017832666, 25.62375800298096 ], [ -103.388203017832666, 25.628066884836095 ] ] ] } },
{ "type": "Feature", "properties": { "difference_1990_2000": 1938.0, "difference_1990_2010": 2720.0, "difference_1990_2020": 2864.0 }, "geometry": { "type": "Polygon", "coordinates": [ [ [ -103.388203017832666, 25.503171575450629 ], [ -103.383630544124387, 25.503171575450629 ], [ -103.383630544124387, 25.49886713516835 ], [ -103.388203017832666, 25.49886713516835 ], [ -103.388203017832666, 25.503171575450629 ] ] ] } },
{ "type": "Feature", "properties": { "difference_1990_2000": 428.0, "difference_1990_2010": 536.0, "difference_1990_2020": 591.0 }, "geometry": { "type": "Polygon", "coordinates": [ [ [ -103.388203017832666, 25.692718587586878 ], [ -103.383630544124387, 25.692718587586878 ], [ -103.383630544124387, 25.688407394937425 ], [ -103.388203017832666, 25.688407394937425 ], [ -103.388203017832666, 25.692718587586878 ] ] ] } },
{ "type": "Feature", "properties": { "difference_1990_2000": -2.0, "difference_1990_2010": -2.0, "difference_1990_2020": -2.0 }, "geometry": { "type": "Polygon", "coordinates": [ [ [ -103.388203017832666, 25.481650899131953 ], [ -103.383630544124387, 25.481650899131953 ], [ -103.383630544124387, 25.477347221194076 ], [ -103.388203017832666, 25.477347221194059 ], [ -103.388203017832666, 25.481650899131953 ] ] ] } },
{ "type": "Feature", "properties": { "difference_1990_2000": 2480.0, "difference_1990_2010": 3062.0, "difference_1990_2020": 3142.0 }, "geometry": { "type": "Polygon", "coordinates": [ [ [ -103.388203017832666, 25.507476168323006 ], [ -103.383630544124387, 25.507476168323006 ], [ -103.383630544124387, 25.503171575450629 ], [ -103.388203017832666, 25.503171575450629 ], [ -103.388203017832666, 25.507476168323006 ] ] ] } },
{ "type": "Feature", "properties": { "difference_1990_2000": 564.0, "difference_1990_2010": 688.0, "difference_1990_2020": 753.0 }, "geometry": { "type": "Polygon", "coordinates": [ [ [ -103.388203017832666, 25.697029934616165 ], [ -103.383630544124387, 25.697029934616165 ], [ -103.383630544124387, 25.692718587586878 ], [ -103.388203017832666, 25.692718587586878 ], [ -103.388203017832666, 25.697029934616165 ] ] ] } },
{ "type": "Feature", "properties": { "difference_1990_2000": 0.0, "difference_1990_2010": 22.0, "difference_1990_2020": 89.0 }, "geometry": { "type": "Polygon", "coordinates": [ [ [ -103.388203017832666, 25.593600132059201 ], [ -103.383630544124387, 25.593600132059237 ], [ -103.383630544124387, 25.589292478876903 ], [ -103.388203017832666, 25.589292478876903 ], [ -103.388203017832666, 25.593600132059201 ] ] ] } },
{ "type": "Feature", "properties": { "difference_1990_2000": 0.0, "difference_1990_2010": 49.0, "difference_1990_2020": 75.0 }, "geometry": { "type": "Polygon", "coordinates": [ [ [ -103.388203017832666, 25.576370439573534 ], [ -103.383630544124387, 25.576370439573555 ], [ -103.383630544124387, 25.572063399751489 ], [ -103.388203017832666, 25.572063399751524 ], [ -103.388203017832666, 25.576370439573534 ] ] ] } },
{ "type": "Feature", "properties": { "difference_1990_2000": 0.0, "difference_1990_2010": 26.0, "difference_1990_2020": 40.0 }, "geometry": { "type": "Polygon", "coordinates": [ [ [ -103.388203017832666, 25.610832279612154 ], [ -103.383630544124387, 25.610832279612154 ], [ -103.383630544124387, 25.606524012419019 ], [ -103.388203017832666, 25.606524012419019 ], [ -103.388203017832666, 25.610832279612154 ] ] ] } },
{ "type": "Feature", "properties": { "difference_1990_2000": 1827.0, "difference_1990_2010": 2458.0, "difference_1990_2020": 2583.0 }, "geometry": { "type": "Polygon", "coordinates": [ [ [ -103.388203017832666, 25.511780913825994 ], [ -103.383630544124387, 25.511780913825994 ], [ -103.383630544124387, 25.507476168323006 ], [ -103.388203017832666, 25.507476168323006 ], [ -103.388203017832666, 25.511780913825994 ] ] ] } },
{ "type": "Feature", "properties": { "difference_1990_2000": 0.0, "difference_1990_2010": 301.0, "difference_1990_2020": 836.0 }, "geometry": { "type": "Polygon", "coordinates": [ [ [ -103.388203017832666, 25.563449779782346 ], [ -103.383630544124387, 25.563449779782346 ], [ -103.383630544124387, 25.559143199554043 ], [ -103.388203017832666, 25.559143199554043 ], [ -103.388203017832666, 25.563449779782346 ] ] ] } },
{ "type": "Feature", "properties": { "difference_1990_2000": 46.0, "difference_1990_2010": 690.0, "difference_1990_2020": 945.0 }, "geometry": { "type": "Polygon", "coordinates": [ [ [ -103.388203017832666, 25.559143199554043 ], [ -103.383630544124387, 25.559143199554043 ], [ -103.383630544124387, 25.554836772442435 ], [ -103.388203017832666, 25.554836772442435 ], [ -103.388203017832666, 25.559143199554043 ] ] ] } },
{ "type": "Feature", "properties": { "difference_1990_2000": 0.0, "difference_1990_2010": 139.0, "difference_1990_2020": 275.0 }, "geometry": { "type": "Polygon", "coordinates": [ [ [ -103.388203017832666, 25.619449274852371 ], [ -103.383630544124387, 25.619449274852411 ], [ -103.383630544124387, 25.615140700409697 ], [ -103.388203017832666, 25.615140700409697 ], [ -103.388203017832666, 25.619449274852371 ] ] ] } },
{ "type": "Feature", "properties": { "difference_1990_2000": 24.0, "difference_1990_2010": 1440.0, "difference_1990_2020": 1708.0 }, "geometry": { "type": "Polygon", "coordinates": [ [ [ -103.388203017832666, 25.494562847435752 ], [ -103.383630544124387, 25.494562847435766 ], [ -103.383630544124387, 25.490258712212455 ], [ -103.388203017832666, 25.490258712212455 ], [ -103.388203017832666, 25.494562847435752 ] ] ] } },
{ "type": "Feature", "properties": { "difference_1990_2000": 36.0, "difference_1990_2010": 46.0, "difference_1990_2020": 51.0 }, "geometry": { "type": "Polygon", "coordinates": [ [ [ -103.388203017832666, 25.688407394937425 ], [ -103.383630544124387, 25.688407394937425 ], [ -103.383630544124387, 25.684096356626821 ], [ -103.388203017832666, 25.684096356626821 ], [ -103.388203017832666, 25.688407394937425 ] ] ] } },
{ "type": "Feature", "properties": { "difference_1990_2000": 277.0, "difference_1990_2010": 442.0, "difference_1990_2020": 405.0 }, "geometry": { "type": "Polygon", "coordinates": [ [ [ -103.388203017832666, 25.602215898789581 ], [ -103.383630544124387, 25.602215898789581 ], [ -103.383630544124387, 25.597907938683242 ], [ -103.388203017832666, 25.597907938683242 ], [ -103.388203017832666, 25.602215898789581 ] ] ] } },
{ "type": "Feature", "properties": { "difference_1990_2000": 0.0, "difference_1990_2010": 531.0, "difference_1990_2020": 902.0 }, "geometry": { "type": "Polygon", "coordinates": [ [ [ -103.388203017832666, 25.615140700409697 ], [ -103.383630544124387, 25.615140700409697 ], [ -103.383630544124387, 25.610832279612154 ], [ -103.388203017832666, 25.610832279612154 ], [ -103.388203017832666, 25.615140700409697 ] ] ] } },
{ "type": "Feature", "properties": { "difference_1990_2000": -17.0, "difference_1990_2010": 308.0, "difference_1990_2020": 795.0 }, "geometry": { "type": "Polygon", "coordinates": [ [ [ -103.388203017832666, 25.567756513167971 ], [ -103.383630544124387, 25.567756513167971 ], [ -103.383630544124387, 25.563449779782346 ], [ -103.388203017832666, 25.563449779782346 ], [ -103.388203017832666, 25.567756513167971 ] ] ] } },
{ "type": "Feature", "properties": { "difference_1990_2000": 0.0, "difference_1990_2010": 75.0, "difference_1990_2020": 194.0 }, "geometry": { "type": "Polygon", "coordinates": [ [ [ -103.388203017832666, 25.632375920458575 ], [ -103.383630544124387, 25.632375920458614 ], [ -103.383630544124387, 25.628066884836095 ], [ -103.388203017832666, 25.628066884836095 ], [ -103.388203017832666, 25.632375920458575 ] ] ] } },
{ "type": "Feature", "properties": { "difference_1990_2000": 384.0, "difference_1990_2010": 376.0, "difference_1990_2020": 250.0 }, "geometry": { "type": "Polygon", "coordinates": [ [ [ -103.388203017832666, 25.529001422952906 ], [ -103.383630544124387, 25.529001422952906 ], [ -103.383630544124387, 25.524696066522996 ], [ -103.388203017832666, 25.524696066522942 ], [ -103.388203017832666, 25.529001422952906 ] ] ] } },
{ "type": "Feature", "properties": { "difference_1990_2000": 351.0, "difference_1990_2010": 455.0, "difference_1990_2020": 167.0 }, "geometry": { "type": "Polygon", "coordinates": [ [ [ -103.388203017832666, 25.533306932215755 ], [ -103.383630544124387, 25.533306932215755 ], [ -103.383630544124387, 25.529001422952906 ], [ -103.388203017832666, 25.529001422952906 ], [ -103.388203017832666, 25.533306932215755 ] ] ] } },
{ "type": "Feature", "properties": { "difference_1990_2000": 5.0, "difference_1990_2010": 28.0, "difference_1990_2020": 136.0 }, "geometry": { "type": "Polygon", "coordinates": [ [ [ -103.388203017832666, 25.597907938683242 ], [ -103.383630544124387, 25.597907938683242 ], [ -103.383630544124387, 25.593600132059237 ], [ -103.388203017832666, 25.593600132059201 ], [ -103.388203017832666, 25.597907938683242 ] ] ] } },
{ "type": "Feature", "properties": { "difference_1990_2000": 1912.0, "difference_1990_2010": 1816.0, "difference_1990_2020": 1630.0 }, "geometry": { "type": "Polygon", "coordinates": [ [ [ -103.388203017832666, 25.541918409402399 ], [ -103.383630544124387, 25.541918409402399 ], [ -103.383630544124387, 25.537612594352115 ], [ -103.388203017832666, 25.537612594352062 ], [ -103.388203017832666, 25.541918409402399 ] ] ] } },
{ "type": "Feature", "properties": { "difference_1990_2000": 0.0, "difference_1990_2010": 0.0, "difference_1990_2020": 216.0 }, "geometry": { "type": "Polygon", "coordinates": [ [ [ -103.388203017832666, 25.640994453168624 ], [ -103.383630544124387, 25.640994453168641 ], [ -103.383630544124387, 25.6366851098892 ], [ -103.388203017832666, 25.636685109889179 ], [ -103.388203017832666, 25.640994453168624 ] ] ] } },
{ "type": "Feature", "properties": { "difference_1990_2000": 46.0, "difference_1990_2010": 270.0, "difference_1990_2020": 61.0 }, "geometry": { "type": "Polygon", "coordinates": [ [ [ -103.388203017832666, 25.701341436066127 ], [ -103.383630544124387, 25.701341436066166 ], [ -103.383630544124387, 25.697029934616165 ], [ -103.388203017832666, 25.697029934616165 ], [ -103.388203017832666, 25.701341436066127 ] ] ] } },
{ "type": "Feature", "properties": { "difference_1990_2000": 78.0, "difference_1990_2010": 818.0, "difference_1990_2020": 1005.0 }, "geometry": { "type": "Polygon", "coordinates": [ [ [ -103.388203017832666, 25.550530498407017 ], [ -103.383630544124387, 25.550530498407017 ], [ -103.383630544124387, 25.546224377407228 ], [ -103.388203017832666, 25.54622437740721 ], [ -103.388203017832666, 25.550530498407017 ] ] ] } },
{ "type": "Feature", "properties": { "difference_1990_2000": -5.0, "difference_1990_2010": 329.0, "difference_1990_2020": 559.0 }, "geometry": { "type": "Polygon", "coordinates": [ [ [ -103.388203017832666, 25.572063399751524 ], [ -103.383630544124387, 25.572063399751489 ], [ -103.383630544124387, 25.567756513167971 ], [ -103.388203017832666, 25.567756513167971 ], [ -103.388203017832666, 25.572063399751524 ] ] ] } },
{ "type": "Feature", "properties": { "difference_1990_2000": 0.0, "difference_1990_2010": 0.0, "difference_1990_2020": 56.0 }, "geometry": { "type": "Polygon", "coordinates": [ [ [ -103.388203017832666, 25.62375800298096 ], [ -103.383630544124387, 25.62375800298096 ], [ -103.383630544124387, 25.619449274852411 ], [ -103.388203017832666, 25.619449274852371 ], [ -103.388203017832666, 25.62375800298096 ] ] ] } },
{ "type": "Feature", "properties": { "difference_1990_2000": 0.0, "difference_1990_2010": 1052.0, "difference_1990_2020": 1241.0 }, "geometry": { "type": "Polygon", "coordinates": [ [ [ -103.388203017832666, 25.49886713516835 ], [ -103.383630544124387, 25.49886713516835 ], [ -103.383630544124387, 25.494562847435766 ], [ -103.388203017832666, 25.494562847435752 ], [ -103.388203017832666, 25.49886713516835 ] ] ] } },
{ "type": "Feature", "properties": { "difference_1990_2000": 179.0, "difference_1990_2010": 113.0, "difference_1990_2020": -32.0 }, "geometry": { "type": "Polygon", "coordinates": [ [ [ -103.388203017832666, 25.537612594352062 ], [ -103.383630544124387, 25.537612594352115 ], [ -103.383630544124387, 25.533306932215755 ], [ -103.388203017832666, 25.533306932215755 ], [ -103.388203017832666, 25.537612594352062 ] ] ] } },
{ "type": "Feature", "properties": { "difference_1990_2000": 2061.0, "difference_1990_2010": 2097.0, "difference_1990_2020": 2051.0 }, "geometry": { "type": "Polygon", "coordinates": [ [ [ -103.388203017832666, 25.54622437740721 ], [ -103.383630544124387, 25.546224377407228 ], [ -103.383630544124387, 25.541918409402399 ], [ -103.388203017832666, 25.541918409402399 ], [ -103.388203017832666, 25.54622437740721 ] ] ] } },
{ "type": "Feature", "properties": { "difference_1990_2000": 0.0, "difference_1990_2010": 73.0, "difference_1990_2020": 507.0 }, "geometry": { "type": "Polygon", "coordinates": [ [ [ -103.388203017832666, 25.584984979095623 ], [ -103.383630544124387, 25.584984979095623 ], [ -103.383630544124387, 25.580677632674703 ], [ -103.388203017832666, 25.580677632674703 ], [ -103.388203017832666, 25.584984979095623 ] ] ] } },
{ "type": "Feature", "properties": { "difference_1990_2000": 0.0, "difference_1990_2010": 148.0, "difference_1990_2020": 265.0 }, "geometry": { "type": "Polygon", "coordinates": [ [ [ -103.388203017832666, 25.636685109889179 ], [ -103.383630544124387, 25.6366851098892 ], [ -103.383630544124387, 25.632375920458614 ], [ -103.388203017832666, 25.632375920458575 ], [ -103.388203017832666, 25.636685109889179 ] ] ] } },
{ "type": "Feature", "properties": { "difference_1990_2000": 0.0, "difference_1990_2010": -2.0, "difference_1990_2020": -1.0 }, "geometry": { "type": "Polygon", "coordinates": [ [ [ -103.566529492455416, 25.494562847435752 ], [ -103.561957018747137, 25.494562847435752 ], [ -103.561957018747137, 25.490258712212455 ], [ -103.566529492455416, 25.490258712212455 ], [ -103.566529492455416, 25.494562847435752 ] ] ] } },
{ "type": "Feature", "properties": { "difference_1990_2000": 0.0, "difference_1990_2010": -1.0, "difference_1990_2020": 0.0 }, "geometry": { "type": "Polygon", "coordinates": [ [ [ -103.566529492455416, 25.49886713516835 ], [ -103.561957018747137, 25.49886713516835 ], [ -103.561957018747137, 25.494562847435752 ], [ -103.566529492455416, 25.494562847435752 ], [ -103.566529492455416, 25.49886713516835 ] ] ] } },
{ "type": "Feature", "properties": { "difference_1990_2000": 0.0, "difference_1990_2010": 1017.0, "difference_1990_2020": 955.0 }, "geometry": { "type": "Polygon", "coordinates": [ [ [ -103.379058070416136, 25.520390862885513 ], [ -103.374485596707814, 25.520390862885513 ], [ -103.374485596707814, 25.516085812000036 ], [ -103.379058070416136, 25.516085812000036 ], [ -103.379058070416136, 25.520390862885513 ] ] ] } },
{ "type": "Feature", "properties": { "difference_1990_2000": 0.0, "difference_1990_2010": -30.0, "difference_1990_2020": -46.0 }, "geometry": { "type": "Polygon", "coordinates": [ [ [ -103.379058070416136, 25.6366851098892 ], [ -103.374485596707814, 25.6366851098892 ], [ -103.374485596707814, 25.632375920458614 ], [ -103.379058070416136, 25.632375920458614 ], [ -103.379058070416136, 25.6366851098892 ] ] ] } },
{ "type": "Feature", "properties": { "difference_1990_2000": -4.0, "difference_1990_2010": 174.0, "difference_1990_2020": 708.0 }, "geometry": { "type": "Polygon", "coordinates": [ [ [ -103.379058070416136, 25.606524012419019 ], [ -103.374485596707814, 25.60652401241903 ], [ -103.374485596707814, 25.602215898789581 ], [ -103.379058070416136, 25.602215898789581 ], [ -103.379058070416136, 25.606524012419019 ] ] ] } },
{ "type": "Feature", "properties": { "difference_1990_2000": 36.0, "difference_1990_2010": 626.0, "difference_1990_2020": 648.0 }, "geometry": { "type": "Polygon", "coordinates": [ [ [ -103.379058070416136, 25.490258712212455 ], [ -103.374485596707814, 25.490258712212476 ], [ -103.374485596707814, 25.485954729457973 ], [ -103.379058070416136, 25.485954729457973 ], [ -103.379058070416136, 25.490258712212455 ] ] ] } },
{ "type": "Feature", "properties": { "difference_1990_2000": 20.0, "difference_1990_2010": 290.0, "difference_1990_2020": 271.0 }, "geometry": { "type": "Polygon", "coordinates": [ [ [ -103.379058070416136, 25.589292478876903 ], [ -103.374485596707814, 25.589292478876903 ], [ -103.374485596707814, 25.584984979095623 ], [ -103.379058070416136, 25.584984979095623 ], [ -103.379058070416136, 25.589292478876903 ] ] ] } },
{ "type": "Feature", "properties": { "difference_1990_2000": -59.0, "difference_1990_2010": -398.0, "difference_1990_2020": -372.0 }, "geometry": { "type": "Polygon", "coordinates": [ [ [ -103.379058070416136, 25.554836772442435 ], [ -103.374485596707814, 25.554836772442435 ], [ -103.374485596707814, 25.550530498407017 ], [ -103.379058070416136, 25.550530498407017 ], [ -103.379058070416136, 25.554836772442435 ] ] ] } },
{ "type": "Feature", "properties": { "difference_1990_2000": 0.0, "difference_1990_2010": -21.0, "difference_1990_2020": -28.0 }, "geometry": { "type": "Polygon", "coordinates": [ [ [ -103.379058070416136, 25.645303950337773 ], [ -103.374485596707814, 25.645303950337773 ], [ -103.374485596707814, 25.640994453168641 ], [ -103.379058070416136, 25.640994453168641 ], [ -103.379058070416136, 25.645303950337773 ] ] ] } },
{ "type": "Feature", "properties": { "difference_1990_2000": 0.0, "difference_1990_2010": 639.0, "difference_1990_2020": 639.0 }, "geometry": { "type": "Polygon", "coordinates": [ [ [ -103.379058070416136, 25.516085812000036 ], [ -103.374485596707814, 25.516085812000036 ], [ -103.374485596707814, 25.511780913825994 ], [ -103.379058070416136, 25.511780913825994 ], [ -103.379058070416136, 25.516085812000036 ] ] ] } },
{ "type": "Feature", "properties": { "difference_1990_2000": 0.0, "difference_1990_2010": 683.0, "difference_1990_2020": 1127.0 }, "geometry": { "type": "Polygon", "coordinates": [ [ [ -103.379058070416136, 25.580677632674703 ], [ -103.374485596707814, 25.580677632674703 ], [ -103.374485596707814, 25.576370439573584 ], [ -103.379058070416136, 25.576370439573555 ], [ -103.379058070416136, 25.580677632674703 ] ] ] } },
{ "type": "Feature", "properties": { "difference_1990_2000": 17.0, "difference_1990_2010": 450.0, "difference_1990_2020": 579.0 }, "geometry": { "type": "Polygon", "coordinates": [ [ [ -103.379058070416136, 25.503171575450608 ], [ -103.374485596707814, 25.503171575450629 ], [ -103.374485596707814, 25.49886713516835 ], [ -103.379058070416136, 25.49886713516835 ], [ -103.379058070416136, 25.503171575450608 ] ] ] } },
{ "type": "Feature", "properties": { "difference_1990_2000": 8.0, "difference_1990_2010": 366.0, "difference_1990_2020": 345.0 }, "geometry": { "type": "Polygon", "coordinates": [ [ [ -103.379058070416136, 25.524696066522957 ], [ -103.374485596707814, 25.524696066522957 ], [ -103.374485596707814, 25.520390862885513 ], [ -103.379058070416136, 25.520390862885513 ], [ -103.379058070416136, 25.524696066522957 ] ] ] } },
{ "type": "Feature", "properties": { "difference_1990_2000": 0.0, "difference_1990_2010": 96.0, "difference_1990_2020": 712.0 }, "geometry": { "type": "Polygon", "coordinates": [ [ [ -103.379058070416136, 25.628066884836095 ], [ -103.374485596707814, 25.628066884836095 ], [ -103.374485596707814, 25.62375800298096 ], [ -103.379058070416136, 25.623758002980978 ], [ -103.379058070416136, 25.628066884836095 ] ] ] } },
{ "type": "Feature", "properties": { "difference_1990_2000": 0.0, "difference_1990_2010": 221.0, "difference_1990_2020": 0.0 }, "geometry": { "type": "Polygon", "coordinates": [ [ [ -103.379058070416136, 25.692718587586878 ], [ -103.374485596707814, 25.692718587586917 ], [ -103.374485596707814, 25.688407394937382 ], [ -103.379058070416136, 25.688407394937425 ], [ -103.379058070416136, 25.692718587586878 ] ] ] } },
{ "type": "Feature", "properties": { "difference_1990_2000": 39.0, "difference_1990_2010": 547.0, "difference_1990_2020": 687.0 }, "geometry": { "type": "Polygon", "coordinates": [ [ [ -103.379058070416136, 25.507476168323041 ], [ -103.374485596707814, 25.507476168323041 ], [ -103.374485596707814, 25.503171575450665 ], [ -103.379058070416136, 25.503171575450629 ], [ -103.379058070416136, 25.507476168323041 ] ] ] } },
{ "type": "Feature", "properties": { "difference_1990_2000": 0.0, "difference_1990_2010": 44.0, "difference_1990_2020": 0.0 }, "geometry": { "type": "Polygon", "coordinates": [ [ [ -103.379058070416136, 25.697029934616165 ], [ -103.374485596707814, 25.697029934616165 ], [ -103.374485596707814, 25.692718587586917 ], [ -103.379058070416136, 25.692718587586878 ], [ -103.379058070416136, 25.697029934616165 ] ] ] } },
{ "type": "Feature", "properties": { "difference_1990_2000": 0.0, "difference_1990_2010": 78.0, "difference_1990_2020": 168.0 }, "geometry": { "type": "Polygon", "coordinates": [ [ [ -103.379058070416136, 25.593600132059201 ], [ -103.374485596707814, 25.593600132059201 ], [ -103.374485596707814, 25.589292478876903 ], [ -103.379058070416136, 25.589292478876903 ], [ -103.379058070416136, 25.593600132059201 ] ] ] } },
{ "type": "Feature", "properties": { "difference_1990_2000": -11.0, "difference_1990_2010": 82.0, "difference_1990_2020": 366.0 }, "geometry": { "type": "Polygon", "coordinates": [ [ [ -103.379058070416136, 25.610832279612154 ], [ -103.374485596707814, 25.610832279612154 ], [ -103.374485596707814, 25.60652401241903 ], [ -103.379058070416136, 25.606524012419019 ], [ -103.379058070416136, 25.610832279612154 ] ] ] } },
{ "type": "Feature", "properties": { "difference_1990_2000": 0.0, "difference_1990_2010": 983.0, "difference_1990_2020": 1100.0 }, "geometry": { "type": "Polygon", "coordinates": [ [ [ -103.379058070416136, 25.576370439573555 ], [ -103.374485596707814, 25.576370439573584 ], [ -103.374485596707814, 25.572063399751489 ], [ -103.379058070416136, 25.572063399751524 ], [ -103.379058070416136, 25.576370439573555 ] ] ] } },
{ "type": "Feature", "properties": { "difference_1990_2000": 60.0, "difference_1990_2010": 514.0, "difference_1990_2020": 614.0 }, "geometry": { "type": "Polygon", "coordinates": [ [ [ -103.379058070416136, 25.511780913825994 ], [ -103.374485596707814, 25.511780913825994 ], [ -103.374485596707814, 25.507476168323041 ], [ -103.379058070416136, 25.507476168323041 ], [ -103.379058070416136, 25.511780913825994 ] ] ] } },
{ "type": "Feature", "properties": { "difference_1990_2000": 65.0, "difference_1990_2010": 92.0, "difference_1990_2020": 100.0 }, "geometry": { "type": "Polygon", "coordinates": [ [ [ -103.379058070416136, 25.563449779782346 ], [ -103.374485596707814, 25.563449779782346 ], [ -103.374485596707814, 25.559143199554043 ], [ -103.379058070416136, 25.559143199554065 ], [ -103.379058070416136, 25.563449779782346 ] ] ] } },
{ "type": "Feature", "properties": { "difference_1990_2000": 15.0, "difference_1990_2010": -44.0, "difference_1990_2020": 30.0 }, "geometry": { "type": "Polygon", "coordinates": [ [ [ -103.379058070416136, 25.559143199554065 ], [ -103.374485596707814, 25.559143199554043 ], [ -103.374485596707814, 25.554836772442435 ], [ -103.379058070416136, 25.554836772442435 ], [ -103.379058070416136, 25.559143199554065 ] ] ] } },
{ "type": "Feature", "properties": { "difference_1990_2000": 0.0, "difference_1990_2010": 1852.0, "difference_1990_2020": 2046.0 }, "geometry": { "type": "Polygon", "coordinates": [ [ [ -103.379058070416136, 25.494562847435752 ], [ -103.374485596707814, 25.494562847435752 ], [ -103.374485596707814, 25.490258712212476 ], [ -103.379058070416136, 25.490258712212455 ], [ -103.379058070416136, 25.494562847435752 ] ] ] } },
{ "type": "Feature", "properties": { "difference_1990_2000": 0.0, "difference_1990_2010": 212.0, "difference_1990_2020": 401.0 }, "geometry": { "type": "Polygon", "coordinates": [ [ [ -103.379058070416136, 25.619449274852411 ], [ -103.374485596707814, 25.619449274852411 ], [ -103.374485596707814, 25.615140700409697 ], [ -103.379058070416136, 25.615140700409697 ], [ -103.379058070416136, 25.619449274852411 ] ] ] } },
{ "type": "Feature", "properties": { "difference_1990_2000": 0.0, "difference_1990_2010": 0.0, "difference_1990_2020": -1.0 }, "geometry": { "type": "Polygon", "coordinates": [ [ [ -103.379058070416136, 25.649613601437249 ], [ -103.374485596707814, 25.649613601437249 ], [ -103.374485596707814, 25.645303950337773 ], [ -103.379058070416136, 25.645303950337773 ], [ -103.379058070416136, 25.649613601437249 ] ] ] } },
{ "type": "Feature", "properties": { "difference_1990_2000": 3.0, "difference_1990_2010": 184.0, "difference_1990_2020": 726.0 }, "geometry": { "type": "Polygon", "coordinates": [ [ [ -103.379058070416136, 25.602215898789581 ], [ -103.374485596707814, 25.602215898789581 ], [ -103.374485596707814, 25.597907938683242 ], [ -103.379058070416136, 25.597907938683242 ], [ -103.379058070416136, 25.602215898789581 ] ] ] } },
{ "type": "Feature", "properties": { "difference_1990_2000": 0.0, "difference_1990_2010": 16.0, "difference_1990_2020": 63.0 }, "geometry": { "type": "Polygon", "coordinates": [ [ [ -103.379058070416136, 25.615140700409697 ], [ -103.374485596707814, 25.615140700409697 ], [ -103.374485596707814, 25.610832279612154 ], [ -103.379058070416136, 25.610832279612154 ], [ -103.379058070416136, 25.615140700409697 ] ] ] } },
{ "type": "Feature", "properties": { "difference_1990_2000": 25.0, "difference_1990_2010": 19.0, "difference_1990_2020": 67.0 }, "geometry": { "type": "Polygon", "coordinates": [ [ [ -103.379058070416136, 25.567756513167971 ], [ -103.374485596707814, 25.567756513167971 ], [ -103.374485596707814, 25.563449779782346 ], [ -103.379058070416136, 25.563449779782346 ], [ -103.379058070416136, 25.567756513167971 ] ] ] } },
{ "type": "Feature", "properties": { "difference_1990_2000": 73.0, "difference_1990_2010": 155.0, "difference_1990_2020": 167.0 }, "geometry": { "type": "Polygon", "coordinates": [ [ [ -103.379058070416136, 25.529001422952906 ], [ -103.374485596707814, 25.529001422952906 ], [ -103.374485596707814, 25.524696066522957 ], [ -103.379058070416136, 25.524696066522957 ], [ -103.379058070416136, 25.529001422952906 ] ] ] } },
{ "type": "Feature", "properties": { "difference_1990_2000": 188.0, "difference_1990_2010": 232.0, "difference_1990_2020": 259.0 }, "geometry": { "type": "Polygon", "coordinates": [ [ [ -103.379058070416136, 25.533306932215755 ], [ -103.374485596707814, 25.533306932215755 ], [ -103.374485596707814, 25.529001422952906 ], [ -103.379058070416136, 25.529001422952906 ], [ -103.379058070416136, 25.533306932215755 ] ] ] } },
{ "type": "Feature", "properties": { "difference_1990_2000": 0.0, "difference_1990_2010": 112.0, "difference_1990_2020": -23.0 }, "geometry": { "type": "Polygon", "coordinates": [ [ [ -103.379058070416136, 25.632375920458614 ], [ -103.374485596707814, 25.632375920458614 ], [ -103.374485596707814, 25.628066884836095 ], [ -103.379058070416136, 25.628066884836095 ], [ -103.379058070416136, 25.632375920458614 ] ] ] } },
{ "type": "Feature", "properties": { "difference_1990_2000": 0.0, "difference_1990_2010": 5.0, "difference_1990_2020": 33.0 }, "geometry": { "type": "Polygon", "coordinates": [ [ [ -103.379058070416136, 25.597907938683242 ], [ -103.374485596707814, 25.597907938683242 ], [ -103.374485596707814, 25.593600132059201 ], [ -103.379058070416136, 25.593600132059201 ], [ -103.379058070416136, 25.597907938683242 ] ] ] } },
{ "type": "Feature", "properties": { "difference_1990_2000": 488.0, "difference_1990_2010": 561.0, "difference_1990_2020": 509.0 }, "geometry": { "type": "Polygon", "coordinates": [ [ [ -103.379058070416136, 25.541918409402399 ], [ -103.374485596707814, 25.541918409402399 ], [ -103.374485596707814, 25.537612594352098 ], [ -103.379058070416136, 25.537612594352115 ], [ -103.379058070416136, 25.541918409402399 ] ] ] } },
{ "type": "Feature", "properties": { "difference_1990_2000": -24.0, "difference_1990_2010": 67.0, "difference_1990_2020": 624.0 }, "geometry": { "type": "Polygon", "coordinates": [ [ [ -103.379058070416136, 25.550530498407017 ], [ -103.374485596707814, 25.550530498407017 ], [ -103.374485596707814, 25.546224377407228 ], [ -103.379058070416136, 25.54622437740721 ], [ -103.379058070416136, 25.550530498407017 ] ] ] } },
{ "type": "Feature", "properties": { "difference_1990_2000": 0.0, "difference_1990_2010": -68.0, "difference_1990_2020": -91.0 }, "geometry": { "type": "Polygon", "coordinates": [ [ [ -103.379058070416136, 25.640994453168641 ], [ -103.374485596707814, 25.640994453168641 ], [ -103.374485596707814, 25.6366851098892 ], [ -103.379058070416136, 25.6366851098892 ], [ -103.379058070416136, 25.640994453168641 ] ] ] } },
{ "type": "Feature", "properties": { "difference_1990_2000": 5.0, "difference_1990_2010": 1782.0, "difference_1990_2020": 2044.0 }, "geometry": { "type": "Polygon", "coordinates": [ [ [ -103.379058070416136, 25.572063399751524 ], [ -103.374485596707814, 25.572063399751489 ], [ -103.374485596707814, 25.567756513167971 ], [ -103.379058070416136, 25.567756513167971 ], [ -103.379058070416136, 25.572063399751524 ] ] ] } },
{ "type": "Feature", "properties": { "difference_1990_2000": 0.0, "difference_1990_2010": 899.0, "difference_1990_2020": 1066.0 }, "geometry": { "type": "Polygon", "coordinates": [ [ [ -103.379058070416136, 25.49886713516835 ], [ -103.374485596707814, 25.49886713516835 ], [ -103.374485596707814, 25.494562847435752 ], [ -103.379058070416136, 25.494562847435752 ], [ -103.379058070416136, 25.49886713516835 ] ] ] } },
{ "type": "Feature", "properties": { "difference_1990_2000": 0.0, "difference_1990_2010": 695.0, "difference_1990_2020": 1618.0 }, "geometry": { "type": "Polygon", "coordinates": [ [ [ -103.379058070416136, 25.623758002980978 ], [ -103.374485596707814, 25.62375800298096 ], [ -103.374485596707814, 25.619449274852411 ], [ -103.379058070416136, 25.619449274852411 ], [ -103.379058070416136, 25.623758002980978 ] ] ] } },
{ "type": "Feature", "properties": { "difference_1990_2000": 348.0, "difference_1990_2010": 465.0, "difference_1990_2020": 624.0 }, "geometry": { "type": "Polygon", "coordinates": [ [ [ -103.379058070416136, 25.54622437740721 ], [ -103.374485596707814, 25.546224377407228 ], [ -103.374485596707814, 25.541918409402399 ], [ -103.379058070416136, 25.541918409402399 ], [ -103.379058070416136, 25.54622437740721 ] ] ] } },
{ "type": "Feature", "properties": { "difference_1990_2000": 6.0, "difference_1990_2010": 203.0, "difference_1990_2020": 893.0 }, "geometry": { "type": "Polygon", "coordinates": [ [ [ -103.379058070416136, 25.584984979095623 ], [ -103.374485596707814, 25.584984979095623 ], [ -103.374485596707814, 25.580677632674703 ], [ -103.379058070416136, 25.580677632674703 ], [ -103.379058070416136, 25.584984979095623 ] ] ] } },
{ "type": "Feature", "properties": { "difference_1990_2000": 327.0, "difference_1990_2010": 371.0, "difference_1990_2020": 366.0 }, "geometry": { "type": "Polygon", "coordinates": [ [ [ -103.379058070416136, 25.537612594352115 ], [ -103.374485596707814, 25.537612594352098 ], [ -103.374485596707814, 25.533306932215755 ], [ -103.379058070416136, 25.533306932215755 ], [ -103.379058070416136, 25.537612594352115 ] ] ] } },
{ "type": "Feature", "properties": { "difference_1990_2000": 0.0, "difference_1990_2010": 235.0, "difference_1990_2020": 321.0 }, "geometry": { "type": "Polygon", "coordinates": [ [ [ -103.557384545038886, 25.554836772442414 ], [ -103.552812071330621, 25.554836772442435 ], [ -103.552812071330621, 25.550530498407017 ], [ -103.557384545038886, 25.550530498407017 ], [ -103.557384545038886, 25.554836772442414 ] ] ] } },
{ "type": "Feature", "properties": { "difference_1990_2000": 0.0, "difference_1990_2010": 308.0, "difference_1990_2020": 283.0 }, "geometry": { "type": "Polygon", "coordinates": [ [ [ -103.557384545038886, 25.550530498407017 ], [ -103.552812071330621, 25.550530498407017 ], [ -103.552812071330621, 25.54622437740721 ], [ -103.557384545038886, 25.54622437740721 ], [ -103.557384545038886, 25.550530498407017 ] ] ] } },
{ "type": "Feature", "properties": { "difference_1990_2000": 0.0, "difference_1990_2010": 175.0, "difference_1990_2020": 252.0 }, "geometry": { "type": "Polygon", "coordinates": [ [ [ -103.369913122999534, 25.520390862885513 ], [ -103.365340649291255, 25.520390862885513 ], [ -103.365340649291255, 25.516085812000036 ], [ -103.369913122999534, 25.516085812000036 ], [ -103.369913122999534, 25.520390862885513 ] ] ] } },
{ "type": "Feature", "properties": { "difference_1990_2000": 0.0, "difference_1990_2010": 2347.0, "difference_1990_2020": 2292.0 }, "geometry": { "type": "Polygon", "coordinates": [ [ [ -103.369913122999534, 25.606524012419019 ], [ -103.365340649291255, 25.606524012419019 ], [ -103.365340649291255, 25.602215898789581 ], [ -103.369913122999534, 25.602215898789581 ], [ -103.369913122999534, 25.606524012419019 ] ] ] } },
{ "type": "Feature", "properties": { "difference_1990_2000": 33.0, "difference_1990_2010": 406.0, "difference_1990_2020": 470.0 }, "geometry": { "type": "Polygon", "coordinates": [ [ [ -103.369913122999534, 25.490258712212455 ], [ -103.365340649291255, 25.490258712212455 ], [ -103.365340649291255, 25.485954729457927 ], [ -103.369913122999534, 25.485954729457973 ], [ -103.369913122999534, 25.490258712212455 ] ] ] } },
{ "type": "Feature", "properties": { "difference_1990_2000": 3.0, "difference_1990_2010": 455.0, "difference_1990_2020": 1211.0 }, "geometry": { "type": "Polygon", "coordinates": [ [ [ -103.369913122999534, 25.589292478876903 ], [ -103.365340649291255, 25.589292478876903 ], [ -103.365340649291255, 25.584984979095623 ], [ -103.369913122999534, 25.584984979095623 ], [ -103.369913122999534, 25.589292478876903 ] ] ] } },
{ "type": "Feature", "properties": { "difference_1990_2000": 171.0, "difference_1990_2010": -223.0, "difference_1990_2020": -180.0 }, "geometry": { "type": "Polygon", "coordinates": [ [ [ -103.369913122999534, 25.554836772442435 ], [ -103.365340649291255, 25.554836772442435 ], [ -103.365340649291255, 25.550530498406982 ], [ -103.369913122999534, 25.550530498407017 ], [ -103.369913122999534, 25.554836772442435 ] ] ] } },
{ "type": "Feature", "properties": { "difference_1990_2000": 0.0, "difference_1990_2010": -1.0, "difference_1990_2020": -2.0 }, "geometry": { "type": "Polygon", "coordinates": [ [ [ -103.369913122999534, 25.645303950337791 ], [ -103.365340649291255, 25.645303950337773 ], [ -103.365340649291255, 25.640994453168641 ], [ -103.369913122999534, 25.640994453168677 ], [ -103.369913122999534, 25.645303950337791 ] ] ] } },
{ "type": "Feature", "properties": { "difference_1990_2000": 0.0, "difference_1990_2010": 175.0, "difference_1990_2020": 253.0 }, "geometry": { "type": "Polygon", "coordinates": [ [ [ -103.369913122999534, 25.516085812000036 ], [ -103.365340649291255, 25.516085812000036 ], [ -103.365340649291255, 25.511780913825977 ], [ -103.369913122999534, 25.511780913825994 ], [ -103.369913122999534, 25.516085812000036 ] ] ] } },
{ "type": "Feature", "properties": { "difference_1990_2000": 1.0, "difference_1990_2010": 123.0, "difference_1990_2020": 900.0 }, "geometry": { "type": "Polygon", "coordinates": [ [ [ -103.369913122999534, 25.580677632674703 ], [ -103.365340649291255, 25.580677632674668 ], [ -103.365340649291255, 25.576370439573534 ], [ -103.369913122999534, 25.576370439573584 ], [ -103.369913122999534, 25.580677632674703 ] ] ] } },
{ "type": "Feature", "properties": { "difference_1990_2000": 38.0, "difference_1990_2010": 68.0, "difference_1990_2020": 66.0 }, "geometry": { "type": "Polygon", "coordinates": [ [ [ -103.369913122999534, 25.524696066522957 ], [ -103.365340649291255, 25.524696066522957 ], [ -103.365340649291255, 25.520390862885513 ], [ -103.369913122999534, 25.520390862885513 ], [ -103.369913122999534, 25.524696066522957 ] ] ] } },
{ "type": "Feature", "properties": { "difference_1990_2000": 0.0, "difference_1990_2010": 227.0, "difference_1990_2020": 374.0 }, "geometry": { "type": "Polygon", "coordinates": [ [ [ -103.369913122999534, 25.503171575450629 ], [ -103.365340649291255, 25.503171575450629 ], [ -103.365340649291255, 25.49886713516835 ], [ -103.369913122999534, 25.49886713516835 ], [ -103.369913122999534, 25.503171575450629 ] ] ] } },
{ "type": "Feature", "properties": { "difference_1990_2000": 0.0, "difference_1990_2010": 175.0, "difference_1990_2020": 292.0 }, "geometry": { "type": "Polygon", "coordinates": [ [ [ -103.369913122999534, 25.507476168323041 ], [ -103.365340649291255, 25.507476168323041 ], [ -103.365340649291255, 25.503171575450629 ], [ -103.369913122999534, 25.503171575450629 ], [ -103.369913122999534, 25.507476168323041 ] ] ] } },
{ "type": "Feature", "properties": { "difference_1990_2000": 1.0, "difference_1990_2010": 400.0, "difference_1990_2020": 714.0 }, "geometry": { "type": "Polygon", "coordinates": [ [ [ -103.369913122999534, 25.610832279612154 ], [ -103.365340649291255, 25.610832279612154 ], [ -103.365340649291255, 25.606524012419019 ], [ -103.369913122999534, 25.606524012419019 ], [ -103.369913122999534, 25.610832279612154 ] ] ] } },
{ "type": "Feature", "properties": { "difference_1990_2000": 0.0, "difference_1990_2010": 246.0, "difference_1990_2020": 400.0 }, "geometry": { "type": "Polygon", "coordinates": [ [ [ -103.369913122999534, 25.593600132059237 ], [ -103.365340649291255, 25.593600132059201 ], [ -103.365340649291255, 25.589292478876903 ], [ -103.369913122999534, 25.589292478876903 ], [ -103.369913122999534, 25.593600132059237 ] ] ] } },
{ "type": "Feature", "properties": { "difference_1990_2000": 0.0, "difference_1990_2010": 174.0, "difference_1990_2020": 260.0 }, "geometry": { "type": "Polygon", "coordinates": [ [ [ -103.369913122999534, 25.511780913825994 ], [ -103.365340649291255, 25.511780913825977 ], [ -103.365340649291255, 25.507476168323041 ], [ -103.369913122999534, 25.507476168323041 ], [ -103.369913122999534, 25.511780913825994 ] ] ] } },
{ "type": "Feature", "properties": { "difference_1990_2000": 2.0, "difference_1990_2010": 2.0, "difference_1990_2020": 2.0 }, "geometry": { "type": "Polygon", "coordinates": [ [ [ -103.369913122999534, 25.563449779782346 ], [ -103.365340649291255, 25.563449779782346 ], [ -103.365340649291255, 25.559143199554043 ], [ -103.369913122999534, 25.559143199554043 ], [ -103.369913122999534, 25.563449779782346 ] ] ] } },
{ "type": "Feature", "properties": { "difference_1990_2000": 0.0, "difference_1990_2010": 0.0, "difference_1990_2020": 336.0 }, "geometry": { "type": "Polygon", "coordinates": [ [ [ -103.369913122999534, 25.576370439573584 ], [ -103.365340649291255, 25.576370439573534 ], [ -103.365340649291255, 25.572063399751489 ], [ -103.369913122999534, 25.572063399751489 ], [ -103.369913122999534, 25.576370439573584 ] ] ] } },
{ "type": "Feature", "properties": { "difference_1990_2000": 42.0, "difference_1990_2010": -52.0, "difference_1990_2020": 6.0 }, "geometry": { "type": "Polygon", "coordinates": [ [ [ -103.369913122999534, 25.559143199554043 ], [ -103.365340649291255, 25.559143199554043 ], [ -103.365340649291255, 25.554836772442435 ], [ -103.369913122999534, 25.554836772442435 ], [ -103.369913122999534, 25.559143199554043 ] ] ] } },
{ "type": "Feature", "properties": { "difference_1990_2000": 0.0, "difference_1990_2010": 0.0, "difference_1990_2020": 96.0 }, "geometry": { "type": "Polygon", "coordinates": [ [ [ -103.369913122999534, 25.619449274852371 ], [ -103.365340649291255, 25.619449274852411 ], [ -103.365340649291255, 25.615140700409697 ], [ -103.369913122999534, 25.615140700409722 ], [ -103.369913122999534, 25.619449274852371 ] ] ] } },
{ "type": "Feature", "properties": { "difference_1990_2000": 0.0, "difference_1990_2010": 702.0, "difference_1990_2020": 852.0 }, "geometry": { "type": "Polygon", "coordinates": [ [ [ -103.369913122999534, 25.494562847435752 ], [ -103.365340649291255, 25.494562847435752 ], [ -103.365340649291255, 25.490258712212455 ], [ -103.369913122999534, 25.490258712212455 ], [ -103.369913122999534, 25.494562847435752 ] ] ] } },
{ "type": "Feature", "properties": { "difference_1990_2000": 0.0, "difference_1990_2010": 1241.0, "difference_1990_2020": 1430.0 }, "geometry": { "type": "Polygon", "coordinates": [ [ [ -103.369913122999534, 25.602215898789581 ], [ -103.365340649291255, 25.602215898789581 ], [ -103.365340649291255, 25.597907938683242 ], [ -103.369913122999534, 25.597907938683242 ], [ -103.369913122999534, 25.602215898789581 ] ] ] } },
{ "type": "Feature", "properties": { "difference_1990_2000": 2.0, "difference_1990_2010": 73.0, "difference_1990_2020": 286.0 }, "geometry": { "type": "Polygon", "coordinates": [ [ [ -103.369913122999534, 25.615140700409722 ], [ -103.365340649291255, 25.615140700409697 ], [ -103.365340649291255, 25.610832279612154 ], [ -103.369913122999534, 25.610832279612154 ], [ -103.369913122999534, 25.615140700409722 ] ] ] } },
{ "type": "Feature", "properties": { "difference_1990_2000": 0.0, "difference_1990_2010": 0.0, "difference_1990_2020": 0.0 }, "geometry": { "type": "Polygon", "coordinates": [ [ [ -103.369913122999534, 25.632375920458614 ], [ -103.365340649291255, 25.632375920458614 ], [ -103.365340649291255, 25.628066884836095 ], [ -103.369913122999534, 25.628066884836109 ], [ -103.369913122999534, 25.632375920458614 ] ] ] } },
{ "type": "Feature", "properties": { "difference_1990_2000": 0.0, "difference_1990_2010": 15.0, "difference_1990_2020": 116.0 }, "geometry": { "type": "Polygon", "coordinates": [ [ [ -103.369913122999534, 25.597907938683242 ], [ -103.365340649291255, 25.597907938683242 ], [ -103.365340649291255, 25.593600132059201 ], [ -103.369913122999534, 25.593600132059237 ], [ -103.369913122999534, 25.597907938683242 ] ] ] } },
{ "type": "Feature", "properties": { "difference_1990_2000": 54.0, "difference_1990_2010": 131.0, "difference_1990_2020": 141.0 }, "geometry": { "type": "Polygon", "coordinates": [ [ [ -103.369913122999534, 25.53330693221579 ], [ -103.365340649291255, 25.533306932215755 ], [ -103.365340649291255, 25.529001422952906 ], [ -103.369913122999534, 25.529001422952906 ], [ -103.369913122999534, 25.53330693221579 ] ] ] } },
{ "type": "Feature", "properties": { "difference_1990_2000": 0.0, "difference_1990_2010": 983.0, "difference_1990_2020": 1376.0 }, "geometry": { "type": "Polygon", "coordinates": [ [ [ -103.369913122999534, 25.550530498407017 ], [ -103.365340649291255, 25.550530498406982 ], [ -103.365340649291255, 25.54622437740721 ], [ -103.369913122999534, 25.54622437740721 ], [ -103.369913122999534, 25.550530498407017 ] ] ] } },
{ "type": "Feature", "properties": { "difference_1990_2000": 0.0, "difference_1990_2010": 842.0, "difference_1990_2020": 797.0 }, "geometry": { "type": "Polygon", "coordinates": [ [ [ -103.369913122999534, 25.54191840940242 ], [ -103.365340649291255, 25.54191840940236 ], [ -103.365340649291255, 25.537612594352098 ], [ -103.369913122999534, 25.537612594352115 ], [ -103.369913122999534, 25.54191840940242 ] ] ] } },
{ "type": "Feature", "properties": { "difference_1990_2000": 0.0, "difference_1990_2010": -19.0, "difference_1990_2020": -25.0 }, "geometry": { "type": "Polygon", "coordinates": [ [ [ -103.369913122999534, 25.640994453168677 ], [ -103.365340649291255, 25.640994453168641 ], [ -103.365340649291255, 25.636685109889179 ], [ -103.369913122999534, 25.636685109889179 ], [ -103.369913122999534, 25.640994453168677 ] ] ] } },
{ "type": "Feature", "properties": { "difference_1990_2000": 0.0, "difference_1990_2010": 0.0, "difference_1990_2020": 390.0 }, "geometry": { "type": "Polygon", "coordinates": [ [ [ -103.369913122999534, 25.62375800298096 ], [ -103.365340649291255, 25.62375800298096 ], [ -103.365340649291255, 25.619449274852411 ], [ -103.369913122999534, 25.619449274852371 ], [ -103.369913122999534, 25.62375800298096 ] ] ] } },
{ "type": "Feature", "properties": { "difference_1990_2000": 0.0, "difference_1990_2010": 746.0, "difference_1990_2020": 858.0 }, "geometry": { "type": "Polygon", "coordinates": [ [ [ -103.369913122999534, 25.49886713516835 ], [ -103.365340649291255, 25.49886713516835 ], [ -103.365340649291255, 25.494562847435752 ], [ -103.369913122999534, 25.494562847435752 ], [ -103.369913122999534, 25.49886713516835 ] ] ] } },
{ "type": "Feature", "properties": { "difference_1990_2000": 0.0, "difference_1990_2010": 1555.0, "difference_1990_2020": 1853.0 }, "geometry": { "type": "Polygon", "coordinates": [ [ [ -103.369913122999534, 25.54622437740721 ], [ -103.365340649291255, 25.54622437740721 ], [ -103.365340649291255, 25.54191840940236 ], [ -103.369913122999534, 25.54191840940242 ], [ -103.369913122999534, 25.54622437740721 ] ] ] } },
{ "type": "Feature", "properties": { "difference_1990_2000": 4.0, "difference_1990_2010": 824.0, "difference_1990_2020": 1504.0 }, "geometry": { "type": "Polygon", "coordinates": [ [ [ -103.369913122999534, 25.584984979095623 ], [ -103.365340649291255, 25.584984979095623 ], [ -103.365340649291255, 25.580677632674668 ], [ -103.369913122999534, 25.580677632674703 ], [ -103.369913122999534, 25.584984979095623 ] ] ] } },
{ "type": "Feature", "properties": { "difference_1990_2000": -48.0, "difference_1990_2010": 246.0, "difference_1990_2020": 207.0 }, "geometry": { "type": "Polygon", "coordinates": [ [ [ -103.369913122999534, 25.537612594352115 ], [ -103.365340649291255, 25.537612594352098 ], [ -103.365340649291255, 25.533306932215755 ], [ -103.369913122999534, 25.53330693221579 ], [ -103.369913122999534, 25.537612594352115 ] ] ] } },
{ "type": "Feature", "properties": { "difference_1990_2000": 0.0, "difference_1990_2010": -50.0, "difference_1990_2020": -67.0 }, "geometry": { "type": "Polygon", "coordinates": [ [ [ -103.369913122999534, 25.636685109889179 ], [ -103.365340649291255, 25.636685109889179 ], [ -103.365340649291255, 25.632375920458614 ], [ -103.369913122999534, 25.632375920458614 ], [ -103.369913122999534, 25.636685109889179 ] ] ] } },
{ "type": "Feature", "properties": { "difference_1990_2000": 0.0, "difference_1990_2010": 43.0, "difference_1990_2020": 577.0 }, "geometry": { "type": "Polygon", "coordinates": [ [ [ -103.548239597622313, 25.554836772442435 ], [ -103.543667123914034, 25.554836772442474 ], [ -103.543667123914034, 25.550530498407017 ], [ -103.548239597622313, 25.550530498407017 ], [ -103.548239597622313, 25.554836772442435 ] ] ] } },
{ "type": "Feature", "properties": { "difference_1990_2000": 0.0, "difference_1990_2010": 46.0, "difference_1990_2020": 45.0 }, "geometry": { "type": "Polygon", "coordinates": [ [ [ -103.548239597622313, 25.559143199554043 ], [ -103.543667123914034, 25.559143199554043 ], [ -103.543667123914034, 25.554836772442474 ], [ -103.548239597622313, 25.554836772442435 ], [ -103.548239597622313, 25.559143199554043 ] ] ] } },
{ "type": "Feature", "properties": { "difference_1990_2000": 43.0, "difference_1990_2010": 115.0, "difference_1990_2020": 150.0 }, "geometry": { "type": "Polygon", "coordinates": [ [ [ -103.548239597622313, 25.541918409402399 ], [ -103.543667123914034, 25.541918409402399 ], [ -103.543667123914034, 25.537612594352115 ], [ -103.548239597622313, 25.537612594352098 ], [ -103.548239597622313, 25.541918409402399 ] ] ] } },
{ "type": "Feature", "properties": { "difference_1990_2000": 101.0, "difference_1990_2010": 255.0, "difference_1990_2020": 713.0 }, "geometry": { "type": "Polygon", "coordinates": [ [ [ -103.548239597622313, 25.550530498407017 ], [ -103.543667123914034, 25.550530498407017 ], [ -103.543667123914034, 25.54622437740721 ], [ -103.548239597622313, 25.546224377407228 ], [ -103.548239597622313, 25.550530498407017 ] ] ] } },
{ "type": "Feature", "properties": { "difference_1990_2000": -39.0, "difference_1990_2010": 135.0, "difference_1990_2020": 146.0 }, "geometry": { "type": "Polygon", "coordinates": [ [ [ -103.548239597622313, 25.546224377407228 ], [ -103.543667123914034, 25.54622437740721 ], [ -103.543667123914034, 25.541918409402399 ], [ -103.548239597622313, 25.541918409402399 ], [ -103.548239597622313, 25.546224377407228 ] ] ] } },
{ "type": "Feature", "properties": { "difference_1990_2000": 58.0, "difference_1990_2010": 55.0, "difference_1990_2020": 91.0 }, "geometry": { "type": "Polygon", "coordinates": [ [ [ -103.548239597622313, 25.537612594352098 ], [ -103.543667123914034, 25.537612594352115 ], [ -103.543667123914034, 25.533306932215755 ], [ -103.548239597622313, 25.533306932215755 ], [ -103.548239597622313, 25.537612594352098 ] ] ] } },
{ "type": "Feature", "properties": { "difference_1990_2000": 273.0, "difference_1990_2010": 969.0, "difference_1990_2020": 1584.0 }, "geometry": { "type": "Polygon", "coordinates": [ [ [ -103.360768175583004, 25.520390862885513 ], [ -103.356195701874725, 25.520390862885513 ], [ -103.356195701874725, 25.516085812000071 ], [ -103.360768175583004, 25.516085812000036 ], [ -103.360768175583004, 25.520390862885513 ] ] ] } },
{ "type": "Feature", "properties": { "difference_1990_2000": 0.0, "difference_1990_2010": 746.0, "difference_1990_2020": 952.0 }, "geometry": { "type": "Polygon", "coordinates": [ [ [ -103.360768175583004, 25.490258712212455 ], [ -103.356195701874725, 25.490258712212455 ], [ -103.356195701874725, 25.485954729457962 ], [ -103.360768175583004, 25.485954729457973 ], [ -103.360768175583004, 25.490258712212455 ] ] ] } },
{ "type": "Feature", "properties": { "difference_1990_2000": 0.0, "difference_1990_2010": 0.0, "difference_1990_2020": 977.0 }, "geometry": { "type": "Polygon", "coordinates": [ [ [ -103.360768175583004, 25.589292478876903 ], [ -103.356195701874725, 25.589292478876903 ], [ -103.356195701874725, 25.58498497909563 ], [ -103.360768175583004, 25.584984979095623 ], [ -103.360768175583004, 25.589292478876903 ] ] ] } },
{ "type": "Feature", "properties": { "difference_1990_2000": 4.0, "difference_1990_2010": 2529.0, "difference_1990_2020": 3100.0 }, "geometry": { "type": "Polygon", "coordinates": [ [ [ -103.360768175583004, 25.554836772442435 ], [ -103.356195701874725, 25.554836772442474 ], [ -103.356195701874725, 25.550530498407017 ], [ -103.360768175583004, 25.550530498407017 ], [ -103.360768175583004, 25.554836772442435 ] ] ] } },
{ "type": "Feature", "properties": { "difference_1990_2000": 0.0, "difference_1990_2010": 557.0, "difference_1990_2020": 924.0 }, "geometry": { "type": "Polygon", "coordinates": [ [ [ -103.360768175583004, 25.516085812000036 ], [ -103.356195701874725, 25.516085812000071 ], [ -103.356195701874725, 25.511780913826033 ], [ -103.360768175583004, 25.511780913825994 ], [ -103.360768175583004, 25.516085812000036 ] ] ] } },
{ "type": "Feature", "properties": { "difference_1990_2000": 0.0, "difference_1990_2010": 0.0, "difference_1990_2020": 435.0 }, "geometry": { "type": "Polygon", "coordinates": [ [ [ -103.360768175583004, 25.580677632674703 ], [ -103.356195701874725, 25.580677632674703 ], [ -103.356195701874725, 25.576370439573555 ], [ -103.360768175583004, 25.576370439573555 ], [ -103.360768175583004, 25.580677632674703 ] ] ] } },
{ "type": "Feature", "properties": { "difference_1990_2000": 0.0, "difference_1990_2010": 346.0, "difference_1990_2020": 844.0 }, "geometry": { "type": "Polygon", "coordinates": [ [ [ -103.360768175583004, 25.503171575450629 ], [ -103.356195701874725, 25.503171575450629 ], [ -103.356195701874725, 25.49886713516835 ], [ -103.360768175583004, 25.49886713516835 ], [ -103.360768175583004, 25.503171575450629 ] ] ] } },
{ "type": "Feature", "properties": { "difference_1990_2000": 329.0, "difference_1990_2010": 820.0, "difference_1990_2020": 858.0 }, "geometry": { "type": "Polygon", "coordinates": [ [ [ -103.360768175583004, 25.524696066523017 ], [ -103.356195701874725, 25.524696066522957 ], [ -103.356195701874725, 25.520390862885513 ], [ -103.360768175583004, 25.520390862885513 ], [ -103.360768175583004, 25.524696066523017 ] ] ] } },
{ "type": "Feature", "properties": { "difference_1990_2000": 0.0, "difference_1990_2010": 208.0, "difference_1990_2020": 631.0 }, "geometry": { "type": "Polygon", "coordinates": [ [ [ -103.360768175583004, 25.507476168323048 ], [ -103.356195701874725, 25.507476168323041 ], [ -103.356195701874725, 25.503171575450629 ], [ -103.360768175583004, 25.503171575450629 ], [ -103.360768175583004, 25.507476168323048 ] ] ] } },
{ "type": "Feature", "properties": { "difference_1990_2000": 132.0, "difference_1990_2010": 747.0, "difference_1990_2020": 892.0 }, "geometry": { "type": "Polygon", "coordinates": [ [ [ -103.360768175583004, 25.593600132059237 ], [ -103.356195701874725, 25.593600132059237 ], [ -103.356195701874725, 25.589292478876903 ], [ -103.360768175583004, 25.589292478876903 ], [ -103.360768175583004, 25.593600132059237 ] ] ] } },
{ "type": "Feature", "properties": { "difference_1990_2000": 0.0, "difference_1990_2010": 1104.0, "difference_1990_2020": 1661.0 }, "geometry": { "type": "Polygon", "coordinates": [ [ [ -103.360768175583004, 25.511780913825994 ], [ -103.356195701874725, 25.511780913826033 ], [ -103.356195701874725, 25.507476168323041 ], [ -103.360768175583004, 25.507476168323048 ], [ -103.360768175583004, 25.511780913825994 ] ] ] } },
{ "type": "Feature", "properties": { "difference_1990_2000": 392.0, "difference_1990_2010": 1672.0, "difference_1990_2020": 1933.0 }, "geometry": { "type": "Polygon", "coordinates": [ [ [ -103.360768175583004, 25.559143199554043 ], [ -103.356195701874725, 25.559143199554043 ], [ -103.356195701874725, 25.554836772442474 ], [ -103.360768175583004, 25.554836772442435 ], [ -103.360768175583004, 25.559143199554043 ] ] ] } },
{ "type": "Feature", "properties": { "difference_1990_2000": 0.0, "difference_1990_2010": 556.0, "difference_1990_2020": 721.0 }, "geometry": { "type": "Polygon", "coordinates": [ [ [ -103.360768175583004, 25.494562847435752 ], [ -103.356195701874725, 25.494562847435752 ], [ -103.356195701874725, 25.490258712212455 ], [ -103.360768175583004, 25.490258712212455 ], [ -103.360768175583004, 25.494562847435752 ] ] ] } },
{ "type": "Feature", "properties": { "difference_1990_2000": 163.0, "difference_1990_2010": 454.0, "difference_1990_2020": 300.0 }, "geometry": { "type": "Polygon", "coordinates": [ [ [ -103.360768175583004, 25.529001422952906 ], [ -103.356195701874725, 25.529001422952906 ], [ -103.356195701874725, 25.524696066522957 ], [ -103.360768175583004, 25.524696066523017 ], [ -103.360768175583004, 25.529001422952906 ] ] ] } },
{ "type": "Feature", "properties": { "difference_1990_2000": -327.0, "difference_1990_2010": -630.0, "difference_1990_2020": -853.0 }, "geometry": { "type": "Polygon", "coordinates": [ [ [ -103.360768175583004, 25.533306932215755 ], [ -103.356195701874725, 25.533306932215755 ], [ -103.356195701874725, 25.529001422952906 ], [ -103.360768175583004, 25.529001422952906 ], [ -103.360768175583004, 25.533306932215755 ] ] ] } },
{ "type": "Feature", "properties": { "difference_1990_2000": 0.0, "difference_1990_2010": 284.0, "difference_1990_2020": 358.0 }, "geometry": { "type": "Polygon", "coordinates": [ [ [ -103.360768175583004, 25.485954729457973 ], [ -103.356195701874725, 25.485954729457962 ], [ -103.356195701874725, 25.481650899131953 ], [ -103.360768175583004, 25.481650899131989 ], [ -103.360768175583004, 25.485954729457973 ] ] ] } },
{ "type": "Feature", "properties": { "difference_1990_2000": -125.0, "difference_1990_2010": -242.0, "difference_1990_2020": -436.0 }, "geometry": { "type": "Polygon", "coordinates": [ [ [ -103.360768175583004, 25.597907938683242 ], [ -103.356195701874725, 25.597907938683242 ], [ -103.356195701874725, 25.593600132059237 ], [ -103.360768175583004, 25.593600132059237 ], [ -103.360768175583004, 25.597907938683242 ] ] ] } },
{ "type": "Feature", "properties": { "difference_1990_2000": 787.0, "difference_1990_2010": 2287.0, "difference_1990_2020": 2316.0 }, "geometry": { "type": "Polygon", "coordinates": [ [ [ -103.360768175583004, 25.541918409402399 ], [ -103.356195701874725, 25.541918409402399 ], [ -103.356195701874725, 25.537612594352115 ], [ -103.360768175583004, 25.537612594352098 ], [ -103.360768175583004, 25.541918409402399 ] ] ] } },
{ "type": "Feature", "properties": { "difference_1990_2000": 0.0, "difference_1990_2010": 2163.0, "difference_1990_2020": 2549.0 }, "geometry": { "type": "Polygon", "coordinates": [ [ [ -103.360768175583004, 25.550530498407017 ], [ -103.356195701874725, 25.550530498407017 ], [ -103.356195701874725, 25.546224377407228 ], [ -103.360768175583004, 25.54622437740721 ], [ -103.360768175583004, 25.550530498407017 ] ] ] } },
{ "type": "Feature", "properties": { "difference_1990_2000": 0.0, "difference_1990_2010": 0.0, "difference_1990_2020": 8.0 }, "geometry": { "type": "Polygon", "coordinates": [ [ [ -103.360768175583004, 25.572063399751524 ], [ -103.356195701874725, 25.572063399751489 ], [ -103.356195701874725, 25.567756513167971 ], [ -103.360768175583004, 25.567756513167971 ], [ -103.360768175583004, 25.572063399751524 ] ] ] } },
{ "type": "Feature", "properties": { "difference_1990_2000": 0.0, "difference_1990_2010": 825.0, "difference_1990_2020": 1392.0 }, "geometry": { "type": "Polygon", "coordinates": [ [ [ -103.360768175583004, 25.49886713516835 ], [ -103.356195701874725, 25.49886713516835 ], [ -103.356195701874725, 25.494562847435752 ], [ -103.360768175583004, 25.494562847435752 ], [ -103.360768175583004, 25.49886713516835 ] ] ] } },
{ "type": "Feature", "properties": { "difference_1990_2000": 373.0, "difference_1990_2010": 2073.0, "difference_1990_2020": 2290.0 }, "geometry": { "type": "Polygon", "coordinates": [ [ [ -103.360768175583004, 25.54622437740721 ], [ -103.356195701874725, 25.546224377407228 ], [ -103.356195701874725, 25.541918409402399 ], [ -103.360768175583004, 25.541918409402399 ], [ -103.360768175583004, 25.54622437740721 ] ] ] } },
{ "type": "Feature", "properties": { "difference_1990_2000": 0.0, "difference_1990_2010": 0.0, "difference_1990_2020": 1390.0 }, "geometry": { "type": "Polygon", "coordinates": [ [ [ -103.360768175583004, 25.584984979095623 ], [ -103.356195701874725, 25.58498497909563 ], [ -103.356195701874725, 25.580677632674703 ], [ -103.360768175583004, 25.580677632674703 ], [ -103.360768175583004, 25.584984979095623 ] ] ] } },
{ "type": "Feature", "properties": { "difference_1990_2000": 45.0, "difference_1990_2010": 796.0, "difference_1990_2020": 383.0 }, "geometry": { "type": "Polygon", "coordinates": [ [ [ -103.360768175583004, 25.537612594352098 ], [ -103.356195701874725, 25.537612594352115 ], [ -103.356195701874725, 25.533306932215755 ], [ -103.360768175583004, 25.533306932215755 ], [ -103.360768175583004, 25.537612594352098 ] ] ] } },
{ "type": "Feature", "properties": { "difference_1990_2000": 1.0, "difference_1990_2010": 3.0, "difference_1990_2020": 3.0 }, "geometry": { "type": "Polygon", "coordinates": [ [ [ -103.539094650205783, 25.606524012418983 ], [ -103.534522176497504, 25.606524012419019 ], [ -103.534522176497504, 25.602215898789581 ], [ -103.539094650205783, 25.602215898789581 ], [ -103.539094650205783, 25.606524012418983 ] ] ] } },
{ "type": "Feature", "properties": { "difference_1990_2000": 26.0, "difference_1990_2010": 332.0, "difference_1990_2020": 480.0 }, "geometry": { "type": "Polygon", "coordinates": [ [ [ -103.539094650205783, 25.589292478876903 ], [ -103.534522176497504, 25.589292478876903 ], [ -103.534522176497504, 25.584984979095623 ], [ -103.539094650205783, 25.584984979095623 ], [ -103.539094650205783, 25.589292478876903 ] ] ] } },
{ "type": "Feature", "properties": { "difference_1990_2000": 3.0, "difference_1990_2010": 296.0, "difference_1990_2020": 543.0 }, "geometry": { "type": "Polygon", "coordinates": [ [ [ -103.539094650205783, 25.554836772442414 ], [ -103.534522176497504, 25.554836772442435 ], [ -103.534522176497504, 25.550530498407017 ], [ -103.539094650205783, 25.550530498407017 ], [ -103.539094650205783, 25.554836772442414 ] ] ] } },
{ "type": "Feature", "properties": { "difference_1990_2000": 13.0, "difference_1990_2010": 61.0, "difference_1990_2020": 98.0 }, "geometry": { "type": "Polygon", "coordinates": [ [ [ -103.539094650205783, 25.580677632674668 ], [ -103.534522176497504, 25.580677632674703 ], [ -103.534522176497504, 25.576370439573584 ], [ -103.539094650205783, 25.576370439573555 ], [ -103.539094650205783, 25.580677632674668 ] ] ] } },
{ "type": "Feature", "properties": { "difference_1990_2000": 8.0, "difference_1990_2010": 11.0, "difference_1990_2020": 11.0 }, "geometry": { "type": "Polygon", "coordinates": [ [ [ -103.539094650205783, 25.524696066522957 ], [ -103.534522176497504, 25.524696066522957 ], [ -103.534522176497504, 25.520390862885513 ], [ -103.539094650205783, 25.520390862885499 ], [ -103.539094650205783, 25.524696066522957 ] ] ] } },
{ "type": "Feature", "properties": { "difference_1990_2000": 16.0, "difference_1990_2010": 49.0, "difference_1990_2020": 87.0 }, "geometry": { "type": "Polygon", "coordinates": [ [ [ -103.539094650205783, 25.593600132059201 ], [ -103.534522176497504, 25.593600132059201 ], [ -103.534522176497504, 25.589292478876903 ], [ -103.539094650205783, 25.589292478876903 ], [ -103.539094650205783, 25.593600132059201 ] ] ] } },
{ "type": "Feature", "properties": { "difference_1990_2000": 80.0, "difference_1990_2010": 334.0, "difference_1990_2020": 627.0 }, "geometry": { "type": "Polygon", "coordinates": [ [ [ -103.539094650205783, 25.576370439573555 ], [ -103.534522176497504, 25.576370439573584 ], [ -103.534522176497504, 25.572063399751489 ], [ -103.539094650205783, 25.572063399751489 ], [ -103.539094650205783, 25.576370439573555 ] ] ] } },
{ "type": "Feature", "properties": { "difference_1990_2000": 0.0, "difference_1990_2010": 208.0, "difference_1990_2020": 1005.0 }, "geometry": { "type": "Polygon", "coordinates": [ [ [ -103.539094650205783, 25.563449779782346 ], [ -103.534522176497504, 25.563449779782346 ], [ -103.534522176497504, 25.559143199554043 ], [ -103.539094650205783, 25.559143199554043 ], [ -103.539094650205783, 25.563449779782346 ] ] ] } },
{ "type": "Feature", "properties": { "difference_1990_2000": 0.0, "difference_1990_2010": 1355.0, "difference_1990_2020": 2023.0 }, "geometry": { "type": "Polygon", "coordinates": [ [ [ -103.539094650205783, 25.559143199554043 ], [ -103.534522176497504, 25.559143199554043 ], [ -103.534522176497504, 25.554836772442435 ], [ -103.539094650205783, 25.554836772442414 ], [ -103.539094650205783, 25.559143199554043 ] ] ] } },
{ "type": "Feature", "properties": { "difference_1990_2000": 26.0, "difference_1990_2010": 52.0, "difference_1990_2020": 62.0 }, "geometry": { "type": "Polygon", "coordinates": [ [ [ -103.539094650205783, 25.602215898789581 ], [ -103.534522176497504, 25.602215898789581 ], [ -103.534522176497504, 25.597907938683278 ], [ -103.539094650205783, 25.597907938683242 ], [ -103.539094650205783, 25.602215898789581 ] ] ] } },
{ "type": "Feature", "properties": { "difference_1990_2000": 44.0, "difference_1990_2010": 287.0, "difference_1990_2020": 510.0 }, "geometry": { "type": "Polygon", "coordinates": [ [ [ -103.539094650205783, 25.567756513167971 ], [ -103.534522176497504, 25.567756513167971 ], [ -103.534522176497504, 25.563449779782346 ], [ -103.539094650205783, 25.563449779782346 ], [ -103.539094650205783, 25.567756513167971 ] ] ] } },
{ "type": "Feature", "properties": { "difference_1990_2000": 23.0, "difference_1990_2010": 30.0, "difference_1990_2020": 32.0 }, "geometry": { "type": "Polygon", "coordinates": [ [ [ -103.539094650205783, 25.529001422952884 ], [ -103.534522176497504, 25.529001422952906 ], [ -103.534522176497504, 25.524696066522957 ], [ -103.539094650205783, 25.524696066522957 ], [ -103.539094650205783, 25.529001422952884 ] ] ] } },
{ "type": "Feature", "properties": { "difference_1990_2000": -122.0, "difference_1990_2010": 12.0, "difference_1990_2020": 250.0 }, "geometry": { "type": "Polygon", "coordinates": [ [ [ -103.539094650205783, 25.54191840940236 ], [ -103.534522176497504, 25.541918409402399 ], [ -103.534522176497504, 25.537612594352098 ], [ -103.539094650205783, 25.537612594352062 ], [ -103.539094650205783, 25.54191840940236 ] ] ] } },
{ "type": "Feature", "properties": { "difference_1990_2000": -7.0, "difference_1990_2010": 7.0, "difference_1990_2020": 123.0 }, "geometry": { "type": "Polygon", "coordinates": [ [ [ -103.539094650205783, 25.533306932215755 ], [ -103.534522176497504, 25.533306932215755 ], [ -103.534522176497504, 25.529001422952906 ], [ -103.539094650205783, 25.529001422952884 ], [ -103.539094650205783, 25.533306932215755 ] ] ] } },
{ "type": "Feature", "properties": { "difference_1990_2000": 77.0, "difference_1990_2010": 107.0, "difference_1990_2020": 123.0 }, "geometry": { "type": "Polygon", "coordinates": [ [ [ -103.539094650205783, 25.597907938683242 ], [ -103.534522176497504, 25.597907938683278 ], [ -103.534522176497504, 25.593600132059201 ], [ -103.539094650205783, 25.593600132059201 ], [ -103.539094650205783, 25.597907938683242 ] ] ] } },
{ "type": "Feature", "properties": { "difference_1990_2000": 5.0, "difference_1990_2010": 55.0, "difference_1990_2020": 129.0 }, "geometry": { "type": "Polygon", "coordinates": [ [ [ -103.539094650205783, 25.550530498407017 ], [ -103.534522176497504, 25.550530498407017 ], [ -103.534522176497504, 25.54622437740721 ], [ -103.539094650205783, 25.54622437740721 ], [ -103.539094650205783, 25.550530498407017 ] ] ] } },
{ "type": "Feature", "properties": { "difference_1990_2000": 84.0, "difference_1990_2010": 354.0, "difference_1990_2020": 665.0 }, "geometry": { "type": "Polygon", "coordinates": [ [ [ -103.539094650205783, 25.572063399751489 ], [ -103.534522176497504, 25.572063399751489 ], [ -103.534522176497504, 25.567756513167971 ], [ -103.539094650205783, 25.567756513167971 ], [ -103.539094650205783, 25.572063399751489 ] ] ] } },
{ "type": "Feature", "properties": { "difference_1990_2000": -228.0, "difference_1990_2010": -151.0, "difference_1990_2020": 548.0 }, "geometry": { "type": "Polygon", "coordinates": [ [ [ -103.539094650205783, 25.537612594352062 ], [ -103.534522176497504, 25.537612594352098 ], [ -103.534522176497504, 25.533306932215755 ], [ -103.539094650205783, 25.533306932215755 ], [ -103.539094650205783, 25.537612594352062 ] ] ] } },
{ "type": "Feature", "properties": { "difference_1990_2000": -18.0, "difference_1990_2010": 340.0, "difference_1990_2020": 411.0 }, "geometry": { "type": "Polygon", "coordinates": [ [ [ -103.539094650205783, 25.54622437740721 ], [ -103.534522176497504, 25.54622437740721 ], [ -103.534522176497504, 25.541918409402399 ], [ -103.539094650205783, 25.54191840940236 ], [ -103.539094650205783, 25.54622437740721 ] ] ] } },
{ "type": "Feature", "properties": { "difference_1990_2000": 31.0, "difference_1990_2010": 222.0, "difference_1990_2020": 322.0 }, "geometry": { "type": "Polygon", "coordinates": [ [ [ -103.539094650205783, 25.584984979095623 ], [ -103.534522176497504, 25.584984979095623 ], [ -103.534522176497504, 25.580677632674703 ], [ -103.539094650205783, 25.580677632674668 ], [ -103.539094650205783, 25.584984979095623 ] ] ] } },
{ "type": "Feature", "properties": { "difference_1990_2000": 0.0, "difference_1990_2010": 70.0, "difference_1990_2020": 1022.0 }, "geometry": { "type": "Polygon", "coordinates": [ [ [ -103.351623228166474, 25.554836772442435 ], [ -103.347050754458181, 25.554836772442435 ], [ -103.347050754458181, 25.550530498407017 ], [ -103.351623228166474, 25.550530498407017 ], [ -103.351623228166474, 25.554836772442435 ] ] ] } },
{ "type": "Feature", "properties": { "difference_1990_2000": 0.0, "difference_1990_2010": 1485.0, "difference_1990_2020": 2578.0 }, "geometry": { "type": "Polygon", "coordinates": [ [ [ -103.351623228166474, 25.516085812000036 ], [ -103.347050754458181, 25.516085812000036 ], [ -103.347050754458181, 25.511780913825994 ], [ -103.351623228166474, 25.511780913825994 ], [ -103.351623228166474, 25.516085812000036 ] ] ] } },
{ "type": "Feature", "properties": { "difference_1990_2000": 247.0, "difference_1990_2010": 1682.0, "difference_1990_2020": 2381.0 }, "geometry": { "type": "Polygon", "coordinates": [ [ [ -103.351623228166474, 25.524696066522942 ], [ -103.347050754458181, 25.524696066522957 ], [ -103.347050754458181, 25.520390862885513 ], [ -103.351623228166474, 25.520390862885499 ], [ -103.351623228166474, 25.524696066522942 ] ] ] } },
{ "type": "Feature", "properties": { "difference_1990_2000": 0.0, "difference_1990_2010": 132.0, "difference_1990_2020": 468.0 }, "geometry": { "type": "Polygon", "coordinates": [ [ [ -103.351623228166474, 25.503171575450629 ], [ -103.347050754458181, 25.503171575450629 ], [ -103.347050754458181, 25.49886713516835 ], [ -103.351623228166474, 25.49886713516835 ], [ -103.351623228166474, 25.503171575450629 ] ] ] } },
{ "type": "Feature", "properties": { "difference_1990_2000": 0.0, "difference_1990_2010": 1366.0, "difference_1990_2020": 2843.0 }, "geometry": { "type": "Polygon", "coordinates": [ [ [ -103.351623228166474, 25.507476168323006 ], [ -103.347050754458181, 25.507476168323006 ], [ -103.347050754458181, 25.503171575450629 ], [ -103.351623228166474, 25.503171575450629 ], [ -103.351623228166474, 25.507476168323006 ] ] ] } },
{ "type": "Feature", "properties": { "difference_1990_2000": 0.0, "difference_1990_2010": 2058.0, "difference_1990_2020": 3473.0 }, "geometry": { "type": "Polygon", "coordinates": [ [ [ -103.351623228166474, 25.511780913825994 ], [ -103.347050754458181, 25.511780913825994 ], [ -103.347050754458181, 25.507476168323006 ], [ -103.351623228166474, 25.507476168323006 ], [ -103.351623228166474, 25.511780913825994 ] ] ] } },
{ "type": "Feature", "properties": { "difference_1990_2000": 0.0, "difference_1990_2010": 51.0, "difference_1990_2020": 749.0 }, "geometry": { "type": "Polygon", "coordinates": [ [ [ -103.351623228166474, 25.559143199554043 ], [ -103.347050754458181, 25.559143199554043 ], [ -103.347050754458181, 25.554836772442435 ], [ -103.351623228166474, 25.554836772442435 ], [ -103.351623228166474, 25.559143199554043 ] ] ] } },
{ "type": "Feature", "properties": { "difference_1990_2000": 0.0, "difference_1990_2010": 916.0, "difference_1990_2020": 1358.0 }, "geometry": { "type": "Polygon", "coordinates": [ [ [ -103.351623228166474, 25.494562847435752 ], [ -103.347050754458181, 25.494562847435752 ], [ -103.347050754458181, 25.490258712212455 ], [ -103.351623228166474, 25.490258712212455 ], [ -103.351623228166474, 25.494562847435752 ] ] ] } },
{ "type": "Feature", "properties": { "difference_1990_2000": 127.0, "difference_1990_2010": 925.0, "difference_1990_2020": 1051.0 }, "geometry": { "type": "Polygon", "coordinates": [ [ [ -103.351623228166474, 25.529001422952884 ], [ -103.347050754458181, 25.529001422952906 ], [ -103.347050754458181, 25.524696066522957 ], [ -103.351623228166474, 25.524696066522942 ], [ -103.351623228166474, 25.529001422952884 ] ] ] } },
{ "type": "Feature", "properties": { "difference_1990_2000": 0.0, "difference_1990_2010": 178.0, "difference_1990_2020": 165.0 }, "geometry": { "type": "Polygon", "coordinates": [ [ [ -103.351623228166474, 25.533306932215737 ], [ -103.347050754458181, 25.533306932215755 ], [ -103.347050754458181, 25.529001422952906 ], [ -103.351623228166474, 25.529001422952884 ], [ -103.351623228166474, 25.533306932215737 ] ] ] } },
{ "type": "Feature", "properties": { "difference_1990_2000": 0.0, "difference_1990_2010": 49.0, "difference_1990_2020": 1345.0 }, "geometry": { "type": "Polygon", "coordinates": [ [ [ -103.351623228166474, 25.54191840940236 ], [ -103.347050754458181, 25.541918409402399 ], [ -103.347050754458181, 25.537612594352098 ], [ -103.351623228166474, 25.537612594352062 ], [ -103.351623228166474, 25.54191840940236 ] ] ] } },
{ "type": "Feature", "properties": { "difference_1990_2000": 0.0, "difference_1990_2010": 385.0, "difference_1990_2020": 1876.0 }, "geometry": { "type": "Polygon", "coordinates": [ [ [ -103.351623228166474, 25.550530498407017 ], [ -103.347050754458181, 25.550530498407017 ], [ -103.347050754458181, 25.54622437740721 ], [ -103.351623228166474, 25.54622437740721 ], [ -103.351623228166474, 25.550530498407017 ] ] ] } },
{ "type": "Feature", "properties": { "difference_1990_2000": 0.0, "difference_1990_2010": 95.0, "difference_1990_2020": 922.0 }, "geometry": { "type": "Polygon", "coordinates": [ [ [ -103.351623228166474, 25.537612594352062 ], [ -103.347050754458181, 25.537612594352098 ], [ -103.347050754458181, 25.533306932215755 ], [ -103.351623228166474, 25.533306932215737 ], [ -103.351623228166474, 25.537612594352062 ] ] ] } },
{ "type": "Feature", "properties": { "difference_1990_2000": 0.0, "difference_1990_2010": 544.0, "difference_1990_2020": 1218.0 }, "geometry": { "type": "Polygon", "coordinates": [ [ [ -103.351623228166474, 25.54622437740721 ], [ -103.347050754458181, 25.54622437740721 ], [ -103.347050754458181, 25.541918409402399 ], [ -103.351623228166474, 25.54191840940236 ], [ -103.351623228166474, 25.54622437740721 ] ] ] } },
{ "type": "Feature", "properties": { "difference_1990_2000": 3.0, "difference_1990_2010": 1500.0, "difference_1990_2020": 2801.0 }, "geometry": { "type": "Polygon", "coordinates": [ [ [ -103.351623228166474, 25.520390862885499 ], [ -103.347050754458181, 25.520390862885513 ], [ -103.347050754458181, 25.516085812000036 ], [ -103.351623228166474, 25.516085812000036 ], [ -103.351623228166474, 25.520390862885499 ] ] ] } },
{ "type": "Feature", "properties": { "difference_1990_2000": 568.0, "difference_1990_2010": 823.0, "difference_1990_2020": 908.0 }, "geometry": { "type": "Polygon", "coordinates": [ [ [ -103.529949702789224, 25.520390862885513 ], [ -103.525377229080959, 25.520390862885513 ], [ -103.525377229080959, 25.516085812000036 ], [ -103.529949702789224, 25.516085812000011 ], [ -103.529949702789224, 25.520390862885513 ] ] ] } },
{ "type": "Feature", "properties": { "difference_1990_2000": 1502.0, "difference_1990_2010": 2166.0, "difference_1990_2020": 2514.0 }, "geometry": { "type": "Polygon", "coordinates": [ [ [ -103.529949702789224, 25.589292478876903 ], [ -103.525377229080959, 25.589292478876903 ], [ -103.525377229080959, 25.584984979095623 ], [ -103.529949702789224, 25.584984979095623 ], [ -103.529949702789224, 25.589292478876903 ] ] ] } },
{ "type": "Feature", "properties": { "difference_1990_2000": 93.0, "difference_1990_2010": 292.0, "difference_1990_2020": 507.0 }, "geometry": { "type": "Polygon", "coordinates": [ [ [ -103.529949702789224, 25.554836772442435 ], [ -103.525377229080959, 25.554836772442435 ], [ -103.525377229080959, 25.550530498407017 ], [ -103.529949702789224, 25.550530498407017 ], [ -103.529949702789224, 25.554836772442435 ] ] ] } },
{ "type": "Feature", "properties": { "difference_1990_2000": 105.0, "difference_1990_2010": 159.0, "difference_1990_2020": 170.0 }, "geometry": { "type": "Polygon", "coordinates": [ [ [ -103.529949702789224, 25.516085812000011 ], [ -103.525377229080959, 25.516085812000036 ], [ -103.525377229080959, 25.511780913825994 ], [ -103.529949702789224, 25.511780913825994 ], [ -103.529949702789224, 25.516085812000011 ] ] ] } },
{ "type": "Feature", "properties": { "difference_1990_2000": 747.0, "difference_1990_2010": 947.0, "difference_1990_2020": 1042.0 }, "geometry": { "type": "Polygon", "coordinates": [ [ [ -103.529949702789224, 25.580677632674703 ], [ -103.525377229080959, 25.580677632674703 ], [ -103.525377229080959, 25.576370439573555 ], [ -103.529949702789224, 25.576370439573555 ], [ -103.529949702789224, 25.580677632674703 ] ] ] } },
{ "type": "Feature", "properties": { "difference_1990_2000": 318.0, "difference_1990_2010": 331.0, "difference_1990_2020": 358.0 }, "geometry": { "type": "Polygon", "coordinates": [ [ [ -103.529949702789224, 25.524696066522957 ], [ -103.525377229080959, 25.524696066522996 ], [ -103.525377229080959, 25.520390862885513 ], [ -103.529949702789224, 25.520390862885513 ], [ -103.529949702789224, 25.524696066522957 ] ] ] } },
{ "type": "Feature", "properties": { "difference_1990_2000": 0.0, "difference_1990_2010": 77.0, "difference_1990_2020": 54.0 }, "geometry": { "type": "Polygon", "coordinates": [ [ [ -103.529949702789224, 25.503171575450629 ], [ -103.525377229080959, 25.503171575450629 ], [ -103.525377229080959, 25.49886713516835 ], [ -103.529949702789224, 25.49886713516835 ], [ -103.529949702789224, 25.503171575450629 ] ] ] } },
{ "type": "Feature", "properties": { "difference_1990_2000": 0.0, "difference_1990_2010": 536.0, "difference_1990_2020": 516.0 }, "geometry": { "type": "Polygon", "coordinates": [ [ [ -103.529949702789224, 25.507476168323041 ], [ -103.525377229080959, 25.507476168323041 ], [ -103.525377229080959, 25.503171575450629 ], [ -103.529949702789224, 25.503171575450629 ], [ -103.529949702789224, 25.507476168323041 ] ] ] } },
{ "type": "Feature", "properties": { "difference_1990_2000": 223.0, "difference_1990_2010": 290.0, "difference_1990_2020": 577.0 }, "geometry": { "type": "Polygon", "coordinates": [ [ [ -103.529949702789224, 25.593600132059201 ], [ -103.525377229080959, 25.593600132059201 ], [ -103.525377229080959, 25.589292478876903 ], [ -103.529949702789224, 25.589292478876903 ], [ -103.529949702789224, 25.593600132059201 ] ] ] } },
{ "type": "Feature", "properties": { "difference_1990_2000": 126.0, "difference_1990_2010": 16.0, "difference_1990_2020": 168.0 }, "geometry": { "type": "Polygon", "coordinates": [ [ [ -103.529949702789224, 25.576370439573555 ], [ -103.525377229080959, 25.576370439573555 ], [ -103.525377229080959, 25.572063399751524 ], [ -103.529949702789224, 25.572063399751489 ], [ -103.529949702789224, 25.576370439573555 ] ] ] } },
{ "type": "Feature", "properties": { "difference_1990_2000": 0.0, "difference_1990_2010": 210.0, "difference_1990_2020": 123.0 }, "geometry": { "type": "Polygon", "coordinates": [ [ [ -103.529949702789224, 25.511780913825994 ], [ -103.525377229080959, 25.511780913825994 ], [ -103.525377229080959, 25.507476168323041 ], [ -103.529949702789224, 25.507476168323041 ], [ -103.529949702789224, 25.511780913825994 ] ] ] } },
{ "type": "Feature", "properties": { "difference_1990_2000": 60.0, "difference_1990_2010": 1080.0, "difference_1990_2020": 1547.0 }, "geometry": { "type": "Polygon", "coordinates": [ [ [ -103.529949702789224, 25.563449779782346 ], [ -103.525377229080959, 25.563449779782381 ], [ -103.525377229080959, 25.559143199554043 ], [ -103.529949702789224, 25.559143199554043 ], [ -103.529949702789224, 25.563449779782346 ] ] ] } },
{ "type": "Feature", "properties": { "difference_1990_2000": 7.0, "difference_1990_2010": 310.0, "difference_1990_2020": 602.0 }, "geometry": { "type": "Polygon", "coordinates": [ [ [ -103.529949702789224, 25.559143199554043 ], [ -103.525377229080959, 25.559143199554043 ], [ -103.525377229080959, 25.554836772442435 ], [ -103.529949702789224, 25.554836772442435 ], [ -103.529949702789224, 25.559143199554043 ] ] ] } },
{ "type": "Feature", "properties": { "difference_1990_2000": 5.0, "difference_1990_2010": 10.0, "difference_1990_2020": 13.0 }, "geometry": { "type": "Polygon", "coordinates": [ [ [ -103.529949702789224, 25.602215898789581 ], [ -103.525377229080959, 25.602215898789581 ], [ -103.525377229080959, 25.597907938683242 ], [ -103.529949702789224, 25.597907938683242 ], [ -103.529949702789224, 25.602215898789581 ] ] ] } },
{ "type": "Feature", "properties": { "difference_1990_2000": 159.0, "difference_1990_2010": 1124.0, "difference_1990_2020": 1602.0 }, "geometry": { "type": "Polygon", "coordinates": [ [ [ -103.529949702789224, 25.567756513167971 ], [ -103.525377229080959, 25.567756513167971 ], [ -103.525377229080959, 25.563449779782381 ], [ -103.529949702789224, 25.563449779782346 ], [ -103.529949702789224, 25.567756513167971 ] ] ] } },
{ "type": "Feature", "properties": { "difference_1990_2000": -44.0, "difference_1990_2010": -341.0, "difference_1990_2020": -406.0 }, "geometry": { "type": "Polygon", "coordinates": [ [ [ -103.529949702789224, 25.529001422952906 ], [ -103.525377229080959, 25.529001422952906 ], [ -103.525377229080959, 25.524696066522996 ], [ -103.529949702789224, 25.524696066522957 ], [ -103.529949702789224, 25.529001422952906 ] ] ] } },
{ "type": "Feature", "properties": { "difference_1990_2000": -245.0, "difference_1990_2010": -550.0, "difference_1990_2020": -699.0 }, "geometry": { "type": "Polygon", "coordinates": [ [ [ -103.529949702789224, 25.533306932215755 ], [ -103.525377229080959, 25.533306932215755 ], [ -103.525377229080959, 25.529001422952906 ], [ -103.529949702789224, 25.529001422952906 ], [ -103.529949702789224, 25.533306932215755 ] ] ] } },
{ "type": "Feature", "properties": { "difference_1990_2000": 49.0, "difference_1990_2010": 86.0, "difference_1990_2020": 284.0 }, "geometry": { "type": "Polygon", "coordinates": [ [ [ -103.529949702789224, 25.597907938683242 ], [ -103.525377229080959, 25.597907938683242 ], [ -103.525377229080959, 25.593600132059201 ], [ -103.529949702789224, 25.593600132059201 ], [ -103.529949702789224, 25.597907938683242 ] ] ] } },
{ "type": "Feature", "properties": { "difference_1990_2000": -59.0, "difference_1990_2010": -233.0, "difference_1990_2020": -366.0 }, "geometry": { "type": "Polygon", "coordinates": [ [ [ -103.529949702789224, 25.541918409402399 ], [ -103.525377229080959, 25.541918409402399 ], [ -103.525377229080959, 25.537612594352098 ], [ -103.529949702789224, 25.537612594352098 ], [ -103.529949702789224, 25.541918409402399 ] ] ] } },
{ "type": "Feature", "properties": { "difference_1990_2000": 195.0, "difference_1990_2010": 344.0, "difference_1990_2020": 599.0 }, "geometry": { "type": "Polygon", "coordinates": [ [ [ -103.529949702789224, 25.550530498407017 ], [ -103.525377229080959, 25.550530498407017 ], [ -103.525377229080959, 25.54622437740721 ], [ -103.529949702789224, 25.54622437740721 ], [ -103.529949702789224, 25.550530498407017 ] ] ] } },
{ "type": "Feature", "properties": { "difference_1990_2000": 162.0, "difference_1990_2010": 767.0, "difference_1990_2020": 1288.0 }, "geometry": { "type": "Polygon", "coordinates": [ [ [ -103.529949702789224, 25.572063399751489 ], [ -103.525377229080959, 25.572063399751524 ], [ -103.525377229080959, 25.567756513167971 ], [ -103.529949702789224, 25.567756513167971 ], [ -103.529949702789224, 25.572063399751489 ] ] ] } },
{ "type": "Feature", "properties": { "difference_1990_2000": 5.0, "difference_1990_2010": -17.0, "difference_1990_2020": 1.0 }, "geometry": { "type": "Polygon", "coordinates": [ [ [ -103.529949702789224, 25.54622437740721 ], [ -103.525377229080959, 25.54622437740721 ], [ -103.525377229080959, 25.541918409402399 ], [ -103.529949702789224, 25.541918409402399 ], [ -103.529949702789224, 25.54622437740721 ] ] ] } },
{ "type": "Feature", "properties": { "difference_1990_2000": 1750.0, "difference_1990_2010": 3151.0, "difference_1990_2020": 3515.0 }, "geometry": { "type": "Polygon", "coordinates": [ [ [ -103.529949702789224, 25.584984979095623 ], [ -103.525377229080959, 25.584984979095623 ], [ -103.525377229080959, 25.580677632674703 ], [ -103.529949702789224, 25.580677632674703 ], [ -103.529949702789224, 25.584984979095623 ] ] ] } },
{ "type": "Feature", "properties": { "difference_1990_2000": -253.0, "difference_1990_2010": -510.0, "difference_1990_2020": -666.0 }, "geometry": { "type": "Polygon", "coordinates": [ [ [ -103.529949702789224, 25.537612594352098 ], [ -103.525377229080959, 25.537612594352098 ], [ -103.525377229080959, 25.533306932215755 ], [ -103.529949702789224, 25.533306932215755 ], [ -103.529949702789224, 25.537612594352098 ] ] ] } },
{ "type": "Feature", "properties": { "difference_1990_2000": 0.0, "difference_1990_2010": 0.0, "difference_1990_2020": 1581.0 }, "geometry": { "type": "Polygon", "coordinates": [ [ [ -103.342478280749873, 25.554836772442435 ], [ -103.337905807041594, 25.554836772442435 ], [ -103.337905807041594, 25.550530498407017 ], [ -103.342478280749873, 25.550530498407017 ], [ -103.342478280749873, 25.554836772442435 ] ] ] } },
{ "type": "Feature", "properties": { "difference_1990_2000": 384.0, "difference_1990_2010": 722.0, "difference_1990_2020": 545.0 }, "geometry": { "type": "Polygon", "coordinates": [ [ [ -103.342478280749873, 25.524696066522996 ], [ -103.337905807041594, 25.524696066522957 ], [ -103.337905807041594, 25.520390862885513 ], [ -103.342478280749873, 25.520390862885513 ], [ -103.342478280749873, 25.524696066522996 ] ] ] } },
{ "type": "Feature", "properties": { "difference_1990_2000": 0.0, "difference_1990_2010": 0.0, "difference_1990_2020": 1658.0 }, "geometry": { "type": "Polygon", "coordinates": [ [ [ -103.342478280749873, 25.559143199554043 ], [ -103.337905807041594, 25.559143199554043 ], [ -103.337905807041594, 25.554836772442435 ], [ -103.342478280749873, 25.554836772442435 ], [ -103.342478280749873, 25.559143199554043 ] ] ] } },
{ "type": "Feature", "properties": { "difference_1990_2000": 0.0, "difference_1990_2010": 0.0, "difference_1990_2020": 220.0 }, "geometry": { "type": "Polygon", "coordinates": [ [ [ -103.342478280749873, 25.563449779782381 ], [ -103.337905807041594, 25.563449779782346 ], [ -103.337905807041594, 25.559143199554043 ], [ -103.342478280749873, 25.559143199554043 ], [ -103.342478280749873, 25.563449779782381 ] ] ] } },
{ "type": "Feature", "properties": { "difference_1990_2000": 0.0, "difference_1990_2010": 53.0, "difference_1990_2020": 80.0 }, "geometry": { "type": "Polygon", "coordinates": [ [ [ -103.342478280749873, 25.494562847435752 ], [ -103.337905807041594, 25.494562847435752 ], [ -103.337905807041594, 25.490258712212455 ], [ -103.342478280749873, 25.490258712212455 ], [ -103.342478280749873, 25.494562847435752 ] ] ] } },
{ "type": "Feature", "properties": { "difference_1990_2000": 449.0, "difference_1990_2010": 936.0, "difference_1990_2020": 665.0 }, "geometry": { "type": "Polygon", "coordinates": [ [ [ -103.342478280749873, 25.529001422952906 ], [ -103.337905807041594, 25.529001422952906 ], [ -103.337905807041594, 25.524696066522957 ], [ -103.342478280749873, 25.524696066522996 ], [ -103.342478280749873, 25.529001422952906 ] ] ] } },
{ "type": "Feature", "properties": { "difference_1990_2000": 28.0, "difference_1990_2010": 296.0, "difference_1990_2020": 143.0 }, "geometry": { "type": "Polygon", "coordinates": [ [ [ -103.342478280749873, 25.533306932215755 ], [ -103.337905807041594, 25.533306932215755 ], [ -103.337905807041594, 25.529001422952906 ], [ -103.342478280749873, 25.529001422952906 ], [ -103.342478280749873, 25.533306932215755 ] ] ] } },
{ "type": "Feature", "properties": { "difference_1990_2000": 5.0, "difference_1990_2010": 69.0, "difference_1990_2020": 1091.0 }, "geometry": { "type": "Polygon", "coordinates": [ [ [ -103.342478280749873, 25.541918409402399 ], [ -103.337905807041594, 25.541918409402399 ], [ -103.337905807041594, 25.537612594352062 ], [ -103.342478280749873, 25.537612594352098 ], [ -103.342478280749873, 25.541918409402399 ] ] ] } },
{ "type": "Feature", "properties": { "difference_1990_2000": 0.0, "difference_1990_2010": 1095.0, "difference_1990_2020": 2522.0 }, "geometry": { "type": "Polygon", "coordinates": [ [ [ -103.342478280749873, 25.550530498407017 ], [ -103.337905807041594, 25.550530498407017 ], [ -103.337905807041594, 25.54622437740721 ], [ -103.342478280749873, 25.546224377407228 ], [ -103.342478280749873, 25.550530498407017 ] ] ] } },
{ "type": "Feature", "properties": { "difference_1990_2000": 0.0, "difference_1990_2010": 262.0, "difference_1990_2020": 390.0 }, "geometry": { "type": "Polygon", "coordinates": [ [ [ -103.342478280749873, 25.49886713516835 ], [ -103.337905807041594, 25.49886713516835 ], [ -103.337905807041594, 25.494562847435752 ], [ -103.342478280749873, 25.494562847435752 ], [ -103.342478280749873, 25.49886713516835 ] ] ] } },
{ "type": "Feature", "properties": { "difference_1990_2000": 16.0, "difference_1990_2010": 219.0, "difference_1990_2020": 1194.0 }, "geometry": { "type": "Polygon", "coordinates": [ [ [ -103.342478280749873, 25.546224377407228 ], [ -103.337905807041594, 25.54622437740721 ], [ -103.337905807041594, 25.541918409402399 ], [ -103.342478280749873, 25.541918409402399 ], [ -103.342478280749873, 25.546224377407228 ] ] ] } },
{ "type": "Feature", "properties": { "difference_1990_2000": 15.0, "difference_1990_2010": 207.0, "difference_1990_2020": 473.0 }, "geometry": { "type": "Polygon", "coordinates": [ [ [ -103.342478280749873, 25.537612594352098 ], [ -103.337905807041594, 25.537612594352062 ], [ -103.337905807041594, 25.533306932215755 ], [ -103.342478280749873, 25.533306932215755 ], [ -103.342478280749873, 25.537612594352098 ] ] ] } },
{ "type": "Feature", "properties": { "difference_1990_2000": 0.0, "difference_1990_2010": 411.0, "difference_1990_2020": 919.0 }, "geometry": { "type": "Polygon", "coordinates": [ [ [ -103.520804755372666, 25.60652401241903 ], [ -103.516232281664387, 25.606524012419019 ], [ -103.516232281664387, 25.602215898789616 ], [ -103.520804755372666, 25.602215898789616 ], [ -103.520804755372666, 25.60652401241903 ] ] ] } },
{ "type": "Feature", "properties": { "difference_1990_2000": -99.0, "difference_1990_2010": -307.0, "difference_1990_2020": -168.0 }, "geometry": { "type": "Polygon", "coordinates": [ [ [ -103.520804755372666, 25.589292478876921 ], [ -103.516232281664387, 25.589292478876875 ], [ -103.516232281664387, 25.584984979095623 ], [ -103.520804755372666, 25.584984979095623 ], [ -103.520804755372666, 25.589292478876921 ] ] ] } },
{ "type": "Feature", "properties": { "difference_1990_2000": 201.0, "difference_1990_2010": 705.0, "difference_1990_2020": 1044.0 }, "geometry": { "type": "Polygon", "coordinates": [ [ [ -103.520804755372666, 25.554836772442435 ], [ -103.516232281664387, 25.554836772442435 ], [ -103.516232281664387, 25.550530498407017 ], [ -103.520804755372666, 25.550530498407017 ], [ -103.520804755372666, 25.554836772442435 ] ] ] } },
{ "type": "Feature", "properties": { "difference_1990_2000": 299.0, "difference_1990_2010": 330.0, "difference_1990_2020": 363.0 }, "geometry": { "type": "Polygon", "coordinates": [ [ [ -103.520804755372666, 25.580677632674668 ], [ -103.516232281664387, 25.580677632674703 ], [ -103.516232281664387, 25.576370439573555 ], [ -103.520804755372666, 25.576370439573555 ], [ -103.520804755372666, 25.580677632674668 ] ] ] } },
{ "type": "Feature", "properties": { "difference_1990_2000": 0.0, "difference_1990_2010": 0.0, "difference_1990_2020": 1.0 }, "geometry": { "type": "Polygon", "coordinates": [ [ [ -103.520804755372666, 25.503171575450629 ], [ -103.516232281664387, 25.503171575450629 ], [ -103.516232281664387, 25.49886713516835 ], [ -103.520804755372666, 25.49886713516835 ], [ -103.520804755372666, 25.503171575450629 ] ] ] } },
{ "type": "Feature", "properties": { "difference_1990_2000": 0.0, "difference_1990_2010": 336.0, "difference_1990_2020": 267.0 }, "geometry": { "type": "Polygon", "coordinates": [ [ [ -103.520804755372666, 25.507476168323041 ], [ -103.516232281664387, 25.507476168323048 ], [ -103.516232281664387, 25.503171575450629 ], [ -103.520804755372666, 25.503171575450629 ], [ -103.520804755372666, 25.507476168323041 ] ] ] } },
{ "type": "Feature", "properties": { "difference_1990_2000": -171.0, "difference_1990_2010": -39.0, "difference_1990_2020": 564.0 }, "geometry": { "type": "Polygon", "coordinates": [ [ [ -103.520804755372666, 25.593600132059201 ], [ -103.516232281664387, 25.593600132059201 ], [ -103.516232281664387, 25.589292478876875 ], [ -103.520804755372666, 25.589292478876921 ], [ -103.520804755372666, 25.593600132059201 ] ] ] } },
{ "type": "Feature", "properties": { "difference_1990_2000": -300.0, "difference_1990_2010": -87.0, "difference_1990_2020": -34.0 }, "geometry": { "type": "Polygon", "coordinates": [ [ [ -103.520804755372666, 25.576370439573555 ], [ -103.516232281664387, 25.576370439573555 ], [ -103.516232281664387, 25.572063399751489 ], [ -103.520804755372666, 25.572063399751489 ], [ -103.520804755372666, 25.576370439573555 ] ] ] } },
{ "type": "Feature", "properties": { "difference_1990_2000": 0.0, "difference_1990_2010": 382.0, "difference_1990_2020": 373.0 }, "geometry": { "type": "Polygon", "coordinates": [ [ [ -103.520804755372666, 25.511780913825977 ], [ -103.516232281664387, 25.511780913825994 ], [ -103.516232281664387, 25.507476168323048 ], [ -103.520804755372666, 25.507476168323041 ], [ -103.520804755372666, 25.511780913825977 ] ] ] } },
{ "type": "Feature", "properties": { "difference_1990_2000": 395.0, "difference_1990_2010": 963.0, "difference_1990_2020": 1313.0 }, "geometry": { "type": "Polygon", "coordinates": [ [ [ -103.520804755372666, 25.559143199554043 ], [ -103.516232281664387, 25.559143199554043 ], [ -103.516232281664387, 25.554836772442435 ], [ -103.520804755372666, 25.554836772442435 ], [ -103.520804755372666, 25.559143199554043 ] ] ] } },
{ "type": "Feature", "properties": { "difference_1990_2000": 421.0, "difference_1990_2010": 997.0, "difference_1990_2020": 1388.0 }, "geometry": { "type": "Polygon", "coordinates": [ [ [ -103.520804755372666, 25.563449779782381 ], [ -103.516232281664387, 25.563449779782346 ], [ -103.516232281664387, 25.559143199554043 ], [ -103.520804755372666, 25.559143199554043 ], [ -103.520804755372666, 25.563449779782381 ] ] ] } },
{ "type": "Feature", "properties": { "difference_1990_2000": 275.0, "difference_1990_2010": 761.0, "difference_1990_2020": 1001.0 }, "geometry": { "type": "Polygon", "coordinates": [ [ [ -103.520804755372666, 25.567756513167971 ], [ -103.516232281664387, 25.567756513167971 ], [ -103.516232281664387, 25.563449779782346 ], [ -103.520804755372666, 25.563449779782381 ], [ -103.520804755372666, 25.567756513167971 ] ] ] } },
{ "type": "Feature", "properties": { "difference_1990_2000": -58.0, "difference_1990_2010": 1376.0, "difference_1990_2020": 2327.0 }, "geometry": { "type": "Polygon", "coordinates": [ [ [ -103.520804755372666, 25.602215898789616 ], [ -103.516232281664387, 25.602215898789616 ], [ -103.516232281664387, 25.597907938683242 ], [ -103.520804755372666, 25.597907938683242 ], [ -103.520804755372666, 25.602215898789616 ] ] ] } },
{ "type": "Feature", "properties": { "difference_1990_2000": 4.0, "difference_1990_2010": -60.0, "difference_1990_2020": -66.0 }, "geometry": { "type": "Polygon", "coordinates": [ [ [ -103.520804755372666, 25.529001422952906 ], [ -103.516232281664387, 25.529001422952906 ], [ -103.516232281664387, 25.524696066522957 ], [ -103.520804755372666, 25.524696066522957 ], [ -103.520804755372666, 25.529001422952906 ] ] ] } },
{ "type": "Feature", "properties": { "difference_1990_2000": -34.0, "difference_1990_2010": -303.0, "difference_1990_2020": -366.0 }, "geometry": { "type": "Polygon", "coordinates": [ [ [ -103.520804755372666, 25.533306932215755 ], [ -103.516232281664387, 25.533306932215755 ], [ -103.516232281664387, 25.529001422952906 ], [ -103.520804755372666, 25.529001422952906 ], [ -103.520804755372666, 25.533306932215755 ] ] ] } },
{ "type": "Feature", "properties": { "difference_1990_2000": -121.0, "difference_1990_2010": 821.0, "difference_1990_2020": 1564.0 }, "geometry": { "type": "Polygon", "coordinates": [ [ [ -103.520804755372666, 25.597907938683242 ], [ -103.516232281664387, 25.597907938683242 ], [ -103.516232281664387, 25.593600132059201 ], [ -103.520804755372666, 25.593600132059201 ], [ -103.520804755372666, 25.597907938683242 ] ] ] } },
{ "type": "Feature", "properties": { "difference_1990_2000": -103.0, "difference_1990_2010": -169.0, "difference_1990_2020": -217.0 }, "geometry": { "type": "Polygon", "coordinates": [ [ [ -103.520804755372666, 25.541918409402399 ], [ -103.516232281664387, 25.541918409402399 ], [ -103.516232281664387, 25.537612594352062 ], [ -103.520804755372666, 25.537612594352098 ], [ -103.520804755372666, 25.541918409402399 ] ] ] } },
{ "type": "Feature", "properties": { "difference_1990_2000": 289.0, "difference_1990_2010": 338.0, "difference_1990_2020": 294.0 }, "geometry": { "type": "Polygon", "coordinates": [ [ [ -103.520804755372666, 25.550530498407017 ], [ -103.516232281664387, 25.550530498407017 ], [ -103.516232281664387, 25.54622437740721 ], [ -103.520804755372666, 25.546224377407228 ], [ -103.520804755372666, 25.550530498407017 ] ] ] } },
{ "type": "Feature", "properties": { "difference_1990_2000": 473.0, "difference_1990_2010": 855.0, "difference_1990_2020": 904.0 }, "geometry": { "type": "Polygon", "coordinates": [ [ [ -103.520804755372666, 25.572063399751489 ], [ -103.516232281664387, 25.572063399751489 ], [ -103.516232281664387, 25.567756513167971 ], [ -103.520804755372666, 25.567756513167971 ], [ -103.520804755372666, 25.572063399751489 ] ] ] } },
{ "type": "Feature", "properties": { "difference_1990_2000": 0.0, "difference_1990_2010": 0.0, "difference_1990_2020": 109.0 }, "geometry": { "type": "Polygon", "coordinates": [ [ [ -103.520804755372666, 25.49886713516835 ], [ -103.516232281664387, 25.49886713516835 ], [ -103.516232281664387, 25.494562847435752 ], [ -103.520804755372666, 25.494562847435752 ], [ -103.520804755372666, 25.49886713516835 ] ] ] } },
{ "type": "Feature", "properties": { "difference_1990_2000": 179.0, "difference_1990_2010": -100.0, "difference_1990_2020": -134.0 }, "geometry": { "type": "Polygon", "coordinates": [ [ [ -103.520804755372666, 25.584984979095623 ], [ -103.516232281664387, 25.584984979095623 ], [ -103.516232281664387, 25.580677632674703 ], [ -103.520804755372666, 25.580677632674668 ], [ -103.520804755372666, 25.584984979095623 ] ] ] } },
{ "type": "Feature", "properties": { "difference_1990_2000": 27.0, "difference_1990_2010": -77.0, "difference_1990_2020": -115.0 }, "geometry": { "type": "Polygon", "coordinates": [ [ [ -103.520804755372666, 25.546224377407228 ], [ -103.516232281664387, 25.54622437740721 ], [ -103.516232281664387, 25.541918409402399 ], [ -103.520804755372666, 25.541918409402399 ], [ -103.520804755372666, 25.546224377407228 ] ] ] } },
{ "type": "Feature", "properties": { "difference_1990_2000": -171.0, "difference_1990_2010": -409.0, "difference_1990_2020": -507.0 }, "geometry": { "type": "Polygon", "coordinates": [ [ [ -103.520804755372666, 25.537612594352098 ], [ -103.516232281664387, 25.537612594352062 ], [ -103.516232281664387, 25.533306932215755 ], [ -103.520804755372666, 25.533306932215755 ], [ -103.520804755372666, 25.537612594352098 ] ] ] } },
{ "type": "Feature", "properties": { "difference_1990_2000": 0.0, "difference_1990_2010": 0.0, "difference_1990_2020": 3.0 }, "geometry": { "type": "Polygon", "coordinates": [ [ [ -103.333333333333343, 25.520390862885513 ], [ -103.328760859625064, 25.520390862885538 ], [ -103.328760859625064, 25.516085812000036 ], [ -103.333333333333343, 25.516085812000036 ], [ -103.333333333333343, 25.520390862885513 ] ] ] } },
{ "type": "Feature", "properties": { "difference_1990_2000": 0.0, "difference_1990_2010": 38.0, "difference_1990_2020": 161.0 }, "geometry": { "type": "Polygon", "coordinates": [ [ [ -103.333333333333343, 25.6366851098892 ], [ -103.328760859625064, 25.636685109889179 ], [ -103.328760859625064, 25.632375920458614 ], [ -103.333333333333343, 25.632375920458635 ], [ -103.333333333333343, 25.6366851098892 ] ] ] } },
{ "type": "Feature", "properties": { "difference_1990_2000": 22.0, "difference_1990_2010": 71.0, "difference_1990_2020": 137.0 }, "geometry": { "type": "Polygon", "coordinates": [ [ [ -103.333333333333343, 25.645303950337791 ], [ -103.328760859625064, 25.645303950337773 ], [ -103.328760859625064, 25.640994453168641 ], [ -103.333333333333343, 25.640994453168641 ], [ -103.333333333333343, 25.645303950337791 ] ] ] } },
{ "type": "Feature", "properties": { "difference_1990_2000": 0.0, "difference_1990_2010": 943.0, "difference_1990_2020": 2127.0 }, "geometry": { "type": "Polygon", "coordinates": [ [ [ -103.333333333333343, 25.554836772442474 ], [ -103.328760859625064, 25.554836772442435 ], [ -103.328760859625064, 25.550530498407017 ], [ -103.333333333333343, 25.550530498407017 ], [ -103.333333333333343, 25.554836772442474 ] ] ] } },
{ "type": "Feature", "properties": { "difference_1990_2000": 0.0, "difference_1990_2010": 5.0, "difference_1990_2020": 17.0 }, "geometry": { "type": "Polygon", "coordinates": [ [ [ -103.333333333333343, 25.524696066523017 ], [ -103.328760859625064, 25.524696066522957 ], [ -103.328760859625064, 25.520390862885538 ], [ -103.333333333333343, 25.520390862885513 ], [ -103.333333333333343, 25.524696066523017 ] ] ] } },
{ "type": "Feature", "properties": { "difference_1990_2000": 0.0, "difference_1990_2010": 256.0, "difference_1990_2020": 337.0 }, "geometry": { "type": "Polygon", "coordinates": [ [ [ -103.333333333333343, 25.563449779782346 ], [ -103.328760859625064, 25.563449779782381 ], [ -103.328760859625064, 25.559143199554043 ], [ -103.333333333333343, 25.559143199554043 ], [ -103.333333333333343, 25.563449779782346 ] ] ] } },
{ "type": "Feature", "properties": { "difference_1990_2000": 0.0, "difference_1990_2010": 812.0, "difference_1990_2020": 1070.0 }, "geometry": { "type": "Polygon", "coordinates": [ [ [ -103.333333333333343, 25.559143199554043 ], [ -103.328760859625064, 25.559143199554043 ], [ -103.328760859625064, 25.554836772442435 ], [ -103.333333333333343, 25.554836772442474 ], [ -103.333333333333343, 25.559143199554043 ] ] ] } },
{ "type": "Feature", "properties": { "difference_1990_2000": 0.0, "difference_1990_2010": 466.0, "difference_1990_2020": 1072.0 }, "geometry": { "type": "Polygon", "coordinates": [ [ [ -103.333333333333343, 25.529001422952906 ], [ -103.328760859625064, 25.529001422952906 ], [ -103.328760859625064, 25.524696066522957 ], [ -103.333333333333343, 25.524696066523017 ], [ -103.333333333333343, 25.529001422952906 ] ] ] } },
{ "type": "Feature", "properties": { "difference_1990_2000": 0.0, "difference_1990_2010": 506.0, "difference_1990_2020": 1164.0 }, "geometry": { "type": "Polygon", "coordinates": [ [ [ -103.333333333333343, 25.533306932215755 ], [ -103.328760859625064, 25.533306932215755 ], [ -103.328760859625064, 25.529001422952906 ], [ -103.333333333333343, 25.529001422952906 ], [ -103.333333333333343, 25.533306932215755 ] ] ] } },
{ "type": "Feature", "properties": { "difference_1990_2000": 0.0, "difference_1990_2010": 506.0, "difference_1990_2020": 1164.0 }, "geometry": { "type": "Polygon", "coordinates": [ [ [ -103.333333333333343, 25.541918409402399 ], [ -103.328760859625064, 25.541918409402399 ], [ -103.328760859625064, 25.537612594352098 ], [ -103.333333333333343, 25.537612594352098 ], [ -103.333333333333343, 25.541918409402399 ] ] ] } },
{ "type": "Feature", "properties": { "difference_1990_2000": 11.0, "difference_1990_2010": 1369.0, "difference_1990_2020": 1933.0 }, "geometry": { "type": "Polygon", "coordinates": [ [ [ -103.333333333333343, 25.550530498407017 ], [ -103.328760859625064, 25.550530498407017 ], [ -103.328760859625064, 25.546224377407174 ], [ -103.333333333333343, 25.54622437740721 ], [ -103.333333333333343, 25.550530498407017 ] ] ] } },
{ "type": "Feature", "properties": { "difference_1990_2000": 3.0, "difference_1990_2010": 380.0, "difference_1990_2020": 411.0 }, "geometry": { "type": "Polygon", "coordinates": [ [ [ -103.333333333333343, 25.640994453168641 ], [ -103.328760859625064, 25.640994453168641 ], [ -103.328760859625064, 25.636685109889179 ], [ -103.333333333333343, 25.6366851098892 ], [ -103.333333333333343, 25.640994453168641 ] ] ] } },
{ "type": "Feature", "properties": { "difference_1990_2000": 60.0, "difference_1990_2010": 582.0, "difference_1990_2020": 942.0 }, "geometry": { "type": "Polygon", "coordinates": [ [ [ -103.333333333333343, 25.54622437740721 ], [ -103.328760859625064, 25.546224377407174 ], [ -103.328760859625064, 25.541918409402399 ], [ -103.333333333333343, 25.541918409402399 ], [ -103.333333333333343, 25.54622437740721 ] ] ] } },
{ "type": "Feature", "properties": { "difference_1990_2000": 0.0, "difference_1990_2010": 506.0, "difference_1990_2020": 1164.0 }, "geometry": { "type": "Polygon", "coordinates": [ [ [ -103.333333333333343, 25.537612594352098 ], [ -103.328760859625064, 25.537612594352098 ], [ -103.328760859625064, 25.533306932215755 ], [ -103.333333333333343, 25.533306932215755 ], [ -103.333333333333343, 25.537612594352098 ] ] ] } },
{ "type": "Feature", "properties": { "difference_1990_2000": 140.0, "difference_1990_2010": 130.0, "difference_1990_2020": 228.0 }, "geometry": { "type": "Polygon", "coordinates": [ [ [ -103.511659807956093, 25.606524012419019 ], [ -103.507087334247814, 25.606524012419019 ], [ -103.507087334247814, 25.602215898789616 ], [ -103.511659807956093, 25.602215898789581 ], [ -103.511659807956093, 25.606524012419019 ] ] ] } },
{ "type": "Feature", "properties": { "difference_1990_2000": 1101.0, "difference_1990_2010": 1217.0, "difference_1990_2020": 1275.0 }, "geometry": { "type": "Polygon", "coordinates": [ [ [ -103.511659807956093, 25.589292478876903 ], [ -103.507087334247814, 25.589292478876875 ], [ -103.507087334247814, 25.584984979095623 ], [ -103.511659807956093, 25.584984979095623 ], [ -103.511659807956093, 25.589292478876903 ] ] ] } },
{ "type": "Feature", "properties": { "difference_1990_2000": 377.0, "difference_1990_2010": 622.0, "difference_1990_2020": 769.0 }, "geometry": { "type": "Polygon", "coordinates": [ [ [ -103.511659807956093, 25.554836772442435 ], [ -103.507087334247814, 25.554836772442435 ], [ -103.507087334247814, 25.550530498407017 ], [ -103.511659807956093, 25.550530498407017 ], [ -103.511659807956093, 25.554836772442435 ] ] ] } },
{ "type": "Feature", "properties": { "difference_1990_2000": 0.0, "difference_1990_2010": 9.0, "difference_1990_2020": 11.0 }, "geometry": { "type": "Polygon", "coordinates": [ [ [ -103.511659807956093, 25.516085812000011 ], [ -103.507087334247814, 25.516085812000011 ], [ -103.507087334247814, 25.511780913825977 ], [ -103.511659807956093, 25.511780913825994 ], [ -103.511659807956093, 25.516085812000011 ] ] ] } },
{ "type": "Feature", "properties": { "difference_1990_2000": 269.0, "difference_1990_2010": 10.0, "difference_1990_2020": -80.0 }, "geometry": { "type": "Polygon", "coordinates": [ [ [ -103.511659807956093, 25.580677632674703 ], [ -103.507087334247814, 25.580677632674703 ], [ -103.507087334247814, 25.576370439573555 ], [ -103.511659807956093, 25.576370439573555 ], [ -103.511659807956093, 25.580677632674703 ] ] ] } },
{ "type": "Feature", "properties": { "difference_1990_2000": 0.0, "difference_1990_2010": 781.0, "difference_1990_2020": 720.0 }, "geometry": { "type": "Polygon", "coordinates": [ [ [ -103.511659807956093, 25.684096356626821 ], [ -103.507087334247814, 25.684096356626821 ], [ -103.507087334247814, 25.679785472614249 ], [ -103.511659807956093, 25.679785472614206 ], [ -103.511659807956093, 25.684096356626821 ] ] ] } },
{ "type": "Feature", "properties": { "difference_1990_2000": 0.0, "difference_1990_2010": 7.0, "difference_1990_2020": 7.0 }, "geometry": { "type": "Polygon", "coordinates": [ [ [ -103.511659807956093, 25.507476168323041 ], [ -103.507087334247814, 25.507476168323041 ], [ -103.507087334247814, 25.503171575450629 ], [ -103.511659807956093, 25.503171575450629 ], [ -103.511659807956093, 25.507476168323041 ] ] ] } },
{ "type": "Feature", "properties": { "difference_1990_2000": 260.0, "difference_1990_2010": 401.0, "difference_1990_2020": 431.0 }, "geometry": { "type": "Polygon", "coordinates": [ [ [ -103.511659807956093, 25.610832279612154 ], [ -103.507087334247814, 25.610832279612154 ], [ -103.507087334247814, 25.606524012419019 ], [ -103.511659807956093, 25.606524012419019 ], [ -103.511659807956093, 25.610832279612154 ] ] ] } },
{ "type": "Feature", "properties": { "difference_1990_2000": -7.0, "difference_1990_2010": -418.0, "difference_1990_2020": -572.0 }, "geometry": { "type": "Polygon", "coordinates": [ [ [ -103.511659807956093, 25.576370439573555 ], [ -103.507087334247814, 25.576370439573555 ], [ -103.507087334247814, 25.572063399751489 ], [ -103.511659807956093, 25.572063399751489 ], [ -103.511659807956093, 25.576370439573555 ] ] ] } },
{ "type": "Feature", "properties": { "difference_1990_2000": 940.0, "difference_1990_2010": 1053.0, "difference_1990_2020": 1310.0 }, "geometry": { "type": "Polygon", "coordinates": [ [ [ -103.511659807956093, 25.593600132059237 ], [ -103.507087334247814, 25.593600132059201 ], [ -103.507087334247814, 25.589292478876875 ], [ -103.511659807956093, 25.589292478876903 ], [ -103.511659807956093, 25.593600132059237 ] ] ] } },
{ "type": "Feature", "properties": { "difference_1990_2000": 0.0, "difference_1990_2010": 109.0, "difference_1990_2020": 126.0 }, "geometry": { "type": "Polygon", "coordinates": [ [ [ -103.511659807956093, 25.511780913825994 ], [ -103.507087334247814, 25.511780913825977 ], [ -103.507087334247814, 25.507476168323041 ], [ -103.511659807956093, 25.507476168323041 ], [ -103.511659807956093, 25.511780913825994 ] ] ] } },
{ "type": "Feature", "properties": { "difference_1990_2000": -249.0, "difference_1990_2010": -621.0, "difference_1990_2020": -688.0 }, "geometry": { "type": "Polygon", "coordinates": [ [ [ -103.511659807956093, 25.563449779782346 ], [ -103.507087334247814, 25.563449779782324 ], [ -103.507087334247814, 25.559143199554043 ], [ -103.511659807956093, 25.559143199554043 ], [ -103.511659807956093, 25.563449779782346 ] ] ] } },
{ "type": "Feature", "properties": { "difference_1990_2000": 0.0, "difference_1990_2010": 399.0, "difference_1990_2020": 392.0 }, "geometry": { "type": "Polygon", "coordinates": [ [ [ -103.511659807956093, 25.679785472614206 ], [ -103.507087334247814, 25.679785472614249 ], [ -103.507087334247814, 25.675474742858803 ], [ -103.511659807956093, 25.675474742858803 ], [ -103.511659807956093, 25.679785472614206 ] ] ] } },
{ "type": "Feature", "properties": { "difference_1990_2000": -76.0, "difference_1990_2010": -137.0, "difference_1990_2020": -142.0 }, "geometry": { "type": "Polygon", "coordinates": [ [ [ -103.511659807956093, 25.559143199554043 ], [ -103.507087334247814, 25.559143199554043 ], [ -103.507087334247814, 25.554836772442435 ], [ -103.511659807956093, 25.554836772442435 ], [ -103.511659807956093, 25.559143199554043 ] ] ] } },
{ "type": "Feature", "properties": { "difference_1990_2000": 36.0, "difference_1990_2010": 441.0, "difference_1990_2020": 1052.0 }, "geometry": { "type": "Polygon", "coordinates": [ [ [ -103.511659807956093, 25.619449274852371 ], [ -103.507087334247814, 25.619449274852371 ], [ -103.507087334247814, 25.615140700409697 ], [ -103.511659807956093, 25.615140700409697 ], [ -103.511659807956093, 25.619449274852371 ] ] ] } },
{ "type": "Feature", "properties": { "difference_1990_2000": 0.0, "difference_1990_2010": 227.0, "difference_1990_2020": 223.0 }, "geometry": { "type": "Polygon", "coordinates": [ [ [ -103.511659807956093, 25.688407394937425 ], [ -103.507087334247814, 25.688407394937425 ], [ -103.507087334247814, 25.684096356626821 ], [ -103.511659807956093, 25.684096356626821 ], [ -103.511659807956093, 25.688407394937425 ] ] ] } },
{ "type": "Feature", "properties": { "difference_1990_2000": 1180.0, "difference_1990_2010": 1231.0, "difference_1990_2020": 1535.0 }, "geometry": { "type": "Polygon", "coordinates": [ [ [ -103.511659807956093, 25.602215898789581 ], [ -103.507087334247814, 25.602215898789616 ], [ -103.507087334247814, 25.597907938683242 ], [ -103.511659807956093, 25.597907938683242 ], [ -103.511659807956093, 25.602215898789581 ] ] ] } },
{ "type": "Feature", "properties": { "difference_1990_2000": 746.0, "difference_1990_2010": 1044.0, "difference_1990_2020": 1109.0 }, "geometry": { "type": "Polygon", "coordinates": [ [ [ -103.511659807956093, 25.615140700409697 ], [ -103.507087334247814, 25.615140700409697 ], [ -103.507087334247814, 25.610832279612154 ], [ -103.511659807956093, 25.610832279612154 ], [ -103.511659807956093, 25.615140700409697 ] ] ] } },
{ "type": "Feature", "properties": { "difference_1990_2000": 10.0, "difference_1990_2010": -336.0, "difference_1990_2020": -357.0 }, "geometry": { "type": "Polygon", "coordinates": [ [ [ -103.511659807956093, 25.567756513167971 ], [ -103.507087334247814, 25.567756513167943 ], [ -103.507087334247814, 25.563449779782324 ], [ -103.511659807956093, 25.563449779782346 ], [ -103.511659807956093, 25.567756513167971 ] ] ] } },
{ "type": "Feature", "properties": { "difference_1990_2000": 1019.0, "difference_1990_2010": 1800.0, "difference_1990_2020": 2289.0 }, "geometry": { "type": "Polygon", "coordinates": [ [ [ -103.511659807956093, 25.597907938683242 ], [ -103.507087334247814, 25.597907938683242 ], [ -103.507087334247814, 25.593600132059201 ], [ -103.511659807956093, 25.593600132059237 ], [ -103.511659807956093, 25.597907938683242 ] ] ] } },
{ "type": "Feature", "properties": { "difference_1990_2000": 691.0, "difference_1990_2010": 940.0, "difference_1990_2020": 970.0 }, "geometry": { "type": "Polygon", "coordinates": [ [ [ -103.511659807956093, 25.541918409402399 ], [ -103.507087334247814, 25.541918409402399 ], [ -103.507087334247814, 25.537612594352098 ], [ -103.511659807956093, 25.537612594352098 ], [ -103.511659807956093, 25.541918409402399 ] ] ] } },
{ "type": "Feature", "properties": { "difference_1990_2000": 490.0, "difference_1990_2010": 789.0, "difference_1990_2020": 975.0 }, "geometry": { "type": "Polygon", "coordinates": [ [ [ -103.511659807956093, 25.550530498407017 ], [ -103.507087334247814, 25.550530498407017 ], [ -103.507087334247814, 25.54622437740721 ], [ -103.511659807956093, 25.54622437740721 ], [ -103.511659807956093, 25.550530498407017 ] ] ] } },
{ "type": "Feature", "properties": { "difference_1990_2000": 25.0, "difference_1990_2010": -215.0, "difference_1990_2020": -175.0 }, "geometry": { "type": "Polygon", "coordinates": [ [ [ -103.511659807956093, 25.572063399751489 ], [ -103.507087334247814, 25.572063399751489 ], [ -103.507087334247814, 25.567756513167943 ], [ -103.511659807956093, 25.567756513167971 ], [ -103.511659807956093, 25.572063399751489 ] ] ] } },
{ "type": "Feature", "properties": { "difference_1990_2000": 0.0, "difference_1990_2010": 0.0, "difference_1990_2020": 14.0 }, "geometry": { "type": "Polygon", "coordinates": [ [ [ -103.511659807956093, 25.623758002980942 ], [ -103.507087334247814, 25.623758002980942 ], [ -103.507087334247814, 25.619449274852371 ], [ -103.511659807956093, 25.619449274852371 ], [ -103.511659807956093, 25.623758002980942 ] ] ] } },
{ "type": "Feature", "properties": { "difference_1990_2000": 377.0, "difference_1990_2010": 890.0, "difference_1990_2020": 1132.0 }, "geometry": { "type": "Polygon", "coordinates": [ [ [ -103.511659807956093, 25.54622437740721 ], [ -103.507087334247814, 25.54622437740721 ], [ -103.507087334247814, 25.541918409402399 ], [ -103.511659807956093, 25.541918409402399 ], [ -103.511659807956093, 25.54622437740721 ] ] ] } },
{ "type": "Feature", "properties": { "difference_1990_2000": 1346.0, "difference_1990_2010": 1522.0, "difference_1990_2020": 1630.0 }, "geometry": { "type": "Polygon", "coordinates": [ [ [ -103.511659807956093, 25.584984979095623 ], [ -103.507087334247814, 25.584984979095623 ], [ -103.507087334247814, 25.580677632674703 ], [ -103.511659807956093, 25.580677632674703 ], [ -103.511659807956093, 25.584984979095623 ] ] ] } },
{ "type": "Feature", "properties": { "difference_1990_2000": 356.0, "difference_1990_2010": 412.0, "difference_1990_2020": 412.0 }, "geometry": { "type": "Polygon", "coordinates": [ [ [ -103.511659807956093, 25.537612594352098 ], [ -103.507087334247814, 25.537612594352098 ], [ -103.507087334247814, 25.533306932215755 ], [ -103.511659807956093, 25.533306932215755 ], [ -103.511659807956093, 25.537612594352098 ] ] ] } },
{ "type": "Feature", "properties": { "difference_1990_2000": 59.0, "difference_1990_2010": 194.0, "difference_1990_2020": 103.0 }, "geometry": { "type": "Polygon", "coordinates": [ [ [ -103.14586191129402, 25.490258712212455 ], [ -103.141289437585741, 25.490258712212455 ], [ -103.141289437585741, 25.485954729457927 ], [ -103.14586191129402, 25.485954729457973 ], [ -103.14586191129402, 25.490258712212455 ] ] ] } },
{ "type": "Feature", "properties": { "difference_1990_2000": 44.0, "difference_1990_2010": 85.0, "difference_1990_2020": 77.0 }, "geometry": { "type": "Polygon", "coordinates": [ [ [ -103.14586191129402, 25.494562847435752 ], [ -103.141289437585741, 25.494562847435752 ], [ -103.141289437585741, 25.490258712212455 ], [ -103.14586191129402, 25.490258712212455 ], [ -103.14586191129402, 25.494562847435752 ] ] ] } },
{ "type": "Feature", "properties": { "difference_1990_2000": 0.0, "difference_1990_2010": 0.0, "difference_1990_2020": 0.0 }, "geometry": { "type": "Polygon", "coordinates": [ [ [ -103.14586191129402, 25.485954729457973 ], [ -103.141289437585741, 25.485954729457927 ], [ -103.141289437585741, 25.481650899131953 ], [ -103.14586191129402, 25.481650899131953 ], [ -103.14586191129402, 25.485954729457973 ] ] ] } },
{ "type": "Feature", "properties": { "difference_1990_2000": 19.0, "difference_1990_2010": 0.0, "difference_1990_2020": 34.0 }, "geometry": { "type": "Polygon", "coordinates": [ [ [ -103.14586191129402, 25.49886713516835 ], [ -103.141289437585741, 25.49886713516835 ], [ -103.141289437585741, 25.494562847435752 ], [ -103.14586191129402, 25.494562847435752 ], [ -103.14586191129402, 25.49886713516835 ] ] ] } },
{ "type": "Feature", "properties": { "difference_1990_2000": -268.0, "difference_1990_2010": -73.0, "difference_1990_2020": -39.0 }, "geometry": { "type": "Polygon", "coordinates": [ [ [ -103.502514860539549, 25.606524012419019 ], [ -103.497942386831298, 25.606524012419019 ], [ -103.497942386831298, 25.602215898789581 ], [ -103.502514860539549, 25.602215898789581 ], [ -103.502514860539549, 25.606524012419019 ] ] ] } },
{ "type": "Feature", "properties": { "difference_1990_2000": 269.0, "difference_1990_2010": 320.0, "difference_1990_2020": 367.0 }, "geometry": { "type": "Polygon", "coordinates": [ [ [ -103.502514860539549, 25.589292478876903 ], [ -103.497942386831298, 25.589292478876903 ], [ -103.497942386831298, 25.584984979095623 ], [ -103.502514860539549, 25.584984979095623 ], [ -103.502514860539549, 25.589292478876903 ] ] ] } },
{ "type": "Feature", "properties": { "difference_1990_2000": -163.0, "difference_1990_2010": -357.0, "difference_1990_2020": -363.0 }, "geometry": { "type": "Polygon", "coordinates": [ [ [ -103.502514860539549, 25.554836772442414 ], [ -103.497942386831298, 25.554836772442435 ], [ -103.497942386831298, 25.550530498407017 ], [ -103.502514860539549, 25.550530498407017 ], [ -103.502514860539549, 25.554836772442414 ] ] ] } },
{ "type": "Feature", "properties": { "difference_1990_2000": 0.0, "difference_1990_2010": 28.0, "difference_1990_2020": 31.0 }, "geometry": { "type": "Polygon", "coordinates": [ [ [ -103.502514860539549, 25.516085812000036 ], [ -103.497942386831298, 25.516085812000036 ], [ -103.497942386831298, 25.511780913825994 ], [ -103.502514860539549, 25.511780913825977 ], [ -103.502514860539549, 25.516085812000036 ] ] ] } },
{ "type": "Feature", "properties": { "difference_1990_2000": -440.0, "difference_1990_2010": -823.0, "difference_1990_2020": -1001.0 }, "geometry": { "type": "Polygon", "coordinates": [ [ [ -103.502514860539549, 25.580677632674703 ], [ -103.497942386831298, 25.580677632674703 ], [ -103.497942386831298, 25.576370439573555 ], [ -103.502514860539549, 25.576370439573555 ], [ -103.502514860539549, 25.580677632674703 ] ] ] } },
{ "type": "Feature", "properties": { "difference_1990_2000": 0.0, "difference_1990_2010": 1041.0, "difference_1990_2020": 1253.0 }, "geometry": { "type": "Polygon", "coordinates": [ [ [ -103.502514860539549, 25.628066884836109 ], [ -103.497942386831298, 25.628066884836095 ], [ -103.497942386831298, 25.62375800298096 ], [ -103.502514860539549, 25.62375800298096 ], [ -103.502514860539549, 25.628066884836109 ] ] ] } },
{ "type": "Feature", "properties": { "difference_1990_2000": 0.0, "difference_1990_2010": 0.0, "difference_1990_2020": 18.0 }, "geometry": { "type": "Polygon", "coordinates": [ [ [ -103.502514860539549, 25.684096356626821 ], [ -103.497942386831298, 25.684096356626814 ], [ -103.497942386831298, 25.679785472614249 ], [ -103.502514860539549, 25.679785472614249 ], [ -103.502514860539549, 25.684096356626821 ] ] ] } },
{ "type": "Feature", "properties": { "difference_1990_2000": 532.0, "difference_1990_2010": 650.0, "difference_1990_2020": 762.0 }, "geometry": { "type": "Polygon", "coordinates": [ [ [ -103.502514860539549, 25.593600132059201 ], [ -103.497942386831298, 25.593600132059201 ], [ -103.497942386831298, 25.589292478876903 ], [ -103.502514860539549, 25.589292478876903 ], [ -103.502514860539549, 25.593600132059201 ] ] ] } },
{ "type": "Feature", "properties": { "difference_1990_2000": 16.0, "difference_1990_2010": 637.0, "difference_1990_2020": 795.0 }, "geometry": { "type": "Polygon", "coordinates": [ [ [ -103.502514860539549, 25.610832279612154 ], [ -103.497942386831298, 25.610832279612154 ], [ -103.497942386831298, 25.606524012419019 ], [ -103.502514860539549, 25.606524012419019 ], [ -103.502514860539549, 25.610832279612154 ] ] ] } },
{ "type": "Feature", "properties": { "difference_1990_2000": -701.0, "difference_1990_2010": -1236.0, "difference_1990_2020": -1426.0 }, "geometry": { "type": "Polygon", "coordinates": [ [ [ -103.502514860539549, 25.576370439573555 ], [ -103.497942386831298, 25.576370439573555 ], [ -103.497942386831298, 25.572063399751489 ], [ -103.502514860539549, 25.572063399751489 ], [ -103.502514860539549, 25.576370439573555 ] ] ] } },
{ "type": "Feature", "properties": { "difference_1990_2000": 0.0, "difference_1990_2010": 2.0, "difference_1990_2020": 0.0 }, "geometry": { "type": "Polygon", "coordinates": [ [ [ -103.502514860539549, 25.511780913825977 ], [ -103.497942386831298, 25.511780913825994 ], [ -103.497942386831298, 25.507476168323041 ], [ -103.502514860539549, 25.507476168323006 ], [ -103.502514860539549, 25.511780913825977 ] ] ] } },
{ "type": "Feature", "properties": { "difference_1990_2000": -795.0, "difference_1990_2010": -1153.0, "difference_1990_2020": -1330.0 }, "geometry": { "type": "Polygon", "coordinates": [ [ [ -103.502514860539549, 25.563449779782346 ], [ -103.497942386831298, 25.563449779782346 ], [ -103.497942386831298, 25.559143199554043 ], [ -103.502514860539549, 25.559143199554043 ], [ -103.502514860539549, 25.563449779782346 ] ] ] } },
{ "type": "Feature", "properties": { "difference_1990_2000": -1900.0, "difference_1990_2010": -681.0, "difference_1990_2020": -839.0 }, "geometry": { "type": "Polygon", "coordinates": [ [ [ -103.502514860539549, 25.559143199554043 ], [ -103.497942386831298, 25.559143199554043 ], [ -103.497942386831298, 25.554836772442435 ], [ -103.502514860539549, 25.554836772442414 ], [ -103.502514860539549, 25.559143199554043 ] ] ] } },
{ "type": "Feature", "properties": { "difference_1990_2000": 0.0, "difference_1990_2010": 0.0, "difference_1990_2020": 13.0 }, "geometry": { "type": "Polygon", "coordinates": [ [ [ -103.502514860539549, 25.679785472614249 ], [ -103.497942386831298, 25.679785472614249 ], [ -103.497942386831298, 25.675474742858803 ], [ -103.502514860539549, 25.675474742858803 ], [ -103.502514860539549, 25.679785472614249 ] ] ] } },
{ "type": "Feature", "properties": { "difference_1990_2000": 380.0, "difference_1990_2010": 817.0, "difference_1990_2020": 882.0 }, "geometry": { "type": "Polygon", "coordinates": [ [ [ -103.502514860539549, 25.619449274852371 ], [ -103.497942386831298, 25.619449274852371 ], [ -103.497942386831298, 25.615140700409647 ], [ -103.502514860539549, 25.615140700409665 ], [ -103.502514860539549, 25.619449274852371 ] ] ] } },
{ "type": "Feature", "properties": { "difference_1990_2000": 716.0, "difference_1990_2010": 1178.0, "difference_1990_2020": 1136.0 }, "geometry": { "type": "Polygon", "coordinates": [ [ [ -103.502514860539549, 25.615140700409665 ], [ -103.497942386831298, 25.615140700409647 ], [ -103.497942386831298, 25.610832279612154 ], [ -103.502514860539549, 25.610832279612154 ], [ -103.502514860539549, 25.615140700409665 ] ] ] } },
{ "type": "Feature", "properties": { "difference_1990_2000": -123.0, "difference_1990_2010": 99.0, "difference_1990_2020": 61.0 }, "geometry": { "type": "Polygon", "coordinates": [ [ [ -103.502514860539549, 25.602215898789581 ], [ -103.497942386831298, 25.602215898789581 ], [ -103.497942386831298, 25.597907938683242 ], [ -103.502514860539549, 25.597907938683228 ], [ -103.502514860539549, 25.602215898789581 ] ] ] } },
{ "type": "Feature", "properties": { "difference_1990_2000": -451.0, "difference_1990_2010": -748.0, "difference_1990_2020": -866.0 }, "geometry": { "type": "Polygon", "coordinates": [ [ [ -103.502514860539549, 25.567756513167971 ], [ -103.497942386831298, 25.567756513167971 ], [ -103.497942386831298, 25.563449779782346 ], [ -103.502514860539549, 25.563449779782346 ], [ -103.502514860539549, 25.567756513167971 ] ] ] } },
{ "type": "Feature", "properties": { "difference_1990_2000": 1581.0, "difference_1990_2010": 1828.0, "difference_1990_2020": 2001.0 }, "geometry": { "type": "Polygon", "coordinates": [ [ [ -103.502514860539549, 25.597907938683228 ], [ -103.497942386831298, 25.597907938683242 ], [ -103.497942386831298, 25.593600132059201 ], [ -103.502514860539549, 25.593600132059201 ], [ -103.502514860539549, 25.597907938683228 ] ] ] } },
{ "type": "Feature", "properties": { "difference_1990_2000": 0.0, "difference_1990_2010": 265.0, "difference_1990_2020": 591.0 }, "geometry": { "type": "Polygon", "coordinates": [ [ [ -103.502514860539549, 25.632375920458614 ], [ -103.497942386831298, 25.632375920458614 ], [ -103.497942386831298, 25.628066884836095 ], [ -103.502514860539549, 25.628066884836109 ], [ -103.502514860539549, 25.632375920458614 ] ] ] } },
{ "type": "Feature", "properties": { "difference_1990_2000": 125.0, "difference_1990_2010": 176.0, "difference_1990_2020": 196.0 }, "geometry": { "type": "Polygon", "coordinates": [ [ [ -103.502514860539549, 25.541918409402399 ], [ -103.497942386831298, 25.54191840940236 ], [ -103.497942386831298, 25.537612594352062 ], [ -103.502514860539549, 25.537612594352062 ], [ -103.502514860539549, 25.541918409402399 ] ] ] } },
{ "type": "Feature", "properties": { "difference_1990_2000": 9.0, "difference_1990_2010": -48.0, "difference_1990_2020": -35.0 }, "geometry": { "type": "Polygon", "coordinates": [ [ [ -103.502514860539549, 25.550530498407017 ], [ -103.497942386831298, 25.550530498407017 ], [ -103.497942386831298, 25.54622437740721 ], [ -103.502514860539549, 25.546224377407174 ], [ -103.502514860539549, 25.550530498407017 ] ] ] } },
{ "type": "Feature", "properties": { "difference_1990_2000": -660.0, "difference_1990_2010": -1104.0, "difference_1990_2020": -1325.0 }, "geometry": { "type": "Polygon", "coordinates": [ [ [ -103.502514860539549, 25.572063399751489 ], [ -103.497942386831298, 25.572063399751489 ], [ -103.497942386831298, 25.567756513167971 ], [ -103.502514860539549, 25.567756513167971 ], [ -103.502514860539549, 25.572063399751489 ] ] ] } },
{ "type": "Feature", "properties": { "difference_1990_2000": 51.0, "difference_1990_2010": 364.0, "difference_1990_2020": 375.0 }, "geometry": { "type": "Polygon", "coordinates": [ [ [ -103.502514860539549, 25.546224377407174 ], [ -103.497942386831298, 25.54622437740721 ], [ -103.497942386831298, 25.54191840940236 ], [ -103.502514860539549, 25.541918409402399 ], [ -103.502514860539549, 25.546224377407174 ] ] ] } },
{ "type": "Feature", "properties": { "difference_1990_2000": 23.0, "difference_1990_2010": 599.0, "difference_1990_2020": 561.0 }, "geometry": { "type": "Polygon", "coordinates": [ [ [ -103.502514860539549, 25.62375800298096 ], [ -103.497942386831298, 25.62375800298096 ], [ -103.497942386831298, 25.619449274852371 ], [ -103.502514860539549, 25.619449274852371 ], [ -103.502514860539549, 25.62375800298096 ] ] ] } },
{ "type": "Feature", "properties": { "difference_1990_2000": 11.0, "difference_1990_2010": -3.0, "difference_1990_2020": -2.0 }, "geometry": { "type": "Polygon", "coordinates": [ [ [ -103.502514860539549, 25.537612594352062 ], [ -103.497942386831298, 25.537612594352062 ], [ -103.497942386831298, 25.53330693221579 ], [ -103.502514860539549, 25.533306932215737 ], [ -103.502514860539549, 25.537612594352062 ] ] ] } },
{ "type": "Feature", "properties": { "difference_1990_2000": -67.0, "difference_1990_2010": -289.0, "difference_1990_2020": -442.0 }, "geometry": { "type": "Polygon", "coordinates": [ [ [ -103.502514860539549, 25.584984979095623 ], [ -103.497942386831298, 25.584984979095623 ], [ -103.497942386831298, 25.580677632674703 ], [ -103.502514860539549, 25.580677632674703 ], [ -103.502514860539549, 25.584984979095623 ] ] ] } },
{ "type": "Feature", "properties": { "difference_1990_2000": 0.0, "difference_1990_2010": 61.0, "difference_1990_2020": 113.0 }, "geometry": { "type": "Polygon", "coordinates": [ [ [ -103.502514860539549, 25.636685109889147 ], [ -103.497942386831298, 25.6366851098892 ], [ -103.497942386831298, 25.632375920458614 ], [ -103.502514860539549, 25.632375920458614 ], [ -103.502514860539549, 25.636685109889147 ] ] ] } },
{ "type": "Feature", "properties": { "difference_1990_2000": 0.0, "difference_1990_2010": 828.0, "difference_1990_2020": 1887.0 }, "geometry": { "type": "Polygon", "coordinates": [ [ [ -103.324188385916827, 25.554836772442435 ], [ -103.319615912208519, 25.554836772442435 ], [ -103.319615912208519, 25.550530498407017 ], [ -103.324188385916827, 25.550530498407017 ], [ -103.324188385916827, 25.554836772442435 ] ] ] } },
{ "type": "Feature", "properties": { "difference_1990_2000": 64.0, "difference_1990_2010": 21.0, "difference_1990_2020": 113.0 }, "geometry": { "type": "Polygon", "coordinates": [ [ [ -103.324188385916827, 25.645303950337773 ], [ -103.319615912208519, 25.645303950337773 ], [ -103.319615912208519, 25.640994453168641 ], [ -103.324188385916827, 25.640994453168641 ], [ -103.324188385916827, 25.645303950337773 ] ] ] } },
{ "type": "Feature", "properties": { "difference_1990_2000": 0.0, "difference_1990_2010": 1569.0, "difference_1990_2020": 1898.0 }, "geometry": { "type": "Polygon", "coordinates": [ [ [ -103.324188385916827, 25.524696066522957 ], [ -103.319615912208519, 25.524696066522957 ], [ -103.319615912208519, 25.520390862885513 ], [ -103.324188385916827, 25.520390862885513 ], [ -103.324188385916827, 25.524696066522957 ] ] ] } },
{ "type": "Feature", "properties": { "difference_1990_2000": 0.0, "difference_1990_2010": 1.0, "difference_1990_2020": 6.0 }, "geometry": { "type": "Polygon", "coordinates": [ [ [ -103.324188385916827, 25.559143199554043 ], [ -103.319615912208519, 25.559143199554043 ], [ -103.319615912208519, 25.554836772442435 ], [ -103.324188385916827, 25.554836772442435 ], [ -103.324188385916827, 25.559143199554043 ] ] ] } },
{ "type": "Feature", "properties": { "difference_1990_2000": 0.0, "difference_1990_2010": 564.0, "difference_1990_2020": 799.0 }, "geometry": { "type": "Polygon", "coordinates": [ [ [ -103.324188385916827, 25.529001422952906 ], [ -103.319615912208519, 25.529001422952906 ], [ -103.319615912208519, 25.524696066522957 ], [ -103.324188385916827, 25.524696066522957 ], [ -103.324188385916827, 25.529001422952906 ] ] ] } },
{ "type": "Feature", "properties": { "difference_1990_2000": 0.0, "difference_1990_2010": 322.0, "difference_1990_2020": 525.0 }, "geometry": { "type": "Polygon", "coordinates": [ [ [ -103.324188385916827, 25.533306932215755 ], [ -103.319615912208519, 25.53330693221579 ], [ -103.319615912208519, 25.529001422952906 ], [ -103.324188385916827, 25.529001422952906 ], [ -103.324188385916827, 25.533306932215755 ] ] ] } },
{ "type": "Feature", "properties": { "difference_1990_2000": 0.0, "difference_1990_2010": 1872.0, "difference_1990_2020": 2323.0 }, "geometry": { "type": "Polygon", "coordinates": [ [ [ -103.324188385916827, 25.541918409402399 ], [ -103.319615912208519, 25.541918409402399 ], [ -103.319615912208519, 25.537612594352098 ], [ -103.324188385916827, 25.537612594352062 ], [ -103.324188385916827, 25.541918409402399 ] ] ] } },
{ "type": "Feature", "properties": { "difference_1990_2000": 0.0, "difference_1990_2010": 1794.0, "difference_1990_2020": 2693.0 }, "geometry": { "type": "Polygon", "coordinates": [ [ [ -103.324188385916827, 25.550530498407017 ], [ -103.319615912208519, 25.550530498407017 ], [ -103.319615912208519, 25.54622437740721 ], [ -103.324188385916827, 25.54622437740721 ], [ -103.324188385916827, 25.550530498407017 ] ] ] } },
{ "type": "Feature", "properties": { "difference_1990_2000": 40.0, "difference_1990_2010": 13.0, "difference_1990_2020": 55.0 }, "geometry": { "type": "Polygon", "coordinates": [ [ [ -103.324188385916827, 25.640994453168641 ], [ -103.319615912208519, 25.640994453168641 ], [ -103.319615912208519, 25.636685109889179 ], [ -103.324188385916827, 25.636685109889179 ], [ -103.324188385916827, 25.640994453168641 ] ] ] } },
{ "type": "Feature", "properties": { "difference_1990_2000": 13.0, "difference_1990_2010": 0.0, "difference_1990_2020": 29.0 }, "geometry": { "type": "Polygon", "coordinates": [ [ [ -103.324188385916827, 25.701341436066166 ], [ -103.319615912208519, 25.701341436066166 ], [ -103.319615912208519, 25.697029934616165 ], [ -103.324188385916827, 25.697029934616129 ], [ -103.324188385916827, 25.701341436066166 ] ] ] } },
{ "type": "Feature", "properties": { "difference_1990_2000": 0.0, "difference_1990_2010": 503.0, "difference_1990_2020": 1044.0 }, "geometry": { "type": "Polygon", "coordinates": [ [ [ -103.324188385916827, 25.537612594352062 ], [ -103.319615912208519, 25.537612594352098 ], [ -103.319615912208519, 25.53330693221579 ], [ -103.324188385916827, 25.533306932215755 ], [ -103.324188385916827, 25.537612594352062 ] ] ] } },
{ "type": "Feature", "properties": { "difference_1990_2000": 0.0, "difference_1990_2010": 1779.0, "difference_1990_2020": 2687.0 }, "geometry": { "type": "Polygon", "coordinates": [ [ [ -103.324188385916827, 25.54622437740721 ], [ -103.319615912208519, 25.54622437740721 ], [ -103.319615912208519, 25.541918409402399 ], [ -103.324188385916827, 25.541918409402399 ], [ -103.324188385916827, 25.54622437740721 ] ] ] } },
{ "type": "Feature", "properties": { "difference_1990_2000": 3.0, "difference_1990_2010": 4.0, "difference_1990_2020": 11.0 }, "geometry": { "type": "Polygon", "coordinates": [ [ [ -103.680841335162313, 25.503171575450629 ], [ -103.676268861454034, 25.503171575450629 ], [ -103.676268861454034, 25.49886713516835 ], [ -103.680841335162313, 25.49886713516835 ], [ -103.680841335162313, 25.503171575450629 ] ] ] } },
{ "type": "Feature", "properties": { "difference_1990_2000": 57.0, "difference_1990_2010": 9.0, "difference_1990_2020": 71.0 }, "geometry": { "type": "Polygon", "coordinates": [ [ [ -103.680841335162313, 25.468740322320954 ], [ -103.676268861454034, 25.468740322320954 ], [ -103.676268861454034, 25.464437101304952 ], [ -103.680841335162313, 25.464437101305002 ], [ -103.680841335162313, 25.468740322320954 ] ] ] } },
{ "type": "Feature", "properties": { "difference_1990_2000": 58.0, "difference_1990_2010": 85.0, "difference_1990_2020": 61.0 }, "geometry": { "type": "Polygon", "coordinates": [ [ [ -103.680841335162313, 25.464437101305002 ], [ -103.676268861454034, 25.464437101304952 ], [ -103.676268861454034, 25.460134032515668 ], [ -103.680841335162313, 25.460134032515629 ], [ -103.680841335162313, 25.464437101305002 ] ] ] } },
{ "type": "Feature", "properties": { "difference_1990_2000": 75.0, "difference_1990_2010": 281.0, "difference_1990_2020": 266.0 }, "geometry": { "type": "Polygon", "coordinates": [ [ [ -103.136716963877461, 25.490258712212455 ], [ -103.132144490169182, 25.490258712212455 ], [ -103.132144490169182, 25.485954729457962 ], [ -103.136716963877461, 25.485954729457973 ], [ -103.136716963877461, 25.490258712212455 ] ] ] } },
{ "type": "Feature", "properties": { "difference_1990_2000": 109.0, "difference_1990_2010": 355.0, "difference_1990_2020": 471.0 }, "geometry": { "type": "Polygon", "coordinates": [ [ [ -103.136716963877461, 25.494562847435752 ], [ -103.132144490169182, 25.494562847435752 ], [ -103.132144490169182, 25.490258712212455 ], [ -103.136716963877461, 25.490258712212455 ], [ -103.136716963877461, 25.494562847435752 ] ] ] } },
{ "type": "Feature", "properties": { "difference_1990_2000": 6.0, "difference_1990_2010": 24.0, "difference_1990_2020": 26.0 }, "geometry": { "type": "Polygon", "coordinates": [ [ [ -103.136716963877461, 25.485954729457973 ], [ -103.132144490169182, 25.485954729457962 ], [ -103.132144490169182, 25.481650899131989 ], [ -103.136716963877461, 25.481650899131953 ], [ -103.136716963877461, 25.485954729457973 ] ] ] } },
{ "type": "Feature", "properties": { "difference_1990_2000": 5.0, "difference_1990_2010": 19.0, "difference_1990_2020": 24.0 }, "geometry": { "type": "Polygon", "coordinates": [ [ [ -103.136716963877461, 25.49886713516835 ], [ -103.132144490169182, 25.49886713516835 ], [ -103.132144490169182, 25.494562847435752 ], [ -103.136716963877461, 25.494562847435752 ], [ -103.136716963877461, 25.49886713516835 ] ] ] } },
{ "type": "Feature", "properties": { "difference_1990_2000": 0.0, "difference_1990_2010": 82.0, "difference_1990_2020": 282.0 }, "geometry": { "type": "Polygon", "coordinates": [ [ [ -103.315043438500254, 25.554836772442435 ], [ -103.310470964791961, 25.554836772442435 ], [ -103.310470964791961, 25.550530498407017 ], [ -103.315043438500254, 25.550530498407017 ], [ -103.315043438500254, 25.554836772442435 ] ] ] } },
{ "type": "Feature", "properties": { "difference_1990_2000": 5.0, "difference_1990_2010": 15.0, "difference_1990_2020": 11.0 }, "geometry": { "type": "Polygon", "coordinates": [ [ [ -103.315043438500254, 25.692718587586878 ], [ -103.310470964791961, 25.692718587586857 ], [ -103.310470964791961, 25.688407394937425 ], [ -103.315043438500254, 25.688407394937368 ], [ -103.315043438500254, 25.692718587586878 ] ] ] } },
{ "type": "Feature", "properties": { "difference_1990_2000": 40.0, "difference_1990_2010": 0.0, "difference_1990_2020": 90.0 }, "geometry": { "type": "Polygon", "coordinates": [ [ [ -103.315043438500254, 25.697029934616165 ], [ -103.310470964791961, 25.697029934616165 ], [ -103.310470964791961, 25.692718587586857 ], [ -103.315043438500254, 25.692718587586878 ], [ -103.315043438500254, 25.697029934616165 ] ] ] } },
{ "type": "Feature", "properties": { "difference_1990_2000": -29.0, "difference_1990_2010": 8.0, "difference_1990_2020": 26.0 }, "geometry": { "type": "Polygon", "coordinates": [ [ [ -103.315043438500254, 25.593600132059201 ], [ -103.310470964791961, 25.593600132059237 ], [ -103.310470964791961, 25.589292478876903 ], [ -103.315043438500254, 25.589292478876903 ], [ -103.315043438500254, 25.593600132059201 ] ] ] } },
{ "type": "Feature", "properties": { "difference_1990_2000": 1.0, "difference_1990_2010": 0.0, "difference_1990_2020": 0.0 }, "geometry": { "type": "Polygon", "coordinates": [ [ [ -103.315043438500254, 25.602215898789581 ], [ -103.310470964791961, 25.602215898789581 ], [ -103.310470964791961, 25.597907938683242 ], [ -103.315043438500254, 25.597907938683242 ], [ -103.315043438500254, 25.602215898789581 ] ] ] } },
{ "type": "Feature", "properties": { "difference_1990_2000": 5.0, "difference_1990_2010": 30.0, "difference_1990_2020": 3.0 }, "geometry": { "type": "Polygon", "coordinates": [ [ [ -103.315043438500254, 25.597907938683242 ], [ -103.310470964791961, 25.597907938683242 ], [ -103.310470964791961, 25.593600132059237 ], [ -103.315043438500254, 25.593600132059201 ], [ -103.315043438500254, 25.597907938683242 ] ] ] } },
{ "type": "Feature", "properties": { "difference_1990_2000": -139.0, "difference_1990_2010": -121.0, "difference_1990_2020": -157.0 }, "geometry": { "type": "Polygon", "coordinates": [ [ [ -103.315043438500254, 25.53330693221579 ], [ -103.310470964791961, 25.533306932215755 ], [ -103.310470964791961, 25.529001422952906 ], [ -103.315043438500254, 25.529001422952906 ], [ -103.315043438500254, 25.53330693221579 ] ] ] } },
{ "type": "Feature", "properties": { "difference_1990_2000": 4.0, "difference_1990_2010": 291.0, "difference_1990_2020": 637.0 }, "geometry": { "type": "Polygon", "coordinates": [ [ [ -103.315043438500254, 25.541918409402399 ], [ -103.310470964791961, 25.54191840940242 ], [ -103.310470964791961, 25.537612594352062 ], [ -103.315043438500254, 25.537612594352098 ], [ -103.315043438500254, 25.541918409402399 ] ] ] } },
{ "type": "Feature", "properties": { "difference_1990_2000": 0.0, "difference_1990_2010": 623.0, "difference_1990_2020": 2092.0 }, "geometry": { "type": "Polygon", "coordinates": [ [ [ -103.315043438500254, 25.550530498407017 ], [ -103.310470964791961, 25.550530498407017 ], [ -103.310470964791961, 25.54622437740721 ], [ -103.315043438500254, 25.54622437740721 ], [ -103.315043438500254, 25.550530498407017 ] ] ] } },
{ "type": "Feature", "properties": { "difference_1990_2000": 0.0, "difference_1990_2010": 618.0, "difference_1990_2020": 1644.0 }, "geometry": { "type": "Polygon", "coordinates": [ [ [ -103.315043438500254, 25.54622437740721 ], [ -103.310470964791961, 25.54622437740721 ], [ -103.310470964791961, 25.54191840940242 ], [ -103.315043438500254, 25.541918409402399 ], [ -103.315043438500254, 25.54622437740721 ] ] ] } },
{ "type": "Feature", "properties": { "difference_1990_2000": -53.0, "difference_1990_2010": 14.0, "difference_1990_2020": 208.0 }, "geometry": { "type": "Polygon", "coordinates": [ [ [ -103.315043438500254, 25.537612594352098 ], [ -103.310470964791961, 25.537612594352062 ], [ -103.310470964791961, 25.533306932215755 ], [ -103.315043438500254, 25.53330693221579 ], [ -103.315043438500254, 25.537612594352098 ] ] ] } },
{ "type": "Feature", "properties": { "difference_1990_2000": -2.0, "difference_1990_2010": 80.0, "difference_1990_2020": 118.0 }, "geometry": { "type": "Polygon", "coordinates": [ [ [ -103.671696387745769, 25.468740322320954 ], [ -103.667123914037475, 25.468740322320954 ], [ -103.667123914037475, 25.464437101304988 ], [ -103.671696387745769, 25.464437101304952 ], [ -103.671696387745769, 25.468740322320954 ] ] ] } },
{ "type": "Feature", "properties": { "difference_1990_2000": -1.0, "difference_1990_2010": 115.0, "difference_1990_2020": 108.0 }, "geometry": { "type": "Polygon", "coordinates": [ [ [ -103.671696387745769, 25.464437101304952 ], [ -103.667123914037475, 25.464437101304988 ], [ -103.667123914037475, 25.460134032515629 ], [ -103.671696387745769, 25.460134032515668 ], [ -103.671696387745769, 25.464437101304952 ] ] ] } },
{ "type": "Feature", "properties": { "difference_1990_2000": 45.0, "difference_1990_2010": 41.0, "difference_1990_2020": 53.0 }, "geometry": { "type": "Polygon", "coordinates": [ [ [ -103.671696387745769, 25.507476168323041 ], [ -103.667123914037475, 25.507476168323048 ], [ -103.667123914037475, 25.503171575450629 ], [ -103.671696387745769, 25.503171575450629 ], [ -103.671696387745769, 25.507476168323041 ] ] ] } },
{ "type": "Feature", "properties": { "difference_1990_2000": 14.0, "difference_1990_2010": 7.0, "difference_1990_2020": 4.0 }, "geometry": { "type": "Polygon", "coordinates": [ [ [ -103.671696387745769, 25.511780913825994 ], [ -103.667123914037475, 25.511780913825994 ], [ -103.667123914037475, 25.507476168323048 ], [ -103.671696387745769, 25.507476168323041 ], [ -103.671696387745769, 25.511780913825994 ] ] ] } },
{ "type": "Feature", "properties": { "difference_1990_2000": 29.0, "difference_1990_2010": 48.0, "difference_1990_2020": 60.0 }, "geometry": { "type": "Polygon", "coordinates": [ [ [ -103.671696387745769, 25.494562847435752 ], [ -103.667123914037475, 25.494562847435752 ], [ -103.667123914037475, 25.490258712212455 ], [ -103.671696387745769, 25.490258712212476 ], [ -103.671696387745769, 25.494562847435752 ] ] ] } },
{ "type": "Feature", "properties": { "difference_1990_2000": 42.0, "difference_1990_2010": 95.0, "difference_1990_2020": 93.0 }, "geometry": { "type": "Polygon", "coordinates": [ [ [ -103.671696387745769, 25.49886713516835 ], [ -103.667123914037475, 25.49886713516835 ], [ -103.667123914037475, 25.494562847435752 ], [ -103.671696387745769, 25.494562847435752 ], [ -103.671696387745769, 25.49886713516835 ] ] ] } },
{ "type": "Feature", "properties": { "difference_1990_2000": 170.0, "difference_1990_2010": 531.0, "difference_1990_2020": 549.0 }, "geometry": { "type": "Polygon", "coordinates": [ [ [ -103.493369913123047, 25.520390862885513 ], [ -103.488797439414739, 25.520390862885513 ], [ -103.488797439414739, 25.516085812000036 ], [ -103.493369913123047, 25.516085812000036 ], [ -103.493369913123047, 25.520390862885513 ] ] ] } },
{ "type": "Feature", "properties": { "difference_1990_2000": 9.0, "difference_1990_2010": 853.0, "difference_1990_2020": 1290.0 }, "geometry": { "type": "Polygon", "coordinates": [ [ [ -103.493369913123047, 25.606524012418983 ], [ -103.488797439414739, 25.606524012419019 ], [ -103.488797439414739, 25.602215898789581 ], [ -103.493369913123047, 25.602215898789581 ], [ -103.493369913123047, 25.606524012418983 ] ] ] } },
{ "type": "Feature", "properties": { "difference_1990_2000": 802.0, "difference_1990_2010": 1362.0, "difference_1990_2020": 1633.0 }, "geometry": { "type": "Polygon", "coordinates": [ [ [ -103.493369913123047, 25.589292478876903 ], [ -103.488797439414739, 25.589292478876875 ], [ -103.488797439414739, 25.584984979095584 ], [ -103.493369913123047, 25.584984979095623 ], [ -103.493369913123047, 25.589292478876903 ] ] ] } },
{ "type": "Feature", "properties": { "difference_1990_2000": -117.0, "difference_1990_2010": -220.0, "difference_1990_2020": -265.0 }, "geometry": { "type": "Polygon", "coordinates": [ [ [ -103.493369913123047, 25.554836772442435 ], [ -103.488797439414739, 25.554836772442435 ], [ -103.488797439414739, 25.550530498407017 ], [ -103.493369913123047, 25.550530498407017 ], [ -103.493369913123047, 25.554836772442435 ] ] ] } },
{ "type": "Feature", "properties": { "difference_1990_2000": 0.0, "difference_1990_2010": 519.0, "difference_1990_2020": 594.0 }, "geometry": { "type": "Polygon", "coordinates": [ [ [ -103.493369913123047, 25.516085812000036 ], [ -103.488797439414739, 25.516085812000036 ], [ -103.488797439414739, 25.511780913825994 ], [ -103.493369913123047, 25.511780913825994 ], [ -103.493369913123047, 25.516085812000036 ] ] ] } },
{ "type": "Feature", "properties": { "difference_1990_2000": -206.0, "difference_1990_2010": -361.0, "difference_1990_2020": -301.0 }, "geometry": { "type": "Polygon", "coordinates": [ [ [ -103.493369913123047, 25.580677632674703 ], [ -103.488797439414739, 25.580677632674668 ], [ -103.488797439414739, 25.576370439573555 ], [ -103.493369913123047, 25.576370439573555 ], [ -103.493369913123047, 25.580677632674703 ] ] ] } },
{ "type": "Feature", "properties": { "difference_1990_2000": 363.0, "difference_1990_2010": 394.0, "difference_1990_2020": 565.0 }, "geometry": { "type": "Polygon", "coordinates": [ [ [ -103.493369913123047, 25.524696066522996 ], [ -103.488797439414739, 25.524696066522957 ], [ -103.488797439414739, 25.520390862885513 ], [ -103.493369913123047, 25.520390862885513 ], [ -103.493369913123047, 25.524696066522996 ] ] ] } },
{ "type": "Feature", "properties": { "difference_1990_2000": 157.0, "difference_1990_2010": 1068.0, "difference_1990_2020": 1553.0 }, "geometry": { "type": "Polygon", "coordinates": [ [ [ -103.493369913123047, 25.593600132059201 ], [ -103.488797439414739, 25.593600132059201 ], [ -103.488797439414739, 25.589292478876875 ], [ -103.493369913123047, 25.589292478876903 ], [ -103.493369913123047, 25.593600132059201 ] ] ] } },
{ "type": "Feature", "properties": { "difference_1990_2000": 0.0, "difference_1990_2010": 1365.0, "difference_1990_2020": 2152.0 }, "geometry": { "type": "Polygon", "coordinates": [ [ [ -103.493369913123047, 25.610832279612154 ], [ -103.488797439414739, 25.610832279612154 ], [ -103.488797439414739, 25.606524012419019 ], [ -103.493369913123047, 25.606524012418983 ], [ -103.493369913123047, 25.610832279612154 ] ] ] } },
{ "type": "Feature", "properties": { "difference_1990_2000": -43.0, "difference_1990_2010": -296.0, "difference_1990_2020": -212.0 }, "geometry": { "type": "Polygon", "coordinates": [ [ [ -103.493369913123047, 25.576370439573555 ], [ -103.488797439414739, 25.576370439573555 ], [ -103.488797439414739, 25.572063399751489 ], [ -103.493369913123047, 25.572063399751524 ], [ -103.493369913123047, 25.576370439573555 ] ] ] } },
{ "type": "Feature", "properties": { "difference_1990_2000": -385.0, "difference_1990_2010": -767.0, "difference_1990_2020": -817.0 }, "geometry": { "type": "Polygon", "coordinates": [ [ [ -103.493369913123047, 25.563449779782324 ], [ -103.488797439414739, 25.563449779782346 ], [ -103.488797439414739, 25.559143199554043 ], [ -103.493369913123047, 25.559143199554043 ], [ -103.493369913123047, 25.563449779782324 ] ] ] } },
{ "type": "Feature", "properties": { "difference_1990_2000": 0.0, "difference_1990_2010": 53.0, "difference_1990_2020": 76.0 }, "geometry": { "type": "Polygon", "coordinates": [ [ [ -103.493369913123047, 25.511780913825994 ], [ -103.488797439414739, 25.511780913825994 ], [ -103.488797439414739, 25.507476168323041 ], [ -103.493369913123047, 25.507476168323041 ], [ -103.493369913123047, 25.511780913825994 ] ] ] } },
{ "type": "Feature", "properties": { "difference_1990_2000": -187.0, "difference_1990_2010": -374.0, "difference_1990_2020": -483.0 }, "geometry": { "type": "Polygon", "coordinates": [ [ [ -103.493369913123047, 25.559143199554043 ], [ -103.488797439414739, 25.559143199554043 ], [ -103.488797439414739, 25.554836772442435 ], [ -103.493369913123047, 25.554836772442435 ], [ -103.493369913123047, 25.559143199554043 ] ] ] } },
{ "type": "Feature", "properties": { "difference_1990_2000": 0.0, "difference_1990_2010": 761.0, "difference_1990_2020": 1474.0 }, "geometry": { "type": "Polygon", "coordinates": [ [ [ -103.493369913123047, 25.619449274852371 ], [ -103.488797439414739, 25.619449274852371 ], [ -103.488797439414739, 25.615140700409697 ], [ -103.493369913123047, 25.615140700409697 ], [ -103.493369913123047, 25.619449274852371 ] ] ] } },
{ "type": "Feature", "properties": { "difference_1990_2000": 85.0, "difference_1990_2010": 435.0, "difference_1990_2020": 821.0 }, "geometry": { "type": "Polygon", "coordinates": [ [ [ -103.493369913123047, 25.602215898789581 ], [ -103.488797439414739, 25.602215898789581 ], [ -103.488797439414739, 25.597907938683242 ], [ -103.493369913123047, 25.597907938683242 ], [ -103.493369913123047, 25.602215898789581 ] ] ] } },
{ "type": "Feature", "properties": { "difference_1990_2000": 0.0, "difference_1990_2010": 1525.0, "difference_1990_2020": 2219.0 }, "geometry": { "type": "Polygon", "coordinates": [ [ [ -103.493369913123047, 25.615140700409697 ], [ -103.488797439414739, 25.615140700409697 ], [ -103.488797439414739, 25.610832279612154 ], [ -103.493369913123047, 25.610832279612154 ], [ -103.493369913123047, 25.615140700409697 ] ] ] } },
{ "type": "Feature", "properties": { "difference_1990_2000": -766.0, "difference_1990_2010": -1296.0, "difference_1990_2020": -1211.0 }, "geometry": { "type": "Polygon", "coordinates": [ [ [ -103.493369913123047, 25.567756513167971 ], [ -103.488797439414739, 25.567756513167971 ], [ -103.488797439414739, 25.563449779782346 ], [ -103.493369913123047, 25.563449779782324 ], [ -103.493369913123047, 25.567756513167971 ] ] ] } },
{ "type": "Feature", "properties": { "difference_1990_2000": 645.0, "difference_1990_2010": 689.0, "difference_1990_2020": 676.0 }, "geometry": { "type": "Polygon", "coordinates": [ [ [ -103.493369913123047, 25.529001422952906 ], [ -103.488797439414739, 25.529001422952906 ], [ -103.488797439414739, 25.524696066522957 ], [ -103.493369913123047, 25.524696066522996 ], [ -103.493369913123047, 25.529001422952906 ] ] ] } },
{ "type": "Feature", "properties": { "difference_1990_2000": 74.0, "difference_1990_2010": 73.0, "difference_1990_2020": 75.0 }, "geometry": { "type": "Polygon", "coordinates": [ [ [ -103.493369913123047, 25.533306932215755 ], [ -103.488797439414739, 25.533306932215737 ], [ -103.488797439414739, 25.529001422952906 ], [ -103.493369913123047, 25.529001422952906 ], [ -103.493369913123047, 25.533306932215755 ] ] ] } },
{ "type": "Feature", "properties": { "difference_1990_2000": 0.0, "difference_1990_2010": 64.0, "difference_1990_2020": 153.0 }, "geometry": { "type": "Polygon", "coordinates": [ [ [ -103.493369913123047, 25.632375920458614 ], [ -103.488797439414739, 25.632375920458614 ], [ -103.488797439414739, 25.628066884836056 ], [ -103.493369913123047, 25.628066884836056 ], [ -103.493369913123047, 25.632375920458614 ] ] ] } },
{ "type": "Feature", "properties": { "difference_1990_2000": 80.0, "difference_1990_2010": 496.0, "difference_1990_2020": 892.0 }, "geometry": { "type": "Polygon", "coordinates": [ [ [ -103.493369913123047, 25.597907938683242 ], [ -103.488797439414739, 25.597907938683242 ], [ -103.488797439414739, 25.593600132059201 ], [ -103.493369913123047, 25.593600132059201 ], [ -103.493369913123047, 25.597907938683242 ] ] ] } },
{ "type": "Feature", "properties": { "difference_1990_2000": 8.0, "difference_1990_2010": -36.0, "difference_1990_2020": -36.0 }, "geometry": { "type": "Polygon", "coordinates": [ [ [ -103.493369913123047, 25.541918409402399 ], [ -103.488797439414739, 25.541918409402399 ], [ -103.488797439414739, 25.537612594352098 ], [ -103.493369913123047, 25.537612594352098 ], [ -103.493369913123047, 25.541918409402399 ] ] ] } },
{ "type": "Feature", "properties": { "difference_1990_2000": 32.0, "difference_1990_2010": -35.0, "difference_1990_2020": -30.0 }, "geometry": { "type": "Polygon", "coordinates": [ [ [ -103.493369913123047, 25.550530498407017 ], [ -103.488797439414739, 25.550530498407017 ], [ -103.488797439414739, 25.54622437740721 ], [ -103.493369913123047, 25.546224377407174 ], [ -103.493369913123047, 25.550530498407017 ] ] ] } },
{ "type": "Feature", "properties": { "difference_1990_2000": -488.0, "difference_1990_2010": -882.0, "difference_1990_2020": -928.0 }, "geometry": { "type": "Polygon", "coordinates": [ [ [ -103.493369913123047, 25.572063399751524 ], [ -103.488797439414739, 25.572063399751489 ], [ -103.488797439414739, 25.567756513167971 ], [ -103.493369913123047, 25.567756513167971 ], [ -103.493369913123047, 25.572063399751524 ] ] ] } },
{ "type": "Feature", "properties": { "difference_1990_2000": 0.0, "difference_1990_2010": 679.0, "difference_1990_2020": 944.0 }, "geometry": { "type": "Polygon", "coordinates": [ [ [ -103.493369913123047, 25.623758002980942 ], [ -103.488797439414739, 25.62375800298096 ], [ -103.488797439414739, 25.619449274852371 ], [ -103.493369913123047, 25.619449274852371 ], [ -103.493369913123047, 25.623758002980942 ] ] ] } },
{ "type": "Feature", "properties": { "difference_1990_2000": 57.0, "difference_1990_2010": -12.0, "difference_1990_2020": -6.0 }, "geometry": { "type": "Polygon", "coordinates": [ [ [ -103.493369913123047, 25.546224377407174 ], [ -103.488797439414739, 25.54622437740721 ], [ -103.488797439414739, 25.541918409402399 ], [ -103.493369913123047, 25.541918409402399 ], [ -103.493369913123047, 25.546224377407174 ] ] ] } },
{ "type": "Feature", "properties": { "difference_1990_2000": 700.0, "difference_1990_2010": 1277.0, "difference_1990_2020": 1529.0 }, "geometry": { "type": "Polygon", "coordinates": [ [ [ -103.493369913123047, 25.584984979095623 ], [ -103.488797439414739, 25.584984979095584 ], [ -103.488797439414739, 25.580677632674668 ], [ -103.493369913123047, 25.580677632674703 ], [ -103.493369913123047, 25.584984979095623 ] ] ] } },
{ "type": "Feature", "properties": { "difference_1990_2000": -46.0, "difference_1990_2010": -48.0, "difference_1990_2020": -55.0 }, "geometry": { "type": "Polygon", "coordinates": [ [ [ -103.493369913123047, 25.537612594352098 ], [ -103.488797439414739, 25.537612594352098 ], [ -103.488797439414739, 25.533306932215737 ], [ -103.493369913123047, 25.533306932215755 ], [ -103.493369913123047, 25.537612594352098 ] ] ] } },
{ "type": "Feature", "properties": { "difference_1990_2000": -22.0, "difference_1990_2010": 214.0, "difference_1990_2020": 361.0 }, "geometry": { "type": "Polygon", "coordinates": [ [ [ -103.305898491083681, 25.589292478876875 ], [ -103.301326017375416, 25.589292478876903 ], [ -103.301326017375416, 25.584984979095584 ], [ -103.305898491083681, 25.584984979095623 ], [ -103.305898491083681, 25.589292478876875 ] ] ] } },
{ "type": "Feature", "properties": { "difference_1990_2000": 46.0, "difference_1990_2010": 169.0, "difference_1990_2020": 103.0 }, "geometry": { "type": "Polygon", "coordinates": [ [ [ -103.305898491083681, 25.692718587586878 ], [ -103.301326017375416, 25.692718587586878 ], [ -103.301326017375416, 25.688407394937382 ], [ -103.305898491083681, 25.688407394937425 ], [ -103.305898491083681, 25.692718587586878 ] ] ] } },
{ "type": "Feature", "properties": { "difference_1990_2000": 0.0, "difference_1990_2010": 1.0, "difference_1990_2020": 0.0 }, "geometry": { "type": "Polygon", "coordinates": [ [ [ -103.305898491083681, 25.68409635662686 ], [ -103.301326017375416, 25.684096356626814 ], [ -103.301326017375416, 25.679785472614249 ], [ -103.305898491083681, 25.679785472614252 ], [ -103.305898491083681, 25.68409635662686 ] ] ] } },
{ "type": "Feature", "properties": { "difference_1990_2000": -53.0, "difference_1990_2010": 60.0, "difference_1990_2020": 17.0 }, "geometry": { "type": "Polygon", "coordinates": [ [ [ -103.305898491083681, 25.593600132059237 ], [ -103.301326017375416, 25.59360013205918 ], [ -103.301326017375416, 25.589292478876903 ], [ -103.305898491083681, 25.589292478876875 ], [ -103.305898491083681, 25.593600132059237 ] ] ] } },
{ "type": "Feature", "properties": { "difference_1990_2000": 0.0, "difference_1990_2010": 5.0, "difference_1990_2020": 0.0 }, "geometry": { "type": "Polygon", "coordinates": [ [ [ -103.305898491083681, 25.688407394937425 ], [ -103.301326017375416, 25.688407394937382 ], [ -103.301326017375416, 25.684096356626814 ], [ -103.305898491083681, 25.68409635662686 ], [ -103.305898491083681, 25.688407394937425 ] ] ] } },
{ "type": "Feature", "properties": { "difference_1990_2000": -8.0, "difference_1990_2010": -1.0, "difference_1990_2020": -5.0 }, "geometry": { "type": "Polygon", "coordinates": [ [ [ -103.305898491083681, 25.597907938683242 ], [ -103.301326017375416, 25.597907938683242 ], [ -103.301326017375416, 25.59360013205918 ], [ -103.305898491083681, 25.593600132059237 ], [ -103.305898491083681, 25.597907938683242 ] ] ] } },
{ "type": "Feature", "properties": { "difference_1990_2000": 43.0, "difference_1990_2010": 125.0, "difference_1990_2020": 82.0 }, "geometry": { "type": "Polygon", "coordinates": [ [ [ -103.305898491083681, 25.53330693221579 ], [ -103.301326017375416, 25.533306932215755 ], [ -103.301326017375416, 25.529001422952906 ], [ -103.305898491083681, 25.529001422952906 ], [ -103.305898491083681, 25.53330693221579 ] ] ] } },
{ "type": "Feature", "properties": { "difference_1990_2000": 6.0, "difference_1990_2010": 10.0, "difference_1990_2020": 13.0 }, "geometry": { "type": "Polygon", "coordinates": [ [ [ -103.305898491083681, 25.541918409402399 ], [ -103.301326017375416, 25.541918409402399 ], [ -103.301326017375416, 25.537612594352098 ], [ -103.305898491083681, 25.537612594352098 ], [ -103.305898491083681, 25.541918409402399 ] ] ] } },
{ "type": "Feature", "properties": { "difference_1990_2000": -4.0, "difference_1990_2010": 0.0, "difference_1990_2020": 26.0 }, "geometry": { "type": "Polygon", "coordinates": [ [ [ -103.305898491083681, 25.584984979095623 ], [ -103.301326017375416, 25.584984979095584 ], [ -103.301326017375416, 25.580677632674703 ], [ -103.305898491083681, 25.580677632674703 ], [ -103.305898491083681, 25.584984979095623 ] ] ] } },
{ "type": "Feature", "properties": { "difference_1990_2000": 64.0, "difference_1990_2010": 173.0, "difference_1990_2020": 117.0 }, "geometry": { "type": "Polygon", "coordinates": [ [ [ -103.305898491083681, 25.537612594352098 ], [ -103.301326017375416, 25.537612594352098 ], [ -103.301326017375416, 25.533306932215755 ], [ -103.305898491083681, 25.53330693221579 ], [ -103.305898491083681, 25.537612594352098 ] ] ] } },
{ "type": "Feature", "properties": { "difference_1990_2000": 0.0, "difference_1990_2010": 9.0, "difference_1990_2020": 17.0 }, "geometry": { "type": "Polygon", "coordinates": [ [ [ -103.48422496570646, 25.520390862885513 ], [ -103.479652491998181, 25.520390862885513 ], [ -103.479652491998181, 25.516085812000036 ], [ -103.48422496570646, 25.516085812000036 ], [ -103.48422496570646, 25.520390862885513 ] ] ] } },
{ "type": "Feature", "properties": { "difference_1990_2000": 309.0, "difference_1990_2010": 785.0, "difference_1990_2020": 1291.0 }, "geometry": { "type": "Polygon", "coordinates": [ [ [ -103.48422496570646, 25.60652401241903 ], [ -103.479652491998181, 25.606524012419019 ], [ -103.479652491998181, 25.602215898789581 ], [ -103.48422496570646, 25.602215898789581 ], [ -103.48422496570646, 25.60652401241903 ] ] ] } },
{ "type": "Feature", "properties": { "difference_1990_2000": -87.0, "difference_1990_2010": 141.0, "difference_1990_2020": 285.0 }, "geometry": { "type": "Polygon", "coordinates": [ [ [ -103.48422496570646, 25.589292478876903 ], [ -103.479652491998181, 25.589292478876903 ], [ -103.479652491998181, 25.584984979095623 ], [ -103.48422496570646, 25.584984979095623 ], [ -103.48422496570646, 25.589292478876903 ] ] ] } },
{ "type": "Feature", "properties": { "difference_1990_2000": -271.0, "difference_1990_2010": -564.0, "difference_1990_2020": -687.0 }, "geometry": { "type": "Polygon", "coordinates": [ [ [ -103.48422496570646, 25.554836772442474 ], [ -103.479652491998181, 25.554836772442435 ], [ -103.479652491998181, 25.550530498407017 ], [ -103.48422496570646, 25.550530498407017 ], [ -103.48422496570646, 25.554836772442474 ] ] ] } },
{ "type": "Feature", "properties": { "difference_1990_2000": 0.0, "difference_1990_2010": 252.0, "difference_1990_2020": 376.0 }, "geometry": { "type": "Polygon", "coordinates": [ [ [ -103.48422496570646, 25.516085812000036 ], [ -103.479652491998181, 25.516085812000036 ], [ -103.479652491998181, 25.511780913825994 ], [ -103.48422496570646, 25.511780913826033 ], [ -103.48422496570646, 25.516085812000036 ] ] ] } },
{ "type": "Feature", "properties": { "difference_1990_2000": -376.0, "difference_1990_2010": 1251.0, "difference_1990_2020": 1218.0 }, "geometry": { "type": "Polygon", "coordinates": [ [ [ -103.48422496570646, 25.580677632674703 ], [ -103.479652491998181, 25.580677632674703 ], [ -103.479652491998181, 25.576370439573555 ], [ -103.48422496570646, 25.576370439573584 ], [ -103.48422496570646, 25.580677632674703 ] ] ] } },
{ "type": "Feature", "properties": { "difference_1990_2000": 0.0, "difference_1990_2010": 0.0, "difference_1990_2020": 69.0 }, "geometry": { "type": "Polygon", "coordinates": [ [ [ -103.48422496570646, 25.628066884836109 ], [ -103.479652491998181, 25.628066884836095 ], [ -103.479652491998181, 25.62375800298096 ], [ -103.48422496570646, 25.62375800298096 ], [ -103.48422496570646, 25.628066884836109 ] ] ] } },
{ "type": "Feature", "properties": { "difference_1990_2000": 0.0, "difference_1990_2010": 120.0, "difference_1990_2020": 177.0 }, "geometry": { "type": "Polygon", "coordinates": [ [ [ -103.48422496570646, 25.507476168323048 ], [ -103.479652491998181, 25.507476168323041 ], [ -103.479652491998181, 25.503171575450629 ], [ -103.48422496570646, 25.503171575450629 ], [ -103.48422496570646, 25.507476168323048 ] ] ] } },
{ "type": "Feature", "properties": { "difference_1990_2000": 0.0, "difference_1990_2010": 371.0, "difference_1990_2020": 628.0 }, "geometry": { "type": "Polygon", "coordinates": [ [ [ -103.48422496570646, 25.610832279612154 ], [ -103.479652491998181, 25.610832279612154 ], [ -103.479652491998181, 25.606524012419019 ], [ -103.48422496570646, 25.60652401241903 ], [ -103.48422496570646, 25.610832279612154 ] ] ] } },
{ "type": "Feature", "properties": { "difference_1990_2000": -108.0, "difference_1990_2010": 621.0, "difference_1990_2020": 736.0 }, "geometry": { "type": "Polygon", "coordinates": [ [ [ -103.48422496570646, 25.593600132059237 ], [ -103.479652491998181, 25.593600132059237 ], [ -103.479652491998181, 25.589292478876903 ], [ -103.48422496570646, 25.589292478876903 ], [ -103.48422496570646, 25.593600132059237 ] ] ] } },
{ "type": "Feature", "properties": { "difference_1990_2000": 131.0, "difference_1990_2010": -231.0, "difference_1990_2020": -231.0 }, "geometry": { "type": "Polygon", "coordinates": [ [ [ -103.48422496570646, 25.563449779782346 ], [ -103.479652491998181, 25.563449779782346 ], [ -103.479652491998181, 25.559143199554043 ], [ -103.48422496570646, 25.559143199554043 ], [ -103.48422496570646, 25.563449779782346 ] ] ] } },
{ "type": "Feature", "properties": { "difference_1990_2000": 975.0, "difference_1990_2010": 1369.0, "difference_1990_2020": 1846.0 }, "geometry": { "type": "Polygon", "coordinates": [ [ [ -103.48422496570646, 25.576370439573584 ], [ -103.479652491998181, 25.576370439573555 ], [ -103.479652491998181, 25.572063399751489 ], [ -103.48422496570646, 25.572063399751489 ], [ -103.48422496570646, 25.576370439573584 ] ] ] } },
{ "type": "Feature", "properties": { "difference_1990_2000": -346.0, "difference_1990_2010": -819.0, "difference_1990_2020": -976.0 }, "geometry": { "type": "Polygon", "coordinates": [ [ [ -103.48422496570646, 25.559143199554043 ], [ -103.479652491998181, 25.559143199554043 ], [ -103.479652491998181, 25.554836772442435 ], [ -103.48422496570646, 25.554836772442474 ], [ -103.48422496570646, 25.559143199554043 ] ] ] } },
{ "type": "Feature", "properties": { "difference_1990_2000": 0.0, "difference_1990_2010": 168.0, "difference_1990_2020": 282.0 }, "geometry": { "type": "Polygon", "coordinates": [ [ [ -103.48422496570646, 25.511780913826033 ], [ -103.479652491998181, 25.511780913825994 ], [ -103.479652491998181, 25.507476168323041 ], [ -103.48422496570646, 25.507476168323048 ], [ -103.48422496570646, 25.511780913826033 ] ] ] } },
{ "type": "Feature", "properties": { "difference_1990_2000": 0.0, "difference_1990_2010": 94.0, "difference_1990_2020": 728.0 }, "geometry": { "type": "Polygon", "coordinates": [ [ [ -103.48422496570646, 25.619449274852411 ], [ -103.479652491998181, 25.619449274852371 ], [ -103.479652491998181, 25.615140700409697 ], [ -103.48422496570646, 25.615140700409697 ], [ -103.48422496570646, 25.619449274852411 ] ] ] } },
{ "type": "Feature", "properties": { "difference_1990_2000": 651.0, "difference_1990_2010": 1425.0, "difference_1990_2020": 1710.0 }, "geometry": { "type": "Polygon", "coordinates": [ [ [ -103.48422496570646, 25.602215898789581 ], [ -103.479652491998181, 25.602215898789581 ], [ -103.479652491998181, 25.597907938683242 ], [ -103.48422496570646, 25.597907938683242 ], [ -103.48422496570646, 25.602215898789581 ] ] ] } },
{ "type": "Feature", "properties": { "difference_1990_2000": 0.0, "difference_1990_2010": 202.0, "difference_1990_2020": 851.0 }, "geometry": { "type": "Polygon", "coordinates": [ [ [ -103.48422496570646, 25.615140700409697 ], [ -103.479652491998181, 25.615140700409697 ], [ -103.479652491998181, 25.610832279612154 ], [ -103.48422496570646, 25.610832279612154 ], [ -103.48422496570646, 25.615140700409697 ] ] ] } },
{ "type": "Feature", "properties": { "difference_1990_2000": 666.0, "difference_1990_2010": 511.0, "difference_1990_2020": 630.0 }, "geometry": { "type": "Polygon", "coordinates": [ [ [ -103.48422496570646, 25.567756513167971 ], [ -103.479652491998181, 25.567756513167971 ], [ -103.479652491998181, 25.563449779782346 ], [ -103.48422496570646, 25.563449779782346 ], [ -103.48422496570646, 25.567756513167971 ] ] ] } },
{ "type": "Feature", "properties": { "difference_1990_2000": -136.0, "difference_1990_2010": -254.0, "difference_1990_2020": -313.0 }, "geometry": { "type": "Polygon", "coordinates": [ [ [ -103.48422496570646, 25.529001422952906 ], [ -103.479652491998181, 25.529001422952906 ], [ -103.479652491998181, 25.524696066522957 ], [ -103.48422496570646, 25.524696066522957 ], [ -103.48422496570646, 25.529001422952906 ] ] ] } },
{ "type": "Feature", "properties": { "difference_1990_2000": -507.0, "difference_1990_2010": -809.0, "difference_1990_2020": -1013.0 }, "geometry": { "type": "Polygon", "coordinates": [ [ [ -103.48422496570646, 25.533306932215755 ], [ -103.479652491998181, 25.533306932215755 ], [ -103.479652491998181, 25.529001422952906 ], [ -103.48422496570646, 25.529001422952906 ], [ -103.48422496570646, 25.533306932215755 ] ] ] } },
{ "type": "Feature", "properties": { "difference_1990_2000": 617.0, "difference_1990_2010": 1576.0, "difference_1990_2020": 1774.0 }, "geometry": { "type": "Polygon", "coordinates": [ [ [ -103.48422496570646, 25.597907938683242 ], [ -103.479652491998181, 25.597907938683242 ], [ -103.479652491998181, 25.593600132059237 ], [ -103.48422496570646, 25.593600132059237 ], [ -103.48422496570646, 25.597907938683242 ] ] ] } },
{ "type": "Feature", "properties": { "difference_1990_2000": -388.0, "difference_1990_2010": -542.0, "difference_1990_2020": -813.0 }, "geometry": { "type": "Polygon", "coordinates": [ [ [ -103.48422496570646, 25.541918409402399 ], [ -103.479652491998181, 25.541918409402399 ], [ -103.479652491998181, 25.537612594352098 ], [ -103.48422496570646, 25.537612594352115 ], [ -103.48422496570646, 25.541918409402399 ] ] ] } },
{ "type": "Feature", "properties": { "difference_1990_2000": -83.0, "difference_1990_2010": -138.0, "difference_1990_2020": -137.0 }, "geometry": { "type": "Polygon", "coordinates": [ [ [ -103.48422496570646, 25.550530498407017 ], [ -103.479652491998181, 25.550530498407017 ], [ -103.479652491998181, 25.54622437740721 ], [ -103.48422496570646, 25.54622437740721 ], [ -103.48422496570646, 25.550530498407017 ] ] ] } },
{ "type": "Feature", "properties": { "difference_1990_2000": 1561.0, "difference_1990_2010": 1623.0, "difference_1990_2020": 1926.0 }, "geometry": { "type": "Polygon", "coordinates": [ [ [ -103.48422496570646, 25.572063399751489 ], [ -103.479652491998181, 25.572063399751489 ], [ -103.479652491998181, 25.567756513167971 ], [ -103.48422496570646, 25.567756513167971 ], [ -103.48422496570646, 25.572063399751489 ] ] ] } },
{ "type": "Feature", "properties": { "difference_1990_2000": 0.0, "difference_1990_2010": 0.0, "difference_1990_2020": 390.0 }, "geometry": { "type": "Polygon", "coordinates": [ [ [ -103.48422496570646, 25.62375800298096 ], [ -103.479652491998181, 25.62375800298096 ], [ -103.479652491998181, 25.619449274852371 ], [ -103.48422496570646, 25.619449274852411 ], [ -103.48422496570646, 25.62375800298096 ] ] ] } },
{ "type": "Feature", "properties": { "difference_1990_2000": 36.0, "difference_1990_2010": -35.0, "difference_1990_2020": -71.0 }, "geometry": { "type": "Polygon", "coordinates": [ [ [ -103.48422496570646, 25.54622437740721 ], [ -103.479652491998181, 25.54622437740721 ], [ -103.479652491998181, 25.541918409402399 ], [ -103.48422496570646, 25.541918409402399 ], [ -103.48422496570646, 25.54622437740721 ] ] ] } },
{ "type": "Feature", "properties": { "difference_1990_2000": 688.0, "difference_1990_2010": 1039.0, "difference_1990_2020": 1046.0 }, "geometry": { "type": "Polygon", "coordinates": [ [ [ -103.48422496570646, 25.584984979095623 ], [ -103.479652491998181, 25.584984979095623 ], [ -103.479652491998181, 25.580677632674703 ], [ -103.48422496570646, 25.580677632674703 ], [ -103.48422496570646, 25.584984979095623 ] ] ] } },
{ "type": "Feature", "properties": { "difference_1990_2000": -346.0, "difference_1990_2010": -482.0, "difference_1990_2020": -725.0 }, "geometry": { "type": "Polygon", "coordinates": [ [ [ -103.48422496570646, 25.537612594352115 ], [ -103.479652491998181, 25.537612594352098 ], [ -103.479652491998181, 25.533306932215755 ], [ -103.48422496570646, 25.533306932215755 ], [ -103.48422496570646, 25.537612594352115 ] ] ] } },
{ "type": "Feature", "properties": { "difference_1990_2000": -35.0, "difference_1990_2010": -58.0, "difference_1990_2020": -14.0 }, "geometry": { "type": "Polygon", "coordinates": [ [ [ -103.662551440329239, 25.503171575450629 ], [ -103.657978966620945, 25.503171575450629 ], [ -103.657978966620945, 25.49886713516835 ], [ -103.662551440329239, 25.49886713516835 ], [ -103.662551440329239, 25.503171575450629 ] ] ] } },
{ "type": "Feature", "properties": { "difference_1990_2000": 2.0, "difference_1990_2010": 24.0, "difference_1990_2020": 37.0 }, "geometry": { "type": "Polygon", "coordinates": [ [ [ -103.662551440329239, 25.468740322320954 ], [ -103.657978966620945, 25.468740322320954 ], [ -103.657978966620945, 25.464437101304988 ], [ -103.662551440329239, 25.464437101304988 ], [ -103.662551440329239, 25.468740322320954 ] ] ] } },
{ "type": "Feature", "properties": { "difference_1990_2000": -23.0, "difference_1990_2010": -91.0, "difference_1990_2020": -31.0 }, "geometry": { "type": "Polygon", "coordinates": [ [ [ -103.662551440329239, 25.507476168323041 ], [ -103.657978966620945, 25.507476168323041 ], [ -103.657978966620945, 25.503171575450629 ], [ -103.662551440329239, 25.503171575450629 ], [ -103.662551440329239, 25.507476168323041 ] ] ] } },
{ "type": "Feature", "properties": { "difference_1990_2000": -1.0, "difference_1990_2010": -3.0, "difference_1990_2020": -2.0 }, "geometry": { "type": "Polygon", "coordinates": [ [ [ -103.662551440329239, 25.511780913825994 ], [ -103.657978966620945, 25.511780913825994 ], [ -103.657978966620945, 25.507476168323041 ], [ -103.662551440329239, 25.507476168323041 ], [ -103.662551440329239, 25.511780913825994 ] ] ] } },
{ "type": "Feature", "properties": { "difference_1990_2000": 1.0, "difference_1990_2010": 1.0, "difference_1990_2020": 48.0 }, "geometry": { "type": "Polygon", "coordinates": [ [ [ -103.662551440329239, 25.47304369560386 ], [ -103.657978966620945, 25.473043695603899 ], [ -103.657978966620945, 25.468740322320954 ], [ -103.662551440329239, 25.468740322320954 ], [ -103.662551440329239, 25.47304369560386 ] ] ] } },
{ "type": "Feature", "properties": { "difference_1990_2000": -21.0, "difference_1990_2010": 30.0, "difference_1990_2020": 92.0 }, "geometry": { "type": "Polygon", "coordinates": [ [ [ -103.662551440329239, 25.49886713516835 ], [ -103.657978966620945, 25.49886713516835 ], [ -103.657978966620945, 25.494562847435752 ], [ -103.662551440329239, 25.494562847435752 ], [ -103.662551440329239, 25.49886713516835 ] ] ] } },
{ "type": "Feature", "properties": { "difference_1990_2000": -492.0, "difference_1990_2010": -729.0, "difference_1990_2020": -1025.0 }, "geometry": { "type": "Polygon", "coordinates": [ [ [ -103.475080018289887, 25.520390862885513 ], [ -103.470507544581636, 25.520390862885538 ], [ -103.470507544581636, 25.516085812000011 ], [ -103.475080018289887, 25.516085812000036 ], [ -103.475080018289887, 25.520390862885513 ] ] ] } },
{ "type": "Feature", "properties": { "difference_1990_2000": 218.0, "difference_1990_2010": 341.0, "difference_1990_2020": 762.0 }, "geometry": { "type": "Polygon", "coordinates": [ [ [ -103.475080018289887, 25.606524012419019 ], [ -103.470507544581636, 25.606524012419019 ], [ -103.470507544581636, 25.602215898789581 ], [ -103.475080018289887, 25.602215898789581 ], [ -103.475080018289887, 25.606524012419019 ] ] ] } },
{ "type": "Feature", "properties": { "difference_1990_2000": 150.0, "difference_1990_2010": 1160.0, "difference_1990_2020": 1274.0 }, "geometry": { "type": "Polygon", "coordinates": [ [ [ -103.475080018289887, 25.589292478876903 ], [ -103.470507544581636, 25.589292478876903 ], [ -103.470507544581636, 25.58498497909563 ], [ -103.475080018289887, 25.584984979095623 ], [ -103.475080018289887, 25.589292478876903 ] ] ] } },
{ "type": "Feature", "properties": { "difference_1990_2000": 16.0, "difference_1990_2010": -72.0, "difference_1990_2020": -115.0 }, "geometry": { "type": "Polygon", "coordinates": [ [ [ -103.475080018289887, 25.554836772442474 ], [ -103.470507544581636, 25.554836772442474 ], [ -103.470507544581636, 25.550530498407017 ], [ -103.475080018289887, 25.550530498407017 ], [ -103.475080018289887, 25.554836772442474 ] ] ] } },
{ "type": "Feature", "properties": { "difference_1990_2000": 0.0, "difference_1990_2010": 0.0, "difference_1990_2020": 1.0 }, "geometry": { "type": "Polygon", "coordinates": [ [ [ -103.475080018289887, 25.675474742858771 ], [ -103.470507544581636, 25.675474742858771 ], [ -103.470507544581636, 25.671164167319564 ], [ -103.475080018289887, 25.671164167319564 ], [ -103.475080018289887, 25.675474742858771 ] ] ] } },
{ "type": "Feature", "properties": { "difference_1990_2000": -24.0, "difference_1990_2010": -40.0, "difference_1990_2020": -63.0 }, "geometry": { "type": "Polygon", "coordinates": [ [ [ -103.475080018289887, 25.516085812000036 ], [ -103.470507544581636, 25.516085812000011 ], [ -103.470507544581636, 25.511780913825994 ], [ -103.475080018289887, 25.511780913825994 ], [ -103.475080018289887, 25.516085812000036 ] ] ] } },
{ "type": "Feature", "properties": { "difference_1990_2000": 38.0, "difference_1990_2010": 430.0, "difference_1990_2020": 414.0 }, "geometry": { "type": "Polygon", "coordinates": [ [ [ -103.475080018289887, 25.580677632674721 ], [ -103.470507544581636, 25.580677632674703 ], [ -103.470507544581636, 25.576370439573584 ], [ -103.475080018289887, 25.576370439573555 ], [ -103.475080018289887, 25.580677632674721 ] ] ] } },
{ "type": "Feature", "properties": { "difference_1990_2000": -152.0, "difference_1990_2010": -235.0, "difference_1990_2020": -331.0 }, "geometry": { "type": "Polygon", "coordinates": [ [ [ -103.475080018289887, 25.524696066522996 ], [ -103.470507544581636, 25.524696066522957 ], [ -103.470507544581636, 25.520390862885538 ], [ -103.475080018289887, 25.520390862885513 ], [ -103.475080018289887, 25.524696066522996 ] ] ] } },
{ "type": "Feature", "properties": { "difference_1990_2000": 3.0, "difference_1990_2010": 15.0, "difference_1990_2020": 16.0 }, "geometry": { "type": "Polygon", "coordinates": [ [ [ -103.475080018289887, 25.684096356626821 ], [ -103.470507544581636, 25.684096356626821 ], [ -103.470507544581636, 25.679785472614249 ], [ -103.475080018289887, 25.679785472614249 ], [ -103.475080018289887, 25.684096356626821 ] ] ] } },
{ "type": "Feature", "properties": { "difference_1990_2000": 0.0, "difference_1990_2010": 1389.0, "difference_1990_2020": 1430.0 }, "geometry": { "type": "Polygon", "coordinates": [ [ [ -103.475080018289887, 25.593600132059201 ], [ -103.470507544581636, 25.593600132059201 ], [ -103.470507544581636, 25.589292478876903 ], [ -103.475080018289887, 25.589292478876903 ], [ -103.475080018289887, 25.593600132059201 ] ] ] } },
{ "type": "Feature", "properties": { "difference_1990_2000": 121.0, "difference_1990_2010": 199.0, "difference_1990_2020": 420.0 }, "geometry": { "type": "Polygon", "coordinates": [ [ [ -103.475080018289887, 25.610832279612154 ], [ -103.470507544581636, 25.610832279612154 ], [ -103.470507544581636, 25.606524012419019 ], [ -103.475080018289887, 25.606524012419019 ], [ -103.475080018289887, 25.610832279612154 ] ] ] } },
{ "type": "Feature", "properties": { "difference_1990_2000": 771.0, "difference_1990_2010": 894.0, "difference_1990_2020": 882.0 }, "geometry": { "type": "Polygon", "coordinates": [ [ [ -103.475080018289887, 25.576370439573555 ], [ -103.470507544581636, 25.576370439573584 ], [ -103.470507544581636, 25.572063399751489 ], [ -103.475080018289887, 25.572063399751489 ], [ -103.475080018289887, 25.576370439573555 ] ] ] } },
{ "type": "Feature", "properties": { "difference_1990_2000": 100.0, "difference_1990_2010": 88.0, "difference_1990_2020": 81.0 }, "geometry": { "type": "Polygon", "coordinates": [ [ [ -103.475080018289887, 25.563449779782324 ], [ -103.470507544581636, 25.563449779782381 ], [ -103.470507544581636, 25.559143199554043 ], [ -103.475080018289887, 25.559143199554043 ], [ -103.475080018289887, 25.563449779782324 ] ] ] } },
{ "type": "Feature", "properties": { "difference_1990_2000": 5.0, "difference_1990_2010": -11.0, "difference_1990_2020": -21.0 }, "geometry": { "type": "Polygon", "coordinates": [ [ [ -103.475080018289887, 25.559143199554043 ], [ -103.470507544581636, 25.559143199554043 ], [ -103.470507544581636, 25.554836772442474 ], [ -103.475080018289887, 25.554836772442474 ], [ -103.475080018289887, 25.559143199554043 ] ] ] } },
{ "type": "Feature", "properties": { "difference_1990_2000": 1.0, "difference_1990_2010": 1.0, "difference_1990_2020": 7.0 }, "geometry": { "type": "Polygon", "coordinates": [ [ [ -103.475080018289887, 25.679785472614249 ], [ -103.470507544581636, 25.679785472614249 ], [ -103.470507544581636, 25.675474742858771 ], [ -103.475080018289887, 25.675474742858803 ], [ -103.475080018289887, 25.679785472614249 ] ] ] } },
{ "type": "Feature", "properties": { "difference_1990_2000": 0.0, "difference_1990_2010": 1.0, "difference_1990_2020": 2.0 }, "geometry": { "type": "Polygon", "coordinates": [ [ [ -103.475080018289887, 25.688407394937443 ], [ -103.470507544581636, 25.688407394937425 ], [ -103.470507544581636, 25.684096356626821 ], [ -103.475080018289887, 25.684096356626821 ], [ -103.475080018289887, 25.688407394937443 ] ] ] } },
{ "type": "Feature", "properties": { "difference_1990_2000": 225.0, "difference_1990_2010": 362.0, "difference_1990_2020": 691.0 }, "geometry": { "type": "Polygon", "coordinates": [ [ [ -103.475080018289887, 25.602215898789581 ], [ -103.470507544581636, 25.602215898789581 ], [ -103.470507544581636, 25.597907938683242 ], [ -103.475080018289887, 25.597907938683242 ], [ -103.475080018289887, 25.602215898789581 ] ] ] } },
{ "type": "Feature", "properties": { "difference_1990_2000": 7.0, "difference_1990_2010": 21.0, "difference_1990_2020": 24.0 }, "geometry": { "type": "Polygon", "coordinates": [ [ [ -103.475080018289887, 25.615140700409697 ], [ -103.470507544581636, 25.615140700409722 ], [ -103.470507544581636, 25.610832279612154 ], [ -103.475080018289887, 25.610832279612154 ], [ -103.475080018289887, 25.615140700409697 ] ] ] } },
{ "type": "Feature", "properties": { "difference_1990_2000": 851.0, "difference_1990_2010": 762.0, "difference_1990_2020": 708.0 }, "geometry": { "type": "Polygon", "coordinates": [ [ [ -103.475080018289887, 25.567756513167971 ], [ -103.470507544581636, 25.567756513167993 ], [ -103.470507544581636, 25.563449779782381 ], [ -103.475080018289887, 25.563449779782324 ], [ -103.475080018289887, 25.567756513167971 ] ] ] } },
{ "type": "Feature", "properties": { "difference_1990_2000": 32.0, "difference_1990_2010": -67.0, "difference_1990_2020": -121.0 }, "geometry": { "type": "Polygon", "coordinates": [ [ [ -103.475080018289887, 25.529001422952906 ], [ -103.470507544581636, 25.529001422952906 ], [ -103.470507544581636, 25.524696066522957 ], [ -103.475080018289887, 25.524696066522996 ], [ -103.475080018289887, 25.529001422952906 ] ] ] } },
{ "type": "Feature", "properties": { "difference_1990_2000": -294.0, "difference_1990_2010": -916.0, "difference_1990_2020": -1046.0 }, "geometry": { "type": "Polygon", "coordinates": [ [ [ -103.475080018289887, 25.533306932215755 ], [ -103.470507544581636, 25.533306932215755 ], [ -103.470507544581636, 25.529001422952906 ], [ -103.475080018289887, 25.529001422952906 ], [ -103.475080018289887, 25.533306932215755 ] ] ] } },
{ "type": "Feature", "properties": { "difference_1990_2000": 25.0, "difference_1990_2010": 81.0, "difference_1990_2020": 98.0 }, "geometry": { "type": "Polygon", "coordinates": [ [ [ -103.475080018289887, 25.597907938683242 ], [ -103.470507544581636, 25.597907938683242 ], [ -103.470507544581636, 25.593600132059201 ], [ -103.475080018289887, 25.593600132059201 ], [ -103.475080018289887, 25.597907938683242 ] ] ] } },
{ "type": "Feature", "properties": { "difference_1990_2000": 102.0, "difference_1990_2010": 26.0, "difference_1990_2020": -62.0 }, "geometry": { "type": "Polygon", "coordinates": [ [ [ -103.475080018289887, 25.550530498407017 ], [ -103.470507544581636, 25.550530498407017 ], [ -103.470507544581636, 25.54622437740721 ], [ -103.475080018289887, 25.54622437740721 ], [ -103.475080018289887, 25.550530498407017 ] ] ] } },
{ "type": "Feature", "properties": { "difference_1990_2000": 1489.0, "difference_1990_2010": 1434.0, "difference_1990_2020": 1384.0 }, "geometry": { "type": "Polygon", "coordinates": [ [ [ -103.475080018289887, 25.572063399751489 ], [ -103.470507544581636, 25.572063399751489 ], [ -103.470507544581636, 25.567756513167993 ], [ -103.475080018289887, 25.567756513167971 ], [ -103.475080018289887, 25.572063399751489 ] ] ] } },
{ "type": "Feature", "properties": { "difference_1990_2000": -693.0, "difference_1990_2010": -1109.0, "difference_1990_2020": -1624.0 }, "geometry": { "type": "Polygon", "coordinates": [ [ [ -103.475080018289887, 25.54191840940242 ], [ -103.470507544581636, 25.541918409402399 ], [ -103.470507544581636, 25.537612594352098 ], [ -103.475080018289887, 25.537612594352098 ], [ -103.475080018289887, 25.54191840940242 ] ] ] } },
{ "type": "Feature", "properties": { "difference_1990_2000": -578.0, "difference_1990_2010": -812.0, "difference_1990_2020": -1027.0 }, "geometry": { "type": "Polygon", "coordinates": [ [ [ -103.475080018289887, 25.54622437740721 ], [ -103.470507544581636, 25.54622437740721 ], [ -103.470507544581636, 25.541918409402399 ], [ -103.475080018289887, 25.54191840940242 ], [ -103.475080018289887, 25.54622437740721 ] ] ] } },
{ "type": "Feature", "properties": { "difference_1990_2000": 30.0, "difference_1990_2010": 637.0, "difference_1990_2020": 682.0 }, "geometry": { "type": "Polygon", "coordinates": [ [ [ -103.475080018289887, 25.584984979095623 ], [ -103.470507544581636, 25.58498497909563 ], [ -103.470507544581636, 25.580677632674703 ], [ -103.475080018289887, 25.580677632674721 ], [ -103.475080018289887, 25.584984979095623 ] ] ] } },
{ "type": "Feature", "properties": { "difference_1990_2000": -640.0, "difference_1990_2010": -1271.0, "difference_1990_2020": -1746.0 }, "geometry": { "type": "Polygon", "coordinates": [ [ [ -103.475080018289887, 25.537612594352098 ], [ -103.470507544581636, 25.537612594352098 ], [ -103.470507544581636, 25.533306932215755 ], [ -103.475080018289887, 25.533306932215755 ], [ -103.475080018289887, 25.537612594352098 ] ] ] } },
{ "type": "Feature", "properties": { "difference_1990_2000": -8.0, "difference_1990_2010": 78.0, "difference_1990_2020": 72.0 }, "geometry": { "type": "Polygon", "coordinates": [ [ [ -103.296753543667165, 25.589292478876903 ], [ -103.292181069958858, 25.589292478876903 ], [ -103.292181069958858, 25.584984979095584 ], [ -103.296753543667165, 25.584984979095623 ], [ -103.296753543667165, 25.589292478876903 ] ] ] } },
{ "type": "Feature", "properties": { "difference_1990_2000": 4.0, "difference_1990_2010": 55.0, "difference_1990_2020": 61.0 }, "geometry": { "type": "Polygon", "coordinates": [ [ [ -103.296753543667165, 25.692718587586857 ], [ -103.292181069958858, 25.692718587586878 ], [ -103.292181069958858, 25.688407394937382 ], [ -103.296753543667165, 25.688407394937382 ], [ -103.296753543667165, 25.692718587586857 ] ] ] } },
{ "type": "Feature", "properties": { "difference_1990_2000": 0.0, "difference_1990_2010": 1.0, "difference_1990_2020": 0.0 }, "geometry": { "type": "Polygon", "coordinates": [ [ [ -103.296753543667165, 25.684096356626821 ], [ -103.292181069958858, 25.684096356626814 ], [ -103.292181069958858, 25.679785472614249 ], [ -103.296753543667165, 25.679785472614249 ], [ -103.296753543667165, 25.684096356626821 ] ] ] } },
{ "type": "Feature", "properties": { "difference_1990_2000": -1.0, "difference_1990_2010": 225.0, "difference_1990_2020": 3.0 }, "geometry": { "type": "Polygon", "coordinates": [ [ [ -103.296753543667165, 25.697029934616165 ], [ -103.292181069958858, 25.697029934616129 ], [ -103.292181069958858, 25.692718587586878 ], [ -103.296753543667165, 25.692718587586857 ], [ -103.296753543667165, 25.697029934616165 ] ] ] } },
{ "type": "Feature", "properties": { "difference_1990_2000": -1.0, "difference_1990_2010": 26.0, "difference_1990_2020": 55.0 }, "geometry": { "type": "Polygon", "coordinates": [ [ [ -103.296753543667165, 25.593600132059237 ], [ -103.292181069958858, 25.593600132059201 ], [ -103.292181069958858, 25.589292478876903 ], [ -103.296753543667165, 25.589292478876903 ], [ -103.296753543667165, 25.593600132059237 ] ] ] } },
{ "type": "Feature", "properties": { "difference_1990_2000": 0.0, "difference_1990_2010": 7.0, "difference_1990_2020": 0.0 }, "geometry": { "type": "Polygon", "coordinates": [ [ [ -103.296753543667165, 25.688407394937382 ], [ -103.292181069958858, 25.688407394937382 ], [ -103.292181069958858, 25.684096356626814 ], [ -103.296753543667165, 25.684096356626821 ], [ -103.296753543667165, 25.688407394937382 ] ] ] } },
{ "type": "Feature", "properties": { "difference_1990_2000": -1.0, "difference_1990_2010": 5.0, "difference_1990_2020": 9.0 }, "geometry": { "type": "Polygon", "coordinates": [ [ [ -103.296753543667165, 25.597907938683242 ], [ -103.292181069958858, 25.597907938683242 ], [ -103.292181069958858, 25.593600132059201 ], [ -103.296753543667165, 25.593600132059237 ], [ -103.296753543667165, 25.597907938683242 ] ] ] } },
{ "type": "Feature", "properties": { "difference_1990_2000": 6.0, "difference_1990_2010": -3.0, "difference_1990_2020": -3.0 }, "geometry": { "type": "Polygon", "coordinates": [ [ [ -103.296753543667165, 25.54191840940242 ], [ -103.292181069958858, 25.541918409402399 ], [ -103.292181069958858, 25.537612594352062 ], [ -103.296753543667165, 25.537612594352051 ], [ -103.296753543667165, 25.54191840940242 ] ] ] } },
{ "type": "Feature", "properties": { "difference_1990_2000": 6.0, "difference_1990_2010": -3.0, "difference_1990_2020": -3.0 }, "geometry": { "type": "Polygon", "coordinates": [ [ [ -103.296753543667165, 25.537612594352051 ], [ -103.292181069958858, 25.537612594352062 ], [ -103.292181069958858, 25.533306932215755 ], [ -103.296753543667165, 25.533306932215755 ], [ -103.296753543667165, 25.537612594352051 ] ] ] } },
{ "type": "Feature", "properties": { "difference_1990_2000": 0.0, "difference_1990_2010": 96.0, "difference_1990_2020": 88.0 }, "geometry": { "type": "Polygon", "coordinates": [ [ [ -103.296753543667165, 25.584984979095623 ], [ -103.292181069958858, 25.584984979095584 ], [ -103.292181069958858, 25.580677632674668 ], [ -103.296753543667165, 25.580677632674703 ], [ -103.296753543667165, 25.584984979095623 ] ] ] } },
{ "type": "Feature", "properties": { "difference_1990_2000": 0.0, "difference_1990_2010": 4.0, "difference_1990_2020": 8.0 }, "geometry": { "type": "Polygon", "coordinates": [ [ [ -103.65340649291268, 25.507476168323041 ], [ -103.648834019204401, 25.507476168323006 ], [ -103.648834019204401, 25.503171575450608 ], [ -103.65340649291268, 25.503171575450629 ], [ -103.65340649291268, 25.507476168323041 ] ] ] } },
{ "type": "Feature", "properties": { "difference_1990_2000": 0.0, "difference_1990_2010": 1.0, "difference_1990_2020": 3.0 }, "geometry": { "type": "Polygon", "coordinates": [ [ [ -103.65340649291268, 25.511780913825994 ], [ -103.648834019204401, 25.511780913825994 ], [ -103.648834019204401, 25.507476168323006 ], [ -103.65340649291268, 25.507476168323041 ], [ -103.65340649291268, 25.511780913825994 ] ] ] } },
{ "type": "Feature", "properties": { "difference_1990_2000": -1.0, "difference_1990_2010": 0.0, "difference_1990_2020": 2.0 }, "geometry": { "type": "Polygon", "coordinates": [ [ [ -103.65340649291268, 25.494562847435752 ], [ -103.648834019204401, 25.494562847435752 ], [ -103.648834019204401, 25.490258712212455 ], [ -103.65340649291268, 25.490258712212455 ], [ -103.65340649291268, 25.494562847435752 ] ] ] } },
{ "type": "Feature", "properties": { "difference_1990_2000": 3.0, "difference_1990_2010": 9.0, "difference_1990_2020": 11.0 }, "geometry": { "type": "Polygon", "coordinates": [ [ [ -103.65340649291268, 25.49886713516835 ], [ -103.648834019204401, 25.49886713516835 ], [ -103.648834019204401, 25.494562847435752 ], [ -103.65340649291268, 25.494562847435752 ], [ -103.65340649291268, 25.49886713516835 ] ] ] } },
{ "type": "Feature", "properties": { "difference_1990_2000": -107.0, "difference_1990_2010": -137.0, "difference_1990_2020": -133.0 }, "geometry": { "type": "Polygon", "coordinates": [ [ [ -103.287608596250607, 25.692718587586917 ], [ -103.283036122542313, 25.692718587586878 ], [ -103.283036122542313, 25.688407394937425 ], [ -103.287608596250607, 25.688407394937425 ], [ -103.287608596250607, 25.692718587586917 ] ] ] } },
{ "type": "Feature", "properties": { "difference_1990_2000": -114.0, "difference_1990_2010": -138.0, "difference_1990_2020": -134.0 }, "geometry": { "type": "Polygon", "coordinates": [ [ [ -103.287608596250607, 25.697029934616175 ], [ -103.283036122542313, 25.697029934616165 ], [ -103.283036122542313, 25.692718587586878 ], [ -103.287608596250607, 25.692718587586917 ], [ -103.287608596250607, 25.697029934616175 ] ] ] } },
{ "type": "Feature", "properties": { "difference_1990_2000": 0.0, "difference_1990_2010": 17.0, "difference_1990_2020": 1.0 }, "geometry": { "type": "Polygon", "coordinates": [ [ [ -103.287608596250607, 25.705653091977783 ], [ -103.283036122542313, 25.705653091977783 ], [ -103.283036122542313, 25.701341436066127 ], [ -103.287608596250607, 25.701341436066166 ], [ -103.287608596250607, 25.705653091977783 ] ] ] } },
{ "type": "Feature", "properties": { "difference_1990_2000": -16.0, "difference_1990_2010": 109.0, "difference_1990_2020": -28.0 }, "geometry": { "type": "Polygon", "coordinates": [ [ [ -103.287608596250607, 25.688407394937425 ], [ -103.283036122542313, 25.688407394937425 ], [ -103.283036122542313, 25.684096356626814 ], [ -103.287608596250607, 25.68409635662686 ], [ -103.287608596250607, 25.688407394937425 ] ] ] } },
{ "type": "Feature", "properties": { "difference_1990_2000": 0.0, "difference_1990_2010": 1.0, "difference_1990_2020": 0.0 }, "geometry": { "type": "Polygon", "coordinates": [ [ [ -103.287608596250607, 25.529001422952906 ], [ -103.283036122542313, 25.529001422952906 ], [ -103.283036122542313, 25.524696066522957 ], [ -103.287608596250607, 25.524696066522996 ], [ -103.287608596250607, 25.529001422952906 ] ] ] } },
{ "type": "Feature", "properties": { "difference_1990_2000": 0.0, "difference_1990_2010": 3.0, "difference_1990_2020": 0.0 }, "geometry": { "type": "Polygon", "coordinates": [ [ [ -103.287608596250607, 25.533306932215755 ], [ -103.283036122542313, 25.533306932215755 ], [ -103.283036122542313, 25.529001422952906 ], [ -103.287608596250607, 25.529001422952906 ], [ -103.287608596250607, 25.533306932215755 ] ] ] } },
{ "type": "Feature", "properties": { "difference_1990_2000": 0.0, "difference_1990_2010": 9.0, "difference_1990_2020": 32.0 }, "geometry": { "type": "Polygon", "coordinates": [ [ [ -103.287608596250607, 25.541918409402399 ], [ -103.283036122542313, 25.541918409402399 ], [ -103.283036122542313, 25.537612594352098 ], [ -103.287608596250607, 25.537612594352098 ], [ -103.287608596250607, 25.541918409402399 ] ] ] } },
{ "type": "Feature", "properties": { "difference_1990_2000": 0.0, "difference_1990_2010": 1.0, "difference_1990_2020": 3.0 }, "geometry": { "type": "Polygon", "coordinates": [ [ [ -103.287608596250607, 25.550530498407017 ], [ -103.283036122542313, 25.550530498407017 ], [ -103.283036122542313, 25.546224377407174 ], [ -103.287608596250607, 25.54622437740721 ], [ -103.287608596250607, 25.550530498407017 ] ] ] } },
{ "type": "Feature", "properties": { "difference_1990_2000": -35.0, "difference_1990_2010": 6.0, "difference_1990_2020": -1.0 }, "geometry": { "type": "Polygon", "coordinates": [ [ [ -103.287608596250607, 25.701341436066166 ], [ -103.283036122542313, 25.701341436066127 ], [ -103.283036122542313, 25.697029934616165 ], [ -103.287608596250607, 25.697029934616175 ], [ -103.287608596250607, 25.701341436066166 ] ] ] } },
{ "type": "Feature", "properties": { "difference_1990_2000": 0.0, "difference_1990_2010": 8.0, "difference_1990_2020": 18.0 }, "geometry": { "type": "Polygon", "coordinates": [ [ [ -103.287608596250607, 25.54622437740721 ], [ -103.283036122542313, 25.546224377407174 ], [ -103.283036122542313, 25.541918409402399 ], [ -103.287608596250607, 25.541918409402399 ], [ -103.287608596250607, 25.54622437740721 ] ] ] } },
{ "type": "Feature", "properties": { "difference_1990_2000": 4.0, "difference_1990_2010": -24.0, "difference_1990_2020": -25.0 }, "geometry": { "type": "Polygon", "coordinates": [ [ [ -103.287608596250607, 25.537612594352098 ], [ -103.283036122542313, 25.537612594352098 ], [ -103.283036122542313, 25.533306932215755 ], [ -103.287608596250607, 25.533306932215755 ], [ -103.287608596250607, 25.537612594352098 ] ] ] } },
{ "type": "Feature", "properties": { "difference_1990_2000": 23.0, "difference_1990_2010": 54.0, "difference_1990_2020": 37.0 }, "geometry": { "type": "Polygon", "coordinates": [ [ [ -103.465935070873343, 25.520390862885513 ], [ -103.461362597165063, 25.520390862885513 ], [ -103.461362597165063, 25.516085812000036 ], [ -103.465935070873343, 25.516085812000071 ], [ -103.465935070873343, 25.520390862885513 ] ] ] } },
{ "type": "Feature", "properties": { "difference_1990_2000": 5.0, "difference_1990_2010": 198.0, "difference_1990_2020": 243.0 }, "geometry": { "type": "Polygon", "coordinates": [ [ [ -103.465935070873343, 25.606524012419019 ], [ -103.461362597165063, 25.606524012419019 ], [ -103.461362597165063, 25.602215898789616 ], [ -103.465935070873343, 25.602215898789581 ], [ -103.465935070873343, 25.606524012419019 ] ] ] } },
{ "type": "Feature", "properties": { "difference_1990_2000": 2.0, "difference_1990_2010": 997.0, "difference_1990_2020": 1245.0 }, "geometry": { "type": "Polygon", "coordinates": [ [ [ -103.465935070873343, 25.589292478876903 ], [ -103.461362597165063, 25.589292478876903 ], [ -103.461362597165063, 25.584984979095623 ], [ -103.465935070873343, 25.58498497909563 ], [ -103.465935070873343, 25.589292478876903 ] ] ] } },
{ "type": "Feature", "properties": { "difference_1990_2000": -58.0, "difference_1990_2010": -143.0, "difference_1990_2020": -238.0 }, "geometry": { "type": "Polygon", "coordinates": [ [ [ -103.465935070873343, 25.554836772442435 ], [ -103.461362597165063, 25.554836772442435 ], [ -103.461362597165063, 25.550530498407017 ], [ -103.465935070873343, 25.550530498407017 ], [ -103.465935070873343, 25.554836772442435 ] ] ] } },
{ "type": "Feature", "properties": { "difference_1990_2000": 47.0, "difference_1990_2010": 80.0, "difference_1990_2020": 73.0 }, "geometry": { "type": "Polygon", "coordinates": [ [ [ -103.465935070873343, 25.675474742858771 ], [ -103.461362597165063, 25.675474742858771 ], [ -103.461362597165063, 25.671164167319564 ], [ -103.465935070873343, 25.671164167319564 ], [ -103.465935070873343, 25.675474742858771 ] ] ] } },
{ "type": "Feature", "properties": { "difference_1990_2000": 38.0, "difference_1990_2010": 177.0, "difference_1990_2020": 192.0 }, "geometry": { "type": "Polygon", "coordinates": [ [ [ -103.465935070873343, 25.580677632674703 ], [ -103.461362597165063, 25.580677632674703 ], [ -103.461362597165063, 25.576370439573555 ], [ -103.465935070873343, 25.576370439573584 ], [ -103.465935070873343, 25.580677632674703 ] ] ] } },
{ "type": "Feature", "properties": { "difference_1990_2000": 0.0, "difference_1990_2010": 1.0, "difference_1990_2020": 0.0 }, "geometry": { "type": "Polygon", "coordinates": [ [ [ -103.465935070873343, 25.516085812000071 ], [ -103.461362597165063, 25.516085812000036 ], [ -103.461362597165063, 25.511780913826033 ], [ -103.465935070873343, 25.511780913826033 ], [ -103.465935070873343, 25.516085812000071 ] ] ] } },
{ "type": "Feature", "properties": { "difference_1990_2000": 172.0, "difference_1990_2010": 118.0, "difference_1990_2020": 85.0 }, "geometry": { "type": "Polygon", "coordinates": [ [ [ -103.465935070873343, 25.524696066522996 ], [ -103.461362597165063, 25.524696066522957 ], [ -103.461362597165063, 25.520390862885513 ], [ -103.465935070873343, 25.520390862885513 ], [ -103.465935070873343, 25.524696066522996 ] ] ] } },
{ "type": "Feature", "properties": { "difference_1990_2000": 39.0, "difference_1990_2010": 209.0, "difference_1990_2020": 211.0 }, "geometry": { "type": "Polygon", "coordinates": [ [ [ -103.465935070873343, 25.684096356626821 ], [ -103.461362597165063, 25.684096356626821 ], [ -103.461362597165063, 25.679785472614249 ], [ -103.465935070873343, 25.679785472614249 ], [ -103.465935070873343, 25.684096356626821 ] ] ] } },
{ "type": "Feature", "properties": { "difference_1990_2000": 0.0, "difference_1990_2010": 893.0, "difference_1990_2020": 1237.0 }, "geometry": { "type": "Polygon", "coordinates": [ [ [ -103.465935070873343, 25.593600132059201 ], [ -103.461362597165063, 25.593600132059201 ], [ -103.461362597165063, 25.589292478876903 ], [ -103.465935070873343, 25.589292478876903 ], [ -103.465935070873343, 25.593600132059201 ] ] ] } },
{ "type": "Feature", "properties": { "difference_1990_2000": 79.0, "difference_1990_2010": 215.0, "difference_1990_2020": 396.0 }, "geometry": { "type": "Polygon", "coordinates": [ [ [ -103.465935070873343, 25.610832279612154 ], [ -103.461362597165063, 25.610832279612154 ], [ -103.461362597165063, 25.606524012419019 ], [ -103.465935070873343, 25.606524012419019 ], [ -103.465935070873343, 25.610832279612154 ] ] ] } },
{ "type": "Feature", "properties": { "difference_1990_2000": 98.0, "difference_1990_2010": 124.0, "difference_1990_2020": 133.0 }, "geometry": { "type": "Polygon", "coordinates": [ [ [ -103.465935070873343, 25.576370439573584 ], [ -103.461362597165063, 25.576370439573555 ], [ -103.461362597165063, 25.572063399751489 ], [ -103.465935070873343, 25.572063399751524 ], [ -103.465935070873343, 25.576370439573584 ] ] ] } },
{ "type": "Feature", "properties": { "difference_1990_2000": 3.0, "difference_1990_2010": -2.0, "difference_1990_2020": -6.0 }, "geometry": { "type": "Polygon", "coordinates": [ [ [ -103.465935070873343, 25.559143199554043 ], [ -103.461362597165063, 25.559143199554043 ], [ -103.461362597165063, 25.554836772442435 ], [ -103.465935070873343, 25.554836772442435 ], [ -103.465935070873343, 25.559143199554043 ] ] ] } },
{ "type": "Feature", "properties": { "difference_1990_2000": 131.0, "difference_1990_2010": 225.0, "difference_1990_2020": 204.0 }, "geometry": { "type": "Polygon", "coordinates": [ [ [ -103.465935070873343, 25.679785472614249 ], [ -103.461362597165063, 25.679785472614249 ], [ -103.461362597165063, 25.675474742858771 ], [ -103.465935070873343, 25.675474742858803 ], [ -103.465935070873343, 25.679785472614249 ] ] ] } },
{ "type": "Feature", "properties": { "difference_1990_2000": 3.0, "difference_1990_2010": -5.0, "difference_1990_2020": -12.0 }, "geometry": { "type": "Polygon", "coordinates": [ [ [ -103.465935070873343, 25.563449779782399 ], [ -103.461362597165063, 25.563449779782324 ], [ -103.461362597165063, 25.559143199554043 ], [ -103.465935070873343, 25.559143199554043 ], [ -103.465935070873343, 25.563449779782399 ] ] ] } },
{ "type": "Feature", "properties": { "difference_1990_2000": 66.0, "difference_1990_2010": 161.0, "difference_1990_2020": 213.0 }, "geometry": { "type": "Polygon", "coordinates": [ [ [ -103.465935070873343, 25.619449274852411 ], [ -103.461362597165063, 25.619449274852371 ], [ -103.461362597165063, 25.615140700409697 ], [ -103.465935070873343, 25.615140700409697 ], [ -103.465935070873343, 25.619449274852411 ] ] ] } },
{ "type": "Feature", "properties": { "difference_1990_2000": 0.0, "difference_1990_2010": 0.0, "difference_1990_2020": 0.0 }, "geometry": { "type": "Polygon", "coordinates": [ [ [ -103.465935070873343, 25.688407394937443 ], [ -103.461362597165063, 25.688407394937425 ], [ -103.461362597165063, 25.684096356626821 ], [ -103.465935070873343, 25.684096356626821 ], [ -103.465935070873343, 25.688407394937443 ] ] ] } },
{ "type": "Feature", "properties": { "difference_1990_2000": 0.0, "difference_1990_2010": 214.0, "difference_1990_2020": 222.0 }, "geometry": { "type": "Polygon", "coordinates": [ [ [ -103.465935070873343, 25.602215898789581 ], [ -103.461362597165063, 25.602215898789616 ], [ -103.461362597165063, 25.597907938683242 ], [ -103.465935070873343, 25.597907938683242 ], [ -103.465935070873343, 25.602215898789581 ] ] ] } },
{ "type": "Feature", "properties": { "difference_1990_2000": 87.0, "difference_1990_2010": 212.0, "difference_1990_2020": 280.0 }, "geometry": { "type": "Polygon", "coordinates": [ [ [ -103.465935070873343, 25.615140700409697 ], [ -103.461362597165063, 25.615140700409697 ], [ -103.461362597165063, 25.610832279612154 ], [ -103.465935070873343, 25.610832279612154 ], [ -103.465935070873343, 25.615140700409697 ] ] ] } },
{ "type": "Feature", "properties": { "difference_1990_2000": -34.0, "difference_1990_2010": -83.0, "difference_1990_2020": -123.0 }, "geometry": { "type": "Polygon", "coordinates": [ [ [ -103.465935070873343, 25.567756513167993 ], [ -103.461362597165063, 25.567756513167971 ], [ -103.461362597165063, 25.563449779782324 ], [ -103.465935070873343, 25.563449779782399 ], [ -103.465935070873343, 25.567756513167993 ] ] ] } },
{ "type": "Feature", "properties": { "difference_1990_2000": 553.0, "difference_1990_2010": 282.0, "difference_1990_2020": 136.0 }, "geometry": { "type": "Polygon", "coordinates": [ [ [ -103.465935070873343, 25.529001422952906 ], [ -103.461362597165063, 25.529001422952906 ], [ -103.461362597165063, 25.524696066522957 ], [ -103.465935070873343, 25.524696066522996 ], [ -103.465935070873343, 25.529001422952906 ] ] ] } },
{ "type": "Feature", "properties": { "difference_1990_2000": -771.0, "difference_1990_2010": -1137.0, "difference_1990_2020": -1359.0 }, "geometry": { "type": "Polygon", "coordinates": [ [ [ -103.465935070873343, 25.533306932215755 ], [ -103.461362597165063, 25.533306932215755 ], [ -103.461362597165063, 25.529001422952906 ], [ -103.465935070873343, 25.529001422952906 ], [ -103.465935070873343, 25.533306932215755 ] ] ] } },
{ "type": "Feature", "properties": { "difference_1990_2000": 0.0, "difference_1990_2010": 254.0, "difference_1990_2020": 265.0 }, "geometry": { "type": "Polygon", "coordinates": [ [ [ -103.465935070873343, 25.597907938683242 ], [ -103.461362597165063, 25.597907938683242 ], [ -103.461362597165063, 25.593600132059201 ], [ -103.465935070873343, 25.593600132059201 ], [ -103.465935070873343, 25.597907938683242 ] ] ] } },
{ "type": "Feature", "properties": { "difference_1990_2000": -576.0, "difference_1990_2010": -1060.0, "difference_1990_2020": -1544.0 }, "geometry": { "type": "Polygon", "coordinates": [ [ [ -103.465935070873343, 25.550530498407017 ], [ -103.461362597165063, 25.550530498407017 ], [ -103.461362597165063, 25.54622437740721 ], [ -103.465935070873343, 25.546224377407228 ], [ -103.465935070873343, 25.550530498407017 ] ] ] } },
{ "type": "Feature", "properties": { "difference_1990_2000": -414.0, "difference_1990_2010": -670.0, "difference_1990_2020": -942.0 }, "geometry": { "type": "Polygon", "coordinates": [ [ [ -103.465935070873343, 25.54191840940242 ], [ -103.461362597165063, 25.54191840940236 ], [ -103.461362597165063, 25.537612594352062 ], [ -103.465935070873343, 25.537612594352115 ], [ -103.465935070873343, 25.54191840940242 ] ] ] } },
{ "type": "Feature", "properties": { "difference_1990_2000": -132.0, "difference_1990_2010": -298.0, "difference_1990_2020": -431.0 }, "geometry": { "type": "Polygon", "coordinates": [ [ [ -103.465935070873343, 25.572063399751524 ], [ -103.461362597165063, 25.572063399751489 ], [ -103.461362597165063, 25.567756513167971 ], [ -103.465935070873343, 25.567756513167993 ], [ -103.465935070873343, 25.572063399751524 ] ] ] } },
{ "type": "Feature", "properties": { "difference_1990_2000": 12.0, "difference_1990_2010": 349.0, "difference_1990_2020": 395.0 }, "geometry": { "type": "Polygon", "coordinates": [ [ [ -103.465935070873343, 25.58498497909563 ], [ -103.461362597165063, 25.584984979095623 ], [ -103.461362597165063, 25.580677632674703 ], [ -103.465935070873343, 25.580677632674703 ], [ -103.465935070873343, 25.58498497909563 ] ] ] } },
{ "type": "Feature", "properties": { "difference_1990_2000": -473.0, "difference_1990_2010": -801.0, "difference_1990_2020": -1135.0 }, "geometry": { "type": "Polygon", "coordinates": [ [ [ -103.465935070873343, 25.546224377407228 ], [ -103.461362597165063, 25.54622437740721 ], [ -103.461362597165063, 25.54191840940236 ], [ -103.465935070873343, 25.54191840940242 ], [ -103.465935070873343, 25.546224377407228 ] ] ] } },
{ "type": "Feature", "properties": { "difference_1990_2000": -241.0, "difference_1990_2010": -612.0, "difference_1990_2020": -915.0 }, "geometry": { "type": "Polygon", "coordinates": [ [ [ -103.465935070873343, 25.537612594352115 ], [ -103.461362597165063, 25.537612594352062 ], [ -103.461362597165063, 25.533306932215755 ], [ -103.465935070873343, 25.533306932215755 ], [ -103.465935070873343, 25.537612594352115 ] ] ] } },
{ "type": "Feature", "properties": { "difference_1990_2000": 0.0, "difference_1990_2010": 12.0, "difference_1990_2020": 77.0 }, "geometry": { "type": "Polygon", "coordinates": [ [ [ -103.27846364883402, 25.692718587586857 ], [ -103.273891175125755, 25.692718587586857 ], [ -103.273891175125755, 25.688407394937425 ], [ -103.27846364883402, 25.688407394937425 ], [ -103.27846364883402, 25.692718587586857 ] ] ] } },
{ "type": "Feature", "properties": { "difference_1990_2000": 11.0, "difference_1990_2010": 14.0, "difference_1990_2020": 6.0 }, "geometry": { "type": "Polygon", "coordinates": [ [ [ -103.27846364883402, 25.697029934616129 ], [ -103.273891175125755, 25.697029934616165 ], [ -103.273891175125755, 25.692718587586878 ], [ -103.27846364883402, 25.692718587586857 ], [ -103.27846364883402, 25.697029934616129 ] ] ] } },
{ "type": "Feature", "properties": { "difference_1990_2000": 0.0, "difference_1990_2010": 1.0, "difference_1990_2020": 2.0 }, "geometry": { "type": "Polygon", "coordinates": [ [ [ -103.27846364883402, 25.714276867349842 ], [ -103.273891175125755, 25.714276867349842 ], [ -103.273891175125755, 25.709964902392095 ], [ -103.27846364883402, 25.709964902392095 ], [ -103.27846364883402, 25.714276867349842 ] ] ] } },
{ "type": "Feature", "properties": { "difference_1990_2000": 0.0, "difference_1990_2010": 0.0, "difference_1990_2020": 2.0 }, "geometry": { "type": "Polygon", "coordinates": [ [ [ -103.27846364883402, 25.688407394937425 ], [ -103.273891175125755, 25.688407394937425 ], [ -103.273891175125755, 25.684096356626821 ], [ -103.27846364883402, 25.684096356626814 ], [ -103.27846364883402, 25.688407394937425 ] ] ] } },
{ "type": "Feature", "properties": { "difference_1990_2000": -1.0, "difference_1990_2010": 135.0, "difference_1990_2020": 28.0 }, "geometry": { "type": "Polygon", "coordinates": [ [ [ -103.27846364883402, 25.705653091977823 ], [ -103.273891175125755, 25.705653091977783 ], [ -103.273891175125755, 25.701341436066127 ], [ -103.27846364883402, 25.701341436066166 ], [ -103.27846364883402, 25.705653091977823 ] ] ] } },
{ "type": "Feature", "properties": { "difference_1990_2000": 3.0, "difference_1990_2010": -3.0, "difference_1990_2020": -9.0 }, "geometry": { "type": "Polygon", "coordinates": [ [ [ -103.27846364883402, 25.541918409402399 ], [ -103.273891175125755, 25.54191840940242 ], [ -103.273891175125755, 25.537612594352062 ], [ -103.27846364883402, 25.537612594352062 ], [ -103.27846364883402, 25.541918409402399 ] ] ] } },
{ "type": "Feature", "properties": { "difference_1990_2000": 39.0, "difference_1990_2010": 177.0, "difference_1990_2020": 22.0 }, "geometry": { "type": "Polygon", "coordinates": [ [ [ -103.27846364883402, 25.701341436066166 ], [ -103.273891175125755, 25.701341436066127 ], [ -103.273891175125755, 25.697029934616165 ], [ -103.27846364883402, 25.697029934616129 ], [ -103.27846364883402, 25.701341436066166 ] ] ] } },
{ "type": "Feature", "properties": { "difference_1990_2000": 2.0, "difference_1990_2010": -1.0, "difference_1990_2020": -3.0 }, "geometry": { "type": "Polygon", "coordinates": [ [ [ -103.27846364883402, 25.546224377407174 ], [ -103.273891175125755, 25.54622437740721 ], [ -103.273891175125755, 25.54191840940242 ], [ -103.27846364883402, 25.541918409402399 ], [ -103.27846364883402, 25.546224377407174 ] ] ] } },
{ "type": "Feature", "properties": { "difference_1990_2000": 2.0, "difference_1990_2010": -2.0, "difference_1990_2020": -6.0 }, "geometry": { "type": "Polygon", "coordinates": [ [ [ -103.27846364883402, 25.537612594352062 ], [ -103.273891175125755, 25.537612594352062 ], [ -103.273891175125755, 25.533306932215755 ], [ -103.27846364883402, 25.533306932215755 ], [ -103.27846364883402, 25.537612594352062 ] ] ] } },
{ "type": "Feature", "properties": { "difference_1990_2000": -2.0, "difference_1990_2010": -64.0, "difference_1990_2020": 51.0 }, "geometry": { "type": "Polygon", "coordinates": [ [ [ -103.27846364883402, 25.709964902392095 ], [ -103.273891175125755, 25.709964902392095 ], [ -103.273891175125755, 25.705653091977823 ], [ -103.27846364883402, 25.705653091977823 ], [ -103.27846364883402, 25.709964902392095 ] ] ] } },
{ "type": "Feature", "properties": { "difference_1990_2000": 132.0, "difference_1990_2010": 71.0, "difference_1990_2020": 41.0 }, "geometry": { "type": "Polygon", "coordinates": [ [ [ -103.456790123456798, 25.520390862885513 ], [ -103.452217649748519, 25.520390862885513 ], [ -103.452217649748519, 25.516085812000011 ], [ -103.456790123456798, 25.516085812000036 ], [ -103.456790123456798, 25.520390862885513 ] ] ] } },
{ "type": "Feature", "properties": { "difference_1990_2000": 33.0, "difference_1990_2010": 44.0, "difference_1990_2020": 454.0 }, "geometry": { "type": "Polygon", "coordinates": [ [ [ -103.456790123456798, 25.606524012419019 ], [ -103.452217649748519, 25.60652401241903 ], [ -103.452217649748519, 25.602215898789616 ], [ -103.456790123456798, 25.602215898789581 ], [ -103.456790123456798, 25.606524012419019 ] ] ] } },
{ "type": "Feature", "properties": { "difference_1990_2000": 104.0, "difference_1990_2010": 339.0, "difference_1990_2020": 384.0 }, "geometry": { "type": "Polygon", "coordinates": [ [ [ -103.456790123456798, 25.589292478876903 ], [ -103.452217649748519, 25.589292478876903 ], [ -103.452217649748519, 25.584984979095623 ], [ -103.456790123456798, 25.584984979095584 ], [ -103.456790123456798, 25.589292478876903 ] ] ] } },
{ "type": "Feature", "properties": { "difference_1990_2000": -224.0, "difference_1990_2010": -415.0, "difference_1990_2020": -607.0 }, "geometry": { "type": "Polygon", "coordinates": [ [ [ -103.456790123456798, 25.554836772442435 ], [ -103.452217649748519, 25.554836772442435 ], [ -103.452217649748519, 25.550530498407017 ], [ -103.456790123456798, 25.550530498407017 ], [ -103.456790123456798, 25.554836772442435 ] ] ] } },
{ "type": "Feature", "properties": { "difference_1990_2000": 59.0, "difference_1990_2010": 23.0, "difference_1990_2020": 12.0 }, "geometry": { "type": "Polygon", "coordinates": [ [ [ -103.456790123456798, 25.516085812000036 ], [ -103.452217649748519, 25.516085812000011 ], [ -103.452217649748519, 25.511780913826033 ], [ -103.456790123456798, 25.511780913825994 ], [ -103.456790123456798, 25.516085812000036 ] ] ] } },
{ "type": "Feature", "properties": { "difference_1990_2000": 99.0, "difference_1990_2010": 95.0, "difference_1990_2020": 101.0 }, "geometry": { "type": "Polygon", "coordinates": [ [ [ -103.456790123456798, 25.580677632674703 ], [ -103.452217649748519, 25.580677632674721 ], [ -103.452217649748519, 25.576370439573584 ], [ -103.456790123456798, 25.576370439573555 ], [ -103.456790123456798, 25.580677632674703 ] ] ] } },
{ "type": "Feature", "properties": { "difference_1990_2000": -479.0, "difference_1990_2010": -668.0, "difference_1990_2020": -784.0 }, "geometry": { "type": "Polygon", "coordinates": [ [ [ -103.456790123456798, 25.524696066522957 ], [ -103.452217649748519, 25.524696066522957 ], [ -103.452217649748519, 25.520390862885513 ], [ -103.456790123456798, 25.520390862885513 ], [ -103.456790123456798, 25.524696066522957 ] ] ] } },
{ "type": "Feature", "properties": { "difference_1990_2000": 27.0, "difference_1990_2010": 890.0, "difference_1990_2020": 1153.0 }, "geometry": { "type": "Polygon", "coordinates": [ [ [ -103.456790123456798, 25.593600132059201 ], [ -103.452217649748519, 25.593600132059237 ], [ -103.452217649748519, 25.589292478876903 ], [ -103.456790123456798, 25.589292478876903 ], [ -103.456790123456798, 25.593600132059201 ] ] ] } },
{ "type": "Feature", "properties": { "difference_1990_2000": 37.0, "difference_1990_2010": 46.0, "difference_1990_2020": 505.0 }, "geometry": { "type": "Polygon", "coordinates": [ [ [ -103.456790123456798, 25.610832279612154 ], [ -103.452217649748519, 25.610832279612154 ], [ -103.452217649748519, 25.60652401241903 ], [ -103.456790123456798, 25.606524012419019 ], [ -103.456790123456798, 25.610832279612154 ] ] ] } },
{ "type": "Feature", "properties": { "difference_1990_2000": 20.0, "difference_1990_2010": 20.0, "difference_1990_2020": 18.0 }, "geometry": { "type": "Polygon", "coordinates": [ [ [ -103.456790123456798, 25.576370439573555 ], [ -103.452217649748519, 25.576370439573584 ], [ -103.452217649748519, 25.572063399751489 ], [ -103.456790123456798, 25.572063399751489 ], [ -103.456790123456798, 25.576370439573555 ] ] ] } },
{ "type": "Feature", "properties": { "difference_1990_2000": -18.0, "difference_1990_2010": -38.0, "difference_1990_2020": -61.0 }, "geometry": { "type": "Polygon", "coordinates": [ [ [ -103.456790123456798, 25.563449779782346 ], [ -103.452217649748519, 25.563449779782381 ], [ -103.452217649748519, 25.559143199554043 ], [ -103.456790123456798, 25.559143199554043 ], [ -103.456790123456798, 25.563449779782346 ] ] ] } },
{ "type": "Feature", "properties": { "difference_1990_2000": -132.0, "difference_1990_2010": -224.0, "difference_1990_2020": -306.0 }, "geometry": { "type": "Polygon", "coordinates": [ [ [ -103.456790123456798, 25.559143199554043 ], [ -103.452217649748519, 25.559143199554043 ], [ -103.452217649748519, 25.554836772442435 ], [ -103.456790123456798, 25.554836772442435 ], [ -103.456790123456798, 25.559143199554043 ] ] ] } },
{ "type": "Feature", "properties": { "difference_1990_2000": 20.0, "difference_1990_2010": 25.0, "difference_1990_2020": 276.0 }, "geometry": { "type": "Polygon", "coordinates": [ [ [ -103.456790123456798, 25.615140700409665 ], [ -103.452217649748519, 25.615140700409697 ], [ -103.452217649748519, 25.610832279612154 ], [ -103.456790123456798, 25.610832279612154 ], [ -103.456790123456798, 25.615140700409665 ] ] ] } },
{ "type": "Feature", "properties": { "difference_1990_2000": 2.0, "difference_1990_2010": 572.0, "difference_1990_2020": 779.0 }, "geometry": { "type": "Polygon", "coordinates": [ [ [ -103.456790123456798, 25.602215898789581 ], [ -103.452217649748519, 25.602215898789616 ], [ -103.452217649748519, 25.597907938683242 ], [ -103.456790123456798, 25.597907938683242 ], [ -103.456790123456798, 25.602215898789581 ] ] ] } },
{ "type": "Feature", "properties": { "difference_1990_2000": 3.0, "difference_1990_2010": -3.0, "difference_1990_2020": -7.0 }, "geometry": { "type": "Polygon", "coordinates": [ [ [ -103.456790123456798, 25.567756513167971 ], [ -103.452217649748519, 25.567756513167971 ], [ -103.452217649748519, 25.563449779782381 ], [ -103.456790123456798, 25.563449779782346 ], [ -103.456790123456798, 25.567756513167971 ] ] ] } },
{ "type": "Feature", "properties": { "difference_1990_2000": -469.0, "difference_1990_2010": -977.0, "difference_1990_2020": -1348.0 }, "geometry": { "type": "Polygon", "coordinates": [ [ [ -103.456790123456798, 25.529001422952906 ], [ -103.452217649748519, 25.529001422952906 ], [ -103.452217649748519, 25.524696066522957 ], [ -103.456790123456798, 25.524696066522957 ], [ -103.456790123456798, 25.529001422952906 ] ] ] } },
{ "type": "Feature", "properties": { "difference_1990_2000": -859.0, "difference_1990_2010": -1215.0, "difference_1990_2020": -1442.0 }, "geometry": { "type": "Polygon", "coordinates": [ [ [ -103.456790123456798, 25.533306932215755 ], [ -103.452217649748519, 25.533306932215755 ], [ -103.452217649748519, 25.529001422952906 ], [ -103.456790123456798, 25.529001422952906 ], [ -103.456790123456798, 25.533306932215755 ] ] ] } },
{ "type": "Feature", "properties": { "difference_1990_2000": 0.0, "difference_1990_2010": 952.0, "difference_1990_2020": 1295.0 }, "geometry": { "type": "Polygon", "coordinates": [ [ [ -103.456790123456798, 25.597907938683242 ], [ -103.452217649748519, 25.597907938683242 ], [ -103.452217649748519, 25.593600132059237 ], [ -103.456790123456798, 25.593600132059201 ], [ -103.456790123456798, 25.597907938683242 ] ] ] } },
{ "type": "Feature", "properties": { "difference_1990_2000": -387.0, "difference_1990_2010": -616.0, "difference_1990_2020": -723.0 }, "geometry": { "type": "Polygon", "coordinates": [ [ [ -103.456790123456798, 25.541918409402399 ], [ -103.452217649748519, 25.541918409402399 ], [ -103.452217649748519, 25.537612594352098 ], [ -103.456790123456798, 25.537612594352062 ], [ -103.456790123456798, 25.541918409402399 ] ] ] } },
{ "type": "Feature", "properties": { "difference_1990_2000": -229.0, "difference_1990_2010": -411.0, "difference_1990_2020": -522.0 }, "geometry": { "type": "Polygon", "coordinates": [ [ [ -103.456790123456798, 25.550530498407017 ], [ -103.452217649748519, 25.550530498407017 ], [ -103.452217649748519, 25.54622437740721 ], [ -103.456790123456798, 25.54622437740721 ], [ -103.456790123456798, 25.550530498407017 ] ] ] } },
{ "type": "Feature", "properties": { "difference_1990_2000": 1.0, "difference_1990_2010": -1.0, "difference_1990_2020": -2.0 }, "geometry": { "type": "Polygon", "coordinates": [ [ [ -103.456790123456798, 25.572063399751489 ], [ -103.452217649748519, 25.572063399751489 ], [ -103.452217649748519, 25.567756513167971 ], [ -103.456790123456798, 25.567756513167971 ], [ -103.456790123456798, 25.572063399751489 ] ] ] } },
{ "type": "Feature", "properties": { "difference_1990_2000": 133.0, "difference_1990_2010": 127.0, "difference_1990_2020": 135.0 }, "geometry": { "type": "Polygon", "coordinates": [ [ [ -103.456790123456798, 25.584984979095584 ], [ -103.452217649748519, 25.584984979095623 ], [ -103.452217649748519, 25.580677632674721 ], [ -103.456790123456798, 25.580677632674703 ], [ -103.456790123456798, 25.584984979095584 ] ] ] } },
{ "type": "Feature", "properties": { "difference_1990_2000": 452.0, "difference_1990_2010": -187.0, "difference_1990_2020": -489.0 }, "geometry": { "type": "Polygon", "coordinates": [ [ [ -103.456790123456798, 25.537612594352062 ], [ -103.452217649748519, 25.537612594352098 ], [ -103.452217649748519, 25.533306932215755 ], [ -103.456790123456798, 25.533306932215755 ], [ -103.456790123456798, 25.537612594352062 ] ] ] } },
{ "type": "Feature", "properties": { "difference_1990_2000": -509.0, "difference_1990_2010": -923.0, "difference_1990_2020": -1079.0 }, "geometry": { "type": "Polygon", "coordinates": [ [ [ -103.456790123456798, 25.54622437740721 ], [ -103.452217649748519, 25.54622437740721 ], [ -103.452217649748519, 25.541918409402399 ], [ -103.456790123456798, 25.541918409402399 ], [ -103.456790123456798, 25.54622437740721 ] ] ] } },
{ "type": "Feature", "properties": { "difference_1990_2000": 0.0, "difference_1990_2010": 27.0, "difference_1990_2020": 156.0 }, "geometry": { "type": "Polygon", "coordinates": [ [ [ -103.26931870141749, 25.529001422952906 ], [ -103.264746227709239, 25.529001422952906 ], [ -103.264746227709239, 25.524696066522957 ], [ -103.26931870141749, 25.524696066522996 ], [ -103.26931870141749, 25.529001422952906 ] ] ] } },
{ "type": "Feature", "properties": { "difference_1990_2000": 0.0, "difference_1990_2010": 34.0, "difference_1990_2020": 167.0 }, "geometry": { "type": "Polygon", "coordinates": [ [ [ -103.26931870141749, 25.533306932215755 ], [ -103.264746227709239, 25.533306932215755 ], [ -103.264746227709239, 25.529001422952906 ], [ -103.26931870141749, 25.529001422952906 ], [ -103.26931870141749, 25.533306932215755 ] ] ] } },
{ "type": "Feature", "properties": { "difference_1990_2000": 12.0, "difference_1990_2010": 20.0, "difference_1990_2020": 17.0 }, "geometry": { "type": "Polygon", "coordinates": [ [ [ -103.26931870141749, 25.54191840940242 ], [ -103.264746227709239, 25.541918409402399 ], [ -103.264746227709239, 25.537612594352062 ], [ -103.26931870141749, 25.537612594352098 ], [ -103.26931870141749, 25.54191840940242 ] ] ] } },
{ "type": "Feature", "properties": { "difference_1990_2000": 35.0, "difference_1990_2010": 67.0, "difference_1990_2020": 117.0 }, "geometry": { "type": "Polygon", "coordinates": [ [ [ -103.26931870141749, 25.537612594352098 ], [ -103.264746227709239, 25.537612594352062 ], [ -103.264746227709239, 25.533306932215755 ], [ -103.26931870141749, 25.533306932215755 ], [ -103.26931870141749, 25.537612594352098 ] ] ] } },
{ "type": "Feature", "properties": { "difference_1990_2000": 33.0, "difference_1990_2010": 84.0, "difference_1990_2020": 120.0 }, "geometry": { "type": "Polygon", "coordinates": [ [ [ -103.447645176040254, 25.606524012419019 ], [ -103.443072702331975, 25.606524012418983 ], [ -103.443072702331975, 25.602215898789581 ], [ -103.447645176040254, 25.602215898789581 ], [ -103.447645176040254, 25.606524012419019 ] ] ] } },
{ "type": "Feature", "properties": { "difference_1990_2000": 151.0, "difference_1990_2010": 363.0, "difference_1990_2020": 500.0 }, "geometry": { "type": "Polygon", "coordinates": [ [ [ -103.447645176040254, 25.589292478876903 ], [ -103.443072702331975, 25.589292478876903 ], [ -103.443072702331975, 25.584984979095584 ], [ -103.447645176040254, 25.584984979095623 ], [ -103.447645176040254, 25.589292478876903 ] ] ] } },
{ "type": "Feature", "properties": { "difference_1990_2000": -180.0, "difference_1990_2010": -271.0, "difference_1990_2020": -378.0 }, "geometry": { "type": "Polygon", "coordinates": [ [ [ -103.447645176040254, 25.554836772442435 ], [ -103.443072702331975, 25.554836772442435 ], [ -103.443072702331975, 25.550530498407017 ], [ -103.447645176040254, 25.550530498407017 ], [ -103.447645176040254, 25.554836772442435 ] ] ] } },
{ "type": "Feature", "properties": { "difference_1990_2000": -174.0, "difference_1990_2010": -377.0, "difference_1990_2020": -642.0 }, "geometry": { "type": "Polygon", "coordinates": [ [ [ -103.447645176040254, 25.516085812000011 ], [ -103.443072702331975, 25.516085812000036 ], [ -103.443072702331975, 25.511780913825994 ], [ -103.447645176040254, 25.511780913825977 ], [ -103.447645176040254, 25.516085812000011 ] ] ] } },
{ "type": "Feature", "properties": { "difference_1990_2000": -133.0, "difference_1990_2010": -302.0, "difference_1990_2020": -401.0 }, "geometry": { "type": "Polygon", "coordinates": [ [ [ -103.447645176040254, 25.580677632674703 ], [ -103.443072702331975, 25.580677632674703 ], [ -103.443072702331975, 25.576370439573555 ], [ -103.447645176040254, 25.576370439573555 ], [ -103.447645176040254, 25.580677632674703 ] ] ] } },
{ "type": "Feature", "properties": { "difference_1990_2000": -55.0, "difference_1990_2010": -102.0, "difference_1990_2020": -122.0 }, "geometry": { "type": "Polygon", "coordinates": [ [ [ -103.447645176040254, 25.524696066522942 ], [ -103.443072702331975, 25.524696066522996 ], [ -103.443072702331975, 25.520390862885513 ], [ -103.447645176040254, 25.520390862885499 ], [ -103.447645176040254, 25.524696066522942 ] ] ] } },
{ "type": "Feature", "properties": { "difference_1990_2000": 164.0, "difference_1990_2010": 421.0, "difference_1990_2020": 589.0 }, "geometry": { "type": "Polygon", "coordinates": [ [ [ -103.447645176040254, 25.593600132059201 ], [ -103.443072702331975, 25.593600132059201 ], [ -103.443072702331975, 25.589292478876903 ], [ -103.447645176040254, 25.589292478876903 ], [ -103.447645176040254, 25.593600132059201 ] ] ] } },
{ "type": "Feature", "properties": { "difference_1990_2000": 0.0, "difference_1990_2010": 0.0, "difference_1990_2020": 502.0 }, "geometry": { "type": "Polygon", "coordinates": [ [ [ -103.447645176040254, 25.610832279612154 ], [ -103.443072702331975, 25.610832279612154 ], [ -103.443072702331975, 25.606524012418983 ], [ -103.447645176040254, 25.606524012419019 ], [ -103.447645176040254, 25.610832279612154 ] ] ] } },
{ "type": "Feature", "properties": { "difference_1990_2000": -188.0, "difference_1990_2010": 103.0, "difference_1990_2020": 49.0 }, "geometry": { "type": "Polygon", "coordinates": [ [ [ -103.447645176040254, 25.576370439573555 ], [ -103.443072702331975, 25.576370439573555 ], [ -103.443072702331975, 25.572063399751546 ], [ -103.447645176040254, 25.572063399751489 ], [ -103.447645176040254, 25.576370439573555 ] ] ] } },
{ "type": "Feature", "properties": { "difference_1990_2000": -21.0, "difference_1990_2010": -47.0, "difference_1990_2020": -82.0 }, "geometry": { "type": "Polygon", "coordinates": [ [ [ -103.447645176040254, 25.511780913825977 ], [ -103.443072702331975, 25.511780913825994 ], [ -103.443072702331975, 25.507476168323041 ], [ -103.447645176040254, 25.507476168323041 ], [ -103.447645176040254, 25.511780913825977 ] ] ] } },
{ "type": "Feature", "properties": { "difference_1990_2000": -198.0, "difference_1990_2010": -321.0, "difference_1990_2020": -420.0 }, "geometry": { "type": "Polygon", "coordinates": [ [ [ -103.447645176040254, 25.563449779782324 ], [ -103.443072702331975, 25.563449779782381 ], [ -103.443072702331975, 25.559143199554043 ], [ -103.447645176040254, 25.559143199554043 ], [ -103.447645176040254, 25.563449779782324 ] ] ] } },
{ "type": "Feature", "properties": { "difference_1990_2000": -85.0, "difference_1990_2010": -194.0, "difference_1990_2020": -275.0 }, "geometry": { "type": "Polygon", "coordinates": [ [ [ -103.447645176040254, 25.559143199554043 ], [ -103.443072702331975, 25.559143199554043 ], [ -103.443072702331975, 25.554836772442435 ], [ -103.447645176040254, 25.554836772442435 ], [ -103.447645176040254, 25.559143199554043 ] ] ] } },
{ "type": "Feature", "properties": { "difference_1990_2000": 0.0, "difference_1990_2010": 0.0, "difference_1990_2020": 551.0 }, "geometry": { "type": "Polygon", "coordinates": [ [ [ -103.447645176040254, 25.619449274852354 ], [ -103.443072702331975, 25.619449274852371 ], [ -103.443072702331975, 25.615140700409697 ], [ -103.447645176040254, 25.615140700409697 ], [ -103.447645176040254, 25.619449274852354 ] ] ] } },
{ "type": "Feature", "properties": { "difference_1990_2000": 142.0, "difference_1990_2010": 366.0, "difference_1990_2020": 513.0 }, "geometry": { "type": "Polygon", "coordinates": [ [ [ -103.447645176040254, 25.602215898789581 ], [ -103.443072702331975, 25.602215898789581 ], [ -103.443072702331975, 25.597907938683242 ], [ -103.447645176040254, 25.597907938683242 ], [ -103.447645176040254, 25.602215898789581 ] ] ] } },
{ "type": "Feature", "properties": { "difference_1990_2000": 0.0, "difference_1990_2010": 0.0, "difference_1990_2020": 656.0 }, "geometry": { "type": "Polygon", "coordinates": [ [ [ -103.447645176040254, 25.615140700409697 ], [ -103.443072702331975, 25.615140700409697 ], [ -103.443072702331975, 25.610832279612154 ], [ -103.447645176040254, 25.610832279612154 ], [ -103.447645176040254, 25.615140700409697 ] ] ] } },
{ "type": "Feature", "properties": { "difference_1990_2000": -349.0, "difference_1990_2010": -694.0, "difference_1990_2020": -873.0 }, "geometry": { "type": "Polygon", "coordinates": [ [ [ -103.447645176040254, 25.567756513167971 ], [ -103.443072702331975, 25.567756513167971 ], [ -103.443072702331975, 25.563449779782381 ], [ -103.447645176040254, 25.563449779782324 ], [ -103.447645176040254, 25.567756513167971 ] ] ] } },
{ "type": "Feature", "properties": { "difference_1990_2000": -672.0, "difference_1990_2010": -830.0, "difference_1990_2020": -931.0 }, "geometry": { "type": "Polygon", "coordinates": [ [ [ -103.447645176040254, 25.529001422952906 ], [ -103.443072702331975, 25.529001422952906 ], [ -103.443072702331975, 25.524696066522996 ], [ -103.447645176040254, 25.524696066522942 ], [ -103.447645176040254, 25.529001422952906 ] ] ] } },
{ "type": "Feature", "properties": { "difference_1990_2000": 242.0, "difference_1990_2010": -139.0, "difference_1990_2020": -559.0 }, "geometry": { "type": "Polygon", "coordinates": [ [ [ -103.447645176040254, 25.533306932215755 ], [ -103.443072702331975, 25.533306932215755 ], [ -103.443072702331975, 25.529001422952906 ], [ -103.447645176040254, 25.529001422952906 ], [ -103.447645176040254, 25.533306932215755 ] ] ] } },
{ "type": "Feature", "properties": { "difference_1990_2000": 176.0, "difference_1990_2010": 451.0, "difference_1990_2020": 632.0 }, "geometry": { "type": "Polygon", "coordinates": [ [ [ -103.447645176040254, 25.597907938683242 ], [ -103.443072702331975, 25.597907938683242 ], [ -103.443072702331975, 25.593600132059201 ], [ -103.447645176040254, 25.593600132059201 ], [ -103.447645176040254, 25.597907938683242 ] ] ] } },
{ "type": "Feature", "properties": { "difference_1990_2000": -367.0, "difference_1990_2010": -571.0, "difference_1990_2020": -794.0 }, "geometry": { "type": "Polygon", "coordinates": [ [ [ -103.447645176040254, 25.541918409402399 ], [ -103.443072702331975, 25.541918409402399 ], [ -103.443072702331975, 25.537612594352098 ], [ -103.447645176040254, 25.537612594352098 ], [ -103.447645176040254, 25.541918409402399 ] ] ] } },
{ "type": "Feature", "properties": { "difference_1990_2000": -501.0, "difference_1990_2010": -1053.0, "difference_1990_2020": -1239.0 }, "geometry": { "type": "Polygon", "coordinates": [ [ [ -103.447645176040254, 25.550530498407017 ], [ -103.443072702331975, 25.550530498407017 ], [ -103.443072702331975, 25.54622437740721 ], [ -103.447645176040254, 25.546224377407174 ], [ -103.447645176040254, 25.550530498407017 ] ] ] } },
{ "type": "Feature", "properties": { "difference_1990_2000": -711.0, "difference_1990_2010": -1073.0, "difference_1990_2020": -1220.0 }, "geometry": { "type": "Polygon", "coordinates": [ [ [ -103.447645176040254, 25.572063399751489 ], [ -103.443072702331975, 25.572063399751546 ], [ -103.443072702331975, 25.567756513167971 ], [ -103.447645176040254, 25.567756513167971 ], [ -103.447645176040254, 25.572063399751489 ] ] ] } },
{ "type": "Feature", "properties": { "difference_1990_2000": 0.0, "difference_1990_2010": 0.0, "difference_1990_2020": 135.0 }, "geometry": { "type": "Polygon", "coordinates": [ [ [ -103.447645176040254, 25.623758002980942 ], [ -103.443072702331975, 25.62375800298096 ], [ -103.443072702331975, 25.619449274852371 ], [ -103.447645176040254, 25.619449274852354 ], [ -103.447645176040254, 25.623758002980942 ] ] ] } },
{ "type": "Feature", "properties": { "difference_1990_2000": -423.0, "difference_1990_2010": -733.0, "difference_1990_2020": -914.0 }, "geometry": { "type": "Polygon", "coordinates": [ [ [ -103.447645176040254, 25.546224377407174 ], [ -103.443072702331975, 25.54622437740721 ], [ -103.443072702331975, 25.541918409402399 ], [ -103.447645176040254, 25.541918409402399 ], [ -103.447645176040254, 25.546224377407174 ] ] ] } },
{ "type": "Feature", "properties": { "difference_1990_2000": -20.0, "difference_1990_2010": -61.0, "difference_1990_2020": -85.0 }, "geometry": { "type": "Polygon", "coordinates": [ [ [ -103.447645176040254, 25.584984979095623 ], [ -103.443072702331975, 25.584984979095584 ], [ -103.443072702331975, 25.580677632674703 ], [ -103.447645176040254, 25.580677632674703 ], [ -103.447645176040254, 25.584984979095623 ] ] ] } },
{ "type": "Feature", "properties": { "difference_1990_2000": -708.0, "difference_1990_2010": -1108.0, "difference_1990_2020": -1258.0 }, "geometry": { "type": "Polygon", "coordinates": [ [ [ -103.447645176040254, 25.537612594352098 ], [ -103.443072702331975, 25.537612594352098 ], [ -103.443072702331975, 25.533306932215755 ], [ -103.447645176040254, 25.533306932215755 ], [ -103.447645176040254, 25.537612594352098 ] ] ] } },
{ "type": "Feature", "properties": { "difference_1990_2000": -57.0, "difference_1990_2010": -94.0, "difference_1990_2020": -111.0 }, "geometry": { "type": "Polygon", "coordinates": [ [ [ -103.447645176040254, 25.520390862885499 ], [ -103.443072702331975, 25.520390862885513 ], [ -103.443072702331975, 25.516085812000036 ], [ -103.447645176040254, 25.516085812000011 ], [ -103.447645176040254, 25.520390862885499 ] ] ] } },
{ "type": "Feature", "properties": { "difference_1990_2000": 0.0, "difference_1990_2010": 0.0, "difference_1990_2020": 6.0 }, "geometry": { "type": "Polygon", "coordinates": [ [ [ -103.260173754000945, 25.524696066522996 ], [ -103.255601280292666, 25.524696066522957 ], [ -103.255601280292666, 25.520390862885513 ], [ -103.260173754000945, 25.520390862885513 ], [ -103.260173754000945, 25.524696066522996 ] ] ] } },
{ "type": "Feature", "properties": { "difference_1990_2000": 0.0, "difference_1990_2010": 211.0, "difference_1990_2020": 692.0 }, "geometry": { "type": "Polygon", "coordinates": [ [ [ -103.260173754000945, 25.529001422952906 ], [ -103.255601280292666, 25.529001422952906 ], [ -103.255601280292666, 25.524696066522957 ], [ -103.260173754000945, 25.524696066522996 ], [ -103.260173754000945, 25.529001422952906 ] ] ] } },
{ "type": "Feature", "properties": { "difference_1990_2000": 0.0, "difference_1990_2010": 353.0, "difference_1990_2020": 2037.0 }, "geometry": { "type": "Polygon", "coordinates": [ [ [ -103.260173754000945, 25.533306932215755 ], [ -103.255601280292666, 25.533306932215755 ], [ -103.255601280292666, 25.529001422952906 ], [ -103.260173754000945, 25.529001422952906 ], [ -103.260173754000945, 25.533306932215755 ] ] ] } },
{ "type": "Feature", "properties": { "difference_1990_2000": 0.0, "difference_1990_2010": 341.0, "difference_1990_2020": 220.0 }, "geometry": { "type": "Polygon", "coordinates": [ [ [ -103.260173754000945, 25.541918409402399 ], [ -103.255601280292666, 25.541918409402399 ], [ -103.255601280292666, 25.537612594352115 ], [ -103.260173754000945, 25.537612594352098 ], [ -103.260173754000945, 25.541918409402399 ] ] ] } },
{ "type": "Feature", "properties": { "difference_1990_2000": -87.0, "difference_1990_2010": 404.0, "difference_1990_2020": 398.0 }, "geometry": { "type": "Polygon", "coordinates": [ [ [ -103.260173754000945, 25.537612594352098 ], [ -103.255601280292666, 25.537612594352115 ], [ -103.255601280292666, 25.533306932215755 ], [ -103.260173754000945, 25.533306932215755 ], [ -103.260173754000945, 25.537612594352098 ] ] ] } },
{ "type": "Feature", "properties": { "difference_1990_2000": -613.0, "difference_1990_2010": -935.0, "difference_1990_2020": -1272.0 }, "geometry": { "type": "Polygon", "coordinates": [ [ [ -103.438500228623695, 25.520390862885513 ], [ -103.433927754915416, 25.520390862885513 ], [ -103.433927754915416, 25.516085812000036 ], [ -103.438500228623695, 25.516085812000036 ], [ -103.438500228623695, 25.520390862885513 ] ] ] } },
{ "type": "Feature", "properties": { "difference_1990_2000": 6.0, "difference_1990_2010": 27.0, "difference_1990_2020": 58.0 }, "geometry": { "type": "Polygon", "coordinates": [ [ [ -103.438500228623695, 25.395606240466062 ], [ -103.433927754915416, 25.395606240466044 ], [ -103.433927754915416, 25.391305601824001 ], [ -103.438500228623695, 25.391305601824001 ], [ -103.438500228623695, 25.395606240466062 ] ] ] } },
{ "type": "Feature", "properties": { "difference_1990_2000": -390.0, "difference_1990_2010": -633.0, "difference_1990_2020": -792.0 }, "geometry": { "type": "Polygon", "coordinates": [ [ [ -103.438500228623695, 25.554836772442474 ], [ -103.433927754915416, 25.554836772442435 ], [ -103.433927754915416, 25.550530498407017 ], [ -103.438500228623695, 25.550530498407017 ], [ -103.438500228623695, 25.554836772442474 ] ] ] } },
{ "type": "Feature", "properties": { "difference_1990_2000": -331.0, "difference_1990_2010": -611.0, "difference_1990_2020": -741.0 }, "geometry": { "type": "Polygon", "coordinates": [ [ [ -103.438500228623695, 25.516085812000036 ], [ -103.433927754915416, 25.516085812000036 ], [ -103.433927754915416, 25.511780913825994 ], [ -103.438500228623695, 25.511780913825994 ], [ -103.438500228623695, 25.516085812000036 ] ] ] } },
{ "type": "Feature", "properties": { "difference_1990_2000": -64.0, "difference_1990_2010": -104.0, "difference_1990_2020": -154.0 }, "geometry": { "type": "Polygon", "coordinates": [ [ [ -103.438500228623695, 25.580677632674703 ], [ -103.433927754915416, 25.580677632674721 ], [ -103.433927754915416, 25.576370439573555 ], [ -103.438500228623695, 25.576370439573555 ], [ -103.438500228623695, 25.580677632674703 ] ] ] } },
{ "type": "Feature", "properties": { "difference_1990_2000": -416.0, "difference_1990_2010": -809.0, "difference_1990_2020": -991.0 }, "geometry": { "type": "Polygon", "coordinates": [ [ [ -103.438500228623695, 25.524696066522996 ], [ -103.433927754915416, 25.524696066523017 ], [ -103.433927754915416, 25.520390862885513 ], [ -103.438500228623695, 25.520390862885513 ], [ -103.438500228623695, 25.524696066522996 ] ] ] } },
{ "type": "Feature", "properties": { "difference_1990_2000": 15.0, "difference_1990_2010": 42.0, "difference_1990_2020": 46.0 }, "geometry": { "type": "Polygon", "coordinates": [ [ [ -103.438500228623695, 25.593600132059201 ], [ -103.433927754915416, 25.593600132059201 ], [ -103.433927754915416, 25.589292478876903 ], [ -103.438500228623695, 25.589292478876903 ], [ -103.438500228623695, 25.593600132059201 ] ] ] } },
{ "type": "Feature", "properties": { "difference_1990_2000": 0.0, "difference_1990_2010": 0.0, "difference_1990_2020": 1.0 }, "geometry": { "type": "Polygon", "coordinates": [ [ [ -103.438500228623695, 25.610832279612154 ], [ -103.433927754915416, 25.610832279612154 ], [ -103.433927754915416, 25.606524012419019 ], [ -103.438500228623695, 25.606524012419019 ], [ -103.438500228623695, 25.610832279612154 ] ] ] } },
{ "type": "Feature", "properties": { "difference_1990_2000": -512.0, "difference_1990_2010": -886.0, "difference_1990_2020": -1104.0 }, "geometry": { "type": "Polygon", "coordinates": [ [ [ -103.438500228623695, 25.576370439573555 ], [ -103.433927754915416, 25.576370439573555 ], [ -103.433927754915416, 25.572063399751471 ], [ -103.438500228623695, 25.572063399751489 ], [ -103.438500228623695, 25.576370439573555 ] ] ] } },
{ "type": "Feature", "properties": { "difference_1990_2000": -137.0, "difference_1990_2010": -278.0, "difference_1990_2020": -324.0 }, "geometry": { "type": "Polygon", "coordinates": [ [ [ -103.438500228623695, 25.511780913825994 ], [ -103.433927754915416, 25.511780913825994 ], [ -103.433927754915416, 25.507476168323041 ], [ -103.438500228623695, 25.507476168323041 ], [ -103.438500228623695, 25.511780913825994 ] ] ] } },
{ "type": "Feature", "properties": { "difference_1990_2000": -67.0, "difference_1990_2010": -138.0, "difference_1990_2020": -161.0 }, "geometry": { "type": "Polygon", "coordinates": [ [ [ -103.438500228623695, 25.563449779782346 ], [ -103.433927754915416, 25.563449779782346 ], [ -103.433927754915416, 25.559143199554043 ], [ -103.438500228623695, 25.559143199554043 ], [ -103.438500228623695, 25.563449779782346 ] ] ] } },
{ "type": "Feature", "properties": { "difference_1990_2000": -278.0, "difference_1990_2010": -465.0, "difference_1990_2020": -592.0 }, "geometry": { "type": "Polygon", "coordinates": [ [ [ -103.438500228623695, 25.559143199554043 ], [ -103.433927754915416, 25.559143199554043 ], [ -103.433927754915416, 25.554836772442435 ], [ -103.438500228623695, 25.554836772442474 ], [ -103.438500228623695, 25.559143199554043 ] ] ] } },
{ "type": "Feature", "properties": { "difference_1990_2000": 0.0, "difference_1990_2010": 0.0, "difference_1990_2020": 53.0 }, "geometry": { "type": "Polygon", "coordinates": [ [ [ -103.438500228623695, 25.619449274852411 ], [ -103.433927754915416, 25.619449274852371 ], [ -103.433927754915416, 25.615140700409697 ], [ -103.438500228623695, 25.615140700409697 ], [ -103.438500228623695, 25.619449274852411 ] ] ] } },
{ "type": "Feature", "properties": { "difference_1990_2000": 0.0, "difference_1990_2010": 0.0, "difference_1990_2020": 5.0 }, "geometry": { "type": "Polygon", "coordinates": [ [ [ -103.438500228623695, 25.399907030690613 ], [ -103.433927754915416, 25.399907030690589 ], [ -103.433927754915416, 25.395606240466044 ], [ -103.438500228623695, 25.395606240466062 ], [ -103.438500228623695, 25.399907030690613 ] ] ] } },
{ "type": "Feature", "properties": { "difference_1990_2000": 0.0, "difference_1990_2010": 0.0, "difference_1990_2020": 116.0 }, "geometry": { "type": "Polygon", "coordinates": [ [ [ -103.438500228623695, 25.615140700409697 ], [ -103.433927754915416, 25.615140700409697 ], [ -103.433927754915416, 25.610832279612154 ], [ -103.438500228623695, 25.610832279612154 ], [ -103.438500228623695, 25.615140700409697 ] ] ] } },
{ "type": "Feature", "properties": { "difference_1990_2000": -291.0, "difference_1990_2010": -539.0, "difference_1990_2020": -729.0 }, "geometry": { "type": "Polygon", "coordinates": [ [ [ -103.438500228623695, 25.567756513167971 ], [ -103.433927754915416, 25.567756513167971 ], [ -103.433927754915416, 25.563449779782346 ], [ -103.438500228623695, 25.563449779782346 ], [ -103.438500228623695, 25.567756513167971 ] ] ] } },
{ "type": "Feature", "properties": { "difference_1990_2000": -260.0, "difference_1990_2010": -534.0, "difference_1990_2020": -657.0 }, "geometry": { "type": "Polygon", "coordinates": [ [ [ -103.438500228623695, 25.529001422952906 ], [ -103.433927754915416, 25.529001422952906 ], [ -103.433927754915416, 25.524696066523017 ], [ -103.438500228623695, 25.524696066522996 ], [ -103.438500228623695, 25.529001422952906 ] ] ] } },
{ "type": "Feature", "properties": { "difference_1990_2000": 42.0, "difference_1990_2010": 114.0, "difference_1990_2020": 122.0 }, "geometry": { "type": "Polygon", "coordinates": [ [ [ -103.438500228623695, 25.597907938683242 ], [ -103.433927754915416, 25.597907938683242 ], [ -103.433927754915416, 25.593600132059201 ], [ -103.438500228623695, 25.593600132059201 ], [ -103.438500228623695, 25.597907938683242 ] ] ] } },
{ "type": "Feature", "properties": { "difference_1990_2000": -102.0, "difference_1990_2010": -280.0, "difference_1990_2020": -341.0 }, "geometry": { "type": "Polygon", "coordinates": [ [ [ -103.438500228623695, 25.53330693221579 ], [ -103.433927754915416, 25.533306932215755 ], [ -103.433927754915416, 25.529001422952906 ], [ -103.438500228623695, 25.529001422952906 ], [ -103.438500228623695, 25.53330693221579 ] ] ] } },
{ "type": "Feature", "properties": { "difference_1990_2000": -481.0, "difference_1990_2010": -850.0, "difference_1990_2020": -1012.0 }, "geometry": { "type": "Polygon", "coordinates": [ [ [ -103.438500228623695, 25.550530498407017 ], [ -103.433927754915416, 25.550530498407017 ], [ -103.433927754915416, 25.54622437740721 ], [ -103.438500228623695, 25.54622437740721 ], [ -103.438500228623695, 25.550530498407017 ] ] ] } },
{ "type": "Feature", "properties": { "difference_1990_2000": -733.0, "difference_1990_2010": -1346.0, "difference_1990_2020": -1720.0 }, "geometry": { "type": "Polygon", "coordinates": [ [ [ -103.438500228623695, 25.572063399751489 ], [ -103.433927754915416, 25.572063399751471 ], [ -103.433927754915416, 25.567756513167971 ], [ -103.438500228623695, 25.567756513167971 ], [ -103.438500228623695, 25.572063399751489 ] ] ] } },
{ "type": "Feature", "properties": { "difference_1990_2000": -414.0, "difference_1990_2010": -774.0, "difference_1990_2020": -981.0 }, "geometry": { "type": "Polygon", "coordinates": [ [ [ -103.438500228623695, 25.54191840940242 ], [ -103.433927754915416, 25.541918409402399 ], [ -103.433927754915416, 25.537612594352098 ], [ -103.438500228623695, 25.537612594352098 ], [ -103.438500228623695, 25.54191840940242 ] ] ] } },
{ "type": "Feature", "properties": { "difference_1990_2000": -416.0, "difference_1990_2010": -777.0, "difference_1990_2020": -985.0 }, "geometry": { "type": "Polygon", "coordinates": [ [ [ -103.438500228623695, 25.54622437740721 ], [ -103.433927754915416, 25.54622437740721 ], [ -103.433927754915416, 25.541918409402399 ], [ -103.438500228623695, 25.54191840940242 ], [ -103.438500228623695, 25.54622437740721 ] ] ] } },
{ "type": "Feature", "properties": { "difference_1990_2000": 3.0, "difference_1990_2010": 29.0, "difference_1990_2020": 27.0 }, "geometry": { "type": "Polygon", "coordinates": [ [ [ -103.438500228623695, 25.584984979095623 ], [ -103.433927754915416, 25.584984979095623 ], [ -103.433927754915416, 25.580677632674721 ], [ -103.438500228623695, 25.580677632674703 ], [ -103.438500228623695, 25.584984979095623 ] ] ] } },
{ "type": "Feature", "properties": { "difference_1990_2000": -222.0, "difference_1990_2010": -462.0, "difference_1990_2020": -585.0 }, "geometry": { "type": "Polygon", "coordinates": [ [ [ -103.438500228623695, 25.537612594352098 ], [ -103.433927754915416, 25.537612594352098 ], [ -103.433927754915416, 25.533306932215755 ], [ -103.438500228623695, 25.53330693221579 ], [ -103.438500228623695, 25.537612594352098 ] ] ] } },
{ "type": "Feature", "properties": { "difference_1990_2000": 8.0, "difference_1990_2010": 8.0, "difference_1990_2020": 60.0 }, "geometry": { "type": "Polygon", "coordinates": [ [ [ -103.251028806584358, 25.520390862885513 ], [ -103.246456332876093, 25.520390862885499 ], [ -103.246456332876093, 25.516085812000011 ], [ -103.251028806584358, 25.516085812000036 ], [ -103.251028806584358, 25.520390862885513 ] ] ] } },
{ "type": "Feature", "properties": { "difference_1990_2000": 86.0, "difference_1990_2010": 91.0, "difference_1990_2020": 121.0 }, "geometry": { "type": "Polygon", "coordinates": [ [ [ -103.251028806584358, 25.524696066522957 ], [ -103.246456332876093, 25.524696066522957 ], [ -103.246456332876093, 25.520390862885499 ], [ -103.251028806584358, 25.520390862885513 ], [ -103.251028806584358, 25.524696066522957 ] ] ] } },
{ "type": "Feature", "properties": { "difference_1990_2000": 74.0, "difference_1990_2010": 173.0, "difference_1990_2020": 228.0 }, "geometry": { "type": "Polygon", "coordinates": [ [ [ -103.251028806584358, 25.529001422952906 ], [ -103.246456332876093, 25.529001422952906 ], [ -103.246456332876093, 25.524696066522957 ], [ -103.251028806584358, 25.524696066522957 ], [ -103.251028806584358, 25.529001422952906 ] ] ] } },
{ "type": "Feature", "properties": { "difference_1990_2000": 0.0, "difference_1990_2010": -155.0, "difference_1990_2020": 174.0 }, "geometry": { "type": "Polygon", "coordinates": [ [ [ -103.251028806584358, 25.54191840940236 ], [ -103.246456332876093, 25.541918409402399 ], [ -103.246456332876093, 25.537612594352062 ], [ -103.251028806584358, 25.537612594352062 ], [ -103.251028806584358, 25.54191840940236 ] ] ] } },
{ "type": "Feature", "properties": { "difference_1990_2000": 110.0, "difference_1990_2010": 452.0, "difference_1990_2020": 519.0 }, "geometry": { "type": "Polygon", "coordinates": [ [ [ -103.251028806584358, 25.533306932215755 ], [ -103.246456332876093, 25.533306932215737 ], [ -103.246456332876093, 25.529001422952906 ], [ -103.251028806584358, 25.529001422952906 ], [ -103.251028806584358, 25.533306932215755 ] ] ] } },
{ "type": "Feature", "properties": { "difference_1990_2000": -5.0, "difference_1990_2010": 467.0, "difference_1990_2020": 437.0 }, "geometry": { "type": "Polygon", "coordinates": [ [ [ -103.251028806584358, 25.537612594352062 ], [ -103.246456332876093, 25.537612594352062 ], [ -103.246456332876093, 25.533306932215737 ], [ -103.251028806584358, 25.533306932215755 ], [ -103.251028806584358, 25.537612594352062 ] ] ] } },
{ "type": "Feature", "properties": { "difference_1990_2000": 154.0, "difference_1990_2010": 265.0, "difference_1990_2020": 325.0 }, "geometry": { "type": "Polygon", "coordinates": [ [ [ -103.429355281207137, 25.404207972537794 ], [ -103.424782807498858, 25.404207972537815 ], [ -103.424782807498858, 25.399907030690613 ], [ -103.429355281207137, 25.399907030690589 ], [ -103.429355281207137, 25.404207972537794 ] ] ] } },
{ "type": "Feature", "properties": { "difference_1990_2000": 8.0, "difference_1990_2010": 67.0, "difference_1990_2020": 62.0 }, "geometry": { "type": "Polygon", "coordinates": [ [ [ -103.429355281207137, 25.589292478876903 ], [ -103.424782807498858, 25.589292478876903 ], [ -103.424782807498858, 25.584984979095623 ], [ -103.429355281207137, 25.584984979095584 ], [ -103.429355281207137, 25.589292478876903 ] ] ] } },
{ "type": "Feature", "properties": { "difference_1990_2000": -288.0, "difference_1990_2010": -517.0, "difference_1990_2020": -615.0 }, "geometry": { "type": "Polygon", "coordinates": [ [ [ -103.429355281207137, 25.554836772442435 ], [ -103.424782807498858, 25.554836772442435 ], [ -103.424782807498858, 25.550530498407017 ], [ -103.429355281207137, 25.550530498407017 ], [ -103.429355281207137, 25.554836772442435 ] ] ] } },
{ "type": "Feature", "properties": { "difference_1990_2000": 52.0, "difference_1990_2010": 111.0, "difference_1990_2020": 145.0 }, "geometry": { "type": "Polygon", "coordinates": [ [ [ -103.429355281207137, 25.395606240466044 ], [ -103.424782807498858, 25.395606240466044 ], [ -103.424782807498858, 25.391305601824019 ], [ -103.429355281207137, 25.391305601823973 ], [ -103.429355281207137, 25.395606240466044 ] ] ] } },
{ "type": "Feature", "properties": { "difference_1990_2000": -217.0, "difference_1990_2010": -543.0, "difference_1990_2020": -732.0 }, "geometry": { "type": "Polygon", "coordinates": [ [ [ -103.429355281207137, 25.516085812000011 ], [ -103.424782807498858, 25.516085812000071 ], [ -103.424782807498858, 25.511780913825994 ], [ -103.429355281207137, 25.511780913825994 ], [ -103.429355281207137, 25.516085812000011 ] ] ] } },
{ "type": "Feature", "properties": { "difference_1990_2000": -38.0, "difference_1990_2010": 217.0, "difference_1990_2020": 175.0 }, "geometry": { "type": "Polygon", "coordinates": [ [ [ -103.429355281207137, 25.580677632674703 ], [ -103.424782807498858, 25.580677632674703 ], [ -103.424782807498858, 25.576370439573584 ], [ -103.429355281207137, 25.576370439573534 ], [ -103.429355281207137, 25.580677632674703 ] ] ] } },
{ "type": "Feature", "properties": { "difference_1990_2000": -137.0, "difference_1990_2010": -474.0, "difference_1990_2020": -707.0 }, "geometry": { "type": "Polygon", "coordinates": [ [ [ -103.429355281207137, 25.524696066522957 ], [ -103.424782807498858, 25.524696066522957 ], [ -103.424782807498858, 25.520390862885513 ], [ -103.429355281207137, 25.520390862885499 ], [ -103.429355281207137, 25.524696066522957 ] ] ] } },
{ "type": "Feature", "properties": { "difference_1990_2000": 3.0, "difference_1990_2010": -6.0, "difference_1990_2020": -11.0 }, "geometry": { "type": "Polygon", "coordinates": [ [ [ -103.429355281207137, 25.503171575450629 ], [ -103.424782807498858, 25.503171575450629 ], [ -103.424782807498858, 25.49886713516835 ], [ -103.429355281207137, 25.49886713516835 ], [ -103.429355281207137, 25.503171575450629 ] ] ] } },
{ "type": "Feature", "properties": { "difference_1990_2000": 20.0, "difference_1990_2010": 45.0, "difference_1990_2020": 72.0 }, "geometry": { "type": "Polygon", "coordinates": [ [ [ -103.429355281207137, 25.391305601823973 ], [ -103.424782807498858, 25.391305601824019 ], [ -103.424782807498858, 25.387005114724253 ], [ -103.429355281207137, 25.387005114724236 ], [ -103.429355281207137, 25.391305601823973 ] ] ] } },
{ "type": "Feature", "properties": { "difference_1990_2000": 0.0, "difference_1990_2010": 0.0, "difference_1990_2020": 2.0 }, "geometry": { "type": "Polygon", "coordinates": [ [ [ -103.429355281207137, 25.412810311261044 ], [ -103.424782807498858, 25.412810311261044 ], [ -103.424782807498858, 25.408509066047895 ], [ -103.429355281207137, 25.408509066047895 ], [ -103.429355281207137, 25.412810311261044 ] ] ] } },
{ "type": "Feature", "properties": { "difference_1990_2000": 38.0, "difference_1990_2010": -60.0, "difference_1990_2020": -121.0 }, "geometry": { "type": "Polygon", "coordinates": [ [ [ -103.429355281207137, 25.507476168323006 ], [ -103.424782807498858, 25.507476168323048 ], [ -103.424782807498858, 25.503171575450629 ], [ -103.429355281207137, 25.503171575450629 ], [ -103.429355281207137, 25.507476168323006 ] ] ] } },
{ "type": "Feature", "properties": { "difference_1990_2000": 37.0, "difference_1990_2010": 115.0, "difference_1990_2020": 121.0 }, "geometry": { "type": "Polygon", "coordinates": [ [ [ -103.429355281207137, 25.593600132059201 ], [ -103.424782807498858, 25.593600132059201 ], [ -103.424782807498858, 25.589292478876903 ], [ -103.429355281207137, 25.589292478876903 ], [ -103.429355281207137, 25.593600132059201 ] ] ] } },
{ "type": "Feature", "properties": { "difference_1990_2000": 134.0, "difference_1990_2010": 133.0, "difference_1990_2020": 50.0 }, "geometry": { "type": "Polygon", "coordinates": [ [ [ -103.429355281207137, 25.576370439573534 ], [ -103.424782807498858, 25.576370439573584 ], [ -103.424782807498858, 25.572063399751489 ], [ -103.429355281207137, 25.572063399751471 ], [ -103.429355281207137, 25.576370439573534 ] ] ] } },
{ "type": "Feature", "properties": { "difference_1990_2000": -40.0, "difference_1990_2010": -183.0, "difference_1990_2020": -414.0 }, "geometry": { "type": "Polygon", "coordinates": [ [ [ -103.429355281207137, 25.563449779782324 ], [ -103.424782807498858, 25.563449779782346 ], [ -103.424782807498858, 25.559143199554043 ], [ -103.429355281207137, 25.559143199554043 ], [ -103.429355281207137, 25.563449779782324 ] ] ] } },
{ "type": "Feature", "properties": { "difference_1990_2000": -50.0, "difference_1990_2010": -188.0, "difference_1990_2020": -243.0 }, "geometry": { "type": "Polygon", "coordinates": [ [ [ -103.429355281207137, 25.511780913825994 ], [ -103.424782807498858, 25.511780913825994 ], [ -103.424782807498858, 25.507476168323048 ], [ -103.429355281207137, 25.507476168323006 ], [ -103.429355281207137, 25.511780913825994 ] ] ] } },
{ "type": "Feature", "properties": { "difference_1990_2000": -95.0, "difference_1990_2010": -211.0, "difference_1990_2020": -309.0 }, "geometry": { "type": "Polygon", "coordinates": [ [ [ -103.429355281207137, 25.559143199554043 ], [ -103.424782807498858, 25.559143199554043 ], [ -103.424782807498858, 25.554836772442435 ], [ -103.429355281207137, 25.554836772442435 ], [ -103.429355281207137, 25.559143199554043 ] ] ] } },
{ "type": "Feature", "properties": { "difference_1990_2000": 9.0, "difference_1990_2010": 31.0, "difference_1990_2020": 74.0 }, "geometry": { "type": "Polygon", "coordinates": [ [ [ -103.429355281207137, 25.408509066047877 ], [ -103.424782807498858, 25.408509066047877 ], [ -103.424782807498858, 25.404207972537794 ], [ -103.429355281207137, 25.404207972537765 ], [ -103.429355281207137, 25.408509066047877 ] ] ] } },
{ "type": "Feature", "properties": { "difference_1990_2000": 0.0, "difference_1990_2010": 0.0, "difference_1990_2020": 2.0 }, "geometry": { "type": "Polygon", "coordinates": [ [ [ -103.429355281207137, 25.619449274852371 ], [ -103.424782807498858, 25.619449274852371 ], [ -103.424782807498858, 25.615140700409665 ], [ -103.429355281207137, 25.615140700409665 ], [ -103.429355281207137, 25.619449274852371 ] ] ] } },
{ "type": "Feature", "properties": { "difference_1990_2000": 67.0, "difference_1990_2010": 143.0, "difference_1990_2020": 124.0 }, "geometry": { "type": "Polygon", "coordinates": [ [ [ -103.429355281207137, 25.399907030690589 ], [ -103.424782807498858, 25.399907030690613 ], [ -103.424782807498858, 25.395606240466044 ], [ -103.429355281207137, 25.395606240466044 ], [ -103.429355281207137, 25.399907030690589 ] ] ] } },
{ "type": "Feature", "properties": { "difference_1990_2000": 0.0, "difference_1990_2010": 0.0, "difference_1990_2020": 2.0 }, "geometry": { "type": "Polygon", "coordinates": [ [ [ -103.429355281207137, 25.615140700409665 ], [ -103.424782807498858, 25.615140700409665 ], [ -103.424782807498858, 25.610832279612154 ], [ -103.429355281207137, 25.610832279612154 ], [ -103.429355281207137, 25.615140700409665 ] ] ] } },
{ "type": "Feature", "properties": { "difference_1990_2000": 27.0, "difference_1990_2010": 145.0, "difference_1990_2020": 178.0 }, "geometry": { "type": "Polygon", "coordinates": [ [ [ -103.429355281207137, 25.602215898789581 ], [ -103.424782807498858, 25.602215898789581 ], [ -103.424782807498858, 25.597907938683242 ], [ -103.429355281207137, 25.597907938683228 ], [ -103.429355281207137, 25.602215898789581 ] ] ] } },
{ "type": "Feature", "properties": { "difference_1990_2000": -34.0, "difference_1990_2010": -196.0, "difference_1990_2020": -397.0 }, "geometry": { "type": "Polygon", "coordinates": [ [ [ -103.429355281207137, 25.567756513167971 ], [ -103.424782807498858, 25.567756513167993 ], [ -103.424782807498858, 25.563449779782346 ], [ -103.429355281207137, 25.563449779782324 ], [ -103.429355281207137, 25.567756513167971 ] ] ] } },
{ "type": "Feature", "properties": { "difference_1990_2000": -175.0, "difference_1990_2010": -386.0, "difference_1990_2020": -508.0 }, "geometry": { "type": "Polygon", "coordinates": [ [ [ -103.429355281207137, 25.529001422952906 ], [ -103.424782807498858, 25.529001422952906 ], [ -103.424782807498858, 25.524696066522957 ], [ -103.429355281207137, 25.524696066522957 ], [ -103.429355281207137, 25.529001422952906 ] ] ] } },
{ "type": "Feature", "properties": { "difference_1990_2000": -197.0, "difference_1990_2010": -466.0, "difference_1990_2020": -555.0 }, "geometry": { "type": "Polygon", "coordinates": [ [ [ -103.429355281207137, 25.533306932215755 ], [ -103.424782807498858, 25.53330693221579 ], [ -103.424782807498858, 25.529001422952906 ], [ -103.429355281207137, 25.529001422952906 ], [ -103.429355281207137, 25.533306932215755 ] ] ] } },
{ "type": "Feature", "properties": { "difference_1990_2000": 50.0, "difference_1990_2010": 147.0, "difference_1990_2020": 149.0 }, "geometry": { "type": "Polygon", "coordinates": [ [ [ -103.429355281207137, 25.597907938683228 ], [ -103.424782807498858, 25.597907938683242 ], [ -103.424782807498858, 25.593600132059201 ], [ -103.429355281207137, 25.593600132059201 ], [ -103.429355281207137, 25.597907938683228 ] ] ] } },
{ "type": "Feature", "properties": { "difference_1990_2000": 7.0, "difference_1990_2010": -231.0, "difference_1990_2020": -415.0 }, "geometry": { "type": "Polygon", "coordinates": [ [ [ -103.429355281207137, 25.572063399751471 ], [ -103.424782807498858, 25.572063399751489 ], [ -103.424782807498858, 25.567756513167993 ], [ -103.429355281207137, 25.567756513167971 ], [ -103.429355281207137, 25.572063399751471 ] ] ] } },
{ "type": "Feature", "properties": { "difference_1990_2000": -196.0, "difference_1990_2010": -499.0, "difference_1990_2020": -591.0 }, "geometry": { "type": "Polygon", "coordinates": [ [ [ -103.429355281207137, 25.541918409402399 ], [ -103.424782807498858, 25.541918409402399 ], [ -103.424782807498858, 25.537612594352051 ], [ -103.429355281207137, 25.537612594352062 ], [ -103.429355281207137, 25.541918409402399 ] ] ] } },
{ "type": "Feature", "properties": { "difference_1990_2000": -505.0, "difference_1990_2010": -830.0, "difference_1990_2020": -1010.0 }, "geometry": { "type": "Polygon", "coordinates": [ [ [ -103.429355281207137, 25.550530498407017 ], [ -103.424782807498858, 25.550530498407017 ], [ -103.424782807498858, 25.54622437740721 ], [ -103.429355281207137, 25.546224377407174 ], [ -103.429355281207137, 25.550530498407017 ] ] ] } },
{ "type": "Feature", "properties": { "difference_1990_2000": -389.0, "difference_1990_2010": -673.0, "difference_1990_2020": -854.0 }, "geometry": { "type": "Polygon", "coordinates": [ [ [ -103.429355281207137, 25.546224377407174 ], [ -103.424782807498858, 25.54622437740721 ], [ -103.424782807498858, 25.541918409402399 ], [ -103.429355281207137, 25.541918409402399 ], [ -103.429355281207137, 25.546224377407174 ] ] ] } },
{ "type": "Feature", "properties": { "difference_1990_2000": 4.0, "difference_1990_2010": 69.0, "difference_1990_2020": 64.0 }, "geometry": { "type": "Polygon", "coordinates": [ [ [ -103.429355281207137, 25.584984979095584 ], [ -103.424782807498858, 25.584984979095623 ], [ -103.424782807498858, 25.580677632674703 ], [ -103.429355281207137, 25.580677632674703 ], [ -103.429355281207137, 25.584984979095584 ] ] ] } },
{ "type": "Feature", "properties": { "difference_1990_2000": -224.0, "difference_1990_2010": -555.0, "difference_1990_2020": -645.0 }, "geometry": { "type": "Polygon", "coordinates": [ [ [ -103.429355281207137, 25.537612594352062 ], [ -103.424782807498858, 25.537612594352051 ], [ -103.424782807498858, 25.53330693221579 ], [ -103.429355281207137, 25.533306932215755 ], [ -103.429355281207137, 25.537612594352062 ] ] ] } },
{ "type": "Feature", "properties": { "difference_1990_2000": -37.0, "difference_1990_2010": -427.0, "difference_1990_2020": -650.0 }, "geometry": { "type": "Polygon", "coordinates": [ [ [ -103.429355281207137, 25.520390862885499 ], [ -103.424782807498858, 25.520390862885513 ], [ -103.424782807498858, 25.516085812000071 ], [ -103.429355281207137, 25.516085812000011 ], [ -103.429355281207137, 25.520390862885499 ] ] ] } },
{ "type": "Feature", "properties": { "difference_1990_2000": 0.0, "difference_1990_2010": 0.0, "difference_1990_2020": 1.0 }, "geometry": { "type": "Polygon", "coordinates": [ [ [ -103.607681755829915, 25.503171575450608 ], [ -103.603109282121679, 25.503171575450629 ], [ -103.603109282121679, 25.49886713516835 ], [ -103.607681755829915, 25.49886713516835 ], [ -103.607681755829915, 25.503171575450608 ] ] ] } },
{ "type": "Feature", "properties": { "difference_1990_2000": 41.0, "difference_1990_2010": 64.0, "difference_1990_2020": 49.0 }, "geometry": { "type": "Polygon", "coordinates": [ [ [ -103.607681755829915, 25.494562847435752 ], [ -103.603109282121679, 25.494562847435752 ], [ -103.603109282121679, 25.490258712212455 ], [ -103.607681755829915, 25.490258712212455 ], [ -103.607681755829915, 25.494562847435752 ] ] ] } },
{ "type": "Feature", "properties": { "difference_1990_2000": 78.0, "difference_1990_2010": 134.0, "difference_1990_2020": 103.0 }, "geometry": { "type": "Polygon", "coordinates": [ [ [ -103.607681755829915, 25.49886713516835 ], [ -103.603109282121679, 25.49886713516835 ], [ -103.603109282121679, 25.494562847435752 ], [ -103.607681755829915, 25.494562847435752 ], [ -103.607681755829915, 25.49886713516835 ] ] ] } },
{ "type": "Feature", "properties": { "difference_1990_2000": 147.0, "difference_1990_2010": 117.0, "difference_1990_2020": 200.0 }, "geometry": { "type": "Polygon", "coordinates": [ [ [ -103.241883859167828, 25.520390862885513 ], [ -103.237311385459535, 25.520390862885513 ], [ -103.237311385459535, 25.516085812000011 ], [ -103.241883859167828, 25.516085812000036 ], [ -103.241883859167828, 25.520390862885513 ] ] ] } },
{ "type": "Feature", "properties": { "difference_1990_2000": 32.0, "difference_1990_2010": 73.0, "difference_1990_2020": 127.0 }, "geometry": { "type": "Polygon", "coordinates": [ [ [ -103.241883859167828, 25.516085812000036 ], [ -103.237311385459535, 25.516085812000011 ], [ -103.237311385459535, 25.511780913825977 ], [ -103.241883859167828, 25.511780913825994 ], [ -103.241883859167828, 25.516085812000036 ] ] ] } },
{ "type": "Feature", "properties": { "difference_1990_2000": 127.0, "difference_1990_2010": 297.0, "difference_1990_2020": 102.0 }, "geometry": { "type": "Polygon", "coordinates": [ [ [ -103.241883859167828, 25.524696066522996 ], [ -103.237311385459535, 25.524696066522957 ], [ -103.237311385459535, 25.520390862885513 ], [ -103.241883859167828, 25.520390862885513 ], [ -103.241883859167828, 25.524696066522996 ] ] ] } },
{ "type": "Feature", "properties": { "difference_1990_2000": 2.0, "difference_1990_2010": 0.0, "difference_1990_2020": 25.0 }, "geometry": { "type": "Polygon", "coordinates": [ [ [ -103.241883859167828, 25.507476168323041 ], [ -103.237311385459535, 25.507476168323041 ], [ -103.237311385459535, 25.503171575450629 ], [ -103.241883859167828, 25.503171575450629 ], [ -103.241883859167828, 25.507476168323041 ] ] ] } },
{ "type": "Feature", "properties": { "difference_1990_2000": 4.0, "difference_1990_2010": 17.0, "difference_1990_2020": 52.0 }, "geometry": { "type": "Polygon", "coordinates": [ [ [ -103.241883859167828, 25.511780913825994 ], [ -103.237311385459535, 25.511780913825977 ], [ -103.237311385459535, 25.507476168323041 ], [ -103.241883859167828, 25.507476168323041 ], [ -103.241883859167828, 25.511780913825994 ] ] ] } },
{ "type": "Feature", "properties": { "difference_1990_2000": 107.0, "difference_1990_2010": 183.0, "difference_1990_2020": 108.0 }, "geometry": { "type": "Polygon", "coordinates": [ [ [ -103.241883859167828, 25.529001422952906 ], [ -103.237311385459535, 25.529001422952906 ], [ -103.237311385459535, 25.524696066522957 ], [ -103.241883859167828, 25.524696066522996 ], [ -103.241883859167828, 25.529001422952906 ] ] ] } },
{ "type": "Feature", "properties": { "difference_1990_2000": 131.0, "difference_1990_2010": 226.0, "difference_1990_2020": 192.0 }, "geometry": { "type": "Polygon", "coordinates": [ [ [ -103.241883859167828, 25.53330693221579 ], [ -103.237311385459535, 25.533306932215755 ], [ -103.237311385459535, 25.529001422952906 ], [ -103.241883859167828, 25.529001422952906 ], [ -103.241883859167828, 25.53330693221579 ] ] ] } },
{ "type": "Feature", "properties": { "difference_1990_2000": -211.0, "difference_1990_2010": 199.0, "difference_1990_2020": 215.0 }, "geometry": { "type": "Polygon", "coordinates": [ [ [ -103.241883859167828, 25.541918409402399 ], [ -103.237311385459535, 25.54191840940236 ], [ -103.237311385459535, 25.537612594352062 ], [ -103.241883859167828, 25.537612594352062 ], [ -103.241883859167828, 25.541918409402399 ] ] ] } },
{ "type": "Feature", "properties": { "difference_1990_2000": 0.0, "difference_1990_2010": 3.0, "difference_1990_2020": 3.0 }, "geometry": { "type": "Polygon", "coordinates": [ [ [ -103.241883859167828, 25.550530498407017 ], [ -103.237311385459535, 25.550530498407017 ], [ -103.237311385459535, 25.54622437740721 ], [ -103.241883859167828, 25.546224377407228 ], [ -103.241883859167828, 25.550530498407017 ] ] ] } },
{ "type": "Feature", "properties": { "difference_1990_2000": 297.0, "difference_1990_2010": 367.0, "difference_1990_2020": 284.0 }, "geometry": { "type": "Polygon", "coordinates": [ [ [ -103.241883859167828, 25.537612594352062 ], [ -103.237311385459535, 25.537612594352062 ], [ -103.237311385459535, 25.533306932215755 ], [ -103.241883859167828, 25.53330693221579 ], [ -103.241883859167828, 25.537612594352062 ] ] ] } },
{ "type": "Feature", "properties": { "difference_1990_2000": -80.0, "difference_1990_2010": 63.0, "difference_1990_2020": 71.0 }, "geometry": { "type": "Polygon", "coordinates": [ [ [ -103.241883859167828, 25.546224377407228 ], [ -103.237311385459535, 25.54622437740721 ], [ -103.237311385459535, 25.54191840940236 ], [ -103.241883859167828, 25.541918409402399 ], [ -103.241883859167828, 25.546224377407228 ] ] ] } },
{ "type": "Feature", "properties": { "difference_1990_2000": 194.0, "difference_1990_2010": 76.0, "difference_1990_2020": -112.0 }, "geometry": { "type": "Polygon", "coordinates": [ [ [ -103.420210333790607, 25.520390862885513 ], [ -103.415637860082313, 25.520390862885513 ], [ -103.415637860082313, 25.516085812000036 ], [ -103.420210333790607, 25.516085812000011 ], [ -103.420210333790607, 25.520390862885513 ] ] ] } },
{ "type": "Feature", "properties": { "difference_1990_2000": 308.0, "difference_1990_2010": 555.0, "difference_1990_2020": 551.0 }, "geometry": { "type": "Polygon", "coordinates": [ [ [ -103.420210333790607, 25.589292478876875 ], [ -103.415637860082313, 25.589292478876903 ], [ -103.415637860082313, 25.584984979095623 ], [ -103.420210333790607, 25.584984979095623 ], [ -103.420210333790607, 25.589292478876875 ] ] ] } },
{ "type": "Feature", "properties": { "difference_1990_2000": 10.0, "difference_1990_2010": -1.0, "difference_1990_2020": 177.0 }, "geometry": { "type": "Polygon", "coordinates": [ [ [ -103.420210333790607, 25.606524012419019 ], [ -103.415637860082313, 25.606524012419019 ], [ -103.415637860082313, 25.602215898789581 ], [ -103.420210333790607, 25.602215898789581 ], [ -103.420210333790607, 25.606524012419019 ] ] ] } },
{ "type": "Feature", "properties": { "difference_1990_2000": 95.0, "difference_1990_2010": 160.0, "difference_1990_2020": 267.0 }, "geometry": { "type": "Polygon", "coordinates": [ [ [ -103.420210333790607, 25.404207972537794 ], [ -103.415637860082313, 25.404207972537815 ], [ -103.415637860082313, 25.399907030690589 ], [ -103.420210333790607, 25.399907030690567 ], [ -103.420210333790607, 25.404207972537794 ] ] ] } },
{ "type": "Feature", "properties": { "difference_1990_2000": 32.0, "difference_1990_2010": 35.0, "difference_1990_2020": 77.0 }, "geometry": { "type": "Polygon", "coordinates": [ [ [ -103.420210333790607, 25.395606240466009 ], [ -103.415637860082313, 25.395606240466044 ], [ -103.415637860082313, 25.391305601824001 ], [ -103.420210333790607, 25.391305601824001 ], [ -103.420210333790607, 25.395606240466009 ] ] ] } },
{ "type": "Feature", "properties": { "difference_1990_2000": -414.0, "difference_1990_2010": -844.0, "difference_1990_2020": -1063.0 }, "geometry": { "type": "Polygon", "coordinates": [ [ [ -103.420210333790607, 25.554836772442435 ], [ -103.415637860082313, 25.554836772442435 ], [ -103.415637860082313, 25.550530498407017 ], [ -103.420210333790607, 25.550530498407017 ], [ -103.420210333790607, 25.554836772442435 ] ] ] } },
{ "type": "Feature", "properties": { "difference_1990_2000": 176.0, "difference_1990_2010": 45.0, "difference_1990_2020": -109.0 }, "geometry": { "type": "Polygon", "coordinates": [ [ [ -103.420210333790607, 25.516085812000011 ], [ -103.415637860082313, 25.516085812000036 ], [ -103.415637860082313, 25.511780913825994 ], [ -103.420210333790607, 25.511780913825994 ], [ -103.420210333790607, 25.516085812000011 ] ] ] } },
{ "type": "Feature", "properties": { "difference_1990_2000": 656.0, "difference_1990_2010": 769.0, "difference_1990_2020": 716.0 }, "geometry": { "type": "Polygon", "coordinates": [ [ [ -103.420210333790607, 25.580677632674703 ], [ -103.415637860082313, 25.580677632674703 ], [ -103.415637860082313, 25.576370439573584 ], [ -103.420210333790607, 25.576370439573534 ], [ -103.420210333790607, 25.580677632674703 ] ] ] } },
{ "type": "Feature", "properties": { "difference_1990_2000": 562.0, "difference_1990_2010": 725.0, "difference_1990_2020": 762.0 }, "geometry": { "type": "Polygon", "coordinates": [ [ [ -103.420210333790607, 25.503171575450629 ], [ -103.415637860082313, 25.503171575450629 ], [ -103.415637860082313, 25.49886713516835 ], [ -103.420210333790607, 25.49886713516835 ], [ -103.420210333790607, 25.503171575450629 ] ] ] } },
{ "type": "Feature", "properties": { "difference_1990_2000": -38.0, "difference_1990_2010": -142.0, "difference_1990_2020": -207.0 }, "geometry": { "type": "Polygon", "coordinates": [ [ [ -103.420210333790607, 25.524696066522996 ], [ -103.415637860082313, 25.524696066522957 ], [ -103.415637860082313, 25.520390862885513 ], [ -103.420210333790607, 25.520390862885513 ], [ -103.420210333790607, 25.524696066522996 ] ] ] } },
{ "type": "Feature", "properties": { "difference_1990_2000": 189.0, "difference_1990_2010": 351.0, "difference_1990_2020": 310.0 }, "geometry": { "type": "Polygon", "coordinates": [ [ [ -103.420210333790607, 25.507476168323048 ], [ -103.415637860082313, 25.507476168323006 ], [ -103.415637860082313, 25.503171575450629 ], [ -103.420210333790607, 25.503171575450629 ], [ -103.420210333790607, 25.507476168323048 ] ] ] } },
{ "type": "Feature", "properties": { "difference_1990_2000": 146.0, "difference_1990_2010": 488.0, "difference_1990_2020": 619.0 }, "geometry": { "type": "Polygon", "coordinates": [ [ [ -103.420210333790607, 25.593600132059201 ], [ -103.415637860082313, 25.593600132059201 ], [ -103.415637860082313, 25.589292478876903 ], [ -103.420210333790607, 25.589292478876875 ], [ -103.420210333790607, 25.593600132059201 ] ] ] } },
{ "type": "Feature", "properties": { "difference_1990_2000": 99.0, "difference_1990_2010": 116.0, "difference_1990_2020": 70.0 }, "geometry": { "type": "Polygon", "coordinates": [ [ [ -103.420210333790607, 25.576370439573534 ], [ -103.415637860082313, 25.576370439573584 ], [ -103.415637860082313, 25.572063399751524 ], [ -103.420210333790607, 25.572063399751524 ], [ -103.420210333790607, 25.576370439573534 ] ] ] } },
{ "type": "Feature", "properties": { "difference_1990_2000": 96.0, "difference_1990_2010": -121.0, "difference_1990_2020": -193.0 }, "geometry": { "type": "Polygon", "coordinates": [ [ [ -103.420210333790607, 25.511780913825994 ], [ -103.415637860082313, 25.511780913825994 ], [ -103.415637860082313, 25.507476168323006 ], [ -103.420210333790607, 25.507476168323048 ], [ -103.420210333790607, 25.511780913825994 ] ] ] } },
{ "type": "Feature", "properties": { "difference_1990_2000": -328.0, "difference_1990_2010": -731.0, "difference_1990_2020": -998.0 }, "geometry": { "type": "Polygon", "coordinates": [ [ [ -103.420210333790607, 25.559143199554043 ], [ -103.415637860082313, 25.559143199554043 ], [ -103.415637860082313, 25.554836772442435 ], [ -103.420210333790607, 25.554836772442435 ], [ -103.420210333790607, 25.559143199554043 ] ] ] } },
{ "type": "Feature", "properties": { "difference_1990_2000": -94.0, "difference_1990_2010": -284.0, "difference_1990_2020": -471.0 }, "geometry": { "type": "Polygon", "coordinates": [ [ [ -103.420210333790607, 25.563449779782381 ], [ -103.415637860082313, 25.563449779782346 ], [ -103.415637860082313, 25.559143199554043 ], [ -103.420210333790607, 25.559143199554043 ], [ -103.420210333790607, 25.563449779782381 ] ] ] } },
{ "type": "Feature", "properties": { "difference_1990_2000": 15.0, "difference_1990_2010": 61.0, "difference_1990_2020": 109.0 }, "geometry": { "type": "Polygon", "coordinates": [ [ [ -103.420210333790607, 25.408509066047895 ], [ -103.415637860082313, 25.408509066047877 ], [ -103.415637860082313, 25.404207972537794 ], [ -103.420210333790607, 25.404207972537794 ], [ -103.420210333790607, 25.408509066047895 ] ] ] } },
{ "type": "Feature", "properties": { "difference_1990_2000": 0.0, "difference_1990_2010": 0.0, "difference_1990_2020": 30.0 }, "geometry": { "type": "Polygon", "coordinates": [ [ [ -103.420210333790607, 25.619449274852371 ], [ -103.415637860082313, 25.619449274852371 ], [ -103.415637860082313, 25.615140700409697 ], [ -103.420210333790607, 25.615140700409697 ], [ -103.420210333790607, 25.619449274852371 ] ] ] } },
{ "type": "Feature", "properties": { "difference_1990_2000": 79.0, "difference_1990_2010": 147.0, "difference_1990_2020": 129.0 }, "geometry": { "type": "Polygon", "coordinates": [ [ [ -103.420210333790607, 25.399907030690567 ], [ -103.415637860082313, 25.399907030690589 ], [ -103.415637860082313, 25.395606240466044 ], [ -103.420210333790607, 25.395606240466009 ], [ -103.420210333790607, 25.399907030690567 ] ] ] } },
{ "type": "Feature", "properties": { "difference_1990_2000": 95.0, "difference_1990_2010": 320.0, "difference_1990_2020": 474.0 }, "geometry": { "type": "Polygon", "coordinates": [ [ [ -103.420210333790607, 25.602215898789581 ], [ -103.415637860082313, 25.602215898789581 ], [ -103.415637860082313, 25.597907938683242 ], [ -103.420210333790607, 25.597907938683242 ], [ -103.420210333790607, 25.602215898789581 ] ] ] } },
{ "type": "Feature", "properties": { "difference_1990_2000": -243.0, "difference_1990_2010": -583.0, "difference_1990_2020": -738.0 }, "geometry": { "type": "Polygon", "coordinates": [ [ [ -103.420210333790607, 25.567756513167971 ], [ -103.415637860082313, 25.567756513167971 ], [ -103.415637860082313, 25.563449779782346 ], [ -103.420210333790607, 25.563449779782381 ], [ -103.420210333790607, 25.567756513167971 ] ] ] } },
{ "type": "Feature", "properties": { "difference_1990_2000": -61.0, "difference_1990_2010": -151.0, "difference_1990_2020": -243.0 }, "geometry": { "type": "Polygon", "coordinates": [ [ [ -103.420210333790607, 25.533306932215737 ], [ -103.415637860082313, 25.53330693221579 ], [ -103.415637860082313, 25.529001422952906 ], [ -103.420210333790607, 25.529001422952906 ], [ -103.420210333790607, 25.533306932215737 ] ] ] } },
{ "type": "Feature", "properties": { "difference_1990_2000": -52.0, "difference_1990_2010": -150.0, "difference_1990_2020": -221.0 }, "geometry": { "type": "Polygon", "coordinates": [ [ [ -103.420210333790607, 25.529001422952906 ], [ -103.415637860082313, 25.529001422952906 ], [ -103.415637860082313, 25.524696066522957 ], [ -103.420210333790607, 25.524696066522996 ], [ -103.420210333790607, 25.529001422952906 ] ] ] } },
{ "type": "Feature", "properties": { "difference_1990_2000": -398.0, "difference_1990_2010": -724.0, "difference_1990_2020": -942.0 }, "geometry": { "type": "Polygon", "coordinates": [ [ [ -103.420210333790607, 25.54191840940236 ], [ -103.415637860082313, 25.541918409402399 ], [ -103.415637860082313, 25.537612594352115 ], [ -103.420210333790607, 25.537612594352098 ], [ -103.420210333790607, 25.54191840940236 ] ] ] } },
{ "type": "Feature", "properties": { "difference_1990_2000": 155.0, "difference_1990_2010": 528.0, "difference_1990_2020": 673.0 }, "geometry": { "type": "Polygon", "coordinates": [ [ [ -103.420210333790607, 25.597907938683242 ], [ -103.415637860082313, 25.597907938683242 ], [ -103.415637860082313, 25.593600132059201 ], [ -103.420210333790607, 25.593600132059201 ], [ -103.420210333790607, 25.597907938683242 ] ] ] } },
{ "type": "Feature", "properties": { "difference_1990_2000": -376.0, "difference_1990_2010": -703.0, "difference_1990_2020": -959.0 }, "geometry": { "type": "Polygon", "coordinates": [ [ [ -103.420210333790607, 25.550530498407017 ], [ -103.415637860082313, 25.550530498407017 ], [ -103.415637860082313, 25.54622437740721 ], [ -103.420210333790607, 25.54622437740721 ], [ -103.420210333790607, 25.550530498407017 ] ] ] } },
{ "type": "Feature", "properties": { "difference_1990_2000": -236.0, "difference_1990_2010": -563.0, "difference_1990_2020": -702.0 }, "geometry": { "type": "Polygon", "coordinates": [ [ [ -103.420210333790607, 25.572063399751524 ], [ -103.415637860082313, 25.572063399751524 ], [ -103.415637860082313, 25.567756513167971 ], [ -103.420210333790607, 25.567756513167971 ], [ -103.420210333790607, 25.572063399751524 ] ] ] } },
{ "type": "Feature", "properties": { "difference_1990_2000": 0.0, "difference_1990_2010": 0.0, "difference_1990_2020": 63.0 }, "geometry": { "type": "Polygon", "coordinates": [ [ [ -103.420210333790607, 25.623758002980942 ], [ -103.415637860082313, 25.623758002980978 ], [ -103.415637860082313, 25.619449274852371 ], [ -103.420210333790607, 25.619449274852371 ], [ -103.420210333790607, 25.623758002980942 ] ] ] } },
{ "type": "Feature", "properties": { "difference_1990_2000": 432.0, "difference_1990_2010": 706.0, "difference_1990_2020": 691.0 }, "geometry": { "type": "Polygon", "coordinates": [ [ [ -103.420210333790607, 25.49886713516835 ], [ -103.415637860082313, 25.49886713516835 ], [ -103.415637860082313, 25.494562847435752 ], [ -103.420210333790607, 25.494562847435752 ], [ -103.420210333790607, 25.49886713516835 ] ] ] } },
{ "type": "Feature", "properties": { "difference_1990_2000": -493.0, "difference_1990_2010": -915.0, "difference_1990_2020": -1288.0 }, "geometry": { "type": "Polygon", "coordinates": [ [ [ -103.420210333790607, 25.54622437740721 ], [ -103.415637860082313, 25.54622437740721 ], [ -103.415637860082313, 25.541918409402399 ], [ -103.420210333790607, 25.54191840940236 ], [ -103.420210333790607, 25.54622437740721 ] ] ] } },
{ "type": "Feature", "properties": { "difference_1990_2000": 633.0, "difference_1990_2010": 972.0, "difference_1990_2020": 877.0 }, "geometry": { "type": "Polygon", "coordinates": [ [ [ -103.420210333790607, 25.584984979095623 ], [ -103.415637860082313, 25.584984979095623 ], [ -103.415637860082313, 25.580677632674703 ], [ -103.420210333790607, 25.580677632674703 ], [ -103.420210333790607, 25.584984979095623 ] ] ] } },
{ "type": "Feature", "properties": { "difference_1990_2000": -146.0, "difference_1990_2010": -327.0, "difference_1990_2020": -424.0 }, "geometry": { "type": "Polygon", "coordinates": [ [ [ -103.420210333790607, 25.537612594352098 ], [ -103.415637860082313, 25.537612594352115 ], [ -103.415637860082313, 25.53330693221579 ], [ -103.420210333790607, 25.533306932215737 ], [ -103.420210333790607, 25.537612594352098 ] ] ] } },
{ "type": "Feature", "properties": { "difference_1990_2000": -3.0, "difference_1990_2010": 55.0, "difference_1990_2020": 105.0 }, "geometry": { "type": "Polygon", "coordinates": [ [ [ -103.232738911751255, 25.520390862885538 ], [ -103.228166438043004, 25.520390862885513 ], [ -103.228166438043004, 25.516085812000036 ], [ -103.232738911751255, 25.516085812000011 ], [ -103.232738911751255, 25.520390862885538 ] ] ] } },
{ "type": "Feature", "properties": { "difference_1990_2000": 69.0, "difference_1990_2010": 215.0, "difference_1990_2020": 344.0 }, "geometry": { "type": "Polygon", "coordinates": [ [ [ -103.232738911751255, 25.516085812000011 ], [ -103.228166438043004, 25.516085812000036 ], [ -103.228166438043004, 25.511780913825994 ], [ -103.232738911751255, 25.511780913825994 ], [ -103.232738911751255, 25.516085812000011 ] ] ] } },
{ "type": "Feature", "properties": { "difference_1990_2000": 0.0, "difference_1990_2010": 0.0, "difference_1990_2020": 1.0 }, "geometry": { "type": "Polygon", "coordinates": [ [ [ -103.232738911751255, 25.503171575450608 ], [ -103.228166438043004, 25.503171575450629 ], [ -103.228166438043004, 25.49886713516835 ], [ -103.232738911751255, 25.49886713516835 ], [ -103.232738911751255, 25.503171575450608 ] ] ] } },
{ "type": "Feature", "properties": { "difference_1990_2000": -87.0, "difference_1990_2010": -158.0, "difference_1990_2020": -168.0 }, "geometry": { "type": "Polygon", "coordinates": [ [ [ -103.232738911751255, 25.524696066522957 ], [ -103.228166438043004, 25.524696066522957 ], [ -103.228166438043004, 25.520390862885513 ], [ -103.232738911751255, 25.520390862885538 ], [ -103.232738911751255, 25.524696066522957 ] ] ] } },
{ "type": "Feature", "properties": { "difference_1990_2000": 49.0, "difference_1990_2010": 158.0, "difference_1990_2020": 235.0 }, "geometry": { "type": "Polygon", "coordinates": [ [ [ -103.232738911751255, 25.511780913825994 ], [ -103.228166438043004, 25.511780913825994 ], [ -103.228166438043004, 25.507476168323048 ], [ -103.232738911751255, 25.507476168323041 ], [ -103.232738911751255, 25.511780913825994 ] ] ] } },
{ "type": "Feature", "properties": { "difference_1990_2000": -358.0, "difference_1990_2010": -570.0, "difference_1990_2020": -738.0 }, "geometry": { "type": "Polygon", "coordinates": [ [ [ -103.232738911751255, 25.529001422952906 ], [ -103.228166438043004, 25.529001422952941 ], [ -103.228166438043004, 25.524696066522957 ], [ -103.232738911751255, 25.524696066522957 ], [ -103.232738911751255, 25.529001422952906 ] ] ] } },
{ "type": "Feature", "properties": { "difference_1990_2000": -216.0, "difference_1990_2010": -364.0, "difference_1990_2020": -525.0 }, "geometry": { "type": "Polygon", "coordinates": [ [ [ -103.232738911751255, 25.53330693221579 ], [ -103.228166438043004, 25.53330693221579 ], [ -103.228166438043004, 25.529001422952941 ], [ -103.232738911751255, 25.529001422952906 ], [ -103.232738911751255, 25.53330693221579 ] ] ] } },
{ "type": "Feature", "properties": { "difference_1990_2000": -21.0, "difference_1990_2010": -27.0, "difference_1990_2020": -85.0 }, "geometry": { "type": "Polygon", "coordinates": [ [ [ -103.232738911751255, 25.541918409402399 ], [ -103.228166438043004, 25.541918409402399 ], [ -103.228166438043004, 25.537612594352098 ], [ -103.232738911751255, 25.537612594352098 ], [ -103.232738911751255, 25.541918409402399 ] ] ] } },
{ "type": "Feature", "properties": { "difference_1990_2000": 0.0, "difference_1990_2010": 39.0, "difference_1990_2020": 0.0 }, "geometry": { "type": "Polygon", "coordinates": [ [ [ -103.232738911751255, 25.550530498407017 ], [ -103.228166438043004, 25.550530498407017 ], [ -103.228166438043004, 25.54622437740721 ], [ -103.232738911751255, 25.54622437740721 ], [ -103.232738911751255, 25.550530498407017 ] ] ] } },
{ "type": "Feature", "properties": { "difference_1990_2000": 15.0, "difference_1990_2010": 87.0, "difference_1990_2020": 29.0 }, "geometry": { "type": "Polygon", "coordinates": [ [ [ -103.232738911751255, 25.54622437740721 ], [ -103.228166438043004, 25.54622437740721 ], [ -103.228166438043004, 25.541918409402399 ], [ -103.232738911751255, 25.541918409402399 ], [ -103.232738911751255, 25.54622437740721 ] ] ] } },
{ "type": "Feature", "properties": { "difference_1990_2000": -131.0, "difference_1990_2010": -259.0, "difference_1990_2020": -400.0 }, "geometry": { "type": "Polygon", "coordinates": [ [ [ -103.232738911751255, 25.537612594352098 ], [ -103.228166438043004, 25.537612594352098 ], [ -103.228166438043004, 25.53330693221579 ], [ -103.232738911751255, 25.53330693221579 ], [ -103.232738911751255, 25.537612594352098 ] ] ] } },
{ "type": "Feature", "properties": { "difference_1990_2000": -17.0, "difference_1990_2010": 110.0, "difference_1990_2020": 86.0 }, "geometry": { "type": "Polygon", "coordinates": [ [ [ -103.598536808413385, 25.490258712212455 ], [ -103.593964334705078, 25.490258712212455 ], [ -103.593964334705078, 25.485954729457962 ], [ -103.598536808413385, 25.485954729457962 ], [ -103.598536808413385, 25.490258712212455 ] ] ] } },
{ "type": "Feature", "properties": { "difference_1990_2000": -16.0, "difference_1990_2010": 80.0, "difference_1990_2020": -25.0 }, "geometry": { "type": "Polygon", "coordinates": [ [ [ -103.598536808413385, 25.503171575450629 ], [ -103.593964334705078, 25.503171575450629 ], [ -103.593964334705078, 25.49886713516835 ], [ -103.598536808413385, 25.49886713516835 ], [ -103.598536808413385, 25.503171575450629 ] ] ] } },
{ "type": "Feature", "properties": { "difference_1990_2000": 8.0, "difference_1990_2010": 25.0, "difference_1990_2020": 51.0 }, "geometry": { "type": "Polygon", "coordinates": [ [ [ -103.598536808413385, 25.481650899131953 ], [ -103.593964334705078, 25.481650899131953 ], [ -103.593964334705078, 25.477347221194059 ], [ -103.598536808413385, 25.477347221194059 ], [ -103.598536808413385, 25.481650899131953 ] ] ] } },
{ "type": "Feature", "properties": { "difference_1990_2000": 114.0, "difference_1990_2010": 62.0, "difference_1990_2020": 116.0 }, "geometry": { "type": "Polygon", "coordinates": [ [ [ -103.598536808413385, 25.494562847435752 ], [ -103.593964334705078, 25.494562847435752 ], [ -103.593964334705078, 25.490258712212455 ], [ -103.598536808413385, 25.490258712212455 ], [ -103.598536808413385, 25.494562847435752 ] ] ] } },
{ "type": "Feature", "properties": { "difference_1990_2000": 42.0, "difference_1990_2010": 144.0, "difference_1990_2020": 159.0 }, "geometry": { "type": "Polygon", "coordinates": [ [ [ -103.598536808413385, 25.485954729457962 ], [ -103.593964334705078, 25.485954729457962 ], [ -103.593964334705078, 25.481650899131953 ], [ -103.598536808413385, 25.481650899131953 ], [ -103.598536808413385, 25.485954729457962 ] ] ] } },
{ "type": "Feature", "properties": { "difference_1990_2000": -222.0, "difference_1990_2010": -468.0, "difference_1990_2020": -401.0 }, "geometry": { "type": "Polygon", "coordinates": [ [ [ -103.598536808413385, 25.49886713516835 ], [ -103.593964334705078, 25.49886713516835 ], [ -103.593964334705078, 25.494562847435752 ], [ -103.598536808413385, 25.494562847435752 ], [ -103.598536808413385, 25.49886713516835 ] ] ] } },
{ "type": "Feature", "properties": { "difference_1990_2000": 114.0, "difference_1990_2010": 25.0, "difference_1990_2020": -52.0 }, "geometry": { "type": "Polygon", "coordinates": [ [ [ -103.411065386374034, 25.520390862885513 ], [ -103.406492912665755, 25.520390862885538 ], [ -103.406492912665755, 25.516085812000011 ], [ -103.411065386374034, 25.516085812000036 ], [ -103.411065386374034, 25.520390862885513 ] ] ] } },
{ "type": "Feature", "properties": { "difference_1990_2000": 56.0, "difference_1990_2010": 168.0, "difference_1990_2020": 128.0 }, "geometry": { "type": "Polygon", "coordinates": [ [ [ -103.411065386374034, 25.606524012419019 ], [ -103.406492912665755, 25.606524012419019 ], [ -103.406492912665755, 25.602215898789581 ], [ -103.411065386374034, 25.602215898789616 ], [ -103.411065386374034, 25.606524012419019 ] ] ] } },
{ "type": "Feature", "properties": { "difference_1990_2000": 612.0, "difference_1990_2010": 607.0, "difference_1990_2020": 591.0 }, "geometry": { "type": "Polygon", "coordinates": [ [ [ -103.411065386374034, 25.490258712212455 ], [ -103.406492912665755, 25.490258712212455 ], [ -103.406492912665755, 25.485954729457962 ], [ -103.411065386374034, 25.485954729457973 ], [ -103.411065386374034, 25.490258712212455 ] ] ] } },
{ "type": "Feature", "properties": { "difference_1990_2000": 28.0, "difference_1990_2010": 54.0, "difference_1990_2020": 105.0 }, "geometry": { "type": "Polygon", "coordinates": [ [ [ -103.411065386374034, 25.404207972537815 ], [ -103.406492912665755, 25.404207972537794 ], [ -103.406492912665755, 25.399907030690613 ], [ -103.411065386374034, 25.399907030690589 ], [ -103.411065386374034, 25.404207972537815 ] ] ] } },
{ "type": "Feature", "properties": { "difference_1990_2000": 345.0, "difference_1990_2010": 175.0, "difference_1990_2020": 101.0 }, "geometry": { "type": "Polygon", "coordinates": [ [ [ -103.411065386374034, 25.589292478876903 ], [ -103.406492912665755, 25.589292478876903 ], [ -103.406492912665755, 25.584984979095623 ], [ -103.411065386374034, 25.58498497909563 ], [ -103.411065386374034, 25.589292478876903 ] ] ] } },
{ "type": "Feature", "properties": { "difference_1990_2000": -294.0, "difference_1990_2010": -913.0, "difference_1990_2020": -1163.0 }, "geometry": { "type": "Polygon", "coordinates": [ [ [ -103.411065386374034, 25.554836772442435 ], [ -103.406492912665755, 25.554836772442435 ], [ -103.406492912665755, 25.550530498407017 ], [ -103.411065386374034, 25.550530498407017 ], [ -103.411065386374034, 25.554836772442435 ] ] ] } },
{ "type": "Feature", "properties": { "difference_1990_2000": 395.0, "difference_1990_2010": 79.0, "difference_1990_2020": -197.0 }, "geometry": { "type": "Polygon", "coordinates": [ [ [ -103.411065386374034, 25.516085812000036 ], [ -103.406492912665755, 25.516085812000011 ], [ -103.406492912665755, 25.511780913825994 ], [ -103.411065386374034, 25.511780913826033 ], [ -103.411065386374034, 25.516085812000036 ] ] ] } },
{ "type": "Feature", "properties": { "difference_1990_2000": 113.0, "difference_1990_2010": 211.0, "difference_1990_2020": 191.0 }, "geometry": { "type": "Polygon", "coordinates": [ [ [ -103.411065386374034, 25.580677632674703 ], [ -103.406492912665755, 25.580677632674703 ], [ -103.406492912665755, 25.576370439573555 ], [ -103.411065386374034, 25.576370439573584 ], [ -103.411065386374034, 25.580677632674703 ] ] ] } },
{ "type": "Feature", "properties": { "difference_1990_2000": 0.0, "difference_1990_2010": 1.0, "difference_1990_2020": 12.0 }, "geometry": { "type": "Polygon", "coordinates": [ [ [ -103.411065386374034, 25.628066884836095 ], [ -103.406492912665755, 25.628066884836095 ], [ -103.406492912665755, 25.62375800298096 ], [ -103.411065386374034, 25.623758002980978 ], [ -103.411065386374034, 25.628066884836095 ] ] ] } },
{ "type": "Feature", "properties": { "difference_1990_2000": 482.0, "difference_1990_2010": 273.0, "difference_1990_2020": 186.0 }, "geometry": { "type": "Polygon", "coordinates": [ [ [ -103.411065386374034, 25.503171575450629 ], [ -103.406492912665755, 25.503171575450629 ], [ -103.406492912665755, 25.49886713516835 ], [ -103.411065386374034, 25.49886713516835 ], [ -103.411065386374034, 25.503171575450629 ] ] ] } },
{ "type": "Feature", "properties": { "difference_1990_2000": 26.0, "difference_1990_2010": -22.0, "difference_1990_2020": -49.0 }, "geometry": { "type": "Polygon", "coordinates": [ [ [ -103.411065386374034, 25.524696066522996 ], [ -103.406492912665755, 25.524696066522957 ], [ -103.406492912665755, 25.520390862885538 ], [ -103.411065386374034, 25.520390862885513 ], [ -103.411065386374034, 25.524696066522996 ] ] ] } },
{ "type": "Feature", "properties": { "difference_1990_2000": 932.0, "difference_1990_2010": 1012.0, "difference_1990_2020": 1079.0 }, "geometry": { "type": "Polygon", "coordinates": [ [ [ -103.411065386374034, 25.507476168323041 ], [ -103.406492912665755, 25.507476168323041 ], [ -103.406492912665755, 25.503171575450629 ], [ -103.411065386374034, 25.503171575450629 ], [ -103.411065386374034, 25.507476168323041 ] ] ] } },
{ "type": "Feature", "properties": { "difference_1990_2000": 199.0, "difference_1990_2010": 442.0, "difference_1990_2020": 542.0 }, "geometry": { "type": "Polygon", "coordinates": [ [ [ -103.411065386374034, 25.593600132059201 ], [ -103.406492912665755, 25.593600132059237 ], [ -103.406492912665755, 25.589292478876903 ], [ -103.411065386374034, 25.589292478876903 ], [ -103.411065386374034, 25.593600132059201 ] ] ] } },
{ "type": "Feature", "properties": { "difference_1990_2000": 57.0, "difference_1990_2010": 161.0, "difference_1990_2020": 87.0 }, "geometry": { "type": "Polygon", "coordinates": [ [ [ -103.411065386374034, 25.610832279612154 ], [ -103.406492912665755, 25.610832279612154 ], [ -103.406492912665755, 25.606524012419019 ], [ -103.411065386374034, 25.606524012419019 ], [ -103.411065386374034, 25.610832279612154 ] ] ] } },
{ "type": "Feature", "properties": { "difference_1990_2000": 54.0, "difference_1990_2010": 129.0, "difference_1990_2020": 136.0 }, "geometry": { "type": "Polygon", "coordinates": [ [ [ -103.411065386374034, 25.576370439573584 ], [ -103.406492912665755, 25.576370439573555 ], [ -103.406492912665755, 25.572063399751489 ], [ -103.411065386374034, 25.572063399751524 ], [ -103.411065386374034, 25.576370439573584 ] ] ] } },
{ "type": "Feature", "properties": { "difference_1990_2000": -241.0, "difference_1990_2010": -547.0, "difference_1990_2020": -636.0 }, "geometry": { "type": "Polygon", "coordinates": [ [ [ -103.411065386374034, 25.559143199554043 ], [ -103.406492912665755, 25.559143199554043 ], [ -103.406492912665755, 25.554836772442435 ], [ -103.411065386374034, 25.554836772442435 ], [ -103.411065386374034, 25.559143199554043 ] ] ] } },
{ "type": "Feature", "properties": { "difference_1990_2000": 461.0, "difference_1990_2010": 332.0, "difference_1990_2020": 269.0 }, "geometry": { "type": "Polygon", "coordinates": [ [ [ -103.411065386374034, 25.511780913826033 ], [ -103.406492912665755, 25.511780913825994 ], [ -103.406492912665755, 25.507476168323041 ], [ -103.411065386374034, 25.507476168323041 ], [ -103.411065386374034, 25.511780913826033 ] ] ] } },
{ "type": "Feature", "properties": { "difference_1990_2000": 17.0, "difference_1990_2010": 80.0, "difference_1990_2020": 102.0 }, "geometry": { "type": "Polygon", "coordinates": [ [ [ -103.411065386374034, 25.563449779782381 ], [ -103.406492912665755, 25.563449779782346 ], [ -103.406492912665755, 25.559143199554043 ], [ -103.411065386374034, 25.559143199554043 ], [ -103.411065386374034, 25.563449779782381 ] ] ] } },
{ "type": "Feature", "properties": { "difference_1990_2000": 1357.0, "difference_1990_2010": 1482.0, "difference_1990_2020": 1558.0 }, "geometry": { "type": "Polygon", "coordinates": [ [ [ -103.411065386374034, 25.494562847435752 ], [ -103.406492912665755, 25.494562847435752 ], [ -103.406492912665755, 25.490258712212455 ], [ -103.411065386374034, 25.490258712212455 ], [ -103.411065386374034, 25.494562847435752 ] ] ] } },
{ "type": "Feature", "properties": { "difference_1990_2000": 0.0, "difference_1990_2010": 92.0, "difference_1990_2020": 256.0 }, "geometry": { "type": "Polygon", "coordinates": [ [ [ -103.411065386374034, 25.619449274852411 ], [ -103.406492912665755, 25.619449274852411 ], [ -103.406492912665755, 25.615140700409697 ], [ -103.411065386374034, 25.615140700409697 ], [ -103.411065386374034, 25.619449274852411 ] ] ] } },
{ "type": "Feature", "properties": { "difference_1990_2000": 43.0, "difference_1990_2010": 92.0, "difference_1990_2020": 151.0 }, "geometry": { "type": "Polygon", "coordinates": [ [ [ -103.411065386374034, 25.399907030690589 ], [ -103.406492912665755, 25.399907030690613 ], [ -103.406492912665755, 25.395606240466062 ], [ -103.411065386374034, 25.395606240466044 ], [ -103.411065386374034, 25.399907030690589 ] ] ] } },
{ "type": "Feature", "properties": { "difference_1990_2000": 30.0, "difference_1990_2010": -6.0, "difference_1990_2020": 157.0 }, "geometry": { "type": "Polygon", "coordinates": [ [ [ -103.411065386374034, 25.615140700409697 ], [ -103.406492912665755, 25.615140700409697 ], [ -103.406492912665755, 25.610832279612154 ], [ -103.411065386374034, 25.610832279612154 ], [ -103.411065386374034, 25.615140700409697 ] ] ] } },
{ "type": "Feature", "properties": { "difference_1990_2000": 58.0, "difference_1990_2010": 163.0, "difference_1990_2020": 90.0 }, "geometry": { "type": "Polygon", "coordinates": [ [ [ -103.411065386374034, 25.602215898789616 ], [ -103.406492912665755, 25.602215898789581 ], [ -103.406492912665755, 25.597907938683242 ], [ -103.411065386374034, 25.597907938683242 ], [ -103.411065386374034, 25.602215898789616 ] ] ] } },
{ "type": "Feature", "properties": { "difference_1990_2000": 17.0, "difference_1990_2010": 80.0, "difference_1990_2020": 102.0 }, "geometry": { "type": "Polygon", "coordinates": [ [ [ -103.411065386374034, 25.567756513167993 ], [ -103.406492912665755, 25.567756513167971 ], [ -103.406492912665755, 25.563449779782346 ], [ -103.411065386374034, 25.563449779782381 ], [ -103.411065386374034, 25.567756513167993 ] ] ] } },
{ "type": "Feature", "properties": { "difference_1990_2000": 123.0, "difference_1990_2010": 470.0, "difference_1990_2020": 612.0 }, "geometry": { "type": "Polygon", "coordinates": [ [ [ -103.411065386374034, 25.597907938683242 ], [ -103.406492912665755, 25.597907938683242 ], [ -103.406492912665755, 25.593600132059237 ], [ -103.411065386374034, 25.593600132059201 ], [ -103.411065386374034, 25.597907938683242 ] ] ] } },
{ "type": "Feature", "properties": { "difference_1990_2000": 41.0, "difference_1990_2010": 7.0, "difference_1990_2020": -7.0 }, "geometry": { "type": "Polygon", "coordinates": [ [ [ -103.411065386374034, 25.529001422952941 ], [ -103.406492912665755, 25.529001422952941 ], [ -103.406492912665755, 25.524696066522957 ], [ -103.411065386374034, 25.524696066522996 ], [ -103.411065386374034, 25.529001422952941 ] ] ] } },
{ "type": "Feature", "properties": { "difference_1990_2000": 50.0, "difference_1990_2010": 23.0, "difference_1990_2020": 29.0 }, "geometry": { "type": "Polygon", "coordinates": [ [ [ -103.411065386374034, 25.53330693221579 ], [ -103.406492912665755, 25.533306932215755 ], [ -103.406492912665755, 25.529001422952941 ], [ -103.411065386374034, 25.529001422952941 ], [ -103.411065386374034, 25.53330693221579 ] ] ] } },
{ "type": "Feature", "properties": { "difference_1990_2000": -187.0, "difference_1990_2010": -421.0, "difference_1990_2020": -500.0 }, "geometry": { "type": "Polygon", "coordinates": [ [ [ -103.411065386374034, 25.541918409402399 ], [ -103.406492912665755, 25.541918409402399 ], [ -103.406492912665755, 25.537612594352098 ], [ -103.411065386374034, 25.537612594352115 ], [ -103.411065386374034, 25.541918409402399 ] ] ] } },
{ "type": "Feature", "properties": { "difference_1990_2000": -833.0, "difference_1990_2010": -1246.0, "difference_1990_2020": -1579.0 }, "geometry": { "type": "Polygon", "coordinates": [ [ [ -103.411065386374034, 25.550530498407017 ], [ -103.406492912665755, 25.550530498407017 ], [ -103.406492912665755, 25.546224377407228 ], [ -103.411065386374034, 25.546224377407228 ], [ -103.411065386374034, 25.550530498407017 ] ] ] } },
{ "type": "Feature", "properties": { "difference_1990_2000": 17.0, "difference_1990_2010": 80.0, "difference_1990_2020": 102.0 }, "geometry": { "type": "Polygon", "coordinates": [ [ [ -103.411065386374034, 25.572063399751524 ], [ -103.406492912665755, 25.572063399751489 ], [ -103.406492912665755, 25.567756513167971 ], [ -103.411065386374034, 25.567756513167993 ], [ -103.411065386374034, 25.572063399751524 ] ] ] } },
{ "type": "Feature", "properties": { "difference_1990_2000": 431.0, "difference_1990_2010": 111.0, "difference_1990_2020": -21.0 }, "geometry": { "type": "Polygon", "coordinates": [ [ [ -103.411065386374034, 25.49886713516835 ], [ -103.406492912665755, 25.49886713516835 ], [ -103.406492912665755, 25.494562847435752 ], [ -103.411065386374034, 25.494562847435752 ], [ -103.411065386374034, 25.49886713516835 ] ] ] } },
{ "type": "Feature", "properties": { "difference_1990_2000": 0.0, "difference_1990_2010": 16.0, "difference_1990_2020": 170.0 }, "geometry": { "type": "Polygon", "coordinates": [ [ [ -103.411065386374034, 25.623758002980978 ], [ -103.406492912665755, 25.62375800298096 ], [ -103.406492912665755, 25.619449274852411 ], [ -103.411065386374034, 25.619449274852411 ], [ -103.411065386374034, 25.623758002980978 ] ] ] } },
{ "type": "Feature", "properties": { "difference_1990_2000": 49.0, "difference_1990_2010": 89.0, "difference_1990_2020": 80.0 }, "geometry": { "type": "Polygon", "coordinates": [ [ [ -103.411065386374034, 25.58498497909563 ], [ -103.406492912665755, 25.584984979095623 ], [ -103.406492912665755, 25.580677632674703 ], [ -103.411065386374034, 25.580677632674703 ], [ -103.411065386374034, 25.58498497909563 ] ] ] } },
{ "type": "Feature", "properties": { "difference_1990_2000": -688.0, "difference_1990_2010": -811.0, "difference_1990_2020": -900.0 }, "geometry": { "type": "Polygon", "coordinates": [ [ [ -103.411065386374034, 25.546224377407228 ], [ -103.406492912665755, 25.546224377407228 ], [ -103.406492912665755, 25.541918409402399 ], [ -103.411065386374034, 25.541918409402399 ], [ -103.411065386374034, 25.546224377407228 ] ] ] } },
{ "type": "Feature", "properties": { "difference_1990_2000": -59.0, "difference_1990_2010": -178.0, "difference_1990_2020": -219.0 }, "geometry": { "type": "Polygon", "coordinates": [ [ [ -103.411065386374034, 25.537612594352115 ], [ -103.406492912665755, 25.537612594352098 ], [ -103.406492912665755, 25.533306932215755 ], [ -103.411065386374034, 25.53330693221579 ], [ -103.411065386374034, 25.537612594352115 ] ] ] } },
{ "type": "Feature", "properties": { "difference_1990_2000": -25.0, "difference_1990_2010": 102.0, "difference_1990_2020": 435.0 }, "geometry": { "type": "Polygon", "coordinates": [ [ [ -103.589391860996798, 25.490258712212455 ], [ -103.584819387288533, 25.490258712212455 ], [ -103.584819387288533, 25.485954729458008 ], [ -103.589391860996798, 25.485954729457973 ], [ -103.589391860996798, 25.490258712212455 ] ] ] } },
{ "type": "Feature", "properties": { "difference_1990_2000": 1.0, "difference_1990_2010": 0.0, "difference_1990_2020": 1.0 }, "geometry": { "type": "Polygon", "coordinates": [ [ [ -103.589391860996798, 25.503171575450629 ], [ -103.584819387288533, 25.503171575450629 ], [ -103.584819387288533, 25.49886713516835 ], [ -103.589391860996798, 25.49886713516835 ], [ -103.589391860996798, 25.503171575450629 ] ] ] } },
{ "type": "Feature", "properties": { "difference_1990_2000": 0.0, "difference_1990_2010": 0.0, "difference_1990_2020": 3.0 }, "geometry": { "type": "Polygon", "coordinates": [ [ [ -103.589391860996798, 25.481650899131953 ], [ -103.584819387288533, 25.481650899131989 ], [ -103.584819387288533, 25.477347221194059 ], [ -103.589391860996798, 25.477347221194059 ], [ -103.589391860996798, 25.481650899131953 ] ] ] } },
{ "type": "Feature", "properties": { "difference_1990_2000": 6.0, "difference_1990_2010": 99.0, "difference_1990_2020": 414.0 }, "geometry": { "type": "Polygon", "coordinates": [ [ [ -103.589391860996798, 25.494562847435752 ], [ -103.584819387288533, 25.494562847435752 ], [ -103.584819387288533, 25.490258712212455 ], [ -103.589391860996798, 25.490258712212455 ], [ -103.589391860996798, 25.494562847435752 ] ] ] } },
{ "type": "Feature", "properties": { "difference_1990_2000": 4.0, "difference_1990_2010": 85.0, "difference_1990_2020": 121.0 }, "geometry": { "type": "Polygon", "coordinates": [ [ [ -103.589391860996798, 25.485954729457973 ], [ -103.584819387288533, 25.485954729458008 ], [ -103.584819387288533, 25.481650899131989 ], [ -103.589391860996798, 25.481650899131953 ], [ -103.589391860996798, 25.485954729457973 ] ] ] } },
{ "type": "Feature", "properties": { "difference_1990_2000": 109.0, "difference_1990_2010": 104.0, "difference_1990_2020": 95.0 }, "geometry": { "type": "Polygon", "coordinates": [ [ [ -103.589391860996798, 25.49886713516835 ], [ -103.584819387288533, 25.49886713516835 ], [ -103.584819387288533, 25.494562847435752 ], [ -103.589391860996798, 25.494562847435752 ], [ -103.589391860996798, 25.49886713516835 ] ] ] } },
{ "type": "Feature", "properties": { "difference_1990_2000": 468.0, "difference_1990_2010": 884.0, "difference_1990_2020": 1148.0 }, "geometry": { "type": "Polygon", "coordinates": [ [ [ -103.223593964334725, 25.520390862885513 ], [ -103.219021490626446, 25.520390862885513 ], [ -103.219021490626446, 25.516085812000036 ], [ -103.223593964334725, 25.516085812000011 ], [ -103.223593964334725, 25.520390862885513 ] ] ] } },
{ "type": "Feature", "properties": { "difference_1990_2000": 71.0, "difference_1990_2010": 164.0, "difference_1990_2020": 254.0 }, "geometry": { "type": "Polygon", "coordinates": [ [ [ -103.223593964334725, 25.516085812000011 ], [ -103.219021490626446, 25.516085812000036 ], [ -103.219021490626446, 25.511780913825994 ], [ -103.223593964334725, 25.511780913825994 ], [ -103.223593964334725, 25.516085812000011 ] ] ] } },
{ "type": "Feature", "properties": { "difference_1990_2000": 616.0, "difference_1990_2010": 1064.0, "difference_1990_2020": 1209.0 }, "geometry": { "type": "Polygon", "coordinates": [ [ [ -103.223593964334725, 25.524696066522957 ], [ -103.219021490626446, 25.524696066522957 ], [ -103.219021490626446, 25.520390862885513 ], [ -103.223593964334725, 25.520390862885513 ], [ -103.223593964334725, 25.524696066522957 ] ] ] } },
{ "type": "Feature", "properties": { "difference_1990_2000": 2.0, "difference_1990_2010": 0.0, "difference_1990_2020": 10.0 }, "geometry": { "type": "Polygon", "coordinates": [ [ [ -103.223593964334725, 25.503171575450629 ], [ -103.219021490626446, 25.503171575450629 ], [ -103.219021490626446, 25.49886713516835 ], [ -103.223593964334725, 25.49886713516835 ], [ -103.223593964334725, 25.503171575450629 ] ] ] } },
{ "type": "Feature", "properties": { "difference_1990_2000": 8.0, "difference_1990_2010": -9.0, "difference_1990_2020": 39.0 }, "geometry": { "type": "Polygon", "coordinates": [ [ [ -103.223593964334725, 25.507476168323041 ], [ -103.219021490626446, 25.507476168323041 ], [ -103.219021490626446, 25.503171575450629 ], [ -103.223593964334725, 25.503171575450629 ], [ -103.223593964334725, 25.507476168323041 ] ] ] } },
{ "type": "Feature", "properties": { "difference_1990_2000": 25.0, "difference_1990_2010": 62.0, "difference_1990_2020": 121.0 }, "geometry": { "type": "Polygon", "coordinates": [ [ [ -103.223593964334725, 25.511780913825994 ], [ -103.219021490626446, 25.511780913825994 ], [ -103.219021490626446, 25.507476168323041 ], [ -103.223593964334725, 25.507476168323041 ], [ -103.223593964334725, 25.511780913825994 ] ] ] } },
{ "type": "Feature", "properties": { "difference_1990_2000": 468.0, "difference_1990_2010": 649.0, "difference_1990_2020": 690.0 }, "geometry": { "type": "Polygon", "coordinates": [ [ [ -103.223593964334725, 25.529001422952906 ], [ -103.219021490626446, 25.529001422952906 ], [ -103.219021490626446, 25.524696066522957 ], [ -103.223593964334725, 25.524696066522957 ], [ -103.223593964334725, 25.529001422952906 ] ] ] } },
{ "type": "Feature", "properties": { "difference_1990_2000": -2.0, "difference_1990_2010": -30.0, "difference_1990_2020": 72.0 }, "geometry": { "type": "Polygon", "coordinates": [ [ [ -103.223593964334725, 25.533306932215755 ], [ -103.219021490626446, 25.533306932215755 ], [ -103.219021490626446, 25.529001422952906 ], [ -103.223593964334725, 25.529001422952906 ], [ -103.223593964334725, 25.533306932215755 ] ] ] } },
{ "type": "Feature", "properties": { "difference_1990_2000": 6.0, "difference_1990_2010": 4.0, "difference_1990_2020": 12.0 }, "geometry": { "type": "Polygon", "coordinates": [ [ [ -103.223593964334725, 25.541918409402399 ], [ -103.219021490626446, 25.541918409402399 ], [ -103.219021490626446, 25.537612594352115 ], [ -103.223593964334725, 25.537612594352051 ], [ -103.223593964334725, 25.541918409402399 ] ] ] } },
{ "type": "Feature", "properties": { "difference_1990_2000": 9.0, "difference_1990_2010": -11.0, "difference_1990_2020": 123.0 }, "geometry": { "type": "Polygon", "coordinates": [ [ [ -103.223593964334725, 25.537612594352051 ], [ -103.219021490626446, 25.537612594352115 ], [ -103.219021490626446, 25.533306932215755 ], [ -103.223593964334725, 25.533306932215755 ], [ -103.223593964334725, 25.537612594352051 ] ] ] } },
{ "type": "Feature", "properties": { "difference_1990_2000": 15.0, "difference_1990_2010": 11.0, "difference_1990_2020": 27.0 }, "geometry": { "type": "Polygon", "coordinates": [ [ [ -103.223593964334725, 25.54622437740721 ], [ -103.219021490626446, 25.54622437740721 ], [ -103.219021490626446, 25.541918409402399 ], [ -103.223593964334725, 25.541918409402399 ], [ -103.223593964334725, 25.54622437740721 ] ] ] } },
{ "type": "Feature", "properties": { "difference_1990_2000": 986.0, "difference_1990_2010": 720.0, "difference_1990_2020": 549.0 }, "geometry": { "type": "Polygon", "coordinates": [ [ [ -103.401920438957475, 25.520390862885538 ], [ -103.397347965249224, 25.520390862885499 ], [ -103.397347965249224, 25.516085812000011 ], [ -103.401920438957475, 25.516085812000036 ], [ -103.401920438957475, 25.520390862885538 ] ] ] } },
{ "type": "Feature", "properties": { "difference_1990_2000": 10.0, "difference_1990_2010": 32.0, "difference_1990_2020": 157.0 }, "geometry": { "type": "Polygon", "coordinates": [ [ [ -103.401920438957475, 25.60652401241903 ], [ -103.397347965249224, 25.606524012419019 ], [ -103.397347965249224, 25.602215898789581 ], [ -103.401920438957475, 25.602215898789581 ], [ -103.401920438957475, 25.60652401241903 ] ] ] } },
{ "type": "Feature", "properties": { "difference_1990_2000": 2.0, "difference_1990_2010": 10.0, "difference_1990_2020": -1.0 }, "geometry": { "type": "Polygon", "coordinates": [ [ [ -103.401920438957475, 25.490258712212455 ], [ -103.397347965249224, 25.490258712212455 ], [ -103.397347965249224, 25.485954729457973 ], [ -103.401920438957475, 25.485954729458008 ], [ -103.401920438957475, 25.490258712212455 ] ] ] } },
{ "type": "Feature", "properties": { "difference_1990_2000": -1.0, "difference_1990_2010": -7.0, "difference_1990_2020": -8.0 }, "geometry": { "type": "Polygon", "coordinates": [ [ [ -103.401920438957475, 25.589292478876903 ], [ -103.397347965249224, 25.589292478876903 ], [ -103.397347965249224, 25.584984979095623 ], [ -103.401920438957475, 25.584984979095623 ], [ -103.401920438957475, 25.589292478876903 ] ] ] } },
{ "type": "Feature", "properties": { "difference_1990_2000": -134.0, "difference_1990_2010": -206.0, "difference_1990_2020": -312.0 }, "geometry": { "type": "Polygon", "coordinates": [ [ [ -103.401920438957475, 25.554836772442435 ], [ -103.397347965249224, 25.554836772442435 ], [ -103.397347965249224, 25.550530498407017 ], [ -103.401920438957475, 25.550530498407017 ], [ -103.401920438957475, 25.554836772442435 ] ] ] } },
{ "type": "Feature", "properties": { "difference_1990_2000": 42.0, "difference_1990_2010": 76.0, "difference_1990_2020": 68.0 }, "geometry": { "type": "Polygon", "coordinates": [ [ [ -103.401920438957475, 25.580677632674668 ], [ -103.397347965249224, 25.580677632674703 ], [ -103.397347965249224, 25.576370439573555 ], [ -103.401920438957475, 25.576370439573555 ], [ -103.401920438957475, 25.580677632674668 ] ] ] } },
{ "type": "Feature", "properties": { "difference_1990_2000": 1009.0, "difference_1990_2010": 867.0, "difference_1990_2020": 760.0 }, "geometry": { "type": "Polygon", "coordinates": [ [ [ -103.401920438957475, 25.516085812000036 ], [ -103.397347965249224, 25.516085812000011 ], [ -103.397347965249224, 25.511780913825994 ], [ -103.401920438957475, 25.511780913825994 ], [ -103.401920438957475, 25.516085812000036 ] ] ] } },
{ "type": "Feature", "properties": { "difference_1990_2000": 380.0, "difference_1990_2010": 134.0, "difference_1990_2020": -98.0 }, "geometry": { "type": "Polygon", "coordinates": [ [ [ -103.401920438957475, 25.524696066522957 ], [ -103.397347965249224, 25.524696066522996 ], [ -103.397347965249224, 25.520390862885499 ], [ -103.401920438957475, 25.520390862885538 ], [ -103.401920438957475, 25.524696066522957 ] ] ] } },
{ "type": "Feature", "properties": { "difference_1990_2000": 1006.0, "difference_1990_2010": 1473.0, "difference_1990_2020": 1545.0 }, "geometry": { "type": "Polygon", "coordinates": [ [ [ -103.401920438957475, 25.503171575450629 ], [ -103.397347965249224, 25.503171575450629 ], [ -103.397347965249224, 25.49886713516835 ], [ -103.401920438957475, 25.49886713516835 ], [ -103.401920438957475, 25.503171575450629 ] ] ] } },
{ "type": "Feature", "properties": { "difference_1990_2000": 0.0, "difference_1990_2010": 60.0, "difference_1990_2020": 191.0 }, "geometry": { "type": "Polygon", "coordinates": [ [ [ -103.401920438957475, 25.628066884836109 ], [ -103.397347965249224, 25.628066884836095 ], [ -103.397347965249224, 25.623758002980942 ], [ -103.401920438957475, 25.623758002980942 ], [ -103.401920438957475, 25.628066884836109 ] ] ] } },
{ "type": "Feature", "properties": { "difference_1990_2000": 1381.0, "difference_1990_2010": 1754.0, "difference_1990_2020": 1665.0 }, "geometry": { "type": "Polygon", "coordinates": [ [ [ -103.401920438957475, 25.507476168323041 ], [ -103.397347965249224, 25.507476168323048 ], [ -103.397347965249224, 25.503171575450629 ], [ -103.401920438957475, 25.503171575450629 ], [ -103.401920438957475, 25.507476168323041 ] ] ] } },
{ "type": "Feature", "properties": { "difference_1990_2000": -1.0, "difference_1990_2010": -7.0, "difference_1990_2020": -8.0 }, "geometry": { "type": "Polygon", "coordinates": [ [ [ -103.401920438957475, 25.593600132059201 ], [ -103.397347965249224, 25.593600132059237 ], [ -103.397347965249224, 25.589292478876903 ], [ -103.401920438957475, 25.589292478876903 ], [ -103.401920438957475, 25.593600132059201 ] ] ] } },
{ "type": "Feature", "properties": { "difference_1990_2000": 26.0, "difference_1990_2010": 65.0, "difference_1990_2020": 158.0 }, "geometry": { "type": "Polygon", "coordinates": [ [ [ -103.401920438957475, 25.610832279612154 ], [ -103.397347965249224, 25.610832279612154 ], [ -103.397347965249224, 25.606524012419019 ], [ -103.401920438957475, 25.60652401241903 ], [ -103.401920438957475, 25.610832279612154 ] ] ] } },
{ "type": "Feature", "properties": { "difference_1990_2000": 31.0, "difference_1990_2010": 100.0, "difference_1990_2020": 116.0 }, "geometry": { "type": "Polygon", "coordinates": [ [ [ -103.401920438957475, 25.576370439573555 ], [ -103.397347965249224, 25.576370439573555 ], [ -103.397347965249224, 25.572063399751546 ], [ -103.401920438957475, 25.572063399751524 ], [ -103.401920438957475, 25.576370439573555 ] ] ] } },
{ "type": "Feature", "properties": { "difference_1990_2000": 561.0, "difference_1990_2010": 501.0, "difference_1990_2020": 452.0 }, "geometry": { "type": "Polygon", "coordinates": [ [ [ -103.401920438957475, 25.511780913825994 ], [ -103.397347965249224, 25.511780913825994 ], [ -103.397347965249224, 25.507476168323048 ], [ -103.401920438957475, 25.507476168323041 ], [ -103.401920438957475, 25.511780913825994 ] ] ] } },
{ "type": "Feature", "properties": { "difference_1990_2000": 12.0, "difference_1990_2010": 68.0, "difference_1990_2020": 88.0 }, "geometry": { "type": "Polygon", "coordinates": [ [ [ -103.401920438957475, 25.559143199554043 ], [ -103.397347965249224, 25.559143199554043 ], [ -103.397347965249224, 25.554836772442435 ], [ -103.401920438957475, 25.554836772442435 ], [ -103.401920438957475, 25.559143199554043 ] ] ] } },
{ "type": "Feature", "properties": { "difference_1990_2000": 129.0, "difference_1990_2010": 214.0, "difference_1990_2020": 240.0 }, "geometry": { "type": "Polygon", "coordinates": [ [ [ -103.401920438957475, 25.563449779782381 ], [ -103.397347965249224, 25.563449779782381 ], [ -103.397347965249224, 25.559143199554043 ], [ -103.401920438957475, 25.559143199554043 ], [ -103.401920438957475, 25.563449779782381 ] ] ] } },
{ "type": "Feature", "properties": { "difference_1990_2000": 0.0, "difference_1990_2010": 96.0, "difference_1990_2020": 249.0 }, "geometry": { "type": "Polygon", "coordinates": [ [ [ -103.401920438957475, 25.619449274852371 ], [ -103.397347965249224, 25.619449274852371 ], [ -103.397347965249224, 25.615140700409697 ], [ -103.401920438957475, 25.615140700409697 ], [ -103.401920438957475, 25.619449274852371 ] ] ] } },
{ "type": "Feature", "properties": { "difference_1990_2000": 746.0, "difference_1990_2010": 578.0, "difference_1990_2020": 502.0 }, "geometry": { "type": "Polygon", "coordinates": [ [ [ -103.401920438957475, 25.494562847435752 ], [ -103.397347965249224, 25.494562847435752 ], [ -103.397347965249224, 25.490258712212455 ], [ -103.401920438957475, 25.490258712212455 ], [ -103.401920438957475, 25.494562847435752 ] ] ] } },
{ "type": "Feature", "properties": { "difference_1990_2000": -1.0, "difference_1990_2010": 133.0, "difference_1990_2020": 173.0 }, "geometry": { "type": "Polygon", "coordinates": [ [ [ -103.401920438957475, 25.602215898789581 ], [ -103.397347965249224, 25.602215898789581 ], [ -103.397347965249224, 25.597907938683242 ], [ -103.401920438957475, 25.597907938683242 ], [ -103.401920438957475, 25.602215898789581 ] ] ] } },
{ "type": "Feature", "properties": { "difference_1990_2000": 15.0, "difference_1990_2010": 74.0, "difference_1990_2020": 196.0 }, "geometry": { "type": "Polygon", "coordinates": [ [ [ -103.401920438957475, 25.615140700409697 ], [ -103.397347965249224, 25.615140700409697 ], [ -103.397347965249224, 25.610832279612154 ], [ -103.401920438957475, 25.610832279612154 ], [ -103.401920438957475, 25.615140700409697 ] ] ] } },
{ "type": "Feature", "properties": { "difference_1990_2000": 20.0, "difference_1990_2010": 83.0, "difference_1990_2020": 106.0 }, "geometry": { "type": "Polygon", "coordinates": [ [ [ -103.401920438957475, 25.567756513167971 ], [ -103.397347965249224, 25.567756513167971 ], [ -103.397347965249224, 25.563449779782381 ], [ -103.401920438957475, 25.563449779782381 ], [ -103.401920438957475, 25.567756513167971 ] ] ] } },
{ "type": "Feature", "properties": { "difference_1990_2000": 566.0, "difference_1990_2010": 422.0, "difference_1990_2020": 210.0 }, "geometry": { "type": "Polygon", "coordinates": [ [ [ -103.401920438957475, 25.529001422952906 ], [ -103.397347965249224, 25.529001422952906 ], [ -103.397347965249224, 25.524696066522996 ], [ -103.401920438957475, 25.524696066522957 ], [ -103.401920438957475, 25.529001422952906 ] ] ] } },
{ "type": "Feature", "properties": { "difference_1990_2000": 328.0, "difference_1990_2010": 587.0, "difference_1990_2020": 487.0 }, "geometry": { "type": "Polygon", "coordinates": [ [ [ -103.401920438957475, 25.533306932215755 ], [ -103.397347965249224, 25.533306932215755 ], [ -103.397347965249224, 25.529001422952906 ], [ -103.401920438957475, 25.529001422952906 ], [ -103.401920438957475, 25.533306932215755 ] ] ] } },
{ "type": "Feature", "properties": { "difference_1990_2000": -2.0, "difference_1990_2010": 37.0, "difference_1990_2020": 64.0 }, "geometry": { "type": "Polygon", "coordinates": [ [ [ -103.401920438957475, 25.597907938683242 ], [ -103.397347965249224, 25.597907938683242 ], [ -103.397347965249224, 25.593600132059237 ], [ -103.401920438957475, 25.593600132059201 ], [ -103.401920438957475, 25.597907938683242 ] ] ] } },
{ "type": "Feature", "properties": { "difference_1990_2000": 1105.0, "difference_1990_2010": 1138.0, "difference_1990_2020": 1010.0 }, "geometry": { "type": "Polygon", "coordinates": [ [ [ -103.401920438957475, 25.541918409402399 ], [ -103.397347965249224, 25.541918409402399 ], [ -103.397347965249224, 25.537612594352098 ], [ -103.401920438957475, 25.537612594352115 ], [ -103.401920438957475, 25.541918409402399 ] ] ] } },
{ "type": "Feature", "properties": { "difference_1990_2000": 0.0, "difference_1990_2010": 0.0, "difference_1990_2020": 12.0 }, "geometry": { "type": "Polygon", "coordinates": [ [ [ -103.401920438957475, 25.632375920458635 ], [ -103.397347965249224, 25.632375920458614 ], [ -103.397347965249224, 25.628066884836095 ], [ -103.401920438957475, 25.628066884836109 ], [ -103.401920438957475, 25.632375920458635 ] ] ] } },
{ "type": "Feature", "properties": { "difference_1990_2000": -3.0, "difference_1990_2010": -3.0, "difference_1990_2020": -3.0 }, "geometry": { "type": "Polygon", "coordinates": [ [ [ -103.401920438957475, 25.485954729458008 ], [ -103.397347965249224, 25.485954729457973 ], [ -103.397347965249224, 25.481650899131953 ], [ -103.401920438957475, 25.481650899131953 ], [ -103.401920438957475, 25.485954729458008 ] ] ] } },
{ "type": "Feature", "properties": { "difference_1990_2000": 217.0, "difference_1990_2010": 27.0, "difference_1990_2020": -201.0 }, "geometry": { "type": "Polygon", "coordinates": [ [ [ -103.401920438957475, 25.550530498407017 ], [ -103.397347965249224, 25.550530498407017 ], [ -103.397347965249224, 25.54622437740721 ], [ -103.401920438957475, 25.54622437740721 ], [ -103.401920438957475, 25.550530498407017 ] ] ] } },
{ "type": "Feature", "properties": { "difference_1990_2000": 17.0, "difference_1990_2010": 80.0, "difference_1990_2020": 102.0 }, "geometry": { "type": "Polygon", "coordinates": [ [ [ -103.401920438957475, 25.572063399751524 ], [ -103.397347965249224, 25.572063399751546 ], [ -103.397347965249224, 25.567756513167971 ], [ -103.401920438957475, 25.567756513167971 ], [ -103.401920438957475, 25.572063399751524 ] ] ] } },
{ "type": "Feature", "properties": { "difference_1990_2000": 0.0, "difference_1990_2010": 104.0, "difference_1990_2020": 268.0 }, "geometry": { "type": "Polygon", "coordinates": [ [ [ -103.401920438957475, 25.623758002980942 ], [ -103.397347965249224, 25.623758002980942 ], [ -103.397347965249224, 25.619449274852371 ], [ -103.401920438957475, 25.619449274852371 ], [ -103.401920438957475, 25.623758002980942 ] ] ] } },
{ "type": "Feature", "properties": { "difference_1990_2000": 1263.0, "difference_1990_2010": 1322.0, "difference_1990_2020": 1397.0 }, "geometry": { "type": "Polygon", "coordinates": [ [ [ -103.401920438957475, 25.49886713516835 ], [ -103.397347965249224, 25.49886713516835 ], [ -103.397347965249224, 25.494562847435752 ], [ -103.401920438957475, 25.494562847435752 ], [ -103.401920438957475, 25.49886713516835 ] ] ] } },
{ "type": "Feature", "properties": { "difference_1990_2000": 1800.0, "difference_1990_2010": 1592.0, "difference_1990_2020": 1229.0 }, "geometry": { "type": "Polygon", "coordinates": [ [ [ -103.401920438957475, 25.54622437740721 ], [ -103.397347965249224, 25.54622437740721 ], [ -103.397347965249224, 25.541918409402399 ], [ -103.401920438957475, 25.541918409402399 ], [ -103.401920438957475, 25.54622437740721 ] ] ] } },
{ "type": "Feature", "properties": { "difference_1990_2000": -1.0, "difference_1990_2010": -7.0, "difference_1990_2020": -8.0 }, "geometry": { "type": "Polygon", "coordinates": [ [ [ -103.401920438957475, 25.584984979095623 ], [ -103.397347965249224, 25.584984979095623 ], [ -103.397347965249224, 25.580677632674703 ], [ -103.401920438957475, 25.580677632674668 ], [ -103.401920438957475, 25.584984979095623 ] ] ] } },
{ "type": "Feature", "properties": { "difference_1990_2000": 384.0, "difference_1990_2010": 453.0, "difference_1990_2020": 372.0 }, "geometry": { "type": "Polygon", "coordinates": [ [ [ -103.401920438957475, 25.537612594352115 ], [ -103.397347965249224, 25.537612594352098 ], [ -103.397347965249224, 25.533306932215755 ], [ -103.401920438957475, 25.533306932215755 ], [ -103.401920438957475, 25.537612594352115 ] ] ] } },
{ "type": "Feature", "properties": { "difference_1990_2000": 0.0, "difference_1990_2010": 0.0, "difference_1990_2020": 1.0 }, "geometry": { "type": "Polygon", "coordinates": [ [ [ -103.401920438957475, 25.636685109889179 ], [ -103.397347965249224, 25.636685109889147 ], [ -103.397347965249224, 25.632375920458614 ], [ -103.401920438957475, 25.632375920458635 ], [ -103.401920438957475, 25.636685109889179 ] ] ] } },
{ "type": "Feature", "properties": { "difference_1990_2000": 0.0, "difference_1990_2010": -4.0, "difference_1990_2020": 0.0 }, "geometry": { "type": "Polygon", "coordinates": [ [ [ -103.580246913580254, 25.490258712212427 ], [ -103.575674439871975, 25.490258712212455 ], [ -103.575674439871975, 25.485954729457973 ], [ -103.580246913580254, 25.485954729457927 ], [ -103.580246913580254, 25.490258712212427 ] ] ] } },
{ "type": "Feature", "properties": { "difference_1990_2000": 0.0, "difference_1990_2010": -17.0, "difference_1990_2020": -3.0 }, "geometry": { "type": "Polygon", "coordinates": [ [ [ -103.580246913580254, 25.494562847435752 ], [ -103.575674439871975, 25.494562847435752 ], [ -103.575674439871975, 25.490258712212455 ], [ -103.580246913580254, 25.490258712212427 ], [ -103.580246913580254, 25.494562847435752 ] ] ] } },
{ "type": "Feature", "properties": { "difference_1990_2000": -33.0, "difference_1990_2010": -6.0, "difference_1990_2020": 2.0 }, "geometry": { "type": "Polygon", "coordinates": [ [ [ -103.580246913580254, 25.49886713516835 ], [ -103.575674439871975, 25.49886713516835 ], [ -103.575674439871975, 25.494562847435752 ], [ -103.580246913580254, 25.494562847435752 ], [ -103.580246913580254, 25.49886713516835 ] ] ] } },
{ "type": "Feature", "properties": { "difference_1990_2000": 0.0, "difference_1990_2010": 7.0, "difference_1990_2020": 13.0 }, "geometry": { "type": "Polygon", "coordinates": [ [ [ -103.214449016918167, 25.520390862885513 ], [ -103.209876543209873, 25.520390862885538 ], [ -103.209876543209873, 25.516085812000036 ], [ -103.214449016918167, 25.516085812000036 ], [ -103.214449016918167, 25.520390862885513 ] ] ] } },
{ "type": "Feature", "properties": { "difference_1990_2000": 0.0, "difference_1990_2010": 172.0, "difference_1990_2020": 303.0 }, "geometry": { "type": "Polygon", "coordinates": [ [ [ -103.214449016918167, 25.524696066522996 ], [ -103.209876543209873, 25.524696066523017 ], [ -103.209876543209873, 25.520390862885538 ], [ -103.214449016918167, 25.520390862885513 ], [ -103.214449016918167, 25.524696066522996 ] ] ] } },
{ "type": "Feature", "properties": { "difference_1990_2000": 0.0, "difference_1990_2010": 221.0, "difference_1990_2020": 510.0 }, "geometry": { "type": "Polygon", "coordinates": [ [ [ -103.214449016918167, 25.529001422952906 ], [ -103.209876543209873, 25.529001422952941 ], [ -103.209876543209873, 25.524696066523017 ], [ -103.214449016918167, 25.524696066522996 ], [ -103.214449016918167, 25.529001422952906 ] ] ] } },
{ "type": "Feature", "properties": { "difference_1990_2000": 0.0, "difference_1990_2010": 146.0, "difference_1990_2020": 662.0 }, "geometry": { "type": "Polygon", "coordinates": [ [ [ -103.214449016918167, 25.533306932215755 ], [ -103.209876543209873, 25.53330693221579 ], [ -103.209876543209873, 25.529001422952941 ], [ -103.214449016918167, 25.529001422952906 ], [ -103.214449016918167, 25.533306932215755 ] ] ] } },
{ "type": "Feature", "properties": { "difference_1990_2000": 0.0, "difference_1990_2010": 22.0, "difference_1990_2020": 98.0 }, "geometry": { "type": "Polygon", "coordinates": [ [ [ -103.214449016918167, 25.537612594352098 ], [ -103.209876543209873, 25.537612594352098 ], [ -103.209876543209873, 25.53330693221579 ], [ -103.214449016918167, 25.533306932215755 ], [ -103.214449016918167, 25.537612594352098 ] ] ] } },
{ "type": "Feature", "properties": { "difference_1990_2000": 745.0, "difference_1990_2010": 970.0, "difference_1990_2020": 889.0 }, "geometry": { "type": "Polygon", "coordinates": [ [ [ -103.392775491540945, 25.520390862885513 ], [ -103.388203017832666, 25.520390862885513 ], [ -103.388203017832666, 25.516085812000011 ], [ -103.392775491540945, 25.516085812000011 ], [ -103.392775491540945, 25.520390862885513 ] ] ] } },
{ "type": "Feature", "properties": { "difference_1990_2000": -1.0, "difference_1990_2010": 34.0, "difference_1990_2020": 63.0 }, "geometry": { "type": "Polygon", "coordinates": [ [ [ -103.392775491540945, 25.606524012418983 ], [ -103.388203017832666, 25.606524012419019 ], [ -103.388203017832666, 25.602215898789581 ], [ -103.392775491540945, 25.602215898789574 ], [ -103.392775491540945, 25.606524012418983 ] ] ] } },
{ "type": "Feature", "properties": { "difference_1990_2000": -1.0, "difference_1990_2010": -7.0, "difference_1990_2020": -8.0 }, "geometry": { "type": "Polygon", "coordinates": [ [ [ -103.392775491540945, 25.589292478876875 ], [ -103.388203017832666, 25.589292478876903 ], [ -103.388203017832666, 25.584984979095623 ], [ -103.392775491540945, 25.584984979095623 ], [ -103.392775491540945, 25.589292478876875 ] ] ] } },
{ "type": "Feature", "properties": { "difference_1990_2000": -3.0, "difference_1990_2010": -3.0, "difference_1990_2020": -3.0 }, "geometry": { "type": "Polygon", "coordinates": [ [ [ -103.392775491540945, 25.490258712212455 ], [ -103.388203017832666, 25.490258712212455 ], [ -103.388203017832666, 25.485954729457973 ], [ -103.392775491540945, 25.485954729457927 ], [ -103.392775491540945, 25.490258712212455 ] ] ] } },
{ "type": "Feature", "properties": { "difference_1990_2000": 43.0, "difference_1990_2010": 606.0, "difference_1990_2020": 734.0 }, "geometry": { "type": "Polygon", "coordinates": [ [ [ -103.392775491540945, 25.554836772442435 ], [ -103.388203017832666, 25.554836772442435 ], [ -103.388203017832666, 25.550530498407017 ], [ -103.392775491540945, 25.550530498407017 ], [ -103.392775491540945, 25.554836772442435 ] ] ] } },
{ "type": "Feature", "properties": { "difference_1990_2000": 0.0, "difference_1990_2010": 0.0, "difference_1990_2020": 1.0 }, "geometry": { "type": "Polygon", "coordinates": [ [ [ -103.392775491540945, 25.645303950337773 ], [ -103.388203017832666, 25.645303950337773 ], [ -103.388203017832666, 25.640994453168624 ], [ -103.392775491540945, 25.640994453168641 ], [ -103.392775491540945, 25.645303950337773 ] ] ] } },
{ "type": "Feature", "properties": { "difference_1990_2000": 921.0, "difference_1990_2010": 1269.0, "difference_1990_2020": 1233.0 }, "geometry": { "type": "Polygon", "coordinates": [ [ [ -103.392775491540945, 25.516085812000011 ], [ -103.388203017832666, 25.516085812000011 ], [ -103.388203017832666, 25.511780913825994 ], [ -103.392775491540945, 25.511780913825994 ], [ -103.392775491540945, 25.516085812000011 ] ] ] } },
{ "type": "Feature", "properties": { "difference_1990_2000": -1.0, "difference_1990_2010": 28.0, "difference_1990_2020": 118.0 }, "geometry": { "type": "Polygon", "coordinates": [ [ [ -103.392775491540945, 25.580677632674668 ], [ -103.388203017832666, 25.580677632674703 ], [ -103.388203017832666, 25.576370439573534 ], [ -103.392775491540945, 25.576370439573555 ], [ -103.392775491540945, 25.580677632674668 ] ] ] } },
{ "type": "Feature", "properties": { "difference_1990_2000": 0.0, "difference_1990_2010": 39.0, "difference_1990_2020": 131.0 }, "geometry": { "type": "Polygon", "coordinates": [ [ [ -103.392775491540945, 25.628066884836056 ], [ -103.388203017832666, 25.628066884836095 ], [ -103.388203017832666, 25.62375800298096 ], [ -103.392775491540945, 25.62375800298096 ], [ -103.392775491540945, 25.628066884836056 ] ] ] } },
{ "type": "Feature", "properties": { "difference_1990_2000": 1307.0, "difference_1990_2010": 999.0, "difference_1990_2020": 723.0 }, "geometry": { "type": "Polygon", "coordinates": [ [ [ -103.392775491540945, 25.524696066522942 ], [ -103.388203017832666, 25.524696066522942 ], [ -103.388203017832666, 25.520390862885513 ], [ -103.392775491540945, 25.520390862885513 ], [ -103.392775491540945, 25.524696066522942 ] ] ] } },
{ "type": "Feature", "properties": { "difference_1990_2000": 276.0, "difference_1990_2010": 351.0, "difference_1990_2020": 388.0 }, "geometry": { "type": "Polygon", "coordinates": [ [ [ -103.392775491540945, 25.692718587586857 ], [ -103.388203017832666, 25.692718587586878 ], [ -103.388203017832666, 25.688407394937425 ], [ -103.392775491540945, 25.688407394937425 ], [ -103.392775491540945, 25.692718587586857 ] ] ] } },
{ "type": "Feature", "properties": { "difference_1990_2000": 1094.0, "difference_1990_2010": 1947.0, "difference_1990_2020": 1997.0 }, "geometry": { "type": "Polygon", "coordinates": [ [ [ -103.392775491540945, 25.503171575450629 ], [ -103.388203017832666, 25.503171575450629 ], [ -103.388203017832666, 25.49886713516835 ], [ -103.392775491540945, 25.49886713516835 ], [ -103.392775491540945, 25.503171575450629 ] ] ] } },
{ "type": "Feature", "properties": { "difference_1990_2000": -2.0, "difference_1990_2010": -2.0, "difference_1990_2020": -2.0 }, "geometry": { "type": "Polygon", "coordinates": [ [ [ -103.392775491540945, 25.481650899131953 ], [ -103.388203017832666, 25.481650899131953 ], [ -103.388203017832666, 25.477347221194059 ], [ -103.392775491540945, 25.477347221194059 ], [ -103.392775491540945, 25.481650899131953 ] ] ] } },
{ "type": "Feature", "properties": { "difference_1990_2000": 2924.0, "difference_1990_2010": 3054.0, "difference_1990_2020": 2766.0 }, "geometry": { "type": "Polygon", "coordinates": [ [ [ -103.392775491540945, 25.507476168323041 ], [ -103.388203017832666, 25.507476168323006 ], [ -103.388203017832666, 25.503171575450629 ], [ -103.392775491540945, 25.503171575450629 ], [ -103.392775491540945, 25.507476168323041 ] ] ] } },
{ "type": "Feature", "properties": { "difference_1990_2000": 67.0, "difference_1990_2010": 79.0, "difference_1990_2020": 93.0 }, "geometry": { "type": "Polygon", "coordinates": [ [ [ -103.392775491540945, 25.697029934616165 ], [ -103.388203017832666, 25.697029934616165 ], [ -103.388203017832666, 25.692718587586878 ], [ -103.392775491540945, 25.692718587586878 ], [ -103.392775491540945, 25.697029934616165 ] ] ] } },
{ "type": "Feature", "properties": { "difference_1990_2000": -1.0, "difference_1990_2010": 6.0, "difference_1990_2020": 24.0 }, "geometry": { "type": "Polygon", "coordinates": [ [ [ -103.392775491540945, 25.59360013205918 ], [ -103.388203017832666, 25.593600132059201 ], [ -103.388203017832666, 25.589292478876903 ], [ -103.392775491540945, 25.589292478876875 ], [ -103.392775491540945, 25.59360013205918 ] ] ] } },
{ "type": "Feature", "properties": { "difference_1990_2000": 0.0, "difference_1990_2010": 260.0, "difference_1990_2020": 403.0 }, "geometry": { "type": "Polygon", "coordinates": [ [ [ -103.392775491540945, 25.610832279612154 ], [ -103.388203017832666, 25.610832279612154 ], [ -103.388203017832666, 25.606524012419019 ], [ -103.392775491540945, 25.606524012418983 ], [ -103.392775491540945, 25.610832279612154 ] ] ] } },
{ "type": "Feature", "properties": { "difference_1990_2000": -12.0, "difference_1990_2010": 196.0, "difference_1990_2020": 524.0 }, "geometry": { "type": "Polygon", "coordinates": [ [ [ -103.392775491540945, 25.576370439573555 ], [ -103.388203017832666, 25.576370439573534 ], [ -103.388203017832666, 25.572063399751524 ], [ -103.392775491540945, 25.572063399751489 ], [ -103.392775491540945, 25.576370439573555 ] ] ] } },
{ "type": "Feature", "properties": { "difference_1990_2000": 1475.0, "difference_1990_2010": 1842.0, "difference_1990_2020": 1805.0 }, "geometry": { "type": "Polygon", "coordinates": [ [ [ -103.392775491540945, 25.511780913825994 ], [ -103.388203017832666, 25.511780913825994 ], [ -103.388203017832666, 25.507476168323006 ], [ -103.392775491540945, 25.507476168323041 ], [ -103.392775491540945, 25.511780913825994 ] ] ] } },
{ "type": "Feature", "properties": { "difference_1990_2000": 250.0, "difference_1990_2010": 547.0, "difference_1990_2020": 939.0 }, "geometry": { "type": "Polygon", "coordinates": [ [ [ -103.392775491540945, 25.563449779782346 ], [ -103.388203017832666, 25.563449779782346 ], [ -103.388203017832666, 25.559143199554043 ], [ -103.392775491540945, 25.559143199554043 ], [ -103.392775491540945, 25.563449779782346 ] ] ] } },
{ "type": "Feature", "properties": { "difference_1990_2000": 118.0, "difference_1990_2010": 751.0, "difference_1990_2020": 977.0 }, "geometry": { "type": "Polygon", "coordinates": [ [ [ -103.392775491540945, 25.559143199554043 ], [ -103.388203017832666, 25.559143199554043 ], [ -103.388203017832666, 25.554836772442435 ], [ -103.392775491540945, 25.554836772442435 ], [ -103.392775491540945, 25.559143199554043 ] ] ] } },
{ "type": "Feature", "properties": { "difference_1990_2000": 0.0, "difference_1990_2010": 125.0, "difference_1990_2020": 245.0 }, "geometry": { "type": "Polygon", "coordinates": [ [ [ -103.392775491540945, 25.619449274852371 ], [ -103.388203017832666, 25.619449274852371 ], [ -103.388203017832666, 25.615140700409697 ], [ -103.392775491540945, 25.615140700409665 ], [ -103.392775491540945, 25.619449274852371 ] ] ] } },
{ "type": "Feature", "properties": { "difference_1990_2000": 37.0, "difference_1990_2010": 215.0, "difference_1990_2020": 234.0 }, "geometry": { "type": "Polygon", "coordinates": [ [ [ -103.392775491540945, 25.494562847435752 ], [ -103.388203017832666, 25.494562847435752 ], [ -103.388203017832666, 25.490258712212455 ], [ -103.392775491540945, 25.490258712212455 ], [ -103.392775491540945, 25.494562847435752 ] ] ] } },
{ "type": "Feature", "properties": { "difference_1990_2000": 263.0, "difference_1990_2010": 325.0, "difference_1990_2020": 370.0 }, "geometry": { "type": "Polygon", "coordinates": [ [ [ -103.392775491540945, 25.688407394937425 ], [ -103.388203017832666, 25.688407394937425 ], [ -103.388203017832666, 25.684096356626821 ], [ -103.392775491540945, 25.684096356626814 ], [ -103.392775491540945, 25.688407394937425 ] ] ] } },
{ "type": "Feature", "properties": { "difference_1990_2000": 0.0, "difference_1990_2010": 417.0, "difference_1990_2020": 799.0 }, "geometry": { "type": "Polygon", "coordinates": [ [ [ -103.392775491540945, 25.615140700409665 ], [ -103.388203017832666, 25.615140700409697 ], [ -103.388203017832666, 25.610832279612154 ], [ -103.392775491540945, 25.610832279612154 ], [ -103.392775491540945, 25.615140700409665 ] ] ] } },
{ "type": "Feature", "properties": { "difference_1990_2000": 86.0, "difference_1990_2010": 229.0, "difference_1990_2020": 290.0 }, "geometry": { "type": "Polygon", "coordinates": [ [ [ -103.392775491540945, 25.602215898789574 ], [ -103.388203017832666, 25.602215898789581 ], [ -103.388203017832666, 25.597907938683242 ], [ -103.392775491540945, 25.597907938683242 ], [ -103.392775491540945, 25.602215898789574 ] ] ] } },
{ "type": "Feature", "properties": { "difference_1990_2000": -2.0, "difference_1990_2010": -2.0, "difference_1990_2020": -2.0 }, "geometry": { "type": "Polygon", "coordinates": [ [ [ -103.392775491540945, 25.485954729457927 ], [ -103.388203017832666, 25.485954729457973 ], [ -103.388203017832666, 25.481650899131953 ], [ -103.392775491540945, 25.481650899131953 ], [ -103.392775491540945, 25.485954729457927 ] ] ] } },
{ "type": "Feature", "properties": { "difference_1990_2000": 89.0, "difference_1990_2010": 735.0, "difference_1990_2020": 1058.0 }, "geometry": { "type": "Polygon", "coordinates": [ [ [ -103.392775491540945, 25.567756513167971 ], [ -103.388203017832666, 25.567756513167971 ], [ -103.388203017832666, 25.563449779782346 ], [ -103.392775491540945, 25.563449779782346 ], [ -103.392775491540945, 25.567756513167971 ] ] ] } },
{ "type": "Feature", "properties": { "difference_1990_2000": 736.0, "difference_1990_2010": 457.0, "difference_1990_2020": -131.0 }, "geometry": { "type": "Polygon", "coordinates": [ [ [ -103.392775491540945, 25.529001422952906 ], [ -103.388203017832666, 25.529001422952906 ], [ -103.388203017832666, 25.524696066522942 ], [ -103.392775491540945, 25.524696066522942 ], [ -103.392775491540945, 25.529001422952906 ] ] ] } },
{ "type": "Feature", "properties": { "difference_1990_2000": 1851.0, "difference_1990_2010": 1914.0, "difference_1990_2020": 1870.0 }, "geometry": { "type": "Polygon", "coordinates": [ [ [ -103.392775491540945, 25.54191840940236 ], [ -103.388203017832666, 25.541918409402399 ], [ -103.388203017832666, 25.537612594352062 ], [ -103.392775491540945, 25.537612594352051 ], [ -103.392775491540945, 25.54191840940236 ] ] ] } },
{ "type": "Feature", "properties": { "difference_1990_2000": 434.0, "difference_1990_2010": 518.0, "difference_1990_2020": 68.0 }, "geometry": { "type": "Polygon", "coordinates": [ [ [ -103.392775491540945, 25.533306932215755 ], [ -103.388203017832666, 25.533306932215755 ], [ -103.388203017832666, 25.529001422952906 ], [ -103.392775491540945, 25.529001422952906 ], [ -103.392775491540945, 25.533306932215755 ] ] ] } },
{ "type": "Feature", "properties": { "difference_1990_2000": 0.0, "difference_1990_2010": 95.0, "difference_1990_2020": 213.0 }, "geometry": { "type": "Polygon", "coordinates": [ [ [ -103.392775491540945, 25.632375920458614 ], [ -103.388203017832666, 25.632375920458575 ], [ -103.388203017832666, 25.628066884836095 ], [ -103.392775491540945, 25.628066884836056 ], [ -103.392775491540945, 25.632375920458614 ] ] ] } },
{ "type": "Feature", "properties": { "difference_1990_2000": 8.0, "difference_1990_2010": 145.0, "difference_1990_2020": 251.0 }, "geometry": { "type": "Polygon", "coordinates": [ [ [ -103.392775491540945, 25.597907938683242 ], [ -103.388203017832666, 25.597907938683242 ], [ -103.388203017832666, 25.593600132059201 ], [ -103.392775491540945, 25.59360013205918 ], [ -103.392775491540945, 25.597907938683242 ] ] ] } },
{ "type": "Feature", "properties": { "difference_1990_2000": -30.0, "difference_1990_2010": 352.0, "difference_1990_2020": 417.0 }, "geometry": { "type": "Polygon", "coordinates": [ [ [ -103.392775491540945, 25.550530498407017 ], [ -103.388203017832666, 25.550530498407017 ], [ -103.388203017832666, 25.54622437740721 ], [ -103.392775491540945, 25.54622437740721 ], [ -103.392775491540945, 25.550530498407017 ] ] ] } },
{ "type": "Feature", "properties": { "difference_1990_2000": 0.0, "difference_1990_2010": 607.0, "difference_1990_2020": 1001.0 }, "geometry": { "type": "Polygon", "coordinates": [ [ [ -103.392775491540945, 25.572063399751489 ], [ -103.388203017832666, 25.572063399751524 ], [ -103.388203017832666, 25.567756513167971 ], [ -103.392775491540945, 25.567756513167971 ], [ -103.392775491540945, 25.572063399751489 ] ] ] } },
{ "type": "Feature", "properties": { "difference_1990_2000": 0.0, "difference_1990_2010": 0.0, "difference_1990_2020": 48.0 }, "geometry": { "type": "Polygon", "coordinates": [ [ [ -103.392775491540945, 25.640994453168641 ], [ -103.388203017832666, 25.640994453168624 ], [ -103.388203017832666, 25.636685109889179 ], [ -103.392775491540945, 25.636685109889147 ], [ -103.392775491540945, 25.640994453168641 ] ] ] } },
{ "type": "Feature", "properties": { "difference_1990_2000": 0.0, "difference_1990_2010": 15.0, "difference_1990_2020": 78.0 }, "geometry": { "type": "Polygon", "coordinates": [ [ [ -103.392775491540945, 25.62375800298096 ], [ -103.388203017832666, 25.62375800298096 ], [ -103.388203017832666, 25.619449274852371 ], [ -103.392775491540945, 25.619449274852371 ], [ -103.392775491540945, 25.62375800298096 ] ] ] } },
{ "type": "Feature", "properties": { "difference_1990_2000": 469.0, "difference_1990_2010": 1156.0, "difference_1990_2020": 1317.0 }, "geometry": { "type": "Polygon", "coordinates": [ [ [ -103.392775491540945, 25.49886713516835 ], [ -103.388203017832666, 25.49886713516835 ], [ -103.388203017832666, 25.494562847435752 ], [ -103.392775491540945, 25.494562847435752 ], [ -103.392775491540945, 25.49886713516835 ] ] ] } },
{ "type": "Feature", "properties": { "difference_1990_2000": 110.0, "difference_1990_2010": 51.0, "difference_1990_2020": -82.0 }, "geometry": { "type": "Polygon", "coordinates": [ [ [ -103.392775491540945, 25.537612594352051 ], [ -103.388203017832666, 25.537612594352062 ], [ -103.388203017832666, 25.533306932215755 ], [ -103.392775491540945, 25.533306932215755 ], [ -103.392775491540945, 25.537612594352051 ] ] ] } },
{ "type": "Feature", "properties": { "difference_1990_2000": 2096.0, "difference_1990_2010": 1893.0, "difference_1990_2020": 1826.0 }, "geometry": { "type": "Polygon", "coordinates": [ [ [ -103.392775491540945, 25.54622437740721 ], [ -103.388203017832666, 25.54622437740721 ], [ -103.388203017832666, 25.541918409402399 ], [ -103.392775491540945, 25.54191840940236 ], [ -103.392775491540945, 25.54622437740721 ] ] ] } },
{ "type": "Feature", "properties": { "difference_1990_2000": -1.0, "difference_1990_2010": 6.0, "difference_1990_2020": 68.0 }, "geometry": { "type": "Polygon", "coordinates": [ [ [ -103.392775491540945, 25.584984979095623 ], [ -103.388203017832666, 25.584984979095623 ], [ -103.388203017832666, 25.580677632674703 ], [ -103.392775491540945, 25.580677632674668 ], [ -103.392775491540945, 25.584984979095623 ] ] ] } },
{ "type": "Feature", "properties": { "difference_1990_2000": 0.0, "difference_1990_2010": 17.0, "difference_1990_2020": 31.0 }, "geometry": { "type": "Polygon", "coordinates": [ [ [ -103.392775491540945, 25.636685109889147 ], [ -103.388203017832666, 25.636685109889179 ], [ -103.388203017832666, 25.632375920458575 ], [ -103.392775491540945, 25.632375920458614 ], [ -103.392775491540945, 25.636685109889147 ] ] ] } },
{ "type": "Feature", "properties": { "difference_1990_2000": 0.0, "difference_1990_2010": -16.0, "difference_1990_2020": -2.0 }, "geometry": { "type": "Polygon", "coordinates": [ [ [ -103.571101966163695, 25.494562847435752 ], [ -103.566529492455416, 25.494562847435752 ], [ -103.566529492455416, 25.490258712212455 ], [ -103.571101966163695, 25.490258712212427 ], [ -103.571101966163695, 25.494562847435752 ] ] ] } },
{ "type": "Feature", "properties": { "difference_1990_2000": -37.0, "difference_1990_2010": -10.0, "difference_1990_2020": 4.0 }, "geometry": { "type": "Polygon", "coordinates": [ [ [ -103.571101966163695, 25.49886713516835 ], [ -103.566529492455416, 25.49886713516835 ], [ -103.566529492455416, 25.494562847435752 ], [ -103.571101966163695, 25.494562847435752 ], [ -103.571101966163695, 25.49886713516835 ] ] ] } },
{ "type": "Feature", "properties": { "difference_1990_2000": 0.0, "difference_1990_2010": 2916.0, "difference_1990_2020": 2560.0 }, "geometry": { "type": "Polygon", "coordinates": [ [ [ -103.383630544124387, 25.520390862885513 ], [ -103.379058070416136, 25.520390862885513 ], [ -103.379058070416136, 25.516085812000036 ], [ -103.383630544124387, 25.516085812000036 ], [ -103.383630544124387, 25.520390862885513 ] ] ] } },
{ "type": "Feature", "properties": { "difference_1990_2000": 0.0, "difference_1990_2010": 273.0, "difference_1990_2020": 494.0 }, "geometry": { "type": "Polygon", "coordinates": [ [ [ -103.383630544124387, 25.6366851098892 ], [ -103.379058070416136, 25.6366851098892 ], [ -103.379058070416136, 25.632375920458614 ], [ -103.383630544124387, 25.632375920458614 ], [ -103.383630544124387, 25.6366851098892 ] ] ] } },
{ "type": "Feature", "properties": { "difference_1990_2000": -7.0, "difference_1990_2010": 7.0, "difference_1990_2020": -17.0 }, "geometry": { "type": "Polygon", "coordinates": [ [ [ -103.383630544124387, 25.606524012419019 ], [ -103.379058070416136, 25.606524012419019 ], [ -103.379058070416136, 25.602215898789581 ], [ -103.383630544124387, 25.602215898789581 ], [ -103.383630544124387, 25.606524012419019 ] ] ] } },
{ "type": "Feature", "properties": { "difference_1990_2000": 40.0, "difference_1990_2010": 379.0, "difference_1990_2020": 384.0 }, "geometry": { "type": "Polygon", "coordinates": [ [ [ -103.383630544124387, 25.490258712212455 ], [ -103.379058070416136, 25.490258712212455 ], [ -103.379058070416136, 25.485954729457973 ], [ -103.383630544124387, 25.485954729457973 ], [ -103.383630544124387, 25.490258712212455 ] ] ] } },
{ "type": "Feature", "properties": { "difference_1990_2000": 10.0, "difference_1990_2010": 89.0, "difference_1990_2020": 186.0 }, "geometry": { "type": "Polygon", "coordinates": [ [ [ -103.383630544124387, 25.589292478876903 ], [ -103.379058070416136, 25.589292478876903 ], [ -103.379058070416136, 25.584984979095623 ], [ -103.383630544124387, 25.584984979095623 ], [ -103.383630544124387, 25.589292478876903 ] ] ] } },
{ "type": "Feature", "properties": { "difference_1990_2000": -126.0, "difference_1990_2010": 26.0, "difference_1990_2020": 59.0 }, "geometry": { "type": "Polygon", "coordinates": [ [ [ -103.383630544124387, 25.554836772442435 ], [ -103.379058070416136, 25.554836772442435 ], [ -103.379058070416136, 25.550530498407017 ], [ -103.383630544124387, 25.550530498407017 ], [ -103.383630544124387, 25.554836772442435 ] ] ] } },
{ "type": "Feature", "properties": { "difference_1990_2000": 0.0, "difference_1990_2010": -4.0, "difference_1990_2020": -5.0 }, "geometry": { "type": "Polygon", "coordinates": [ [ [ -103.383630544124387, 25.645303950337773 ], [ -103.379058070416136, 25.645303950337773 ], [ -103.379058070416136, 25.640994453168641 ], [ -103.383630544124387, 25.640994453168641 ], [ -103.383630544124387, 25.645303950337773 ] ] ] } },
{ "type": "Feature", "properties": { "difference_1990_2000": 158.0, "difference_1990_2010": 3329.0, "difference_1990_2020": 2947.0 }, "geometry": { "type": "Polygon", "coordinates": [ [ [ -103.383630544124387, 25.516085812000036 ], [ -103.379058070416136, 25.516085812000036 ], [ -103.379058070416136, 25.511780913825994 ], [ -103.383630544124387, 25.511780913825994 ], [ -103.383630544124387, 25.516085812000036 ] ] ] } },
{ "type": "Feature", "properties": { "difference_1990_2000": 0.0, "difference_1990_2010": 71.0, "difference_1990_2020": 486.0 }, "geometry": { "type": "Polygon", "coordinates": [ [ [ -103.383630544124387, 25.580677632674703 ], [ -103.379058070416136, 25.580677632674703 ], [ -103.379058070416136, 25.576370439573555 ], [ -103.383630544124387, 25.576370439573555 ], [ -103.383630544124387, 25.580677632674703 ] ] ] } },
{ "type": "Feature", "properties": { "difference_1990_2000": 0.0, "difference_1990_2010": 114.0, "difference_1990_2020": 578.0 }, "geometry": { "type": "Polygon", "coordinates": [ [ [ -103.383630544124387, 25.628066884836095 ], [ -103.379058070416136, 25.628066884836095 ], [ -103.379058070416136, 25.623758002980978 ], [ -103.383630544124387, 25.62375800298096 ], [ -103.383630544124387, 25.628066884836095 ] ] ] } },
{ "type": "Feature", "properties": { "difference_1990_2000": 1207.0, "difference_1990_2010": 2165.0, "difference_1990_2020": 2342.0 }, "geometry": { "type": "Polygon", "coordinates": [ [ [ -103.383630544124387, 25.503171575450629 ], [ -103.379058070416136, 25.503171575450608 ], [ -103.379058070416136, 25.49886713516835 ], [ -103.383630544124387, 25.49886713516835 ], [ -103.383630544124387, 25.503171575450629 ] ] ] } },
{ "type": "Feature", "properties": { "difference_1990_2000": 46.0, "difference_1990_2010": 798.0, "difference_1990_2020": 61.0 }, "geometry": { "type": "Polygon", "coordinates": [ [ [ -103.383630544124387, 25.692718587586878 ], [ -103.379058070416136, 25.692718587586878 ], [ -103.379058070416136, 25.688407394937425 ], [ -103.383630544124387, 25.688407394937425 ], [ -103.383630544124387, 25.692718587586878 ] ] ] } },
{ "type": "Feature", "properties": { "difference_1990_2000": 1443.0, "difference_1990_2010": 2403.0, "difference_1990_2020": 2320.0 }, "geometry": { "type": "Polygon", "coordinates": [ [ [ -103.383630544124387, 25.507476168323006 ], [ -103.379058070416136, 25.507476168323041 ], [ -103.379058070416136, 25.503171575450629 ], [ -103.383630544124387, 25.503171575450629 ], [ -103.383630544124387, 25.507476168323006 ] ] ] } },
{ "type": "Feature", "properties": { "difference_1990_2000": 52.0, "difference_1990_2010": 836.0, "difference_1990_2020": 774.0 }, "geometry": { "type": "Polygon", "coordinates": [ [ [ -103.383630544124387, 25.524696066522996 ], [ -103.379058070416136, 25.524696066522957 ], [ -103.379058070416136, 25.520390862885513 ], [ -103.383630544124387, 25.520390862885513 ], [ -103.383630544124387, 25.524696066522996 ] ] ] } },
{ "type": "Feature", "properties": { "difference_1990_2000": 607.0, "difference_1990_2010": 881.0, "difference_1990_2020": 810.0 }, "geometry": { "type": "Polygon", "coordinates": [ [ [ -103.383630544124387, 25.697029934616165 ], [ -103.379058070416136, 25.697029934616165 ], [ -103.379058070416136, 25.692718587586878 ], [ -103.383630544124387, 25.692718587586878 ], [ -103.383630544124387, 25.697029934616165 ] ] ] } },
{ "type": "Feature", "properties": { "difference_1990_2000": -3.0, "difference_1990_2010": -4.0, "difference_1990_2020": -7.0 }, "geometry": { "type": "Polygon", "coordinates": [ [ [ -103.383630544124387, 25.610832279612154 ], [ -103.379058070416136, 25.610832279612154 ], [ -103.379058070416136, 25.606524012419019 ], [ -103.383630544124387, 25.606524012419019 ], [ -103.383630544124387, 25.610832279612154 ] ] ] } },
{ "type": "Feature", "properties": { "difference_1990_2000": 0.0, "difference_1990_2010": 92.0, "difference_1990_2020": 136.0 }, "geometry": { "type": "Polygon", "coordinates": [ [ [ -103.383630544124387, 25.576370439573555 ], [ -103.379058070416136, 25.576370439573555 ], [ -103.379058070416136, 25.572063399751524 ], [ -103.383630544124387, 25.572063399751489 ], [ -103.383630544124387, 25.576370439573555 ] ] ] } },
{ "type": "Feature", "properties": { "difference_1990_2000": 0.0, "difference_1990_2010": 19.0, "difference_1990_2020": 125.0 }, "geometry": { "type": "Polygon", "coordinates": [ [ [ -103.383630544124387, 25.593600132059237 ], [ -103.379058070416136, 25.593600132059201 ], [ -103.379058070416136, 25.589292478876903 ], [ -103.383630544124387, 25.589292478876903 ], [ -103.383630544124387, 25.593600132059237 ] ] ] } },
{ "type": "Feature", "properties": { "difference_1990_2000": 1212.0, "difference_1990_2010": 2547.0, "difference_1990_2020": 2557.0 }, "geometry": { "type": "Polygon", "coordinates": [ [ [ -103.383630544124387, 25.511780913825994 ], [ -103.379058070416136, 25.511780913825994 ], [ -103.379058070416136, 25.507476168323041 ], [ -103.383630544124387, 25.507476168323006 ], [ -103.383630544124387, 25.511780913825994 ] ] ] } },
{ "type": "Feature", "properties": { "difference_1990_2000": 7.0, "difference_1990_2010": 178.0, "difference_1990_2020": 496.0 }, "geometry": { "type": "Polygon", "coordinates": [ [ [ -103.383630544124387, 25.563449779782346 ], [ -103.379058070416136, 25.563449779782346 ], [ -103.379058070416136, 25.559143199554065 ], [ -103.383630544124387, 25.559143199554043 ], [ -103.383630544124387, 25.563449779782346 ] ] ] } },
{ "type": "Feature", "properties": { "difference_1990_2000": -84.0, "difference_1990_2010": 147.0, "difference_1990_2020": 299.0 }, "geometry": { "type": "Polygon", "coordinates": [ [ [ -103.383630544124387, 25.559143199554043 ], [ -103.379058070416136, 25.559143199554065 ], [ -103.379058070416136, 25.554836772442435 ], [ -103.383630544124387, 25.554836772442435 ], [ -103.383630544124387, 25.559143199554043 ] ] ] } },
{ "type": "Feature", "properties": { "difference_1990_2000": 0.0, "difference_1990_2010": 2520.0, "difference_1990_2020": 2710.0 }, "geometry": { "type": "Polygon", "coordinates": [ [ [ -103.383630544124387, 25.494562847435766 ], [ -103.379058070416136, 25.494562847435752 ], [ -103.379058070416136, 25.490258712212455 ], [ -103.383630544124387, 25.490258712212455 ], [ -103.383630544124387, 25.494562847435766 ] ] ] } },
{ "type": "Feature", "properties": { "difference_1990_2000": 0.0, "difference_1990_2010": 741.0, "difference_1990_2020": 1391.0 }, "geometry": { "type": "Polygon", "coordinates": [ [ [ -103.383630544124387, 25.619449274852411 ], [ -103.379058070416136, 25.619449274852411 ], [ -103.379058070416136, 25.615140700409697 ], [ -103.383630544124387, 25.615140700409697 ], [ -103.383630544124387, 25.619449274852411 ] ] ] } },
{ "type": "Feature", "properties": { "difference_1990_2000": 0.0, "difference_1990_2010": -1.0, "difference_1990_2020": -1.0 }, "geometry": { "type": "Polygon", "coordinates": [ [ [ -103.383630544124387, 25.64961360143721 ], [ -103.379058070416136, 25.649613601437249 ], [ -103.379058070416136, 25.645303950337773 ], [ -103.383630544124387, 25.645303950337773 ], [ -103.383630544124387, 25.64961360143721 ] ] ] } },
{ "type": "Feature", "properties": { "difference_1990_2000": -21.0, "difference_1990_2010": 46.0, "difference_1990_2020": 228.0 }, "geometry": { "type": "Polygon", "coordinates": [ [ [ -103.383630544124387, 25.602215898789581 ], [ -103.379058070416136, 25.602215898789581 ], [ -103.379058070416136, 25.597907938683242 ], [ -103.383630544124387, 25.597907938683242 ], [ -103.383630544124387, 25.602215898789581 ] ] ] } },
{ "type": "Feature", "properties": { "difference_1990_2000": 0.0, "difference_1990_2010": 88.0, "difference_1990_2020": 152.0 }, "geometry": { "type": "Polygon", "coordinates": [ [ [ -103.383630544124387, 25.615140700409697 ], [ -103.379058070416136, 25.615140700409697 ], [ -103.379058070416136, 25.610832279612154 ], [ -103.383630544124387, 25.610832279612154 ], [ -103.383630544124387, 25.615140700409697 ] ] ] } },
{ "type": "Feature", "properties": { "difference_1990_2000": 12.0, "difference_1990_2010": 136.0, "difference_1990_2020": 254.0 }, "geometry": { "type": "Polygon", "coordinates": [ [ [ -103.383630544124387, 25.567756513167971 ], [ -103.379058070416136, 25.567756513167971 ], [ -103.379058070416136, 25.563449779782346 ], [ -103.383630544124387, 25.563449779782346 ], [ -103.383630544124387, 25.567756513167971 ] ] ] } },
{ "type": "Feature", "properties": { "difference_1990_2000": 215.0, "difference_1990_2010": 238.0, "difference_1990_2020": 268.0 }, "geometry": { "type": "Polygon", "coordinates": [ [ [ -103.383630544124387, 25.529001422952906 ], [ -103.379058070416136, 25.529001422952906 ], [ -103.379058070416136, 25.524696066522957 ], [ -103.383630544124387, 25.524696066522996 ], [ -103.383630544124387, 25.529001422952906 ] ] ] } },
{ "type": "Feature", "properties": { "difference_1990_2000": 247.0, "difference_1990_2010": 244.0, "difference_1990_2020": 277.0 }, "geometry": { "type": "Polygon", "coordinates": [ [ [ -103.383630544124387, 25.533306932215755 ], [ -103.379058070416136, 25.533306932215755 ], [ -103.379058070416136, 25.529001422952906 ], [ -103.383630544124387, 25.529001422952906 ], [ -103.383630544124387, 25.533306932215755 ] ] ] } },
{ "type": "Feature", "properties": { "difference_1990_2000": 0.0, "difference_1990_2010": 304.0, "difference_1990_2020": 182.0 }, "geometry": { "type": "Polygon", "coordinates": [ [ [ -103.383630544124387, 25.632375920458614 ], [ -103.379058070416136, 25.632375920458614 ], [ -103.379058070416136, 25.628066884836095 ], [ -103.383630544124387, 25.628066884836095 ], [ -103.383630544124387, 25.632375920458614 ] ] ] } },
{ "type": "Feature", "properties": { "difference_1990_2000": 0.0, "difference_1990_2010": 13.0, "difference_1990_2020": 123.0 }, "geometry": { "type": "Polygon", "coordinates": [ [ [ -103.383630544124387, 25.597907938683242 ], [ -103.379058070416136, 25.597907938683242 ], [ -103.379058070416136, 25.593600132059201 ], [ -103.383630544124387, 25.593600132059237 ], [ -103.383630544124387, 25.597907938683242 ] ] ] } },
{ "type": "Feature", "properties": { "difference_1990_2000": 1081.0, "difference_1990_2010": 1131.0, "difference_1990_2020": 1000.0 }, "geometry": { "type": "Polygon", "coordinates": [ [ [ -103.383630544124387, 25.541918409402399 ], [ -103.379058070416136, 25.541918409402399 ], [ -103.379058070416136, 25.537612594352115 ], [ -103.383630544124387, 25.537612594352115 ], [ -103.383630544124387, 25.541918409402399 ] ] ] } },
{ "type": "Feature", "properties": { "difference_1990_2000": 33.0, "difference_1990_2010": 510.0, "difference_1990_2020": 805.0 }, "geometry": { "type": "Polygon", "coordinates": [ [ [ -103.383630544124387, 25.550530498407017 ], [ -103.379058070416136, 25.550530498407017 ], [ -103.379058070416136, 25.54622437740721 ], [ -103.383630544124387, 25.546224377407228 ], [ -103.383630544124387, 25.550530498407017 ] ] ] } },
{ "type": "Feature", "properties": { "difference_1990_2000": 2.0, "difference_1990_2010": 340.0, "difference_1990_2020": 437.0 }, "geometry": { "type": "Polygon", "coordinates": [ [ [ -103.383630544124387, 25.572063399751489 ], [ -103.379058070416136, 25.572063399751524 ], [ -103.379058070416136, 25.567756513167971 ], [ -103.383630544124387, 25.567756513167971 ], [ -103.383630544124387, 25.572063399751489 ] ] ] } },
{ "type": "Feature", "properties": { "difference_1990_2000": 0.0, "difference_1990_2010": 61.0, "difference_1990_2020": 114.0 }, "geometry": { "type": "Polygon", "coordinates": [ [ [ -103.383630544124387, 25.640994453168641 ], [ -103.379058070416136, 25.640994453168641 ], [ -103.379058070416136, 25.6366851098892 ], [ -103.383630544124387, 25.6366851098892 ], [ -103.383630544124387, 25.640994453168641 ] ] ] } },
{ "type": "Feature", "properties": { "difference_1990_2000": 212.0, "difference_1990_2010": 310.0, "difference_1990_2020": 283.0 }, "geometry": { "type": "Polygon", "coordinates": [ [ [ -103.383630544124387, 25.701341436066166 ], [ -103.379058070416136, 25.701341436066166 ], [ -103.379058070416136, 25.697029934616165 ], [ -103.383630544124387, 25.697029934616165 ], [ -103.383630544124387, 25.701341436066166 ] ] ] } },
{ "type": "Feature", "properties": { "difference_1990_2000": 0.0, "difference_1990_2010": 214.0, "difference_1990_2020": 890.0 }, "geometry": { "type": "Polygon", "coordinates": [ [ [ -103.383630544124387, 25.62375800298096 ], [ -103.379058070416136, 25.623758002980978 ], [ -103.379058070416136, 25.619449274852411 ], [ -103.383630544124387, 25.619449274852411 ], [ -103.383630544124387, 25.62375800298096 ] ] ] } },
{ "type": "Feature", "properties": { "difference_1990_2000": 513.0, "difference_1990_2010": 1696.0, "difference_1990_2020": 1934.0 }, "geometry": { "type": "Polygon", "coordinates": [ [ [ -103.383630544124387, 25.49886713516835 ], [ -103.379058070416136, 25.49886713516835 ], [ -103.379058070416136, 25.494562847435752 ], [ -103.383630544124387, 25.494562847435766 ], [ -103.383630544124387, 25.49886713516835 ] ] ] } },
{ "type": "Feature", "properties": { "difference_1990_2000": 2.0, "difference_1990_2010": 49.0, "difference_1990_2020": 496.0 }, "geometry": { "type": "Polygon", "coordinates": [ [ [ -103.383630544124387, 25.584984979095623 ], [ -103.379058070416136, 25.584984979095623 ], [ -103.379058070416136, 25.580677632674703 ], [ -103.383630544124387, 25.580677632674703 ], [ -103.383630544124387, 25.584984979095623 ] ] ] } },
{ "type": "Feature", "properties": { "difference_1990_2000": 1181.0, "difference_1990_2010": 1290.0, "difference_1990_2020": 1375.0 }, "geometry": { "type": "Polygon", "coordinates": [ [ [ -103.383630544124387, 25.546224377407228 ], [ -103.379058070416136, 25.54622437740721 ], [ -103.379058070416136, 25.541918409402399 ], [ -103.383630544124387, 25.541918409402399 ], [ -103.383630544124387, 25.546224377407228 ] ] ] } },
{ "type": "Feature", "properties": { "difference_1990_2000": 440.0, "difference_1990_2010": 482.0, "difference_1990_2020": 457.0 }, "geometry": { "type": "Polygon", "coordinates": [ [ [ -103.383630544124387, 25.537612594352115 ], [ -103.379058070416136, 25.537612594352115 ], [ -103.379058070416136, 25.533306932215755 ], [ -103.383630544124387, 25.533306932215755 ], [ -103.383630544124387, 25.537612594352115 ] ] ] } },
{ "type": "Feature", "properties": { "difference_1990_2000": 0.0, "difference_1990_2010": 201.0, "difference_1990_2020": 273.0 }, "geometry": { "type": "Polygon", "coordinates": [ [ [ -103.374485596707814, 25.520390862885513 ], [ -103.369913122999534, 25.520390862885513 ], [ -103.369913122999534, 25.516085812000036 ], [ -103.374485596707814, 25.516085812000036 ], [ -103.374485596707814, 25.520390862885513 ] ] ] } },
{ "type": "Feature", "properties": { "difference_1990_2000": 0.0, "difference_1990_2010": -43.0, "difference_1990_2020": -57.0 }, "geometry": { "type": "Polygon", "coordinates": [ [ [ -103.374485596707814, 25.6366851098892 ], [ -103.369913122999534, 25.636685109889179 ], [ -103.369913122999534, 25.632375920458614 ], [ -103.374485596707814, 25.632375920458614 ], [ -103.374485596707814, 25.6366851098892 ] ] ] } },
{ "type": "Feature", "properties": { "difference_1990_2000": 3.0, "difference_1990_2010": 471.0, "difference_1990_2020": 970.0 }, "geometry": { "type": "Polygon", "coordinates": [ [ [ -103.374485596707814, 25.60652401241903 ], [ -103.369913122999534, 25.606524012419019 ], [ -103.369913122999534, 25.602215898789581 ], [ -103.374485596707814, 25.602215898789581 ], [ -103.374485596707814, 25.60652401241903 ] ] ] } },
{ "type": "Feature", "properties": { "difference_1990_2000": 20.0, "difference_1990_2010": 306.0, "difference_1990_2020": 301.0 }, "geometry": { "type": "Polygon", "coordinates": [ [ [ -103.374485596707814, 25.589292478876903 ], [ -103.369913122999534, 25.589292478876903 ], [ -103.369913122999534, 25.584984979095623 ], [ -103.374485596707814, 25.584984979095623 ], [ -103.374485596707814, 25.589292478876903 ] ] ] } },
{ "type": "Feature", "properties": { "difference_1990_2000": 32.0, "difference_1990_2010": 430.0, "difference_1990_2020": 489.0 }, "geometry": { "type": "Polygon", "coordinates": [ [ [ -103.374485596707814, 25.490258712212476 ], [ -103.369913122999534, 25.490258712212455 ], [ -103.369913122999534, 25.485954729457973 ], [ -103.374485596707814, 25.485954729457973 ], [ -103.374485596707814, 25.490258712212476 ] ] ] } },
{ "type": "Feature", "properties": { "difference_1990_2000": -16.0, "difference_1990_2010": -451.0, "difference_1990_2020": -526.0 }, "geometry": { "type": "Polygon", "coordinates": [ [ [ -103.374485596707814, 25.554836772442435 ], [ -103.369913122999534, 25.554836772442435 ], [ -103.369913122999534, 25.550530498407017 ], [ -103.374485596707814, 25.550530498407017 ], [ -103.374485596707814, 25.554836772442435 ] ] ] } },
{ "type": "Feature", "properties": { "difference_1990_2000": 0.0, "difference_1990_2010": -2.0, "difference_1990_2020": -3.0 }, "geometry": { "type": "Polygon", "coordinates": [ [ [ -103.374485596707814, 25.645303950337773 ], [ -103.369913122999534, 25.645303950337791 ], [ -103.369913122999534, 25.640994453168677 ], [ -103.374485596707814, 25.640994453168641 ], [ -103.374485596707814, 25.645303950337773 ] ] ] } },
{ "type": "Feature", "properties": { "difference_1990_2000": 0.0, "difference_1990_2010": 201.0, "difference_1990_2020": 273.0 }, "geometry": { "type": "Polygon", "coordinates": [ [ [ -103.374485596707814, 25.516085812000036 ], [ -103.369913122999534, 25.516085812000036 ], [ -103.369913122999534, 25.511780913825994 ], [ -103.374485596707814, 25.511780913825994 ], [ -103.374485596707814, 25.516085812000036 ] ] ] } },
{ "type": "Feature", "properties": { "difference_1990_2000": 1.0, "difference_1990_2010": 22.0, "difference_1990_2020": 815.0 }, "geometry": { "type": "Polygon", "coordinates": [ [ [ -103.374485596707814, 25.580677632674703 ], [ -103.369913122999534, 25.580677632674703 ], [ -103.369913122999534, 25.576370439573584 ], [ -103.374485596707814, 25.576370439573584 ], [ -103.374485596707814, 25.580677632674703 ] ] ] } },
{ "type": "Feature", "properties": { "difference_1990_2000": 0.0, "difference_1990_2010": 64.0, "difference_1990_2020": 87.0 }, "geometry": { "type": "Polygon", "coordinates": [ [ [ -103.374485596707814, 25.524696066522957 ], [ -103.369913122999534, 25.524696066522957 ], [ -103.369913122999534, 25.520390862885513 ], [ -103.374485596707814, 25.520390862885513 ], [ -103.374485596707814, 25.524696066522957 ] ] ] } },
{ "type": "Feature", "properties": { "difference_1990_2000": 0.0, "difference_1990_2010": 0.0, "difference_1990_2020": 36.0 }, "geometry": { "type": "Polygon", "coordinates": [ [ [ -103.374485596707814, 25.628066884836095 ], [ -103.369913122999534, 25.628066884836109 ], [ -103.369913122999534, 25.62375800298096 ], [ -103.374485596707814, 25.62375800298096 ], [ -103.374485596707814, 25.628066884836095 ] ] ] } },
{ "type": "Feature", "properties": { "difference_1990_2000": 0.0, "difference_1990_2010": 199.0, "difference_1990_2020": 266.0 }, "geometry": { "type": "Polygon", "coordinates": [ [ [ -103.374485596707814, 25.503171575450629 ], [ -103.369913122999534, 25.503171575450629 ], [ -103.369913122999534, 25.49886713516835 ], [ -103.374485596707814, 25.49886713516835 ], [ -103.374485596707814, 25.503171575450629 ] ] ] } },
{ "type": "Feature", "properties": { "difference_1990_2000": 0.0, "difference_1990_2010": 314.0, "difference_1990_2020": 412.0 }, "geometry": { "type": "Polygon", "coordinates": [ [ [ -103.374485596707814, 25.507476168323041 ], [ -103.369913122999534, 25.507476168323041 ], [ -103.369913122999534, 25.503171575450629 ], [ -103.374485596707814, 25.503171575450665 ], [ -103.374485596707814, 25.507476168323041 ] ] ] } },
{ "type": "Feature", "properties": { "difference_1990_2000": 0.0, "difference_1990_2010": 244.0, "difference_1990_2020": 450.0 }, "geometry": { "type": "Polygon", "coordinates": [ [ [ -103.374485596707814, 25.593600132059201 ], [ -103.369913122999534, 25.593600132059237 ], [ -103.369913122999534, 25.589292478876903 ], [ -103.374485596707814, 25.589292478876903 ], [ -103.374485596707814, 25.593600132059201 ] ] ] } },
{ "type": "Feature", "properties": { "difference_1990_2000": 3.0, "difference_1990_2010": 199.0, "difference_1990_2020": 788.0 }, "geometry": { "type": "Polygon", "coordinates": [ [ [ -103.374485596707814, 25.610832279612154 ], [ -103.369913122999534, 25.610832279612154 ], [ -103.369913122999534, 25.606524012419019 ], [ -103.374485596707814, 25.60652401241903 ], [ -103.374485596707814, 25.610832279612154 ] ] ] } },
{ "type": "Feature", "properties": { "difference_1990_2000": 0.0, "difference_1990_2010": 219.0, "difference_1990_2020": 296.0 }, "geometry": { "type": "Polygon", "coordinates": [ [ [ -103.374485596707814, 25.511780913825994 ], [ -103.369913122999534, 25.511780913825994 ], [ -103.369913122999534, 25.507476168323041 ], [ -103.374485596707814, 25.507476168323041 ], [ -103.374485596707814, 25.511780913825994 ] ] ] } },
{ "type": "Feature", "properties": { "difference_1990_2000": 33.0, "difference_1990_2010": 48.0, "difference_1990_2020": 51.0 }, "geometry": { "type": "Polygon", "coordinates": [ [ [ -103.374485596707814, 25.563449779782346 ], [ -103.369913122999534, 25.563449779782346 ], [ -103.369913122999534, 25.559143199554043 ], [ -103.374485596707814, 25.559143199554043 ], [ -103.374485596707814, 25.563449779782346 ] ] ] } },
{ "type": "Feature", "properties": { "difference_1990_2000": 0.0, "difference_1990_2010": 135.0, "difference_1990_2020": 409.0 }, "geometry": { "type": "Polygon", "coordinates": [ [ [ -103.374485596707814, 25.576370439573584 ], [ -103.369913122999534, 25.576370439573584 ], [ -103.369913122999534, 25.572063399751489 ], [ -103.374485596707814, 25.572063399751489 ], [ -103.374485596707814, 25.576370439573584 ] ] ] } },
{ "type": "Feature", "properties": { "difference_1990_2000": 31.0, "difference_1990_2010": 19.0, "difference_1990_2020": 92.0 }, "geometry": { "type": "Polygon", "coordinates": [ [ [ -103.374485596707814, 25.559143199554043 ], [ -103.369913122999534, 25.559143199554043 ], [ -103.369913122999534, 25.554836772442435 ], [ -103.374485596707814, 25.554836772442435 ], [ -103.374485596707814, 25.559143199554043 ] ] ] } },
{ "type": "Feature", "properties": { "difference_1990_2000": 0.0, "difference_1990_2010": 963.0, "difference_1990_2020": 1169.0 }, "geometry": { "type": "Polygon", "coordinates": [ [ [ -103.374485596707814, 25.494562847435752 ], [ -103.369913122999534, 25.494562847435752 ], [ -103.369913122999534, 25.490258712212455 ], [ -103.374485596707814, 25.490258712212476 ], [ -103.374485596707814, 25.494562847435752 ] ] ] } },
{ "type": "Feature", "properties": { "difference_1990_2000": 0.0, "difference_1990_2010": 0.0, "difference_1990_2020": 42.0 }, "geometry": { "type": "Polygon", "coordinates": [ [ [ -103.374485596707814, 25.619449274852411 ], [ -103.369913122999534, 25.619449274852371 ], [ -103.369913122999534, 25.615140700409722 ], [ -103.374485596707814, 25.615140700409697 ], [ -103.374485596707814, 25.619449274852411 ] ] ] } },
{ "type": "Feature", "properties": { "difference_1990_2000": 1.0, "difference_1990_2010": 412.0, "difference_1990_2020": 1635.0 }, "geometry": { "type": "Polygon", "coordinates": [ [ [ -103.374485596707814, 25.602215898789581 ], [ -103.369913122999534, 25.602215898789581 ], [ -103.369913122999534, 25.597907938683242 ], [ -103.374485596707814, 25.597907938683242 ], [ -103.374485596707814, 25.602215898789581 ] ] ] } },
{ "type": "Feature", "properties": { "difference_1990_2000": 3.0, "difference_1990_2010": 134.0, "difference_1990_2020": 529.0 }, "geometry": { "type": "Polygon", "coordinates": [ [ [ -103.374485596707814, 25.615140700409697 ], [ -103.369913122999534, 25.615140700409722 ], [ -103.369913122999534, 25.610832279612154 ], [ -103.374485596707814, 25.610832279612154 ], [ -103.374485596707814, 25.615140700409697 ] ] ] } },
{ "type": "Feature", "properties": { "difference_1990_2000": 0.0, "difference_1990_2010": 0.0, "difference_1990_2020": 2.0 }, "geometry": { "type": "Polygon", "coordinates": [ [ [ -103.374485596707814, 25.567756513167971 ], [ -103.369913122999534, 25.567756513167971 ], [ -103.369913122999534, 25.563449779782346 ], [ -103.374485596707814, 25.563449779782346 ], [ -103.374485596707814, 25.567756513167971 ] ] ] } },
{ "type": "Feature", "properties": { "difference_1990_2000": 1.0, "difference_1990_2010": 1.0, "difference_1990_2020": 1.0 }, "geometry": { "type": "Polygon", "coordinates": [ [ [ -103.374485596707814, 25.529001422952906 ], [ -103.369913122999534, 25.529001422952906 ], [ -103.369913122999534, 25.524696066522957 ], [ -103.374485596707814, 25.524696066522957 ], [ -103.374485596707814, 25.529001422952906 ] ] ] } },
{ "type": "Feature", "properties": { "difference_1990_2000": 66.0, "difference_1990_2010": 161.0, "difference_1990_2020": 172.0 }, "geometry": { "type": "Polygon", "coordinates": [ [ [ -103.374485596707814, 25.533306932215755 ], [ -103.369913122999534, 25.53330693221579 ], [ -103.369913122999534, 25.529001422952906 ], [ -103.374485596707814, 25.529001422952906 ], [ -103.374485596707814, 25.533306932215755 ] ] ] } },
{ "type": "Feature", "properties": { "difference_1990_2000": 0.0, "difference_1990_2010": 54.0, "difference_1990_2020": 643.0 }, "geometry": { "type": "Polygon", "coordinates": [ [ [ -103.374485596707814, 25.597907938683242 ], [ -103.369913122999534, 25.597907938683242 ], [ -103.369913122999534, 25.593600132059237 ], [ -103.374485596707814, 25.593600132059201 ], [ -103.374485596707814, 25.597907938683242 ] ] ] } },
{ "type": "Feature", "properties": { "difference_1990_2000": 374.0, "difference_1990_2010": 607.0, "difference_1990_2020": 557.0 }, "geometry": { "type": "Polygon", "coordinates": [ [ [ -103.374485596707814, 25.541918409402399 ], [ -103.369913122999534, 25.54191840940242 ], [ -103.369913122999534, 25.537612594352115 ], [ -103.374485596707814, 25.537612594352098 ], [ -103.374485596707814, 25.541918409402399 ] ] ] } },
{ "type": "Feature", "properties": { "difference_1990_2000": -18.0, "difference_1990_2010": -128.0, "difference_1990_2020": 21.0 }, "geometry": { "type": "Polygon", "coordinates": [ [ [ -103.374485596707814, 25.550530498407017 ], [ -103.369913122999534, 25.550530498407017 ], [ -103.369913122999534, 25.54622437740721 ], [ -103.374485596707814, 25.546224377407228 ], [ -103.374485596707814, 25.550530498407017 ] ] ] } },
{ "type": "Feature", "properties": { "difference_1990_2000": 2.0, "difference_1990_2010": 385.0, "difference_1990_2020": 467.0 }, "geometry": { "type": "Polygon", "coordinates": [ [ [ -103.374485596707814, 25.572063399751489 ], [ -103.369913122999534, 25.572063399751489 ], [ -103.369913122999534, 25.567756513167971 ], [ -103.374485596707814, 25.567756513167971 ], [ -103.374485596707814, 25.572063399751489 ] ] ] } },
{ "type": "Feature", "properties": { "difference_1990_2000": 0.0, "difference_1990_2010": -75.0, "difference_1990_2020": -101.0 }, "geometry": { "type": "Polygon", "coordinates": [ [ [ -103.374485596707814, 25.640994453168641 ], [ -103.369913122999534, 25.640994453168677 ], [ -103.369913122999534, 25.636685109889179 ], [ -103.374485596707814, 25.6366851098892 ], [ -103.374485596707814, 25.640994453168641 ] ] ] } },
{ "type": "Feature", "properties": { "difference_1990_2000": 0.0, "difference_1990_2010": 11.0, "difference_1990_2020": 487.0 }, "geometry": { "type": "Polygon", "coordinates": [ [ [ -103.374485596707814, 25.62375800298096 ], [ -103.369913122999534, 25.62375800298096 ], [ -103.369913122999534, 25.619449274852371 ], [ -103.374485596707814, 25.619449274852411 ], [ -103.374485596707814, 25.62375800298096 ] ] ] } },
{ "type": "Feature", "properties": { "difference_1990_2000": 0.0, "difference_1990_2010": 752.0, "difference_1990_2020": 925.0 }, "geometry": { "type": "Polygon", "coordinates": [ [ [ -103.374485596707814, 25.49886713516835 ], [ -103.369913122999534, 25.49886713516835 ], [ -103.369913122999534, 25.494562847435752 ], [ -103.374485596707814, 25.494562847435752 ], [ -103.374485596707814, 25.49886713516835 ] ] ] } },
{ "type": "Feature", "properties": { "difference_1990_2000": 23.0, "difference_1990_2010": 262.0, "difference_1990_2020": 349.0 }, "geometry": { "type": "Polygon", "coordinates": [ [ [ -103.374485596707814, 25.584984979095623 ], [ -103.369913122999534, 25.584984979095623 ], [ -103.369913122999534, 25.580677632674703 ], [ -103.374485596707814, 25.580677632674703 ], [ -103.374485596707814, 25.584984979095623 ] ] ] } },
{ "type": "Feature", "properties": { "difference_1990_2000": 252.0, "difference_1990_2010": 774.0, "difference_1990_2020": 918.0 }, "geometry": { "type": "Polygon", "coordinates": [ [ [ -103.374485596707814, 25.546224377407228 ], [ -103.369913122999534, 25.54622437740721 ], [ -103.369913122999534, 25.54191840940242 ], [ -103.374485596707814, 25.541918409402399 ], [ -103.374485596707814, 25.546224377407228 ] ] ] } },
{ "type": "Feature", "properties": { "difference_1990_2000": 247.0, "difference_1990_2010": 379.0, "difference_1990_2020": 355.0 }, "geometry": { "type": "Polygon", "coordinates": [ [ [ -103.374485596707814, 25.537612594352098 ], [ -103.369913122999534, 25.537612594352115 ], [ -103.369913122999534, 25.53330693221579 ], [ -103.374485596707814, 25.533306932215755 ], [ -103.374485596707814, 25.537612594352098 ] ] ] } },
{ "type": "Feature", "properties": { "difference_1990_2000": 1.0, "difference_1990_2010": 308.0, "difference_1990_2020": 356.0 }, "geometry": { "type": "Polygon", "coordinates": [ [ [ -103.552812071330621, 25.554836772442435 ], [ -103.548239597622313, 25.554836772442435 ], [ -103.548239597622313, 25.550530498407017 ], [ -103.552812071330621, 25.550530498407017 ], [ -103.552812071330621, 25.554836772442435 ] ] ] } },
{ "type": "Feature", "properties": { "difference_1990_2000": -4.0, "difference_1990_2010": 10.0, "difference_1990_2020": 10.0 }, "geometry": { "type": "Polygon", "coordinates": [ [ [ -103.552812071330621, 25.541918409402399 ], [ -103.548239597622313, 25.541918409402399 ], [ -103.548239597622313, 25.537612594352098 ], [ -103.552812071330621, 25.537612594352098 ], [ -103.552812071330621, 25.541918409402399 ] ] ] } },
{ "type": "Feature", "properties": { "difference_1990_2000": 65.0, "difference_1990_2010": 958.0, "difference_1990_2020": 972.0 }, "geometry": { "type": "Polygon", "coordinates": [ [ [ -103.552812071330621, 25.550530498407017 ], [ -103.548239597622313, 25.550530498407017 ], [ -103.548239597622313, 25.546224377407228 ], [ -103.552812071330621, 25.54622437740721 ], [ -103.552812071330621, 25.550530498407017 ] ] ] } },
{ "type": "Feature", "properties": { "difference_1990_2000": -16.0, "difference_1990_2010": 76.0, "difference_1990_2020": 110.0 }, "geometry": { "type": "Polygon", "coordinates": [ [ [ -103.552812071330621, 25.54622437740721 ], [ -103.548239597622313, 25.546224377407228 ], [ -103.548239597622313, 25.541918409402399 ], [ -103.552812071330621, 25.541918409402399 ], [ -103.552812071330621, 25.54622437740721 ] ] ] } },
{ "type": "Feature", "properties": { "difference_1990_2000": 14.0, "difference_1990_2010": 5.0, "difference_1990_2020": 135.0 }, "geometry": { "type": "Polygon", "coordinates": [ [ [ -103.365340649291255, 25.520390862885513 ], [ -103.360768175583004, 25.520390862885513 ], [ -103.360768175583004, 25.516085812000036 ], [ -103.365340649291255, 25.516085812000036 ], [ -103.365340649291255, 25.520390862885513 ] ] ] } },
{ "type": "Feature", "properties": { "difference_1990_2000": 0.0, "difference_1990_2010": 392.0, "difference_1990_2020": 422.0 }, "geometry": { "type": "Polygon", "coordinates": [ [ [ -103.365340649291255, 25.606524012419019 ], [ -103.360768175583004, 25.606524012419019 ], [ -103.360768175583004, 25.602215898789581 ], [ -103.365340649291255, 25.602215898789581 ], [ -103.365340649291255, 25.606524012419019 ] ] ] } },
{ "type": "Feature", "properties": { "difference_1990_2000": 0.0, "difference_1990_2010": 531.0, "difference_1990_2020": 672.0 }, "geometry": { "type": "Polygon", "coordinates": [ [ [ -103.365340649291255, 25.490258712212455 ], [ -103.360768175583004, 25.490258712212455 ], [ -103.360768175583004, 25.485954729457973 ], [ -103.365340649291255, 25.485954729457927 ], [ -103.365340649291255, 25.490258712212455 ] ] ] } },
{ "type": "Feature", "properties": { "difference_1990_2000": 0.0, "difference_1990_2010": 361.0, "difference_1990_2020": 1226.0 }, "geometry": { "type": "Polygon", "coordinates": [ [ [ -103.365340649291255, 25.589292478876903 ], [ -103.360768175583004, 25.589292478876903 ], [ -103.360768175583004, 25.584984979095623 ], [ -103.365340649291255, 25.584984979095623 ], [ -103.365340649291255, 25.589292478876903 ] ] ] } },
{ "type": "Feature", "properties": { "difference_1990_2000": 99.0, "difference_1990_2010": 1766.0, "difference_1990_2020": 2412.0 }, "geometry": { "type": "Polygon", "coordinates": [ [ [ -103.365340649291255, 25.554836772442435 ], [ -103.360768175583004, 25.554836772442435 ], [ -103.360768175583004, 25.550530498407017 ], [ -103.365340649291255, 25.550530498406982 ], [ -103.365340649291255, 25.554836772442435 ] ] ] } },
{ "type": "Feature", "properties": { "difference_1990_2000": 0.0, "difference_1990_2010": 0.0, "difference_1990_2020": 922.0 }, "geometry": { "type": "Polygon", "coordinates": [ [ [ -103.365340649291255, 25.580677632674668 ], [ -103.360768175583004, 25.580677632674703 ], [ -103.360768175583004, 25.576370439573555 ], [ -103.365340649291255, 25.576370439573534 ], [ -103.365340649291255, 25.580677632674668 ] ] ] } },
{ "type": "Feature", "properties": { "difference_1990_2000": 0.0, "difference_1990_2010": 40.0, "difference_1990_2020": 170.0 }, "geometry": { "type": "Polygon", "coordinates": [ [ [ -103.365340649291255, 25.516085812000036 ], [ -103.360768175583004, 25.516085812000036 ], [ -103.360768175583004, 25.511780913825994 ], [ -103.365340649291255, 25.511780913825977 ], [ -103.365340649291255, 25.516085812000036 ] ] ] } },
{ "type": "Feature", "properties": { "difference_1990_2000": 397.0, "difference_1990_2010": 267.0, "difference_1990_2020": 100.0 }, "geometry": { "type": "Polygon", "coordinates": [ [ [ -103.365340649291255, 25.524696066522957 ], [ -103.360768175583004, 25.524696066523017 ], [ -103.360768175583004, 25.520390862885513 ], [ -103.365340649291255, 25.520390862885513 ], [ -103.365340649291255, 25.524696066522957 ] ] ] } },
{ "type": "Feature", "properties": { "difference_1990_2000": 0.0, "difference_1990_2010": 343.0, "difference_1990_2020": 839.0 }, "geometry": { "type": "Polygon", "coordinates": [ [ [ -103.365340649291255, 25.503171575450629 ], [ -103.360768175583004, 25.503171575450629 ], [ -103.360768175583004, 25.49886713516835 ], [ -103.365340649291255, 25.49886713516835 ], [ -103.365340649291255, 25.503171575450629 ] ] ] } },
{ "type": "Feature", "properties": { "difference_1990_2000": 0.0, "difference_1990_2010": 39.0, "difference_1990_2020": 433.0 }, "geometry": { "type": "Polygon", "coordinates": [ [ [ -103.365340649291255, 25.507476168323041 ], [ -103.360768175583004, 25.507476168323048 ], [ -103.360768175583004, 25.503171575450629 ], [ -103.365340649291255, 25.503171575450629 ], [ -103.365340649291255, 25.507476168323041 ] ] ] } },
{ "type": "Feature", "properties": { "difference_1990_2000": 15.0, "difference_1990_2010": 318.0, "difference_1990_2020": 460.0 }, "geometry": { "type": "Polygon", "coordinates": [ [ [ -103.365340649291255, 25.593600132059201 ], [ -103.360768175583004, 25.593600132059237 ], [ -103.360768175583004, 25.589292478876903 ], [ -103.365340649291255, 25.589292478876903 ], [ -103.365340649291255, 25.593600132059201 ] ] ] } },
{ "type": "Feature", "properties": { "difference_1990_2000": 0.0, "difference_1990_2010": 0.0, "difference_1990_2020": 197.0 }, "geometry": { "type": "Polygon", "coordinates": [ [ [ -103.365340649291255, 25.576370439573534 ], [ -103.360768175583004, 25.576370439573555 ], [ -103.360768175583004, 25.572063399751524 ], [ -103.365340649291255, 25.572063399751489 ], [ -103.365340649291255, 25.576370439573534 ] ] ] } },
{ "type": "Feature", "properties": { "difference_1990_2000": 0.0, "difference_1990_2010": 207.0, "difference_1990_2020": 528.0 }, "geometry": { "type": "Polygon", "coordinates": [ [ [ -103.365340649291255, 25.511780913825977 ], [ -103.360768175583004, 25.511780913825994 ], [ -103.360768175583004, 25.507476168323048 ], [ -103.365340649291255, 25.507476168323041 ], [ -103.365340649291255, 25.511780913825977 ] ] ] } },
{ "type": "Feature", "properties": { "difference_1990_2000": 372.0, "difference_1990_2010": 1238.0, "difference_1990_2020": 1430.0 }, "geometry": { "type": "Polygon", "coordinates": [ [ [ -103.365340649291255, 25.559143199554043 ], [ -103.360768175583004, 25.559143199554043 ], [ -103.360768175583004, 25.554836772442435 ], [ -103.365340649291255, 25.554836772442435 ], [ -103.365340649291255, 25.559143199554043 ] ] ] } },
{ "type": "Feature", "properties": { "difference_1990_2000": 0.0, "difference_1990_2010": 126.0, "difference_1990_2020": 168.0 }, "geometry": { "type": "Polygon", "coordinates": [ [ [ -103.365340649291255, 25.494562847435752 ], [ -103.360768175583004, 25.494562847435752 ], [ -103.360768175583004, 25.490258712212455 ], [ -103.365340649291255, 25.490258712212455 ], [ -103.365340649291255, 25.494562847435752 ] ] ] } },
{ "type": "Feature", "properties": { "difference_1990_2000": 0.0, "difference_1990_2010": 117.0, "difference_1990_2020": 110.0 }, "geometry": { "type": "Polygon", "coordinates": [ [ [ -103.365340649291255, 25.602215898789581 ], [ -103.360768175583004, 25.602215898789581 ], [ -103.360768175583004, 25.597907938683242 ], [ -103.365340649291255, 25.597907938683242 ], [ -103.365340649291255, 25.602215898789581 ] ] ] } },
{ "type": "Feature", "properties": { "difference_1990_2000": 0.0, "difference_1990_2010": 9.0, "difference_1990_2020": 11.0 }, "geometry": { "type": "Polygon", "coordinates": [ [ [ -103.365340649291255, 25.485954729457927 ], [ -103.360768175583004, 25.485954729457973 ], [ -103.360768175583004, 25.481650899131989 ], [ -103.365340649291255, 25.481650899131939 ], [ -103.365340649291255, 25.485954729457927 ] ] ] } },
{ "type": "Feature", "properties": { "difference_1990_2000": 77.0, "difference_1990_2010": 6.0, "difference_1990_2020": -52.0 }, "geometry": { "type": "Polygon", "coordinates": [ [ [ -103.365340649291255, 25.529001422952906 ], [ -103.360768175583004, 25.529001422952906 ], [ -103.360768175583004, 25.524696066523017 ], [ -103.365340649291255, 25.524696066522957 ], [ -103.365340649291255, 25.529001422952906 ] ] ] } },
{ "type": "Feature", "properties": { "difference_1990_2000": -66.0, "difference_1990_2010": 1156.0, "difference_1990_2020": 1314.0 }, "geometry": { "type": "Polygon", "coordinates": [ [ [ -103.365340649291255, 25.54191840940236 ], [ -103.360768175583004, 25.541918409402399 ], [ -103.360768175583004, 25.537612594352098 ], [ -103.365340649291255, 25.537612594352098 ], [ -103.365340649291255, 25.54191840940236 ] ] ] } },
{ "type": "Feature", "properties": { "difference_1990_2000": -121.0, "difference_1990_2010": -300.0, "difference_1990_2020": -391.0 }, "geometry": { "type": "Polygon", "coordinates": [ [ [ -103.365340649291255, 25.533306932215755 ], [ -103.360768175583004, 25.533306932215755 ], [ -103.360768175583004, 25.529001422952906 ], [ -103.365340649291255, 25.529001422952906 ], [ -103.365340649291255, 25.533306932215755 ] ] ] } },
{ "type": "Feature", "properties": { "difference_1990_2000": 0.0, "difference_1990_2010": 1783.0, "difference_1990_2020": 2289.0 }, "geometry": { "type": "Polygon", "coordinates": [ [ [ -103.365340649291255, 25.550530498406982 ], [ -103.360768175583004, 25.550530498407017 ], [ -103.360768175583004, 25.54622437740721 ], [ -103.365340649291255, 25.54622437740721 ], [ -103.365340649291255, 25.550530498406982 ] ] ] } },
{ "type": "Feature", "properties": { "difference_1990_2000": 2.0, "difference_1990_2010": 15.0, "difference_1990_2020": -3.0 }, "geometry": { "type": "Polygon", "coordinates": [ [ [ -103.365340649291255, 25.597907938683242 ], [ -103.360768175583004, 25.597907938683242 ], [ -103.360768175583004, 25.593600132059237 ], [ -103.365340649291255, 25.593600132059201 ], [ -103.365340649291255, 25.597907938683242 ] ] ] } },
{ "type": "Feature", "properties": { "difference_1990_2000": 0.0, "difference_1990_2010": 0.0, "difference_1990_2020": 48.0 }, "geometry": { "type": "Polygon", "coordinates": [ [ [ -103.365340649291255, 25.572063399751489 ], [ -103.360768175583004, 25.572063399751524 ], [ -103.360768175583004, 25.567756513167971 ], [ -103.365340649291255, 25.567756513167971 ], [ -103.365340649291255, 25.572063399751489 ] ] ] } },
{ "type": "Feature", "properties": { "difference_1990_2000": 0.0, "difference_1990_2010": 823.0, "difference_1990_2020": 1385.0 }, "geometry": { "type": "Polygon", "coordinates": [ [ [ -103.365340649291255, 25.49886713516835 ], [ -103.360768175583004, 25.49886713516835 ], [ -103.360768175583004, 25.494562847435752 ], [ -103.365340649291255, 25.494562847435752 ], [ -103.365340649291255, 25.49886713516835 ] ] ] } },
{ "type": "Feature", "properties": { "difference_1990_2000": 0.0, "difference_1990_2010": 1405.0, "difference_1990_2020": 1802.0 }, "geometry": { "type": "Polygon", "coordinates": [ [ [ -103.365340649291255, 25.54622437740721 ], [ -103.360768175583004, 25.54622437740721 ], [ -103.360768175583004, 25.541918409402399 ], [ -103.365340649291255, 25.54191840940236 ], [ -103.365340649291255, 25.54622437740721 ] ] ] } },
{ "type": "Feature", "properties": { "difference_1990_2000": 0.0, "difference_1990_2010": 143.0, "difference_1990_2020": 1494.0 }, "geometry": { "type": "Polygon", "coordinates": [ [ [ -103.365340649291255, 25.584984979095623 ], [ -103.360768175583004, 25.584984979095623 ], [ -103.360768175583004, 25.580677632674703 ], [ -103.365340649291255, 25.580677632674668 ], [ -103.365340649291255, 25.584984979095623 ] ] ] } },
{ "type": "Feature", "properties": { "difference_1990_2000": 37.0, "difference_1990_2010": 428.0, "difference_1990_2020": 353.0 }, "geometry": { "type": "Polygon", "coordinates": [ [ [ -103.365340649291255, 25.537612594352098 ], [ -103.360768175583004, 25.537612594352098 ], [ -103.360768175583004, 25.533306932215755 ], [ -103.365340649291255, 25.533306932215755 ], [ -103.365340649291255, 25.537612594352098 ] ] ] } },
{ "type": "Feature", "properties": { "difference_1990_2000": 0.0, "difference_1990_2010": 180.0, "difference_1990_2020": 304.0 }, "geometry": { "type": "Polygon", "coordinates": [ [ [ -103.543667123914034, 25.589292478876903 ], [ -103.539094650205755, 25.589292478876903 ], [ -103.539094650205755, 25.584984979095623 ], [ -103.543667123914034, 25.584984979095623 ], [ -103.543667123914034, 25.589292478876903 ] ] ] } },
{ "type": "Feature", "properties": { "difference_1990_2000": 1.0, "difference_1990_2010": 186.0, "difference_1990_2020": 605.0 }, "geometry": { "type": "Polygon", "coordinates": [ [ [ -103.543667123914034, 25.554836772442474 ], [ -103.539094650205755, 25.554836772442435 ], [ -103.539094650205755, 25.550530498407017 ], [ -103.543667123914034, 25.550530498407017 ], [ -103.543667123914034, 25.554836772442474 ] ] ] } },
{ "type": "Feature", "properties": { "difference_1990_2000": 0.0, "difference_1990_2010": 61.0, "difference_1990_2020": 106.0 }, "geometry": { "type": "Polygon", "coordinates": [ [ [ -103.543667123914034, 25.593600132059237 ], [ -103.539094650205755, 25.593600132059201 ], [ -103.539094650205755, 25.589292478876903 ], [ -103.543667123914034, 25.589292478876903 ], [ -103.543667123914034, 25.593600132059237 ] ] ] } },
{ "type": "Feature", "properties": { "difference_1990_2000": 0.0, "difference_1990_2010": 0.0, "difference_1990_2020": 39.0 }, "geometry": { "type": "Polygon", "coordinates": [ [ [ -103.543667123914034, 25.563449779782346 ], [ -103.539094650205755, 25.563449779782346 ], [ -103.539094650205755, 25.559143199554043 ], [ -103.543667123914034, 25.559143199554043 ], [ -103.543667123914034, 25.563449779782346 ] ] ] } },
{ "type": "Feature", "properties": { "difference_1990_2000": 0.0, "difference_1990_2010": 820.0, "difference_1990_2020": 1139.0 }, "geometry": { "type": "Polygon", "coordinates": [ [ [ -103.543667123914034, 25.559143199554043 ], [ -103.539094650205755, 25.559143199554043 ], [ -103.539094650205755, 25.554836772442435 ], [ -103.543667123914034, 25.554836772442474 ], [ -103.543667123914034, 25.559143199554043 ] ] ] } },
{ "type": "Feature", "properties": { "difference_1990_2000": 46.0, "difference_1990_2010": 49.0, "difference_1990_2020": 47.0 }, "geometry": { "type": "Polygon", "coordinates": [ [ [ -103.543667123914034, 25.533306932215755 ], [ -103.539094650205755, 25.533306932215755 ], [ -103.539094650205755, 25.529001422952884 ], [ -103.543667123914034, 25.529001422952906 ], [ -103.543667123914034, 25.533306932215755 ] ] ] } },
{ "type": "Feature", "properties": { "difference_1990_2000": 91.0, "difference_1990_2010": 179.0, "difference_1990_2020": 197.0 }, "geometry": { "type": "Polygon", "coordinates": [ [ [ -103.543667123914034, 25.541918409402399 ], [ -103.539094650205755, 25.54191840940236 ], [ -103.539094650205755, 25.537612594352062 ], [ -103.543667123914034, 25.537612594352115 ], [ -103.543667123914034, 25.541918409402399 ] ] ] } },
{ "type": "Feature", "properties": { "difference_1990_2000": 11.0, "difference_1990_2010": 695.0, "difference_1990_2020": 1983.0 }, "geometry": { "type": "Polygon", "coordinates": [ [ [ -103.543667123914034, 25.550530498407017 ], [ -103.539094650205755, 25.550530498407017 ], [ -103.539094650205755, 25.54622437740721 ], [ -103.543667123914034, 25.54622437740721 ], [ -103.543667123914034, 25.550530498407017 ] ] ] } },
{ "type": "Feature", "properties": { "difference_1990_2000": -43.0, "difference_1990_2010": 501.0, "difference_1990_2020": 585.0 }, "geometry": { "type": "Polygon", "coordinates": [ [ [ -103.543667123914034, 25.54622437740721 ], [ -103.539094650205755, 25.54622437740721 ], [ -103.539094650205755, 25.54191840940236 ], [ -103.543667123914034, 25.541918409402399 ], [ -103.543667123914034, 25.54622437740721 ] ] ] } },
{ "type": "Feature", "properties": { "difference_1990_2000": 0.0, "difference_1990_2010": 22.0, "difference_1990_2020": 30.0 }, "geometry": { "type": "Polygon", "coordinates": [ [ [ -103.543667123914034, 25.584984979095623 ], [ -103.539094650205755, 25.584984979095623 ], [ -103.539094650205755, 25.580677632674668 ], [ -103.543667123914034, 25.580677632674703 ], [ -103.543667123914034, 25.584984979095623 ] ] ] } },
{ "type": "Feature", "properties": { "difference_1990_2000": 250.0, "difference_1990_2010": 290.0, "difference_1990_2020": 276.0 }, "geometry": { "type": "Polygon", "coordinates": [ [ [ -103.543667123914034, 25.537612594352115 ], [ -103.539094650205755, 25.537612594352062 ], [ -103.539094650205755, 25.533306932215755 ], [ -103.543667123914034, 25.533306932215755 ], [ -103.543667123914034, 25.537612594352115 ] ] ] } },
{ "type": "Feature", "properties": { "difference_1990_2000": 0.0, "difference_1990_2010": 1627.0, "difference_1990_2020": 2574.0 }, "geometry": { "type": "Polygon", "coordinates": [ [ [ -103.356195701874725, 25.520390862885513 ], [ -103.351623228166474, 25.520390862885499 ], [ -103.351623228166474, 25.516085812000036 ], [ -103.356195701874725, 25.516085812000071 ], [ -103.356195701874725, 25.520390862885513 ] ] ] } },
{ "type": "Feature", "properties": { "difference_1990_2000": 0.0, "difference_1990_2010": 220.0, "difference_1990_2020": 325.0 }, "geometry": { "type": "Polygon", "coordinates": [ [ [ -103.356195701874725, 25.490258712212455 ], [ -103.351623228166474, 25.490258712212455 ], [ -103.351623228166474, 25.485954729457962 ], [ -103.356195701874725, 25.485954729457962 ], [ -103.356195701874725, 25.490258712212455 ] ] ] } },
{ "type": "Feature", "properties": { "difference_1990_2000": 0.0, "difference_1990_2010": 0.0, "difference_1990_2020": 2437.0 }, "geometry": { "type": "Polygon", "coordinates": [ [ [ -103.356195701874725, 25.589292478876903 ], [ -103.351623228166474, 25.589292478876875 ], [ -103.351623228166474, 25.584984979095623 ], [ -103.356195701874725, 25.58498497909563 ], [ -103.356195701874725, 25.589292478876903 ] ] ] } },
{ "type": "Feature", "properties": { "difference_1990_2000": 44.0, "difference_1990_2010": 2033.0, "difference_1990_2020": 2652.0 }, "geometry": { "type": "Polygon", "coordinates": [ [ [ -103.356195701874725, 25.554836772442474 ], [ -103.351623228166474, 25.554836772442435 ], [ -103.351623228166474, 25.550530498407017 ], [ -103.356195701874725, 25.550530498407017 ], [ -103.356195701874725, 25.554836772442474 ] ] ] } },
{ "type": "Feature", "properties": { "difference_1990_2000": 0.0, "difference_1990_2010": 0.0, "difference_1990_2020": 52.0 }, "geometry": { "type": "Polygon", "coordinates": [ [ [ -103.356195701874725, 25.580677632674703 ], [ -103.351623228166474, 25.580677632674703 ], [ -103.351623228166474, 25.576370439573555 ], [ -103.356195701874725, 25.576370439573555 ], [ -103.356195701874725, 25.580677632674703 ] ] ] } },
{ "type": "Feature", "properties": { "difference_1990_2000": 0.0, "difference_1990_2010": 1683.0, "difference_1990_2020": 2552.0 }, "geometry": { "type": "Polygon", "coordinates": [ [ [ -103.356195701874725, 25.516085812000071 ], [ -103.351623228166474, 25.516085812000036 ], [ -103.351623228166474, 25.511780913825994 ], [ -103.356195701874725, 25.511780913826033 ], [ -103.356195701874725, 25.516085812000071 ] ] ] } },
{ "type": "Feature", "properties": { "difference_1990_2000": 0.0, "difference_1990_2010": 1396.0, "difference_1990_2020": 1999.0 }, "geometry": { "type": "Polygon", "coordinates": [ [ [ -103.356195701874725, 25.524696066522957 ], [ -103.351623228166474, 25.524696066522942 ], [ -103.351623228166474, 25.520390862885499 ], [ -103.356195701874725, 25.520390862885513 ], [ -103.356195701874725, 25.524696066522957 ] ] ] } },
{ "type": "Feature", "properties": { "difference_1990_2000": 0.0, "difference_1990_2010": 222.0, "difference_1990_2020": 633.0 }, "geometry": { "type": "Polygon", "coordinates": [ [ [ -103.356195701874725, 25.503171575450629 ], [ -103.351623228166474, 25.503171575450629 ], [ -103.351623228166474, 25.49886713516835 ], [ -103.356195701874725, 25.49886713516835 ], [ -103.356195701874725, 25.503171575450629 ] ] ] } },
{ "type": "Feature", "properties": { "difference_1990_2000": 0.0, "difference_1990_2010": 2057.0, "difference_1990_2020": 2620.0 }, "geometry": { "type": "Polygon", "coordinates": [ [ [ -103.356195701874725, 25.507476168323041 ], [ -103.351623228166474, 25.507476168323006 ], [ -103.351623228166474, 25.503171575450629 ], [ -103.356195701874725, 25.503171575450629 ], [ -103.356195701874725, 25.507476168323041 ] ] ] } },
{ "type": "Feature", "properties": { "difference_1990_2000": -48.0, "difference_1990_2010": -143.0, "difference_1990_2020": -15.0 }, "geometry": { "type": "Polygon", "coordinates": [ [ [ -103.356195701874725, 25.593600132059237 ], [ -103.351623228166474, 25.59360013205918 ], [ -103.351623228166474, 25.589292478876875 ], [ -103.356195701874725, 25.589292478876903 ], [ -103.356195701874725, 25.593600132059237 ] ] ] } },
{ "type": "Feature", "properties": { "difference_1990_2000": 0.0, "difference_1990_2010": 177.0, "difference_1990_2020": 1442.0 }, "geometry": { "type": "Polygon", "coordinates": [ [ [ -103.356195701874725, 25.563449779782346 ], [ -103.351623228166474, 25.563449779782324 ], [ -103.351623228166474, 25.559143199554043 ], [ -103.356195701874725, 25.559143199554043 ], [ -103.356195701874725, 25.563449779782346 ] ] ] } },
{ "type": "Feature", "properties": { "difference_1990_2000": 309.0, "difference_1990_2010": 1751.0, "difference_1990_2020": 2303.0 }, "geometry": { "type": "Polygon", "coordinates": [ [ [ -103.356195701874725, 25.559143199554043 ], [ -103.351623228166474, 25.559143199554043 ], [ -103.351623228166474, 25.554836772442435 ], [ -103.356195701874725, 25.554836772442474 ], [ -103.356195701874725, 25.559143199554043 ] ] ] } },
{ "type": "Feature", "properties": { "difference_1990_2000": 0.0, "difference_1990_2010": 2916.0, "difference_1990_2020": 3602.0 }, "geometry": { "type": "Polygon", "coordinates": [ [ [ -103.356195701874725, 25.511780913826033 ], [ -103.351623228166474, 25.511780913825994 ], [ -103.351623228166474, 25.507476168323006 ], [ -103.356195701874725, 25.507476168323041 ], [ -103.356195701874725, 25.511780913826033 ] ] ] } },
{ "type": "Feature", "properties": { "difference_1990_2000": 0.0, "difference_1990_2010": 744.0, "difference_1990_2020": 1083.0 }, "geometry": { "type": "Polygon", "coordinates": [ [ [ -103.356195701874725, 25.494562847435752 ], [ -103.351623228166474, 25.494562847435752 ], [ -103.351623228166474, 25.490258712212455 ], [ -103.356195701874725, 25.490258712212455 ], [ -103.356195701874725, 25.494562847435752 ] ] ] } },
{ "type": "Feature", "properties": { "difference_1990_2000": 0.0, "difference_1990_2010": 0.0, "difference_1990_2020": 1241.0 }, "geometry": { "type": "Polygon", "coordinates": [ [ [ -103.356195701874725, 25.567756513167971 ], [ -103.351623228166474, 25.567756513167971 ], [ -103.351623228166474, 25.563449779782324 ], [ -103.356195701874725, 25.563449779782346 ], [ -103.356195701874725, 25.567756513167971 ] ] ] } },
{ "type": "Feature", "properties": { "difference_1990_2000": 0.0, "difference_1990_2010": 839.0, "difference_1990_2020": 870.0 }, "geometry": { "type": "Polygon", "coordinates": [ [ [ -103.356195701874725, 25.529001422952906 ], [ -103.351623228166474, 25.529001422952884 ], [ -103.351623228166474, 25.524696066522942 ], [ -103.356195701874725, 25.524696066522957 ], [ -103.356195701874725, 25.529001422952906 ] ] ] } },
{ "type": "Feature", "properties": { "difference_1990_2000": 0.0, "difference_1990_2010": 178.0, "difference_1990_2020": 165.0 }, "geometry": { "type": "Polygon", "coordinates": [ [ [ -103.356195701874725, 25.533306932215755 ], [ -103.351623228166474, 25.533306932215737 ], [ -103.351623228166474, 25.529001422952884 ], [ -103.356195701874725, 25.529001422952906 ], [ -103.356195701874725, 25.533306932215755 ] ] ] } },
{ "type": "Feature", "properties": { "difference_1990_2000": -27.0, "difference_1990_2010": -54.0, "difference_1990_2020": -89.0 }, "geometry": { "type": "Polygon", "coordinates": [ [ [ -103.356195701874725, 25.597907938683242 ], [ -103.351623228166474, 25.597907938683242 ], [ -103.351623228166474, 25.59360013205918 ], [ -103.356195701874725, 25.593600132059237 ], [ -103.356195701874725, 25.597907938683242 ] ] ] } },
{ "type": "Feature", "properties": { "difference_1990_2000": 1404.0, "difference_1990_2010": 1688.0, "difference_1990_2020": 2133.0 }, "geometry": { "type": "Polygon", "coordinates": [ [ [ -103.356195701874725, 25.541918409402399 ], [ -103.351623228166474, 25.54191840940236 ], [ -103.351623228166474, 25.537612594352062 ], [ -103.356195701874725, 25.537612594352115 ], [ -103.356195701874725, 25.541918409402399 ] ] ] } },
{ "type": "Feature", "properties": { "difference_1990_2000": 0.0, "difference_1990_2010": 1758.0, "difference_1990_2020": 2490.0 }, "geometry": { "type": "Polygon", "coordinates": [ [ [ -103.356195701874725, 25.550530498407017 ], [ -103.351623228166474, 25.550530498407017 ], [ -103.351623228166474, 25.54622437740721 ], [ -103.356195701874725, 25.546224377407228 ], [ -103.356195701874725, 25.550530498407017 ] ] ] } },
{ "type": "Feature", "properties": { "difference_1990_2000": 0.0, "difference_1990_2010": 216.0, "difference_1990_2020": 429.0 }, "geometry": { "type": "Polygon", "coordinates": [ [ [ -103.356195701874725, 25.49886713516835 ], [ -103.351623228166474, 25.49886713516835 ], [ -103.351623228166474, 25.494562847435752 ], [ -103.356195701874725, 25.494562847435752 ], [ -103.356195701874725, 25.49886713516835 ] ] ] } },
{ "type": "Feature", "properties": { "difference_1990_2000": 0.0, "difference_1990_2010": 0.0, "difference_1990_2020": 657.0 }, "geometry": { "type": "Polygon", "coordinates": [ [ [ -103.356195701874725, 25.58498497909563 ], [ -103.351623228166474, 25.584984979095623 ], [ -103.351623228166474, 25.580677632674703 ], [ -103.356195701874725, 25.580677632674703 ], [ -103.356195701874725, 25.58498497909563 ] ] ] } },
{ "type": "Feature", "properties": { "difference_1990_2000": 756.0, "difference_1990_2010": 1978.0, "difference_1990_2020": 2167.0 }, "geometry": { "type": "Polygon", "coordinates": [ [ [ -103.356195701874725, 25.546224377407228 ], [ -103.351623228166474, 25.54622437740721 ], [ -103.351623228166474, 25.54191840940236 ], [ -103.356195701874725, 25.541918409402399 ], [ -103.356195701874725, 25.546224377407228 ] ] ] } },
{ "type": "Feature", "properties": { "difference_1990_2000": 448.0, "difference_1990_2010": 788.0, "difference_1990_2020": 989.0 }, "geometry": { "type": "Polygon", "coordinates": [ [ [ -103.356195701874725, 25.537612594352115 ], [ -103.351623228166474, 25.537612594352062 ], [ -103.351623228166474, 25.533306932215737 ], [ -103.356195701874725, 25.533306932215755 ], [ -103.356195701874725, 25.537612594352115 ] ] ] } },
{ "type": "Feature", "properties": { "difference_1990_2000": 49.0, "difference_1990_2010": 57.0, "difference_1990_2020": 55.0 }, "geometry": { "type": "Polygon", "coordinates": [ [ [ -103.534522176497475, 25.520390862885513 ], [ -103.529949702789224, 25.520390862885513 ], [ -103.529949702789224, 25.516085812000011 ], [ -103.534522176497475, 25.516085812000071 ], [ -103.534522176497475, 25.520390862885513 ] ] ] } },
{ "type": "Feature", "properties": { "difference_1990_2000": 42.0, "difference_1990_2010": 82.0, "difference_1990_2020": 98.0 }, "geometry": { "type": "Polygon", "coordinates": [ [ [ -103.534522176497475, 25.606524012419019 ], [ -103.529949702789224, 25.606524012418983 ], [ -103.529949702789224, 25.602215898789581 ], [ -103.534522176497475, 25.602215898789581 ], [ -103.534522176497475, 25.606524012419019 ] ] ] } },
{ "type": "Feature", "properties": { "difference_1990_2000": 613.0, "difference_1990_2010": 663.0, "difference_1990_2020": 776.0 }, "geometry": { "type": "Polygon", "coordinates": [ [ [ -103.534522176497475, 25.589292478876903 ], [ -103.529949702789224, 25.589292478876903 ], [ -103.529949702789224, 25.584984979095623 ], [ -103.534522176497475, 25.584984979095623 ], [ -103.534522176497475, 25.589292478876903 ] ] ] } },
{ "type": "Feature", "properties": { "difference_1990_2000": 35.0, "difference_1990_2010": 116.0, "difference_1990_2020": 176.0 }, "geometry": { "type": "Polygon", "coordinates": [ [ [ -103.534522176497475, 25.554836772442435 ], [ -103.529949702789224, 25.554836772442435 ], [ -103.529949702789224, 25.550530498407017 ], [ -103.534522176497475, 25.550530498407017 ], [ -103.534522176497475, 25.554836772442435 ] ] ] } },
{ "type": "Feature", "properties": { "difference_1990_2000": 780.0, "difference_1990_2010": 609.0, "difference_1990_2020": 774.0 }, "geometry": { "type": "Polygon", "coordinates": [ [ [ -103.534522176497475, 25.580677632674703 ], [ -103.529949702789224, 25.580677632674703 ], [ -103.529949702789224, 25.576370439573555 ], [ -103.534522176497475, 25.576370439573584 ], [ -103.534522176497475, 25.580677632674703 ] ] ] } },
{ "type": "Feature", "properties": { "difference_1990_2000": 22.0, "difference_1990_2010": 29.0, "difference_1990_2020": 31.0 }, "geometry": { "type": "Polygon", "coordinates": [ [ [ -103.534522176497475, 25.516085812000071 ], [ -103.529949702789224, 25.516085812000011 ], [ -103.529949702789224, 25.511780913825994 ], [ -103.534522176497475, 25.511780913825994 ], [ -103.534522176497475, 25.516085812000071 ] ] ] } },
{ "type": "Feature", "properties": { "difference_1990_2000": 93.0, "difference_1990_2010": 83.0, "difference_1990_2020": 63.0 }, "geometry": { "type": "Polygon", "coordinates": [ [ [ -103.534522176497475, 25.524696066522957 ], [ -103.529949702789224, 25.524696066522957 ], [ -103.529949702789224, 25.520390862885513 ], [ -103.534522176497475, 25.520390862885513 ], [ -103.534522176497475, 25.524696066522957 ] ] ] } },
{ "type": "Feature", "properties": { "difference_1990_2000": 0.0, "difference_1990_2010": 142.0, "difference_1990_2020": 148.0 }, "geometry": { "type": "Polygon", "coordinates": [ [ [ -103.534522176497475, 25.507476168323041 ], [ -103.529949702789224, 25.507476168323041 ], [ -103.529949702789224, 25.503171575450629 ], [ -103.534522176497475, 25.503171575450629 ], [ -103.534522176497475, 25.507476168323041 ] ] ] } },
{ "type": "Feature", "properties": { "difference_1990_2000": 244.0, "difference_1990_2010": 307.0, "difference_1990_2020": 419.0 }, "geometry": { "type": "Polygon", "coordinates": [ [ [ -103.534522176497475, 25.593600132059201 ], [ -103.529949702789224, 25.593600132059201 ], [ -103.529949702789224, 25.589292478876903 ], [ -103.534522176497475, 25.589292478876903 ], [ -103.534522176497475, 25.593600132059201 ] ] ] } },
{ "type": "Feature", "properties": { "difference_1990_2000": 4.0, "difference_1990_2010": 7.0, "difference_1990_2020": 8.0 }, "geometry": { "type": "Polygon", "coordinates": [ [ [ -103.534522176497475, 25.610832279612154 ], [ -103.529949702789224, 25.610832279612154 ], [ -103.529949702789224, 25.606524012418983 ], [ -103.534522176497475, 25.606524012419019 ], [ -103.534522176497475, 25.610832279612154 ] ] ] } },
{ "type": "Feature", "properties": { "difference_1990_2000": 0.0, "difference_1990_2010": 26.0, "difference_1990_2020": 22.0 }, "geometry": { "type": "Polygon", "coordinates": [ [ [ -103.534522176497475, 25.511780913825994 ], [ -103.529949702789224, 25.511780913825994 ], [ -103.529949702789224, 25.507476168323041 ], [ -103.534522176497475, 25.507476168323041 ], [ -103.534522176497475, 25.511780913825994 ] ] ] } },
{ "type": "Feature", "properties": { "difference_1990_2000": 0.0, "difference_1990_2010": 760.0, "difference_1990_2020": 1359.0 }, "geometry": { "type": "Polygon", "coordinates": [ [ [ -103.534522176497475, 25.563449779782346 ], [ -103.529949702789224, 25.563449779782346 ], [ -103.529949702789224, 25.559143199554043 ], [ -103.534522176497475, 25.559143199554043 ], [ -103.534522176497475, 25.563449779782346 ] ] ] } },
{ "type": "Feature", "properties": { "difference_1990_2000": 149.0, "difference_1990_2010": 598.0, "difference_1990_2020": 1124.0 }, "geometry": { "type": "Polygon", "coordinates": [ [ [ -103.534522176497475, 25.576370439573584 ], [ -103.529949702789224, 25.576370439573555 ], [ -103.529949702789224, 25.572063399751489 ], [ -103.534522176497475, 25.572063399751489 ], [ -103.534522176497475, 25.576370439573584 ] ] ] } },
{ "type": "Feature", "properties": { "difference_1990_2000": 4.0, "difference_1990_2010": 569.0, "difference_1990_2020": 917.0 }, "geometry": { "type": "Polygon", "coordinates": [ [ [ -103.534522176497475, 25.559143199554043 ], [ -103.529949702789224, 25.559143199554043 ], [ -103.529949702789224, 25.554836772442435 ], [ -103.534522176497475, 25.554836772442435 ], [ -103.534522176497475, 25.559143199554043 ] ] ] } },
{ "type": "Feature", "properties": { "difference_1990_2000": 60.0, "difference_1990_2010": 119.0, "difference_1990_2020": 141.0 }, "geometry": { "type": "Polygon", "coordinates": [ [ [ -103.534522176497475, 25.602215898789581 ], [ -103.529949702789224, 25.602215898789581 ], [ -103.529949702789224, 25.597907938683242 ], [ -103.534522176497475, 25.597907938683278 ], [ -103.534522176497475, 25.602215898789581 ] ] ] } },
{ "type": "Feature", "properties": { "difference_1990_2000": 94.0, "difference_1990_2010": 846.0, "difference_1990_2020": 1349.0 }, "geometry": { "type": "Polygon", "coordinates": [ [ [ -103.534522176497475, 25.567756513167971 ], [ -103.529949702789224, 25.567756513167971 ], [ -103.529949702789224, 25.563449779782346 ], [ -103.534522176497475, 25.563449779782346 ], [ -103.534522176497475, 25.567756513167971 ] ] ] } },
{ "type": "Feature", "properties": { "difference_1990_2000": 132.0, "difference_1990_2010": 102.0, "difference_1990_2020": 59.0 }, "geometry": { "type": "Polygon", "coordinates": [ [ [ -103.534522176497475, 25.529001422952906 ], [ -103.529949702789224, 25.529001422952906 ], [ -103.529949702789224, 25.524696066522957 ], [ -103.534522176497475, 25.524696066522957 ], [ -103.534522176497475, 25.529001422952906 ] ] ] } },
{ "type": "Feature", "properties": { "difference_1990_2000": -79.0, "difference_1990_2010": -186.0, "difference_1990_2020": -92.0 }, "geometry": { "type": "Polygon", "coordinates": [ [ [ -103.534522176497475, 25.533306932215755 ], [ -103.529949702789224, 25.533306932215755 ], [ -103.529949702789224, 25.529001422952906 ], [ -103.534522176497475, 25.529001422952906 ], [ -103.534522176497475, 25.533306932215755 ] ] ] } },
{ "type": "Feature", "properties": { "difference_1990_2000": 80.0, "difference_1990_2010": 10.0, "difference_1990_2020": -70.0 }, "geometry": { "type": "Polygon", "coordinates": [ [ [ -103.534522176497475, 25.541918409402399 ], [ -103.529949702789224, 25.541918409402399 ], [ -103.529949702789224, 25.537612594352098 ], [ -103.534522176497475, 25.537612594352098 ], [ -103.534522176497475, 25.541918409402399 ] ] ] } },
{ "type": "Feature", "properties": { "difference_1990_2000": 105.0, "difference_1990_2010": 174.0, "difference_1990_2020": 310.0 }, "geometry": { "type": "Polygon", "coordinates": [ [ [ -103.534522176497475, 25.550530498407017 ], [ -103.529949702789224, 25.550530498407017 ], [ -103.529949702789224, 25.54622437740721 ], [ -103.534522176497475, 25.54622437740721 ], [ -103.534522176497475, 25.550530498407017 ] ] ] } },
{ "type": "Feature", "properties": { "difference_1990_2000": 146.0, "difference_1990_2010": 618.0, "difference_1990_2020": 1155.0 }, "geometry": { "type": "Polygon", "coordinates": [ [ [ -103.534522176497475, 25.572063399751489 ], [ -103.529949702789224, 25.572063399751489 ], [ -103.529949702789224, 25.567756513167971 ], [ -103.534522176497475, 25.567756513167971 ], [ -103.534522176497475, 25.572063399751489 ] ] ] } },
{ "type": "Feature", "properties": { "difference_1990_2000": 303.0, "difference_1990_2010": 371.0, "difference_1990_2020": 417.0 }, "geometry": { "type": "Polygon", "coordinates": [ [ [ -103.534522176497475, 25.597907938683278 ], [ -103.529949702789224, 25.597907938683242 ], [ -103.529949702789224, 25.593600132059201 ], [ -103.534522176497475, 25.593600132059201 ], [ -103.534522176497475, 25.597907938683278 ] ] ] } },
{ "type": "Feature", "properties": { "difference_1990_2000": 95.0, "difference_1990_2010": 98.0, "difference_1990_2020": 103.0 }, "geometry": { "type": "Polygon", "coordinates": [ [ [ -103.534522176497475, 25.54622437740721 ], [ -103.529949702789224, 25.54622437740721 ], [ -103.529949702789224, 25.541918409402399 ], [ -103.534522176497475, 25.541918409402399 ], [ -103.534522176497475, 25.54622437740721 ] ] ] } },
{ "type": "Feature", "properties": { "difference_1990_2000": 1107.0, "difference_1990_2010": 1423.0, "difference_1990_2020": 1591.0 }, "geometry": { "type": "Polygon", "coordinates": [ [ [ -103.534522176497475, 25.584984979095623 ], [ -103.529949702789224, 25.584984979095623 ], [ -103.529949702789224, 25.580677632674703 ], [ -103.534522176497475, 25.580677632674703 ], [ -103.534522176497475, 25.584984979095623 ] ] ] } },
{ "type": "Feature", "properties": { "difference_1990_2000": -203.0, "difference_1990_2010": -337.0, "difference_1990_2020": -287.0 }, "geometry": { "type": "Polygon", "coordinates": [ [ [ -103.534522176497475, 25.537612594352098 ], [ -103.529949702789224, 25.537612594352098 ], [ -103.529949702789224, 25.533306932215755 ], [ -103.534522176497475, 25.533306932215755 ], [ -103.534522176497475, 25.537612594352098 ] ] ] } },
{ "type": "Feature", "properties": { "difference_1990_2000": 63.0, "difference_1990_2010": 59.0, "difference_1990_2020": 1965.0 }, "geometry": { "type": "Polygon", "coordinates": [ [ [ -103.347050754458181, 25.520390862885513 ], [ -103.342478280749873, 25.520390862885513 ], [ -103.342478280749873, 25.516085812000036 ], [ -103.347050754458181, 25.516085812000036 ], [ -103.347050754458181, 25.520390862885513 ] ] ] } },
{ "type": "Feature", "properties": { "difference_1990_2000": 0.0, "difference_1990_2010": 0.0, "difference_1990_2020": 1186.0 }, "geometry": { "type": "Polygon", "coordinates": [ [ [ -103.347050754458181, 25.554836772442435 ], [ -103.342478280749873, 25.554836772442435 ], [ -103.342478280749873, 25.550530498407017 ], [ -103.347050754458181, 25.550530498407017 ], [ -103.347050754458181, 25.554836772442435 ] ] ] } },
{ "type": "Feature", "properties": { "difference_1990_2000": 0.0, "difference_1990_2010": 647.0, "difference_1990_2020": 1602.0 }, "geometry": { "type": "Polygon", "coordinates": [ [ [ -103.347050754458181, 25.516085812000036 ], [ -103.342478280749873, 25.516085812000036 ], [ -103.342478280749873, 25.511780913825994 ], [ -103.347050754458181, 25.511780913825994 ], [ -103.347050754458181, 25.516085812000036 ] ] ] } },
{ "type": "Feature", "properties": { "difference_1990_2000": 1658.0, "difference_1990_2010": 1668.0, "difference_1990_2020": 1778.0 }, "geometry": { "type": "Polygon", "coordinates": [ [ [ -103.347050754458181, 25.524696066522957 ], [ -103.342478280749873, 25.524696066522996 ], [ -103.342478280749873, 25.520390862885513 ], [ -103.347050754458181, 25.520390862885513 ], [ -103.347050754458181, 25.524696066522957 ] ] ] } },
{ "type": "Feature", "properties": { "difference_1990_2000": 0.0, "difference_1990_2010": 57.0, "difference_1990_2020": 746.0 }, "geometry": { "type": "Polygon", "coordinates": [ [ [ -103.347050754458181, 25.503171575450629 ], [ -103.342478280749873, 25.503171575450629 ], [ -103.342478280749873, 25.49886713516835 ], [ -103.347050754458181, 25.49886713516835 ], [ -103.347050754458181, 25.503171575450629 ] ] ] } },
{ "type": "Feature", "properties": { "difference_1990_2000": 0.0, "difference_1990_2010": 710.0, "difference_1990_2020": 1885.0 }, "geometry": { "type": "Polygon", "coordinates": [ [ [ -103.347050754458181, 25.507476168323006 ], [ -103.342478280749873, 25.507476168323048 ], [ -103.342478280749873, 25.503171575450629 ], [ -103.347050754458181, 25.503171575450629 ], [ -103.347050754458181, 25.507476168323006 ] ] ] } },
{ "type": "Feature", "properties": { "difference_1990_2000": 0.0, "difference_1990_2010": 636.0, "difference_1990_2020": 2157.0 }, "geometry": { "type": "Polygon", "coordinates": [ [ [ -103.347050754458181, 25.511780913825994 ], [ -103.342478280749873, 25.511780913825994 ], [ -103.342478280749873, 25.507476168323048 ], [ -103.347050754458181, 25.507476168323006 ], [ -103.347050754458181, 25.511780913825994 ] ] ] } },
{ "type": "Feature", "properties": { "difference_1990_2000": 0.0, "difference_1990_2010": 0.0, "difference_1990_2020": 554.0 }, "geometry": { "type": "Polygon", "coordinates": [ [ [ -103.347050754458181, 25.563449779782346 ], [ -103.342478280749873, 25.563449779782381 ], [ -103.342478280749873, 25.559143199554043 ], [ -103.347050754458181, 25.559143199554043 ], [ -103.347050754458181, 25.563449779782346 ] ] ] } },
{ "type": "Feature", "properties": { "difference_1990_2000": 0.0, "difference_1990_2010": 0.0, "difference_1990_2020": 1665.0 }, "geometry": { "type": "Polygon", "coordinates": [ [ [ -103.347050754458181, 25.559143199554043 ], [ -103.342478280749873, 25.559143199554043 ], [ -103.342478280749873, 25.554836772442435 ], [ -103.347050754458181, 25.554836772442435 ], [ -103.347050754458181, 25.559143199554043 ] ] ] } },
{ "type": "Feature", "properties": { "difference_1990_2000": 0.0, "difference_1990_2010": 625.0, "difference_1990_2020": 930.0 }, "geometry": { "type": "Polygon", "coordinates": [ [ [ -103.347050754458181, 25.494562847435752 ], [ -103.342478280749873, 25.494562847435752 ], [ -103.342478280749873, 25.490258712212455 ], [ -103.347050754458181, 25.490258712212455 ], [ -103.347050754458181, 25.494562847435752 ] ] ] } },
{ "type": "Feature", "properties": { "difference_1990_2000": 1136.0, "difference_1990_2010": 1261.0, "difference_1990_2020": 1310.0 }, "geometry": { "type": "Polygon", "coordinates": [ [ [ -103.347050754458181, 25.529001422952906 ], [ -103.342478280749873, 25.529001422952906 ], [ -103.342478280749873, 25.524696066522996 ], [ -103.347050754458181, 25.524696066522957 ], [ -103.347050754458181, 25.529001422952906 ] ] ] } },
{ "type": "Feature", "properties": { "difference_1990_2000": 0.0, "difference_1990_2010": 178.0, "difference_1990_2020": 165.0 }, "geometry": { "type": "Polygon", "coordinates": [ [ [ -103.347050754458181, 25.533306932215755 ], [ -103.342478280749873, 25.533306932215755 ], [ -103.342478280749873, 25.529001422952906 ], [ -103.347050754458181, 25.529001422952906 ], [ -103.347050754458181, 25.533306932215755 ] ] ] } },
{ "type": "Feature", "properties": { "difference_1990_2000": 0.0, "difference_1990_2010": 49.0, "difference_1990_2020": 1345.0 }, "geometry": { "type": "Polygon", "coordinates": [ [ [ -103.347050754458181, 25.541918409402399 ], [ -103.342478280749873, 25.541918409402399 ], [ -103.342478280749873, 25.537612594352098 ], [ -103.347050754458181, 25.537612594352098 ], [ -103.347050754458181, 25.541918409402399 ] ] ] } },
{ "type": "Feature", "properties": { "difference_1990_2000": 0.0, "difference_1990_2010": 109.0, "difference_1990_2020": 1567.0 }, "geometry": { "type": "Polygon", "coordinates": [ [ [ -103.347050754458181, 25.550530498407017 ], [ -103.342478280749873, 25.550530498407017 ], [ -103.342478280749873, 25.546224377407228 ], [ -103.347050754458181, 25.54622437740721 ], [ -103.347050754458181, 25.550530498407017 ] ] ] } },
{ "type": "Feature", "properties": { "difference_1990_2000": 0.0, "difference_1990_2010": 283.0, "difference_1990_2020": 512.0 }, "geometry": { "type": "Polygon", "coordinates": [ [ [ -103.347050754458181, 25.49886713516835 ], [ -103.342478280749873, 25.49886713516835 ], [ -103.342478280749873, 25.494562847435752 ], [ -103.347050754458181, 25.494562847435752 ], [ -103.347050754458181, 25.49886713516835 ] ] ] } },
{ "type": "Feature", "properties": { "difference_1990_2000": 0.0, "difference_1990_2010": 283.0, "difference_1990_2020": 1317.0 }, "geometry": { "type": "Polygon", "coordinates": [ [ [ -103.347050754458181, 25.54622437740721 ], [ -103.342478280749873, 25.546224377407228 ], [ -103.342478280749873, 25.541918409402399 ], [ -103.347050754458181, 25.541918409402399 ], [ -103.347050754458181, 25.54622437740721 ] ] ] } },
{ "type": "Feature", "properties": { "difference_1990_2000": -22.0, "difference_1990_2010": 106.0, "difference_1990_2020": 896.0 }, "geometry": { "type": "Polygon", "coordinates": [ [ [ -103.347050754458181, 25.537612594352098 ], [ -103.342478280749873, 25.537612594352098 ], [ -103.342478280749873, 25.533306932215755 ], [ -103.347050754458181, 25.533306932215755 ], [ -103.347050754458181, 25.537612594352098 ] ] ] } },
{ "type": "Feature", "properties": { "difference_1990_2000": 99.0, "difference_1990_2010": 150.0, "difference_1990_2020": 161.0 }, "geometry": { "type": "Polygon", "coordinates": [ [ [ -103.525377229080959, 25.520390862885513 ], [ -103.520804755372666, 25.520390862885538 ], [ -103.520804755372666, 25.516085812000036 ], [ -103.525377229080959, 25.516085812000036 ], [ -103.525377229080959, 25.520390862885513 ] ] ] } },
{ "type": "Feature", "properties": { "difference_1990_2000": -2.0, "difference_1990_2010": -2.0, "difference_1990_2020": 5.0 }, "geometry": { "type": "Polygon", "coordinates": [ [ [ -103.525377229080959, 25.606524012419019 ], [ -103.520804755372666, 25.60652401241903 ], [ -103.520804755372666, 25.602215898789616 ], [ -103.525377229080959, 25.602215898789581 ], [ -103.525377229080959, 25.606524012419019 ] ] ] } },
{ "type": "Feature", "properties": { "difference_1990_2000": -64.0, "difference_1990_2010": 125.0, "difference_1990_2020": 656.0 }, "geometry": { "type": "Polygon", "coordinates": [ [ [ -103.525377229080959, 25.589292478876903 ], [ -103.520804755372666, 25.589292478876921 ], [ -103.520804755372666, 25.584984979095623 ], [ -103.525377229080959, 25.584984979095623 ], [ -103.525377229080959, 25.589292478876903 ] ] ] } },
{ "type": "Feature", "properties": { "difference_1990_2000": 0.0, "difference_1990_2010": 624.0, "difference_1990_2020": 1125.0 }, "geometry": { "type": "Polygon", "coordinates": [ [ [ -103.525377229080959, 25.554836772442435 ], [ -103.520804755372666, 25.554836772442435 ], [ -103.520804755372666, 25.550530498407017 ], [ -103.525377229080959, 25.550530498407017 ], [ -103.525377229080959, 25.554836772442435 ] ] ] } },
{ "type": "Feature", "properties": { "difference_1990_2000": 699.0, "difference_1990_2010": 639.0, "difference_1990_2020": 662.0 }, "geometry": { "type": "Polygon", "coordinates": [ [ [ -103.525377229080959, 25.580677632674703 ], [ -103.520804755372666, 25.580677632674668 ], [ -103.520804755372666, 25.576370439573555 ], [ -103.525377229080959, 25.576370439573555 ], [ -103.525377229080959, 25.580677632674703 ] ] ] } },
{ "type": "Feature", "properties": { "difference_1990_2000": 0.0, "difference_1990_2010": 258.0, "difference_1990_2020": 190.0 }, "geometry": { "type": "Polygon", "coordinates": [ [ [ -103.525377229080959, 25.503171575450629 ], [ -103.520804755372666, 25.503171575450629 ], [ -103.520804755372666, 25.49886713516835 ], [ -103.525377229080959, 25.49886713516835 ], [ -103.525377229080959, 25.503171575450629 ] ] ] } },
{ "type": "Feature", "properties": { "difference_1990_2000": 306.0, "difference_1990_2010": 400.0, "difference_1990_2020": 482.0 }, "geometry": { "type": "Polygon", "coordinates": [ [ [ -103.525377229080959, 25.524696066522996 ], [ -103.520804755372666, 25.524696066522957 ], [ -103.520804755372666, 25.520390862885538 ], [ -103.525377229080959, 25.520390862885513 ], [ -103.525377229080959, 25.524696066522996 ] ] ] } },
{ "type": "Feature", "properties": { "difference_1990_2000": 0.0, "difference_1990_2010": 399.0, "difference_1990_2020": 400.0 }, "geometry": { "type": "Polygon", "coordinates": [ [ [ -103.525377229080959, 25.507476168323041 ], [ -103.520804755372666, 25.507476168323041 ], [ -103.520804755372666, 25.503171575450629 ], [ -103.525377229080959, 25.503171575450629 ], [ -103.525377229080959, 25.507476168323041 ] ] ] } },
{ "type": "Feature", "properties": { "difference_1990_2000": -182.0, "difference_1990_2010": -164.0, "difference_1990_2020": 380.0 }, "geometry": { "type": "Polygon", "coordinates": [ [ [ -103.525377229080959, 25.593600132059201 ], [ -103.520804755372666, 25.593600132059201 ], [ -103.520804755372666, 25.589292478876921 ], [ -103.525377229080959, 25.589292478876903 ], [ -103.525377229080959, 25.593600132059201 ] ] ] } },
{ "type": "Feature", "properties": { "difference_1990_2000": 28.0, "difference_1990_2010": -658.0, "difference_1990_2020": -828.0 }, "geometry": { "type": "Polygon", "coordinates": [ [ [ -103.525377229080959, 25.576370439573555 ], [ -103.520804755372666, 25.576370439573555 ], [ -103.520804755372666, 25.572063399751489 ], [ -103.525377229080959, 25.572063399751524 ], [ -103.525377229080959, 25.576370439573555 ] ] ] } },
{ "type": "Feature", "properties": { "difference_1990_2000": 0.0, "difference_1990_2010": 55.0, "difference_1990_2020": 119.0 }, "geometry": { "type": "Polygon", "coordinates": [ [ [ -103.525377229080959, 25.511780913825994 ], [ -103.520804755372666, 25.511780913825977 ], [ -103.520804755372666, 25.507476168323041 ], [ -103.525377229080959, 25.507476168323041 ], [ -103.525377229080959, 25.511780913825994 ] ] ] } },
{ "type": "Feature", "properties": { "difference_1990_2000": 124.0, "difference_1990_2010": 774.0, "difference_1990_2020": 1185.0 }, "geometry": { "type": "Polygon", "coordinates": [ [ [ -103.525377229080959, 25.559143199554043 ], [ -103.520804755372666, 25.559143199554043 ], [ -103.520804755372666, 25.554836772442435 ], [ -103.525377229080959, 25.554836772442435 ], [ -103.525377229080959, 25.559143199554043 ] ] ] } },
{ "type": "Feature", "properties": { "difference_1990_2000": 179.0, "difference_1990_2010": 1022.0, "difference_1990_2020": 1541.0 }, "geometry": { "type": "Polygon", "coordinates": [ [ [ -103.525377229080959, 25.563449779782381 ], [ -103.520804755372666, 25.563449779782381 ], [ -103.520804755372666, 25.559143199554043 ], [ -103.525377229080959, 25.559143199554043 ], [ -103.525377229080959, 25.563449779782381 ] ] ] } },
{ "type": "Feature", "properties": { "difference_1990_2000": -135.0, "difference_1990_2010": -121.0, "difference_1990_2020": 282.0 }, "geometry": { "type": "Polygon", "coordinates": [ [ [ -103.525377229080959, 25.602215898789581 ], [ -103.520804755372666, 25.602215898789616 ], [ -103.520804755372666, 25.597907938683242 ], [ -103.525377229080959, 25.597907938683242 ], [ -103.525377229080959, 25.602215898789581 ] ] ] } },
{ "type": "Feature", "properties": { "difference_1990_2000": 186.0, "difference_1990_2010": 1010.0, "difference_1990_2020": 1518.0 }, "geometry": { "type": "Polygon", "coordinates": [ [ [ -103.525377229080959, 25.567756513167971 ], [ -103.520804755372666, 25.567756513167971 ], [ -103.520804755372666, 25.563449779782381 ], [ -103.525377229080959, 25.563449779782381 ], [ -103.525377229080959, 25.567756513167971 ] ] ] } },
{ "type": "Feature", "properties": { "difference_1990_2000": -18.0, "difference_1990_2010": -307.0, "difference_1990_2020": -320.0 }, "geometry": { "type": "Polygon", "coordinates": [ [ [ -103.525377229080959, 25.529001422952906 ], [ -103.520804755372666, 25.529001422952906 ], [ -103.520804755372666, 25.524696066522957 ], [ -103.525377229080959, 25.524696066522996 ], [ -103.525377229080959, 25.529001422952906 ] ] ] } },
{ "type": "Feature", "properties": { "difference_1990_2000": -130.0, "difference_1990_2010": -352.0, "difference_1990_2020": -437.0 }, "geometry": { "type": "Polygon", "coordinates": [ [ [ -103.525377229080959, 25.533306932215755 ], [ -103.520804755372666, 25.533306932215755 ], [ -103.520804755372666, 25.529001422952906 ], [ -103.525377229080959, 25.529001422952906 ], [ -103.525377229080959, 25.533306932215755 ] ] ] } },
{ "type": "Feature", "properties": { "difference_1990_2000": -182.0, "difference_1990_2010": -164.0, "difference_1990_2020": 380.0 }, "geometry": { "type": "Polygon", "coordinates": [ [ [ -103.525377229080959, 25.597907938683242 ], [ -103.520804755372666, 25.597907938683242 ], [ -103.520804755372666, 25.593600132059201 ], [ -103.525377229080959, 25.593600132059201 ], [ -103.525377229080959, 25.597907938683242 ] ] ] } },
{ "type": "Feature", "properties": { "difference_1990_2000": -150.0, "difference_1990_2010": -246.0, "difference_1990_2020": -315.0 }, "geometry": { "type": "Polygon", "coordinates": [ [ [ -103.525377229080959, 25.541918409402399 ], [ -103.520804755372666, 25.541918409402399 ], [ -103.520804755372666, 25.537612594352098 ], [ -103.525377229080959, 25.537612594352098 ], [ -103.525377229080959, 25.541918409402399 ] ] ] } },
{ "type": "Feature", "properties": { "difference_1990_2000": 710.0, "difference_1990_2010": 991.0, "difference_1990_2020": 1039.0 }, "geometry": { "type": "Polygon", "coordinates": [ [ [ -103.525377229080959, 25.550530498407017 ], [ -103.520804755372666, 25.550530498407017 ], [ -103.520804755372666, 25.546224377407228 ], [ -103.525377229080959, 25.54622437740721 ], [ -103.525377229080959, 25.550530498407017 ] ] ] } },
{ "type": "Feature", "properties": { "difference_1990_2000": 387.0, "difference_1990_2010": 394.0, "difference_1990_2020": 439.0 }, "geometry": { "type": "Polygon", "coordinates": [ [ [ -103.525377229080959, 25.572063399751524 ], [ -103.520804755372666, 25.572063399751489 ], [ -103.520804755372666, 25.567756513167971 ], [ -103.525377229080959, 25.567756513167971 ], [ -103.525377229080959, 25.572063399751524 ] ] ] } },
{ "type": "Feature", "properties": { "difference_1990_2000": 0.0, "difference_1990_2010": 27.0, "difference_1990_2020": 32.0 }, "geometry": { "type": "Polygon", "coordinates": [ [ [ -103.525377229080959, 25.49886713516835 ], [ -103.520804755372666, 25.49886713516835 ], [ -103.520804755372666, 25.494562847435752 ], [ -103.525377229080959, 25.494562847435752 ], [ -103.525377229080959, 25.49886713516835 ] ] ] } },
{ "type": "Feature", "properties": { "difference_1990_2000": 74.0, "difference_1990_2010": 47.0, "difference_1990_2020": 14.0 }, "geometry": { "type": "Polygon", "coordinates": [ [ [ -103.525377229080959, 25.54622437740721 ], [ -103.520804755372666, 25.546224377407228 ], [ -103.520804755372666, 25.541918409402399 ], [ -103.525377229080959, 25.541918409402399 ], [ -103.525377229080959, 25.54622437740721 ] ] ] } },
{ "type": "Feature", "properties": { "difference_1990_2000": 833.0, "difference_1990_2010": 1442.0, "difference_1990_2020": 1633.0 }, "geometry": { "type": "Polygon", "coordinates": [ [ [ -103.525377229080959, 25.584984979095623 ], [ -103.520804755372666, 25.584984979095623 ], [ -103.520804755372666, 25.580677632674668 ], [ -103.525377229080959, 25.580677632674703 ], [ -103.525377229080959, 25.584984979095623 ] ] ] } },
{ "type": "Feature", "properties": { "difference_1990_2000": -267.0, "difference_1990_2010": -504.0, "difference_1990_2020": -621.0 }, "geometry": { "type": "Polygon", "coordinates": [ [ [ -103.525377229080959, 25.537612594352098 ], [ -103.520804755372666, 25.537612594352098 ], [ -103.520804755372666, 25.533306932215755 ], [ -103.525377229080959, 25.533306932215755 ], [ -103.525377229080959, 25.537612594352098 ] ] ] } },
{ "type": "Feature", "properties": { "difference_1990_2000": 3.0, "difference_1990_2010": 3.0, "difference_1990_2020": 113.0 }, "geometry": { "type": "Polygon", "coordinates": [ [ [ -103.337905807041622, 25.520390862885513 ], [ -103.333333333333343, 25.520390862885513 ], [ -103.333333333333343, 25.516085812000036 ], [ -103.337905807041622, 25.516085812000011 ], [ -103.337905807041622, 25.520390862885513 ] ] ] } },
{ "type": "Feature", "properties": { "difference_1990_2000": 0.0, "difference_1990_2010": 204.0, "difference_1990_2020": 2449.0 }, "geometry": { "type": "Polygon", "coordinates": [ [ [ -103.337905807041622, 25.554836772442435 ], [ -103.333333333333343, 25.554836772442474 ], [ -103.333333333333343, 25.550530498407017 ], [ -103.337905807041622, 25.550530498407017 ], [ -103.337905807041622, 25.554836772442435 ] ] ] } },
{ "type": "Feature", "properties": { "difference_1990_2000": 0.0, "difference_1990_2010": -21.0, "difference_1990_2020": 1.0 }, "geometry": { "type": "Polygon", "coordinates": [ [ [ -103.337905807041622, 25.645303950337773 ], [ -103.333333333333343, 25.645303950337791 ], [ -103.333333333333343, 25.640994453168641 ], [ -103.337905807041622, 25.640994453168641 ], [ -103.337905807041622, 25.645303950337773 ] ] ] } },
{ "type": "Feature", "properties": { "difference_1990_2000": 160.0, "difference_1990_2010": 396.0, "difference_1990_2020": 1285.0 }, "geometry": { "type": "Polygon", "coordinates": [ [ [ -103.337905807041622, 25.524696066522996 ], [ -103.333333333333343, 25.524696066523017 ], [ -103.333333333333343, 25.520390862885513 ], [ -103.337905807041622, 25.520390862885513 ], [ -103.337905807041622, 25.524696066522996 ] ] ] } },
{ "type": "Feature", "properties": { "difference_1990_2000": 0.0, "difference_1990_2010": 0.0, "difference_1990_2020": 744.0 }, "geometry": { "type": "Polygon", "coordinates": [ [ [ -103.337905807041622, 25.559143199554043 ], [ -103.333333333333343, 25.559143199554043 ], [ -103.333333333333343, 25.554836772442474 ], [ -103.337905807041622, 25.554836772442435 ], [ -103.337905807041622, 25.559143199554043 ] ] ] } },
{ "type": "Feature", "properties": { "difference_1990_2000": 220.0, "difference_1990_2010": 117.0, "difference_1990_2020": 548.0 }, "geometry": { "type": "Polygon", "coordinates": [ [ [ -103.337905807041622, 25.529001422952906 ], [ -103.333333333333343, 25.529001422952906 ], [ -103.333333333333343, 25.524696066523017 ], [ -103.337905807041622, 25.524696066522996 ], [ -103.337905807041622, 25.529001422952906 ] ] ] } },
{ "type": "Feature", "properties": { "difference_1990_2000": 82.0, "difference_1990_2010": 423.0, "difference_1990_2020": 387.0 }, "geometry": { "type": "Polygon", "coordinates": [ [ [ -103.337905807041622, 25.533306932215755 ], [ -103.333333333333343, 25.533306932215755 ], [ -103.333333333333343, 25.529001422952906 ], [ -103.337905807041622, 25.529001422952906 ], [ -103.337905807041622, 25.533306932215755 ] ] ] } },
{ "type": "Feature", "properties": { "difference_1990_2000": 10.0, "difference_1990_2010": 254.0, "difference_1990_2020": 766.0 }, "geometry": { "type": "Polygon", "coordinates": [ [ [ -103.337905807041622, 25.541918409402399 ], [ -103.333333333333343, 25.541918409402399 ], [ -103.333333333333343, 25.537612594352098 ], [ -103.337905807041622, 25.537612594352098 ], [ -103.337905807041622, 25.541918409402399 ] ] ] } },
{ "type": "Feature", "properties": { "difference_1990_2000": 6.0, "difference_1990_2010": 955.0, "difference_1990_2020": 2251.0 }, "geometry": { "type": "Polygon", "coordinates": [ [ [ -103.337905807041622, 25.550530498407017 ], [ -103.333333333333343, 25.550530498407017 ], [ -103.333333333333343, 25.54622437740721 ], [ -103.337905807041622, 25.54622437740721 ], [ -103.337905807041622, 25.550530498407017 ] ] ] } },
{ "type": "Feature", "properties": { "difference_1990_2000": 1.0, "difference_1990_2010": 150.0, "difference_1990_2020": 146.0 }, "geometry": { "type": "Polygon", "coordinates": [ [ [ -103.337905807041622, 25.640994453168641 ], [ -103.333333333333343, 25.640994453168641 ], [ -103.333333333333343, 25.6366851098892 ], [ -103.337905807041622, 25.636685109889179 ], [ -103.337905807041622, 25.640994453168641 ] ] ] } },
{ "type": "Feature", "properties": { "difference_1990_2000": 58.0, "difference_1990_2010": 118.0, "difference_1990_2020": 179.0 }, "geometry": { "type": "Polygon", "coordinates": [ [ [ -103.337905807041622, 25.54622437740721 ], [ -103.333333333333343, 25.54622437740721 ], [ -103.333333333333343, 25.541918409402399 ], [ -103.337905807041622, 25.541918409402399 ], [ -103.337905807041622, 25.54622437740721 ] ] ] } },
{ "type": "Feature", "properties": { "difference_1990_2000": 26.0, "difference_1990_2010": 329.0, "difference_1990_2020": 716.0 }, "geometry": { "type": "Polygon", "coordinates": [ [ [ -103.337905807041622, 25.537612594352098 ], [ -103.333333333333343, 25.537612594352098 ], [ -103.333333333333343, 25.533306932215755 ], [ -103.337905807041622, 25.533306932215755 ], [ -103.337905807041622, 25.537612594352098 ] ] ] } },
{ "type": "Feature", "properties": { "difference_1990_2000": 0.0, "difference_1990_2010": 0.0, "difference_1990_2020": 2.0 }, "geometry": { "type": "Polygon", "coordinates": [ [ [ -103.337905807041622, 25.636685109889179 ], [ -103.333333333333343, 25.6366851098892 ], [ -103.333333333333343, 25.632375920458635 ], [ -103.337905807041622, 25.632375920458635 ], [ -103.337905807041622, 25.636685109889179 ] ] ] } },
{ "type": "Feature", "properties": { "difference_1990_2000": 625.0, "difference_1990_2010": 669.0, "difference_1990_2020": 705.0 }, "geometry": { "type": "Polygon", "coordinates": [ [ [ -103.516232281664401, 25.589292478876875 ], [ -103.511659807956121, 25.589292478876903 ], [ -103.511659807956121, 25.584984979095623 ], [ -103.516232281664401, 25.584984979095623 ], [ -103.516232281664401, 25.589292478876875 ] ] ] } },
{ "type": "Feature", "properties": { "difference_1990_2000": 234.0, "difference_1990_2010": 1005.0, "difference_1990_2020": 2305.0 }, "geometry": { "type": "Polygon", "coordinates": [ [ [ -103.516232281664401, 25.606524012419019 ], [ -103.511659807956121, 25.606524012419019 ], [ -103.511659807956121, 25.602215898789581 ], [ -103.516232281664401, 25.602215898789616 ], [ -103.516232281664401, 25.606524012419019 ] ] ] } },
{ "type": "Feature", "properties": { "difference_1990_2000": 250.0, "difference_1990_2010": 448.0, "difference_1990_2020": 534.0 }, "geometry": { "type": "Polygon", "coordinates": [ [ [ -103.516232281664401, 25.554836772442435 ], [ -103.511659807956121, 25.554836772442435 ], [ -103.511659807956121, 25.550530498407017 ], [ -103.516232281664401, 25.550530498407017 ], [ -103.516232281664401, 25.554836772442435 ] ] ] } },
{ "type": "Feature", "properties": { "difference_1990_2000": 922.0, "difference_1990_2010": 495.0, "difference_1990_2020": 363.0 }, "geometry": { "type": "Polygon", "coordinates": [ [ [ -103.516232281664401, 25.580677632674703 ], [ -103.511659807956121, 25.580677632674703 ], [ -103.511659807956121, 25.576370439573555 ], [ -103.516232281664401, 25.576370439573555 ], [ -103.516232281664401, 25.580677632674703 ] ] ] } },
{ "type": "Feature", "properties": { "difference_1990_2000": 0.0, "difference_1990_2010": 0.0, "difference_1990_2020": 27.0 }, "geometry": { "type": "Polygon", "coordinates": [ [ [ -103.516232281664401, 25.503171575450629 ], [ -103.511659807956121, 25.503171575450629 ], [ -103.511659807956121, 25.49886713516835 ], [ -103.516232281664401, 25.49886713516835 ], [ -103.516232281664401, 25.503171575450629 ] ] ] } },
{ "type": "Feature", "properties": { "difference_1990_2000": 0.0, "difference_1990_2010": 348.0, "difference_1990_2020": 340.0 }, "geometry": { "type": "Polygon", "coordinates": [ [ [ -103.516232281664401, 25.684096356626821 ], [ -103.511659807956121, 25.684096356626821 ], [ -103.511659807956121, 25.679785472614206 ], [ -103.516232281664401, 25.679785472614206 ], [ -103.516232281664401, 25.684096356626821 ] ] ] } },
{ "type": "Feature", "properties": { "difference_1990_2000": 0.0, "difference_1990_2010": 141.0, "difference_1990_2020": 117.0 }, "geometry": { "type": "Polygon", "coordinates": [ [ [ -103.516232281664401, 25.507476168323048 ], [ -103.511659807956121, 25.507476168323041 ], [ -103.511659807956121, 25.503171575450629 ], [ -103.516232281664401, 25.503171575450629 ], [ -103.516232281664401, 25.507476168323048 ] ] ] } },
{ "type": "Feature", "properties": { "difference_1990_2000": 61.0, "difference_1990_2010": 1456.0, "difference_1990_2020": 2720.0 }, "geometry": { "type": "Polygon", "coordinates": [ [ [ -103.516232281664401, 25.593600132059201 ], [ -103.511659807956121, 25.593600132059237 ], [ -103.511659807956121, 25.589292478876903 ], [ -103.516232281664401, 25.589292478876875 ], [ -103.516232281664401, 25.593600132059201 ] ] ] } },
{ "type": "Feature", "properties": { "difference_1990_2000": -20.0, "difference_1990_2010": -19.0, "difference_1990_2020": 302.0 }, "geometry": { "type": "Polygon", "coordinates": [ [ [ -103.516232281664401, 25.610832279612154 ], [ -103.511659807956121, 25.610832279612154 ], [ -103.511659807956121, 25.606524012419019 ], [ -103.516232281664401, 25.606524012419019 ], [ -103.516232281664401, 25.610832279612154 ] ] ] } },
{ "type": "Feature", "properties": { "difference_1990_2000": -477.0, "difference_1990_2010": -541.0, "difference_1990_2020": -537.0 }, "geometry": { "type": "Polygon", "coordinates": [ [ [ -103.516232281664401, 25.576370439573555 ], [ -103.511659807956121, 25.576370439573555 ], [ -103.511659807956121, 25.572063399751489 ], [ -103.516232281664401, 25.572063399751489 ], [ -103.516232281664401, 25.576370439573555 ] ] ] } },
{ "type": "Feature", "properties": { "difference_1990_2000": 0.0, "difference_1990_2010": 170.0, "difference_1990_2020": 162.0 }, "geometry": { "type": "Polygon", "coordinates": [ [ [ -103.516232281664401, 25.511780913825994 ], [ -103.511659807956121, 25.511780913825994 ], [ -103.511659807956121, 25.507476168323041 ], [ -103.516232281664401, 25.507476168323048 ], [ -103.516232281664401, 25.511780913825994 ] ] ] } },
{ "type": "Feature", "properties": { "difference_1990_2000": 212.0, "difference_1990_2010": 278.0, "difference_1990_2020": 360.0 }, "geometry": { "type": "Polygon", "coordinates": [ [ [ -103.516232281664401, 25.563449779782346 ], [ -103.511659807956121, 25.563449779782324 ], [ -103.511659807956121, 25.559143199554043 ], [ -103.516232281664401, 25.559143199554043 ], [ -103.516232281664401, 25.563449779782346 ] ] ] } },
{ "type": "Feature", "properties": { "difference_1990_2000": 0.0, "difference_1990_2010": 5.0, "difference_1990_2020": 5.0 }, "geometry": { "type": "Polygon", "coordinates": [ [ [ -103.516232281664401, 25.679785472614206 ], [ -103.511659807956121, 25.679785472614206 ], [ -103.511659807956121, 25.675474742858803 ], [ -103.516232281664401, 25.675474742858803 ], [ -103.516232281664401, 25.679785472614206 ] ] ] } },
{ "type": "Feature", "properties": { "difference_1990_2000": 545.0, "difference_1990_2010": 860.0, "difference_1990_2020": 909.0 }, "geometry": { "type": "Polygon", "coordinates": [ [ [ -103.516232281664401, 25.559143199554043 ], [ -103.511659807956121, 25.559143199554043 ], [ -103.511659807956121, 25.554836772442435 ], [ -103.516232281664401, 25.554836772442435 ], [ -103.516232281664401, 25.559143199554043 ] ] ] } },
{ "type": "Feature", "properties": { "difference_1990_2000": 0.0, "difference_1990_2010": 5.0, "difference_1990_2020": 12.0 }, "geometry": { "type": "Polygon", "coordinates": [ [ [ -103.516232281664401, 25.619449274852371 ], [ -103.511659807956121, 25.619449274852371 ], [ -103.511659807956121, 25.615140700409697 ], [ -103.516232281664401, 25.615140700409697 ], [ -103.516232281664401, 25.619449274852371 ] ] ] } },
{ "type": "Feature", "properties": { "difference_1990_2000": 0.0, "difference_1990_2010": 108.0, "difference_1990_2020": 76.0 }, "geometry": { "type": "Polygon", "coordinates": [ [ [ -103.516232281664401, 25.688407394937425 ], [ -103.511659807956121, 25.688407394937425 ], [ -103.511659807956121, 25.684096356626821 ], [ -103.516232281664401, 25.684096356626821 ], [ -103.516232281664401, 25.688407394937425 ] ] ] } },
{ "type": "Feature", "properties": { "difference_1990_2000": 172.0, "difference_1990_2010": 244.0, "difference_1990_2020": 312.0 }, "geometry": { "type": "Polygon", "coordinates": [ [ [ -103.516232281664401, 25.615140700409697 ], [ -103.511659807956121, 25.615140700409697 ], [ -103.511659807956121, 25.610832279612154 ], [ -103.516232281664401, 25.610832279612154 ], [ -103.516232281664401, 25.615140700409697 ] ] ] } },
{ "type": "Feature", "properties": { "difference_1990_2000": 12.0, "difference_1990_2010": -160.0, "difference_1990_2020": -261.0 }, "geometry": { "type": "Polygon", "coordinates": [ [ [ -103.516232281664401, 25.567756513167971 ], [ -103.511659807956121, 25.567756513167971 ], [ -103.511659807956121, 25.563449779782324 ], [ -103.516232281664401, 25.563449779782346 ], [ -103.516232281664401, 25.567756513167971 ] ] ] } },
{ "type": "Feature", "properties": { "difference_1990_2000": 99.0, "difference_1990_2010": 2449.0, "difference_1990_2020": 3397.0 }, "geometry": { "type": "Polygon", "coordinates": [ [ [ -103.516232281664401, 25.602215898789616 ], [ -103.511659807956121, 25.602215898789581 ], [ -103.511659807956121, 25.597907938683242 ], [ -103.516232281664401, 25.597907938683242 ], [ -103.516232281664401, 25.602215898789616 ] ] ] } },
{ "type": "Feature", "properties": { "difference_1990_2000": 2.0, "difference_1990_2010": -32.0, "difference_1990_2020": -38.0 }, "geometry": { "type": "Polygon", "coordinates": [ [ [ -103.516232281664401, 25.533306932215755 ], [ -103.511659807956121, 25.533306932215755 ], [ -103.511659807956121, 25.529001422952906 ], [ -103.516232281664401, 25.529001422952906 ], [ -103.516232281664401, 25.533306932215755 ] ] ] } },
{ "type": "Feature", "properties": { "difference_1990_2000": 0.0, "difference_1990_2010": 2753.0, "difference_1990_2020": 3682.0 }, "geometry": { "type": "Polygon", "coordinates": [ [ [ -103.516232281664401, 25.597907938683242 ], [ -103.511659807956121, 25.597907938683242 ], [ -103.511659807956121, 25.593600132059237 ], [ -103.516232281664401, 25.593600132059201 ], [ -103.516232281664401, 25.597907938683242 ] ] ] } },
{ "type": "Feature", "properties": { "difference_1990_2000": 752.0, "difference_1990_2010": 1165.0, "difference_1990_2020": 1291.0 }, "geometry": { "type": "Polygon", "coordinates": [ [ [ -103.516232281664401, 25.541918409402399 ], [ -103.511659807956121, 25.541918409402399 ], [ -103.511659807956121, 25.537612594352098 ], [ -103.516232281664401, 25.537612594352062 ], [ -103.516232281664401, 25.541918409402399 ] ] ] } },
{ "type": "Feature", "properties": { "difference_1990_2000": 730.0, "difference_1990_2010": 758.0, "difference_1990_2020": 780.0 }, "geometry": { "type": "Polygon", "coordinates": [ [ [ -103.516232281664401, 25.550530498407017 ], [ -103.511659807956121, 25.550530498407017 ], [ -103.511659807956121, 25.54622437740721 ], [ -103.516232281664401, 25.54622437740721 ], [ -103.516232281664401, 25.550530498407017 ] ] ] } },
{ "type": "Feature", "properties": { "difference_1990_2000": -246.0, "difference_1990_2010": -131.0, "difference_1990_2020": -72.0 }, "geometry": { "type": "Polygon", "coordinates": [ [ [ -103.516232281664401, 25.572063399751489 ], [ -103.511659807956121, 25.572063399751489 ], [ -103.511659807956121, 25.567756513167971 ], [ -103.516232281664401, 25.567756513167971 ], [ -103.516232281664401, 25.572063399751489 ] ] ] } },
{ "type": "Feature", "properties": { "difference_1990_2000": 0.0, "difference_1990_2010": 0.0, "difference_1990_2020": 106.0 }, "geometry": { "type": "Polygon", "coordinates": [ [ [ -103.516232281664401, 25.49886713516835 ], [ -103.511659807956121, 25.49886713516835 ], [ -103.511659807956121, 25.494562847435752 ], [ -103.516232281664401, 25.494562847435752 ], [ -103.516232281664401, 25.49886713516835 ] ] ] } },
{ "type": "Feature", "properties": { "difference_1990_2000": 494.0, "difference_1990_2010": 507.0, "difference_1990_2020": 512.0 }, "geometry": { "type": "Polygon", "coordinates": [ [ [ -103.516232281664401, 25.537612594352062 ], [ -103.511659807956121, 25.537612594352098 ], [ -103.511659807956121, 25.533306932215755 ], [ -103.516232281664401, 25.533306932215755 ], [ -103.516232281664401, 25.537612594352062 ] ] ] } },
{ "type": "Feature", "properties": { "difference_1990_2000": 368.0, "difference_1990_2010": 598.0, "difference_1990_2020": 654.0 }, "geometry": { "type": "Polygon", "coordinates": [ [ [ -103.516232281664401, 25.54622437740721 ], [ -103.511659807956121, 25.54622437740721 ], [ -103.511659807956121, 25.541918409402399 ], [ -103.516232281664401, 25.541918409402399 ], [ -103.516232281664401, 25.54622437740721 ] ] ] } },
{ "type": "Feature", "properties": { "difference_1990_2000": 760.0, "difference_1990_2010": 660.0, "difference_1990_2020": 688.0 }, "geometry": { "type": "Polygon", "coordinates": [ [ [ -103.516232281664401, 25.584984979095623 ], [ -103.511659807956121, 25.584984979095623 ], [ -103.511659807956121, 25.580677632674703 ], [ -103.516232281664401, 25.580677632674703 ], [ -103.516232281664401, 25.584984979095623 ] ] ] } },
{ "type": "Feature", "properties": { "difference_1990_2000": 0.0, "difference_1990_2010": 1286.0, "difference_1990_2020": 2074.0 }, "geometry": { "type": "Polygon", "coordinates": [ [ [ -103.328760859625064, 25.554836772442435 ], [ -103.324188385916827, 25.554836772442435 ], [ -103.324188385916827, 25.550530498407017 ], [ -103.328760859625064, 25.550530498407017 ], [ -103.328760859625064, 25.554836772442435 ] ] ] } },
{ "type": "Feature", "properties": { "difference_1990_2000": 18.0, "difference_1990_2010": 32.0, "difference_1990_2020": -9.0 }, "geometry": { "type": "Polygon", "coordinates": [ [ [ -103.328760859625064, 25.645303950337773 ], [ -103.324188385916827, 25.645303950337773 ], [ -103.324188385916827, 25.640994453168641 ], [ -103.328760859625064, 25.640994453168641 ], [ -103.328760859625064, 25.645303950337773 ] ] ] } },
{ "type": "Feature", "properties": { "difference_1990_2000": 0.0, "difference_1990_2010": 881.0, "difference_1990_2020": 1085.0 }, "geometry": { "type": "Polygon", "coordinates": [ [ [ -103.328760859625064, 25.524696066522957 ], [ -103.324188385916827, 25.524696066522957 ], [ -103.324188385916827, 25.520390862885513 ], [ -103.328760859625064, 25.520390862885538 ], [ -103.328760859625064, 25.524696066522957 ] ] ] } },
{ "type": "Feature", "properties": { "difference_1990_2000": 0.0, "difference_1990_2010": 508.0, "difference_1990_2020": 750.0 }, "geometry": { "type": "Polygon", "coordinates": [ [ [ -103.328760859625064, 25.559143199554043 ], [ -103.324188385916827, 25.559143199554043 ], [ -103.324188385916827, 25.554836772442435 ], [ -103.328760859625064, 25.554836772442435 ], [ -103.328760859625064, 25.559143199554043 ] ] ] } },
{ "type": "Feature", "properties": { "difference_1990_2000": 0.0, "difference_1990_2010": 5.0, "difference_1990_2020": 6.0 }, "geometry": { "type": "Polygon", "coordinates": [ [ [ -103.328760859625064, 25.563449779782381 ], [ -103.324188385916827, 25.563449779782346 ], [ -103.324188385916827, 25.559143199554043 ], [ -103.328760859625064, 25.559143199554043 ], [ -103.328760859625064, 25.563449779782381 ] ] ] } },
{ "type": "Feature", "properties": { "difference_1990_2000": 0.0, "difference_1990_2010": 332.0, "difference_1990_2020": 561.0 }, "geometry": { "type": "Polygon", "coordinates": [ [ [ -103.328760859625064, 25.529001422952906 ], [ -103.324188385916827, 25.529001422952906 ], [ -103.324188385916827, 25.524696066522957 ], [ -103.328760859625064, 25.524696066522957 ], [ -103.328760859625064, 25.529001422952906 ] ] ] } },
{ "type": "Feature", "properties": { "difference_1990_2000": 0.0, "difference_1990_2010": 324.0, "difference_1990_2020": 532.0 }, "geometry": { "type": "Polygon", "coordinates": [ [ [ -103.328760859625064, 25.533306932215755 ], [ -103.324188385916827, 25.533306932215755 ], [ -103.324188385916827, 25.529001422952906 ], [ -103.328760859625064, 25.529001422952906 ], [ -103.328760859625064, 25.533306932215755 ] ] ] } },
{ "type": "Feature", "properties": { "difference_1990_2000": 0.0, "difference_1990_2010": 1076.0, "difference_1990_2020": 1577.0 }, "geometry": { "type": "Polygon", "coordinates": [ [ [ -103.328760859625064, 25.541918409402399 ], [ -103.324188385916827, 25.541918409402399 ], [ -103.324188385916827, 25.537612594352062 ], [ -103.328760859625064, 25.537612594352098 ], [ -103.328760859625064, 25.541918409402399 ] ] ] } },
{ "type": "Feature", "properties": { "difference_1990_2000": 9.0, "difference_1990_2010": 1523.0, "difference_1990_2020": 1914.0 }, "geometry": { "type": "Polygon", "coordinates": [ [ [ -103.328760859625064, 25.550530498407017 ], [ -103.324188385916827, 25.550530498407017 ], [ -103.324188385916827, 25.54622437740721 ], [ -103.328760859625064, 25.546224377407174 ], [ -103.328760859625064, 25.550530498407017 ] ] ] } },
{ "type": "Feature", "properties": { "difference_1990_2000": 15.0, "difference_1990_2010": 114.0, "difference_1990_2020": 27.0 }, "geometry": { "type": "Polygon", "coordinates": [ [ [ -103.328760859625064, 25.640994453168641 ], [ -103.324188385916827, 25.640994453168641 ], [ -103.324188385916827, 25.636685109889179 ], [ -103.328760859625064, 25.636685109889179 ], [ -103.328760859625064, 25.640994453168641 ] ] ] } },
{ "type": "Feature", "properties": { "difference_1990_2000": 8.0, "difference_1990_2010": 1693.0, "difference_1990_2020": 2240.0 }, "geometry": { "type": "Polygon", "coordinates": [ [ [ -103.328760859625064, 25.546224377407174 ], [ -103.324188385916827, 25.54622437740721 ], [ -103.324188385916827, 25.541918409402399 ], [ -103.328760859625064, 25.541918409402399 ], [ -103.328760859625064, 25.546224377407174 ] ] ] } },
{ "type": "Feature", "properties": { "difference_1990_2000": 0.0, "difference_1990_2010": 414.0, "difference_1990_2020": 848.0 }, "geometry": { "type": "Polygon", "coordinates": [ [ [ -103.328760859625064, 25.537612594352098 ], [ -103.324188385916827, 25.537612594352062 ], [ -103.324188385916827, 25.533306932215755 ], [ -103.328760859625064, 25.533306932215755 ], [ -103.328760859625064, 25.537612594352098 ] ] ] } },
{ "type": "Feature", "properties": { "difference_1990_2000": 1078.0, "difference_1990_2010": 820.0, "difference_1990_2020": 672.0 }, "geometry": { "type": "Polygon", "coordinates": [ [ [ -103.507087334247842, 25.589292478876875 ], [ -103.502514860539549, 25.589292478876903 ], [ -103.502514860539549, 25.584984979095623 ], [ -103.507087334247842, 25.584984979095623 ], [ -103.507087334247842, 25.589292478876875 ] ] ] } },
{ "type": "Feature", "properties": { "difference_1990_2000": -471.0, "difference_1990_2010": -448.0, "difference_1990_2020": -437.0 }, "geometry": { "type": "Polygon", "coordinates": [ [ [ -103.507087334247842, 25.606524012419019 ], [ -103.502514860539549, 25.606524012419019 ], [ -103.502514860539549, 25.602215898789581 ], [ -103.507087334247842, 25.602215898789616 ], [ -103.507087334247842, 25.606524012419019 ] ] ] } },
{ "type": "Feature", "properties": { "difference_1990_2000": 129.0, "difference_1990_2010": 78.0, "difference_1990_2020": 139.0 }, "geometry": { "type": "Polygon", "coordinates": [ [ [ -103.507087334247842, 25.554836772442435 ], [ -103.502514860539549, 25.554836772442414 ], [ -103.502514860539549, 25.550530498407017 ], [ -103.507087334247842, 25.550530498407017 ], [ -103.507087334247842, 25.554836772442435 ] ] ] } },
{ "type": "Feature", "properties": { "difference_1990_2000": 0.0, "difference_1990_2010": 54.0, "difference_1990_2020": 77.0 }, "geometry": { "type": "Polygon", "coordinates": [ [ [ -103.507087334247842, 25.516085812000011 ], [ -103.502514860539549, 25.516085812000036 ], [ -103.502514860539549, 25.511780913825977 ], [ -103.507087334247842, 25.511780913825977 ], [ -103.507087334247842, 25.516085812000011 ] ] ] } },
{ "type": "Feature", "properties": { "difference_1990_2000": -474.0, "difference_1990_2010": -859.0, "difference_1990_2020": -978.0 }, "geometry": { "type": "Polygon", "coordinates": [ [ [ -103.507087334247842, 25.580677632674703 ], [ -103.502514860539549, 25.580677632674703 ], [ -103.502514860539549, 25.576370439573555 ], [ -103.507087334247842, 25.576370439573555 ], [ -103.507087334247842, 25.580677632674703 ] ] ] } },
{ "type": "Feature", "properties": { "difference_1990_2000": 0.0, "difference_1990_2010": 0.0, "difference_1990_2020": 54.0 }, "geometry": { "type": "Polygon", "coordinates": [ [ [ -103.507087334247842, 25.628066884836056 ], [ -103.502514860539549, 25.628066884836109 ], [ -103.502514860539549, 25.62375800298096 ], [ -103.507087334247842, 25.623758002980942 ], [ -103.507087334247842, 25.628066884836056 ] ] ] } },
{ "type": "Feature", "properties": { "difference_1990_2000": 0.0, "difference_1990_2010": 467.0, "difference_1990_2020": 449.0 }, "geometry": { "type": "Polygon", "coordinates": [ [ [ -103.507087334247842, 25.684096356626821 ], [ -103.502514860539549, 25.684096356626821 ], [ -103.502514860539549, 25.679785472614249 ], [ -103.507087334247842, 25.679785472614249 ], [ -103.507087334247842, 25.684096356626821 ] ] ] } },
{ "type": "Feature", "properties": { "difference_1990_2000": 908.0, "difference_1990_2010": 803.0, "difference_1990_2020": 947.0 }, "geometry": { "type": "Polygon", "coordinates": [ [ [ -103.507087334247842, 25.593600132059201 ], [ -103.502514860539549, 25.593600132059201 ], [ -103.502514860539549, 25.589292478876903 ], [ -103.507087334247842, 25.589292478876875 ], [ -103.507087334247842, 25.593600132059201 ] ] ] } },
{ "type": "Feature", "properties": { "difference_1990_2000": 145.0, "difference_1990_2010": 481.0, "difference_1990_2020": 499.0 }, "geometry": { "type": "Polygon", "coordinates": [ [ [ -103.507087334247842, 25.610832279612154 ], [ -103.502514860539549, 25.610832279612154 ], [ -103.502514860539549, 25.606524012419019 ], [ -103.507087334247842, 25.606524012419019 ], [ -103.507087334247842, 25.610832279612154 ] ] ] } },
{ "type": "Feature", "properties": { "difference_1990_2000": -653.0, "difference_1990_2010": -1175.0, "difference_1990_2020": -1327.0 }, "geometry": { "type": "Polygon", "coordinates": [ [ [ -103.507087334247842, 25.576370439573555 ], [ -103.502514860539549, 25.576370439573555 ], [ -103.502514860539549, 25.572063399751489 ], [ -103.507087334247842, 25.572063399751489 ], [ -103.507087334247842, 25.576370439573555 ] ] ] } },
{ "type": "Feature", "properties": { "difference_1990_2000": 0.0, "difference_1990_2010": 52.0, "difference_1990_2020": 27.0 }, "geometry": { "type": "Polygon", "coordinates": [ [ [ -103.507087334247842, 25.511780913825977 ], [ -103.502514860539549, 25.511780913825977 ], [ -103.502514860539549, 25.507476168323006 ], [ -103.507087334247842, 25.507476168323041 ], [ -103.507087334247842, 25.511780913825977 ] ] ] } },
{ "type": "Feature", "properties": { "difference_1990_2000": -528.0, "difference_1990_2010": -1002.0, "difference_1990_2020": -1121.0 }, "geometry": { "type": "Polygon", "coordinates": [ [ [ -103.507087334247842, 25.563449779782324 ], [ -103.502514860539549, 25.563449779782346 ], [ -103.502514860539549, 25.559143199554043 ], [ -103.507087334247842, 25.559143199554043 ], [ -103.507087334247842, 25.563449779782324 ] ] ] } },
{ "type": "Feature", "properties": { "difference_1990_2000": -1579.0, "difference_1990_2010": -986.0, "difference_1990_2020": -1171.0 }, "geometry": { "type": "Polygon", "coordinates": [ [ [ -103.507087334247842, 25.559143199554043 ], [ -103.502514860539549, 25.559143199554043 ], [ -103.502514860539549, 25.554836772442414 ], [ -103.507087334247842, 25.554836772442435 ], [ -103.507087334247842, 25.559143199554043 ] ] ] } },
{ "type": "Feature", "properties": { "difference_1990_2000": 0.0, "difference_1990_2010": 361.0, "difference_1990_2020": 475.0 }, "geometry": { "type": "Polygon", "coordinates": [ [ [ -103.507087334247842, 25.679785472614249 ], [ -103.502514860539549, 25.679785472614249 ], [ -103.502514860539549, 25.675474742858803 ], [ -103.507087334247842, 25.675474742858803 ], [ -103.507087334247842, 25.679785472614249 ] ] ] } },
{ "type": "Feature", "properties": { "difference_1990_2000": 573.0, "difference_1990_2010": 765.0, "difference_1990_2020": 807.0 }, "geometry": { "type": "Polygon", "coordinates": [ [ [ -103.507087334247842, 25.619449274852371 ], [ -103.502514860539549, 25.619449274852371 ], [ -103.502514860539549, 25.615140700409665 ], [ -103.507087334247842, 25.615140700409697 ], [ -103.507087334247842, 25.619449274852371 ] ] ] } },
{ "type": "Feature", "properties": { "difference_1990_2000": -354.0, "difference_1990_2010": -790.0, "difference_1990_2020": -835.0 }, "geometry": { "type": "Polygon", "coordinates": [ [ [ -103.507087334247842, 25.567756513167943 ], [ -103.502514860539549, 25.567756513167971 ], [ -103.502514860539549, 25.563449779782346 ], [ -103.507087334247842, 25.563449779782324 ], [ -103.507087334247842, 25.567756513167943 ] ] ] } },
{ "type": "Feature", "properties": { "difference_1990_2000": 1044.0, "difference_1990_2010": 1559.0, "difference_1990_2020": 1353.0 }, "geometry": { "type": "Polygon", "coordinates": [ [ [ -103.507087334247842, 25.615140700409697 ], [ -103.502514860539549, 25.615140700409665 ], [ -103.502514860539549, 25.610832279612154 ], [ -103.507087334247842, 25.610832279612154 ], [ -103.507087334247842, 25.615140700409697 ] ] ] } },
{ "type": "Feature", "properties": { "difference_1990_2000": -446.0, "difference_1990_2010": -443.0, "difference_1990_2020": -443.0 }, "geometry": { "type": "Polygon", "coordinates": [ [ [ -103.507087334247842, 25.602215898789616 ], [ -103.502514860539549, 25.602215898789581 ], [ -103.502514860539549, 25.597907938683228 ], [ -103.507087334247842, 25.597907938683242 ], [ -103.507087334247842, 25.602215898789616 ] ] ] } },
{ "type": "Feature", "properties": { "difference_1990_2000": 0.0, "difference_1990_2010": 0.0, "difference_1990_2020": 49.0 }, "geometry": { "type": "Polygon", "coordinates": [ [ [ -103.507087334247842, 25.632375920458614 ], [ -103.502514860539549, 25.632375920458614 ], [ -103.502514860539549, 25.628066884836109 ], [ -103.507087334247842, 25.628066884836056 ], [ -103.507087334247842, 25.632375920458614 ] ] ] } },
{ "type": "Feature", "properties": { "difference_1990_2000": 218.0, "difference_1990_2010": 226.0, "difference_1990_2020": 260.0 }, "geometry": { "type": "Polygon", "coordinates": [ [ [ -103.507087334247842, 25.597907938683242 ], [ -103.502514860539549, 25.597907938683228 ], [ -103.502514860539549, 25.593600132059201 ], [ -103.507087334247842, 25.593600132059201 ], [ -103.507087334247842, 25.597907938683242 ] ] ] } },
{ "type": "Feature", "properties": { "difference_1990_2000": 321.0, "difference_1990_2010": 193.0, "difference_1990_2020": 141.0 }, "geometry": { "type": "Polygon", "coordinates": [ [ [ -103.507087334247842, 25.541918409402399 ], [ -103.502514860539549, 25.541918409402399 ], [ -103.502514860539549, 25.537612594352062 ], [ -103.507087334247842, 25.537612594352098 ], [ -103.507087334247842, 25.541918409402399 ] ] ] } },
{ "type": "Feature", "properties": { "difference_1990_2000": 452.0, "difference_1990_2010": 797.0, "difference_1990_2020": 1174.0 }, "geometry": { "type": "Polygon", "coordinates": [ [ [ -103.507087334247842, 25.550530498407017 ], [ -103.502514860539549, 25.550530498407017 ], [ -103.502514860539549, 25.546224377407174 ], [ -103.507087334247842, 25.54622437740721 ], [ -103.507087334247842, 25.550530498407017 ] ] ] } },
{ "type": "Feature", "properties": { "difference_1990_2000": -512.0, "difference_1990_2010": -1162.0, "difference_1990_2020": -1261.0 }, "geometry": { "type": "Polygon", "coordinates": [ [ [ -103.507087334247842, 25.572063399751489 ], [ -103.502514860539549, 25.572063399751489 ], [ -103.502514860539549, 25.567756513167971 ], [ -103.507087334247842, 25.567756513167943 ], [ -103.507087334247842, 25.572063399751489 ] ] ] } },
{ "type": "Feature", "properties": { "difference_1990_2000": 24.0, "difference_1990_2010": 100.0, "difference_1990_2020": 95.0 }, "geometry": { "type": "Polygon", "coordinates": [ [ [ -103.507087334247842, 25.623758002980942 ], [ -103.502514860539549, 25.62375800298096 ], [ -103.502514860539549, 25.619449274852371 ], [ -103.507087334247842, 25.619449274852371 ], [ -103.507087334247842, 25.623758002980942 ] ] ] } },
{ "type": "Feature", "properties": { "difference_1990_2000": 271.0, "difference_1990_2010": 325.0, "difference_1990_2020": 424.0 }, "geometry": { "type": "Polygon", "coordinates": [ [ [ -103.507087334247842, 25.54622437740721 ], [ -103.502514860539549, 25.546224377407174 ], [ -103.502514860539549, 25.541918409402399 ], [ -103.507087334247842, 25.541918409402399 ], [ -103.507087334247842, 25.54622437740721 ] ] ] } },
{ "type": "Feature", "properties": { "difference_1990_2000": 119.0, "difference_1990_2010": -117.0, "difference_1990_2020": -313.0 }, "geometry": { "type": "Polygon", "coordinates": [ [ [ -103.507087334247842, 25.584984979095623 ], [ -103.502514860539549, 25.584984979095623 ], [ -103.502514860539549, 25.580677632674703 ], [ -103.507087334247842, 25.580677632674703 ], [ -103.507087334247842, 25.584984979095623 ] ] ] } },
{ "type": "Feature", "properties": { "difference_1990_2000": 44.0, "difference_1990_2010": 32.0, "difference_1990_2020": 17.0 }, "geometry": { "type": "Polygon", "coordinates": [ [ [ -103.507087334247842, 25.537612594352098 ], [ -103.502514860539549, 25.537612594352062 ], [ -103.502514860539549, 25.533306932215737 ], [ -103.507087334247842, 25.533306932215755 ], [ -103.507087334247842, 25.537612594352098 ] ] ] } },
{ "type": "Feature", "properties": { "difference_1990_2000": 81.0, "difference_1990_2010": 330.0, "difference_1990_2020": 144.0 }, "geometry": { "type": "Polygon", "coordinates": [ [ [ -103.141289437585741, 25.490258712212455 ], [ -103.136716963877461, 25.490258712212455 ], [ -103.136716963877461, 25.485954729457973 ], [ -103.141289437585741, 25.485954729457927 ], [ -103.141289437585741, 25.490258712212455 ] ] ] } },
{ "type": "Feature", "properties": { "difference_1990_2000": 101.0, "difference_1990_2010": 330.0, "difference_1990_2020": 194.0 }, "geometry": { "type": "Polygon", "coordinates": [ [ [ -103.141289437585741, 25.494562847435752 ], [ -103.136716963877461, 25.494562847435752 ], [ -103.136716963877461, 25.490258712212455 ], [ -103.141289437585741, 25.490258712212455 ], [ -103.141289437585741, 25.494562847435752 ] ] ] } },
{ "type": "Feature", "properties": { "difference_1990_2000": 0.0, "difference_1990_2010": 2.0, "difference_1990_2020": 1.0 }, "geometry": { "type": "Polygon", "coordinates": [ [ [ -103.141289437585741, 25.485954729457927 ], [ -103.136716963877461, 25.485954729457973 ], [ -103.136716963877461, 25.481650899131953 ], [ -103.141289437585741, 25.481650899131953 ], [ -103.141289437585741, 25.485954729457927 ] ] ] } },
{ "type": "Feature", "properties": { "difference_1990_2000": 48.0, "difference_1990_2010": -213.0, "difference_1990_2020": 90.0 }, "geometry": { "type": "Polygon", "coordinates": [ [ [ -103.141289437585741, 25.49886713516835 ], [ -103.136716963877461, 25.49886713516835 ], [ -103.136716963877461, 25.494562847435752 ], [ -103.141289437585741, 25.494562847435752 ], [ -103.141289437585741, 25.49886713516835 ] ] ] } },
{ "type": "Feature", "properties": { "difference_1990_2000": 0.0, "difference_1990_2010": 225.0, "difference_1990_2020": 953.0 }, "geometry": { "type": "Polygon", "coordinates": [ [ [ -103.319615912208519, 25.554836772442435 ], [ -103.315043438500226, 25.554836772442435 ], [ -103.315043438500226, 25.550530498407017 ], [ -103.319615912208519, 25.550530498407017 ], [ -103.319615912208519, 25.554836772442435 ] ] ] } },
{ "type": "Feature", "properties": { "difference_1990_2000": 0.0, "difference_1990_2010": 44.0, "difference_1990_2020": 0.0 }, "geometry": { "type": "Polygon", "coordinates": [ [ [ -103.319615912208519, 25.645303950337773 ], [ -103.315043438500226, 25.645303950337773 ], [ -103.315043438500226, 25.640994453168677 ], [ -103.319615912208519, 25.640994453168641 ], [ -103.319615912208519, 25.645303950337773 ] ] ] } },
{ "type": "Feature", "properties": { "difference_1990_2000": 0.0, "difference_1990_2010": 1113.0, "difference_1990_2020": 1346.0 }, "geometry": { "type": "Polygon", "coordinates": [ [ [ -103.319615912208519, 25.524696066522957 ], [ -103.315043438500226, 25.524696066522957 ], [ -103.315043438500226, 25.520390862885513 ], [ -103.319615912208519, 25.520390862885513 ], [ -103.319615912208519, 25.524696066522957 ] ] ] } },
{ "type": "Feature", "properties": { "difference_1990_2000": 9.0, "difference_1990_2010": 0.0, "difference_1990_2020": 21.0 }, "geometry": { "type": "Polygon", "coordinates": [ [ [ -103.319615912208519, 25.697029934616165 ], [ -103.315043438500226, 25.697029934616165 ], [ -103.315043438500226, 25.692718587586878 ], [ -103.319615912208519, 25.692718587586878 ], [ -103.319615912208519, 25.697029934616165 ] ] ] } },
{ "type": "Feature", "properties": { "difference_1990_2000": -8.0, "difference_1990_2010": 0.0, "difference_1990_2020": -5.0 }, "geometry": { "type": "Polygon", "coordinates": [ [ [ -103.319615912208519, 25.593600132059201 ], [ -103.315043438500226, 25.593600132059201 ], [ -103.315043438500226, 25.589292478876903 ], [ -103.319615912208519, 25.589292478876903 ], [ -103.319615912208519, 25.593600132059201 ] ] ] } },
{ "type": "Feature", "properties": { "difference_1990_2000": 0.0, "difference_1990_2010": 427.0, "difference_1990_2020": 618.0 }, "geometry": { "type": "Polygon", "coordinates": [ [ [ -103.319615912208519, 25.529001422952906 ], [ -103.315043438500226, 25.529001422952906 ], [ -103.315043438500226, 25.524696066522957 ], [ -103.319615912208519, 25.524696066522957 ], [ -103.319615912208519, 25.529001422952906 ] ] ] } },
{ "type": "Feature", "properties": { "difference_1990_2000": -5.0, "difference_1990_2010": 13.0, "difference_1990_2020": -3.0 }, "geometry": { "type": "Polygon", "coordinates": [ [ [ -103.319615912208519, 25.597907938683242 ], [ -103.315043438500226, 25.597907938683242 ], [ -103.315043438500226, 25.593600132059201 ], [ -103.319615912208519, 25.593600132059201 ], [ -103.319615912208519, 25.597907938683242 ] ] ] } },
{ "type": "Feature", "properties": { "difference_1990_2000": 0.0, "difference_1990_2010": 320.0, "difference_1990_2020": 523.0 }, "geometry": { "type": "Polygon", "coordinates": [ [ [ -103.319615912208519, 25.53330693221579 ], [ -103.315043438500226, 25.53330693221579 ], [ -103.315043438500226, 25.529001422952906 ], [ -103.319615912208519, 25.529001422952906 ], [ -103.319615912208519, 25.53330693221579 ] ] ] } },
{ "type": "Feature", "properties": { "difference_1990_2000": 0.0, "difference_1990_2010": 913.0, "difference_1990_2020": 1445.0 }, "geometry": { "type": "Polygon", "coordinates": [ [ [ -103.319615912208519, 25.541918409402399 ], [ -103.315043438500226, 25.541918409402399 ], [ -103.315043438500226, 25.537612594352098 ], [ -103.319615912208519, 25.537612594352098 ], [ -103.319615912208519, 25.541918409402399 ] ] ] } },
{ "type": "Feature", "properties": { "difference_1990_2000": 0.0, "difference_1990_2010": 677.0, "difference_1990_2020": 2284.0 }, "geometry": { "type": "Polygon", "coordinates": [ [ [ -103.319615912208519, 25.550530498407017 ], [ -103.315043438500226, 25.550530498407017 ], [ -103.315043438500226, 25.54622437740721 ], [ -103.319615912208519, 25.54622437740721 ], [ -103.319615912208519, 25.550530498407017 ] ] ] } },
{ "type": "Feature", "properties": { "difference_1990_2000": 0.0, "difference_1990_2010": 15.0, "difference_1990_2020": 0.0 }, "geometry": { "type": "Polygon", "coordinates": [ [ [ -103.319615912208519, 25.640994453168641 ], [ -103.315043438500226, 25.640994453168677 ], [ -103.315043438500226, 25.636685109889179 ], [ -103.319615912208519, 25.636685109889179 ], [ -103.319615912208519, 25.640994453168641 ] ] ] } },
{ "type": "Feature", "properties": { "difference_1990_2000": 28.0, "difference_1990_2010": 0.0, "difference_1990_2020": 62.0 }, "geometry": { "type": "Polygon", "coordinates": [ [ [ -103.319615912208519, 25.701341436066166 ], [ -103.315043438500226, 25.701341436066166 ], [ -103.315043438500226, 25.697029934616165 ], [ -103.319615912208519, 25.697029934616165 ], [ -103.319615912208519, 25.701341436066166 ] ] ] } },
{ "type": "Feature", "properties": { "difference_1990_2000": 0.0, "difference_1990_2010": 825.0, "difference_1990_2020": 2116.0 }, "geometry": { "type": "Polygon", "coordinates": [ [ [ -103.319615912208519, 25.54622437740721 ], [ -103.315043438500226, 25.54622437740721 ], [ -103.315043438500226, 25.541918409402399 ], [ -103.319615912208519, 25.541918409402399 ], [ -103.319615912208519, 25.54622437740721 ] ] ] } },
{ "type": "Feature", "properties": { "difference_1990_2000": 0.0, "difference_1990_2010": 542.0, "difference_1990_2020": 1053.0 }, "geometry": { "type": "Polygon", "coordinates": [ [ [ -103.319615912208519, 25.537612594352098 ], [ -103.315043438500226, 25.537612594352098 ], [ -103.315043438500226, 25.53330693221579 ], [ -103.319615912208519, 25.53330693221579 ], [ -103.319615912208519, 25.537612594352098 ] ] ] } },
{ "type": "Feature", "properties": { "difference_1990_2000": 2.0, "difference_1990_2010": 2.0, "difference_1990_2020": 2.0 }, "geometry": { "type": "Polygon", "coordinates": [ [ [ -103.497942386831298, 25.520390862885513 ], [ -103.493369913123004, 25.520390862885513 ], [ -103.493369913123004, 25.516085812000036 ], [ -103.497942386831298, 25.516085812000036 ], [ -103.497942386831298, 25.520390862885513 ] ] ] } },
{ "type": "Feature", "properties": { "difference_1990_2000": 0.0, "difference_1990_2010": 58.0, "difference_1990_2020": 221.0 }, "geometry": { "type": "Polygon", "coordinates": [ [ [ -103.497942386831298, 25.6366851098892 ], [ -103.493369913123004, 25.636685109889147 ], [ -103.493369913123004, 25.632375920458614 ], [ -103.497942386831298, 25.632375920458614 ], [ -103.497942386831298, 25.6366851098892 ] ] ] } },
{ "type": "Feature", "properties": { "difference_1990_2000": 0.0, "difference_1990_2010": 471.0, "difference_1990_2020": 571.0 }, "geometry": { "type": "Polygon", "coordinates": [ [ [ -103.497942386831298, 25.606524012419019 ], [ -103.493369913123004, 25.606524012418983 ], [ -103.493369913123004, 25.602215898789581 ], [ -103.497942386831298, 25.602215898789581 ], [ -103.497942386831298, 25.606524012419019 ] ] ] } },
{ "type": "Feature", "properties": { "difference_1990_2000": 531.0, "difference_1990_2010": 1239.0, "difference_1990_2020": 1730.0 }, "geometry": { "type": "Polygon", "coordinates": [ [ [ -103.497942386831298, 25.589292478876903 ], [ -103.493369913123004, 25.589292478876903 ], [ -103.493369913123004, 25.584984979095623 ], [ -103.497942386831298, 25.584984979095623 ], [ -103.497942386831298, 25.589292478876903 ] ] ] } },
{ "type": "Feature", "properties": { "difference_1990_2000": -131.0, "difference_1990_2010": -303.0, "difference_1990_2020": -328.0 }, "geometry": { "type": "Polygon", "coordinates": [ [ [ -103.497942386831298, 25.554836772442435 ], [ -103.493369913123004, 25.554836772442435 ], [ -103.493369913123004, 25.550530498407017 ], [ -103.497942386831298, 25.550530498407017 ], [ -103.497942386831298, 25.554836772442435 ] ] ] } },
{ "type": "Feature", "properties": { "difference_1990_2000": 0.0, "difference_1990_2010": 22.0, "difference_1990_2020": 25.0 }, "geometry": { "type": "Polygon", "coordinates": [ [ [ -103.497942386831298, 25.516085812000036 ], [ -103.493369913123004, 25.516085812000036 ], [ -103.493369913123004, 25.511780913825994 ], [ -103.497942386831298, 25.511780913825994 ], [ -103.497942386831298, 25.516085812000036 ] ] ] } },
{ "type": "Feature", "properties": { "difference_1990_2000": 74.0, "difference_1990_2010": -280.0, "difference_1990_2020": -200.0 }, "geometry": { "type": "Polygon", "coordinates": [ [ [ -103.497942386831298, 25.580677632674703 ], [ -103.493369913123004, 25.580677632674703 ], [ -103.493369913123004, 25.576370439573555 ], [ -103.497942386831298, 25.576370439573555 ], [ -103.497942386831298, 25.580677632674703 ] ] ] } },
{ "type": "Feature", "properties": { "difference_1990_2000": 0.0, "difference_1990_2010": 0.0, "difference_1990_2020": 102.0 }, "geometry": { "type": "Polygon", "coordinates": [ [ [ -103.497942386831298, 25.524696066522957 ], [ -103.493369913123004, 25.524696066522996 ], [ -103.493369913123004, 25.520390862885513 ], [ -103.497942386831298, 25.520390862885513 ], [ -103.497942386831298, 25.524696066522957 ] ] ] } },
{ "type": "Feature", "properties": { "difference_1990_2000": 0.0, "difference_1990_2010": 121.0, "difference_1990_2020": 150.0 }, "geometry": { "type": "Polygon", "coordinates": [ [ [ -103.497942386831298, 25.628066884836095 ], [ -103.493369913123004, 25.628066884836095 ], [ -103.493369913123004, 25.623758002980942 ], [ -103.497942386831298, 25.62375800298096 ], [ -103.497942386831298, 25.628066884836095 ] ] ] } },
{ "type": "Feature", "properties": { "difference_1990_2000": 546.0, "difference_1990_2010": 1392.0, "difference_1990_2020": 2008.0 }, "geometry": { "type": "Polygon", "coordinates": [ [ [ -103.497942386831298, 25.593600132059201 ], [ -103.493369913123004, 25.593600132059201 ], [ -103.493369913123004, 25.589292478876903 ], [ -103.497942386831298, 25.589292478876903 ], [ -103.497942386831298, 25.593600132059201 ] ] ] } },
{ "type": "Feature", "properties": { "difference_1990_2000": 0.0, "difference_1990_2010": 650.0, "difference_1990_2020": 978.0 }, "geometry": { "type": "Polygon", "coordinates": [ [ [ -103.497942386831298, 25.610832279612154 ], [ -103.493369913123004, 25.610832279612154 ], [ -103.493369913123004, 25.606524012418983 ], [ -103.497942386831298, 25.606524012419019 ], [ -103.497942386831298, 25.610832279612154 ] ] ] } },
{ "type": "Feature", "properties": { "difference_1990_2000": -108.0, "difference_1990_2010": -455.0, "difference_1990_2020": -373.0 }, "geometry": { "type": "Polygon", "coordinates": [ [ [ -103.497942386831298, 25.576370439573555 ], [ -103.493369913123004, 25.576370439573555 ], [ -103.493369913123004, 25.572063399751524 ], [ -103.497942386831298, 25.572063399751489 ], [ -103.497942386831298, 25.576370439573555 ] ] ] } },
{ "type": "Feature", "properties": { "difference_1990_2000": -672.0, "difference_1990_2010": -743.0, "difference_1990_2020": -891.0 }, "geometry": { "type": "Polygon", "coordinates": [ [ [ -103.497942386831298, 25.563449779782346 ], [ -103.493369913123004, 25.563449779782346 ], [ -103.493369913123004, 25.559143199554043 ], [ -103.497942386831298, 25.559143199554043 ], [ -103.497942386831298, 25.563449779782346 ] ] ] } },
{ "type": "Feature", "properties": { "difference_1990_2000": -1092.0, "difference_1990_2010": -362.0, "difference_1990_2020": -476.0 }, "geometry": { "type": "Polygon", "coordinates": [ [ [ -103.497942386831298, 25.559143199554043 ], [ -103.493369913123004, 25.559143199554043 ], [ -103.493369913123004, 25.554836772442435 ], [ -103.497942386831298, 25.554836772442435 ], [ -103.497942386831298, 25.559143199554043 ] ] ] } },
{ "type": "Feature", "properties": { "difference_1990_2000": 0.0, "difference_1990_2010": 898.0, "difference_1990_2020": 1533.0 }, "geometry": { "type": "Polygon", "coordinates": [ [ [ -103.497942386831298, 25.619449274852371 ], [ -103.493369913123004, 25.619449274852371 ], [ -103.493369913123004, 25.615140700409697 ], [ -103.497942386831298, 25.615140700409647 ], [ -103.497942386831298, 25.619449274852371 ] ] ] } },
{ "type": "Feature", "properties": { "difference_1990_2000": 0.0, "difference_1990_2010": 448.0, "difference_1990_2020": 947.0 }, "geometry": { "type": "Polygon", "coordinates": [ [ [ -103.497942386831298, 25.615140700409647 ], [ -103.493369913123004, 25.615140700409697 ], [ -103.493369913123004, 25.610832279612154 ], [ -103.497942386831298, 25.610832279612154 ], [ -103.497942386831298, 25.615140700409647 ] ] ] } },
{ "type": "Feature", "properties": { "difference_1990_2000": 293.0, "difference_1990_2010": 1100.0, "difference_1990_2020": 938.0 }, "geometry": { "type": "Polygon", "coordinates": [ [ [ -103.497942386831298, 25.602215898789581 ], [ -103.493369913123004, 25.602215898789581 ], [ -103.493369913123004, 25.597907938683242 ], [ -103.497942386831298, 25.597907938683242 ], [ -103.497942386831298, 25.602215898789581 ] ] ] } },
{ "type": "Feature", "properties": { "difference_1990_2000": -504.0, "difference_1990_2010": -811.0, "difference_1990_2020": -920.0 }, "geometry": { "type": "Polygon", "coordinates": [ [ [ -103.497942386831298, 25.567756513167971 ], [ -103.493369913123004, 25.567756513167971 ], [ -103.493369913123004, 25.563449779782346 ], [ -103.497942386831298, 25.563449779782346 ], [ -103.497942386831298, 25.567756513167971 ] ] ] } },
{ "type": "Feature", "properties": { "difference_1990_2000": 23.0, "difference_1990_2010": 21.0, "difference_1990_2020": 60.0 }, "geometry": { "type": "Polygon", "coordinates": [ [ [ -103.497942386831298, 25.529001422952906 ], [ -103.493369913123004, 25.529001422952906 ], [ -103.493369913123004, 25.524696066522996 ], [ -103.497942386831298, 25.524696066522957 ], [ -103.497942386831298, 25.529001422952906 ] ] ] } },
{ "type": "Feature", "properties": { "difference_1990_2000": 52.0, "difference_1990_2010": -13.0, "difference_1990_2020": -8.0 }, "geometry": { "type": "Polygon", "coordinates": [ [ [ -103.497942386831298, 25.54191840940236 ], [ -103.493369913123004, 25.541918409402399 ], [ -103.493369913123004, 25.537612594352098 ], [ -103.497942386831298, 25.537612594352062 ], [ -103.497942386831298, 25.54191840940236 ] ] ] } },
{ "type": "Feature", "properties": { "difference_1990_2000": 0.0, "difference_1990_2010": 403.0, "difference_1990_2020": 957.0 }, "geometry": { "type": "Polygon", "coordinates": [ [ [ -103.497942386831298, 25.632375920458614 ], [ -103.493369913123004, 25.632375920458614 ], [ -103.493369913123004, 25.628066884836095 ], [ -103.497942386831298, 25.628066884836095 ], [ -103.497942386831298, 25.632375920458614 ] ] ] } },
{ "type": "Feature", "properties": { "difference_1990_2000": 2235.0, "difference_1990_2010": 2667.0, "difference_1990_2020": 3023.0 }, "geometry": { "type": "Polygon", "coordinates": [ [ [ -103.497942386831298, 25.597907938683242 ], [ -103.493369913123004, 25.597907938683242 ], [ -103.493369913123004, 25.593600132059201 ], [ -103.497942386831298, 25.593600132059201 ], [ -103.497942386831298, 25.597907938683242 ] ] ] } },
{ "type": "Feature", "properties": { "difference_1990_2000": 34.0, "difference_1990_2010": 26.0, "difference_1990_2020": 29.0 }, "geometry": { "type": "Polygon", "coordinates": [ [ [ -103.497942386831298, 25.53330693221579 ], [ -103.493369913123004, 25.533306932215755 ], [ -103.493369913123004, 25.529001422952906 ], [ -103.497942386831298, 25.529001422952906 ], [ -103.497942386831298, 25.53330693221579 ] ] ] } },
{ "type": "Feature", "properties": { "difference_1990_2000": 34.0, "difference_1990_2010": -62.0, "difference_1990_2020": -57.0 }, "geometry": { "type": "Polygon", "coordinates": [ [ [ -103.497942386831298, 25.550530498407017 ], [ -103.493369913123004, 25.550530498407017 ], [ -103.493369913123004, 25.546224377407174 ], [ -103.497942386831298, 25.54622437740721 ], [ -103.497942386831298, 25.550530498407017 ] ] ] } },
{ "type": "Feature", "properties": { "difference_1990_2000": -284.0, "difference_1990_2010": -515.0, "difference_1990_2020": -539.0 }, "geometry": { "type": "Polygon", "coordinates": [ [ [ -103.497942386831298, 25.572063399751489 ], [ -103.493369913123004, 25.572063399751524 ], [ -103.493369913123004, 25.567756513167971 ], [ -103.497942386831298, 25.567756513167971 ], [ -103.497942386831298, 25.572063399751489 ] ] ] } },
{ "type": "Feature", "properties": { "difference_1990_2000": 0.0, "difference_1990_2010": 166.0, "difference_1990_2020": 487.0 }, "geometry": { "type": "Polygon", "coordinates": [ [ [ -103.497942386831298, 25.62375800298096 ], [ -103.493369913123004, 25.623758002980942 ], [ -103.493369913123004, 25.619449274852371 ], [ -103.497942386831298, 25.619449274852371 ], [ -103.497942386831298, 25.62375800298096 ] ] ] } },
{ "type": "Feature", "properties": { "difference_1990_2000": 1.0, "difference_1990_2010": -1.0, "difference_1990_2020": -1.0 }, "geometry": { "type": "Polygon", "coordinates": [ [ [ -103.497942386831298, 25.537612594352062 ], [ -103.493369913123004, 25.537612594352098 ], [ -103.493369913123004, 25.533306932215755 ], [ -103.497942386831298, 25.53330693221579 ], [ -103.497942386831298, 25.537612594352062 ] ] ] } },
{ "type": "Feature", "properties": { "difference_1990_2000": 56.0, "difference_1990_2010": -9.0, "difference_1990_2020": -3.0 }, "geometry": { "type": "Polygon", "coordinates": [ [ [ -103.497942386831298, 25.54622437740721 ], [ -103.493369913123004, 25.546224377407174 ], [ -103.493369913123004, 25.541918409402399 ], [ -103.497942386831298, 25.54191840940236 ], [ -103.497942386831298, 25.54622437740721 ] ] ] } },
{ "type": "Feature", "properties": { "difference_1990_2000": 1268.0, "difference_1990_2010": 1251.0, "difference_1990_2020": 1136.0 }, "geometry": { "type": "Polygon", "coordinates": [ [ [ -103.497942386831298, 25.584984979095623 ], [ -103.493369913123004, 25.584984979095623 ], [ -103.493369913123004, 25.580677632674703 ], [ -103.497942386831298, 25.580677632674703 ], [ -103.497942386831298, 25.584984979095623 ] ] ] } },
{ "type": "Feature", "properties": { "difference_1990_2000": 8.0, "difference_1990_2010": -2.0, "difference_1990_2020": 38.0 }, "geometry": { "type": "Polygon", "coordinates": [ [ [ -103.132144490169196, 25.494562847435752 ], [ -103.127572016460945, 25.494562847435766 ], [ -103.127572016460945, 25.490258712212455 ], [ -103.132144490169196, 25.490258712212455 ], [ -103.132144490169196, 25.494562847435752 ] ] ] } },
{ "type": "Feature", "properties": { "difference_1990_2000": 32.0, "difference_1990_2010": 51.0, "difference_1990_2020": 53.0 }, "geometry": { "type": "Polygon", "coordinates": [ [ [ -103.676268861454062, 25.503171575450608 ], [ -103.671696387745783, 25.503171575450629 ], [ -103.671696387745783, 25.49886713516835 ], [ -103.676268861454062, 25.49886713516835 ], [ -103.676268861454062, 25.503171575450608 ] ] ] } },
{ "type": "Feature", "properties": { "difference_1990_2000": 89.0, "difference_1990_2010": 186.0, "difference_1990_2020": 139.0 }, "geometry": { "type": "Polygon", "coordinates": [ [ [ -103.676268861454062, 25.468740322320954 ], [ -103.671696387745783, 25.468740322320954 ], [ -103.671696387745783, 25.464437101305002 ], [ -103.676268861454062, 25.464437101304952 ], [ -103.676268861454062, 25.468740322320954 ] ] ] } },
{ "type": "Feature", "properties": { "difference_1990_2000": 123.0, "difference_1990_2010": 261.0, "difference_1990_2020": 185.0 }, "geometry": { "type": "Polygon", "coordinates": [ [ [ -103.676268861454062, 25.464437101304952 ], [ -103.671696387745783, 25.464437101305002 ], [ -103.671696387745783, 25.460134032515668 ], [ -103.676268861454062, 25.460134032515668 ], [ -103.676268861454062, 25.464437101304952 ] ] ] } },
{ "type": "Feature", "properties": { "difference_1990_2000": 25.0, "difference_1990_2010": 9.0, "difference_1990_2020": 27.0 }, "geometry": { "type": "Polygon", "coordinates": [ [ [ -103.676268861454062, 25.460134032515668 ], [ -103.671696387745783, 25.460134032515668 ], [ -103.671696387745783, 25.455831115912627 ], [ -103.676268861454062, 25.455831115912627 ], [ -103.676268861454062, 25.460134032515668 ] ] ] } },
{ "type": "Feature", "properties": { "difference_1990_2000": 1.0, "difference_1990_2010": 0.0, "difference_1990_2020": 2.0 }, "geometry": { "type": "Polygon", "coordinates": [ [ [ -103.676268861454062, 25.494562847435752 ], [ -103.671696387745783, 25.494562847435752 ], [ -103.671696387745783, 25.490258712212476 ], [ -103.676268861454062, 25.490258712212455 ], [ -103.676268861454062, 25.494562847435752 ] ] ] } },
{ "type": "Feature", "properties": { "difference_1990_2000": 37.0, "difference_1990_2010": 72.0, "difference_1990_2020": 68.0 }, "geometry": { "type": "Polygon", "coordinates": [ [ [ -103.676268861454062, 25.49886713516835 ], [ -103.671696387745783, 25.49886713516835 ], [ -103.671696387745783, 25.494562847435752 ], [ -103.676268861454062, 25.494562847435752 ], [ -103.676268861454062, 25.49886713516835 ] ] ] } },
{ "type": "Feature", "properties": { "difference_1990_2000": 0.0, "difference_1990_2010": 46.0, "difference_1990_2020": 127.0 }, "geometry": { "type": "Polygon", "coordinates": [ [ [ -103.310470964791961, 25.589292478876903 ], [ -103.305898491083681, 25.589292478876875 ], [ -103.305898491083681, 25.584984979095623 ], [ -103.310470964791961, 25.584984979095623 ], [ -103.310470964791961, 25.589292478876903 ] ] ] } },
{ "type": "Feature", "properties": { "difference_1990_2000": 0.0, "difference_1990_2010": 14.0, "difference_1990_2020": 0.0 }, "geometry": { "type": "Polygon", "coordinates": [ [ [ -103.310470964791961, 25.554836772442435 ], [ -103.305898491083681, 25.554836772442474 ], [ -103.305898491083681, 25.550530498407017 ], [ -103.310470964791961, 25.550530498407017 ], [ -103.310470964791961, 25.554836772442435 ] ] ] } },
{ "type": "Feature", "properties": { "difference_1990_2000": 58.0, "difference_1990_2010": 201.0, "difference_1990_2020": 130.0 }, "geometry": { "type": "Polygon", "coordinates": [ [ [ -103.310470964791961, 25.692718587586857 ], [ -103.305898491083681, 25.692718587586878 ], [ -103.305898491083681, 25.688407394937425 ], [ -103.310470964791961, 25.688407394937425 ], [ -103.310470964791961, 25.692718587586857 ] ] ] } },
{ "type": "Feature", "properties": { "difference_1990_2000": 1.0, "difference_1990_2010": 0.0, "difference_1990_2020": 3.0 }, "geometry": { "type": "Polygon", "coordinates": [ [ [ -103.310470964791961, 25.697029934616165 ], [ -103.305898491083681, 25.697029934616165 ], [ -103.305898491083681, 25.692718587586878 ], [ -103.310470964791961, 25.692718587586857 ], [ -103.310470964791961, 25.697029934616165 ] ] ] } },
{ "type": "Feature", "properties": { "difference_1990_2000": -6.0, "difference_1990_2010": 210.0, "difference_1990_2020": 174.0 }, "geometry": { "type": "Polygon", "coordinates": [ [ [ -103.310470964791961, 25.593600132059237 ], [ -103.305898491083681, 25.593600132059237 ], [ -103.305898491083681, 25.589292478876875 ], [ -103.310470964791961, 25.589292478876903 ], [ -103.310470964791961, 25.593600132059237 ] ] ] } },
{ "type": "Feature", "properties": { "difference_1990_2000": 11.0, "difference_1990_2010": 2.0, "difference_1990_2020": 7.0 }, "geometry": { "type": "Polygon", "coordinates": [ [ [ -103.310470964791961, 25.602215898789581 ], [ -103.305898491083681, 25.602215898789616 ], [ -103.305898491083681, 25.597907938683242 ], [ -103.310470964791961, 25.597907938683242 ], [ -103.310470964791961, 25.602215898789581 ] ] ] } },
{ "type": "Feature", "properties": { "difference_1990_2000": 0.0, "difference_1990_2010": 3.0, "difference_1990_2020": 4.0 }, "geometry": { "type": "Polygon", "coordinates": [ [ [ -103.310470964791961, 25.529001422952906 ], [ -103.305898491083681, 25.529001422952906 ], [ -103.305898491083681, 25.524696066522957 ], [ -103.310470964791961, 25.524696066522957 ], [ -103.310470964791961, 25.529001422952906 ] ] ] } },
{ "type": "Feature", "properties": { "difference_1990_2000": 21.0, "difference_1990_2010": 152.0, "difference_1990_2020": 125.0 }, "geometry": { "type": "Polygon", "coordinates": [ [ [ -103.310470964791961, 25.533306932215755 ], [ -103.305898491083681, 25.53330693221579 ], [ -103.305898491083681, 25.529001422952906 ], [ -103.310470964791961, 25.529001422952906 ], [ -103.310470964791961, 25.533306932215755 ] ] ] } },
{ "type": "Feature", "properties": { "difference_1990_2000": 34.0, "difference_1990_2010": 19.0, "difference_1990_2020": 21.0 }, "geometry": { "type": "Polygon", "coordinates": [ [ [ -103.310470964791961, 25.597907938683242 ], [ -103.305898491083681, 25.597907938683242 ], [ -103.305898491083681, 25.593600132059237 ], [ -103.310470964791961, 25.593600132059237 ], [ -103.310470964791961, 25.597907938683242 ] ] ] } },
{ "type": "Feature", "properties": { "difference_1990_2000": 0.0, "difference_1990_2010": 38.0, "difference_1990_2020": 73.0 }, "geometry": { "type": "Polygon", "coordinates": [ [ [ -103.310470964791961, 25.550530498407017 ], [ -103.305898491083681, 25.550530498407017 ], [ -103.305898491083681, 25.54622437740721 ], [ -103.310470964791961, 25.54622437740721 ], [ -103.310470964791961, 25.550530498407017 ] ] ] } },
{ "type": "Feature", "properties": { "difference_1990_2000": 1.0, "difference_1990_2010": -40.0, "difference_1990_2020": 2.0 }, "geometry": { "type": "Polygon", "coordinates": [ [ [ -103.310470964791961, 25.54191840940242 ], [ -103.305898491083681, 25.541918409402399 ], [ -103.305898491083681, 25.537612594352098 ], [ -103.310470964791961, 25.537612594352062 ], [ -103.310470964791961, 25.54191840940242 ] ] ] } },
{ "type": "Feature", "properties": { "difference_1990_2000": 25.0, "difference_1990_2010": 105.0, "difference_1990_2020": 30.0 }, "geometry": { "type": "Polygon", "coordinates": [ [ [ -103.310470964791961, 25.537612594352062 ], [ -103.305898491083681, 25.537612594352098 ], [ -103.305898491083681, 25.53330693221579 ], [ -103.310470964791961, 25.533306932215755 ], [ -103.310470964791961, 25.537612594352062 ] ] ] } },
{ "type": "Feature", "properties": { "difference_1990_2000": 0.0, "difference_1990_2010": 0.0, "difference_1990_2020": 3.0 }, "geometry": { "type": "Polygon", "coordinates": [ [ [ -103.310470964791961, 25.584984979095623 ], [ -103.305898491083681, 25.584984979095623 ], [ -103.305898491083681, 25.580677632674703 ], [ -103.310470964791961, 25.580677632674703 ], [ -103.310470964791961, 25.584984979095623 ] ] ] } },
{ "type": "Feature", "properties": { "difference_1990_2000": 200.0, "difference_1990_2010": 437.0, "difference_1990_2020": 471.0 }, "geometry": { "type": "Polygon", "coordinates": [ [ [ -103.488797439414725, 25.520390862885513 ], [ -103.484224965706446, 25.520390862885513 ], [ -103.484224965706446, 25.516085812000036 ], [ -103.488797439414725, 25.516085812000036 ], [ -103.488797439414725, 25.520390862885513 ] ] ] } },
{ "type": "Feature", "properties": { "difference_1990_2000": -144.0, "difference_1990_2010": 606.0, "difference_1990_2020": 749.0 }, "geometry": { "type": "Polygon", "coordinates": [ [ [ -103.488797439414725, 25.589292478876875 ], [ -103.484224965706446, 25.589292478876903 ], [ -103.484224965706446, 25.584984979095623 ], [ -103.488797439414725, 25.584984979095584 ], [ -103.488797439414725, 25.589292478876875 ] ] ] } },
{ "type": "Feature", "properties": { "difference_1990_2000": 246.0, "difference_1990_2010": 1114.0, "difference_1990_2020": 1731.0 }, "geometry": { "type": "Polygon", "coordinates": [ [ [ -103.488797439414725, 25.606524012419019 ], [ -103.484224965706446, 25.60652401241903 ], [ -103.484224965706446, 25.602215898789581 ], [ -103.488797439414725, 25.602215898789581 ], [ -103.488797439414725, 25.606524012419019 ] ] ] } },
{ "type": "Feature", "properties": { "difference_1990_2000": -134.0, "difference_1990_2010": -236.0, "difference_1990_2020": -306.0 }, "geometry": { "type": "Polygon", "coordinates": [ [ [ -103.488797439414725, 25.554836772442435 ], [ -103.484224965706446, 25.554836772442474 ], [ -103.484224965706446, 25.550530498407017 ], [ -103.488797439414725, 25.550530498407017 ], [ -103.488797439414725, 25.554836772442435 ] ] ] } },
{ "type": "Feature", "properties": { "difference_1990_2000": 63.0, "difference_1990_2010": 105.0, "difference_1990_2020": 199.0 }, "geometry": { "type": "Polygon", "coordinates": [ [ [ -103.488797439414725, 25.580677632674668 ], [ -103.484224965706446, 25.580677632674703 ], [ -103.484224965706446, 25.576370439573584 ], [ -103.488797439414725, 25.576370439573555 ], [ -103.488797439414725, 25.580677632674668 ] ] ] } },
{ "type": "Feature", "properties": { "difference_1990_2000": 0.0, "difference_1990_2010": 435.0, "difference_1990_2020": 576.0 }, "geometry": { "type": "Polygon", "coordinates": [ [ [ -103.488797439414725, 25.516085812000036 ], [ -103.484224965706446, 25.516085812000036 ], [ -103.484224965706446, 25.511780913826033 ], [ -103.488797439414725, 25.511780913825994 ], [ -103.488797439414725, 25.516085812000036 ] ] ] } },
{ "type": "Feature", "properties": { "difference_1990_2000": 0.0, "difference_1990_2010": 0.0, "difference_1990_2020": 3.0 }, "geometry": { "type": "Polygon", "coordinates": [ [ [ -103.488797439414725, 25.628066884836056 ], [ -103.484224965706446, 25.628066884836109 ], [ -103.484224965706446, 25.62375800298096 ], [ -103.488797439414725, 25.62375800298096 ], [ -103.488797439414725, 25.628066884836056 ] ] ] } },
{ "type": "Feature", "properties": { "difference_1990_2000": 325.0, "difference_1990_2010": 370.0, "difference_1990_2020": 347.0 }, "geometry": { "type": "Polygon", "coordinates": [ [ [ -103.488797439414725, 25.524696066522957 ], [ -103.484224965706446, 25.524696066522957 ], [ -103.484224965706446, 25.520390862885513 ], [ -103.488797439414725, 25.520390862885513 ], [ -103.488797439414725, 25.524696066522957 ] ] ] } },
{ "type": "Feature", "properties": { "difference_1990_2000": 0.0, "difference_1990_2010": 34.0, "difference_1990_2020": 106.0 }, "geometry": { "type": "Polygon", "coordinates": [ [ [ -103.488797439414725, 25.507476168323041 ], [ -103.484224965706446, 25.507476168323048 ], [ -103.484224965706446, 25.503171575450629 ], [ -103.488797439414725, 25.503171575450629 ], [ -103.488797439414725, 25.507476168323041 ] ] ] } },
{ "type": "Feature", "properties": { "difference_1990_2000": -284.0, "difference_1990_2010": 1488.0, "difference_1990_2020": 1673.0 }, "geometry": { "type": "Polygon", "coordinates": [ [ [ -103.488797439414725, 25.593600132059201 ], [ -103.484224965706446, 25.593600132059237 ], [ -103.484224965706446, 25.589292478876903 ], [ -103.488797439414725, 25.589292478876875 ], [ -103.488797439414725, 25.593600132059201 ] ] ] } },
{ "type": "Feature", "properties": { "difference_1990_2000": 13.0, "difference_1990_2010": 1619.0, "difference_1990_2020": 2520.0 }, "geometry": { "type": "Polygon", "coordinates": [ [ [ -103.488797439414725, 25.610832279612154 ], [ -103.484224965706446, 25.610832279612154 ], [ -103.484224965706446, 25.60652401241903 ], [ -103.488797439414725, 25.606524012419019 ], [ -103.488797439414725, 25.610832279612154 ] ] ] } },
{ "type": "Feature", "properties": { "difference_1990_2000": -552.0, "difference_1990_2010": -855.0, "difference_1990_2020": -566.0 }, "geometry": { "type": "Polygon", "coordinates": [ [ [ -103.488797439414725, 25.576370439573555 ], [ -103.484224965706446, 25.576370439573584 ], [ -103.484224965706446, 25.572063399751489 ], [ -103.488797439414725, 25.572063399751489 ], [ -103.488797439414725, 25.576370439573555 ] ] ] } },
{ "type": "Feature", "properties": { "difference_1990_2000": 0.0, "difference_1990_2010": 209.0, "difference_1990_2020": 339.0 }, "geometry": { "type": "Polygon", "coordinates": [ [ [ -103.488797439414725, 25.511780913825994 ], [ -103.484224965706446, 25.511780913826033 ], [ -103.484224965706446, 25.507476168323048 ], [ -103.488797439414725, 25.507476168323041 ], [ -103.488797439414725, 25.511780913825994 ] ] ] } },
{ "type": "Feature", "properties": { "difference_1990_2000": 402.0, "difference_1990_2010": -11.0, "difference_1990_2020": 31.0 }, "geometry": { "type": "Polygon", "coordinates": [ [ [ -103.488797439414725, 25.563449779782346 ], [ -103.484224965706446, 25.563449779782346 ], [ -103.484224965706446, 25.559143199554043 ], [ -103.488797439414725, 25.559143199554043 ], [ -103.488797439414725, 25.563449779782346 ] ] ] } },
{ "type": "Feature", "properties": { "difference_1990_2000": -231.0, "difference_1990_2010": -494.0, "difference_1990_2020": -579.0 }, "geometry": { "type": "Polygon", "coordinates": [ [ [ -103.488797439414725, 25.559143199554043 ], [ -103.484224965706446, 25.559143199554043 ], [ -103.484224965706446, 25.554836772442474 ], [ -103.488797439414725, 25.554836772442435 ], [ -103.488797439414725, 25.559143199554043 ] ] ] } },
{ "type": "Feature", "properties": { "difference_1990_2000": 0.0, "difference_1990_2010": 178.0, "difference_1990_2020": 1260.0 }, "geometry": { "type": "Polygon", "coordinates": [ [ [ -103.488797439414725, 25.619449274852371 ], [ -103.484224965706446, 25.619449274852411 ], [ -103.484224965706446, 25.615140700409697 ], [ -103.488797439414725, 25.615140700409697 ], [ -103.488797439414725, 25.619449274852371 ] ] ] } },
{ "type": "Feature", "properties": { "difference_1990_2000": 546.0, "difference_1990_2010": 1114.0, "difference_1990_2020": 1470.0 }, "geometry": { "type": "Polygon", "coordinates": [ [ [ -103.488797439414725, 25.602215898789581 ], [ -103.484224965706446, 25.602215898789581 ], [ -103.484224965706446, 25.597907938683242 ], [ -103.488797439414725, 25.597907938683242 ], [ -103.488797439414725, 25.602215898789581 ] ] ] } },
{ "type": "Feature", "properties": { "difference_1990_2000": 0.0, "difference_1990_2010": 1026.0, "difference_1990_2020": 2383.0 }, "geometry": { "type": "Polygon", "coordinates": [ [ [ -103.488797439414725, 25.615140700409697 ], [ -103.484224965706446, 25.615140700409697 ], [ -103.484224965706446, 25.610832279612154 ], [ -103.488797439414725, 25.610832279612154 ], [ -103.488797439414725, 25.615140700409697 ] ] ] } },
{ "type": "Feature", "properties": { "difference_1990_2000": 1181.0, "difference_1990_2010": 715.0, "difference_1990_2020": 833.0 }, "geometry": { "type": "Polygon", "coordinates": [ [ [ -103.488797439414725, 25.567756513167971 ], [ -103.484224965706446, 25.567756513167971 ], [ -103.484224965706446, 25.563449779782346 ], [ -103.488797439414725, 25.563449779782346 ], [ -103.488797439414725, 25.567756513167971 ] ] ] } },
{ "type": "Feature", "properties": { "difference_1990_2000": -36.0, "difference_1990_2010": -40.0, "difference_1990_2020": -48.0 }, "geometry": { "type": "Polygon", "coordinates": [ [ [ -103.488797439414725, 25.533306932215737 ], [ -103.484224965706446, 25.533306932215755 ], [ -103.484224965706446, 25.529001422952906 ], [ -103.488797439414725, 25.529001422952906 ], [ -103.488797439414725, 25.533306932215737 ] ] ] } },
{ "type": "Feature", "properties": { "difference_1990_2000": 692.0, "difference_1990_2010": 641.0, "difference_1990_2020": 573.0 }, "geometry": { "type": "Polygon", "coordinates": [ [ [ -103.488797439414725, 25.529001422952906 ], [ -103.484224965706446, 25.529001422952906 ], [ -103.484224965706446, 25.524696066522957 ], [ -103.488797439414725, 25.524696066522957 ], [ -103.488797439414725, 25.529001422952906 ] ] ] } },
{ "type": "Feature", "properties": { "difference_1990_2000": 300.0, "difference_1990_2010": 1341.0, "difference_1990_2020": 1620.0 }, "geometry": { "type": "Polygon", "coordinates": [ [ [ -103.488797439414725, 25.597907938683242 ], [ -103.484224965706446, 25.597907938683242 ], [ -103.484224965706446, 25.593600132059237 ], [ -103.488797439414725, 25.593600132059201 ], [ -103.488797439414725, 25.597907938683242 ] ] ] } },
{ "type": "Feature", "properties": { "difference_1990_2000": -33.0, "difference_1990_2010": -55.0, "difference_1990_2020": -61.0 }, "geometry": { "type": "Polygon", "coordinates": [ [ [ -103.488797439414725, 25.541918409402399 ], [ -103.484224965706446, 25.541918409402399 ], [ -103.484224965706446, 25.537612594352062 ], [ -103.488797439414725, 25.537612594352098 ], [ -103.488797439414725, 25.541918409402399 ] ] ] } },
{ "type": "Feature", "properties": { "difference_1990_2000": -21.0, "difference_1990_2010": -82.0, "difference_1990_2020": -79.0 }, "geometry": { "type": "Polygon", "coordinates": [ [ [ -103.488797439414725, 25.550530498407017 ], [ -103.484224965706446, 25.550530498407017 ], [ -103.484224965706446, 25.54622437740721 ], [ -103.488797439414725, 25.54622437740721 ], [ -103.488797439414725, 25.550530498407017 ] ] ] } },
{ "type": "Feature", "properties": { "difference_1990_2000": 378.0, "difference_1990_2010": -100.0, "difference_1990_2020": -44.0 }, "geometry": { "type": "Polygon", "coordinates": [ [ [ -103.488797439414725, 25.572063399751489 ], [ -103.484224965706446, 25.572063399751489 ], [ -103.484224965706446, 25.567756513167971 ], [ -103.488797439414725, 25.567756513167971 ], [ -103.488797439414725, 25.572063399751489 ] ] ] } },
{ "type": "Feature", "properties": { "difference_1990_2000": 1289.0, "difference_1990_2010": 1436.0, "difference_1990_2020": 1482.0 }, "geometry": { "type": "Polygon", "coordinates": [ [ [ -103.488797439414725, 25.584984979095584 ], [ -103.484224965706446, 25.584984979095623 ], [ -103.484224965706446, 25.580677632674703 ], [ -103.488797439414725, 25.580677632674668 ], [ -103.488797439414725, 25.584984979095584 ] ] ] } },
{ "type": "Feature", "properties": { "difference_1990_2000": 0.0, "difference_1990_2010": 76.0, "difference_1990_2020": 393.0 }, "geometry": { "type": "Polygon", "coordinates": [ [ [ -103.488797439414725, 25.62375800298096 ], [ -103.484224965706446, 25.62375800298096 ], [ -103.484224965706446, 25.619449274852411 ], [ -103.488797439414725, 25.619449274852371 ], [ -103.488797439414725, 25.62375800298096 ] ] ] } },
{ "type": "Feature", "properties": { "difference_1990_2000": 57.0, "difference_1990_2010": -12.0, "difference_1990_2020": -6.0 }, "geometry": { "type": "Polygon", "coordinates": [ [ [ -103.488797439414725, 25.54622437740721 ], [ -103.484224965706446, 25.54622437740721 ], [ -103.484224965706446, 25.541918409402399 ], [ -103.488797439414725, 25.541918409402399 ], [ -103.488797439414725, 25.54622437740721 ] ] ] } },
{ "type": "Feature", "properties": { "difference_1990_2000": -67.0, "difference_1990_2010": -70.0, "difference_1990_2020": -80.0 }, "geometry": { "type": "Polygon", "coordinates": [ [ [ -103.488797439414725, 25.537612594352098 ], [ -103.484224965706446, 25.537612594352062 ], [ -103.484224965706446, 25.533306932215755 ], [ -103.488797439414725, 25.533306932215737 ], [ -103.488797439414725, 25.537612594352098 ] ] ] } },
{ "type": "Feature", "properties": { "difference_1990_2000": -9.0, "difference_1990_2010": -44.0, "difference_1990_2020": -5.0 }, "geometry": { "type": "Polygon", "coordinates": [ [ [ -103.667123914037518, 25.503171575450629 ], [ -103.662551440329239, 25.503171575450629 ], [ -103.662551440329239, 25.49886713516835 ], [ -103.667123914037518, 25.49886713516835 ], [ -103.667123914037518, 25.503171575450629 ] ] ] } },
{ "type": "Feature", "properties": { "difference_1990_2000": -1.0, "difference_1990_2010": 54.0, "difference_1990_2020": 136.0 }, "geometry": { "type": "Polygon", "coordinates": [ [ [ -103.667123914037518, 25.468740322320954 ], [ -103.662551440329239, 25.468740322320954 ], [ -103.662551440329239, 25.464437101304988 ], [ -103.667123914037518, 25.464437101304988 ], [ -103.667123914037518, 25.468740322320954 ] ] ] } },
{ "type": "Feature", "properties": { "difference_1990_2000": 3.0, "difference_1990_2010": 36.0, "difference_1990_2020": -1.0 }, "geometry": { "type": "Polygon", "coordinates": [ [ [ -103.667123914037518, 25.507476168323041 ], [ -103.662551440329239, 25.507476168323041 ], [ -103.662551440329239, 25.503171575450629 ], [ -103.667123914037518, 25.503171575450629 ], [ -103.667123914037518, 25.507476168323041 ] ] ] } },
{ "type": "Feature", "properties": { "difference_1990_2000": 0.0, "difference_1990_2010": -2.0, "difference_1990_2020": 3.0 }, "geometry": { "type": "Polygon", "coordinates": [ [ [ -103.667123914037518, 25.464437101304988 ], [ -103.662551440329239, 25.464437101304988 ], [ -103.662551440329239, 25.460134032515668 ], [ -103.667123914037518, 25.460134032515629 ], [ -103.667123914037518, 25.464437101304988 ] ] ] } },
{ "type": "Feature", "properties": { "difference_1990_2000": 0.0, "difference_1990_2010": 18.0, "difference_1990_2020": 0.0 }, "geometry": { "type": "Polygon", "coordinates": [ [ [ -103.667123914037518, 25.511780913825994 ], [ -103.662551440329239, 25.511780913825994 ], [ -103.662551440329239, 25.507476168323041 ], [ -103.667123914037518, 25.507476168323041 ], [ -103.667123914037518, 25.511780913825994 ] ] ] } },
{ "type": "Feature", "properties": { "difference_1990_2000": 0.0, "difference_1990_2010": 0.0, "difference_1990_2020": 12.0 }, "geometry": { "type": "Polygon", "coordinates": [ [ [ -103.667123914037518, 25.47304369560386 ], [ -103.662551440329239, 25.47304369560386 ], [ -103.662551440329239, 25.468740322320954 ], [ -103.667123914037518, 25.468740322320954 ], [ -103.667123914037518, 25.47304369560386 ] ] ] } },
{ "type": "Feature", "properties": { "difference_1990_2000": 36.0, "difference_1990_2010": 37.0, "difference_1990_2020": 73.0 }, "geometry": { "type": "Polygon", "coordinates": [ [ [ -103.667123914037518, 25.494562847435752 ], [ -103.662551440329239, 25.494562847435752 ], [ -103.662551440329239, 25.490258712212455 ], [ -103.667123914037518, 25.490258712212455 ], [ -103.667123914037518, 25.494562847435752 ] ] ] } },
{ "type": "Feature", "properties": { "difference_1990_2000": 127.0, "difference_1990_2010": 127.0, "difference_1990_2020": 259.0 }, "geometry": { "type": "Polygon", "coordinates": [ [ [ -103.667123914037518, 25.49886713516835 ], [ -103.662551440329239, 25.49886713516835 ], [ -103.662551440329239, 25.494562847435752 ], [ -103.667123914037518, 25.494562847435752 ], [ -103.667123914037518, 25.49886713516835 ] ] ] } },
{ "type": "Feature", "properties": { "difference_1990_2000": -73.0, "difference_1990_2010": 46.0, "difference_1990_2020": 85.0 }, "geometry": { "type": "Polygon", "coordinates": [ [ [ -103.301326017375416, 25.589292478876903 ], [ -103.296753543667165, 25.589292478876903 ], [ -103.296753543667165, 25.584984979095623 ], [ -103.301326017375416, 25.584984979095584 ], [ -103.301326017375416, 25.589292478876903 ] ] ] } },
{ "type": "Feature", "properties": { "difference_1990_2000": 30.0, "difference_1990_2010": 114.0, "difference_1990_2020": 69.0 }, "geometry": { "type": "Polygon", "coordinates": [ [ [ -103.301326017375416, 25.692718587586878 ], [ -103.296753543667165, 25.692718587586857 ], [ -103.296753543667165, 25.688407394937382 ], [ -103.301326017375416, 25.688407394937382 ], [ -103.301326017375416, 25.692718587586878 ] ] ] } },
{ "type": "Feature", "properties": { "difference_1990_2000": 0.0, "difference_1990_2010": 1.0, "difference_1990_2020": 0.0 }, "geometry": { "type": "Polygon", "coordinates": [ [ [ -103.301326017375416, 25.684096356626814 ], [ -103.296753543667165, 25.684096356626821 ], [ -103.296753543667165, 25.679785472614249 ], [ -103.301326017375416, 25.679785472614249 ], [ -103.301326017375416, 25.684096356626814 ] ] ] } },
{ "type": "Feature", "properties": { "difference_1990_2000": -92.0, "difference_1990_2010": 8.0, "difference_1990_2020": -42.0 }, "geometry": { "type": "Polygon", "coordinates": [ [ [ -103.301326017375416, 25.59360013205918 ], [ -103.296753543667165, 25.593600132059237 ], [ -103.296753543667165, 25.589292478876903 ], [ -103.301326017375416, 25.589292478876903 ], [ -103.301326017375416, 25.59360013205918 ] ] ] } },
{ "type": "Feature", "properties": { "difference_1990_2000": 0.0, "difference_1990_2010": 7.0, "difference_1990_2020": 0.0 }, "geometry": { "type": "Polygon", "coordinates": [ [ [ -103.301326017375416, 25.688407394937382 ], [ -103.296753543667165, 25.688407394937382 ], [ -103.296753543667165, 25.684096356626821 ], [ -103.301326017375416, 25.684096356626814 ], [ -103.301326017375416, 25.688407394937382 ] ] ] } },
{ "type": "Feature", "properties": { "difference_1990_2000": 25.0, "difference_1990_2010": 24.0, "difference_1990_2020": 48.0 }, "geometry": { "type": "Polygon", "coordinates": [ [ [ -103.301326017375416, 25.533306932215755 ], [ -103.296753543667165, 25.533306932215755 ], [ -103.296753543667165, 25.529001422952906 ], [ -103.301326017375416, 25.529001422952906 ], [ -103.301326017375416, 25.533306932215755 ] ] ] } },
{ "type": "Feature", "properties": { "difference_1990_2000": -28.0, "difference_1990_2010": 39.0, "difference_1990_2020": -17.0 }, "geometry": { "type": "Polygon", "coordinates": [ [ [ -103.301326017375416, 25.597907938683242 ], [ -103.296753543667165, 25.597907938683242 ], [ -103.296753543667165, 25.593600132059237 ], [ -103.301326017375416, 25.59360013205918 ], [ -103.301326017375416, 25.597907938683242 ] ] ] } },
{ "type": "Feature", "properties": { "difference_1990_2000": 5.0, "difference_1990_2010": -2.0, "difference_1990_2020": -2.0 }, "geometry": { "type": "Polygon", "coordinates": [ [ [ -103.301326017375416, 25.541918409402399 ], [ -103.296753543667165, 25.54191840940242 ], [ -103.296753543667165, 25.537612594352051 ], [ -103.301326017375416, 25.537612594352098 ], [ -103.301326017375416, 25.541918409402399 ] ] ] } },
{ "type": "Feature", "properties": { "difference_1990_2000": -11.0, "difference_1990_2010": 72.0, "difference_1990_2020": 144.0 }, "geometry": { "type": "Polygon", "coordinates": [ [ [ -103.301326017375416, 25.584984979095584 ], [ -103.296753543667165, 25.584984979095623 ], [ -103.296753543667165, 25.580677632674703 ], [ -103.301326017375416, 25.580677632674703 ], [ -103.301326017375416, 25.584984979095584 ] ] ] } },
{ "type": "Feature", "properties": { "difference_1990_2000": 35.0, "difference_1990_2010": 48.0, "difference_1990_2020": 55.0 }, "geometry": { "type": "Polygon", "coordinates": [ [ [ -103.301326017375416, 25.537612594352098 ], [ -103.296753543667165, 25.537612594352051 ], [ -103.296753543667165, 25.533306932215755 ], [ -103.301326017375416, 25.533306932215755 ], [ -103.301326017375416, 25.537612594352098 ] ] ] } },
{ "type": "Feature", "properties": { "difference_1990_2000": -9.0, "difference_1990_2010": -13.0, "difference_1990_2020": -19.0 }, "geometry": { "type": "Polygon", "coordinates": [ [ [ -103.479652491998181, 25.520390862885513 ], [ -103.475080018289887, 25.520390862885513 ], [ -103.475080018289887, 25.516085812000036 ], [ -103.479652491998181, 25.516085812000036 ], [ -103.479652491998181, 25.520390862885513 ] ] ] } },
{ "type": "Feature", "properties": { "difference_1990_2000": 223.0, "difference_1990_2010": 349.0, "difference_1990_2020": 770.0 }, "geometry": { "type": "Polygon", "coordinates": [ [ [ -103.479652491998181, 25.606524012419019 ], [ -103.475080018289887, 25.606524012419019 ], [ -103.475080018289887, 25.602215898789581 ], [ -103.479652491998181, 25.602215898789581 ], [ -103.479652491998181, 25.606524012419019 ] ] ] } },
{ "type": "Feature", "properties": { "difference_1990_2000": 520.0, "difference_1990_2010": 858.0, "difference_1990_2020": 984.0 }, "geometry": { "type": "Polygon", "coordinates": [ [ [ -103.479652491998181, 25.589292478876903 ], [ -103.475080018289887, 25.589292478876903 ], [ -103.475080018289887, 25.584984979095623 ], [ -103.479652491998181, 25.584984979095623 ], [ -103.479652491998181, 25.589292478876903 ] ] ] } },
{ "type": "Feature", "properties": { "difference_1990_2000": 10.0, "difference_1990_2010": -82.0, "difference_1990_2020": -128.0 }, "geometry": { "type": "Polygon", "coordinates": [ [ [ -103.479652491998181, 25.554836772442435 ], [ -103.475080018289887, 25.554836772442474 ], [ -103.475080018289887, 25.550530498407017 ], [ -103.479652491998181, 25.550530498407017 ], [ -103.479652491998181, 25.554836772442435 ] ] ] } },
{ "type": "Feature", "properties": { "difference_1990_2000": 0.0, "difference_1990_2010": 3.0, "difference_1990_2020": 35.0 }, "geometry": { "type": "Polygon", "coordinates": [ [ [ -103.479652491998181, 25.516085812000036 ], [ -103.475080018289887, 25.516085812000036 ], [ -103.475080018289887, 25.511780913825994 ], [ -103.479652491998181, 25.511780913825994 ], [ -103.479652491998181, 25.516085812000036 ] ] ] } },
{ "type": "Feature", "properties": { "difference_1990_2000": -263.0, "difference_1990_2010": 435.0, "difference_1990_2020": 422.0 }, "geometry": { "type": "Polygon", "coordinates": [ [ [ -103.479652491998181, 25.580677632674703 ], [ -103.475080018289887, 25.580677632674721 ], [ -103.475080018289887, 25.576370439573555 ], [ -103.479652491998181, 25.576370439573555 ], [ -103.479652491998181, 25.580677632674703 ] ] ] } },
{ "type": "Feature", "properties": { "difference_1990_2000": 0.0, "difference_1990_2010": 0.0, "difference_1990_2020": 6.0 }, "geometry": { "type": "Polygon", "coordinates": [ [ [ -103.479652491998181, 25.628066884836095 ], [ -103.475080018289887, 25.628066884836109 ], [ -103.475080018289887, 25.62375800298096 ], [ -103.479652491998181, 25.62375800298096 ], [ -103.479652491998181, 25.628066884836095 ] ] ] } },
{ "type": "Feature", "properties": { "difference_1990_2000": 35.0, "difference_1990_2010": 55.0, "difference_1990_2020": 123.0 }, "geometry": { "type": "Polygon", "coordinates": [ [ [ -103.479652491998181, 25.610832279612154 ], [ -103.475080018289887, 25.610832279612154 ], [ -103.475080018289887, 25.606524012419019 ], [ -103.479652491998181, 25.606524012419019 ], [ -103.479652491998181, 25.610832279612154 ] ] ] } },
{ "type": "Feature", "properties": { "difference_1990_2000": 899.0, "difference_1990_2010": 991.0, "difference_1990_2020": 1137.0 }, "geometry": { "type": "Polygon", "coordinates": [ [ [ -103.479652491998181, 25.576370439573555 ], [ -103.475080018289887, 25.576370439573555 ], [ -103.475080018289887, 25.572063399751489 ], [ -103.479652491998181, 25.572063399751489 ], [ -103.479652491998181, 25.576370439573555 ] ] ] } },
{ "type": "Feature", "properties": { "difference_1990_2000": -44.0, "difference_1990_2010": 1178.0, "difference_1990_2020": 1249.0 }, "geometry": { "type": "Polygon", "coordinates": [ [ [ -103.479652491998181, 25.593600132059237 ], [ -103.475080018289887, 25.593600132059201 ], [ -103.475080018289887, 25.589292478876903 ], [ -103.479652491998181, 25.589292478876903 ], [ -103.479652491998181, 25.593600132059237 ] ] ] } },
{ "type": "Feature", "properties": { "difference_1990_2000": -424.0, "difference_1990_2010": -449.0, "difference_1990_2020": -395.0 }, "geometry": { "type": "Polygon", "coordinates": [ [ [ -103.479652491998181, 25.563449779782346 ], [ -103.475080018289887, 25.563449779782324 ], [ -103.475080018289887, 25.559143199554043 ], [ -103.479652491998181, 25.559143199554043 ], [ -103.479652491998181, 25.563449779782346 ] ] ] } },
{ "type": "Feature", "properties": { "difference_1990_2000": -229.0, "difference_1990_2010": -476.0, "difference_1990_2020": -558.0 }, "geometry": { "type": "Polygon", "coordinates": [ [ [ -103.479652491998181, 25.559143199554043 ], [ -103.475080018289887, 25.559143199554043 ], [ -103.475080018289887, 25.554836772442474 ], [ -103.479652491998181, 25.554836772442435 ], [ -103.479652491998181, 25.559143199554043 ] ] ] } },
{ "type": "Feature", "properties": { "difference_1990_2000": 0.0, "difference_1990_2010": 0.0, "difference_1990_2020": 55.0 }, "geometry": { "type": "Polygon", "coordinates": [ [ [ -103.479652491998181, 25.619449274852371 ], [ -103.475080018289887, 25.619449274852411 ], [ -103.475080018289887, 25.615140700409697 ], [ -103.479652491998181, 25.615140700409697 ], [ -103.479652491998181, 25.619449274852371 ] ] ] } },
{ "type": "Feature", "properties": { "difference_1990_2000": 457.0, "difference_1990_2010": 889.0, "difference_1990_2020": 1274.0 }, "geometry": { "type": "Polygon", "coordinates": [ [ [ -103.479652491998181, 25.602215898789581 ], [ -103.475080018289887, 25.602215898789581 ], [ -103.475080018289887, 25.597907938683242 ], [ -103.479652491998181, 25.597907938683242 ], [ -103.479652491998181, 25.602215898789581 ] ] ] } },
{ "type": "Feature", "properties": { "difference_1990_2000": 0.0, "difference_1990_2010": 0.0, "difference_1990_2020": 24.0 }, "geometry": { "type": "Polygon", "coordinates": [ [ [ -103.479652491998181, 25.615140700409697 ], [ -103.475080018289887, 25.615140700409697 ], [ -103.475080018289887, 25.610832279612154 ], [ -103.479652491998181, 25.610832279612154 ], [ -103.479652491998181, 25.615140700409697 ] ] ] } },
{ "type": "Feature", "properties": { "difference_1990_2000": 378.0, "difference_1990_2010": 282.0, "difference_1990_2020": 297.0 }, "geometry": { "type": "Polygon", "coordinates": [ [ [ -103.479652491998181, 25.567756513167971 ], [ -103.475080018289887, 25.567756513167971 ], [ -103.475080018289887, 25.563449779782324 ], [ -103.479652491998181, 25.563449779782346 ], [ -103.479652491998181, 25.567756513167971 ] ] ] } },
{ "type": "Feature", "properties": { "difference_1990_2000": -75.0, "difference_1990_2010": -121.0, "difference_1990_2020": -143.0 }, "geometry": { "type": "Polygon", "coordinates": [ [ [ -103.479652491998181, 25.529001422952906 ], [ -103.475080018289887, 25.529001422952906 ], [ -103.475080018289887, 25.524696066522996 ], [ -103.479652491998181, 25.524696066522957 ], [ -103.479652491998181, 25.529001422952906 ] ] ] } },
{ "type": "Feature", "properties": { "difference_1990_2000": -1028.0, "difference_1990_2010": -1710.0, "difference_1990_2020": -2142.0 }, "geometry": { "type": "Polygon", "coordinates": [ [ [ -103.479652491998181, 25.533306932215755 ], [ -103.475080018289887, 25.533306932215755 ], [ -103.475080018289887, 25.529001422952906 ], [ -103.479652491998181, 25.529001422952906 ], [ -103.479652491998181, 25.533306932215755 ] ] ] } },
{ "type": "Feature", "properties": { "difference_1990_2000": -206.0, "difference_1990_2010": 385.0, "difference_1990_2020": 474.0 }, "geometry": { "type": "Polygon", "coordinates": [ [ [ -103.479652491998181, 25.597907938683242 ], [ -103.475080018289887, 25.597907938683242 ], [ -103.475080018289887, 25.593600132059201 ], [ -103.479652491998181, 25.593600132059237 ], [ -103.479652491998181, 25.597907938683242 ] ] ] } },
{ "type": "Feature", "properties": { "difference_1990_2000": -982.0, "difference_1990_2010": -1346.0, "difference_1990_2020": -1899.0 }, "geometry": { "type": "Polygon", "coordinates": [ [ [ -103.479652491998181, 25.541918409402399 ], [ -103.475080018289887, 25.54191840940242 ], [ -103.475080018289887, 25.537612594352098 ], [ -103.479652491998181, 25.537612594352098 ], [ -103.479652491998181, 25.541918409402399 ] ] ] } },
{ "type": "Feature", "properties": { "difference_1990_2000": 4.0, "difference_1990_2010": -59.0, "difference_1990_2020": -105.0 }, "geometry": { "type": "Polygon", "coordinates": [ [ [ -103.479652491998181, 25.550530498407017 ], [ -103.475080018289887, 25.550530498407017 ], [ -103.475080018289887, 25.54622437740721 ], [ -103.479652491998181, 25.54622437740721 ], [ -103.479652491998181, 25.550530498407017 ] ] ] } },
{ "type": "Feature", "properties": { "difference_1990_2000": 75.0, "difference_1990_2010": 18.0, "difference_1990_2020": 122.0 }, "geometry": { "type": "Polygon", "coordinates": [ [ [ -103.479652491998181, 25.572063399751489 ], [ -103.475080018289887, 25.572063399751489 ], [ -103.475080018289887, 25.567756513167971 ], [ -103.479652491998181, 25.567756513167971 ], [ -103.479652491998181, 25.572063399751489 ] ] ] } },
{ "type": "Feature", "properties": { "difference_1990_2000": -176.0, "difference_1990_2010": -319.0, "difference_1990_2020": -482.0 }, "geometry": { "type": "Polygon", "coordinates": [ [ [ -103.479652491998181, 25.54622437740721 ], [ -103.475080018289887, 25.54622437740721 ], [ -103.475080018289887, 25.54191840940242 ], [ -103.479652491998181, 25.541918409402399 ], [ -103.479652491998181, 25.54622437740721 ] ] ] } },
{ "type": "Feature", "properties": { "difference_1990_2000": -5.0, "difference_1990_2010": 619.0, "difference_1990_2020": 637.0 }, "geometry": { "type": "Polygon", "coordinates": [ [ [ -103.479652491998181, 25.584984979095623 ], [ -103.475080018289887, 25.584984979095623 ], [ -103.475080018289887, 25.580677632674721 ], [ -103.479652491998181, 25.580677632674703 ], [ -103.479652491998181, 25.584984979095623 ] ] ] } },
{ "type": "Feature", "properties": { "difference_1990_2000": -788.0, "difference_1990_2010": -1280.0, "difference_1990_2020": -1789.0 }, "geometry": { "type": "Polygon", "coordinates": [ [ [ -103.479652491998181, 25.537612594352098 ], [ -103.475080018289887, 25.537612594352098 ], [ -103.475080018289887, 25.533306932215755 ], [ -103.479652491998181, 25.533306932215755 ], [ -103.479652491998181, 25.537612594352098 ] ] ] } },
{ "type": "Feature", "properties": { "difference_1990_2000": -50.0, "difference_1990_2010": -13.0, "difference_1990_2020": 56.0 }, "geometry": { "type": "Polygon", "coordinates": [ [ [ -103.657978966620945, 25.503171575450629 ], [ -103.653406492912666, 25.503171575450629 ], [ -103.653406492912666, 25.49886713516835 ], [ -103.657978966620945, 25.49886713516835 ], [ -103.657978966620945, 25.503171575450629 ] ] ] } },
{ "type": "Feature", "properties": { "difference_1990_2000": -7.0, "difference_1990_2010": 11.0, "difference_1990_2020": 29.0 }, "geometry": { "type": "Polygon", "coordinates": [ [ [ -103.657978966620945, 25.507476168323041 ], [ -103.653406492912666, 25.507476168323041 ], [ -103.653406492912666, 25.503171575450629 ], [ -103.657978966620945, 25.503171575450629 ], [ -103.657978966620945, 25.507476168323041 ] ] ] } },
{ "type": "Feature", "properties": { "difference_1990_2000": 0.0, "difference_1990_2010": 1.0, "difference_1990_2020": 2.0 }, "geometry": { "type": "Polygon", "coordinates": [ [ [ -103.657978966620945, 25.511780913825994 ], [ -103.653406492912666, 25.511780913825994 ], [ -103.653406492912666, 25.507476168323041 ], [ -103.657978966620945, 25.507476168323041 ], [ -103.657978966620945, 25.511780913825994 ] ] ] } },
{ "type": "Feature", "properties": { "difference_1990_2000": 0.0, "difference_1990_2010": 0.0, "difference_1990_2020": 20.0 }, "geometry": { "type": "Polygon", "coordinates": [ [ [ -103.657978966620945, 25.473043695603899 ], [ -103.653406492912666, 25.47304369560386 ], [ -103.653406492912666, 25.468740322320954 ], [ -103.657978966620945, 25.468740322320954 ], [ -103.657978966620945, 25.473043695603899 ] ] ] } },
{ "type": "Feature", "properties": { "difference_1990_2000": -5.0, "difference_1990_2010": -1.0, "difference_1990_2020": 14.0 }, "geometry": { "type": "Polygon", "coordinates": [ [ [ -103.657978966620945, 25.494562847435752 ], [ -103.653406492912666, 25.494562847435752 ], [ -103.653406492912666, 25.490258712212455 ], [ -103.657978966620945, 25.490258712212455 ], [ -103.657978966620945, 25.494562847435752 ] ] ] } },
{ "type": "Feature", "properties": { "difference_1990_2000": -26.0, "difference_1990_2010": 15.0, "difference_1990_2020": 75.0 }, "geometry": { "type": "Polygon", "coordinates": [ [ [ -103.657978966620945, 25.49886713516835 ], [ -103.653406492912666, 25.49886713516835 ], [ -103.653406492912666, 25.494562847435752 ], [ -103.657978966620945, 25.494562847435752 ], [ -103.657978966620945, 25.49886713516835 ] ] ] } },
{ "type": "Feature", "properties": { "difference_1990_2000": 63.0, "difference_1990_2010": 96.0, "difference_1990_2020": 43.0 }, "geometry": { "type": "Polygon", "coordinates": [ [ [ -103.470507544581636, 25.520390862885538 ], [ -103.465935070873357, 25.520390862885513 ], [ -103.465935070873357, 25.516085812000071 ], [ -103.470507544581636, 25.516085812000011 ], [ -103.470507544581636, 25.520390862885538 ] ] ] } },
{ "type": "Feature", "properties": { "difference_1990_2000": 148.0, "difference_1990_2010": 276.0, "difference_1990_2020": 552.0 }, "geometry": { "type": "Polygon", "coordinates": [ [ [ -103.470507544581636, 25.606524012419019 ], [ -103.465935070873357, 25.606524012419019 ], [ -103.465935070873357, 25.602215898789581 ], [ -103.470507544581636, 25.602215898789581 ], [ -103.470507544581636, 25.606524012419019 ] ] ] } },
{ "type": "Feature", "properties": { "difference_1990_2000": 0.0, "difference_1990_2010": 1220.0, "difference_1990_2020": 1526.0 }, "geometry": { "type": "Polygon", "coordinates": [ [ [ -103.470507544581636, 25.589292478876903 ], [ -103.465935070873357, 25.589292478876903 ], [ -103.465935070873357, 25.58498497909563 ], [ -103.470507544581636, 25.58498497909563 ], [ -103.470507544581636, 25.589292478876903 ] ] ] } },
{ "type": "Feature", "properties": { "difference_1990_2000": 11.0, "difference_1990_2010": -46.0, "difference_1990_2020": -75.0 }, "geometry": { "type": "Polygon", "coordinates": [ [ [ -103.470507544581636, 25.554836772442474 ], [ -103.465935070873357, 25.554836772442435 ], [ -103.465935070873357, 25.550530498407017 ], [ -103.470507544581636, 25.550530498407017 ], [ -103.470507544581636, 25.554836772442474 ] ] ] } },
{ "type": "Feature", "properties": { "difference_1990_2000": 6.0, "difference_1990_2010": 10.0, "difference_1990_2020": 17.0 }, "geometry": { "type": "Polygon", "coordinates": [ [ [ -103.470507544581636, 25.675474742858771 ], [ -103.465935070873357, 25.675474742858771 ], [ -103.465935070873357, 25.671164167319564 ], [ -103.470507544581636, 25.671164167319564 ], [ -103.470507544581636, 25.675474742858771 ] ] ] } },
{ "type": "Feature", "properties": { "difference_1990_2000": 54.0, "difference_1990_2010": 73.0, "difference_1990_2020": 45.0 }, "geometry": { "type": "Polygon", "coordinates": [ [ [ -103.470507544581636, 25.516085812000011 ], [ -103.465935070873357, 25.516085812000071 ], [ -103.465935070873357, 25.511780913826033 ], [ -103.470507544581636, 25.511780913825994 ], [ -103.470507544581636, 25.516085812000011 ] ] ] } },
{ "type": "Feature", "properties": { "difference_1990_2000": 13.0, "difference_1990_2010": 299.0, "difference_1990_2020": 338.0 }, "geometry": { "type": "Polygon", "coordinates": [ [ [ -103.470507544581636, 25.580677632674703 ], [ -103.465935070873357, 25.580677632674703 ], [ -103.465935070873357, 25.576370439573584 ], [ -103.470507544581636, 25.576370439573584 ], [ -103.470507544581636, 25.580677632674703 ] ] ] } },
{ "type": "Feature", "properties": { "difference_1990_2000": -153.0, "difference_1990_2010": -370.0, "difference_1990_2020": -604.0 }, "geometry": { "type": "Polygon", "coordinates": [ [ [ -103.470507544581636, 25.524696066522957 ], [ -103.465935070873357, 25.524696066522996 ], [ -103.465935070873357, 25.520390862885513 ], [ -103.470507544581636, 25.520390862885538 ], [ -103.470507544581636, 25.524696066522957 ] ] ] } },
{ "type": "Feature", "properties": { "difference_1990_2000": 29.0, "difference_1990_2010": 195.0, "difference_1990_2020": 203.0 }, "geometry": { "type": "Polygon", "coordinates": [ [ [ -103.470507544581636, 25.684096356626821 ], [ -103.465935070873357, 25.684096356626821 ], [ -103.465935070873357, 25.679785472614249 ], [ -103.470507544581636, 25.679785472614249 ], [ -103.470507544581636, 25.684096356626821 ] ] ] } },
{ "type": "Feature", "properties": { "difference_1990_2000": 0.0, "difference_1990_2010": 614.0, "difference_1990_2020": 764.0 }, "geometry": { "type": "Polygon", "coordinates": [ [ [ -103.470507544581636, 25.593600132059201 ], [ -103.465935070873357, 25.593600132059201 ], [ -103.465935070873357, 25.589292478876903 ], [ -103.470507544581636, 25.589292478876903 ], [ -103.470507544581636, 25.593600132059201 ] ] ] } },
{ "type": "Feature", "properties": { "difference_1990_2000": 152.0, "difference_1990_2010": 386.0, "difference_1990_2020": 513.0 }, "geometry": { "type": "Polygon", "coordinates": [ [ [ -103.470507544581636, 25.610832279612154 ], [ -103.465935070873357, 25.610832279612154 ], [ -103.465935070873357, 25.606524012419019 ], [ -103.470507544581636, 25.606524012419019 ], [ -103.470507544581636, 25.610832279612154 ] ] ] } },
{ "type": "Feature", "properties": { "difference_1990_2000": 0.0, "difference_1990_2010": 1.0, "difference_1990_2020": 0.0 }, "geometry": { "type": "Polygon", "coordinates": [ [ [ -103.470507544581636, 25.511780913825994 ], [ -103.465935070873357, 25.511780913826033 ], [ -103.465935070873357, 25.507476168323048 ], [ -103.470507544581636, 25.507476168323041 ], [ -103.470507544581636, 25.511780913825994 ] ] ] } },
{ "type": "Feature", "properties": { "difference_1990_2000": 165.0, "difference_1990_2010": 317.0, "difference_1990_2020": 328.0 }, "geometry": { "type": "Polygon", "coordinates": [ [ [ -103.470507544581636, 25.576370439573584 ], [ -103.465935070873357, 25.576370439573584 ], [ -103.465935070873357, 25.572063399751524 ], [ -103.470507544581636, 25.572063399751489 ], [ -103.470507544581636, 25.576370439573584 ] ] ] } },
{ "type": "Feature", "properties": { "difference_1990_2000": 2.0, "difference_1990_2010": 2.0, "difference_1990_2020": 0.0 }, "geometry": { "type": "Polygon", "coordinates": [ [ [ -103.470507544581636, 25.559143199554043 ], [ -103.465935070873357, 25.559143199554043 ], [ -103.465935070873357, 25.554836772442435 ], [ -103.470507544581636, 25.554836772442474 ], [ -103.470507544581636, 25.559143199554043 ] ] ] } },
{ "type": "Feature", "properties": { "difference_1990_2000": 3.0, "difference_1990_2010": 0.0, "difference_1990_2020": -3.0 }, "geometry": { "type": "Polygon", "coordinates": [ [ [ -103.470507544581636, 25.563449779782381 ], [ -103.465935070873357, 25.563449779782399 ], [ -103.465935070873357, 25.559143199554043 ], [ -103.470507544581636, 25.559143199554043 ], [ -103.470507544581636, 25.563449779782381 ] ] ] } },
{ "type": "Feature", "properties": { "difference_1990_2000": 10.0, "difference_1990_2010": 13.0, "difference_1990_2020": 46.0 }, "geometry": { "type": "Polygon", "coordinates": [ [ [ -103.470507544581636, 25.679785472614249 ], [ -103.465935070873357, 25.679785472614249 ], [ -103.465935070873357, 25.675474742858803 ], [ -103.470507544581636, 25.675474742858771 ], [ -103.470507544581636, 25.679785472614249 ] ] ] } },
{ "type": "Feature", "properties": { "difference_1990_2000": 7.0, "difference_1990_2010": 17.0, "difference_1990_2020": 23.0 }, "geometry": { "type": "Polygon", "coordinates": [ [ [ -103.470507544581636, 25.619449274852411 ], [ -103.465935070873357, 25.619449274852411 ], [ -103.465935070873357, 25.615140700409697 ], [ -103.470507544581636, 25.615140700409722 ], [ -103.470507544581636, 25.619449274852411 ] ] ] } },
{ "type": "Feature", "properties": { "difference_1990_2000": 1.0, "difference_1990_2010": 9.0, "difference_1990_2020": 11.0 }, "geometry": { "type": "Polygon", "coordinates": [ [ [ -103.470507544581636, 25.688407394937425 ], [ -103.465935070873357, 25.688407394937443 ], [ -103.465935070873357, 25.684096356626821 ], [ -103.470507544581636, 25.684096356626821 ], [ -103.470507544581636, 25.688407394937425 ] ] ] } },
{ "type": "Feature", "properties": { "difference_1990_2000": 9.0, "difference_1990_2010": 29.0, "difference_1990_2020": 38.0 }, "geometry": { "type": "Polygon", "coordinates": [ [ [ -103.470507544581636, 25.602215898789581 ], [ -103.465935070873357, 25.602215898789581 ], [ -103.465935070873357, 25.597907938683242 ], [ -103.470507544581636, 25.597907938683242 ], [ -103.470507544581636, 25.602215898789581 ] ] ] } },
{ "type": "Feature", "properties": { "difference_1990_2000": 66.0, "difference_1990_2010": 173.0, "difference_1990_2020": 215.0 }, "geometry": { "type": "Polygon", "coordinates": [ [ [ -103.470507544581636, 25.615140700409722 ], [ -103.465935070873357, 25.615140700409697 ], [ -103.465935070873357, 25.610832279612154 ], [ -103.470507544581636, 25.610832279612154 ], [ -103.470507544581636, 25.615140700409722 ] ] ] } },
{ "type": "Feature", "properties": { "difference_1990_2000": -51.0, "difference_1990_2010": -122.0, "difference_1990_2020": -181.0 }, "geometry": { "type": "Polygon", "coordinates": [ [ [ -103.470507544581636, 25.567756513167993 ], [ -103.465935070873357, 25.567756513167993 ], [ -103.465935070873357, 25.563449779782399 ], [ -103.470507544581636, 25.563449779782381 ], [ -103.470507544581636, 25.567756513167993 ] ] ] } },
{ "type": "Feature", "properties": { "difference_1990_2000": 236.0, "difference_1990_2010": -376.0, "difference_1990_2020": -725.0 }, "geometry": { "type": "Polygon", "coordinates": [ [ [ -103.470507544581636, 25.529001422952906 ], [ -103.465935070873357, 25.529001422952906 ], [ -103.465935070873357, 25.524696066522996 ], [ -103.470507544581636, 25.524696066522957 ], [ -103.470507544581636, 25.529001422952906 ] ] ] } },
{ "type": "Feature", "properties": { "difference_1990_2000": -205.0, "difference_1990_2010": -340.0, "difference_1990_2020": -397.0 }, "geometry": { "type": "Polygon", "coordinates": [ [ [ -103.470507544581636, 25.533306932215755 ], [ -103.465935070873357, 25.533306932215755 ], [ -103.465935070873357, 25.529001422952906 ], [ -103.470507544581636, 25.529001422952906 ], [ -103.470507544581636, 25.533306932215755 ] ] ] } },
{ "type": "Feature", "properties": { "difference_1990_2000": 0.0, "difference_1990_2010": 168.0, "difference_1990_2020": 174.0 }, "geometry": { "type": "Polygon", "coordinates": [ [ [ -103.470507544581636, 25.597907938683242 ], [ -103.465935070873357, 25.597907938683242 ], [ -103.465935070873357, 25.593600132059201 ], [ -103.470507544581636, 25.593600132059201 ], [ -103.470507544581636, 25.597907938683242 ] ] ] } },
{ "type": "Feature", "properties": { "difference_1990_2000": -90.0, "difference_1990_2010": -506.0, "difference_1990_2020": -742.0 }, "geometry": { "type": "Polygon", "coordinates": [ [ [ -103.470507544581636, 25.541918409402399 ], [ -103.465935070873357, 25.54191840940242 ], [ -103.465935070873357, 25.537612594352115 ], [ -103.470507544581636, 25.537612594352098 ], [ -103.470507544581636, 25.541918409402399 ] ] ] } },
{ "type": "Feature", "properties": { "difference_1990_2000": -177.0, "difference_1990_2010": -382.0, "difference_1990_2020": -572.0 }, "geometry": { "type": "Polygon", "coordinates": [ [ [ -103.470507544581636, 25.550530498407017 ], [ -103.465935070873357, 25.550530498407017 ], [ -103.465935070873357, 25.546224377407228 ], [ -103.470507544581636, 25.54622437740721 ], [ -103.470507544581636, 25.550530498407017 ] ] ] } },
{ "type": "Feature", "properties": { "difference_1990_2000": 636.0, "difference_1990_2010": 595.0, "difference_1990_2020": 559.0 }, "geometry": { "type": "Polygon", "coordinates": [ [ [ -103.470507544581636, 25.572063399751489 ], [ -103.465935070873357, 25.572063399751524 ], [ -103.465935070873357, 25.567756513167993 ], [ -103.470507544581636, 25.567756513167993 ], [ -103.470507544581636, 25.572063399751489 ] ] ] } },
{ "type": "Feature", "properties": { "difference_1990_2000": -600.0, "difference_1990_2010": -928.0, "difference_1990_2020": -1256.0 }, "geometry": { "type": "Polygon", "coordinates": [ [ [ -103.470507544581636, 25.54622437740721 ], [ -103.465935070873357, 25.546224377407228 ], [ -103.465935070873357, 25.54191840940242 ], [ -103.470507544581636, 25.541918409402399 ], [ -103.470507544581636, 25.54622437740721 ] ] ] } },
{ "type": "Feature", "properties": { "difference_1990_2000": 5.0, "difference_1990_2010": 931.0, "difference_1990_2020": 1110.0 }, "geometry": { "type": "Polygon", "coordinates": [ [ [ -103.470507544581636, 25.58498497909563 ], [ -103.465935070873357, 25.58498497909563 ], [ -103.465935070873357, 25.580677632674703 ], [ -103.470507544581636, 25.580677632674703 ], [ -103.470507544581636, 25.58498497909563 ] ] ] } },
{ "type": "Feature", "properties": { "difference_1990_2000": -727.0, "difference_1990_2010": -1409.0, "difference_1990_2020": -1539.0 }, "geometry": { "type": "Polygon", "coordinates": [ [ [ -103.470507544581636, 25.537612594352098 ], [ -103.465935070873357, 25.537612594352115 ], [ -103.465935070873357, 25.533306932215755 ], [ -103.470507544581636, 25.533306932215755 ], [ -103.470507544581636, 25.537612594352098 ] ] ] } },
{ "type": "Feature", "properties": { "difference_1990_2000": -7.0, "difference_1990_2010": -5.0, "difference_1990_2020": 106.0 }, "geometry": { "type": "Polygon", "coordinates": [ [ [ -103.2921810699589, 25.692718587586878 ], [ -103.287608596250607, 25.692718587586917 ], [ -103.287608596250607, 25.688407394937425 ], [ -103.2921810699589, 25.688407394937425 ], [ -103.2921810699589, 25.692718587586878 ] ] ] } },
{ "type": "Feature", "properties": { "difference_1990_2000": -15.0, "difference_1990_2010": 123.0, "difference_1990_2020": 188.0 }, "geometry": { "type": "Polygon", "coordinates": [ [ [ -103.2921810699589, 25.697029934616129 ], [ -103.287608596250607, 25.697029934616175 ], [ -103.287608596250607, 25.692718587586917 ], [ -103.2921810699589, 25.692718587586878 ], [ -103.2921810699589, 25.697029934616129 ] ] ] } },
{ "type": "Feature", "properties": { "difference_1990_2000": 6.0, "difference_1990_2010": -23.0, "difference_1990_2020": -13.0 }, "geometry": { "type": "Polygon", "coordinates": [ [ [ -103.2921810699589, 25.688407394937425 ], [ -103.287608596250607, 25.688407394937425 ], [ -103.287608596250607, 25.68409635662686 ], [ -103.2921810699589, 25.684096356626814 ], [ -103.2921810699589, 25.688407394937425 ] ] ] } },
{ "type": "Feature", "properties": { "difference_1990_2000": 0.0, "difference_1990_2010": 2.0, "difference_1990_2020": 0.0 }, "geometry": { "type": "Polygon", "coordinates": [ [ [ -103.2921810699589, 25.533306932215755 ], [ -103.287608596250607, 25.533306932215755 ], [ -103.287608596250607, 25.529001422952906 ], [ -103.2921810699589, 25.529001422952906 ], [ -103.2921810699589, 25.533306932215755 ] ] ] } },
{ "type": "Feature", "properties": { "difference_1990_2000": 2.0, "difference_1990_2010": 2.0, "difference_1990_2020": 15.0 }, "geometry": { "type": "Polygon", "coordinates": [ [ [ -103.2921810699589, 25.541918409402399 ], [ -103.287608596250607, 25.541918409402399 ], [ -103.287608596250607, 25.537612594352098 ], [ -103.2921810699589, 25.537612594352062 ], [ -103.2921810699589, 25.541918409402399 ] ] ] } },
{ "type": "Feature", "properties": { "difference_1990_2000": -10.0, "difference_1990_2010": 2.0, "difference_1990_2020": 120.0 }, "geometry": { "type": "Polygon", "coordinates": [ [ [ -103.2921810699589, 25.701341436066166 ], [ -103.287608596250607, 25.701341436066166 ], [ -103.287608596250607, 25.697029934616175 ], [ -103.2921810699589, 25.697029934616129 ], [ -103.2921810699589, 25.701341436066166 ] ] ] } },
{ "type": "Feature", "properties": { "difference_1990_2000": 5.0, "difference_1990_2010": -14.0, "difference_1990_2020": -15.0 }, "geometry": { "type": "Polygon", "coordinates": [ [ [ -103.2921810699589, 25.537612594352062 ], [ -103.287608596250607, 25.537612594352098 ], [ -103.287608596250607, 25.533306932215755 ], [ -103.2921810699589, 25.533306932215755 ], [ -103.2921810699589, 25.537612594352062 ] ] ] } },
{ "type": "Feature", "properties": { "difference_1990_2000": 0.0, "difference_1990_2010": 1.0, "difference_1990_2020": 3.0 }, "geometry": { "type": "Polygon", "coordinates": [ [ [ -103.2921810699589, 25.54622437740721 ], [ -103.287608596250607, 25.54622437740721 ], [ -103.287608596250607, 25.541918409402399 ], [ -103.2921810699589, 25.541918409402399 ], [ -103.2921810699589, 25.54622437740721 ] ] ] } },
{ "type": "Feature", "properties": { "difference_1990_2000": 0.0, "difference_1990_2010": 0.0, "difference_1990_2020": 1.0 }, "geometry": { "type": "Polygon", "coordinates": [ [ [ -103.648834019204386, 25.507476168323006 ], [ -103.644261545496107, 25.507476168323041 ], [ -103.644261545496107, 25.503171575450629 ], [ -103.648834019204386, 25.503171575450608 ], [ -103.648834019204386, 25.507476168323006 ] ] ] } },
{ "type": "Feature", "properties": { "difference_1990_2000": -83.0, "difference_1990_2010": -48.0, "difference_1990_2020": 26.0 }, "geometry": { "type": "Polygon", "coordinates": [ [ [ -103.283036122542313, 25.692718587586878 ], [ -103.27846364883402, 25.692718587586857 ], [ -103.27846364883402, 25.688407394937425 ], [ -103.283036122542313, 25.688407394937425 ], [ -103.283036122542313, 25.692718587586878 ] ] ] } },
{ "type": "Feature", "properties": { "difference_1990_2000": 199.0, "difference_1990_2010": 244.0, "difference_1990_2020": 62.0 }, "geometry": { "type": "Polygon", "coordinates": [ [ [ -103.283036122542313, 25.697029934616165 ], [ -103.27846364883402, 25.697029934616129 ], [ -103.27846364883402, 25.692718587586857 ], [ -103.283036122542313, 25.692718587586878 ], [ -103.283036122542313, 25.697029934616165 ] ] ] } },
{ "type": "Feature", "properties": { "difference_1990_2000": -1.0, "difference_1990_2010": 208.0, "difference_1990_2020": 41.0 }, "geometry": { "type": "Polygon", "coordinates": [ [ [ -103.283036122542313, 25.705653091977783 ], [ -103.27846364883402, 25.705653091977823 ], [ -103.27846364883402, 25.701341436066166 ], [ -103.283036122542313, 25.701341436066127 ], [ -103.283036122542313, 25.705653091977783 ] ] ] } },
{ "type": "Feature", "properties": { "difference_1990_2000": -16.0, "difference_1990_2010": -21.0, "difference_1990_2020": -9.0 }, "geometry": { "type": "Polygon", "coordinates": [ [ [ -103.283036122542313, 25.688407394937425 ], [ -103.27846364883402, 25.688407394937425 ], [ -103.27846364883402, 25.684096356626814 ], [ -103.283036122542313, 25.684096356626814 ], [ -103.283036122542313, 25.688407394937425 ] ] ] } },
{ "type": "Feature", "properties": { "difference_1990_2000": 0.0, "difference_1990_2010": 1.0, "difference_1990_2020": 0.0 }, "geometry": { "type": "Polygon", "coordinates": [ [ [ -103.283036122542313, 25.529001422952906 ], [ -103.27846364883402, 25.529001422952906 ], [ -103.27846364883402, 25.524696066522957 ], [ -103.283036122542313, 25.524696066522957 ], [ -103.283036122542313, 25.529001422952906 ] ] ] } },
{ "type": "Feature", "properties": { "difference_1990_2000": 0.0, "difference_1990_2010": 2.0, "difference_1990_2020": 0.0 }, "geometry": { "type": "Polygon", "coordinates": [ [ [ -103.283036122542313, 25.533306932215755 ], [ -103.27846364883402, 25.533306932215755 ], [ -103.27846364883402, 25.529001422952906 ], [ -103.283036122542313, 25.529001422952906 ], [ -103.283036122542313, 25.533306932215755 ] ] ] } },
{ "type": "Feature", "properties": { "difference_1990_2000": 1.0, "difference_1990_2010": 0.0, "difference_1990_2020": 0.0 }, "geometry": { "type": "Polygon", "coordinates": [ [ [ -103.283036122542313, 25.541918409402399 ], [ -103.27846364883402, 25.541918409402399 ], [ -103.27846364883402, 25.537612594352062 ], [ -103.283036122542313, 25.537612594352098 ], [ -103.283036122542313, 25.541918409402399 ] ] ] } },
{ "type": "Feature", "properties": { "difference_1990_2000": 351.0, "difference_1990_2010": 213.0, "difference_1990_2020": 220.0 }, "geometry": { "type": "Polygon", "coordinates": [ [ [ -103.283036122542313, 25.701341436066127 ], [ -103.27846364883402, 25.701341436066166 ], [ -103.27846364883402, 25.697029934616129 ], [ -103.283036122542313, 25.697029934616165 ], [ -103.283036122542313, 25.701341436066127 ] ] ] } },
{ "type": "Feature", "properties": { "difference_1990_2000": 0.0, "difference_1990_2010": 1.0, "difference_1990_2020": 1.0 }, "geometry": { "type": "Polygon", "coordinates": [ [ [ -103.283036122542313, 25.546224377407174 ], [ -103.27846364883402, 25.546224377407174 ], [ -103.27846364883402, 25.541918409402399 ], [ -103.283036122542313, 25.541918409402399 ], [ -103.283036122542313, 25.546224377407174 ] ] ] } },
{ "type": "Feature", "properties": { "difference_1990_2000": 3.0, "difference_1990_2010": -12.0, "difference_1990_2020": -15.0 }, "geometry": { "type": "Polygon", "coordinates": [ [ [ -103.283036122542313, 25.537612594352098 ], [ -103.27846364883402, 25.537612594352062 ], [ -103.27846364883402, 25.533306932215755 ], [ -103.283036122542313, 25.533306932215755 ], [ -103.283036122542313, 25.537612594352098 ] ] ] } },
{ "type": "Feature", "properties": { "difference_1990_2000": 0.0, "difference_1990_2010": 9.0, "difference_1990_2020": 5.0 }, "geometry": { "type": "Polygon", "coordinates": [ [ [ -103.283036122542313, 25.709964902392095 ], [ -103.27846364883402, 25.709964902392095 ], [ -103.27846364883402, 25.705653091977823 ], [ -103.283036122542313, 25.705653091977823 ], [ -103.283036122542313, 25.709964902392095 ] ] ] } },
{ "type": "Feature", "properties": { "difference_1990_2000": 65.0, "difference_1990_2010": 70.0, "difference_1990_2020": 49.0 }, "geometry": { "type": "Polygon", "coordinates": [ [ [ -103.461362597165078, 25.520390862885513 ], [ -103.456790123456798, 25.520390862885513 ], [ -103.456790123456798, 25.516085812000036 ], [ -103.461362597165078, 25.516085812000036 ], [ -103.461362597165078, 25.520390862885513 ] ] ] } },
{ "type": "Feature", "properties": { "difference_1990_2000": 22.0, "difference_1990_2010": 130.0, "difference_1990_2020": 409.0 }, "geometry": { "type": "Polygon", "coordinates": [ [ [ -103.461362597165078, 25.606524012419019 ], [ -103.456790123456798, 25.606524012419019 ], [ -103.456790123456798, 25.602215898789581 ], [ -103.461362597165078, 25.602215898789616 ], [ -103.461362597165078, 25.606524012419019 ] ] ] } },
{ "type": "Feature", "properties": { "difference_1990_2000": 2.0, "difference_1990_2010": 1112.0, "difference_1990_2020": 1295.0 }, "geometry": { "type": "Polygon", "coordinates": [ [ [ -103.461362597165078, 25.589292478876903 ], [ -103.456790123456798, 25.589292478876903 ], [ -103.456790123456798, 25.584984979095584 ], [ -103.461362597165078, 25.584984979095623 ], [ -103.461362597165078, 25.589292478876903 ] ] ] } },
{ "type": "Feature", "properties": { "difference_1990_2000": -236.0, "difference_1990_2010": -498.0, "difference_1990_2020": -822.0 }, "geometry": { "type": "Polygon", "coordinates": [ [ [ -103.461362597165078, 25.554836772442435 ], [ -103.456790123456798, 25.554836772442435 ], [ -103.456790123456798, 25.550530498407017 ], [ -103.461362597165078, 25.550530498407017 ], [ -103.461362597165078, 25.554836772442435 ] ] ] } },
{ "type": "Feature", "properties": { "difference_1990_2000": 131.0, "difference_1990_2010": 128.0, "difference_1990_2020": 136.0 }, "geometry": { "type": "Polygon", "coordinates": [ [ [ -103.461362597165078, 25.580677632674703 ], [ -103.456790123456798, 25.580677632674703 ], [ -103.456790123456798, 25.576370439573555 ], [ -103.461362597165078, 25.576370439573555 ], [ -103.461362597165078, 25.580677632674703 ] ] ] } },
{ "type": "Feature", "properties": { "difference_1990_2000": 4.0, "difference_1990_2010": 26.0, "difference_1990_2020": 27.0 }, "geometry": { "type": "Polygon", "coordinates": [ [ [ -103.461362597165078, 25.684096356626821 ], [ -103.456790123456798, 25.684096356626821 ], [ -103.456790123456798, 25.679785472614249 ], [ -103.461362597165078, 25.679785472614249 ], [ -103.461362597165078, 25.684096356626821 ] ] ] } },
{ "type": "Feature", "properties": { "difference_1990_2000": -48.0, "difference_1990_2010": 99.0, "difference_1990_2020": 98.0 }, "geometry": { "type": "Polygon", "coordinates": [ [ [ -103.461362597165078, 25.524696066523017 ], [ -103.456790123456798, 25.524696066522957 ], [ -103.456790123456798, 25.520390862885513 ], [ -103.461362597165078, 25.520390862885513 ], [ -103.461362597165078, 25.524696066523017 ] ] ] } },
{ "type": "Feature", "properties": { "difference_1990_2000": 0.0, "difference_1990_2010": 1049.0, "difference_1990_2020": 1320.0 }, "geometry": { "type": "Polygon", "coordinates": [ [ [ -103.461362597165078, 25.593600132059201 ], [ -103.456790123456798, 25.593600132059201 ], [ -103.456790123456798, 25.589292478876903 ], [ -103.461362597165078, 25.589292478876903 ], [ -103.461362597165078, 25.593600132059201 ] ] ] } },
{ "type": "Feature", "properties": { "difference_1990_2000": 37.0, "difference_1990_2010": 47.0, "difference_1990_2020": 504.0 }, "geometry": { "type": "Polygon", "coordinates": [ [ [ -103.461362597165078, 25.610832279612154 ], [ -103.456790123456798, 25.610832279612154 ], [ -103.456790123456798, 25.606524012419019 ], [ -103.461362597165078, 25.606524012419019 ], [ -103.461362597165078, 25.610832279612154 ] ] ] } },
{ "type": "Feature", "properties": { "difference_1990_2000": 87.0, "difference_1990_2010": 83.0, "difference_1990_2020": 88.0 }, "geometry": { "type": "Polygon", "coordinates": [ [ [ -103.461362597165078, 25.576370439573555 ], [ -103.456790123456798, 25.576370439573555 ], [ -103.456790123456798, 25.572063399751489 ], [ -103.461362597165078, 25.572063399751524 ], [ -103.461362597165078, 25.576370439573555 ] ] ] } },
{ "type": "Feature", "properties": { "difference_1990_2000": 3.0, "difference_1990_2010": -5.0, "difference_1990_2020": -12.0 }, "geometry": { "type": "Polygon", "coordinates": [ [ [ -103.461362597165078, 25.563449779782324 ], [ -103.456790123456798, 25.563449779782346 ], [ -103.456790123456798, 25.559143199554043 ], [ -103.461362597165078, 25.559143199554043 ], [ -103.461362597165078, 25.563449779782324 ] ] ] } },
{ "type": "Feature", "properties": { "difference_1990_2000": -7.0, "difference_1990_2010": -27.0, "difference_1990_2020": -46.0 }, "geometry": { "type": "Polygon", "coordinates": [ [ [ -103.461362597165078, 25.559143199554043 ], [ -103.456790123456798, 25.559143199554043 ], [ -103.456790123456798, 25.554836772442435 ], [ -103.461362597165078, 25.554836772442435 ], [ -103.461362597165078, 25.559143199554043 ] ] ] } },
{ "type": "Feature", "properties": { "difference_1990_2000": 5.0, "difference_1990_2010": 9.0, "difference_1990_2020": 8.0 }, "geometry": { "type": "Polygon", "coordinates": [ [ [ -103.461362597165078, 25.679785472614249 ], [ -103.456790123456798, 25.679785472614249 ], [ -103.456790123456798, 25.675474742858771 ], [ -103.461362597165078, 25.675474742858771 ], [ -103.461362597165078, 25.679785472614249 ] ] ] } },
{ "type": "Feature", "properties": { "difference_1990_2000": 38.0, "difference_1990_2010": 92.0, "difference_1990_2020": 122.0 }, "geometry": { "type": "Polygon", "coordinates": [ [ [ -103.461362597165078, 25.619449274852371 ], [ -103.456790123456798, 25.619449274852371 ], [ -103.456790123456798, 25.615140700409665 ], [ -103.461362597165078, 25.615140700409697 ], [ -103.461362597165078, 25.619449274852371 ] ] ] } },
{ "type": "Feature", "properties": { "difference_1990_2000": 63.0, "difference_1990_2010": 131.0, "difference_1990_2020": 389.0 }, "geometry": { "type": "Polygon", "coordinates": [ [ [ -103.461362597165078, 25.615140700409697 ], [ -103.456790123456798, 25.615140700409665 ], [ -103.456790123456798, 25.610832279612154 ], [ -103.461362597165078, 25.610832279612154 ], [ -103.461362597165078, 25.615140700409697 ] ] ] } },
{ "type": "Feature", "properties": { "difference_1990_2000": 3.0, "difference_1990_2010": -5.0, "difference_1990_2020": -12.0 }, "geometry": { "type": "Polygon", "coordinates": [ [ [ -103.461362597165078, 25.567756513167971 ], [ -103.456790123456798, 25.567756513167971 ], [ -103.456790123456798, 25.563449779782346 ], [ -103.461362597165078, 25.563449779782324 ], [ -103.461362597165078, 25.567756513167971 ] ] ] } },
{ "type": "Feature", "properties": { "difference_1990_2000": 0.0, "difference_1990_2010": 254.0, "difference_1990_2020": 265.0 }, "geometry": { "type": "Polygon", "coordinates": [ [ [ -103.461362597165078, 25.602215898789616 ], [ -103.456790123456798, 25.602215898789581 ], [ -103.456790123456798, 25.597907938683242 ], [ -103.461362597165078, 25.597907938683242 ], [ -103.461362597165078, 25.602215898789616 ] ] ] } },
{ "type": "Feature", "properties": { "difference_1990_2000": -411.0, "difference_1990_2010": -664.0, "difference_1990_2020": -755.0 }, "geometry": { "type": "Polygon", "coordinates": [ [ [ -103.461362597165078, 25.529001422952906 ], [ -103.456790123456798, 25.529001422952906 ], [ -103.456790123456798, 25.524696066522957 ], [ -103.461362597165078, 25.524696066523017 ], [ -103.461362597165078, 25.529001422952906 ] ] ] } },
{ "type": "Feature", "properties": { "difference_1990_2000": -445.0, "difference_1990_2010": -716.0, "difference_1990_2020": -815.0 }, "geometry": { "type": "Polygon", "coordinates": [ [ [ -103.461362597165078, 25.54191840940236 ], [ -103.456790123456798, 25.541918409402399 ], [ -103.456790123456798, 25.537612594352062 ], [ -103.461362597165078, 25.537612594352098 ], [ -103.461362597165078, 25.54191840940236 ] ] ] } },
{ "type": "Feature", "properties": { "difference_1990_2000": -899.0, "difference_1990_2010": -1247.0, "difference_1990_2020": -1464.0 }, "geometry": { "type": "Polygon", "coordinates": [ [ [ -103.461362597165078, 25.533306932215755 ], [ -103.456790123456798, 25.533306932215755 ], [ -103.456790123456798, 25.529001422952906 ], [ -103.461362597165078, 25.529001422952906 ], [ -103.461362597165078, 25.533306932215755 ] ] ] } },
{ "type": "Feature", "properties": { "difference_1990_2000": 0.0, "difference_1990_2010": 501.0, "difference_1990_2020": 629.0 }, "geometry": { "type": "Polygon", "coordinates": [ [ [ -103.461362597165078, 25.597907938683242 ], [ -103.456790123456798, 25.597907938683242 ], [ -103.456790123456798, 25.593600132059201 ], [ -103.461362597165078, 25.593600132059201 ], [ -103.461362597165078, 25.597907938683242 ] ] ] } },
{ "type": "Feature", "properties": { "difference_1990_2000": -416.0, "difference_1990_2010": -828.0, "difference_1990_2020": -1185.0 }, "geometry": { "type": "Polygon", "coordinates": [ [ [ -103.461362597165078, 25.550530498407017 ], [ -103.456790123456798, 25.550530498407017 ], [ -103.456790123456798, 25.54622437740721 ], [ -103.461362597165078, 25.54622437740721 ], [ -103.461362597165078, 25.550530498407017 ] ] ] } },
{ "type": "Feature", "properties": { "difference_1990_2000": 3.0, "difference_1990_2010": -3.0, "difference_1990_2020": -8.0 }, "geometry": { "type": "Polygon", "coordinates": [ [ [ -103.461362597165078, 25.572063399751524 ], [ -103.456790123456798, 25.572063399751489 ], [ -103.456790123456798, 25.567756513167971 ], [ -103.461362597165078, 25.567756513167971 ], [ -103.461362597165078, 25.572063399751524 ] ] ] } },
{ "type": "Feature", "properties": { "difference_1990_2000": -513.0, "difference_1990_2010": -902.0, "difference_1990_2020": -1095.0 }, "geometry": { "type": "Polygon", "coordinates": [ [ [ -103.461362597165078, 25.54622437740721 ], [ -103.456790123456798, 25.54622437740721 ], [ -103.456790123456798, 25.541918409402399 ], [ -103.461362597165078, 25.54191840940236 ], [ -103.461362597165078, 25.54622437740721 ] ] ] } },
{ "type": "Feature", "properties": { "difference_1990_2000": 63.0, "difference_1990_2010": 606.0, "difference_1990_2020": 699.0 }, "geometry": { "type": "Polygon", "coordinates": [ [ [ -103.461362597165078, 25.584984979095623 ], [ -103.456790123456798, 25.584984979095584 ], [ -103.456790123456798, 25.580677632674703 ], [ -103.461362597165078, 25.580677632674703 ], [ -103.461362597165078, 25.584984979095623 ] ] ] } },
{ "type": "Feature", "properties": { "difference_1990_2000": 199.0, "difference_1990_2010": -202.0, "difference_1990_2020": -499.0 }, "geometry": { "type": "Polygon", "coordinates": [ [ [ -103.461362597165078, 25.537612594352098 ], [ -103.456790123456798, 25.537612594352062 ], [ -103.456790123456798, 25.533306932215755 ], [ -103.461362597165078, 25.533306932215755 ], [ -103.461362597165078, 25.537612594352098 ] ] ] } }
]
}
