{
"type": "FeatureCollection",
"crs": { "type": "name", "properties": { "name": "urn:ogc:def:crs:OGC:1.3:CRS84" } },
"features": [
{ "type": "Feature", "properties": { "difference_1990_2000": 3.0, "difference_1990_2010": 0.0, "difference_1990_2020": 2.0 }, "geometry": { "type": "Polygon", "coordinates": [ [ [ -101.444901691815275, 20.706646906165695 ], [ -101.440329218106996, 20.706646906165695 ], [ -101.440329218106996, 20.7024918987461 ], [ -101.444901691815275, 20.702491898746068 ], [ -101.444901691815275, 20.706646906165695 ] ] ] } },
{ "type": "Feature", "properties": { "difference_1990_2000": 41.0, "difference_1990_2010": 40.0, "difference_1990_2020": 36.0 }, "geometry": { "type": "Polygon", "coordinates": [ [ [ -101.444901691815275, 20.710802026153207 ], [ -101.440329218106996, 20.710802026153207 ], [ -101.440329218106996, 20.706646906165695 ], [ -101.444901691815275, 20.706646906165695 ], [ -101.444901691815275, 20.710802026153207 ] ] ] } },
{ "type": "Feature", "properties": { "difference_1990_2000": 197.0, "difference_1990_2010": 191.0, "difference_1990_2020": 170.0 }, "geometry": { "type": "Polygon", "coordinates": [ [ [ -101.444901691815275, 20.714957258739464 ], [ -101.440329218106996, 20.714957258739464 ], [ -101.440329218106996, 20.710802026153207 ], [ -101.444901691815275, 20.710802026153207 ], [ -101.444901691815275, 20.714957258739464 ] ] ] } },
{ "type": "Feature", "properties": { "difference_1990_2000": 7.0, "difference_1990_2010": 4.0, "difference_1990_2020": 6.0 }, "geometry": { "type": "Polygon", "coordinates": [ [ [ -101.435756744398745, 20.706646906165695 ], [ -101.431184270690466, 20.706646906165709 ], [ -101.431184270690466, 20.702491898746068 ], [ -101.435756744398745, 20.7024918987461 ], [ -101.435756744398745, 20.706646906165695 ] ] ] } },
{ "type": "Feature", "properties": { "difference_1990_2000": 150.0, "difference_1990_2010": 120.0, "difference_1990_2020": 129.0 }, "geometry": { "type": "Polygon", "coordinates": [ [ [ -101.435756744398745, 20.719112603955342 ], [ -101.431184270690466, 20.719112603955342 ], [ -101.431184270690466, 20.714957258739517 ], [ -101.435756744398745, 20.714957258739517 ], [ -101.435756744398745, 20.719112603955342 ] ] ] } },
{ "type": "Feature", "properties": { "difference_1990_2000": 332.0, "difference_1990_2010": 298.0, "difference_1990_2020": 287.0 }, "geometry": { "type": "Polygon", "coordinates": [ [ [ -101.435756744398745, 20.710802026153207 ], [ -101.431184270690466, 20.710802026153225 ], [ -101.431184270690466, 20.706646906165709 ], [ -101.435756744398745, 20.706646906165695 ], [ -101.435756744398745, 20.710802026153207 ] ] ] } },
{ "type": "Feature", "properties": { "difference_1990_2000": 361.0, "difference_1990_2010": 347.0, "difference_1990_2020": 311.0 }, "geometry": { "type": "Polygon", "coordinates": [ [ [ -101.435756744398745, 20.714957258739517 ], [ -101.431184270690466, 20.714957258739517 ], [ -101.431184270690466, 20.710802026153225 ], [ -101.435756744398745, 20.710802026153207 ], [ -101.435756744398745, 20.714957258739517 ] ] ] } },
{ "type": "Feature", "properties": { "difference_1990_2000": 0.0, "difference_1990_2010": 0.0, "difference_1990_2020": 917.0 }, "geometry": { "type": "Polygon", "coordinates": [ [ [ -101.426611796982201, 20.669255888132668 ], [ -101.422039323273907, 20.669255888132668 ], [ -101.422039323273907, 20.665101892436599 ], [ -101.426611796982201, 20.665101892436613 ], [ -101.426611796982201, 20.669255888132668 ] ] ] } },
{ "type": "Feature", "properties": { "difference_1990_2000": 0.0, "difference_1990_2010": 0.0, "difference_1990_2020": 436.0 }, "geometry": { "type": "Polygon", "coordinates": [ [ [ -101.426611796982201, 20.673409996119229 ], [ -101.422039323273907, 20.673409996119194 ], [ -101.422039323273907, 20.669255888132668 ], [ -101.426611796982201, 20.669255888132668 ], [ -101.426611796982201, 20.673409996119229 ] ] ] } },
{ "type": "Feature", "properties": { "difference_1990_2000": 0.0, "difference_1990_2010": 0.0, "difference_1990_2020": 192.0 }, "geometry": { "type": "Polygon", "coordinates": [ [ [ -101.426611796982201, 20.665101892436613 ], [ -101.422039323273907, 20.665101892436599 ], [ -101.422039323273907, 20.660948009000261 ], [ -101.426611796982201, 20.660948009000261 ], [ -101.426611796982201, 20.665101892436613 ] ] ] } },
{ "type": "Feature", "properties": { "difference_1990_2000": 161.0, "difference_1990_2010": 270.0, "difference_1990_2020": 297.0 }, "geometry": { "type": "Polygon", "coordinates": [ [ [ -101.417466849565614, 20.685872994129657 ], [ -101.412894375857334, 20.685872994129657 ], [ -101.412894375857334, 20.681718549086888 ], [ -101.417466849565614, 20.681718549086888 ], [ -101.417466849565614, 20.685872994129657 ] ] ] } },
{ "type": "Feature", "properties": { "difference_1990_2000": 120.0, "difference_1990_2010": 200.0, "difference_1990_2020": 252.0 }, "geometry": { "type": "Polygon", "coordinates": [ [ [ -101.417466849565614, 20.677564216426983 ], [ -101.412894375857334, 20.677564216426983 ], [ -101.412894375857334, 20.673409996119229 ], [ -101.417466849565614, 20.673409996119194 ], [ -101.417466849565614, 20.677564216426983 ] ] ] } },
{ "type": "Feature", "properties": { "difference_1990_2000": 1.0, "difference_1990_2010": 2.0, "difference_1990_2020": 3.0 }, "geometry": { "type": "Polygon", "coordinates": [ [ [ -101.417466849565614, 20.694182221487132 ], [ -101.412894375857334, 20.694182221487132 ], [ -101.412894375857334, 20.690027551586123 ], [ -101.417466849565614, 20.690027551586123 ], [ -101.417466849565614, 20.694182221487132 ] ] ] } },
{ "type": "Feature", "properties": { "difference_1990_2000": 189.0, "difference_1990_2010": 317.0, "difference_1990_2020": 349.0 }, "geometry": { "type": "Polygon", "coordinates": [ [ [ -101.417466849565614, 20.681718549086888 ], [ -101.412894375857334, 20.681718549086888 ], [ -101.412894375857334, 20.677564216426983 ], [ -101.417466849565614, 20.677564216426983 ], [ -101.417466849565614, 20.681718549086888 ] ] ] } },
{ "type": "Feature", "properties": { "difference_1990_2000": 0.0, "difference_1990_2010": 0.0, "difference_1990_2020": 113.0 }, "geometry": { "type": "Polygon", "coordinates": [ [ [ -101.417466849565614, 20.673409996119194 ], [ -101.412894375857334, 20.673409996119229 ], [ -101.412894375857334, 20.669255888132685 ], [ -101.417466849565614, 20.669255888132668 ], [ -101.417466849565614, 20.673409996119194 ] ] ] } },
{ "type": "Feature", "properties": { "difference_1990_2000": 65.0, "difference_1990_2010": 109.0, "difference_1990_2020": 121.0 }, "geometry": { "type": "Polygon", "coordinates": [ [ [ -101.417466849565614, 20.690027551586123 ], [ -101.412894375857334, 20.690027551586123 ], [ -101.412894375857334, 20.685872994129657 ], [ -101.417466849565614, 20.685872994129657 ], [ -101.417466849565614, 20.690027551586123 ] ] ] } },
{ "type": "Feature", "properties": { "difference_1990_2000": 189.0, "difference_1990_2010": 317.0, "difference_1990_2020": 349.0 }, "geometry": { "type": "Polygon", "coordinates": [ [ [ -101.408321902149055, 20.685872994129657 ], [ -101.40374942844079, 20.685872994129657 ], [ -101.40374942844079, 20.681718549086888 ], [ -101.408321902149055, 20.681718549086888 ], [ -101.408321902149055, 20.685872994129657 ] ] ] } },
{ "type": "Feature", "properties": { "difference_1990_2000": 68.0, "difference_1990_2010": 116.0, "difference_1990_2020": 150.0 }, "geometry": { "type": "Polygon", "coordinates": [ [ [ -101.408321902149055, 20.698337003863482 ], [ -101.40374942844079, 20.698337003863518 ], [ -101.40374942844079, 20.694182221487132 ], [ -101.408321902149055, 20.694182221487132 ], [ -101.408321902149055, 20.698337003863482 ] ] ] } },
{ "type": "Feature", "properties": { "difference_1990_2000": 0.0, "difference_1990_2010": 0.0, "difference_1990_2020": 72.0 }, "geometry": { "type": "Polygon", "coordinates": [ [ [ -101.408321902149055, 20.660948009000261 ], [ -101.40374942844079, 20.660948009000261 ], [ -101.40374942844079, 20.656794237792809 ], [ -101.408321902149055, 20.656794237792809 ], [ -101.408321902149055, 20.660948009000261 ] ] ] } },
{ "type": "Feature", "properties": { "difference_1990_2000": 124.0, "difference_1990_2010": 0.0, "difference_1990_2020": 310.0 }, "geometry": { "type": "Polygon", "coordinates": [ [ [ -101.408321902149055, 20.677564216427005 ], [ -101.40374942844079, 20.677564216427005 ], [ -101.40374942844079, 20.673409996119229 ], [ -101.408321902149055, 20.673409996119194 ], [ -101.408321902149055, 20.677564216427005 ] ] ] } },
{ "type": "Feature", "properties": { "difference_1990_2000": 0.0, "difference_1990_2010": 0.0, "difference_1990_2020": 795.0 }, "geometry": { "type": "Polygon", "coordinates": [ [ [ -101.408321902149055, 20.656794237792809 ], [ -101.40374942844079, 20.656794237792809 ], [ -101.40374942844079, 20.652640578783473 ], [ -101.408321902149055, 20.652640578783434 ], [ -101.408321902149055, 20.656794237792809 ] ] ] } },
{ "type": "Feature", "properties": { "difference_1990_2000": 135.0, "difference_1990_2010": 225.0, "difference_1990_2020": 259.0 }, "geometry": { "type": "Polygon", "coordinates": [ [ [ -101.408321902149055, 20.694182221487132 ], [ -101.40374942844079, 20.694182221487132 ], [ -101.40374942844079, 20.690027551586159 ], [ -101.408321902149055, 20.690027551586123 ], [ -101.408321902149055, 20.694182221487132 ] ] ] } },
{ "type": "Feature", "properties": { "difference_1990_2000": 0.0, "difference_1990_2010": 0.0, "difference_1990_2020": 12.0 }, "geometry": { "type": "Polygon", "coordinates": [ [ [ -101.408321902149055, 20.619415342149733 ], [ -101.40374942844079, 20.619415342149733 ], [ -101.40374942844079, 20.615262691539549 ], [ -101.408321902149055, 20.615262691539549 ], [ -101.408321902149055, 20.619415342149733 ] ] ] } },
{ "type": "Feature", "properties": { "difference_1990_2000": 0.0, "difference_1990_2010": 0.0, "difference_1990_2020": 52.0 }, "geometry": { "type": "Polygon", "coordinates": [ [ [ -101.408321902149055, 20.615262691539549 ], [ -101.40374942844079, 20.615262691539549 ], [ -101.40374942844079, 20.611110152820054 ], [ -101.408321902149055, 20.611110152820054 ], [ -101.408321902149055, 20.615262691539549 ] ] ] } },
{ "type": "Feature", "properties": { "difference_1990_2000": 189.0, "difference_1990_2010": 85.0, "difference_1990_2020": 440.0 }, "geometry": { "type": "Polygon", "coordinates": [ [ [ -101.408321902149055, 20.681718549086888 ], [ -101.40374942844079, 20.681718549086888 ], [ -101.40374942844079, 20.677564216427005 ], [ -101.408321902149055, 20.677564216427005 ], [ -101.408321902149055, 20.681718549086888 ] ] ] } },
{ "type": "Feature", "properties": { "difference_1990_2000": 189.0, "difference_1990_2010": 317.0, "difference_1990_2020": 349.0 }, "geometry": { "type": "Polygon", "coordinates": [ [ [ -101.408321902149055, 20.690027551586123 ], [ -101.40374942844079, 20.690027551586159 ], [ -101.40374942844079, 20.685872994129657 ], [ -101.408321902149055, 20.685872994129657 ], [ -101.408321902149055, 20.690027551586123 ] ] ] } },
{ "type": "Feature", "properties": { "difference_1990_2000": 13.0, "difference_1990_2010": 8.0, "difference_1990_2020": 33.0 }, "geometry": { "type": "Polygon", "coordinates": [ [ [ -101.408321902149055, 20.7024918987461 ], [ -101.40374942844079, 20.702491898746068 ], [ -101.40374942844079, 20.698337003863518 ], [ -101.408321902149055, 20.698337003863482 ], [ -101.408321902149055, 20.7024918987461 ] ] ] } },
{ "type": "Feature", "properties": { "difference_1990_2000": 170.0, "difference_1990_2010": 247.0, "difference_1990_2020": 325.0 }, "geometry": { "type": "Polygon", "coordinates": [ [ [ -101.399176954732539, 20.685872994129657 ], [ -101.394604481024246, 20.685872994129657 ], [ -101.394604481024246, 20.681718549086888 ], [ -101.399176954732539, 20.681718549086856 ], [ -101.399176954732539, 20.685872994129657 ] ] ] } },
{ "type": "Feature", "properties": { "difference_1990_2000": 36.0, "difference_1990_2010": 60.0, "difference_1990_2020": 76.0 }, "geometry": { "type": "Polygon", "coordinates": [ [ [ -101.399176954732539, 20.698337003863482 ], [ -101.394604481024246, 20.698337003863518 ], [ -101.394604481024246, 20.69418222148715 ], [ -101.399176954732539, 20.694182221487132 ], [ -101.399176954732539, 20.698337003863482 ] ] ] } },
{ "type": "Feature", "properties": { "difference_1990_2000": 0.0, "difference_1990_2010": 0.0, "difference_1990_2020": 926.0 }, "geometry": { "type": "Polygon", "coordinates": [ [ [ -101.399176954732539, 20.660948009000261 ], [ -101.394604481024246, 20.660948009000261 ], [ -101.394604481024246, 20.656794237792809 ], [ -101.399176954732539, 20.656794237792809 ], [ -101.399176954732539, 20.660948009000261 ] ] ] } },
{ "type": "Feature", "properties": { "difference_1990_2000": 0.0, "difference_1990_2010": 0.0, "difference_1990_2020": 30.0 }, "geometry": { "type": "Polygon", "coordinates": [ [ [ -101.399176954732539, 20.677564216426983 ], [ -101.394604481024246, 20.677564216427005 ], [ -101.394604481024246, 20.673409996119229 ], [ -101.399176954732539, 20.673409996119229 ], [ -101.399176954732539, 20.677564216426983 ] ] ] } },
{ "type": "Feature", "properties": { "difference_1990_2000": 0.0, "difference_1990_2010": 0.0, "difference_1990_2020": 1027.0 }, "geometry": { "type": "Polygon", "coordinates": [ [ [ -101.399176954732539, 20.669255888132668 ], [ -101.394604481024246, 20.669255888132668 ], [ -101.394604481024246, 20.665101892436653 ], [ -101.399176954732539, 20.665101892436599 ], [ -101.399176954732539, 20.669255888132668 ] ] ] } },
{ "type": "Feature", "properties": { "difference_1990_2000": 0.0, "difference_1990_2010": 0.0, "difference_1990_2020": 238.0 }, "geometry": { "type": "Polygon", "coordinates": [ [ [ -101.399176954732539, 20.656794237792809 ], [ -101.394604481024246, 20.656794237792809 ], [ -101.394604481024246, 20.652640578783473 ], [ -101.399176954732539, 20.652640578783458 ], [ -101.399176954732539, 20.656794237792809 ] ] ] } },
{ "type": "Feature", "properties": { "difference_1990_2000": 112.0, "difference_1990_2010": 189.0, "difference_1990_2020": 216.0 }, "geometry": { "type": "Polygon", "coordinates": [ [ [ -101.399176954732539, 20.694182221487132 ], [ -101.394604481024246, 20.69418222148715 ], [ -101.394604481024246, 20.690027551586123 ], [ -101.399176954732539, 20.690027551586123 ], [ -101.399176954732539, 20.694182221487132 ] ] ] } },
{ "type": "Feature", "properties": { "difference_1990_2000": 0.0, "difference_1990_2010": 0.0, "difference_1990_2020": 927.0 }, "geometry": { "type": "Polygon", "coordinates": [ [ [ -101.399176954732539, 20.619415342149733 ], [ -101.394604481024246, 20.619415342149733 ], [ -101.394604481024246, 20.615262691539549 ], [ -101.399176954732539, 20.615262691539549 ], [ -101.399176954732539, 20.619415342149733 ] ] ] } },
{ "type": "Feature", "properties": { "difference_1990_2000": 0.0, "difference_1990_2010": 0.0, "difference_1990_2020": 408.0 }, "geometry": { "type": "Polygon", "coordinates": [ [ [ -101.399176954732539, 20.615262691539549 ], [ -101.394604481024246, 20.615262691539549 ], [ -101.394604481024246, 20.611110152820039 ], [ -101.399176954732539, 20.611110152820039 ], [ -101.399176954732539, 20.615262691539549 ] ] ] } },
{ "type": "Feature", "properties": { "difference_1990_2000": 0.0, "difference_1990_2010": 0.0, "difference_1990_2020": 1058.0 }, "geometry": { "type": "Polygon", "coordinates": [ [ [ -101.399176954732539, 20.648487031941414 ], [ -101.394604481024246, 20.648487031941446 ], [ -101.394604481024246, 20.644333597236013 ], [ -101.399176954732539, 20.644333597236013 ], [ -101.399176954732539, 20.648487031941414 ] ] ] } },
{ "type": "Feature", "properties": { "difference_1990_2000": 89.0, "difference_1990_2010": 69.0, "difference_1990_2020": 167.0 }, "geometry": { "type": "Polygon", "coordinates": [ [ [ -101.399176954732539, 20.681718549086856 ], [ -101.394604481024246, 20.681718549086888 ], [ -101.394604481024246, 20.677564216427005 ], [ -101.399176954732539, 20.677564216426983 ], [ -101.399176954732539, 20.681718549086856 ] ] ] } },
{ "type": "Feature", "properties": { "difference_1990_2000": 0.0, "difference_1990_2010": 0.0, "difference_1990_2020": 529.0 }, "geometry": { "type": "Polygon", "coordinates": [ [ [ -101.399176954732539, 20.673409996119229 ], [ -101.394604481024246, 20.673409996119229 ], [ -101.394604481024246, 20.669255888132668 ], [ -101.399176954732539, 20.669255888132668 ], [ -101.399176954732539, 20.673409996119229 ] ] ] } },
{ "type": "Feature", "properties": { "difference_1990_2000": 81.0, "difference_1990_2010": 0.0, "difference_1990_2020": 408.0 }, "geometry": { "type": "Polygon", "coordinates": [ [ [ -101.399176954732539, 20.644333597236013 ], [ -101.394604481024246, 20.644333597236013 ], [ -101.394604481024246, 20.640180274636439 ], [ -101.399176954732539, 20.640180274636439 ], [ -101.399176954732539, 20.644333597236013 ] ] ] } },
{ "type": "Feature", "properties": { "difference_1990_2000": 0.0, "difference_1990_2010": 0.0, "difference_1990_2020": 6.0 }, "geometry": { "type": "Polygon", "coordinates": [ [ [ -101.399176954732539, 20.702491898746068 ], [ -101.394604481024246, 20.702491898746068 ], [ -101.394604481024246, 20.698337003863518 ], [ -101.399176954732539, 20.698337003863482 ], [ -101.399176954732539, 20.702491898746068 ] ] ] } },
{ "type": "Feature", "properties": { "difference_1990_2000": 188.0, "difference_1990_2010": 314.0, "difference_1990_2020": 347.0 }, "geometry": { "type": "Polygon", "coordinates": [ [ [ -101.399176954732539, 20.690027551586123 ], [ -101.394604481024246, 20.690027551586123 ], [ -101.394604481024246, 20.685872994129657 ], [ -101.399176954732539, 20.685872994129657 ], [ -101.399176954732539, 20.690027551586123 ] ] ] } },
{ "type": "Feature", "properties": { "difference_1990_2000": 0.0, "difference_1990_2010": 0.0, "difference_1990_2020": 110.0 }, "geometry": { "type": "Polygon", "coordinates": [ [ [ -101.399176954732539, 20.665101892436599 ], [ -101.394604481024246, 20.665101892436653 ], [ -101.394604481024246, 20.660948009000261 ], [ -101.399176954732539, 20.660948009000261 ], [ -101.399176954732539, 20.665101892436599 ] ] ] } },
{ "type": "Feature", "properties": { "difference_1990_2000": 0.0, "difference_1990_2010": 0.0, "difference_1990_2020": 1123.0 }, "geometry": { "type": "Polygon", "coordinates": [ [ [ -101.399176954732539, 20.652640578783458 ], [ -101.394604481024246, 20.652640578783473 ], [ -101.394604481024246, 20.648487031941446 ], [ -101.399176954732539, 20.648487031941414 ], [ -101.399176954732539, 20.652640578783458 ] ] ] } },
{ "type": "Feature", "properties": { "difference_1990_2000": 16.0, "difference_1990_2010": 40.0, "difference_1990_2020": 102.0 }, "geometry": { "type": "Polygon", "coordinates": [ [ [ -101.390032007315966, 20.685872994129657 ], [ -101.385459533607687, 20.685872994129657 ], [ -101.385459533607687, 20.681718549086888 ], [ -101.390032007315966, 20.681718549086888 ], [ -101.390032007315966, 20.685872994129657 ] ] ] } },
{ "type": "Feature", "properties": { "difference_1990_2000": 0.0, "difference_1990_2010": 0.0, "difference_1990_2020": 33.0 }, "geometry": { "type": "Polygon", "coordinates": [ [ [ -101.390032007315966, 20.706646906165695 ], [ -101.385459533607687, 20.706646906165695 ], [ -101.385459533607687, 20.702491898746068 ], [ -101.390032007315966, 20.702491898746068 ], [ -101.390032007315966, 20.706646906165695 ] ] ] } },
{ "type": "Feature", "properties": { "difference_1990_2000": 0.0, "difference_1990_2010": 0.0, "difference_1990_2020": 111.0 }, "geometry": { "type": "Polygon", "coordinates": [ [ [ -101.390032007315966, 20.698337003863482 ], [ -101.385459533607687, 20.698337003863482 ], [ -101.385459533607687, 20.69418222148715 ], [ -101.390032007315966, 20.694182221487132 ], [ -101.390032007315966, 20.698337003863482 ] ] ] } },
{ "type": "Feature", "properties": { "difference_1990_2000": 50.0, "difference_1990_2010": 1364.0, "difference_1990_2020": 1863.0 }, "geometry": { "type": "Polygon", "coordinates": [ [ [ -101.390032007315966, 20.660948009000261 ], [ -101.385459533607687, 20.660948009000229 ], [ -101.385459533607687, 20.656794237792809 ], [ -101.390032007315966, 20.656794237792809 ], [ -101.390032007315966, 20.660948009000261 ] ] ] } },
{ "type": "Feature", "properties": { "difference_1990_2000": 0.0, "difference_1990_2010": 236.0, "difference_1990_2020": 413.0 }, "geometry": { "type": "Polygon", "coordinates": [ [ [ -101.390032007315966, 20.677564216426983 ], [ -101.385459533607687, 20.677564216427005 ], [ -101.385459533607687, 20.673409996119229 ], [ -101.390032007315966, 20.673409996119194 ], [ -101.390032007315966, 20.677564216426983 ] ] ] } },
{ "type": "Feature", "properties": { "difference_1990_2000": 3.0, "difference_1990_2010": 92.0, "difference_1990_2020": 1192.0 }, "geometry": { "type": "Polygon", "coordinates": [ [ [ -101.390032007315966, 20.669255888132668 ], [ -101.385459533607687, 20.669255888132685 ], [ -101.385459533607687, 20.665101892436613 ], [ -101.390032007315966, 20.665101892436613 ], [ -101.390032007315966, 20.669255888132668 ] ] ] } },
{ "type": "Feature", "properties": { "difference_1990_2000": 0.0, "difference_1990_2010": 439.0, "difference_1990_2020": 1040.0 }, "geometry": { "type": "Polygon", "coordinates": [ [ [ -101.390032007315966, 20.656794237792809 ], [ -101.385459533607687, 20.656794237792809 ], [ -101.385459533607687, 20.652640578783458 ], [ -101.390032007315966, 20.652640578783458 ], [ -101.390032007315966, 20.656794237792809 ] ] ] } },
{ "type": "Feature", "properties": { "difference_1990_2000": 0.0, "difference_1990_2010": 0.0, "difference_1990_2020": 37.0 }, "geometry": { "type": "Polygon", "coordinates": [ [ [ -101.390032007315966, 20.694182221487132 ], [ -101.385459533607687, 20.69418222148715 ], [ -101.385459533607687, 20.690027551586123 ], [ -101.390032007315966, 20.690027551586123 ], [ -101.390032007315966, 20.694182221487132 ] ] ] } },
{ "type": "Feature", "properties": { "difference_1990_2000": 814.0, "difference_1990_2010": 1738.0, "difference_1990_2020": 3782.0 }, "geometry": { "type": "Polygon", "coordinates": [ [ [ -101.390032007315966, 20.648487031941446 ], [ -101.385459533607687, 20.648487031941468 ], [ -101.385459533607687, 20.644333597236013 ], [ -101.390032007315966, 20.644333597236013 ], [ -101.390032007315966, 20.648487031941446 ] ] ] } },
{ "type": "Feature", "properties": { "difference_1990_2000": 257.0, "difference_1990_2010": 427.0, "difference_1990_2020": 408.0 }, "geometry": { "type": "Polygon", "coordinates": [ [ [ -101.390032007315966, 20.640180274636439 ], [ -101.385459533607687, 20.640180274636439 ], [ -101.385459533607687, 20.636027064111921 ], [ -101.390032007315966, 20.636027064111921 ], [ -101.390032007315966, 20.640180274636439 ] ] ] } },
{ "type": "Feature", "properties": { "difference_1990_2000": 0.0, "difference_1990_2010": 0.0, "difference_1990_2020": 86.0 }, "geometry": { "type": "Polygon", "coordinates": [ [ [ -101.390032007315966, 20.681718549086888 ], [ -101.385459533607687, 20.681718549086888 ], [ -101.385459533607687, 20.677564216427005 ], [ -101.390032007315966, 20.677564216426983 ], [ -101.390032007315966, 20.681718549086888 ] ] ] } },
{ "type": "Feature", "properties": { "difference_1990_2000": 0.0, "difference_1990_2010": 58.0, "difference_1990_2020": 117.0 }, "geometry": { "type": "Polygon", "coordinates": [ [ [ -101.390032007315966, 20.673409996119194 ], [ -101.385459533607687, 20.673409996119229 ], [ -101.385459533607687, 20.669255888132685 ], [ -101.390032007315966, 20.669255888132668 ], [ -101.390032007315966, 20.673409996119194 ] ] ] } },
{ "type": "Feature", "properties": { "difference_1990_2000": 877.0, "difference_1990_2010": 1728.0, "difference_1990_2020": 1752.0 }, "geometry": { "type": "Polygon", "coordinates": [ [ [ -101.390032007315966, 20.644333597236013 ], [ -101.385459533607687, 20.644333597236013 ], [ -101.385459533607687, 20.640180274636439 ], [ -101.390032007315966, 20.640180274636439 ], [ -101.390032007315966, 20.644333597236013 ] ] ] } },
{ "type": "Feature", "properties": { "difference_1990_2000": 0.0, "difference_1990_2010": 0.0, "difference_1990_2020": 1457.0 }, "geometry": { "type": "Polygon", "coordinates": [ [ [ -101.390032007315966, 20.652640578783458 ], [ -101.385459533607687, 20.652640578783458 ], [ -101.385459533607687, 20.648487031941468 ], [ -101.390032007315966, 20.648487031941446 ], [ -101.390032007315966, 20.652640578783458 ] ] ] } },
{ "type": "Feature", "properties": { "difference_1990_2000": 272.0, "difference_1990_2010": 878.0, "difference_1990_2020": 1262.0 }, "geometry": { "type": "Polygon", "coordinates": [ [ [ -101.390032007315966, 20.665101892436613 ], [ -101.385459533607687, 20.665101892436613 ], [ -101.385459533607687, 20.660948009000229 ], [ -101.390032007315966, 20.660948009000261 ], [ -101.390032007315966, 20.665101892436613 ] ] ] } },
{ "type": "Feature", "properties": { "difference_1990_2000": 297.0, "difference_1990_2010": 906.0, "difference_1990_2020": 1033.0 }, "geometry": { "type": "Polygon", "coordinates": [ [ [ -101.380887059899393, 20.685872994129657 ], [ -101.376314586191128, 20.685872994129657 ], [ -101.376314586191128, 20.681718549086888 ], [ -101.380887059899393, 20.681718549086888 ], [ -101.380887059899393, 20.685872994129657 ] ] ] } },
{ "type": "Feature", "properties": { "difference_1990_2000": 24.0, "difference_1990_2010": 31.0, "difference_1990_2020": 19.0 }, "geometry": { "type": "Polygon", "coordinates": [ [ [ -101.380887059899393, 20.706646906165709 ], [ -101.376314586191128, 20.706646906165695 ], [ -101.376314586191128, 20.702491898746068 ], [ -101.380887059899393, 20.702491898746068 ], [ -101.380887059899393, 20.706646906165709 ] ] ] } },
{ "type": "Feature", "properties": { "difference_1990_2000": 308.0, "difference_1990_2010": 295.0, "difference_1990_2020": 244.0 }, "geometry": { "type": "Polygon", "coordinates": [ [ [ -101.380887059899393, 20.698337003863482 ], [ -101.376314586191128, 20.698337003863482 ], [ -101.376314586191128, 20.69418222148715 ], [ -101.380887059899393, 20.6941822214871 ], [ -101.380887059899393, 20.698337003863482 ] ] ] } },
{ "type": "Feature", "properties": { "difference_1990_2000": 1.0, "difference_1990_2010": 3.0, "difference_1990_2020": 5.0 }, "geometry": { "type": "Polygon", "coordinates": [ [ [ -101.380887059899393, 20.710802026153175 ], [ -101.376314586191128, 20.710802026153207 ], [ -101.376314586191128, 20.706646906165695 ], [ -101.380887059899393, 20.706646906165709 ], [ -101.380887059899393, 20.710802026153175 ] ] ] } },
{ "type": "Feature", "properties": { "difference_1990_2000": 243.0, "difference_1990_2010": 1225.0, "difference_1990_2020": 1613.0 }, "geometry": { "type": "Polygon", "coordinates": [ [ [ -101.380887059899393, 20.660948009000261 ], [ -101.376314586191128, 20.660948009000261 ], [ -101.376314586191128, 20.656794237792809 ], [ -101.380887059899393, 20.656794237792809 ], [ -101.380887059899393, 20.660948009000261 ] ] ] } },
{ "type": "Feature", "properties": { "difference_1990_2000": 2.0, "difference_1990_2010": 325.0, "difference_1990_2020": 57.0 }, "geometry": { "type": "Polygon", "coordinates": [ [ [ -101.380887059899393, 20.72742363239945 ], [ -101.376314586191128, 20.72742363239945 ], [ -101.376314586191128, 20.723268061831735 ], [ -101.380887059899393, 20.723268061831735 ], [ -101.380887059899393, 20.72742363239945 ] ] ] } },
{ "type": "Feature", "properties": { "difference_1990_2000": -4.0, "difference_1990_2010": 827.0, "difference_1990_2020": 709.0 }, "geometry": { "type": "Polygon", "coordinates": [ [ [ -101.380887059899393, 20.677564216426948 ], [ -101.376314586191128, 20.677564216426983 ], [ -101.376314586191128, 20.673409996119194 ], [ -101.380887059899393, 20.673409996119194 ], [ -101.380887059899393, 20.677564216426948 ] ] ] } },
{ "type": "Feature", "properties": { "difference_1990_2000": -166.0, "difference_1990_2010": 336.0, "difference_1990_2020": 491.0 }, "geometry": { "type": "Polygon", "coordinates": [ [ [ -101.380887059899393, 20.669255888132685 ], [ -101.376314586191128, 20.669255888132685 ], [ -101.376314586191128, 20.665101892436613 ], [ -101.380887059899393, 20.665101892436599 ], [ -101.380887059899393, 20.669255888132685 ] ] ] } },
{ "type": "Feature", "properties": { "difference_1990_2000": 512.0, "difference_1990_2010": 586.0, "difference_1990_2020": 829.0 }, "geometry": { "type": "Polygon", "coordinates": [ [ [ -101.380887059899393, 20.6941822214871 ], [ -101.376314586191128, 20.69418222148715 ], [ -101.376314586191128, 20.690027551586123 ], [ -101.380887059899393, 20.690027551586123 ], [ -101.380887059899393, 20.6941822214871 ] ] ] } },
{ "type": "Feature", "properties": { "difference_1990_2000": 208.0, "difference_1990_2010": 1095.0, "difference_1990_2020": 1339.0 }, "geometry": { "type": "Polygon", "coordinates": [ [ [ -101.380887059899393, 20.656794237792809 ], [ -101.376314586191128, 20.656794237792809 ], [ -101.376314586191128, 20.652640578783473 ], [ -101.380887059899393, 20.652640578783473 ], [ -101.380887059899393, 20.656794237792809 ] ] ] } },
{ "type": "Feature", "properties": { "difference_1990_2000": 684.0, "difference_1990_2010": 969.0, "difference_1990_2020": 1033.0 }, "geometry": { "type": "Polygon", "coordinates": [ [ [ -101.380887059899393, 20.648487031941468 ], [ -101.376314586191128, 20.648487031941446 ], [ -101.376314586191128, 20.644333597236013 ], [ -101.380887059899393, 20.644333597236013 ], [ -101.380887059899393, 20.648487031941468 ] ] ] } },
{ "type": "Feature", "properties": { "difference_1990_2000": 0.0, "difference_1990_2010": 5.0, "difference_1990_2020": 12.0 }, "geometry": { "type": "Polygon", "coordinates": [ [ [ -101.380887059899393, 20.640180274636439 ], [ -101.376314586191128, 20.640180274636439 ], [ -101.376314586191128, 20.636027064111957 ], [ -101.380887059899393, 20.636027064111921 ], [ -101.380887059899393, 20.640180274636439 ] ] ] } },
{ "type": "Feature", "properties": { "difference_1990_2000": 44.0, "difference_1990_2010": 1481.0, "difference_1990_2020": 1511.0 }, "geometry": { "type": "Polygon", "coordinates": [ [ [ -101.380887059899393, 20.681718549086888 ], [ -101.376314586191128, 20.681718549086888 ], [ -101.376314586191128, 20.677564216426983 ], [ -101.380887059899393, 20.677564216426948 ], [ -101.380887059899393, 20.681718549086888 ] ] ] } },
{ "type": "Feature", "properties": { "difference_1990_2000": -244.0, "difference_1990_2010": -468.0, "difference_1990_2020": -625.0 }, "geometry": { "type": "Polygon", "coordinates": [ [ [ -101.380887059899393, 20.673409996119194 ], [ -101.376314586191128, 20.673409996119194 ], [ -101.376314586191128, 20.669255888132685 ], [ -101.380887059899393, 20.669255888132685 ], [ -101.380887059899393, 20.673409996119194 ] ] ] } },
{ "type": "Feature", "properties": { "difference_1990_2000": 0.0, "difference_1990_2010": 0.0, "difference_1990_2020": 3.0 }, "geometry": { "type": "Polygon", "coordinates": [ [ [ -101.380887059899393, 20.831349611737739 ], [ -101.376314586191128, 20.831349611737753 ], [ -101.376314586191128, 20.827191213831426 ], [ -101.380887059899393, 20.827191213831465 ], [ -101.380887059899393, 20.831349611737739 ] ] ] } },
{ "type": "Feature", "properties": { "difference_1990_2000": 189.0, "difference_1990_2010": 340.0, "difference_1990_2020": 339.0 }, "geometry": { "type": "Polygon", "coordinates": [ [ [ -101.380887059899393, 20.644333597236013 ], [ -101.376314586191128, 20.644333597236013 ], [ -101.376314586191128, 20.640180274636439 ], [ -101.380887059899393, 20.640180274636439 ], [ -101.380887059899393, 20.644333597236013 ] ] ] } },
{ "type": "Feature", "properties": { "difference_1990_2000": 134.0, "difference_1990_2010": 115.0, "difference_1990_2020": 105.0 }, "geometry": { "type": "Polygon", "coordinates": [ [ [ -101.380887059899393, 20.702491898746068 ], [ -101.376314586191128, 20.702491898746068 ], [ -101.376314586191128, 20.698337003863482 ], [ -101.380887059899393, 20.698337003863482 ], [ -101.380887059899393, 20.702491898746068 ] ] ] } },
{ "type": "Feature", "properties": { "difference_1990_2000": 433.0, "difference_1990_2010": 799.0, "difference_1990_2020": 1120.0 }, "geometry": { "type": "Polygon", "coordinates": [ [ [ -101.380887059899393, 20.690027551586123 ], [ -101.376314586191128, 20.690027551586123 ], [ -101.376314586191128, 20.685872994129657 ], [ -101.380887059899393, 20.685872994129657 ], [ -101.380887059899393, 20.690027551586123 ] ] ] } },
{ "type": "Feature", "properties": { "difference_1990_2000": 0.0, "difference_1990_2010": 0.0, "difference_1990_2020": 425.0 }, "geometry": { "type": "Polygon", "coordinates": [ [ [ -101.380887059899393, 20.827191213831465 ], [ -101.376314586191128, 20.827191213831426 ], [ -101.376314586191128, 20.823032929390603 ], [ -101.380887059899393, 20.823032929390603 ], [ -101.380887059899393, 20.827191213831465 ] ] ] } },
{ "type": "Feature", "properties": { "difference_1990_2000": 355.0, "difference_1990_2010": 1179.0, "difference_1990_2020": 1606.0 }, "geometry": { "type": "Polygon", "coordinates": [ [ [ -101.380887059899393, 20.665101892436599 ], [ -101.376314586191128, 20.665101892436613 ], [ -101.376314586191128, 20.660948009000261 ], [ -101.380887059899393, 20.660948009000261 ], [ -101.380887059899393, 20.665101892436599 ] ] ] } },
{ "type": "Feature", "properties": { "difference_1990_2000": 914.0, "difference_1990_2010": 1385.0, "difference_1990_2020": 1533.0 }, "geometry": { "type": "Polygon", "coordinates": [ [ [ -101.380887059899393, 20.652640578783473 ], [ -101.376314586191128, 20.652640578783473 ], [ -101.376314586191128, 20.648487031941446 ], [ -101.380887059899393, 20.648487031941468 ], [ -101.380887059899393, 20.652640578783473 ] ] ] } },
{ "type": "Feature", "properties": { "difference_1990_2000": 19.0, "difference_1990_2010": 688.0, "difference_1990_2020": 234.0 }, "geometry": { "type": "Polygon", "coordinates": [ [ [ -101.380887059899393, 20.731579315689437 ], [ -101.376314586191128, 20.731579315689473 ], [ -101.376314586191128, 20.72742363239945 ], [ -101.380887059899393, 20.72742363239945 ], [ -101.380887059899393, 20.731579315689437 ] ] ] } },
{ "type": "Feature", "properties": { "difference_1990_2000": 159.0, "difference_1990_2010": 713.0, "difference_1990_2020": 959.0 }, "geometry": { "type": "Polygon", "coordinates": [ [ [ -101.371742112482877, 20.723268061831735 ], [ -101.367169638774598, 20.723268061831735 ], [ -101.367169638774598, 20.719112603955377 ], [ -101.371742112482877, 20.719112603955377 ], [ -101.371742112482877, 20.723268061831735 ] ] ] } },
{ "type": "Feature", "properties": { "difference_1990_2000": 1083.0, "difference_1990_2010": 1119.0, "difference_1990_2020": 1155.0 }, "geometry": { "type": "Polygon", "coordinates": [ [ [ -101.371742112482877, 20.598653207698643 ], [ -101.367169638774598, 20.598653207698643 ], [ -101.367169638774598, 20.594501116234881 ], [ -101.371742112482877, 20.594501116234913 ], [ -101.371742112482877, 20.598653207698643 ] ] ] } },
{ "type": "Feature", "properties": { "difference_1990_2000": 862.0, "difference_1990_2010": 906.0, "difference_1990_2020": 937.0 }, "geometry": { "type": "Polygon", "coordinates": [ [ [ -101.371742112482877, 20.594501116234913 ], [ -101.367169638774598, 20.594501116234881 ], [ -101.367169638774598, 20.59034913650839 ], [ -101.371742112482877, 20.59034913650839 ], [ -101.371742112482877, 20.594501116234913 ] ] ] } },
{ "type": "Feature", "properties": { "difference_1990_2000": -213.0, "difference_1990_2010": -74.0, "difference_1990_2020": -321.0 }, "geometry": { "type": "Polygon", "coordinates": [ [ [ -101.371742112482877, 20.685872994129657 ], [ -101.367169638774598, 20.685872994129657 ], [ -101.367169638774598, 20.681718549086888 ], [ -101.371742112482877, 20.681718549086888 ], [ -101.371742112482877, 20.685872994129657 ] ] ] } },
{ "type": "Feature", "properties": { "difference_1990_2000": 5.0, "difference_1990_2010": 5.0, "difference_1990_2020": 5.0 }, "geometry": { "type": "Polygon", "coordinates": [ [ [ -101.371742112482877, 20.602805410930266 ], [ -101.367169638774598, 20.602805410930266 ], [ -101.367169638774598, 20.598653207698643 ], [ -101.371742112482877, 20.598653207698643 ], [ -101.371742112482877, 20.602805410930266 ] ] ] } },
{ "type": "Feature", "properties": { "difference_1990_2000": -298.0, "difference_1990_2010": 100.0, "difference_1990_2020": -6.0 }, "geometry": { "type": "Polygon", "coordinates": [ [ [ -101.371742112482877, 20.706646906165695 ], [ -101.367169638774598, 20.706646906165695 ], [ -101.367169638774598, 20.702491898746068 ], [ -101.371742112482877, 20.7024918987461 ], [ -101.371742112482877, 20.706646906165695 ] ] ] } },
{ "type": "Feature", "properties": { "difference_1990_2000": 501.0, "difference_1990_2010": 580.0, "difference_1990_2020": 203.0 }, "geometry": { "type": "Polygon", "coordinates": [ [ [ -101.371742112482877, 20.660948009000229 ], [ -101.367169638774598, 20.660948009000261 ], [ -101.367169638774598, 20.656794237792809 ], [ -101.371742112482877, 20.656794237792809 ], [ -101.371742112482877, 20.660948009000229 ] ] ] } },
{ "type": "Feature", "properties": { "difference_1990_2000": 601.0, "difference_1990_2010": 752.0, "difference_1990_2020": 728.0 }, "geometry": { "type": "Polygon", "coordinates": [ [ [ -101.371742112482877, 20.698337003863482 ], [ -101.367169638774598, 20.698337003863482 ], [ -101.367169638774598, 20.694182221487132 ], [ -101.371742112482877, 20.6941822214871 ], [ -101.371742112482877, 20.698337003863482 ] ] ] } },
{ "type": "Feature", "properties": { "difference_1990_2000": 223.0, "difference_1990_2010": 628.0, "difference_1990_2020": 903.0 }, "geometry": { "type": "Polygon", "coordinates": [ [ [ -101.371742112482877, 20.719112603955342 ], [ -101.367169638774598, 20.719112603955342 ], [ -101.367169638774598, 20.714957258739481 ], [ -101.371742112482877, 20.714957258739464 ], [ -101.371742112482877, 20.719112603955342 ] ] ] } },
{ "type": "Feature", "properties": { "difference_1990_2000": -810.0, "difference_1990_2010": -233.0, "difference_1990_2020": -174.0 }, "geometry": { "type": "Polygon", "coordinates": [ [ [ -101.371742112482877, 20.710802026153207 ], [ -101.367169638774598, 20.710802026153207 ], [ -101.367169638774598, 20.706646906165695 ], [ -101.371742112482877, 20.706646906165695 ], [ -101.371742112482877, 20.710802026153207 ] ] ] } },
{ "type": "Feature", "properties": { "difference_1990_2000": 63.0, "difference_1990_2010": 314.0, "difference_1990_2020": 389.0 }, "geometry": { "type": "Polygon", "coordinates": [ [ [ -101.371742112482877, 20.72742363239945 ], [ -101.367169638774598, 20.72742363239945 ], [ -101.367169638774598, 20.723268061831735 ], [ -101.371742112482877, 20.723268061831735 ], [ -101.371742112482877, 20.72742363239945 ] ] ] } },
{ "type": "Feature", "properties": { "difference_1990_2000": -139.0, "difference_1990_2010": -408.0, "difference_1990_2020": -628.0 }, "geometry": { "type": "Polygon", "coordinates": [ [ [ -101.371742112482877, 20.677564216426983 ], [ -101.367169638774598, 20.677564216427005 ], [ -101.367169638774598, 20.673409996119229 ], [ -101.371742112482877, 20.673409996119229 ], [ -101.371742112482877, 20.677564216426983 ] ] ] } },
{ "type": "Feature", "properties": { "difference_1990_2000": 1047.0, "difference_1990_2010": 624.0, "difference_1990_2020": 155.0 }, "geometry": { "type": "Polygon", "coordinates": [ [ [ -101.371742112482877, 20.669255888132668 ], [ -101.367169638774598, 20.669255888132685 ], [ -101.367169638774598, 20.665101892436613 ], [ -101.371742112482877, 20.665101892436599 ], [ -101.371742112482877, 20.669255888132668 ] ] ] } },
{ "type": "Feature", "properties": { "difference_1990_2000": 930.0, "difference_1990_2010": 1270.0, "difference_1990_2020": 1017.0 }, "geometry": { "type": "Polygon", "coordinates": [ [ [ -101.371742112482877, 20.6941822214871 ], [ -101.367169638774598, 20.694182221487132 ], [ -101.367169638774598, 20.690027551586123 ], [ -101.371742112482877, 20.690027551586123 ], [ -101.371742112482877, 20.6941822214871 ] ] ] } },
{ "type": "Feature", "properties": { "difference_1990_2000": 798.0, "difference_1990_2010": 1000.0, "difference_1990_2020": 952.0 }, "geometry": { "type": "Polygon", "coordinates": [ [ [ -101.371742112482877, 20.656794237792809 ], [ -101.367169638774598, 20.656794237792809 ], [ -101.367169638774598, 20.652640578783458 ], [ -101.371742112482877, 20.652640578783434 ], [ -101.371742112482877, 20.656794237792809 ] ] ] } },
{ "type": "Feature", "properties": { "difference_1990_2000": 43.0, "difference_1990_2010": 44.0, "difference_1990_2020": 46.0 }, "geometry": { "type": "Polygon", "coordinates": [ [ [ -101.371742112482877, 20.59034913650839 ], [ -101.367169638774598, 20.59034913650839 ], [ -101.367169638774598, 20.586197268488448 ], [ -101.371742112482877, 20.586197268488434 ], [ -101.371742112482877, 20.59034913650839 ] ] ] } },
{ "type": "Feature", "properties": { "difference_1990_2000": 0.0, "difference_1990_2010": 0.0, "difference_1990_2020": 193.0 }, "geometry": { "type": "Polygon", "coordinates": [ [ [ -101.371742112482877, 20.823032929390603 ], [ -101.367169638774598, 20.823032929390603 ], [ -101.367169638774598, 20.818874758384158 ], [ -101.371742112482877, 20.818874758384158 ], [ -101.371742112482877, 20.823032929390603 ] ] ] } },
{ "type": "Feature", "properties": { "difference_1990_2000": 2.0, "difference_1990_2010": 46.0, "difference_1990_2020": 27.0 }, "geometry": { "type": "Polygon", "coordinates": [ [ [ -101.371742112482877, 20.648487031941414 ], [ -101.367169638774598, 20.648487031941414 ], [ -101.367169638774598, 20.644333597235992 ], [ -101.371742112482877, 20.644333597236013 ], [ -101.371742112482877, 20.648487031941414 ] ] ] } },
{ "type": "Feature", "properties": { "difference_1990_2000": 162.0, "difference_1990_2010": 406.0, "difference_1990_2020": 342.0 }, "geometry": { "type": "Polygon", "coordinates": [ [ [ -101.371742112482877, 20.681718549086888 ], [ -101.367169638774598, 20.681718549086888 ], [ -101.367169638774598, 20.677564216427005 ], [ -101.371742112482877, 20.677564216426983 ], [ -101.371742112482877, 20.681718549086888 ] ] ] } },
{ "type": "Feature", "properties": { "difference_1990_2000": -410.0, "difference_1990_2010": -888.0, "difference_1990_2020": -1220.0 }, "geometry": { "type": "Polygon", "coordinates": [ [ [ -101.371742112482877, 20.673409996119229 ], [ -101.367169638774598, 20.673409996119229 ], [ -101.367169638774598, 20.669255888132685 ], [ -101.371742112482877, 20.669255888132668 ], [ -101.371742112482877, 20.673409996119229 ] ] ] } },
{ "type": "Feature", "properties": { "difference_1990_2000": 127.0, "difference_1990_2010": 355.0, "difference_1990_2020": 48.0 }, "geometry": { "type": "Polygon", "coordinates": [ [ [ -101.371742112482877, 20.690027551586123 ], [ -101.367169638774598, 20.690027551586123 ], [ -101.367169638774598, 20.685872994129657 ], [ -101.371742112482877, 20.685872994129657 ], [ -101.371742112482877, 20.690027551586123 ] ] ] } },
{ "type": "Feature", "properties": { "difference_1990_2000": 2207.0, "difference_1990_2010": 1888.0, "difference_1990_2020": 1599.0 }, "geometry": { "type": "Polygon", "coordinates": [ [ [ -101.371742112482877, 20.7024918987461 ], [ -101.367169638774598, 20.702491898746068 ], [ -101.367169638774598, 20.698337003863482 ], [ -101.371742112482877, 20.698337003863482 ], [ -101.371742112482877, 20.7024918987461 ] ] ] } },
{ "type": "Feature", "properties": { "difference_1990_2000": 0.0, "difference_1990_2010": 0.0, "difference_1990_2020": 335.0 }, "geometry": { "type": "Polygon", "coordinates": [ [ [ -101.371742112482877, 20.827191213831465 ], [ -101.367169638774598, 20.827191213831426 ], [ -101.367169638774598, 20.823032929390603 ], [ -101.371742112482877, 20.823032929390603 ], [ -101.371742112482877, 20.827191213831465 ] ] ] } },
{ "type": "Feature", "properties": { "difference_1990_2000": 700.0, "difference_1990_2010": 1010.0, "difference_1990_2020": 1025.0 }, "geometry": { "type": "Polygon", "coordinates": [ [ [ -101.371742112482877, 20.652640578783434 ], [ -101.367169638774598, 20.652640578783458 ], [ -101.367169638774598, 20.648487031941414 ], [ -101.371742112482877, 20.648487031941414 ], [ -101.371742112482877, 20.652640578783434 ] ] ] } },
{ "type": "Feature", "properties": { "difference_1990_2000": 2171.0, "difference_1990_2010": 1827.0, "difference_1990_2020": 1230.0 }, "geometry": { "type": "Polygon", "coordinates": [ [ [ -101.371742112482877, 20.665101892436599 ], [ -101.367169638774598, 20.665101892436613 ], [ -101.367169638774598, 20.660948009000261 ], [ -101.371742112482877, 20.660948009000229 ], [ -101.371742112482877, 20.665101892436599 ] ] ] } },
{ "type": "Feature", "properties": { "difference_1990_2000": 122.0, "difference_1990_2010": 595.0, "difference_1990_2020": 689.0 }, "geometry": { "type": "Polygon", "coordinates": [ [ [ -101.371742112482877, 20.714957258739464 ], [ -101.367169638774598, 20.714957258739481 ], [ -101.367169638774598, 20.710802026153207 ], [ -101.371742112482877, 20.710802026153207 ], [ -101.371742112482877, 20.714957258739464 ] ] ] } },
{ "type": "Feature", "properties": { "difference_1990_2000": 31.0, "difference_1990_2010": 295.0, "difference_1990_2020": 193.0 }, "geometry": { "type": "Polygon", "coordinates": [ [ [ -101.371742112482877, 20.731579315689437 ], [ -101.367169638774598, 20.731579315689473 ], [ -101.367169638774598, 20.72742363239945 ], [ -101.371742112482877, 20.72742363239945 ], [ -101.371742112482877, 20.731579315689437 ] ] ] } },
{ "type": "Feature", "properties": { "difference_1990_2000": 0.0, "difference_1990_2010": 0.0, "difference_1990_2020": 341.0 }, "geometry": { "type": "Polygon", "coordinates": [ [ [ -101.362597165066305, 20.723268061831735 ], [ -101.358024691358025, 20.723268061831735 ], [ -101.358024691358025, 20.719112603955377 ], [ -101.362597165066305, 20.719112603955342 ], [ -101.362597165066305, 20.723268061831735 ] ] ] } },
{ "type": "Feature", "properties": { "difference_1990_2000": 234.0, "difference_1990_2010": 394.0, "difference_1990_2020": 444.0 }, "geometry": { "type": "Polygon", "coordinates": [ [ [ -101.362597165066305, 20.706646906165659 ], [ -101.358024691358025, 20.706646906165709 ], [ -101.358024691358025, 20.702491898746068 ], [ -101.362597165066305, 20.702491898746068 ], [ -101.362597165066305, 20.706646906165659 ] ] ] } },
{ "type": "Feature", "properties": { "difference_1990_2000": -1190.0, "difference_1990_2010": -1194.0, "difference_1990_2020": -1229.0 }, "geometry": { "type": "Polygon", "coordinates": [ [ [ -101.362597165066305, 20.685872994129657 ], [ -101.358024691358025, 20.685872994129657 ], [ -101.358024691358025, 20.681718549086888 ], [ -101.362597165066305, 20.681718549086856 ], [ -101.362597165066305, 20.685872994129657 ] ] ] } },
{ "type": "Feature", "properties": { "difference_1990_2000": 256.0, "difference_1990_2010": 389.0, "difference_1990_2020": 396.0 }, "geometry": { "type": "Polygon", "coordinates": [ [ [ -101.362597165066305, 20.698337003863482 ], [ -101.358024691358025, 20.698337003863482 ], [ -101.358024691358025, 20.694182221487132 ], [ -101.362597165066305, 20.694182221487132 ], [ -101.362597165066305, 20.698337003863482 ] ] ] } },
{ "type": "Feature", "properties": { "difference_1990_2000": 2.0, "difference_1990_2010": 9.0, "difference_1990_2020": 225.0 }, "geometry": { "type": "Polygon", "coordinates": [ [ [ -101.362597165066305, 20.719112603955342 ], [ -101.358024691358025, 20.719112603955342 ], [ -101.358024691358025, 20.714957258739481 ], [ -101.362597165066305, 20.714957258739464 ], [ -101.362597165066305, 20.719112603955342 ] ] ] } },
{ "type": "Feature", "properties": { "difference_1990_2000": 1154.0, "difference_1990_2010": 1289.0, "difference_1990_2020": 930.0 }, "geometry": { "type": "Polygon", "coordinates": [ [ [ -101.362597165066305, 20.660948009000261 ], [ -101.358024691358025, 20.660948009000261 ], [ -101.358024691358025, 20.656794237792809 ], [ -101.362597165066305, 20.656794237792809 ], [ -101.362597165066305, 20.660948009000261 ] ] ] } },
{ "type": "Feature", "properties": { "difference_1990_2000": 924.0, "difference_1990_2010": 1505.0, "difference_1990_2020": 1839.0 }, "geometry": { "type": "Polygon", "coordinates": [ [ [ -101.362597165066305, 20.710802026153207 ], [ -101.358024691358025, 20.710802026153207 ], [ -101.358024691358025, 20.706646906165709 ], [ -101.362597165066305, 20.706646906165659 ], [ -101.362597165066305, 20.710802026153207 ] ] ] } },
{ "type": "Feature", "properties": { "difference_1990_2000": 0.0, "difference_1990_2010": 0.0, "difference_1990_2020": 82.0 }, "geometry": { "type": "Polygon", "coordinates": [ [ [ -101.362597165066305, 20.72742363239945 ], [ -101.358024691358025, 20.72742363239945 ], [ -101.358024691358025, 20.723268061831735 ], [ -101.362597165066305, 20.723268061831735 ], [ -101.362597165066305, 20.72742363239945 ] ] ] } },
{ "type": "Feature", "properties": { "difference_1990_2000": -456.0, "difference_1990_2010": -815.0, "difference_1990_2020": -1127.0 }, "geometry": { "type": "Polygon", "coordinates": [ [ [ -101.362597165066305, 20.677564216426983 ], [ -101.358024691358025, 20.677564216427037 ], [ -101.358024691358025, 20.673409996119229 ], [ -101.362597165066305, 20.673409996119194 ], [ -101.362597165066305, 20.677564216426983 ] ] ] } },
{ "type": "Feature", "properties": { "difference_1990_2000": -934.0, "difference_1990_2010": -1350.0, "difference_1990_2020": -1576.0 }, "geometry": { "type": "Polygon", "coordinates": [ [ [ -101.362597165066305, 20.669255888132668 ], [ -101.358024691358025, 20.669255888132685 ], [ -101.358024691358025, 20.665101892436613 ], [ -101.362597165066305, 20.665101892436599 ], [ -101.362597165066305, 20.669255888132668 ] ] ] } },
{ "type": "Feature", "properties": { "difference_1990_2000": 2263.0, "difference_1990_2010": 2744.0, "difference_1990_2020": 2477.0 }, "geometry": { "type": "Polygon", "coordinates": [ [ [ -101.362597165066305, 20.656794237792809 ], [ -101.358024691358025, 20.656794237792809 ], [ -101.358024691358025, 20.652640578783458 ], [ -101.362597165066305, 20.652640578783458 ], [ -101.362597165066305, 20.656794237792809 ] ] ] } },
{ "type": "Feature", "properties": { "difference_1990_2000": 328.0, "difference_1990_2010": 327.0, "difference_1990_2020": 203.0 }, "geometry": { "type": "Polygon", "coordinates": [ [ [ -101.362597165066305, 20.694182221487132 ], [ -101.358024691358025, 20.694182221487132 ], [ -101.358024691358025, 20.690027551586123 ], [ -101.362597165066305, 20.690027551586123 ], [ -101.362597165066305, 20.694182221487132 ] ] ] } },
{ "type": "Feature", "properties": { "difference_1990_2000": 272.0, "difference_1990_2010": 77.0, "difference_1990_2020": -131.0 }, "geometry": { "type": "Polygon", "coordinates": [ [ [ -101.362597165066305, 20.681718549086856 ], [ -101.358024691358025, 20.681718549086888 ], [ -101.358024691358025, 20.677564216427037 ], [ -101.362597165066305, 20.677564216426983 ], [ -101.362597165066305, 20.681718549086856 ] ] ] } },
{ "type": "Feature", "properties": { "difference_1990_2000": 6.0, "difference_1990_2010": 41.0, "difference_1990_2020": 164.0 }, "geometry": { "type": "Polygon", "coordinates": [ [ [ -101.362597165066305, 20.648487031941468 ], [ -101.358024691358025, 20.648487031941468 ], [ -101.358024691358025, 20.644333597236013 ], [ -101.362597165066305, 20.644333597236013 ], [ -101.362597165066305, 20.648487031941468 ] ] ] } },
{ "type": "Feature", "properties": { "difference_1990_2000": -576.0, "difference_1990_2010": -1077.0, "difference_1990_2020": -1400.0 }, "geometry": { "type": "Polygon", "coordinates": [ [ [ -101.362597165066305, 20.673409996119194 ], [ -101.358024691358025, 20.673409996119229 ], [ -101.358024691358025, 20.669255888132685 ], [ -101.362597165066305, 20.669255888132668 ], [ -101.362597165066305, 20.673409996119194 ] ] ] } },
{ "type": "Feature", "properties": { "difference_1990_2000": 0.0, "difference_1990_2010": 1.0, "difference_1990_2020": 6.0 }, "geometry": { "type": "Polygon", "coordinates": [ [ [ -101.362597165066305, 20.644333597236013 ], [ -101.358024691358025, 20.644333597236013 ], [ -101.358024691358025, 20.640180274636439 ], [ -101.362597165066305, 20.640180274636418 ], [ -101.362597165066305, 20.644333597236013 ] ] ] } },
{ "type": "Feature", "properties": { "difference_1990_2000": 115.0, "difference_1990_2010": 203.0, "difference_1990_2020": 173.0 }, "geometry": { "type": "Polygon", "coordinates": [ [ [ -101.362597165066305, 20.702491898746068 ], [ -101.358024691358025, 20.702491898746068 ], [ -101.358024691358025, 20.698337003863482 ], [ -101.362597165066305, 20.698337003863482 ], [ -101.362597165066305, 20.702491898746068 ] ] ] } },
{ "type": "Feature", "properties": { "difference_1990_2000": -82.0, "difference_1990_2010": -143.0, "difference_1990_2020": -348.0 }, "geometry": { "type": "Polygon", "coordinates": [ [ [ -101.362597165066305, 20.690027551586123 ], [ -101.358024691358025, 20.690027551586123 ], [ -101.358024691358025, 20.685872994129657 ], [ -101.362597165066305, 20.685872994129657 ], [ -101.362597165066305, 20.690027551586123 ] ] ] } },
{ "type": "Feature", "properties": { "difference_1990_2000": -886.0, "difference_1990_2010": -905.0, "difference_1990_2020": -1090.0 }, "geometry": { "type": "Polygon", "coordinates": [ [ [ -101.362597165066305, 20.665101892436599 ], [ -101.358024691358025, 20.665101892436613 ], [ -101.358024691358025, 20.660948009000261 ], [ -101.362597165066305, 20.660948009000261 ], [ -101.362597165066305, 20.665101892436599 ] ] ] } },
{ "type": "Feature", "properties": { "difference_1990_2000": 1494.0, "difference_1990_2010": 1880.0, "difference_1990_2020": 1720.0 }, "geometry": { "type": "Polygon", "coordinates": [ [ [ -101.362597165066305, 20.652640578783458 ], [ -101.358024691358025, 20.652640578783458 ], [ -101.358024691358025, 20.648487031941468 ], [ -101.362597165066305, 20.648487031941468 ], [ -101.362597165066305, 20.652640578783458 ] ] ] } },
{ "type": "Feature", "properties": { "difference_1990_2000": 259.0, "difference_1990_2010": 755.0, "difference_1990_2020": 905.0 }, "geometry": { "type": "Polygon", "coordinates": [ [ [ -101.362597165066305, 20.714957258739464 ], [ -101.358024691358025, 20.714957258739481 ], [ -101.358024691358025, 20.710802026153207 ], [ -101.362597165066305, 20.710802026153207 ], [ -101.362597165066305, 20.714957258739464 ] ] ] } },
{ "type": "Feature", "properties": { "difference_1990_2000": 0.0, "difference_1990_2010": 0.0, "difference_1990_2020": 214.0 }, "geometry": { "type": "Polygon", "coordinates": [ [ [ -101.353452217649746, 20.723268061831735 ], [ -101.348879743941467, 20.723268061831714 ], [ -101.348879743941467, 20.719112603955377 ], [ -101.353452217649746, 20.719112603955377 ], [ -101.353452217649746, 20.723268061831735 ] ] ] } },
{ "type": "Feature", "properties": { "difference_1990_2000": 0.0, "difference_1990_2010": 0.0, "difference_1990_2020": 114.0 }, "geometry": { "type": "Polygon", "coordinates": [ [ [ -101.353452217649746, 20.606957725960545 ], [ -101.348879743941467, 20.606957725960523 ], [ -101.348879743941467, 20.602805410930266 ], [ -101.353452217649746, 20.602805410930266 ], [ -101.353452217649746, 20.606957725960545 ] ] ] } },
{ "type": "Feature", "properties": { "difference_1990_2000": -875.0, "difference_1990_2010": -1353.0, "difference_1990_2020": -1704.0 }, "geometry": { "type": "Polygon", "coordinates": [ [ [ -101.353452217649746, 20.685872994129657 ], [ -101.348879743941467, 20.685872994129657 ], [ -101.348879743941467, 20.681718549086888 ], [ -101.353452217649746, 20.681718549086888 ], [ -101.353452217649746, 20.685872994129657 ] ] ] } },
{ "type": "Feature", "properties": { "difference_1990_2000": 0.0, "difference_1990_2010": 0.0, "difference_1990_2020": 74.0 }, "geometry": { "type": "Polygon", "coordinates": [ [ [ -101.353452217649746, 20.602805410930266 ], [ -101.348879743941467, 20.602805410930266 ], [ -101.348879743941467, 20.598653207698604 ], [ -101.353452217649746, 20.598653207698643 ], [ -101.353452217649746, 20.602805410930266 ] ] ] } },
{ "type": "Feature", "properties": { "difference_1990_2000": 2.0, "difference_1990_2010": -22.0, "difference_1990_2020": -48.0 }, "geometry": { "type": "Polygon", "coordinates": [ [ [ -101.353452217649746, 20.706646906165695 ], [ -101.348879743941467, 20.706646906165695 ], [ -101.348879743941467, 20.7024918987461 ], [ -101.353452217649746, 20.702491898746068 ], [ -101.353452217649746, 20.706646906165695 ] ] ] } },
{ "type": "Feature", "properties": { "difference_1990_2000": -68.0, "difference_1990_2010": -172.0, "difference_1990_2020": -223.0 }, "geometry": { "type": "Polygon", "coordinates": [ [ [ -101.353452217649746, 20.698337003863482 ], [ -101.348879743941467, 20.698337003863518 ], [ -101.348879743941467, 20.694182221487132 ], [ -101.353452217649746, 20.694182221487132 ], [ -101.353452217649746, 20.698337003863482 ] ] ] } },
{ "type": "Feature", "properties": { "difference_1990_2000": 0.0, "difference_1990_2010": 111.0, "difference_1990_2020": 897.0 }, "geometry": { "type": "Polygon", "coordinates": [ [ [ -101.353452217649746, 20.719112603955342 ], [ -101.348879743941467, 20.719112603955342 ], [ -101.348879743941467, 20.714957258739481 ], [ -101.353452217649746, 20.714957258739481 ], [ -101.353452217649746, 20.719112603955342 ] ] ] } },
{ "type": "Feature", "properties": { "difference_1990_2000": 69.0, "difference_1990_2010": 60.0, "difference_1990_2020": 133.0 }, "geometry": { "type": "Polygon", "coordinates": [ [ [ -101.353452217649746, 20.710802026153207 ], [ -101.348879743941467, 20.710802026153207 ], [ -101.348879743941467, 20.706646906165695 ], [ -101.353452217649746, 20.706646906165695 ], [ -101.353452217649746, 20.710802026153207 ] ] ] } },
{ "type": "Feature", "properties": { "difference_1990_2000": -71.0, "difference_1990_2010": -448.0, "difference_1990_2020": -964.0 }, "geometry": { "type": "Polygon", "coordinates": [ [ [ -101.353452217649746, 20.660948009000283 ], [ -101.348879743941467, 20.660948009000261 ], [ -101.348879743941467, 20.656794237792809 ], [ -101.353452217649746, 20.656794237792809 ], [ -101.353452217649746, 20.660948009000283 ] ] ] } },
{ "type": "Feature", "properties": { "difference_1990_2000": -903.0, "difference_1990_2010": -1498.0, "difference_1990_2020": -1782.0 }, "geometry": { "type": "Polygon", "coordinates": [ [ [ -101.353452217649746, 20.677564216426983 ], [ -101.348879743941467, 20.677564216426983 ], [ -101.348879743941467, 20.673409996119194 ], [ -101.353452217649746, 20.673409996119194 ], [ -101.353452217649746, 20.677564216426983 ] ] ] } },
{ "type": "Feature", "properties": { "difference_1990_2000": 298.0, "difference_1990_2010": -35.0, "difference_1990_2020": -476.0 }, "geometry": { "type": "Polygon", "coordinates": [ [ [ -101.353452217649746, 20.669255888132668 ], [ -101.348879743941467, 20.669255888132668 ], [ -101.348879743941467, 20.665101892436599 ], [ -101.353452217649746, 20.665101892436613 ], [ -101.353452217649746, 20.669255888132668 ] ] ] } },
{ "type": "Feature", "properties": { "difference_1990_2000": 2053.0, "difference_1990_2010": 1740.0, "difference_1990_2020": 1361.0 }, "geometry": { "type": "Polygon", "coordinates": [ [ [ -101.353452217649746, 20.656794237792809 ], [ -101.348879743941467, 20.656794237792809 ], [ -101.348879743941467, 20.652640578783458 ], [ -101.353452217649746, 20.652640578783458 ], [ -101.353452217649746, 20.656794237792809 ] ] ] } },
{ "type": "Feature", "properties": { "difference_1990_2000": -263.0, "difference_1990_2010": -548.0, "difference_1990_2020": -661.0 }, "geometry": { "type": "Polygon", "coordinates": [ [ [ -101.353452217649746, 20.694182221487132 ], [ -101.348879743941467, 20.694182221487132 ], [ -101.348879743941467, 20.690027551586123 ], [ -101.353452217649746, 20.690027551586123 ], [ -101.353452217649746, 20.694182221487132 ] ] ] } },
{ "type": "Feature", "properties": { "difference_1990_2000": -436.0, "difference_1990_2010": -1004.0, "difference_1990_2020": -1397.0 }, "geometry": { "type": "Polygon", "coordinates": [ [ [ -101.353452217649746, 20.681718549086888 ], [ -101.348879743941467, 20.681718549086888 ], [ -101.348879743941467, 20.677564216426983 ], [ -101.353452217649746, 20.677564216426983 ], [ -101.353452217649746, 20.681718549086888 ] ] ] } },
{ "type": "Feature", "properties": { "difference_1990_2000": -423.0, "difference_1990_2010": -941.0, "difference_1990_2020": -1266.0 }, "geometry": { "type": "Polygon", "coordinates": [ [ [ -101.353452217649746, 20.673409996119194 ], [ -101.348879743941467, 20.673409996119194 ], [ -101.348879743941467, 20.669255888132668 ], [ -101.353452217649746, 20.669255888132668 ], [ -101.353452217649746, 20.673409996119194 ] ] ] } },
{ "type": "Feature", "properties": { "difference_1990_2000": 29.0, "difference_1990_2010": -40.0, "difference_1990_2020": -49.0 }, "geometry": { "type": "Polygon", "coordinates": [ [ [ -101.353452217649746, 20.702491898746068 ], [ -101.348879743941467, 20.7024918987461 ], [ -101.348879743941467, 20.698337003863518 ], [ -101.353452217649746, 20.698337003863482 ], [ -101.353452217649746, 20.702491898746068 ] ] ] } },
{ "type": "Feature", "properties": { "difference_1990_2000": -298.0, "difference_1990_2010": -531.0, "difference_1990_2020": -680.0 }, "geometry": { "type": "Polygon", "coordinates": [ [ [ -101.353452217649746, 20.690027551586123 ], [ -101.348879743941467, 20.690027551586123 ], [ -101.348879743941467, 20.685872994129657 ], [ -101.353452217649746, 20.685872994129657 ], [ -101.353452217649746, 20.690027551586123 ] ] ] } },
{ "type": "Feature", "properties": { "difference_1990_2000": 259.0, "difference_1990_2010": 224.0, "difference_1990_2020": 179.0 }, "geometry": { "type": "Polygon", "coordinates": [ [ [ -101.353452217649746, 20.652640578783458 ], [ -101.348879743941467, 20.652640578783458 ], [ -101.348879743941467, 20.648487031941414 ], [ -101.353452217649746, 20.648487031941446 ], [ -101.353452217649746, 20.652640578783458 ] ] ] } },
{ "type": "Feature", "properties": { "difference_1990_2000": -566.0, "difference_1990_2010": -871.0, "difference_1990_2020": -1282.0 }, "geometry": { "type": "Polygon", "coordinates": [ [ [ -101.353452217649746, 20.665101892436613 ], [ -101.348879743941467, 20.665101892436599 ], [ -101.348879743941467, 20.660948009000261 ], [ -101.353452217649746, 20.660948009000283 ], [ -101.353452217649746, 20.665101892436613 ] ] ] } },
{ "type": "Feature", "properties": { "difference_1990_2000": 0.0, "difference_1990_2010": 177.0, "difference_1990_2020": 456.0 }, "geometry": { "type": "Polygon", "coordinates": [ [ [ -101.353452217649746, 20.714957258739481 ], [ -101.348879743941467, 20.714957258739481 ], [ -101.348879743941467, 20.710802026153207 ], [ -101.353452217649746, 20.710802026153207 ], [ -101.353452217649746, 20.714957258739481 ] ] ] } },
{ "type": "Feature", "properties": { "difference_1990_2000": 0.0, "difference_1990_2010": 0.0, "difference_1990_2020": 184.0 }, "geometry": { "type": "Polygon", "coordinates": [ [ [ -101.344307270233216, 20.723268061831735 ], [ -101.339734796524937, 20.723268061831735 ], [ -101.339734796524937, 20.719112603955377 ], [ -101.344307270233216, 20.719112603955377 ], [ -101.344307270233216, 20.723268061831735 ] ] ] } },
{ "type": "Feature", "properties": { "difference_1990_2000": 145.0, "difference_1990_2010": 266.0, "difference_1990_2020": 232.0 }, "geometry": { "type": "Polygon", "coordinates": [ [ [ -101.344307270233216, 20.598653207698643 ], [ -101.339734796524937, 20.598653207698643 ], [ -101.339734796524937, 20.594501116234913 ], [ -101.344307270233216, 20.594501116234913 ], [ -101.344307270233216, 20.598653207698643 ] ] ] } },
{ "type": "Feature", "properties": { "difference_1990_2000": 394.0, "difference_1990_2010": 505.0, "difference_1990_2020": 626.0 }, "geometry": { "type": "Polygon", "coordinates": [ [ [ -101.344307270233216, 20.764828843718593 ], [ -101.339734796524937, 20.764828843718593 ], [ -101.339734796524937, 20.760672257537973 ], [ -101.344307270233216, 20.760672257537973 ], [ -101.344307270233216, 20.764828843718593 ] ] ] } },
{ "type": "Feature", "properties": { "difference_1990_2000": 0.0, "difference_1990_2010": 0.0, "difference_1990_2020": 172.0 }, "geometry": { "type": "Polygon", "coordinates": [ [ [ -101.344307270233216, 20.735735111732602 ], [ -101.339734796524937, 20.735735111732602 ], [ -101.339734796524937, 20.731579315689473 ], [ -101.344307270233216, 20.731579315689473 ], [ -101.344307270233216, 20.735735111732602 ] ] ] } },
{ "type": "Feature", "properties": { "difference_1990_2000": -207.0, "difference_1990_2010": -309.0, "difference_1990_2020": -471.0 }, "geometry": { "type": "Polygon", "coordinates": [ [ [ -101.344307270233216, 20.685872994129657 ], [ -101.339734796524937, 20.685872994129657 ], [ -101.339734796524937, 20.681718549086888 ], [ -101.344307270233216, 20.681718549086888 ], [ -101.344307270233216, 20.685872994129657 ] ] ] } },
{ "type": "Feature", "properties": { "difference_1990_2000": 243.0, "difference_1990_2010": 452.0, "difference_1990_2020": 390.0 }, "geometry": { "type": "Polygon", "coordinates": [ [ [ -101.344307270233216, 20.602805410930266 ], [ -101.339734796524937, 20.602805410930291 ], [ -101.339734796524937, 20.598653207698643 ], [ -101.344307270233216, 20.598653207698643 ], [ -101.344307270233216, 20.602805410930266 ] ] ] } },
{ "type": "Feature", "properties": { "difference_1990_2000": 12.0, "difference_1990_2010": 739.0, "difference_1990_2020": 739.0 }, "geometry": { "type": "Polygon", "coordinates": [ [ [ -101.344307270233216, 20.706646906165709 ], [ -101.339734796524937, 20.706646906165695 ], [ -101.339734796524937, 20.702491898746068 ], [ -101.344307270233216, 20.702491898746068 ], [ -101.344307270233216, 20.706646906165709 ] ] ] } },
{ "type": "Feature", "properties": { "difference_1990_2000": 56.0, "difference_1990_2010": 348.0, "difference_1990_2020": 377.0 }, "geometry": { "type": "Polygon", "coordinates": [ [ [ -101.344307270233216, 20.698337003863482 ], [ -101.339734796524937, 20.698337003863482 ], [ -101.339734796524937, 20.694182221487132 ], [ -101.344307270233216, 20.69418222148715 ], [ -101.344307270233216, 20.698337003863482 ] ] ] } },
{ "type": "Feature", "properties": { "difference_1990_2000": 0.0, "difference_1990_2010": 0.0, "difference_1990_2020": 5.0 }, "geometry": { "type": "Polygon", "coordinates": [ [ [ -101.344307270233216, 20.719112603955342 ], [ -101.339734796524937, 20.719112603955342 ], [ -101.339734796524937, 20.714957258739481 ], [ -101.344307270233216, 20.714957258739481 ], [ -101.344307270233216, 20.719112603955342 ] ] ] } },
{ "type": "Feature", "properties": { "difference_1990_2000": 486.0, "difference_1990_2010": 88.0, "difference_1990_2020": -268.0 }, "geometry": { "type": "Polygon", "coordinates": [ [ [ -101.344307270233216, 20.660948009000261 ], [ -101.339734796524937, 20.660948009000261 ], [ -101.339734796524937, 20.656794237792809 ], [ -101.344307270233216, 20.656794237792809 ], [ -101.344307270233216, 20.660948009000261 ] ] ] } },
{ "type": "Feature", "properties": { "difference_1990_2000": 0.0, "difference_1990_2010": 359.0, "difference_1990_2020": 585.0 }, "geometry": { "type": "Polygon", "coordinates": [ [ [ -101.344307270233216, 20.710802026153207 ], [ -101.339734796524937, 20.710802026153207 ], [ -101.339734796524937, 20.706646906165695 ], [ -101.344307270233216, 20.706646906165709 ], [ -101.344307270233216, 20.710802026153207 ] ] ] } },
{ "type": "Feature", "properties": { "difference_1990_2000": 0.0, "difference_1990_2010": 0.0, "difference_1990_2020": 549.0 }, "geometry": { "type": "Polygon", "coordinates": [ [ [ -101.344307270233216, 20.72742363239945 ], [ -101.339734796524937, 20.72742363239945 ], [ -101.339734796524937, 20.723268061831735 ], [ -101.344307270233216, 20.723268061831735 ], [ -101.344307270233216, 20.72742363239945 ] ] ] } },
{ "type": "Feature", "properties": { "difference_1990_2000": 0.0, "difference_1990_2010": 97.0, "difference_1990_2020": 174.0 }, "geometry": { "type": "Polygon", "coordinates": [ [ [ -101.344307270233216, 20.636027064111921 ], [ -101.339734796524937, 20.636027064111921 ], [ -101.339734796524937, 20.631873965631726 ], [ -101.344307270233216, 20.631873965631726 ], [ -101.344307270233216, 20.636027064111921 ] ] ] } },
{ "type": "Feature", "properties": { "difference_1990_2000": -547.0, "difference_1990_2010": -916.0, "difference_1990_2020": -1137.0 }, "geometry": { "type": "Polygon", "coordinates": [ [ [ -101.344307270233216, 20.677564216426983 ], [ -101.339734796524937, 20.677564216427005 ], [ -101.339734796524937, 20.673409996119229 ], [ -101.344307270233216, 20.673409996119194 ], [ -101.344307270233216, 20.677564216426983 ] ] ] } },
{ "type": "Feature", "properties": { "difference_1990_2000": -520.0, "difference_1990_2010": -735.0, "difference_1990_2020": -927.0 }, "geometry": { "type": "Polygon", "coordinates": [ [ [ -101.344307270233216, 20.669255888132668 ], [ -101.339734796524937, 20.669255888132685 ], [ -101.339734796524937, 20.665101892436613 ], [ -101.344307270233216, 20.665101892436599 ], [ -101.344307270233216, 20.669255888132668 ] ] ] } },
{ "type": "Feature", "properties": { "difference_1990_2000": 608.0, "difference_1990_2010": 573.0, "difference_1990_2020": 511.0 }, "geometry": { "type": "Polygon", "coordinates": [ [ [ -101.344307270233216, 20.656794237792809 ], [ -101.339734796524937, 20.656794237792809 ], [ -101.339734796524937, 20.652640578783458 ], [ -101.344307270233216, 20.652640578783473 ], [ -101.344307270233216, 20.656794237792809 ] ] ] } },
{ "type": "Feature", "properties": { "difference_1990_2000": 0.0, "difference_1990_2010": 0.0, "difference_1990_2020": 12.0 }, "geometry": { "type": "Polygon", "coordinates": [ [ [ -101.344307270233216, 20.739891020559728 ], [ -101.339734796524937, 20.739891020559728 ], [ -101.339734796524937, 20.735735111732602 ], [ -101.344307270233216, 20.735735111732602 ], [ -101.344307270233216, 20.739891020559728 ] ] ] } },
{ "type": "Feature", "properties": { "difference_1990_2000": -23.0, "difference_1990_2010": 151.0, "difference_1990_2020": 136.0 }, "geometry": { "type": "Polygon", "coordinates": [ [ [ -101.344307270233216, 20.69418222148715 ], [ -101.339734796524937, 20.694182221487132 ], [ -101.339734796524937, 20.690027551586123 ], [ -101.344307270233216, 20.690027551586159 ], [ -101.344307270233216, 20.69418222148715 ] ] ] } },
{ "type": "Feature", "properties": { "difference_1990_2000": 211.0, "difference_1990_2010": 727.0, "difference_1990_2020": 1048.0 }, "geometry": { "type": "Polygon", "coordinates": [ [ [ -101.344307270233216, 20.648487031941446 ], [ -101.339734796524937, 20.648487031941468 ], [ -101.339734796524937, 20.644333597236013 ], [ -101.344307270233216, 20.644333597236045 ], [ -101.344307270233216, 20.648487031941446 ] ] ] } },
{ "type": "Feature", "properties": { "difference_1990_2000": 77.0, "difference_1990_2010": 84.0, "difference_1990_2020": 93.0 }, "geometry": { "type": "Polygon", "coordinates": [ [ [ -101.344307270233216, 20.777299280387133 ], [ -101.339734796524937, 20.777299280387119 ], [ -101.339734796524937, 20.773142355112174 ], [ -101.344307270233216, 20.773142355112206 ], [ -101.344307270233216, 20.777299280387133 ] ] ] } },
{ "type": "Feature", "properties": { "difference_1990_2000": 0.0, "difference_1990_2010": 183.0, "difference_1990_2020": 369.0 }, "geometry": { "type": "Polygon", "coordinates": [ [ [ -101.344307270233216, 20.640180274636439 ], [ -101.339734796524937, 20.640180274636439 ], [ -101.339734796524937, 20.636027064111921 ], [ -101.344307270233216, 20.636027064111921 ], [ -101.344307270233216, 20.640180274636439 ] ] ] } },
{ "type": "Feature", "properties": { "difference_1990_2000": -253.0, "difference_1990_2010": -512.0, "difference_1990_2020": -697.0 }, "geometry": { "type": "Polygon", "coordinates": [ [ [ -101.344307270233216, 20.681718549086888 ], [ -101.339734796524937, 20.681718549086888 ], [ -101.339734796524937, 20.677564216427005 ], [ -101.344307270233216, 20.677564216426983 ], [ -101.344307270233216, 20.681718549086888 ] ] ] } },
{ "type": "Feature", "properties": { "difference_1990_2000": 57.0, "difference_1990_2010": 58.0, "difference_1990_2020": 139.0 }, "geometry": { "type": "Polygon", "coordinates": [ [ [ -101.344307270233216, 20.760672257537973 ], [ -101.339734796524937, 20.760672257537973 ], [ -101.339734796524937, 20.75651578432694 ], [ -101.344307270233216, 20.75651578432694 ], [ -101.344307270233216, 20.760672257537973 ] ] ] } },
{ "type": "Feature", "properties": { "difference_1990_2000": -795.0, "difference_1990_2010": -1305.0, "difference_1990_2020": -1429.0 }, "geometry": { "type": "Polygon", "coordinates": [ [ [ -101.344307270233216, 20.673409996119194 ], [ -101.339734796524937, 20.673409996119229 ], [ -101.339734796524937, 20.669255888132685 ], [ -101.344307270233216, 20.669255888132668 ], [ -101.344307270233216, 20.673409996119194 ] ] ] } },
{ "type": "Feature", "properties": { "difference_1990_2000": 58.0, "difference_1990_2010": 396.0, "difference_1990_2020": 352.0 }, "geometry": { "type": "Polygon", "coordinates": [ [ [ -101.344307270233216, 20.702491898746068 ], [ -101.339734796524937, 20.702491898746068 ], [ -101.339734796524937, 20.698337003863482 ], [ -101.344307270233216, 20.698337003863482 ], [ -101.344307270233216, 20.702491898746068 ] ] ] } },
{ "type": "Feature", "properties": { "difference_1990_2000": 34.0, "difference_1990_2010": 138.0, "difference_1990_2020": 273.0 }, "geometry": { "type": "Polygon", "coordinates": [ [ [ -101.344307270233216, 20.644333597236045 ], [ -101.339734796524937, 20.644333597236013 ], [ -101.339734796524937, 20.640180274636439 ], [ -101.344307270233216, 20.640180274636439 ], [ -101.344307270233216, 20.644333597236045 ] ] ] } },
{ "type": "Feature", "properties": { "difference_1990_2000": -206.0, "difference_1990_2010": 184.0, "difference_1990_2020": 8.0 }, "geometry": { "type": "Polygon", "coordinates": [ [ [ -101.344307270233216, 20.690027551586159 ], [ -101.339734796524937, 20.690027551586123 ], [ -101.339734796524937, 20.685872994129657 ], [ -101.344307270233216, 20.685872994129657 ], [ -101.344307270233216, 20.690027551586159 ] ] ] } },
{ "type": "Feature", "properties": { "difference_1990_2000": 734.0, "difference_1990_2010": 840.0, "difference_1990_2020": 945.0 }, "geometry": { "type": "Polygon", "coordinates": [ [ [ -101.344307270233216, 20.768985542899653 ], [ -101.339734796524937, 20.768985542899653 ], [ -101.339734796524937, 20.764828843718593 ], [ -101.344307270233216, 20.764828843718593 ], [ -101.344307270233216, 20.768985542899653 ] ] ] } },
{ "type": "Feature", "properties": { "difference_1990_2000": -165.0, "difference_1990_2010": -519.0, "difference_1990_2020": -922.0 }, "geometry": { "type": "Polygon", "coordinates": [ [ [ -101.344307270233216, 20.665101892436599 ], [ -101.339734796524937, 20.665101892436613 ], [ -101.339734796524937, 20.660948009000261 ], [ -101.344307270233216, 20.660948009000261 ], [ -101.344307270233216, 20.665101892436599 ] ] ] } },
{ "type": "Feature", "properties": { "difference_1990_2000": 354.0, "difference_1990_2010": 612.0, "difference_1990_2020": 764.0 }, "geometry": { "type": "Polygon", "coordinates": [ [ [ -101.344307270233216, 20.652640578783473 ], [ -101.339734796524937, 20.652640578783458 ], [ -101.339734796524937, 20.648487031941468 ], [ -101.344307270233216, 20.648487031941446 ], [ -101.344307270233216, 20.652640578783473 ] ] ] } },
{ "type": "Feature", "properties": { "difference_1990_2000": 0.0, "difference_1990_2010": 7.0, "difference_1990_2020": 18.0 }, "geometry": { "type": "Polygon", "coordinates": [ [ [ -101.344307270233216, 20.714957258739481 ], [ -101.339734796524937, 20.714957258739481 ], [ -101.339734796524937, 20.710802026153207 ], [ -101.344307270233216, 20.710802026153207 ], [ -101.344307270233216, 20.714957258739481 ] ] ] } },
{ "type": "Feature", "properties": { "difference_1990_2000": 0.0, "difference_1990_2010": 0.0, "difference_1990_2020": 413.0 }, "geometry": { "type": "Polygon", "coordinates": [ [ [ -101.344307270233216, 20.731579315689473 ], [ -101.339734796524937, 20.731579315689473 ], [ -101.339734796524937, 20.72742363239945 ], [ -101.344307270233216, 20.72742363239945 ], [ -101.344307270233216, 20.731579315689473 ] ] ] } },
{ "type": "Feature", "properties": { "difference_1990_2000": 758.0, "difference_1990_2010": 829.0, "difference_1990_2020": 917.0 }, "geometry": { "type": "Polygon", "coordinates": [ [ [ -101.344307270233216, 20.773142355112206 ], [ -101.339734796524937, 20.773142355112174 ], [ -101.339734796524937, 20.768985542899653 ], [ -101.344307270233216, 20.768985542899653 ], [ -101.344307270233216, 20.773142355112206 ] ] ] } },
{ "type": "Feature", "properties": { "difference_1990_2000": 260.0, "difference_1990_2010": 346.0, "difference_1990_2020": 456.0 }, "geometry": { "type": "Polygon", "coordinates": [ [ [ -101.335162322816657, 20.598653207698604 ], [ -101.330589849108364, 20.598653207698643 ], [ -101.330589849108364, 20.594501116234881 ], [ -101.335162322816657, 20.594501116234863 ], [ -101.335162322816657, 20.598653207698604 ] ] ] } },
{ "type": "Feature", "properties": { "difference_1990_2000": 108.0, "difference_1990_2010": 67.0, "difference_1990_2020": 203.0 }, "geometry": { "type": "Polygon", "coordinates": [ [ [ -101.335162322816657, 20.594501116234863 ], [ -101.330589849108364, 20.594501116234881 ], [ -101.330589849108364, 20.590349136508372 ], [ -101.335162322816657, 20.59034913650839 ], [ -101.335162322816657, 20.594501116234863 ] ] ] } },
{ "type": "Feature", "properties": { "difference_1990_2000": 33.0, "difference_1990_2010": 212.0, "difference_1990_2020": 59.0 }, "geometry": { "type": "Polygon", "coordinates": [ [ [ -101.335162322816657, 20.764828843718579 ], [ -101.330589849108364, 20.764828843718579 ], [ -101.330589849108364, 20.760672257537973 ], [ -101.335162322816657, 20.760672257537973 ], [ -101.335162322816657, 20.764828843718579 ] ] ] } },
{ "type": "Feature", "properties": { "difference_1990_2000": 681.0, "difference_1990_2010": 941.0, "difference_1990_2020": 1220.0 }, "geometry": { "type": "Polygon", "coordinates": [ [ [ -101.335162322816657, 20.685872994129657 ], [ -101.330589849108364, 20.685872994129657 ], [ -101.330589849108364, 20.681718549086902 ], [ -101.335162322816657, 20.681718549086888 ], [ -101.335162322816657, 20.685872994129657 ] ] ] } },
{ "type": "Feature", "properties": { "difference_1990_2000": 21.0, "difference_1990_2010": 40.0, "difference_1990_2020": 42.0 }, "geometry": { "type": "Polygon", "coordinates": [ [ [ -101.335162322816657, 20.602805410930266 ], [ -101.330589849108364, 20.602805410930266 ], [ -101.330589849108364, 20.598653207698643 ], [ -101.335162322816657, 20.598653207698604 ], [ -101.335162322816657, 20.602805410930266 ] ] ] } },
{ "type": "Feature", "properties": { "difference_1990_2000": 0.0, "difference_1990_2010": 427.0, "difference_1990_2020": 602.0 }, "geometry": { "type": "Polygon", "coordinates": [ [ [ -101.335162322816657, 20.706646906165695 ], [ -101.330589849108364, 20.706646906165709 ], [ -101.330589849108364, 20.702491898746068 ], [ -101.335162322816657, 20.702491898746068 ], [ -101.335162322816657, 20.706646906165695 ] ] ] } },
{ "type": "Feature", "properties": { "difference_1990_2000": 0.0, "difference_1990_2010": 997.0, "difference_1990_2020": 1215.0 }, "geometry": { "type": "Polygon", "coordinates": [ [ [ -101.335162322816657, 20.698337003863482 ], [ -101.330589849108364, 20.698337003863482 ], [ -101.330589849108364, 20.694182221487132 ], [ -101.335162322816657, 20.6941822214871 ], [ -101.335162322816657, 20.698337003863482 ] ] ] } },
{ "type": "Feature", "properties": { "difference_1990_2000": 498.0, "difference_1990_2010": 1256.0, "difference_1990_2020": 1655.0 }, "geometry": { "type": "Polygon", "coordinates": [ [ [ -101.335162322816657, 20.660948009000261 ], [ -101.330589849108364, 20.660948009000261 ], [ -101.330589849108364, 20.656794237792809 ], [ -101.335162322816657, 20.656794237792809 ], [ -101.335162322816657, 20.660948009000261 ] ] ] } },
{ "type": "Feature", "properties": { "difference_1990_2000": 98.0, "difference_1990_2010": 245.0, "difference_1990_2020": 378.0 }, "geometry": { "type": "Polygon", "coordinates": [ [ [ -101.335162322816657, 20.802243208081734 ], [ -101.330589849108364, 20.802243208081755 ], [ -101.330589849108364, 20.798085603781917 ], [ -101.335162322816657, 20.798085603781917 ], [ -101.335162322816657, 20.802243208081734 ] ] ] } },
{ "type": "Feature", "properties": { "difference_1990_2000": 0.0, "difference_1990_2010": 0.0, "difference_1990_2020": 25.0 }, "geometry": { "type": "Polygon", "coordinates": [ [ [ -101.335162322816657, 20.793928112730374 ], [ -101.330589849108364, 20.793928112730338 ], [ -101.330589849108364, 20.78977073489607 ], [ -101.335162322816657, 20.789770734896102 ], [ -101.335162322816657, 20.793928112730374 ] ] ] } },
{ "type": "Feature", "properties": { "difference_1990_2000": 1167.0, "difference_1990_2010": 1456.0, "difference_1990_2020": 1634.0 }, "geometry": { "type": "Polygon", "coordinates": [ [ [ -101.335162322816657, 20.677564216426948 ], [ -101.330589849108364, 20.677564216426983 ], [ -101.330589849108364, 20.673409996119229 ], [ -101.335162322816657, 20.673409996119194 ], [ -101.335162322816657, 20.677564216426948 ] ] ] } },
{ "type": "Feature", "properties": { "difference_1990_2000": -137.0, "difference_1990_2010": -313.0, "difference_1990_2020": -386.0 }, "geometry": { "type": "Polygon", "coordinates": [ [ [ -101.335162322816657, 20.669255888132668 ], [ -101.330589849108364, 20.669255888132685 ], [ -101.330589849108364, 20.665101892436613 ], [ -101.335162322816657, 20.665101892436613 ], [ -101.335162322816657, 20.669255888132668 ] ] ] } },
{ "type": "Feature", "properties": { "difference_1990_2000": 0.0, "difference_1990_2010": 576.0, "difference_1990_2020": 714.0 }, "geometry": { "type": "Polygon", "coordinates": [ [ [ -101.335162322816657, 20.6941822214871 ], [ -101.330589849108364, 20.694182221487132 ], [ -101.330589849108364, 20.690027551586123 ], [ -101.335162322816657, 20.690027551586123 ], [ -101.335162322816657, 20.6941822214871 ] ] ] } },
{ "type": "Feature", "properties": { "difference_1990_2000": 226.0, "difference_1990_2010": 721.0, "difference_1990_2020": 1253.0 }, "geometry": { "type": "Polygon", "coordinates": [ [ [ -101.335162322816657, 20.656794237792809 ], [ -101.330589849108364, 20.656794237792809 ], [ -101.330589849108364, 20.652640578783458 ], [ -101.335162322816657, 20.652640578783458 ], [ -101.335162322816657, 20.656794237792809 ] ] ] } },
{ "type": "Feature", "properties": { "difference_1990_2000": 80.0, "difference_1990_2010": 192.0, "difference_1990_2020": 418.0 }, "geometry": { "type": "Polygon", "coordinates": [ [ [ -101.335162322816657, 20.806400925660885 ], [ -101.330589849108364, 20.806400925660885 ], [ -101.330589849108364, 20.802243208081755 ], [ -101.335162322816657, 20.802243208081734 ], [ -101.335162322816657, 20.806400925660885 ] ] ] } },
{ "type": "Feature", "properties": { "difference_1990_2000": 182.0, "difference_1990_2010": 2278.0, "difference_1990_2020": 2446.0 }, "geometry": { "type": "Polygon", "coordinates": [ [ [ -101.335162322816657, 20.648487031941446 ], [ -101.330589849108364, 20.648487031941446 ], [ -101.330589849108364, 20.644333597236013 ], [ -101.335162322816657, 20.644333597236013 ], [ -101.335162322816657, 20.648487031941446 ] ] ] } },
{ "type": "Feature", "properties": { "difference_1990_2000": 0.0, "difference_1990_2010": 201.0, "difference_1990_2020": 444.0 }, "geometry": { "type": "Polygon", "coordinates": [ [ [ -101.335162322816657, 20.640180274636439 ], [ -101.330589849108364, 20.640180274636439 ], [ -101.330589849108364, 20.636027064111921 ], [ -101.335162322816657, 20.636027064111921 ], [ -101.335162322816657, 20.640180274636439 ] ] ] } },
{ "type": "Feature", "properties": { "difference_1990_2000": 1213.0, "difference_1990_2010": 1661.0, "difference_1990_2020": 2173.0 }, "geometry": { "type": "Polygon", "coordinates": [ [ [ -101.335162322816657, 20.681718549086888 ], [ -101.330589849108364, 20.681718549086902 ], [ -101.330589849108364, 20.677564216426983 ], [ -101.335162322816657, 20.677564216426948 ], [ -101.335162322816657, 20.681718549086888 ] ] ] } },
{ "type": "Feature", "properties": { "difference_1990_2000": 825.0, "difference_1990_2010": 843.0, "difference_1990_2020": 867.0 }, "geometry": { "type": "Polygon", "coordinates": [ [ [ -101.335162322816657, 20.673409996119194 ], [ -101.330589849108364, 20.673409996119229 ], [ -101.330589849108364, 20.669255888132685 ], [ -101.335162322816657, 20.669255888132668 ], [ -101.335162322816657, 20.673409996119194 ] ] ] } },
{ "type": "Feature", "properties": { "difference_1990_2000": 1.0, "difference_1990_2010": 853.0, "difference_1990_2020": 3512.0 }, "geometry": { "type": "Polygon", "coordinates": [ [ [ -101.335162322816657, 20.644333597236013 ], [ -101.330589849108364, 20.644333597236013 ], [ -101.330589849108364, 20.640180274636439 ], [ -101.335162322816657, 20.640180274636439 ], [ -101.335162322816657, 20.644333597236013 ] ] ] } },
{ "type": "Feature", "properties": { "difference_1990_2000": 0.0, "difference_1990_2010": 509.0, "difference_1990_2020": 848.0 }, "geometry": { "type": "Polygon", "coordinates": [ [ [ -101.335162322816657, 20.702491898746068 ], [ -101.330589849108364, 20.702491898746068 ], [ -101.330589849108364, 20.698337003863482 ], [ -101.335162322816657, 20.698337003863482 ], [ -101.335162322816657, 20.702491898746068 ] ] ] } },
{ "type": "Feature", "properties": { "difference_1990_2000": 0.0, "difference_1990_2010": 346.0, "difference_1990_2020": 542.0 }, "geometry": { "type": "Polygon", "coordinates": [ [ [ -101.335162322816657, 20.690027551586123 ], [ -101.330589849108364, 20.690027551586123 ], [ -101.330589849108364, 20.685872994129657 ], [ -101.335162322816657, 20.685872994129657 ], [ -101.335162322816657, 20.690027551586123 ] ] ] } },
{ "type": "Feature", "properties": { "difference_1990_2000": 26.0, "difference_1990_2010": 0.0, "difference_1990_2020": 268.0 }, "geometry": { "type": "Polygon", "coordinates": [ [ [ -101.335162322816657, 20.810558756550332 ], [ -101.330589849108364, 20.810558756550318 ], [ -101.330589849108364, 20.806400925660885 ], [ -101.335162322816657, 20.806400925660885 ], [ -101.335162322816657, 20.810558756550332 ] ] ] } },
{ "type": "Feature", "properties": { "difference_1990_2000": 59.0, "difference_1990_2010": 89.0, "difference_1990_2020": 107.0 }, "geometry": { "type": "Polygon", "coordinates": [ [ [ -101.335162322816657, 20.768985542899653 ], [ -101.330589849108364, 20.768985542899653 ], [ -101.330589849108364, 20.764828843718579 ], [ -101.335162322816657, 20.764828843718579 ], [ -101.335162322816657, 20.768985542899653 ] ] ] } },
{ "type": "Feature", "properties": { "difference_1990_2000": 58.0, "difference_1990_2010": 126.0, "difference_1990_2020": 218.0 }, "geometry": { "type": "Polygon", "coordinates": [ [ [ -101.335162322816657, 20.798085603781917 ], [ -101.330589849108364, 20.798085603781917 ], [ -101.330589849108364, 20.793928112730338 ], [ -101.335162322816657, 20.793928112730374 ], [ -101.335162322816657, 20.798085603781917 ] ] ] } },
{ "type": "Feature", "properties": { "difference_1990_2000": 1327.0, "difference_1990_2010": 2095.0, "difference_1990_2020": 2619.0 }, "geometry": { "type": "Polygon", "coordinates": [ [ [ -101.335162322816657, 20.652640578783458 ], [ -101.330589849108364, 20.652640578783458 ], [ -101.330589849108364, 20.648487031941446 ], [ -101.335162322816657, 20.648487031941446 ], [ -101.335162322816657, 20.652640578783458 ] ] ] } },
{ "type": "Feature", "properties": { "difference_1990_2000": 398.0, "difference_1990_2010": 948.0, "difference_1990_2020": 1294.0 }, "geometry": { "type": "Polygon", "coordinates": [ [ [ -101.335162322816657, 20.665101892436613 ], [ -101.330589849108364, 20.665101892436613 ], [ -101.330589849108364, 20.660948009000261 ], [ -101.335162322816657, 20.660948009000261 ], [ -101.335162322816657, 20.665101892436613 ] ] ] } },
{ "type": "Feature", "properties": { "difference_1990_2000": -1.0, "difference_1990_2010": 12.0, "difference_1990_2020": 6.0 }, "geometry": { "type": "Polygon", "coordinates": [ [ [ -101.326017375400099, 20.814716700781045 ], [ -101.321444901691819, 20.81471670078108 ], [ -101.321444901691819, 20.810558756550332 ], [ -101.326017375400099, 20.810558756550332 ], [ -101.326017375400099, 20.814716700781045 ] ] ] } },
{ "type": "Feature", "properties": { "difference_1990_2000": 0.0, "difference_1990_2010": 0.0, "difference_1990_2020": 1057.0 }, "geometry": { "type": "Polygon", "coordinates": [ [ [ -101.326017375400099, 20.706646906165659 ], [ -101.321444901691819, 20.706646906165695 ], [ -101.321444901691819, 20.702491898746068 ], [ -101.326017375400099, 20.702491898746068 ], [ -101.326017375400099, 20.706646906165659 ] ] ] } },
{ "type": "Feature", "properties": { "difference_1990_2000": 1416.0, "difference_1990_2010": 2193.0, "difference_1990_2020": 2480.0 }, "geometry": { "type": "Polygon", "coordinates": [ [ [ -101.326017375400099, 20.685872994129657 ], [ -101.321444901691819, 20.685872994129657 ], [ -101.321444901691819, 20.681718549086888 ], [ -101.326017375400099, 20.681718549086856 ], [ -101.326017375400099, 20.685872994129657 ] ] ] } },
{ "type": "Feature", "properties": { "difference_1990_2000": -2.0, "difference_1990_2010": 396.0, "difference_1990_2020": 884.0 }, "geometry": { "type": "Polygon", "coordinates": [ [ [ -101.326017375400099, 20.698337003863468 ], [ -101.321444901691819, 20.698337003863482 ], [ -101.321444901691819, 20.694182221487132 ], [ -101.326017375400099, 20.694182221487132 ], [ -101.326017375400099, 20.698337003863468 ] ] ] } },
{ "type": "Feature", "properties": { "difference_1990_2000": 75.0, "difference_1990_2010": 266.0, "difference_1990_2020": 697.0 }, "geometry": { "type": "Polygon", "coordinates": [ [ [ -101.326017375400099, 20.660948009000261 ], [ -101.321444901691819, 20.660948009000229 ], [ -101.321444901691819, 20.656794237792774 ], [ -101.326017375400099, 20.656794237792809 ], [ -101.326017375400099, 20.660948009000261 ] ] ] } },
{ "type": "Feature", "properties": { "difference_1990_2000": 0.0, "difference_1990_2010": 0.0, "difference_1990_2020": 141.0 }, "geometry": { "type": "Polygon", "coordinates": [ [ [ -101.326017375400099, 20.710802026153207 ], [ -101.321444901691819, 20.710802026153207 ], [ -101.321444901691819, 20.706646906165695 ], [ -101.326017375400099, 20.706646906165659 ], [ -101.326017375400099, 20.710802026153207 ] ] ] } },
{ "type": "Feature", "properties": { "difference_1990_2000": 406.0, "difference_1990_2010": 89.0, "difference_1990_2020": 138.0 }, "geometry": { "type": "Polygon", "coordinates": [ [ [ -101.326017375400099, 20.802243208081755 ], [ -101.321444901691819, 20.802243208081755 ], [ -101.321444901691819, 20.798085603781917 ], [ -101.326017375400099, 20.7980856037819 ], [ -101.326017375400099, 20.802243208081755 ] ] ] } },
{ "type": "Feature", "properties": { "difference_1990_2000": 370.0, "difference_1990_2010": 0.0, "difference_1990_2020": 1.0 }, "geometry": { "type": "Polygon", "coordinates": [ [ [ -101.326017375400099, 20.793928112730338 ], [ -101.321444901691819, 20.793928112730338 ], [ -101.321444901691819, 20.789770734896102 ], [ -101.326017375400099, 20.78977073489607 ], [ -101.326017375400099, 20.793928112730338 ] ] ] } },
{ "type": "Feature", "properties": { "difference_1990_2000": 234.0, "difference_1990_2010": 259.0, "difference_1990_2020": 430.0 }, "geometry": { "type": "Polygon", "coordinates": [ [ [ -101.326017375400099, 20.677564216426983 ], [ -101.321444901691819, 20.677564216426948 ], [ -101.321444901691819, 20.673409996119194 ], [ -101.326017375400099, 20.673409996119176 ], [ -101.326017375400099, 20.677564216426983 ] ] ] } },
{ "type": "Feature", "properties": { "difference_1990_2000": 23.0, "difference_1990_2010": 14.0, "difference_1990_2020": 320.0 }, "geometry": { "type": "Polygon", "coordinates": [ [ [ -101.326017375400099, 20.669255888132685 ], [ -101.321444901691819, 20.669255888132685 ], [ -101.321444901691819, 20.665101892436613 ], [ -101.326017375400099, 20.665101892436599 ], [ -101.326017375400099, 20.669255888132685 ] ] ] } },
{ "type": "Feature", "properties": { "difference_1990_2000": 126.0, "difference_1990_2010": 528.0, "difference_1990_2020": 1107.0 }, "geometry": { "type": "Polygon", "coordinates": [ [ [ -101.326017375400099, 20.656794237792809 ], [ -101.321444901691819, 20.656794237792774 ], [ -101.321444901691819, 20.652640578783458 ], [ -101.326017375400099, 20.652640578783458 ], [ -101.326017375400099, 20.656794237792809 ] ] ] } },
{ "type": "Feature", "properties": { "difference_1990_2000": 17.0, "difference_1990_2010": 43.0, "difference_1990_2020": 66.0 }, "geometry": { "type": "Polygon", "coordinates": [ [ [ -101.326017375400099, 20.806400925660885 ], [ -101.321444901691819, 20.806400925660885 ], [ -101.321444901691819, 20.802243208081755 ], [ -101.326017375400099, 20.802243208081755 ], [ -101.326017375400099, 20.806400925660885 ] ] ] } },
{ "type": "Feature", "properties": { "difference_1990_2000": -15.0, "difference_1990_2010": 2673.0, "difference_1990_2020": 3113.0 }, "geometry": { "type": "Polygon", "coordinates": [ [ [ -101.326017375400099, 20.694182221487132 ], [ -101.321444901691819, 20.694182221487132 ], [ -101.321444901691819, 20.690027551586123 ], [ -101.326017375400099, 20.690027551586123 ], [ -101.326017375400099, 20.694182221487132 ] ] ] } },
{ "type": "Feature", "properties": { "difference_1990_2000": 0.0, "difference_1990_2010": 0.0, "difference_1990_2020": 211.0 }, "geometry": { "type": "Polygon", "coordinates": [ [ [ -101.326017375400099, 20.648487031941446 ], [ -101.321444901691819, 20.648487031941446 ], [ -101.321444901691819, 20.644333597235992 ], [ -101.326017375400099, 20.644333597236013 ], [ -101.326017375400099, 20.648487031941446 ] ] ] } },
{ "type": "Feature", "properties": { "difference_1990_2000": 643.0, "difference_1990_2010": 872.0, "difference_1990_2020": 937.0 }, "geometry": { "type": "Polygon", "coordinates": [ [ [ -101.326017375400099, 20.681718549086856 ], [ -101.321444901691819, 20.681718549086888 ], [ -101.321444901691819, 20.677564216426948 ], [ -101.326017375400099, 20.677564216426983 ], [ -101.326017375400099, 20.681718549086856 ] ] ] } },
{ "type": "Feature", "properties": { "difference_1990_2000": 28.0, "difference_1990_2010": 20.0, "difference_1990_2020": 322.0 }, "geometry": { "type": "Polygon", "coordinates": [ [ [ -101.326017375400099, 20.673409996119176 ], [ -101.321444901691819, 20.673409996119194 ], [ -101.321444901691819, 20.669255888132685 ], [ -101.326017375400099, 20.669255888132685 ], [ -101.326017375400099, 20.673409996119176 ] ] ] } },
{ "type": "Feature", "properties": { "difference_1990_2000": 0.0, "difference_1990_2010": 1.0, "difference_1990_2020": 0.0 }, "geometry": { "type": "Polygon", "coordinates": [ [ [ -101.326017375400099, 20.818874758384144 ], [ -101.321444901691819, 20.818874758384144 ], [ -101.321444901691819, 20.81471670078108 ], [ -101.326017375400099, 20.814716700781045 ], [ -101.326017375400099, 20.818874758384144 ] ] ] } },
{ "type": "Feature", "properties": { "difference_1990_2000": 0.0, "difference_1990_2010": 0.0, "difference_1990_2020": 803.0 }, "geometry": { "type": "Polygon", "coordinates": [ [ [ -101.326017375400099, 20.702491898746068 ], [ -101.321444901691819, 20.702491898746068 ], [ -101.321444901691819, 20.698337003863482 ], [ -101.326017375400099, 20.698337003863468 ], [ -101.326017375400099, 20.702491898746068 ] ] ] } },
{ "type": "Feature", "properties": { "difference_1990_2000": 443.0, "difference_1990_2010": 2331.0, "difference_1990_2020": 3112.0 }, "geometry": { "type": "Polygon", "coordinates": [ [ [ -101.326017375400099, 20.690027551586123 ], [ -101.321444901691819, 20.690027551586123 ], [ -101.321444901691819, 20.685872994129657 ], [ -101.326017375400099, 20.685872994129657 ], [ -101.326017375400099, 20.690027551586123 ] ] ] } },
{ "type": "Feature", "properties": { "difference_1990_2000": 0.0, "difference_1990_2010": 0.0, "difference_1990_2020": 8.0 }, "geometry": { "type": "Polygon", "coordinates": [ [ [ -101.326017375400099, 20.810558756550332 ], [ -101.321444901691819, 20.810558756550332 ], [ -101.321444901691819, 20.806400925660885 ], [ -101.326017375400099, 20.806400925660885 ], [ -101.326017375400099, 20.810558756550332 ] ] ] } },
{ "type": "Feature", "properties": { "difference_1990_2000": 897.0, "difference_1990_2010": 36.0, "difference_1990_2020": 48.0 }, "geometry": { "type": "Polygon", "coordinates": [ [ [ -101.326017375400099, 20.7980856037819 ], [ -101.321444901691819, 20.798085603781917 ], [ -101.321444901691819, 20.793928112730338 ], [ -101.326017375400099, 20.793928112730338 ], [ -101.326017375400099, 20.7980856037819 ] ] ] } },
{ "type": "Feature", "properties": { "difference_1990_2000": 23.0, "difference_1990_2010": 14.0, "difference_1990_2020": 320.0 }, "geometry": { "type": "Polygon", "coordinates": [ [ [ -101.326017375400099, 20.665101892436599 ], [ -101.321444901691819, 20.665101892436613 ], [ -101.321444901691819, 20.660948009000229 ], [ -101.326017375400099, 20.660948009000261 ], [ -101.326017375400099, 20.665101892436599 ] ] ] } },
{ "type": "Feature", "properties": { "difference_1990_2000": 28.0, "difference_1990_2010": 163.0, "difference_1990_2020": 514.0 }, "geometry": { "type": "Polygon", "coordinates": [ [ [ -101.326017375400099, 20.652640578783458 ], [ -101.321444901691819, 20.652640578783458 ], [ -101.321444901691819, 20.648487031941446 ], [ -101.326017375400099, 20.648487031941446 ], [ -101.326017375400099, 20.652640578783458 ] ] ] } },
{ "type": "Feature", "properties": { "difference_1990_2000": -36.0, "difference_1990_2010": 21.0, "difference_1990_2020": 41.0 }, "geometry": { "type": "Polygon", "coordinates": [ [ [ -101.316872427983554, 20.81471670078108 ], [ -101.312299954275275, 20.814716700781045 ], [ -101.312299954275275, 20.810558756550318 ], [ -101.316872427983554, 20.810558756550332 ], [ -101.316872427983554, 20.81471670078108 ] ] ] } },
{ "type": "Feature", "properties": { "difference_1990_2000": 23.0, "difference_1990_2010": 14.0, "difference_1990_2020": 320.0 }, "geometry": { "type": "Polygon", "coordinates": [ [ [ -101.316872427983554, 20.685872994129657 ], [ -101.312299954275275, 20.685872994129657 ], [ -101.312299954275275, 20.681718549086856 ], [ -101.316872427983554, 20.681718549086888 ], [ -101.316872427983554, 20.685872994129657 ] ] ] } },
{ "type": "Feature", "properties": { "difference_1990_2000": 0.0, "difference_1990_2010": 0.0, "difference_1990_2020": 10.0 }, "geometry": { "type": "Polygon", "coordinates": [ [ [ -101.316872427983554, 20.706646906165695 ], [ -101.312299954275275, 20.706646906165695 ], [ -101.312299954275275, 20.702491898746068 ], [ -101.316872427983554, 20.702491898746068 ], [ -101.316872427983554, 20.706646906165695 ] ] ] } },
{ "type": "Feature", "properties": { "difference_1990_2000": 57.0, "difference_1990_2010": 97.0, "difference_1990_2020": 139.0 }, "geometry": { "type": "Polygon", "coordinates": [ [ [ -101.316872427983554, 20.698337003863482 ], [ -101.312299954275275, 20.698337003863482 ], [ -101.312299954275275, 20.694182221487132 ], [ -101.316872427983554, 20.694182221487132 ], [ -101.316872427983554, 20.698337003863482 ] ] ] } },
{ "type": "Feature", "properties": { "difference_1990_2000": 32.0, "difference_1990_2010": 19.0, "difference_1990_2020": 64.0 }, "geometry": { "type": "Polygon", "coordinates": [ [ [ -101.316872427983554, 20.660948009000261 ], [ -101.312299954275275, 20.660948009000261 ], [ -101.312299954275275, 20.656794237792809 ], [ -101.316872427983554, 20.656794237792809 ], [ -101.316872427983554, 20.660948009000261 ] ] ] } },
{ "type": "Feature", "properties": { "difference_1990_2000": 19.0, "difference_1990_2010": 35.0, "difference_1990_2020": 118.0 }, "geometry": { "type": "Polygon", "coordinates": [ [ [ -101.316872427983554, 20.669255888132668 ], [ -101.312299954275275, 20.669255888132668 ], [ -101.312299954275275, 20.665101892436599 ], [ -101.316872427983554, 20.665101892436613 ], [ -101.316872427983554, 20.669255888132668 ] ] ] } },
{ "type": "Feature", "properties": { "difference_1990_2000": 23.0, "difference_1990_2010": 14.0, "difference_1990_2020": 320.0 }, "geometry": { "type": "Polygon", "coordinates": [ [ [ -101.316872427983554, 20.677564216427005 ], [ -101.312299954275275, 20.677564216426948 ], [ -101.312299954275275, 20.673409996119194 ], [ -101.316872427983554, 20.673409996119229 ], [ -101.316872427983554, 20.677564216427005 ] ] ] } },
{ "type": "Feature", "properties": { "difference_1990_2000": 42.0, "difference_1990_2010": 104.0, "difference_1990_2020": 455.0 }, "geometry": { "type": "Polygon", "coordinates": [ [ [ -101.316872427983554, 20.656794237792809 ], [ -101.312299954275275, 20.656794237792809 ], [ -101.312299954275275, 20.652640578783458 ], [ -101.316872427983554, 20.652640578783458 ], [ -101.316872427983554, 20.656794237792809 ] ] ] } },
{ "type": "Feature", "properties": { "difference_1990_2000": 699.0, "difference_1990_2010": 1640.0, "difference_1990_2020": 2079.0 }, "geometry": { "type": "Polygon", "coordinates": [ [ [ -101.316872427983554, 20.694182221487132 ], [ -101.312299954275275, 20.694182221487132 ], [ -101.312299954275275, 20.690027551586123 ], [ -101.316872427983554, 20.690027551586123 ], [ -101.316872427983554, 20.694182221487132 ] ] ] } },
{ "type": "Feature", "properties": { "difference_1990_2000": -2.0, "difference_1990_2010": 16.0, "difference_1990_2020": 1.0 }, "geometry": { "type": "Polygon", "coordinates": [ [ [ -101.316872427983554, 20.823032929390603 ], [ -101.312299954275275, 20.823032929390603 ], [ -101.312299954275275, 20.818874758384144 ], [ -101.316872427983554, 20.81887475838419 ], [ -101.316872427983554, 20.823032929390603 ] ] ] } },
{ "type": "Feature", "properties": { "difference_1990_2000": 23.0, "difference_1990_2010": 14.0, "difference_1990_2020": 320.0 }, "geometry": { "type": "Polygon", "coordinates": [ [ [ -101.316872427983554, 20.681718549086888 ], [ -101.312299954275275, 20.681718549086856 ], [ -101.312299954275275, 20.677564216426948 ], [ -101.316872427983554, 20.677564216427005 ], [ -101.316872427983554, 20.681718549086888 ] ] ] } },
{ "type": "Feature", "properties": { "difference_1990_2000": -3.0, "difference_1990_2010": 27.0, "difference_1990_2020": 1.0 }, "geometry": { "type": "Polygon", "coordinates": [ [ [ -101.316872427983554, 20.81887475838419 ], [ -101.312299954275275, 20.818874758384144 ], [ -101.312299954275275, 20.814716700781045 ], [ -101.316872427983554, 20.81471670078108 ], [ -101.316872427983554, 20.81887475838419 ] ] ] } },
{ "type": "Feature", "properties": { "difference_1990_2000": 22.0, "difference_1990_2010": 18.0, "difference_1990_2020": 285.0 }, "geometry": { "type": "Polygon", "coordinates": [ [ [ -101.316872427983554, 20.673409996119229 ], [ -101.312299954275275, 20.673409996119194 ], [ -101.312299954275275, 20.669255888132668 ], [ -101.316872427983554, 20.669255888132668 ], [ -101.316872427983554, 20.673409996119229 ] ] ] } },
{ "type": "Feature", "properties": { "difference_1990_2000": 0.0, "difference_1990_2010": 0.0, "difference_1990_2020": 1.0 }, "geometry": { "type": "Polygon", "coordinates": [ [ [ -101.316872427983554, 20.702491898746068 ], [ -101.312299954275275, 20.702491898746068 ], [ -101.312299954275275, 20.698337003863482 ], [ -101.316872427983554, 20.698337003863482 ], [ -101.316872427983554, 20.702491898746068 ] ] ] } },
{ "type": "Feature", "properties": { "difference_1990_2000": 400.0, "difference_1990_2010": 1275.0, "difference_1990_2020": 1655.0 }, "geometry": { "type": "Polygon", "coordinates": [ [ [ -101.316872427983554, 20.690027551586123 ], [ -101.312299954275275, 20.690027551586123 ], [ -101.312299954275275, 20.685872994129657 ], [ -101.316872427983554, 20.685872994129657 ], [ -101.316872427983554, 20.690027551586123 ] ] ] } },
{ "type": "Feature", "properties": { "difference_1990_2000": -4.0, "difference_1990_2010": 10.0, "difference_1990_2020": 67.0 }, "geometry": { "type": "Polygon", "coordinates": [ [ [ -101.316872427983554, 20.810558756550332 ], [ -101.312299954275275, 20.810558756550318 ], [ -101.312299954275275, 20.806400925660885 ], [ -101.316872427983554, 20.806400925660885 ], [ -101.316872427983554, 20.810558756550332 ] ] ] } },
{ "type": "Feature", "properties": { "difference_1990_2000": 2.0, "difference_1990_2010": 10.0, "difference_1990_2020": 20.0 }, "geometry": { "type": "Polygon", "coordinates": [ [ [ -101.316872427983554, 20.652640578783458 ], [ -101.312299954275275, 20.652640578783458 ], [ -101.312299954275275, 20.648487031941468 ], [ -101.316872427983554, 20.648487031941446 ], [ -101.316872427983554, 20.652640578783458 ] ] ] } },
{ "type": "Feature", "properties": { "difference_1990_2000": 24.0, "difference_1990_2010": 34.0, "difference_1990_2020": 37.0 }, "geometry": { "type": "Polygon", "coordinates": [ [ [ -101.316872427983554, 20.665101892436613 ], [ -101.312299954275275, 20.665101892436599 ], [ -101.312299954275275, 20.660948009000261 ], [ -101.316872427983554, 20.660948009000261 ], [ -101.316872427983554, 20.665101892436613 ] ] ] } },
{ "type": "Feature", "properties": { "difference_1990_2000": 2.0, "difference_1990_2010": 3.0, "difference_1990_2020": 6.0 }, "geometry": { "type": "Polygon", "coordinates": [ [ [ -101.307727480566996, 20.81471670078108 ], [ -101.303155006858702, 20.81471670078108 ], [ -101.303155006858702, 20.810558756550332 ], [ -101.307727480566996, 20.810558756550332 ], [ -101.307727480566996, 20.81471670078108 ] ] ] } },
{ "type": "Feature", "properties": { "difference_1990_2000": 154.0, "difference_1990_2010": 622.0, "difference_1990_2020": 786.0 }, "geometry": { "type": "Polygon", "coordinates": [ [ [ -101.307727480566996, 20.685872994129657 ], [ -101.303155006858702, 20.685872994129689 ], [ -101.303155006858702, 20.681718549086888 ], [ -101.307727480566996, 20.681718549086888 ], [ -101.307727480566996, 20.685872994129657 ] ] ] } },
{ "type": "Feature", "properties": { "difference_1990_2000": 0.0, "difference_1990_2010": 397.0, "difference_1990_2020": 457.0 }, "geometry": { "type": "Polygon", "coordinates": [ [ [ -101.307727480566996, 20.706646906165709 ], [ -101.303155006858702, 20.706646906165695 ], [ -101.303155006858702, 20.702491898746068 ], [ -101.307727480566996, 20.702491898746068 ], [ -101.307727480566996, 20.706646906165709 ] ] ] } },
{ "type": "Feature", "properties": { "difference_1990_2000": 0.0, "difference_1990_2010": 423.0, "difference_1990_2020": 461.0 }, "geometry": { "type": "Polygon", "coordinates": [ [ [ -101.307727480566996, 20.719112603955342 ], [ -101.303155006858702, 20.719112603955342 ], [ -101.303155006858702, 20.714957258739481 ], [ -101.307727480566996, 20.714957258739481 ], [ -101.307727480566996, 20.719112603955342 ] ] ] } },
{ "type": "Feature", "properties": { "difference_1990_2000": 52.0, "difference_1990_2010": 63.0, "difference_1990_2020": 93.0 }, "geometry": { "type": "Polygon", "coordinates": [ [ [ -101.307727480566996, 20.660948009000261 ], [ -101.303155006858702, 20.660948009000283 ], [ -101.303155006858702, 20.656794237792809 ], [ -101.307727480566996, 20.656794237792809 ], [ -101.307727480566996, 20.660948009000261 ] ] ] } },
{ "type": "Feature", "properties": { "difference_1990_2000": 0.0, "difference_1990_2010": 561.0, "difference_1990_2020": 614.0 }, "geometry": { "type": "Polygon", "coordinates": [ [ [ -101.307727480566996, 20.710802026153207 ], [ -101.303155006858702, 20.710802026153207 ], [ -101.303155006858702, 20.706646906165695 ], [ -101.307727480566996, 20.706646906165709 ], [ -101.307727480566996, 20.710802026153207 ] ] ] } },
{ "type": "Feature", "properties": { "difference_1990_2000": 0.0, "difference_1990_2010": 15.0, "difference_1990_2020": 18.0 }, "geometry": { "type": "Polygon", "coordinates": [ [ [ -101.307727480566996, 20.744047042201856 ], [ -101.303155006858702, 20.744047042201856 ], [ -101.303155006858702, 20.739891020559728 ], [ -101.307727480566996, 20.739891020559728 ], [ -101.307727480566996, 20.744047042201856 ] ] ] } },
{ "type": "Feature", "properties": { "difference_1990_2000": 0.0, "difference_1990_2010": 174.0, "difference_1990_2020": 276.0 }, "geometry": { "type": "Polygon", "coordinates": [ [ [ -101.307727480566996, 20.74820317668981 ], [ -101.303155006858702, 20.74820317668981 ], [ -101.303155006858702, 20.744047042201856 ], [ -101.307727480566996, 20.744047042201856 ], [ -101.307727480566996, 20.74820317668981 ] ] ] } },
{ "type": "Feature", "properties": { "difference_1990_2000": -9.0, "difference_1990_2010": 20.0, "difference_1990_2020": 50.0 }, "geometry": { "type": "Polygon", "coordinates": [ [ [ -101.307727480566996, 20.677564216426983 ], [ -101.303155006858702, 20.677564216426983 ], [ -101.303155006858702, 20.673409996119229 ], [ -101.307727480566996, 20.673409996119194 ], [ -101.307727480566996, 20.677564216426983 ] ] ] } },
{ "type": "Feature", "properties": { "difference_1990_2000": 18.0, "difference_1990_2010": 41.0, "difference_1990_2020": 62.0 }, "geometry": { "type": "Polygon", "coordinates": [ [ [ -101.307727480566996, 20.669255888132685 ], [ -101.303155006858702, 20.669255888132668 ], [ -101.303155006858702, 20.665101892436613 ], [ -101.307727480566996, 20.665101892436613 ], [ -101.307727480566996, 20.669255888132685 ] ] ] } },
{ "type": "Feature", "properties": { "difference_1990_2000": 19.0, "difference_1990_2010": 12.0, "difference_1990_2020": 238.0 }, "geometry": { "type": "Polygon", "coordinates": [ [ [ -101.307727480566996, 20.656794237792809 ], [ -101.303155006858702, 20.656794237792809 ], [ -101.303155006858702, 20.652640578783473 ], [ -101.307727480566996, 20.652640578783473 ], [ -101.307727480566996, 20.656794237792809 ] ] ] } },
{ "type": "Feature", "properties": { "difference_1990_2000": 0.0, "difference_1990_2010": 6.0, "difference_1990_2020": 9.0 }, "geometry": { "type": "Polygon", "coordinates": [ [ [ -101.307727480566996, 20.823032929390603 ], [ -101.303155006858702, 20.823032929390603 ], [ -101.303155006858702, 20.818874758384144 ], [ -101.307727480566996, 20.818874758384158 ], [ -101.307727480566996, 20.823032929390603 ] ] ] } },
{ "type": "Feature", "properties": { "difference_1990_2000": 0.0, "difference_1990_2010": 123.0, "difference_1990_2020": 210.0 }, "geometry": { "type": "Polygon", "coordinates": [ [ [ -101.307727480566996, 20.75651578432694 ], [ -101.303155006858702, 20.75651578432694 ], [ -101.303155006858702, 20.75235942405455 ], [ -101.307727480566996, 20.752359424054525 ], [ -101.307727480566996, 20.75651578432694 ] ] ] } },
{ "type": "Feature", "properties": { "difference_1990_2000": 2.0, "difference_1990_2010": 20.0, "difference_1990_2020": 142.0 }, "geometry": { "type": "Polygon", "coordinates": [ [ [ -101.307727480566996, 20.681718549086888 ], [ -101.303155006858702, 20.681718549086888 ], [ -101.303155006858702, 20.677564216426983 ], [ -101.307727480566996, 20.677564216426983 ], [ -101.307727480566996, 20.681718549086888 ] ] ] } },
{ "type": "Feature", "properties": { "difference_1990_2000": 15.0, "difference_1990_2010": 39.0, "difference_1990_2020": 61.0 }, "geometry": { "type": "Polygon", "coordinates": [ [ [ -101.307727480566996, 20.673409996119194 ], [ -101.303155006858702, 20.673409996119229 ], [ -101.303155006858702, 20.669255888132668 ], [ -101.307727480566996, 20.669255888132685 ], [ -101.307727480566996, 20.673409996119194 ] ] ] } },
{ "type": "Feature", "properties": { "difference_1990_2000": 0.0, "difference_1990_2010": 15.0, "difference_1990_2020": 16.0 }, "geometry": { "type": "Polygon", "coordinates": [ [ [ -101.307727480566996, 20.702491898746068 ], [ -101.303155006858702, 20.702491898746068 ], [ -101.303155006858702, 20.698337003863518 ], [ -101.307727480566996, 20.698337003863482 ], [ -101.307727480566996, 20.702491898746068 ] ] ] } },
{ "type": "Feature", "properties": { "difference_1990_2000": 12.0, "difference_1990_2010": 13.0, "difference_1990_2020": 21.0 }, "geometry": { "type": "Polygon", "coordinates": [ [ [ -101.307727480566996, 20.810558756550332 ], [ -101.303155006858702, 20.810558756550332 ], [ -101.303155006858702, 20.806400925660885 ], [ -101.307727480566996, 20.806400925660885 ], [ -101.307727480566996, 20.810558756550332 ] ] ] } },
{ "type": "Feature", "properties": { "difference_1990_2000": 27.0, "difference_1990_2010": 104.0, "difference_1990_2020": 128.0 }, "geometry": { "type": "Polygon", "coordinates": [ [ [ -101.307727480566996, 20.690027551586159 ], [ -101.303155006858702, 20.690027551586123 ], [ -101.303155006858702, 20.685872994129689 ], [ -101.307727480566996, 20.685872994129657 ], [ -101.307727480566996, 20.690027551586159 ] ] ] } },
{ "type": "Feature", "properties": { "difference_1990_2000": 0.0, "difference_1990_2010": 188.0, "difference_1990_2020": 235.0 }, "geometry": { "type": "Polygon", "coordinates": [ [ [ -101.307727480566996, 20.752359424054525 ], [ -101.303155006858702, 20.75235942405455 ], [ -101.303155006858702, 20.74820317668981 ], [ -101.307727480566996, 20.74820317668981 ], [ -101.307727480566996, 20.752359424054525 ] ] ] } },
{ "type": "Feature", "properties": { "difference_1990_2000": 22.0, "difference_1990_2010": 47.0, "difference_1990_2020": 68.0 }, "geometry": { "type": "Polygon", "coordinates": [ [ [ -101.307727480566996, 20.665101892436613 ], [ -101.303155006858702, 20.665101892436613 ], [ -101.303155006858702, 20.660948009000283 ], [ -101.307727480566996, 20.660948009000261 ], [ -101.307727480566996, 20.665101892436613 ] ] ] } },
{ "type": "Feature", "properties": { "difference_1990_2000": 0.0, "difference_1990_2010": 1.0, "difference_1990_2020": 0.0 }, "geometry": { "type": "Polygon", "coordinates": [ [ [ -101.307727480566996, 20.652640578783473 ], [ -101.303155006858702, 20.652640578783473 ], [ -101.303155006858702, 20.648487031941468 ], [ -101.307727480566996, 20.648487031941446 ], [ -101.307727480566996, 20.652640578783473 ] ] ] } },
{ "type": "Feature", "properties": { "difference_1990_2000": 0.0, "difference_1990_2010": 397.0, "difference_1990_2020": 470.0 }, "geometry": { "type": "Polygon", "coordinates": [ [ [ -101.307727480566996, 20.714957258739481 ], [ -101.303155006858702, 20.714957258739481 ], [ -101.303155006858702, 20.710802026153207 ], [ -101.307727480566996, 20.710802026153207 ], [ -101.307727480566996, 20.714957258739481 ] ] ] } },
{ "type": "Feature", "properties": { "difference_1990_2000": 36.0, "difference_1990_2010": -82.0, "difference_1990_2020": 90.0 }, "geometry": { "type": "Polygon", "coordinates": [ [ [ -101.486053955189774, 20.660948009000261 ], [ -101.481481481481495, 20.660948009000229 ], [ -101.481481481481495, 20.656794237792809 ], [ -101.486053955189774, 20.656794237792809 ], [ -101.486053955189774, 20.660948009000261 ] ] ] } },
{ "type": "Feature", "properties": { "difference_1990_2000": 1.0, "difference_1990_2010": 3.0, "difference_1990_2020": 3.0 }, "geometry": { "type": "Polygon", "coordinates": [ [ [ -101.486053955189774, 20.669255888132685 ], [ -101.481481481481495, 20.669255888132668 ], [ -101.481481481481495, 20.665101892436599 ], [ -101.486053955189774, 20.665101892436613 ], [ -101.486053955189774, 20.669255888132685 ] ] ] } },
{ "type": "Feature", "properties": { "difference_1990_2000": 25.0, "difference_1990_2010": -82.0, "difference_1990_2020": 102.0 }, "geometry": { "type": "Polygon", "coordinates": [ [ [ -101.486053955189774, 20.665101892436613 ], [ -101.481481481481495, 20.665101892436599 ], [ -101.481481481481495, 20.660948009000229 ], [ -101.486053955189774, 20.660948009000261 ], [ -101.486053955189774, 20.665101892436613 ] ] ] } },
{ "type": "Feature", "properties": { "difference_1990_2000": 0.0, "difference_1990_2010": 233.0, "difference_1990_2020": 257.0 }, "geometry": { "type": "Polygon", "coordinates": [ [ [ -101.298582533150437, 20.744047042201839 ], [ -101.294010059442158, 20.744047042201856 ], [ -101.294010059442158, 20.739891020559728 ], [ -101.298582533150437, 20.739891020559728 ], [ -101.298582533150437, 20.744047042201839 ] ] ] } },
{ "type": "Feature", "properties": { "difference_1990_2000": 0.0, "difference_1990_2010": 450.0, "difference_1990_2020": 476.0 }, "geometry": { "type": "Polygon", "coordinates": [ [ [ -101.298582533150437, 20.748203176689795 ], [ -101.294010059442158, 20.74820317668981 ], [ -101.294010059442158, 20.744047042201856 ], [ -101.298582533150437, 20.744047042201839 ], [ -101.298582533150437, 20.748203176689795 ] ] ] } },
{ "type": "Feature", "properties": { "difference_1990_2000": -1.0, "difference_1990_2010": 1.0, "difference_1990_2020": 3.0 }, "geometry": { "type": "Polygon", "coordinates": [ [ [ -101.298582533150437, 20.677564216426983 ], [ -101.294010059442158, 20.677564216426948 ], [ -101.294010059442158, 20.673409996119194 ], [ -101.298582533150437, 20.673409996119194 ], [ -101.298582533150437, 20.677564216426983 ] ] ] } },
{ "type": "Feature", "properties": { "difference_1990_2000": 0.0, "difference_1990_2010": 0.0, "difference_1990_2020": 0.0 }, "geometry": { "type": "Polygon", "coordinates": [ [ [ -101.298582533150437, 20.669255888132668 ], [ -101.294010059442158, 20.669255888132668 ], [ -101.294010059442158, 20.665101892436653 ], [ -101.298582533150437, 20.665101892436613 ], [ -101.298582533150437, 20.669255888132668 ] ] ] } },
{ "type": "Feature", "properties": { "difference_1990_2000": 0.0, "difference_1990_2010": 1.0, "difference_1990_2020": 2.0 }, "geometry": { "type": "Polygon", "coordinates": [ [ [ -101.298582533150437, 20.673409996119194 ], [ -101.294010059442158, 20.673409996119194 ], [ -101.294010059442158, 20.669255888132668 ], [ -101.298582533150437, 20.669255888132668 ], [ -101.298582533150437, 20.673409996119194 ] ] ] } },
{ "type": "Feature", "properties": { "difference_1990_2000": 0.0, "difference_1990_2010": 48.0, "difference_1990_2020": 50.0 }, "geometry": { "type": "Polygon", "coordinates": [ [ [ -101.298582533150437, 20.752359424054525 ], [ -101.294010059442158, 20.752359424054493 ], [ -101.294010059442158, 20.74820317668981 ], [ -101.298582533150437, 20.748203176689795 ], [ -101.298582533150437, 20.752359424054525 ] ] ] } },
{ "type": "Feature", "properties": { "difference_1990_2000": 0.0, "difference_1990_2010": 1.0, "difference_1990_2020": 0.0 }, "geometry": { "type": "Polygon", "coordinates": [ [ [ -101.298582533150437, 20.652640578783458 ], [ -101.294010059442158, 20.652640578783434 ], [ -101.294010059442158, 20.648487031941446 ], [ -101.298582533150437, 20.648487031941414 ], [ -101.298582533150437, 20.652640578783458 ] ] ] } },
{ "type": "Feature", "properties": { "difference_1990_2000": 5.0, "difference_1990_2010": 9.0, "difference_1990_2020": 10.0 }, "geometry": { "type": "Polygon", "coordinates": [ [ [ -101.298582533150437, 20.665101892436613 ], [ -101.294010059442158, 20.665101892436653 ], [ -101.294010059442158, 20.660948009000261 ], [ -101.298582533150437, 20.660948009000261 ], [ -101.298582533150437, 20.665101892436613 ] ] ] } },
{ "type": "Feature", "properties": { "difference_1990_2000": 142.0, "difference_1990_2010": 343.0, "difference_1990_2020": 356.0 }, "geometry": { "type": "Polygon", "coordinates": [ [ [ -101.476909007773216, 20.660948009000229 ], [ -101.472336534064937, 20.660948009000229 ], [ -101.472336534064937, 20.656794237792809 ], [ -101.476909007773216, 20.656794237792809 ], [ -101.476909007773216, 20.660948009000229 ] ] ] } },
{ "type": "Feature", "properties": { "difference_1990_2000": 98.0, "difference_1990_2010": 222.0, "difference_1990_2020": 247.0 }, "geometry": { "type": "Polygon", "coordinates": [ [ [ -101.476909007773216, 20.656794237792809 ], [ -101.472336534064937, 20.656794237792809 ], [ -101.472336534064937, 20.652640578783434 ], [ -101.476909007773216, 20.652640578783458 ], [ -101.476909007773216, 20.656794237792809 ] ] ] } },
{ "type": "Feature", "properties": { "difference_1990_2000": 120.0, "difference_1990_2010": 285.0, "difference_1990_2020": 300.0 }, "geometry": { "type": "Polygon", "coordinates": [ [ [ -101.476909007773216, 20.665101892436613 ], [ -101.472336534064937, 20.665101892436613 ], [ -101.472336534064937, 20.660948009000229 ], [ -101.476909007773216, 20.660948009000229 ], [ -101.476909007773216, 20.665101892436613 ] ] ] } },
{ "type": "Feature", "properties": { "difference_1990_2000": 348.0, "difference_1990_2010": 469.0, "difference_1990_2020": 479.0 }, "geometry": { "type": "Polygon", "coordinates": [ [ [ -101.467764060356657, 20.660948009000261 ], [ -101.463191586648364, 20.660948009000261 ], [ -101.463191586648364, 20.656794237792809 ], [ -101.467764060356657, 20.656794237792809 ], [ -101.467764060356657, 20.660948009000261 ] ] ] } },
{ "type": "Feature", "properties": { "difference_1990_2000": 89.0, "difference_1990_2010": 19.0, "difference_1990_2020": 125.0 }, "geometry": { "type": "Polygon", "coordinates": [ [ [ -101.467764060356657, 20.669255888132685 ], [ -101.463191586648364, 20.669255888132668 ], [ -101.463191586648364, 20.665101892436599 ], [ -101.467764060356657, 20.665101892436599 ], [ -101.467764060356657, 20.669255888132685 ] ] ] } },
{ "type": "Feature", "properties": { "difference_1990_2000": 422.0, "difference_1990_2010": 495.0, "difference_1990_2020": 581.0 }, "geometry": { "type": "Polygon", "coordinates": [ [ [ -101.467764060356657, 20.665101892436599 ], [ -101.463191586648364, 20.665101892436599 ], [ -101.463191586648364, 20.660948009000261 ], [ -101.467764060356657, 20.660948009000261 ], [ -101.467764060356657, 20.665101892436599 ] ] ] } },
{ "type": "Feature", "properties": { "difference_1990_2000": 0.0, "difference_1990_2010": 194.0, "difference_1990_2020": 187.0 }, "geometry": { "type": "Polygon", "coordinates": [ [ [ -101.280292638317334, 20.627720979165176 ], [ -101.275720164609055, 20.627720979165176 ], [ -101.275720164609055, 20.623568104681421 ], [ -101.280292638317334, 20.623568104681421 ], [ -101.280292638317334, 20.627720979165176 ] ] ] } },
{ "type": "Feature", "properties": { "difference_1990_2000": 0.0, "difference_1990_2010": 160.0, "difference_1990_2020": 155.0 }, "geometry": { "type": "Polygon", "coordinates": [ [ [ -101.280292638317334, 20.623568104681421 ], [ -101.275720164609055, 20.623568104681421 ], [ -101.275720164609055, 20.619415342149733 ], [ -101.280292638317334, 20.619415342149733 ], [ -101.280292638317334, 20.623568104681421 ] ] ] } },
{ "type": "Feature", "properties": { "difference_1990_2000": 0.0, "difference_1990_2010": 339.0, "difference_1990_2020": 374.0 }, "geometry": { "type": "Polygon", "coordinates": [ [ [ -101.280292638317334, 20.619415342149733 ], [ -101.275720164609055, 20.619415342149733 ], [ -101.275720164609055, 20.615262691539549 ], [ -101.280292638317334, 20.615262691539549 ], [ -101.280292638317334, 20.619415342149733 ] ] ] } },
{ "type": "Feature", "properties": { "difference_1990_2000": 0.0, "difference_1990_2010": 157.0, "difference_1990_2020": 240.0 }, "geometry": { "type": "Polygon", "coordinates": [ [ [ -101.280292638317334, 20.615262691539549 ], [ -101.275720164609055, 20.615262691539549 ], [ -101.275720164609055, 20.611110152820039 ], [ -101.280292638317334, 20.611110152820039 ], [ -101.280292638317334, 20.615262691539549 ] ] ] } },
{ "type": "Feature", "properties": { "difference_1990_2000": 55.0, "difference_1990_2010": 76.0, "difference_1990_2020": 76.0 }, "geometry": { "type": "Polygon", "coordinates": [ [ [ -101.458619112940113, 20.660948009000261 ], [ -101.454046639231834, 20.660948009000261 ], [ -101.454046639231834, 20.656794237792809 ], [ -101.458619112940113, 20.656794237792809 ], [ -101.458619112940113, 20.660948009000261 ] ] ] } },
{ "type": "Feature", "properties": { "difference_1990_2000": 8.0, "difference_1990_2010": 0.0, "difference_1990_2020": 11.0 }, "geometry": { "type": "Polygon", "coordinates": [ [ [ -101.458619112940113, 20.669255888132685 ], [ -101.454046639231834, 20.669255888132668 ], [ -101.454046639231834, 20.665101892436613 ], [ -101.458619112940113, 20.665101892436613 ], [ -101.458619112940113, 20.669255888132685 ] ] ] } },
{ "type": "Feature", "properties": { "difference_1990_2000": 303.0, "difference_1990_2010": 316.0, "difference_1990_2020": 417.0 }, "geometry": { "type": "Polygon", "coordinates": [ [ [ -101.458619112940113, 20.665101892436613 ], [ -101.454046639231834, 20.665101892436613 ], [ -101.454046639231834, 20.660948009000261 ], [ -101.458619112940113, 20.660948009000261 ], [ -101.458619112940113, 20.665101892436613 ] ] ] } },
{ "type": "Feature", "properties": { "difference_1990_2000": 30.0, "difference_1990_2010": 15.0, "difference_1990_2020": 26.0 }, "geometry": { "type": "Polygon", "coordinates": [ [ [ -101.449474165523554, 20.710802026153207 ], [ -101.444901691815275, 20.710802026153207 ], [ -101.444901691815275, 20.706646906165695 ], [ -101.449474165523554, 20.706646906165709 ], [ -101.449474165523554, 20.710802026153207 ] ] ] } },
{ "type": "Feature", "properties": { "difference_1990_2000": 4.0, "difference_1990_2010": 4.0, "difference_1990_2020": 4.0 }, "geometry": { "type": "Polygon", "coordinates": [ [ [ -101.449474165523554, 20.714957258739481 ], [ -101.444901691815275, 20.714957258739464 ], [ -101.444901691815275, 20.710802026153207 ], [ -101.449474165523554, 20.710802026153207 ], [ -101.449474165523554, 20.714957258739481 ] ] ] } },
{ "type": "Feature", "properties": { "difference_1990_2000": 196.0, "difference_1990_2010": 13.0, "difference_1990_2020": 169.0 }, "geometry": { "type": "Polygon", "coordinates": [ [ [ -101.440329218106996, 20.706646906165695 ], [ -101.435756744398745, 20.706646906165695 ], [ -101.435756744398745, 20.7024918987461 ], [ -101.440329218106996, 20.7024918987461 ], [ -101.440329218106996, 20.706646906165695 ] ] ] } },
{ "type": "Feature", "properties": { "difference_1990_2000": 3.0, "difference_1990_2010": 2.0, "difference_1990_2020": 3.0 }, "geometry": { "type": "Polygon", "coordinates": [ [ [ -101.440329218106996, 20.719112603955342 ], [ -101.435756744398745, 20.719112603955342 ], [ -101.435756744398745, 20.714957258739517 ], [ -101.440329218106996, 20.714957258739464 ], [ -101.440329218106996, 20.719112603955342 ] ] ] } },
{ "type": "Feature", "properties": { "difference_1990_2000": 252.0, "difference_1990_2010": 241.0, "difference_1990_2020": 217.0 }, "geometry": { "type": "Polygon", "coordinates": [ [ [ -101.440329218106996, 20.710802026153207 ], [ -101.435756744398745, 20.710802026153207 ], [ -101.435756744398745, 20.706646906165695 ], [ -101.440329218106996, 20.706646906165695 ], [ -101.440329218106996, 20.710802026153207 ] ] ] } },
{ "type": "Feature", "properties": { "difference_1990_2000": 295.0, "difference_1990_2010": 279.0, "difference_1990_2020": 254.0 }, "geometry": { "type": "Polygon", "coordinates": [ [ [ -101.440329218106996, 20.714957258739464 ], [ -101.435756744398745, 20.714957258739517 ], [ -101.435756744398745, 20.710802026153207 ], [ -101.440329218106996, 20.710802026153207 ], [ -101.440329218106996, 20.714957258739464 ] ] ] } },
{ "type": "Feature", "properties": { "difference_1990_2000": 1.0, "difference_1990_2010": 0.0, "difference_1990_2020": 1.0 }, "geometry": { "type": "Polygon", "coordinates": [ [ [ -101.431184270690466, 20.710802026153225 ], [ -101.426611796982201, 20.710802026153207 ], [ -101.426611796982201, 20.706646906165695 ], [ -101.431184270690466, 20.706646906165709 ], [ -101.431184270690466, 20.710802026153225 ] ] ] } },
{ "type": "Feature", "properties": { "difference_1990_2000": 4.0, "difference_1990_2010": 0.0, "difference_1990_2020": 3.0 }, "geometry": { "type": "Polygon", "coordinates": [ [ [ -101.431184270690466, 20.714957258739517 ], [ -101.426611796982201, 20.714957258739481 ], [ -101.426611796982201, 20.710802026153207 ], [ -101.431184270690466, 20.710802026153225 ], [ -101.431184270690466, 20.714957258739517 ] ] ] } },
{ "type": "Feature", "properties": { "difference_1990_2000": 3.0, "difference_1990_2010": 4.0, "difference_1990_2020": 5.0 }, "geometry": { "type": "Polygon", "coordinates": [ [ [ -101.422039323273907, 20.685872994129657 ], [ -101.417466849565614, 20.685872994129657 ], [ -101.417466849565614, 20.681718549086888 ], [ -101.422039323273907, 20.681718549086888 ], [ -101.422039323273907, 20.685872994129657 ] ] ] } },
{ "type": "Feature", "properties": { "difference_1990_2000": 52.0, "difference_1990_2010": 86.0, "difference_1990_2020": 95.0 }, "geometry": { "type": "Polygon", "coordinates": [ [ [ -101.422039323273907, 20.677564216426983 ], [ -101.417466849565614, 20.677564216426983 ], [ -101.417466849565614, 20.673409996119194 ], [ -101.422039323273907, 20.673409996119194 ], [ -101.422039323273907, 20.677564216426983 ] ] ] } },
{ "type": "Feature", "properties": { "difference_1990_2000": 0.0, "difference_1990_2010": 0.0, "difference_1990_2020": 652.0 }, "geometry": { "type": "Polygon", "coordinates": [ [ [ -101.422039323273907, 20.669255888132668 ], [ -101.417466849565614, 20.669255888132668 ], [ -101.417466849565614, 20.665101892436613 ], [ -101.422039323273907, 20.665101892436599 ], [ -101.422039323273907, 20.669255888132668 ] ] ] } },
{ "type": "Feature", "properties": { "difference_1990_2000": 53.0, "difference_1990_2010": 89.0, "difference_1990_2020": 98.0 }, "geometry": { "type": "Polygon", "coordinates": [ [ [ -101.422039323273907, 20.681718549086888 ], [ -101.417466849565614, 20.681718549086888 ], [ -101.417466849565614, 20.677564216426983 ], [ -101.422039323273907, 20.677564216426983 ], [ -101.422039323273907, 20.681718549086888 ] ] ] } },
{ "type": "Feature", "properties": { "difference_1990_2000": 0.0, "difference_1990_2010": 0.0, "difference_1990_2020": 174.0 }, "geometry": { "type": "Polygon", "coordinates": [ [ [ -101.422039323273907, 20.673409996119194 ], [ -101.417466849565614, 20.673409996119194 ], [ -101.417466849565614, 20.669255888132668 ], [ -101.422039323273907, 20.669255888132668 ], [ -101.422039323273907, 20.673409996119194 ] ] ] } },
{ "type": "Feature", "properties": { "difference_1990_2000": 0.0, "difference_1990_2010": 0.0, "difference_1990_2020": 38.0 }, "geometry": { "type": "Polygon", "coordinates": [ [ [ -101.422039323273907, 20.665101892436599 ], [ -101.417466849565614, 20.665101892436613 ], [ -101.417466849565614, 20.660948009000261 ], [ -101.422039323273907, 20.660948009000261 ], [ -101.422039323273907, 20.665101892436599 ] ] ] } },
{ "type": "Feature", "properties": { "difference_1990_2000": 189.0, "difference_1990_2010": 317.0, "difference_1990_2020": 349.0 }, "geometry": { "type": "Polygon", "coordinates": [ [ [ -101.412894375857334, 20.685872994129657 ], [ -101.408321902149055, 20.685872994129657 ], [ -101.408321902149055, 20.681718549086888 ], [ -101.412894375857334, 20.681718549086888 ], [ -101.412894375857334, 20.685872994129657 ] ] ] } },
{ "type": "Feature", "properties": { "difference_1990_2000": 56.0, "difference_1990_2010": 64.0, "difference_1990_2020": 133.0 }, "geometry": { "type": "Polygon", "coordinates": [ [ [ -101.412894375857334, 20.698337003863482 ], [ -101.408321902149055, 20.698337003863482 ], [ -101.408321902149055, 20.694182221487132 ], [ -101.412894375857334, 20.694182221487132 ], [ -101.412894375857334, 20.698337003863482 ] ] ] } },
{ "type": "Feature", "properties": { "difference_1990_2000": 0.0, "difference_1990_2010": 0.0, "difference_1990_2020": 78.0 }, "geometry": { "type": "Polygon", "coordinates": [ [ [ -101.412894375857334, 20.660948009000261 ], [ -101.408321902149055, 20.660948009000261 ], [ -101.408321902149055, 20.656794237792809 ], [ -101.412894375857334, 20.656794237792809 ], [ -101.412894375857334, 20.660948009000261 ] ] ] } },
{ "type": "Feature", "properties": { "difference_1990_2000": 102.0, "difference_1990_2010": 56.0, "difference_1990_2020": 232.0 }, "geometry": { "type": "Polygon", "coordinates": [ [ [ -101.412894375857334, 20.677564216426983 ], [ -101.408321902149055, 20.677564216427005 ], [ -101.408321902149055, 20.673409996119194 ], [ -101.412894375857334, 20.673409996119229 ], [ -101.412894375857334, 20.677564216426983 ] ] ] } },
{ "type": "Feature", "properties": { "difference_1990_2000": 0.0, "difference_1990_2010": 0.0, "difference_1990_2020": 1412.0 }, "geometry": { "type": "Polygon", "coordinates": [ [ [ -101.412894375857334, 20.656794237792809 ], [ -101.408321902149055, 20.656794237792809 ], [ -101.408321902149055, 20.652640578783434 ], [ -101.412894375857334, 20.652640578783458 ], [ -101.412894375857334, 20.656794237792809 ] ] ] } },
{ "type": "Feature", "properties": { "difference_1990_2000": 66.0, "difference_1990_2010": 100.0, "difference_1990_2020": 151.0 }, "geometry": { "type": "Polygon", "coordinates": [ [ [ -101.412894375857334, 20.694182221487132 ], [ -101.408321902149055, 20.694182221487132 ], [ -101.408321902149055, 20.690027551586123 ], [ -101.412894375857334, 20.690027551586123 ], [ -101.412894375857334, 20.694182221487132 ] ] ] } },
{ "type": "Feature", "properties": { "difference_1990_2000": 189.0, "difference_1990_2010": 259.0, "difference_1990_2020": 372.0 }, "geometry": { "type": "Polygon", "coordinates": [ [ [ -101.412894375857334, 20.681718549086888 ], [ -101.408321902149055, 20.681718549086888 ], [ -101.408321902149055, 20.677564216427005 ], [ -101.412894375857334, 20.677564216426983 ], [ -101.412894375857334, 20.681718549086888 ] ] ] } },
{ "type": "Feature", "properties": { "difference_1990_2000": 16.0, "difference_1990_2010": 9.0, "difference_1990_2020": 41.0 }, "geometry": { "type": "Polygon", "coordinates": [ [ [ -101.412894375857334, 20.702491898746068 ], [ -101.408321902149055, 20.7024918987461 ], [ -101.408321902149055, 20.698337003863482 ], [ -101.412894375857334, 20.698337003863482 ], [ -101.412894375857334, 20.702491898746068 ] ] ] } },
{ "type": "Feature", "properties": { "difference_1990_2000": 156.0, "difference_1990_2010": 262.0, "difference_1990_2020": 295.0 }, "geometry": { "type": "Polygon", "coordinates": [ [ [ -101.412894375857334, 20.690027551586123 ], [ -101.408321902149055, 20.690027551586123 ], [ -101.408321902149055, 20.685872994129657 ], [ -101.412894375857334, 20.685872994129657 ], [ -101.412894375857334, 20.690027551586123 ] ] ] } },
{ "type": "Feature", "properties": { "difference_1990_2000": 189.0, "difference_1990_2010": 258.0, "difference_1990_2020": 372.0 }, "geometry": { "type": "Polygon", "coordinates": [ [ [ -101.40374942844079, 20.685872994129657 ], [ -101.399176954732539, 20.685872994129657 ], [ -101.399176954732539, 20.681718549086856 ], [ -101.40374942844079, 20.681718549086888 ], [ -101.40374942844079, 20.685872994129657 ] ] ] } },
{ "type": "Feature", "properties": { "difference_1990_2000": 0.0, "difference_1990_2010": 0.0, "difference_1990_2020": 24.0 }, "geometry": { "type": "Polygon", "coordinates": [ [ [ -101.40374942844079, 20.660948009000261 ], [ -101.399176954732539, 20.660948009000261 ], [ -101.399176954732539, 20.656794237792809 ], [ -101.40374942844079, 20.656794237792809 ], [ -101.40374942844079, 20.660948009000261 ] ] ] } },
{ "type": "Feature", "properties": { "difference_1990_2000": 68.0, "difference_1990_2010": 94.0, "difference_1990_2020": 155.0 }, "geometry": { "type": "Polygon", "coordinates": [ [ [ -101.40374942844079, 20.698337003863518 ], [ -101.399176954732539, 20.698337003863482 ], [ -101.399176954732539, 20.694182221487132 ], [ -101.40374942844079, 20.694182221487132 ], [ -101.40374942844079, 20.698337003863518 ] ] ] } },
{ "type": "Feature", "properties": { "difference_1990_2000": 0.0, "difference_1990_2010": 0.0, "difference_1990_2020": 644.0 }, "geometry": { "type": "Polygon", "coordinates": [ [ [ -101.40374942844079, 20.669255888132668 ], [ -101.399176954732539, 20.669255888132668 ], [ -101.399176954732539, 20.665101892436599 ], [ -101.40374942844079, 20.665101892436613 ], [ -101.40374942844079, 20.669255888132668 ] ] ] } },
{ "type": "Feature", "properties": { "difference_1990_2000": 65.0, "difference_1990_2010": 0.0, "difference_1990_2020": 163.0 }, "geometry": { "type": "Polygon", "coordinates": [ [ [ -101.40374942844079, 20.677564216427005 ], [ -101.399176954732539, 20.677564216426983 ], [ -101.399176954732539, 20.673409996119229 ], [ -101.40374942844079, 20.673409996119229 ], [ -101.40374942844079, 20.677564216427005 ] ] ] } },
{ "type": "Feature", "properties": { "difference_1990_2000": 0.0, "difference_1990_2010": 0.0, "difference_1990_2020": 87.0 }, "geometry": { "type": "Polygon", "coordinates": [ [ [ -101.40374942844079, 20.623568104681421 ], [ -101.399176954732539, 20.623568104681389 ], [ -101.399176954732539, 20.619415342149733 ], [ -101.40374942844079, 20.619415342149733 ], [ -101.40374942844079, 20.623568104681421 ] ] ] } },
{ "type": "Feature", "properties": { "difference_1990_2000": 0.0, "difference_1990_2010": 0.0, "difference_1990_2020": 10.0 }, "geometry": { "type": "Polygon", "coordinates": [ [ [ -101.40374942844079, 20.656794237792809 ], [ -101.399176954732539, 20.656794237792809 ], [ -101.399176954732539, 20.652640578783458 ], [ -101.40374942844079, 20.652640578783473 ], [ -101.40374942844079, 20.656794237792809 ] ] ] } },
{ "type": "Feature", "properties": { "difference_1990_2000": 93.0, "difference_1990_2010": 158.0, "difference_1990_2020": 191.0 }, "geometry": { "type": "Polygon", "coordinates": [ [ [ -101.40374942844079, 20.694182221487132 ], [ -101.399176954732539, 20.694182221487132 ], [ -101.399176954732539, 20.690027551586123 ], [ -101.40374942844079, 20.690027551586159 ], [ -101.40374942844079, 20.694182221487132 ] ] ] } },
{ "type": "Feature", "properties": { "difference_1990_2000": 0.0, "difference_1990_2010": 0.0, "difference_1990_2020": 1034.0 }, "geometry": { "type": "Polygon", "coordinates": [ [ [ -101.40374942844079, 20.619415342149733 ], [ -101.399176954732539, 20.619415342149733 ], [ -101.399176954732539, 20.615262691539549 ], [ -101.40374942844079, 20.615262691539549 ], [ -101.40374942844079, 20.619415342149733 ] ] ] } },
{ "type": "Feature", "properties": { "difference_1990_2000": 0.0, "difference_1990_2010": 0.0, "difference_1990_2020": 160.0 }, "geometry": { "type": "Polygon", "coordinates": [ [ [ -101.40374942844079, 20.615262691539549 ], [ -101.399176954732539, 20.615262691539549 ], [ -101.399176954732539, 20.611110152820039 ], [ -101.40374942844079, 20.611110152820054 ], [ -101.40374942844079, 20.615262691539549 ] ] ] } },
{ "type": "Feature", "properties": { "difference_1990_2000": 137.0, "difference_1990_2010": 1.0, "difference_1990_2020": 342.0 }, "geometry": { "type": "Polygon", "coordinates": [ [ [ -101.40374942844079, 20.681718549086888 ], [ -101.399176954732539, 20.681718549086856 ], [ -101.399176954732539, 20.677564216426983 ], [ -101.40374942844079, 20.677564216427005 ], [ -101.40374942844079, 20.681718549086888 ] ] ] } },
{ "type": "Feature", "properties": { "difference_1990_2000": 0.0, "difference_1990_2010": 0.0, "difference_1990_2020": 211.0 }, "geometry": { "type": "Polygon", "coordinates": [ [ [ -101.40374942844079, 20.673409996119229 ], [ -101.399176954732539, 20.673409996119229 ], [ -101.399176954732539, 20.669255888132668 ], [ -101.40374942844079, 20.669255888132668 ], [ -101.40374942844079, 20.673409996119229 ] ] ] } },
{ "type": "Feature", "properties": { "difference_1990_2000": 3.0, "difference_1990_2010": 0.0, "difference_1990_2020": 9.0 }, "geometry": { "type": "Polygon", "coordinates": [ [ [ -101.40374942844079, 20.702491898746068 ], [ -101.399176954732539, 20.702491898746068 ], [ -101.399176954732539, 20.698337003863482 ], [ -101.40374942844079, 20.698337003863518 ], [ -101.40374942844079, 20.702491898746068 ] ] ] } },
{ "type": "Feature", "properties": { "difference_1990_2000": 188.0, "difference_1990_2010": 314.0, "difference_1990_2020": 347.0 }, "geometry": { "type": "Polygon", "coordinates": [ [ [ -101.40374942844079, 20.690027551586159 ], [ -101.399176954732539, 20.690027551586123 ], [ -101.399176954732539, 20.685872994129657 ], [ -101.40374942844079, 20.685872994129657 ], [ -101.40374942844079, 20.690027551586159 ] ] ] } },
{ "type": "Feature", "properties": { "difference_1990_2000": 0.0, "difference_1990_2010": 0.0, "difference_1990_2020": 109.0 }, "geometry": { "type": "Polygon", "coordinates": [ [ [ -101.40374942844079, 20.665101892436613 ], [ -101.399176954732539, 20.665101892436599 ], [ -101.399176954732539, 20.660948009000261 ], [ -101.40374942844079, 20.660948009000261 ], [ -101.40374942844079, 20.665101892436613 ] ] ] } },
{ "type": "Feature", "properties": { "difference_1990_2000": 84.0, "difference_1990_2010": 139.0, "difference_1990_2020": 220.0 }, "geometry": { "type": "Polygon", "coordinates": [ [ [ -101.39460448102426, 20.685872994129657 ], [ -101.390032007315966, 20.685872994129657 ], [ -101.390032007315966, 20.681718549086888 ], [ -101.39460448102426, 20.681718549086888 ], [ -101.39460448102426, 20.685872994129657 ] ] ] } },
{ "type": "Feature", "properties": { "difference_1990_2000": 0.0, "difference_1990_2010": 0.0, "difference_1990_2020": 27.0 }, "geometry": { "type": "Polygon", "coordinates": [ [ [ -101.39460448102426, 20.706646906165695 ], [ -101.390032007315966, 20.706646906165695 ], [ -101.390032007315966, 20.702491898746068 ], [ -101.39460448102426, 20.702491898746068 ], [ -101.39460448102426, 20.706646906165695 ] ] ] } },
{ "type": "Feature", "properties": { "difference_1990_2000": 0.0, "difference_1990_2010": 206.0, "difference_1990_2020": 1440.0 }, "geometry": { "type": "Polygon", "coordinates": [ [ [ -101.39460448102426, 20.660948009000261 ], [ -101.390032007315966, 20.660948009000261 ], [ -101.390032007315966, 20.656794237792809 ], [ -101.39460448102426, 20.656794237792809 ], [ -101.39460448102426, 20.660948009000261 ] ] ] } },
{ "type": "Feature", "properties": { "difference_1990_2000": 0.0, "difference_1990_2010": 0.0, "difference_1990_2020": 161.0 }, "geometry": { "type": "Polygon", "coordinates": [ [ [ -101.39460448102426, 20.698337003863518 ], [ -101.390032007315966, 20.698337003863482 ], [ -101.390032007315966, 20.694182221487132 ], [ -101.39460448102426, 20.69418222148715 ], [ -101.39460448102426, 20.698337003863518 ] ] ] } },
{ "type": "Feature", "properties": { "difference_1990_2000": 0.0, "difference_1990_2010": 0.0, "difference_1990_2020": 562.0 }, "geometry": { "type": "Polygon", "coordinates": [ [ [ -101.39460448102426, 20.677564216427005 ], [ -101.390032007315966, 20.677564216426983 ], [ -101.390032007315966, 20.673409996119194 ], [ -101.39460448102426, 20.673409996119229 ], [ -101.39460448102426, 20.677564216427005 ] ] ] } },
{ "type": "Feature", "properties": { "difference_1990_2000": 0.0, "difference_1990_2010": 1.0, "difference_1990_2020": 1690.0 }, "geometry": { "type": "Polygon", "coordinates": [ [ [ -101.39460448102426, 20.656794237792809 ], [ -101.390032007315966, 20.656794237792809 ], [ -101.390032007315966, 20.652640578783458 ], [ -101.39460448102426, 20.652640578783473 ], [ -101.39460448102426, 20.656794237792809 ] ] ] } },
{ "type": "Feature", "properties": { "difference_1990_2000": 0.0, "difference_1990_2010": 0.0, "difference_1990_2020": 80.0 }, "geometry": { "type": "Polygon", "coordinates": [ [ [ -101.39460448102426, 20.619415342149733 ], [ -101.390032007315966, 20.619415342149733 ], [ -101.390032007315966, 20.615262691539549 ], [ -101.39460448102426, 20.615262691539549 ], [ -101.39460448102426, 20.619415342149733 ] ] ] } },
{ "type": "Feature", "properties": { "difference_1990_2000": 0.0, "difference_1990_2010": 0.0, "difference_1990_2020": 22.0 }, "geometry": { "type": "Polygon", "coordinates": [ [ [ -101.39460448102426, 20.615262691539549 ], [ -101.390032007315966, 20.615262691539549 ], [ -101.390032007315966, 20.611110152820039 ], [ -101.39460448102426, 20.611110152820039 ], [ -101.39460448102426, 20.615262691539549 ] ] ] } },
{ "type": "Feature", "properties": { "difference_1990_2000": 9.0, "difference_1990_2010": 15.0, "difference_1990_2020": 61.0 }, "geometry": { "type": "Polygon", "coordinates": [ [ [ -101.39460448102426, 20.69418222148715 ], [ -101.390032007315966, 20.694182221487132 ], [ -101.390032007315966, 20.690027551586123 ], [ -101.39460448102426, 20.690027551586123 ], [ -101.39460448102426, 20.69418222148715 ] ] ] } },
{ "type": "Feature", "properties": { "difference_1990_2000": 281.0, "difference_1990_2010": 194.0, "difference_1990_2020": 2533.0 }, "geometry": { "type": "Polygon", "coordinates": [ [ [ -101.39460448102426, 20.648487031941446 ], [ -101.390032007315966, 20.648487031941446 ], [ -101.390032007315966, 20.644333597236013 ], [ -101.39460448102426, 20.644333597236013 ], [ -101.39460448102426, 20.648487031941446 ] ] ] } },
{ "type": "Feature", "properties": { "difference_1990_2000": 5.0, "difference_1990_2010": 9.0, "difference_1990_2020": 8.0 }, "geometry": { "type": "Polygon", "coordinates": [ [ [ -101.39460448102426, 20.640180274636439 ], [ -101.390032007315966, 20.640180274636439 ], [ -101.390032007315966, 20.636027064111921 ], [ -101.39460448102426, 20.636027064111957 ], [ -101.39460448102426, 20.640180274636439 ] ] ] } },
{ "type": "Feature", "properties": { "difference_1990_2000": 2.0, "difference_1990_2010": 0.0, "difference_1990_2020": 262.0 }, "geometry": { "type": "Polygon", "coordinates": [ [ [ -101.39460448102426, 20.681718549086888 ], [ -101.390032007315966, 20.681718549086888 ], [ -101.390032007315966, 20.677564216426983 ], [ -101.39460448102426, 20.677564216427005 ], [ -101.39460448102426, 20.681718549086888 ] ] ] } },
{ "type": "Feature", "properties": { "difference_1990_2000": 0.0, "difference_1990_2010": 0.0, "difference_1990_2020": 70.0 }, "geometry": { "type": "Polygon", "coordinates": [ [ [ -101.39460448102426, 20.673409996119229 ], [ -101.390032007315966, 20.673409996119194 ], [ -101.390032007315966, 20.669255888132668 ], [ -101.39460448102426, 20.669255888132668 ], [ -101.39460448102426, 20.673409996119229 ] ] ] } },
{ "type": "Feature", "properties": { "difference_1990_2000": 190.0, "difference_1990_2010": 173.0, "difference_1990_2020": 950.0 }, "geometry": { "type": "Polygon", "coordinates": [ [ [ -101.39460448102426, 20.644333597236013 ], [ -101.390032007315966, 20.644333597236013 ], [ -101.390032007315966, 20.640180274636439 ], [ -101.39460448102426, 20.640180274636439 ], [ -101.39460448102426, 20.644333597236013 ] ] ] } },
{ "type": "Feature", "properties": { "difference_1990_2000": 0.0, "difference_1990_2010": 0.0, "difference_1990_2020": 121.0 }, "geometry": { "type": "Polygon", "coordinates": [ [ [ -101.39460448102426, 20.702491898746068 ], [ -101.390032007315966, 20.702491898746068 ], [ -101.390032007315966, 20.698337003863482 ], [ -101.39460448102426, 20.698337003863518 ], [ -101.39460448102426, 20.702491898746068 ] ] ] } },
{ "type": "Feature", "properties": { "difference_1990_2000": 62.0, "difference_1990_2010": 104.0, "difference_1990_2020": 115.0 }, "geometry": { "type": "Polygon", "coordinates": [ [ [ -101.39460448102426, 20.690027551586123 ], [ -101.390032007315966, 20.690027551586123 ], [ -101.390032007315966, 20.685872994129657 ], [ -101.39460448102426, 20.685872994129657 ], [ -101.39460448102426, 20.690027551586123 ] ] ] } },
{ "type": "Feature", "properties": { "difference_1990_2000": 1.0, "difference_1990_2010": 0.0, "difference_1990_2020": 1240.0 }, "geometry": { "type": "Polygon", "coordinates": [ [ [ -101.39460448102426, 20.652640578783473 ], [ -101.390032007315966, 20.652640578783458 ], [ -101.390032007315966, 20.648487031941446 ], [ -101.39460448102426, 20.648487031941446 ], [ -101.39460448102426, 20.652640578783473 ] ] ] } },
{ "type": "Feature", "properties": { "difference_1990_2000": 1.0, "difference_1990_2010": 4.0, "difference_1990_2020": 334.0 }, "geometry": { "type": "Polygon", "coordinates": [ [ [ -101.39460448102426, 20.665101892436653 ], [ -101.390032007315966, 20.665101892436613 ], [ -101.390032007315966, 20.660948009000261 ], [ -101.39460448102426, 20.660948009000261 ], [ -101.39460448102426, 20.665101892436653 ] ] ] } },
{ "type": "Feature", "properties": { "difference_1990_2000": 0.0, "difference_1990_2010": 294.0, "difference_1990_2020": 344.0 }, "geometry": { "type": "Polygon", "coordinates": [ [ [ -101.385459533607687, 20.685872994129657 ], [ -101.380887059899393, 20.685872994129657 ], [ -101.380887059899393, 20.681718549086888 ], [ -101.385459533607687, 20.681718549086888 ], [ -101.385459533607687, 20.685872994129657 ] ] ] } },
{ "type": "Feature", "properties": { "difference_1990_2000": 182.0, "difference_1990_2010": 1234.0, "difference_1990_2020": 1588.0 }, "geometry": { "type": "Polygon", "coordinates": [ [ [ -101.385459533607687, 20.660948009000229 ], [ -101.380887059899393, 20.660948009000261 ], [ -101.380887059899393, 20.656794237792809 ], [ -101.385459533607687, 20.656794237792809 ], [ -101.385459533607687, 20.660948009000229 ] ] ] } },
{ "type": "Feature", "properties": { "difference_1990_2000": 4.0, "difference_1990_2010": 4.0, "difference_1990_2020": 3.0 }, "geometry": { "type": "Polygon", "coordinates": [ [ [ -101.385459533607687, 20.698337003863482 ], [ -101.380887059899393, 20.698337003863482 ], [ -101.380887059899393, 20.6941822214871 ], [ -101.385459533607687, 20.69418222148715 ], [ -101.385459533607687, 20.698337003863482 ] ] ] } },
{ "type": "Feature", "properties": { "difference_1990_2000": 0.0, "difference_1990_2010": 1427.0, "difference_1990_2020": 1457.0 }, "geometry": { "type": "Polygon", "coordinates": [ [ [ -101.385459533607687, 20.677564216427005 ], [ -101.380887059899393, 20.677564216426948 ], [ -101.380887059899393, 20.673409996119194 ], [ -101.385459533607687, 20.673409996119229 ], [ -101.385459533607687, 20.677564216427005 ] ] ] } },
{ "type": "Feature", "properties": { "difference_1990_2000": 68.0, "difference_1990_2010": 621.0, "difference_1990_2020": 811.0 }, "geometry": { "type": "Polygon", "coordinates": [ [ [ -101.385459533607687, 20.669255888132685 ], [ -101.380887059899393, 20.669255888132685 ], [ -101.380887059899393, 20.665101892436599 ], [ -101.385459533607687, 20.665101892436613 ], [ -101.385459533607687, 20.669255888132685 ] ] ] } },
{ "type": "Feature", "properties": { "difference_1990_2000": 0.0, "difference_1990_2010": 805.0, "difference_1990_2020": 1005.0 }, "geometry": { "type": "Polygon", "coordinates": [ [ [ -101.385459533607687, 20.656794237792809 ], [ -101.380887059899393, 20.656794237792809 ], [ -101.380887059899393, 20.652640578783473 ], [ -101.385459533607687, 20.652640578783458 ], [ -101.385459533607687, 20.656794237792809 ] ] ] } },
{ "type": "Feature", "properties": { "difference_1990_2000": 889.0, "difference_1990_2010": 1869.0, "difference_1990_2020": 1999.0 }, "geometry": { "type": "Polygon", "coordinates": [ [ [ -101.385459533607687, 20.648487031941468 ], [ -101.380887059899393, 20.648487031941468 ], [ -101.380887059899393, 20.644333597236013 ], [ -101.385459533607687, 20.644333597236013 ], [ -101.385459533607687, 20.648487031941468 ] ] ] } },
{ "type": "Feature", "properties": { "difference_1990_2000": 88.0, "difference_1990_2010": 145.0, "difference_1990_2020": 139.0 }, "geometry": { "type": "Polygon", "coordinates": [ [ [ -101.385459533607687, 20.640180274636439 ], [ -101.380887059899393, 20.640180274636439 ], [ -101.380887059899393, 20.636027064111921 ], [ -101.385459533607687, 20.636027064111921 ], [ -101.385459533607687, 20.640180274636439 ] ] ] } },
{ "type": "Feature", "properties": { "difference_1990_2000": 0.0, "difference_1990_2010": 994.0, "difference_1990_2020": 1021.0 }, "geometry": { "type": "Polygon", "coordinates": [ [ [ -101.385459533607687, 20.681718549086888 ], [ -101.380887059899393, 20.681718549086888 ], [ -101.380887059899393, 20.677564216426948 ], [ -101.385459533607687, 20.677564216427005 ], [ -101.385459533607687, 20.681718549086888 ] ] ] } },
{ "type": "Feature", "properties": { "difference_1990_2000": -2.0, "difference_1990_2010": 265.0, "difference_1990_2020": 455.0 }, "geometry": { "type": "Polygon", "coordinates": [ [ [ -101.385459533607687, 20.673409996119229 ], [ -101.380887059899393, 20.673409996119194 ], [ -101.380887059899393, 20.669255888132685 ], [ -101.385459533607687, 20.669255888132685 ], [ -101.385459533607687, 20.673409996119229 ] ] ] } },
{ "type": "Feature", "properties": { "difference_1990_2000": 905.0, "difference_1990_2010": 1505.0, "difference_1990_2020": 1437.0 }, "geometry": { "type": "Polygon", "coordinates": [ [ [ -101.385459533607687, 20.644333597236013 ], [ -101.380887059899393, 20.644333597236013 ], [ -101.380887059899393, 20.640180274636439 ], [ -101.385459533607687, 20.640180274636439 ], [ -101.385459533607687, 20.644333597236013 ] ] ] } },
{ "type": "Feature", "properties": { "difference_1990_2000": 0.0, "difference_1990_2010": 0.0, "difference_1990_2020": 7.0 }, "geometry": { "type": "Polygon", "coordinates": [ [ [ -101.385459533607687, 20.690027551586123 ], [ -101.380887059899393, 20.690027551586123 ], [ -101.380887059899393, 20.685872994129657 ], [ -101.385459533607687, 20.685872994129657 ], [ -101.385459533607687, 20.690027551586123 ] ] ] } },
{ "type": "Feature", "properties": { "difference_1990_2000": 1252.0, "difference_1990_2010": 1965.0, "difference_1990_2020": 2375.0 }, "geometry": { "type": "Polygon", "coordinates": [ [ [ -101.385459533607687, 20.652640578783458 ], [ -101.380887059899393, 20.652640578783473 ], [ -101.380887059899393, 20.648487031941468 ], [ -101.385459533607687, 20.648487031941468 ], [ -101.385459533607687, 20.652640578783458 ] ] ] } },
{ "type": "Feature", "properties": { "difference_1990_2000": 394.0, "difference_1990_2010": 1246.0, "difference_1990_2020": 1692.0 }, "geometry": { "type": "Polygon", "coordinates": [ [ [ -101.385459533607687, 20.665101892436613 ], [ -101.380887059899393, 20.665101892436599 ], [ -101.380887059899393, 20.660948009000261 ], [ -101.385459533607687, 20.660948009000229 ], [ -101.385459533607687, 20.665101892436613 ] ] ] } },
{ "type": "Feature", "properties": { "difference_1990_2000": 0.0, "difference_1990_2010": 9.0, "difference_1990_2020": 6.0 }, "geometry": { "type": "Polygon", "coordinates": [ [ [ -101.385459533607687, 20.731579315689473 ], [ -101.380887059899393, 20.731579315689437 ], [ -101.380887059899393, 20.72742363239945 ], [ -101.385459533607687, 20.72742363239945 ], [ -101.385459533607687, 20.731579315689473 ] ] ] } },
{ "type": "Feature", "properties": { "difference_1990_2000": 56.0, "difference_1990_2010": 276.0, "difference_1990_2020": 348.0 }, "geometry": { "type": "Polygon", "coordinates": [ [ [ -101.376314586191128, 20.723268061831735 ], [ -101.371742112482877, 20.723268061831735 ], [ -101.371742112482877, 20.719112603955377 ], [ -101.376314586191128, 20.719112603955395 ], [ -101.376314586191128, 20.723268061831735 ] ] ] } },
{ "type": "Feature", "properties": { "difference_1990_2000": 27.0, "difference_1990_2010": 28.0, "difference_1990_2020": 29.0 }, "geometry": { "type": "Polygon", "coordinates": [ [ [ -101.376314586191128, 20.598653207698643 ], [ -101.371742112482877, 20.598653207698643 ], [ -101.371742112482877, 20.594501116234913 ], [ -101.376314586191128, 20.594501116234913 ], [ -101.376314586191128, 20.598653207698643 ] ] ] } },
{ "type": "Feature", "properties": { "difference_1990_2000": 1.0, "difference_1990_2010": 0.0, "difference_1990_2020": 6.0 }, "geometry": { "type": "Polygon", "coordinates": [ [ [ -101.376314586191128, 20.735735111732602 ], [ -101.371742112482877, 20.735735111732581 ], [ -101.371742112482877, 20.731579315689437 ], [ -101.376314586191128, 20.731579315689473 ], [ -101.376314586191128, 20.735735111732602 ] ] ] } },
{ "type": "Feature", "properties": { "difference_1990_2000": 137.0, "difference_1990_2010": 134.0, "difference_1990_2020": 147.0 }, "geometry": { "type": "Polygon", "coordinates": [ [ [ -101.376314586191128, 20.594501116234913 ], [ -101.371742112482877, 20.594501116234913 ], [ -101.371742112482877, 20.59034913650839 ], [ -101.376314586191128, 20.59034913650839 ], [ -101.376314586191128, 20.594501116234913 ] ] ] } },
{ "type": "Feature", "properties": { "difference_1990_2000": 1013.0, "difference_1990_2010": 1597.0, "difference_1990_2020": 1751.0 }, "geometry": { "type": "Polygon", "coordinates": [ [ [ -101.376314586191128, 20.685872994129657 ], [ -101.371742112482877, 20.685872994129657 ], [ -101.371742112482877, 20.681718549086888 ], [ -101.376314586191128, 20.681718549086888 ], [ -101.376314586191128, 20.685872994129657 ] ] ] } },
{ "type": "Feature", "properties": { "difference_1990_2000": 534.0, "difference_1990_2010": 941.0, "difference_1990_2020": 995.0 }, "geometry": { "type": "Polygon", "coordinates": [ [ [ -101.376314586191128, 20.706646906165695 ], [ -101.371742112482877, 20.706646906165695 ], [ -101.371742112482877, 20.7024918987461 ], [ -101.376314586191128, 20.702491898746068 ], [ -101.376314586191128, 20.706646906165695 ] ] ] } },
{ "type": "Feature", "properties": { "difference_1990_2000": 473.0, "difference_1990_2010": 538.0, "difference_1990_2020": 460.0 }, "geometry": { "type": "Polygon", "coordinates": [ [ [ -101.376314586191128, 20.698337003863482 ], [ -101.371742112482877, 20.698337003863482 ], [ -101.371742112482877, 20.6941822214871 ], [ -101.376314586191128, 20.69418222148715 ], [ -101.376314586191128, 20.698337003863482 ] ] ] } },
{ "type": "Feature", "properties": { "difference_1990_2000": 42.0, "difference_1990_2010": 199.0, "difference_1990_2020": 251.0 }, "geometry": { "type": "Polygon", "coordinates": [ [ [ -101.376314586191128, 20.719112603955342 ], [ -101.371742112482877, 20.719112603955342 ], [ -101.371742112482877, 20.714957258739464 ], [ -101.376314586191128, 20.714957258739481 ], [ -101.376314586191128, 20.719112603955342 ] ] ] } },
{ "type": "Feature", "properties": { "difference_1990_2000": 1111.0, "difference_1990_2010": 1616.0, "difference_1990_2020": 1604.0 }, "geometry": { "type": "Polygon", "coordinates": [ [ [ -101.376314586191128, 20.660948009000261 ], [ -101.371742112482877, 20.660948009000229 ], [ -101.371742112482877, 20.656794237792809 ], [ -101.376314586191128, 20.656794237792809 ], [ -101.376314586191128, 20.660948009000261 ] ] ] } },
{ "type": "Feature", "properties": { "difference_1990_2000": 345.0, "difference_1990_2010": 961.0, "difference_1990_2020": 1075.0 }, "geometry": { "type": "Polygon", "coordinates": [ [ [ -101.376314586191128, 20.710802026153207 ], [ -101.371742112482877, 20.710802026153207 ], [ -101.371742112482877, 20.706646906165695 ], [ -101.376314586191128, 20.706646906165695 ], [ -101.376314586191128, 20.710802026153207 ] ] ] } },
{ "type": "Feature", "properties": { "difference_1990_2000": 133.0, "difference_1990_2010": 655.0, "difference_1990_2020": 830.0 }, "geometry": { "type": "Polygon", "coordinates": [ [ [ -101.376314586191128, 20.72742363239945 ], [ -101.371742112482877, 20.72742363239945 ], [ -101.371742112482877, 20.723268061831735 ], [ -101.376314586191128, 20.723268061831735 ], [ -101.376314586191128, 20.72742363239945 ] ] ] } },
{ "type": "Feature", "properties": { "difference_1990_2000": 142.0, "difference_1990_2010": 690.0, "difference_1990_2020": 590.0 }, "geometry": { "type": "Polygon", "coordinates": [ [ [ -101.376314586191128, 20.677564216426983 ], [ -101.371742112482877, 20.677564216426983 ], [ -101.371742112482877, 20.673409996119229 ], [ -101.376314586191128, 20.673409996119194 ], [ -101.376314586191128, 20.677564216426983 ] ] ] } },
{ "type": "Feature", "properties": { "difference_1990_2000": -501.0, "difference_1990_2010": -390.0, "difference_1990_2020": -499.0 }, "geometry": { "type": "Polygon", "coordinates": [ [ [ -101.376314586191128, 20.669255888132685 ], [ -101.371742112482877, 20.669255888132668 ], [ -101.371742112482877, 20.665101892436599 ], [ -101.376314586191128, 20.665101892436613 ], [ -101.376314586191128, 20.669255888132685 ] ] ] } },
{ "type": "Feature", "properties": { "difference_1990_2000": 689.0, "difference_1990_2010": 890.0, "difference_1990_2020": 1009.0 }, "geometry": { "type": "Polygon", "coordinates": [ [ [ -101.376314586191128, 20.656794237792809 ], [ -101.371742112482877, 20.656794237792809 ], [ -101.371742112482877, 20.652640578783434 ], [ -101.376314586191128, 20.652640578783473 ], [ -101.376314586191128, 20.656794237792809 ] ] ] } },
{ "type": "Feature", "properties": { "difference_1990_2000": 22.0, "difference_1990_2010": 23.0, "difference_1990_2020": 23.0 }, "geometry": { "type": "Polygon", "coordinates": [ [ [ -101.376314586191128, 20.59034913650839 ], [ -101.371742112482877, 20.59034913650839 ], [ -101.371742112482877, 20.586197268488434 ], [ -101.376314586191128, 20.586197268488448 ], [ -101.376314586191128, 20.59034913650839 ] ] ] } },
{ "type": "Feature", "properties": { "difference_1990_2000": 846.0, "difference_1990_2010": 1217.0, "difference_1990_2020": 1160.0 }, "geometry": { "type": "Polygon", "coordinates": [ [ [ -101.376314586191128, 20.69418222148715 ], [ -101.371742112482877, 20.6941822214871 ], [ -101.371742112482877, 20.690027551586123 ], [ -101.376314586191128, 20.690027551586123 ], [ -101.376314586191128, 20.69418222148715 ] ] ] } },
{ "type": "Feature", "properties": { "difference_1990_2000": 0.0, "difference_1990_2010": 0.0, "difference_1990_2020": 724.0 }, "geometry": { "type": "Polygon", "coordinates": [ [ [ -101.376314586191128, 20.823032929390603 ], [ -101.371742112482877, 20.823032929390603 ], [ -101.371742112482877, 20.818874758384158 ], [ -101.376314586191128, 20.818874758384158 ], [ -101.376314586191128, 20.823032929390603 ] ] ] } },
{ "type": "Feature", "properties": { "difference_1990_2000": 71.0, "difference_1990_2010": 118.0, "difference_1990_2020": 239.0 }, "geometry": { "type": "Polygon", "coordinates": [ [ [ -101.376314586191128, 20.648487031941446 ], [ -101.371742112482877, 20.648487031941414 ], [ -101.371742112482877, 20.644333597236013 ], [ -101.376314586191128, 20.644333597236013 ], [ -101.376314586191128, 20.648487031941446 ] ] ] } },
{ "type": "Feature", "properties": { "difference_1990_2000": 866.0, "difference_1990_2010": 1591.0, "difference_1990_2020": 1729.0 }, "geometry": { "type": "Polygon", "coordinates": [ [ [ -101.376314586191128, 20.681718549086888 ], [ -101.371742112482877, 20.681718549086888 ], [ -101.371742112482877, 20.677564216426983 ], [ -101.376314586191128, 20.677564216426983 ], [ -101.376314586191128, 20.681718549086888 ] ] ] } },
{ "type": "Feature", "properties": { "difference_1990_2000": -629.0, "difference_1990_2010": -548.0, "difference_1990_2020": -653.0 }, "geometry": { "type": "Polygon", "coordinates": [ [ [ -101.376314586191128, 20.673409996119194 ], [ -101.371742112482877, 20.673409996119229 ], [ -101.371742112482877, 20.669255888132668 ], [ -101.376314586191128, 20.669255888132685 ], [ -101.376314586191128, 20.673409996119194 ] ] ] } },
{ "type": "Feature", "properties": { "difference_1990_2000": 0.0, "difference_1990_2010": 0.0, "difference_1990_2020": 2.0 }, "geometry": { "type": "Polygon", "coordinates": [ [ [ -101.376314586191128, 20.831349611737753 ], [ -101.371742112482877, 20.831349611737753 ], [ -101.371742112482877, 20.827191213831465 ], [ -101.376314586191128, 20.827191213831426 ], [ -101.376314586191128, 20.831349611737753 ] ] ] } },
{ "type": "Feature", "properties": { "difference_1990_2000": 689.0, "difference_1990_2010": 670.0, "difference_1990_2020": 544.0 }, "geometry": { "type": "Polygon", "coordinates": [ [ [ -101.376314586191128, 20.702491898746068 ], [ -101.371742112482877, 20.7024918987461 ], [ -101.371742112482877, 20.698337003863482 ], [ -101.376314586191128, 20.698337003863482 ], [ -101.376314586191128, 20.702491898746068 ] ] ] } },
{ "type": "Feature", "properties": { "difference_1990_2000": 882.0, "difference_1990_2010": 1419.0, "difference_1990_2020": 1531.0 }, "geometry": { "type": "Polygon", "coordinates": [ [ [ -101.376314586191128, 20.690027551586123 ], [ -101.371742112482877, 20.690027551586123 ], [ -101.371742112482877, 20.685872994129657 ], [ -101.376314586191128, 20.685872994129657 ], [ -101.376314586191128, 20.690027551586123 ] ] ] } },
{ "type": "Feature", "properties": { "difference_1990_2000": 0.0, "difference_1990_2010": 0.0, "difference_1990_2020": 891.0 }, "geometry": { "type": "Polygon", "coordinates": [ [ [ -101.376314586191128, 20.827191213831426 ], [ -101.371742112482877, 20.827191213831465 ], [ -101.371742112482877, 20.823032929390603 ], [ -101.376314586191128, 20.823032929390603 ], [ -101.376314586191128, 20.827191213831426 ] ] ] } },
{ "type": "Feature", "properties": { "difference_1990_2000": 2114.0, "difference_1990_2010": 2567.0, "difference_1990_2020": 2343.0 }, "geometry": { "type": "Polygon", "coordinates": [ [ [ -101.376314586191128, 20.665101892436613 ], [ -101.371742112482877, 20.665101892436599 ], [ -101.371742112482877, 20.660948009000229 ], [ -101.376314586191128, 20.660948009000261 ], [ -101.376314586191128, 20.665101892436613 ] ] ] } },
{ "type": "Feature", "properties": { "difference_1990_2000": 627.0, "difference_1990_2010": 832.0, "difference_1990_2020": 946.0 }, "geometry": { "type": "Polygon", "coordinates": [ [ [ -101.376314586191128, 20.652640578783473 ], [ -101.371742112482877, 20.652640578783434 ], [ -101.371742112482877, 20.648487031941414 ], [ -101.376314586191128, 20.648487031941446 ], [ -101.376314586191128, 20.652640578783473 ] ] ] } },
{ "type": "Feature", "properties": { "difference_1990_2000": 0.0, "difference_1990_2010": 158.0, "difference_1990_2020": 130.0 }, "geometry": { "type": "Polygon", "coordinates": [ [ [ -101.376314586191128, 20.714957258739481 ], [ -101.371742112482877, 20.714957258739464 ], [ -101.371742112482877, 20.710802026153207 ], [ -101.376314586191128, 20.710802026153207 ], [ -101.376314586191128, 20.714957258739481 ] ] ] } },
{ "type": "Feature", "properties": { "difference_1990_2000": 106.0, "difference_1990_2010": 321.0, "difference_1990_2020": 662.0 }, "geometry": { "type": "Polygon", "coordinates": [ [ [ -101.376314586191128, 20.731579315689473 ], [ -101.371742112482877, 20.731579315689437 ], [ -101.371742112482877, 20.72742363239945 ], [ -101.376314586191128, 20.72742363239945 ], [ -101.376314586191128, 20.731579315689473 ] ] ] } },
{ "type": "Feature", "properties": { "difference_1990_2000": 135.0, "difference_1990_2010": 316.0, "difference_1990_2020": 512.0 }, "geometry": { "type": "Polygon", "coordinates": [ [ [ -101.367169638774598, 20.723268061831735 ], [ -101.362597165066305, 20.723268061831735 ], [ -101.362597165066305, 20.719112603955342 ], [ -101.367169638774598, 20.719112603955377 ], [ -101.367169638774598, 20.723268061831735 ] ] ] } },
{ "type": "Feature", "properties": { "difference_1990_2000": 436.0, "difference_1990_2010": 451.0, "difference_1990_2020": 465.0 }, "geometry": { "type": "Polygon", "coordinates": [ [ [ -101.367169638774598, 20.598653207698643 ], [ -101.362597165066305, 20.598653207698643 ], [ -101.362597165066305, 20.594501116234913 ], [ -101.367169638774598, 20.594501116234881 ], [ -101.367169638774598, 20.598653207698643 ] ] ] } },
{ "type": "Feature", "properties": { "difference_1990_2000": 274.0, "difference_1990_2010": 270.0, "difference_1990_2020": 292.0 }, "geometry": { "type": "Polygon", "coordinates": [ [ [ -101.367169638774598, 20.594501116234881 ], [ -101.362597165066305, 20.594501116234913 ], [ -101.362597165066305, 20.59034913650839 ], [ -101.367169638774598, 20.59034913650839 ], [ -101.367169638774598, 20.594501116234881 ] ] ] } },
{ "type": "Feature", "properties": { "difference_1990_2000": -955.0, "difference_1990_2010": -934.0, "difference_1990_2020": -1045.0 }, "geometry": { "type": "Polygon", "coordinates": [ [ [ -101.367169638774598, 20.685872994129657 ], [ -101.362597165066305, 20.685872994129657 ], [ -101.362597165066305, 20.681718549086856 ], [ -101.367169638774598, 20.681718549086888 ], [ -101.367169638774598, 20.685872994129657 ] ] ] } },
{ "type": "Feature", "properties": { "difference_1990_2000": -552.0, "difference_1990_2010": -23.0, "difference_1990_2020": 2.0 }, "geometry": { "type": "Polygon", "coordinates": [ [ [ -101.367169638774598, 20.706646906165695 ], [ -101.362597165066305, 20.706646906165659 ], [ -101.362597165066305, 20.702491898746068 ], [ -101.367169638774598, 20.702491898746068 ], [ -101.367169638774598, 20.706646906165695 ] ] ] } },
{ "type": "Feature", "properties": { "difference_1990_2000": 601.0, "difference_1990_2010": 798.0, "difference_1990_2020": 839.0 }, "geometry": { "type": "Polygon", "coordinates": [ [ [ -101.367169638774598, 20.698337003863482 ], [ -101.362597165066305, 20.698337003863482 ], [ -101.362597165066305, 20.694182221487132 ], [ -101.367169638774598, 20.694182221487132 ], [ -101.367169638774598, 20.698337003863482 ] ] ] } },
{ "type": "Feature", "properties": { "difference_1990_2000": 274.0, "difference_1990_2010": 105.0, "difference_1990_2020": 200.0 }, "geometry": { "type": "Polygon", "coordinates": [ [ [ -101.367169638774598, 20.719112603955342 ], [ -101.362597165066305, 20.719112603955342 ], [ -101.362597165066305, 20.714957258739464 ], [ -101.367169638774598, 20.714957258739481 ], [ -101.367169638774598, 20.719112603955342 ] ] ] } },
{ "type": "Feature", "properties": { "difference_1990_2000": 790.0, "difference_1990_2010": 924.0, "difference_1990_2020": 709.0 }, "geometry": { "type": "Polygon", "coordinates": [ [ [ -101.367169638774598, 20.660948009000261 ], [ -101.362597165066305, 20.660948009000261 ], [ -101.362597165066305, 20.656794237792809 ], [ -101.367169638774598, 20.656794237792809 ], [ -101.367169638774598, 20.660948009000261 ] ] ] } },
{ "type": "Feature", "properties": { "difference_1990_2000": 136.0, "difference_1990_2010": 708.0, "difference_1990_2020": 883.0 }, "geometry": { "type": "Polygon", "coordinates": [ [ [ -101.367169638774598, 20.710802026153207 ], [ -101.362597165066305, 20.710802026153207 ], [ -101.362597165066305, 20.706646906165659 ], [ -101.367169638774598, 20.706646906165695 ], [ -101.367169638774598, 20.710802026153207 ] ] ] } },
{ "type": "Feature", "properties": { "difference_1990_2000": 35.0, "difference_1990_2010": 294.0, "difference_1990_2020": 1492.0 }, "geometry": { "type": "Polygon", "coordinates": [ [ [ -101.367169638774598, 20.72742363239945 ], [ -101.362597165066305, 20.72742363239945 ], [ -101.362597165066305, 20.723268061831735 ], [ -101.367169638774598, 20.723268061831735 ], [ -101.367169638774598, 20.72742363239945 ] ] ] } },
{ "type": "Feature", "properties": { "difference_1990_2000": -378.0, "difference_1990_2010": -503.0, "difference_1990_2020": -648.0 }, "geometry": { "type": "Polygon", "coordinates": [ [ [ -101.367169638774598, 20.677564216427005 ], [ -101.362597165066305, 20.677564216426983 ], [ -101.362597165066305, 20.673409996119194 ], [ -101.367169638774598, 20.673409996119229 ], [ -101.367169638774598, 20.677564216427005 ] ] ] } },
{ "type": "Feature", "properties": { "difference_1990_2000": -458.0, "difference_1990_2010": -1098.0, "difference_1990_2020": -1465.0 }, "geometry": { "type": "Polygon", "coordinates": [ [ [ -101.367169638774598, 20.669255888132685 ], [ -101.362597165066305, 20.669255888132668 ], [ -101.362597165066305, 20.665101892436599 ], [ -101.367169638774598, 20.665101892436613 ], [ -101.367169638774598, 20.669255888132685 ] ] ] } },
{ "type": "Feature", "properties": { "difference_1990_2000": 948.0, "difference_1990_2010": 1239.0, "difference_1990_2020": 1147.0 }, "geometry": { "type": "Polygon", "coordinates": [ [ [ -101.367169638774598, 20.656794237792809 ], [ -101.362597165066305, 20.656794237792809 ], [ -101.362597165066305, 20.652640578783458 ], [ -101.367169638774598, 20.652640578783458 ], [ -101.367169638774598, 20.656794237792809 ] ] ] } },
{ "type": "Feature", "properties": { "difference_1990_2000": 534.0, "difference_1990_2010": 615.0, "difference_1990_2020": 507.0 }, "geometry": { "type": "Polygon", "coordinates": [ [ [ -101.367169638774598, 20.694182221487132 ], [ -101.362597165066305, 20.694182221487132 ], [ -101.362597165066305, 20.690027551586123 ], [ -101.367169638774598, 20.690027551586123 ], [ -101.367169638774598, 20.694182221487132 ] ] ] } },
{ "type": "Feature", "properties": { "difference_1990_2000": 8.0, "difference_1990_2010": 52.0, "difference_1990_2020": 237.0 }, "geometry": { "type": "Polygon", "coordinates": [ [ [ -101.367169638774598, 20.648487031941414 ], [ -101.362597165066305, 20.648487031941468 ], [ -101.362597165066305, 20.644333597236013 ], [ -101.367169638774598, 20.644333597235992 ], [ -101.367169638774598, 20.648487031941414 ] ] ] } },
{ "type": "Feature", "properties": { "difference_1990_2000": -303.0, "difference_1990_2010": -265.0, "difference_1990_2020": -323.0 }, "geometry": { "type": "Polygon", "coordinates": [ [ [ -101.367169638774598, 20.681718549086888 ], [ -101.362597165066305, 20.681718549086856 ], [ -101.362597165066305, 20.677564216426983 ], [ -101.367169638774598, 20.677564216427005 ], [ -101.367169638774598, 20.681718549086888 ] ] ] } },
{ "type": "Feature", "properties": { "difference_1990_2000": -477.0, "difference_1990_2010": -1090.0, "difference_1990_2020": -1442.0 }, "geometry": { "type": "Polygon", "coordinates": [ [ [ -101.367169638774598, 20.673409996119229 ], [ -101.362597165066305, 20.673409996119194 ], [ -101.362597165066305, 20.669255888132668 ], [ -101.367169638774598, 20.669255888132685 ], [ -101.367169638774598, 20.673409996119229 ] ] ] } },
{ "type": "Feature", "properties": { "difference_1990_2000": 607.0, "difference_1990_2010": 751.0, "difference_1990_2020": 713.0 }, "geometry": { "type": "Polygon", "coordinates": [ [ [ -101.367169638774598, 20.702491898746068 ], [ -101.362597165066305, 20.702491898746068 ], [ -101.362597165066305, 20.698337003863482 ], [ -101.367169638774598, 20.698337003863482 ], [ -101.367169638774598, 20.702491898746068 ] ] ] } },
{ "type": "Feature", "properties": { "difference_1990_2000": -223.0, "difference_1990_2010": -150.0, "difference_1990_2020": -416.0 }, "geometry": { "type": "Polygon", "coordinates": [ [ [ -101.367169638774598, 20.690027551586123 ], [ -101.362597165066305, 20.690027551586123 ], [ -101.362597165066305, 20.685872994129657 ], [ -101.367169638774598, 20.685872994129657 ], [ -101.367169638774598, 20.690027551586123 ] ] ] } },
{ "type": "Feature", "properties": { "difference_1990_2000": 771.0, "difference_1990_2010": 1089.0, "difference_1990_2020": 1107.0 }, "geometry": { "type": "Polygon", "coordinates": [ [ [ -101.367169638774598, 20.652640578783458 ], [ -101.362597165066305, 20.652640578783458 ], [ -101.362597165066305, 20.648487031941468 ], [ -101.367169638774598, 20.648487031941414 ], [ -101.367169638774598, 20.652640578783458 ] ] ] } },
{ "type": "Feature", "properties": { "difference_1990_2000": -426.0, "difference_1990_2010": -757.0, "difference_1990_2020": -1043.0 }, "geometry": { "type": "Polygon", "coordinates": [ [ [ -101.367169638774598, 20.665101892436613 ], [ -101.362597165066305, 20.665101892436599 ], [ -101.362597165066305, 20.660948009000261 ], [ -101.367169638774598, 20.660948009000261 ], [ -101.367169638774598, 20.665101892436613 ] ] ] } },
{ "type": "Feature", "properties": { "difference_1990_2000": 259.0, "difference_1990_2010": 737.0, "difference_1990_2020": 882.0 }, "geometry": { "type": "Polygon", "coordinates": [ [ [ -101.367169638774598, 20.714957258739481 ], [ -101.362597165066305, 20.714957258739464 ], [ -101.362597165066305, 20.710802026153207 ], [ -101.367169638774598, 20.710802026153207 ], [ -101.367169638774598, 20.714957258739481 ] ] ] } },
{ "type": "Feature", "properties": { "difference_1990_2000": 0.0, "difference_1990_2010": 4.0, "difference_1990_2020": 46.0 }, "geometry": { "type": "Polygon", "coordinates": [ [ [ -101.367169638774598, 20.731579315689473 ], [ -101.362597165066305, 20.731579315689437 ], [ -101.362597165066305, 20.72742363239945 ], [ -101.367169638774598, 20.72742363239945 ], [ -101.367169638774598, 20.731579315689473 ] ] ] } },
{ "type": "Feature", "properties": { "difference_1990_2000": 0.0, "difference_1990_2010": 0.0, "difference_1990_2020": 262.0 }, "geometry": { "type": "Polygon", "coordinates": [ [ [ -101.358024691358025, 20.723268061831735 ], [ -101.353452217649746, 20.723268061831735 ], [ -101.353452217649746, 20.719112603955377 ], [ -101.358024691358025, 20.719112603955377 ], [ -101.358024691358025, 20.723268061831735 ] ] ] } },
{ "type": "Feature", "properties": { "difference_1990_2000": -424.0, "difference_1990_2010": -595.0, "difference_1990_2020": -747.0 }, "geometry": { "type": "Polygon", "coordinates": [ [ [ -101.358024691358025, 20.685872994129657 ], [ -101.353452217649746, 20.685872994129657 ], [ -101.353452217649746, 20.681718549086888 ], [ -101.358024691358025, 20.681718549086888 ], [ -101.358024691358025, 20.685872994129657 ] ] ] } },
{ "type": "Feature", "properties": { "difference_1990_2000": 9.0, "difference_1990_2010": 71.0, "difference_1990_2020": 45.0 }, "geometry": { "type": "Polygon", "coordinates": [ [ [ -101.358024691358025, 20.706646906165709 ], [ -101.353452217649746, 20.706646906165695 ], [ -101.353452217649746, 20.702491898746068 ], [ -101.358024691358025, 20.702491898746068 ], [ -101.358024691358025, 20.706646906165709 ] ] ] } },
{ "type": "Feature", "properties": { "difference_1990_2000": -66.0, "difference_1990_2010": -116.0, "difference_1990_2020": -168.0 }, "geometry": { "type": "Polygon", "coordinates": [ [ [ -101.358024691358025, 20.698337003863482 ], [ -101.353452217649746, 20.698337003863482 ], [ -101.353452217649746, 20.694182221487132 ], [ -101.358024691358025, 20.694182221487132 ], [ -101.358024691358025, 20.698337003863482 ] ] ] } },
{ "type": "Feature", "properties": { "difference_1990_2000": 0.0, "difference_1990_2010": 436.0, "difference_1990_2020": 1514.0 }, "geometry": { "type": "Polygon", "coordinates": [ [ [ -101.358024691358025, 20.719112603955342 ], [ -101.353452217649746, 20.719112603955342 ], [ -101.353452217649746, 20.714957258739481 ], [ -101.358024691358025, 20.714957258739481 ], [ -101.358024691358025, 20.719112603955342 ] ] ] } },
{ "type": "Feature", "properties": { "difference_1990_2000": 1548.0, "difference_1990_2010": 1611.0, "difference_1990_2020": 906.0 }, "geometry": { "type": "Polygon", "coordinates": [ [ [ -101.358024691358025, 20.660948009000261 ], [ -101.353452217649746, 20.660948009000283 ], [ -101.353452217649746, 20.656794237792809 ], [ -101.358024691358025, 20.656794237792809 ], [ -101.358024691358025, 20.660948009000261 ] ] ] } },
{ "type": "Feature", "properties": { "difference_1990_2000": 683.0, "difference_1990_2010": 1306.0, "difference_1990_2020": 1692.0 }, "geometry": { "type": "Polygon", "coordinates": [ [ [ -101.358024691358025, 20.710802026153207 ], [ -101.353452217649746, 20.710802026153207 ], [ -101.353452217649746, 20.706646906165695 ], [ -101.358024691358025, 20.706646906165709 ], [ -101.358024691358025, 20.710802026153207 ] ] ] } },
{ "type": "Feature", "properties": { "difference_1990_2000": 0.0, "difference_1990_2010": 0.0, "difference_1990_2020": 78.0 }, "geometry": { "type": "Polygon", "coordinates": [ [ [ -101.358024691358025, 20.72742363239945 ], [ -101.353452217649746, 20.72742363239945 ], [ -101.353452217649746, 20.723268061831735 ], [ -101.358024691358025, 20.723268061831735 ], [ -101.358024691358025, 20.72742363239945 ] ] ] } },
{ "type": "Feature", "properties": { "difference_1990_2000": -357.0, "difference_1990_2010": -499.0, "difference_1990_2020": -809.0 }, "geometry": { "type": "Polygon", "coordinates": [ [ [ -101.358024691358025, 20.669255888132685 ], [ -101.353452217649746, 20.669255888132668 ], [ -101.353452217649746, 20.665101892436613 ], [ -101.358024691358025, 20.665101892436613 ], [ -101.358024691358025, 20.669255888132685 ] ] ] } },
{ "type": "Feature", "properties": { "difference_1990_2000": -819.0, "difference_1990_2010": -1432.0, "difference_1990_2020": -1837.0 }, "geometry": { "type": "Polygon", "coordinates": [ [ [ -101.358024691358025, 20.677564216427037 ], [ -101.353452217649746, 20.677564216426983 ], [ -101.353452217649746, 20.673409996119194 ], [ -101.358024691358025, 20.673409996119229 ], [ -101.358024691358025, 20.677564216427037 ] ] ] } },
{ "type": "Feature", "properties": { "difference_1990_2000": 1827.0, "difference_1990_2010": 1934.0, "difference_1990_2020": 1640.0 }, "geometry": { "type": "Polygon", "coordinates": [ [ [ -101.358024691358025, 20.656794237792809 ], [ -101.353452217649746, 20.656794237792809 ], [ -101.353452217649746, 20.652640578783458 ], [ -101.358024691358025, 20.652640578783458 ], [ -101.358024691358025, 20.656794237792809 ] ] ] } },
{ "type": "Feature", "properties": { "difference_1990_2000": -229.0, "difference_1990_2010": -511.0, "difference_1990_2020": -607.0 }, "geometry": { "type": "Polygon", "coordinates": [ [ [ -101.358024691358025, 20.694182221487132 ], [ -101.353452217649746, 20.694182221487132 ], [ -101.353452217649746, 20.690027551586123 ], [ -101.358024691358025, 20.690027551586123 ], [ -101.358024691358025, 20.694182221487132 ] ] ] } },
{ "type": "Feature", "properties": { "difference_1990_2000": 0.0, "difference_1990_2010": 1.0, "difference_1990_2020": 2.0 }, "geometry": { "type": "Polygon", "coordinates": [ [ [ -101.358024691358025, 20.648487031941468 ], [ -101.353452217649746, 20.648487031941446 ], [ -101.353452217649746, 20.644333597236045 ], [ -101.358024691358025, 20.644333597236013 ], [ -101.358024691358025, 20.648487031941468 ] ] ] } },
{ "type": "Feature", "properties": { "difference_1990_2000": 1235.0, "difference_1990_2010": 631.0, "difference_1990_2020": 158.0 }, "geometry": { "type": "Polygon", "coordinates": [ [ [ -101.358024691358025, 20.681718549086888 ], [ -101.353452217649746, 20.681718549086888 ], [ -101.353452217649746, 20.677564216426983 ], [ -101.358024691358025, 20.677564216427037 ], [ -101.358024691358025, 20.681718549086888 ] ] ] } },
{ "type": "Feature", "properties": { "difference_1990_2000": -517.0, "difference_1990_2010": -1029.0, "difference_1990_2020": -1401.0 }, "geometry": { "type": "Polygon", "coordinates": [ [ [ -101.358024691358025, 20.673409996119229 ], [ -101.353452217649746, 20.673409996119194 ], [ -101.353452217649746, 20.669255888132668 ], [ -101.358024691358025, 20.669255888132685 ], [ -101.358024691358025, 20.673409996119229 ] ] ] } },
{ "type": "Feature", "properties": { "difference_1990_2000": -10.0, "difference_1990_2010": 25.0, "difference_1990_2020": -10.0 }, "geometry": { "type": "Polygon", "coordinates": [ [ [ -101.358024691358025, 20.702491898746068 ], [ -101.353452217649746, 20.702491898746068 ], [ -101.353452217649746, 20.698337003863482 ], [ -101.358024691358025, 20.698337003863482 ], [ -101.358024691358025, 20.702491898746068 ] ] ] } },
{ "type": "Feature", "properties": { "difference_1990_2000": -296.0, "difference_1990_2010": -481.0, "difference_1990_2020": -610.0 }, "geometry": { "type": "Polygon", "coordinates": [ [ [ -101.358024691358025, 20.690027551586123 ], [ -101.353452217649746, 20.690027551586123 ], [ -101.353452217649746, 20.685872994129657 ], [ -101.358024691358025, 20.685872994129657 ], [ -101.358024691358025, 20.690027551586123 ] ] ] } },
{ "type": "Feature", "properties": { "difference_1990_2000": 17.0, "difference_1990_2010": 20.0, "difference_1990_2020": 14.0 }, "geometry": { "type": "Polygon", "coordinates": [ [ [ -101.358024691358025, 20.652640578783458 ], [ -101.353452217649746, 20.652640578783458 ], [ -101.353452217649746, 20.648487031941446 ], [ -101.358024691358025, 20.648487031941468 ], [ -101.358024691358025, 20.652640578783458 ] ] ] } },
{ "type": "Feature", "properties": { "difference_1990_2000": -558.0, "difference_1990_2010": -631.0, "difference_1990_2020": -965.0 }, "geometry": { "type": "Polygon", "coordinates": [ [ [ -101.358024691358025, 20.665101892436613 ], [ -101.353452217649746, 20.665101892436613 ], [ -101.353452217649746, 20.660948009000283 ], [ -101.358024691358025, 20.660948009000261 ], [ -101.358024691358025, 20.665101892436613 ] ] ] } },
{ "type": "Feature", "properties": { "difference_1990_2000": 47.0, "difference_1990_2010": 850.0, "difference_1990_2020": 1826.0 }, "geometry": { "type": "Polygon", "coordinates": [ [ [ -101.358024691358025, 20.714957258739481 ], [ -101.353452217649746, 20.714957258739481 ], [ -101.353452217649746, 20.710802026153207 ], [ -101.358024691358025, 20.710802026153207 ], [ -101.358024691358025, 20.714957258739481 ] ] ] } },
{ "type": "Feature", "properties": { "difference_1990_2000": 17.0, "difference_1990_2010": 32.0, "difference_1990_2020": 28.0 }, "geometry": { "type": "Polygon", "coordinates": [ [ [ -101.348879743941481, 20.598653207698604 ], [ -101.344307270233216, 20.598653207698643 ], [ -101.344307270233216, 20.594501116234913 ], [ -101.348879743941481, 20.594501116234913 ], [ -101.348879743941481, 20.598653207698604 ] ] ] } },
{ "type": "Feature", "properties": { "difference_1990_2000": 448.0, "difference_1990_2010": 497.0, "difference_1990_2020": 580.0 }, "geometry": { "type": "Polygon", "coordinates": [ [ [ -101.348879743941481, 20.764828843718579 ], [ -101.344307270233216, 20.764828843718593 ], [ -101.344307270233216, 20.760672257537973 ], [ -101.348879743941481, 20.760672257537973 ], [ -101.348879743941481, 20.764828843718579 ] ] ] } },
{ "type": "Feature", "properties": { "difference_1990_2000": 0.0, "difference_1990_2010": 0.0, "difference_1990_2020": 58.0 }, "geometry": { "type": "Polygon", "coordinates": [ [ [ -101.348879743941481, 20.735735111732602 ], [ -101.344307270233216, 20.735735111732602 ], [ -101.344307270233216, 20.731579315689473 ], [ -101.348879743941481, 20.731579315689437 ], [ -101.348879743941481, 20.735735111732602 ] ] ] } },
{ "type": "Feature", "properties": { "difference_1990_2000": 8.0, "difference_1990_2010": 233.0, "difference_1990_2020": 700.0 }, "geometry": { "type": "Polygon", "coordinates": [ [ [ -101.348879743941481, 20.606957725960523 ], [ -101.344307270233216, 20.606957725960523 ], [ -101.344307270233216, 20.602805410930266 ], [ -101.348879743941481, 20.602805410930291 ], [ -101.348879743941481, 20.606957725960523 ] ] ] } },
{ "type": "Feature", "properties": { "difference_1990_2000": -312.0, "difference_1990_2010": -611.0, "difference_1990_2020": -816.0 }, "geometry": { "type": "Polygon", "coordinates": [ [ [ -101.348879743941481, 20.685872994129657 ], [ -101.344307270233216, 20.685872994129657 ], [ -101.344307270233216, 20.681718549086888 ], [ -101.348879743941481, 20.681718549086888 ], [ -101.348879743941481, 20.685872994129657 ] ] ] } },
{ "type": "Feature", "properties": { "difference_1990_2000": 47.0, "difference_1990_2010": 441.0, "difference_1990_2020": 458.0 }, "geometry": { "type": "Polygon", "coordinates": [ [ [ -101.348879743941481, 20.706646906165695 ], [ -101.344307270233216, 20.706646906165709 ], [ -101.344307270233216, 20.702491898746068 ], [ -101.348879743941481, 20.7024918987461 ], [ -101.348879743941481, 20.706646906165695 ] ] ] } },
{ "type": "Feature", "properties": { "difference_1990_2000": 149.0, "difference_1990_2010": 279.0, "difference_1990_2020": 1418.0 }, "geometry": { "type": "Polygon", "coordinates": [ [ [ -101.348879743941481, 20.602805410930291 ], [ -101.344307270233216, 20.602805410930266 ], [ -101.344307270233216, 20.598653207698643 ], [ -101.348879743941481, 20.598653207698604 ], [ -101.348879743941481, 20.602805410930291 ] ] ] } },
{ "type": "Feature", "properties": { "difference_1990_2000": 0.0, "difference_1990_2010": 39.0, "difference_1990_2020": 96.0 }, "geometry": { "type": "Polygon", "coordinates": [ [ [ -101.348879743941481, 20.719112603955342 ], [ -101.344307270233216, 20.719112603955342 ], [ -101.344307270233216, 20.714957258739481 ], [ -101.348879743941481, 20.714957258739481 ], [ -101.348879743941481, 20.719112603955342 ] ] ] } },
{ "type": "Feature", "properties": { "difference_1990_2000": 234.0, "difference_1990_2010": -237.0, "difference_1990_2020": -545.0 }, "geometry": { "type": "Polygon", "coordinates": [ [ [ -101.348879743941481, 20.660948009000261 ], [ -101.344307270233216, 20.660948009000261 ], [ -101.344307270233216, 20.656794237792809 ], [ -101.348879743941481, 20.656794237792809 ], [ -101.348879743941481, 20.660948009000261 ] ] ] } },
{ "type": "Feature", "properties": { "difference_1990_2000": 133.0, "difference_1990_2010": -70.0, "difference_1990_2020": -85.0 }, "geometry": { "type": "Polygon", "coordinates": [ [ [ -101.348879743941481, 20.698337003863518 ], [ -101.344307270233216, 20.698337003863482 ], [ -101.344307270233216, 20.69418222148715 ], [ -101.348879743941481, 20.694182221487132 ], [ -101.348879743941481, 20.698337003863518 ] ] ] } },
{ "type": "Feature", "properties": { "difference_1990_2000": 26.0, "difference_1990_2010": -3.0, "difference_1990_2020": 342.0 }, "geometry": { "type": "Polygon", "coordinates": [ [ [ -101.348879743941481, 20.710802026153207 ], [ -101.344307270233216, 20.710802026153207 ], [ -101.344307270233216, 20.706646906165709 ], [ -101.348879743941481, 20.706646906165695 ], [ -101.348879743941481, 20.710802026153207 ] ] ] } },
{ "type": "Feature", "properties": { "difference_1990_2000": 0.0, "difference_1990_2010": 0.0, "difference_1990_2020": 334.0 }, "geometry": { "type": "Polygon", "coordinates": [ [ [ -101.348879743941481, 20.72742363239945 ], [ -101.344307270233216, 20.72742363239945 ], [ -101.344307270233216, 20.723268061831735 ], [ -101.348879743941481, 20.723268061831714 ], [ -101.348879743941481, 20.72742363239945 ] ] ] } },
{ "type": "Feature", "properties": { "difference_1990_2000": -922.0, "difference_1990_2010": -1473.0, "difference_1990_2020": -1976.0 }, "geometry": { "type": "Polygon", "coordinates": [ [ [ -101.348879743941481, 20.669255888132668 ], [ -101.344307270233216, 20.669255888132668 ], [ -101.344307270233216, 20.665101892436599 ], [ -101.348879743941481, 20.665101892436599 ], [ -101.348879743941481, 20.669255888132668 ] ] ] } },
{ "type": "Feature", "properties": { "difference_1990_2000": -625.0, "difference_1990_2010": -980.0, "difference_1990_2020": -1257.0 }, "geometry": { "type": "Polygon", "coordinates": [ [ [ -101.348879743941481, 20.677564216427005 ], [ -101.344307270233216, 20.677564216426983 ], [ -101.344307270233216, 20.673409996119194 ], [ -101.348879743941481, 20.673409996119229 ], [ -101.348879743941481, 20.677564216427005 ] ] ] } },
{ "type": "Feature", "properties": { "difference_1990_2000": 2394.0, "difference_1990_2010": 2044.0, "difference_1990_2020": 1725.0 }, "geometry": { "type": "Polygon", "coordinates": [ [ [ -101.348879743941481, 20.656794237792809 ], [ -101.344307270233216, 20.656794237792809 ], [ -101.344307270233216, 20.652640578783473 ], [ -101.348879743941481, 20.652640578783458 ], [ -101.348879743941481, 20.656794237792809 ] ] ] } },
{ "type": "Feature", "properties": { "difference_1990_2000": -13.0, "difference_1990_2010": -207.0, "difference_1990_2020": -331.0 }, "geometry": { "type": "Polygon", "coordinates": [ [ [ -101.348879743941481, 20.694182221487132 ], [ -101.344307270233216, 20.69418222148715 ], [ -101.344307270233216, 20.690027551586159 ], [ -101.348879743941481, 20.690027551586123 ], [ -101.348879743941481, 20.694182221487132 ] ] ] } },
{ "type": "Feature", "properties": { "difference_1990_2000": 121.0, "difference_1990_2010": 332.0, "difference_1990_2020": 450.0 }, "geometry": { "type": "Polygon", "coordinates": [ [ [ -101.348879743941481, 20.648487031941468 ], [ -101.344307270233216, 20.648487031941446 ], [ -101.344307270233216, 20.644333597236045 ], [ -101.348879743941481, 20.644333597236013 ], [ -101.348879743941481, 20.648487031941468 ] ] ] } },
{ "type": "Feature", "properties": { "difference_1990_2000": -505.0, "difference_1990_2010": -851.0, "difference_1990_2020": -1108.0 }, "geometry": { "type": "Polygon", "coordinates": [ [ [ -101.348879743941481, 20.681718549086888 ], [ -101.344307270233216, 20.681718549086888 ], [ -101.344307270233216, 20.677564216426983 ], [ -101.348879743941481, 20.677564216427005 ], [ -101.348879743941481, 20.681718549086888 ] ] ] } },
{ "type": "Feature", "properties": { "difference_1990_2000": 0.0, "difference_1990_2010": 1.0, "difference_1990_2020": 5.0 }, "geometry": { "type": "Polygon", "coordinates": [ [ [ -101.348879743941481, 20.760672257537973 ], [ -101.344307270233216, 20.760672257537973 ], [ -101.344307270233216, 20.75651578432694 ], [ -101.348879743941481, 20.756515784326957 ], [ -101.348879743941481, 20.760672257537973 ] ] ] } },
{ "type": "Feature", "properties": { "difference_1990_2000": -867.0, "difference_1990_2010": -1447.0, "difference_1990_2020": -1598.0 }, "geometry": { "type": "Polygon", "coordinates": [ [ [ -101.348879743941481, 20.673409996119229 ], [ -101.344307270233216, 20.673409996119194 ], [ -101.344307270233216, 20.669255888132668 ], [ -101.348879743941481, 20.669255888132668 ], [ -101.348879743941481, 20.673409996119229 ] ] ] } },
{ "type": "Feature", "properties": { "difference_1990_2000": 1.0, "difference_1990_2010": 0.0, "difference_1990_2020": 8.0 }, "geometry": { "type": "Polygon", "coordinates": [ [ [ -101.348879743941481, 20.644333597236013 ], [ -101.344307270233216, 20.644333597236045 ], [ -101.344307270233216, 20.640180274636439 ], [ -101.348879743941481, 20.640180274636439 ], [ -101.348879743941481, 20.644333597236013 ] ] ] } },
{ "type": "Feature", "properties": { "difference_1990_2000": -281.0, "difference_1990_2010": -518.0, "difference_1990_2020": -681.0 }, "geometry": { "type": "Polygon", "coordinates": [ [ [ -101.348879743941481, 20.690027551586123 ], [ -101.344307270233216, 20.690027551586159 ], [ -101.344307270233216, 20.685872994129657 ], [ -101.348879743941481, 20.685872994129657 ], [ -101.348879743941481, 20.690027551586123 ] ] ] } },
{ "type": "Feature", "properties": { "difference_1990_2000": 116.0, "difference_1990_2010": -78.0, "difference_1990_2020": -29.0 }, "geometry": { "type": "Polygon", "coordinates": [ [ [ -101.348879743941481, 20.7024918987461 ], [ -101.344307270233216, 20.702491898746068 ], [ -101.344307270233216, 20.698337003863482 ], [ -101.348879743941481, 20.698337003863518 ], [ -101.348879743941481, 20.7024918987461 ] ] ] } },
{ "type": "Feature", "properties": { "difference_1990_2000": 245.0, "difference_1990_2010": 268.0, "difference_1990_2020": 296.0 }, "geometry": { "type": "Polygon", "coordinates": [ [ [ -101.348879743941481, 20.768985542899653 ], [ -101.344307270233216, 20.768985542899653 ], [ -101.344307270233216, 20.764828843718593 ], [ -101.348879743941481, 20.764828843718579 ], [ -101.348879743941481, 20.768985542899653 ] ] ] } },
{ "type": "Feature", "properties": { "difference_1990_2000": -801.0, "difference_1990_2010": -1382.0, "difference_1990_2020": -1915.0 }, "geometry": { "type": "Polygon", "coordinates": [ [ [ -101.348879743941481, 20.665101892436599 ], [ -101.344307270233216, 20.665101892436599 ], [ -101.344307270233216, 20.660948009000261 ], [ -101.348879743941481, 20.660948009000261 ], [ -101.348879743941481, 20.665101892436599 ] ] ] } },
{ "type": "Feature", "properties": { "difference_1990_2000": 1095.0, "difference_1990_2010": 1074.0, "difference_1990_2020": 979.0 }, "geometry": { "type": "Polygon", "coordinates": [ [ [ -101.348879743941481, 20.652640578783458 ], [ -101.344307270233216, 20.652640578783473 ], [ -101.344307270233216, 20.648487031941446 ], [ -101.348879743941481, 20.648487031941468 ], [ -101.348879743941481, 20.652640578783458 ] ] ] } },
{ "type": "Feature", "properties": { "difference_1990_2000": 0.0, "difference_1990_2010": 1.0, "difference_1990_2020": 341.0 }, "geometry": { "type": "Polygon", "coordinates": [ [ [ -101.348879743941481, 20.714957258739481 ], [ -101.344307270233216, 20.714957258739481 ], [ -101.344307270233216, 20.710802026153207 ], [ -101.348879743941481, 20.710802026153207 ], [ -101.348879743941481, 20.714957258739481 ] ] ] } },
{ "type": "Feature", "properties": { "difference_1990_2000": 0.0, "difference_1990_2010": 0.0, "difference_1990_2020": 354.0 }, "geometry": { "type": "Polygon", "coordinates": [ [ [ -101.348879743941481, 20.731579315689437 ], [ -101.344307270233216, 20.731579315689473 ], [ -101.344307270233216, 20.72742363239945 ], [ -101.348879743941481, 20.72742363239945 ], [ -101.348879743941481, 20.731579315689437 ] ] ] } },
{ "type": "Feature", "properties": { "difference_1990_2000": 0.0, "difference_1990_2010": 5.0, "difference_1990_2020": 43.0 }, "geometry": { "type": "Polygon", "coordinates": [ [ [ -101.348879743941481, 20.723268061831714 ], [ -101.344307270233216, 20.723268061831735 ], [ -101.344307270233216, 20.719112603955377 ], [ -101.348879743941481, 20.719112603955377 ], [ -101.348879743941481, 20.723268061831714 ] ] ] } },
{ "type": "Feature", "properties": { "difference_1990_2000": 0.0, "difference_1990_2010": 0.0, "difference_1990_2020": 208.0 }, "geometry": { "type": "Polygon", "coordinates": [ [ [ -101.339734796524937, 20.723268061831735 ], [ -101.335162322816657, 20.723268061831735 ], [ -101.335162322816657, 20.719112603955377 ], [ -101.339734796524937, 20.719112603955377 ], [ -101.339734796524937, 20.723268061831735 ] ] ] } },
{ "type": "Feature", "properties": { "difference_1990_2000": 349.0, "difference_1990_2010": 590.0, "difference_1990_2020": 566.0 }, "geometry": { "type": "Polygon", "coordinates": [ [ [ -101.339734796524937, 20.598653207698643 ], [ -101.335162322816657, 20.598653207698604 ], [ -101.335162322816657, 20.594501116234863 ], [ -101.339734796524937, 20.594501116234913 ], [ -101.339734796524937, 20.598653207698643 ] ] ] } },
{ "type": "Feature", "properties": { "difference_1990_2000": 238.0, "difference_1990_2010": 347.0, "difference_1990_2020": 420.0 }, "geometry": { "type": "Polygon", "coordinates": [ [ [ -101.339734796524937, 20.764828843718593 ], [ -101.335162322816657, 20.764828843718579 ], [ -101.335162322816657, 20.760672257537973 ], [ -101.339734796524937, 20.760672257537973 ], [ -101.339734796524937, 20.764828843718593 ] ] ] } },
{ "type": "Feature", "properties": { "difference_1990_2000": 89.0, "difference_1990_2010": -70.0, "difference_1990_2020": 194.0 }, "geometry": { "type": "Polygon", "coordinates": [ [ [ -101.339734796524937, 20.594501116234913 ], [ -101.335162322816657, 20.594501116234863 ], [ -101.335162322816657, 20.59034913650839 ], [ -101.339734796524937, 20.59034913650839 ], [ -101.339734796524937, 20.594501116234913 ] ] ] } },
{ "type": "Feature", "properties": { "difference_1990_2000": 330.0, "difference_1990_2010": 617.0, "difference_1990_2020": 773.0 }, "geometry": { "type": "Polygon", "coordinates": [ [ [ -101.339734796524937, 20.685872994129657 ], [ -101.335162322816657, 20.685872994129657 ], [ -101.335162322816657, 20.681718549086888 ], [ -101.339734796524937, 20.681718549086888 ], [ -101.339734796524937, 20.685872994129657 ] ] ] } },
{ "type": "Feature", "properties": { "difference_1990_2000": 0.0, "difference_1990_2010": 887.0, "difference_1990_2020": 977.0 }, "geometry": { "type": "Polygon", "coordinates": [ [ [ -101.339734796524937, 20.706646906165695 ], [ -101.335162322816657, 20.706646906165695 ], [ -101.335162322816657, 20.702491898746068 ], [ -101.339734796524937, 20.702491898746068 ], [ -101.339734796524937, 20.706646906165695 ] ] ] } },
{ "type": "Feature", "properties": { "difference_1990_2000": 102.0, "difference_1990_2010": 188.0, "difference_1990_2020": 203.0 }, "geometry": { "type": "Polygon", "coordinates": [ [ [ -101.339734796524937, 20.602805410930291 ], [ -101.335162322816657, 20.602805410930266 ], [ -101.335162322816657, 20.598653207698604 ], [ -101.339734796524937, 20.598653207698643 ], [ -101.339734796524937, 20.602805410930291 ] ] ] } },
{ "type": "Feature", "properties": { "difference_1990_2000": 0.0, "difference_1990_2010": 801.0, "difference_1990_2020": 1136.0 }, "geometry": { "type": "Polygon", "coordinates": [ [ [ -101.339734796524937, 20.698337003863482 ], [ -101.335162322816657, 20.698337003863482 ], [ -101.335162322816657, 20.6941822214871 ], [ -101.339734796524937, 20.694182221487132 ], [ -101.339734796524937, 20.698337003863482 ] ] ] } },
{ "type": "Feature", "properties": { "difference_1990_2000": 452.0, "difference_1990_2010": 1103.0, "difference_1990_2020": 1379.0 }, "geometry": { "type": "Polygon", "coordinates": [ [ [ -101.339734796524937, 20.660948009000261 ], [ -101.335162322816657, 20.660948009000261 ], [ -101.335162322816657, 20.656794237792809 ], [ -101.339734796524937, 20.656794237792809 ], [ -101.339734796524937, 20.660948009000261 ] ] ] } },
{ "type": "Feature", "properties": { "difference_1990_2000": 38.0, "difference_1990_2010": 94.0, "difference_1990_2020": 145.0 }, "geometry": { "type": "Polygon", "coordinates": [ [ [ -101.339734796524937, 20.802243208081734 ], [ -101.335162322816657, 20.802243208081734 ], [ -101.335162322816657, 20.798085603781917 ], [ -101.339734796524937, 20.798085603781917 ], [ -101.339734796524937, 20.802243208081734 ] ] ] } },
{ "type": "Feature", "properties": { "difference_1990_2000": 0.0, "difference_1990_2010": 564.0, "difference_1990_2020": 691.0 }, "geometry": { "type": "Polygon", "coordinates": [ [ [ -101.339734796524937, 20.710802026153207 ], [ -101.335162322816657, 20.710802026153207 ], [ -101.335162322816657, 20.706646906165695 ], [ -101.339734796524937, 20.706646906165695 ], [ -101.339734796524937, 20.710802026153207 ] ] ] } },
{ "type": "Feature", "properties": { "difference_1990_2000": 0.0, "difference_1990_2010": 0.0, "difference_1990_2020": 191.0 }, "geometry": { "type": "Polygon", "coordinates": [ [ [ -101.339734796524937, 20.72742363239945 ], [ -101.335162322816657, 20.727423632399436 ], [ -101.335162322816657, 20.723268061831735 ], [ -101.339734796524937, 20.723268061831735 ], [ -101.339734796524937, 20.72742363239945 ] ] ] } },
{ "type": "Feature", "properties": { "difference_1990_2000": 0.0, "difference_1990_2010": 286.0, "difference_1990_2020": 543.0 }, "geometry": { "type": "Polygon", "coordinates": [ [ [ -101.339734796524937, 20.636027064111921 ], [ -101.335162322816657, 20.636027064111921 ], [ -101.335162322816657, 20.631873965631705 ], [ -101.339734796524937, 20.631873965631726 ], [ -101.339734796524937, 20.636027064111921 ] ] ] } },
{ "type": "Feature", "properties": { "difference_1990_2000": 30.0, "difference_1990_2010": -99.0, "difference_1990_2020": -176.0 }, "geometry": { "type": "Polygon", "coordinates": [ [ [ -101.339734796524937, 20.677564216427005 ], [ -101.335162322816657, 20.677564216426948 ], [ -101.335162322816657, 20.673409996119194 ], [ -101.339734796524937, 20.673409996119229 ], [ -101.339734796524937, 20.677564216427005 ] ] ] } },
{ "type": "Feature", "properties": { "difference_1990_2000": -180.0, "difference_1990_2010": -445.0, "difference_1990_2020": -595.0 }, "geometry": { "type": "Polygon", "coordinates": [ [ [ -101.339734796524937, 20.669255888132685 ], [ -101.335162322816657, 20.669255888132668 ], [ -101.335162322816657, 20.665101892436613 ], [ -101.339734796524937, 20.665101892436613 ], [ -101.339734796524937, 20.669255888132685 ] ] ] } },
{ "type": "Feature", "properties": { "difference_1990_2000": 491.0, "difference_1990_2010": 1222.0, "difference_1990_2020": 1576.0 }, "geometry": { "type": "Polygon", "coordinates": [ [ [ -101.339734796524937, 20.656794237792809 ], [ -101.335162322816657, 20.656794237792809 ], [ -101.335162322816657, 20.652640578783458 ], [ -101.339734796524937, 20.652640578783458 ], [ -101.339734796524937, 20.656794237792809 ] ] ] } },
{ "type": "Feature", "properties": { "difference_1990_2000": 8.0, "difference_1990_2010": 78.0, "difference_1990_2020": 147.0 }, "geometry": { "type": "Polygon", "coordinates": [ [ [ -101.339734796524937, 20.806400925660885 ], [ -101.335162322816657, 20.806400925660885 ], [ -101.335162322816657, 20.802243208081734 ], [ -101.339734796524937, 20.802243208081734 ], [ -101.339734796524937, 20.806400925660885 ] ] ] } },
{ "type": "Feature", "properties": { "difference_1990_2000": -73.0, "difference_1990_2010": 892.0, "difference_1990_2020": 1040.0 }, "geometry": { "type": "Polygon", "coordinates": [ [ [ -101.339734796524937, 20.694182221487132 ], [ -101.335162322816657, 20.6941822214871 ], [ -101.335162322816657, 20.690027551586123 ], [ -101.339734796524937, 20.690027551586123 ], [ -101.339734796524937, 20.694182221487132 ] ] ] } },
{ "type": "Feature", "properties": { "difference_1990_2000": 0.0, "difference_1990_2010": 0.0, "difference_1990_2020": 6.0 }, "geometry": { "type": "Polygon", "coordinates": [ [ [ -101.339734796524937, 20.75651578432694 ], [ -101.335162322816657, 20.756515784326908 ], [ -101.335162322816657, 20.752359424054493 ], [ -101.339734796524937, 20.752359424054525 ], [ -101.339734796524937, 20.75651578432694 ] ] ] } },
{ "type": "Feature", "properties": { "difference_1990_2000": 35.0, "difference_1990_2010": 38.0, "difference_1990_2020": 42.0 }, "geometry": { "type": "Polygon", "coordinates": [ [ [ -101.339734796524937, 20.777299280387119 ], [ -101.335162322816657, 20.777299280387133 ], [ -101.335162322816657, 20.773142355112174 ], [ -101.339734796524937, 20.773142355112174 ], [ -101.339734796524937, 20.777299280387119 ] ] ] } },
{ "type": "Feature", "properties": { "difference_1990_2000": 140.0, "difference_1990_2010": 1401.0, "difference_1990_2020": 1747.0 }, "geometry": { "type": "Polygon", "coordinates": [ [ [ -101.339734796524937, 20.648487031941468 ], [ -101.335162322816657, 20.648487031941446 ], [ -101.335162322816657, 20.644333597236013 ], [ -101.339734796524937, 20.644333597236013 ], [ -101.339734796524937, 20.648487031941468 ] ] ] } },
{ "type": "Feature", "properties": { "difference_1990_2000": 0.0, "difference_1990_2010": 1712.0, "difference_1990_2020": 3252.0 }, "geometry": { "type": "Polygon", "coordinates": [ [ [ -101.339734796524937, 20.640180274636439 ], [ -101.335162322816657, 20.640180274636439 ], [ -101.335162322816657, 20.636027064111921 ], [ -101.339734796524937, 20.636027064111921 ], [ -101.339734796524937, 20.640180274636439 ] ] ] } },
{ "type": "Feature", "properties": { "difference_1990_2000": 280.0, "difference_1990_2010": 344.0, "difference_1990_2020": 448.0 }, "geometry": { "type": "Polygon", "coordinates": [ [ [ -101.339734796524937, 20.681718549086888 ], [ -101.335162322816657, 20.681718549086888 ], [ -101.335162322816657, 20.677564216426948 ], [ -101.339734796524937, 20.677564216427005 ], [ -101.339734796524937, 20.681718549086888 ] ] ] } },
{ "type": "Feature", "properties": { "difference_1990_2000": 97.0, "difference_1990_2010": 117.0, "difference_1990_2020": 172.0 }, "geometry": { "type": "Polygon", "coordinates": [ [ [ -101.339734796524937, 20.760672257537973 ], [ -101.335162322816657, 20.760672257537973 ], [ -101.335162322816657, 20.756515784326908 ], [ -101.339734796524937, 20.75651578432694 ], [ -101.339734796524937, 20.760672257537973 ] ] ] } },
{ "type": "Feature", "properties": { "difference_1990_2000": -456.0, "difference_1990_2010": -672.0, "difference_1990_2020": -843.0 }, "geometry": { "type": "Polygon", "coordinates": [ [ [ -101.339734796524937, 20.673409996119229 ], [ -101.335162322816657, 20.673409996119194 ], [ -101.335162322816657, 20.669255888132668 ], [ -101.339734796524937, 20.669255888132685 ], [ -101.339734796524937, 20.673409996119229 ] ] ] } },
{ "type": "Feature", "properties": { "difference_1990_2000": 172.0, "difference_1990_2010": 1240.0, "difference_1990_2020": 1972.0 }, "geometry": { "type": "Polygon", "coordinates": [ [ [ -101.339734796524937, 20.644333597236013 ], [ -101.335162322816657, 20.644333597236013 ], [ -101.335162322816657, 20.640180274636439 ], [ -101.339734796524937, 20.640180274636439 ], [ -101.339734796524937, 20.644333597236013 ] ] ] } },
{ "type": "Feature", "properties": { "difference_1990_2000": 0.0, "difference_1990_2010": 415.0, "difference_1990_2020": 789.0 }, "geometry": { "type": "Polygon", "coordinates": [ [ [ -101.339734796524937, 20.702491898746068 ], [ -101.335162322816657, 20.702491898746068 ], [ -101.335162322816657, 20.698337003863482 ], [ -101.339734796524937, 20.698337003863482 ], [ -101.339734796524937, 20.702491898746068 ] ] ] } },
{ "type": "Feature", "properties": { "difference_1990_2000": -94.0, "difference_1990_2010": 912.0, "difference_1990_2020": 1036.0 }, "geometry": { "type": "Polygon", "coordinates": [ [ [ -101.339734796524937, 20.690027551586123 ], [ -101.335162322816657, 20.690027551586123 ], [ -101.335162322816657, 20.685872994129657 ], [ -101.339734796524937, 20.685872994129657 ], [ -101.339734796524937, 20.690027551586123 ] ] ] } },
{ "type": "Feature", "properties": { "difference_1990_2000": 222.0, "difference_1990_2010": 304.0, "difference_1990_2020": 360.0 }, "geometry": { "type": "Polygon", "coordinates": [ [ [ -101.339734796524937, 20.768985542899653 ], [ -101.335162322816657, 20.768985542899653 ], [ -101.335162322816657, 20.764828843718579 ], [ -101.339734796524937, 20.764828843718593 ], [ -101.339734796524937, 20.768985542899653 ] ] ] } },
{ "type": "Feature", "properties": { "difference_1990_2000": 2.0, "difference_1990_2010": 1.0, "difference_1990_2020": 7.0 }, "geometry": { "type": "Polygon", "coordinates": [ [ [ -101.339734796524937, 20.798085603781917 ], [ -101.335162322816657, 20.798085603781917 ], [ -101.335162322816657, 20.793928112730374 ], [ -101.339734796524937, 20.793928112730374 ], [ -101.339734796524937, 20.798085603781917 ] ] ] } },
{ "type": "Feature", "properties": { "difference_1990_2000": 161.0, "difference_1990_2010": 1124.0, "difference_1990_2020": 1661.0 }, "geometry": { "type": "Polygon", "coordinates": [ [ [ -101.339734796524937, 20.652640578783458 ], [ -101.335162322816657, 20.652640578783458 ], [ -101.335162322816657, 20.648487031941446 ], [ -101.339734796524937, 20.648487031941468 ], [ -101.339734796524937, 20.652640578783458 ] ] ] } },
{ "type": "Feature", "properties": { "difference_1990_2000": 350.0, "difference_1990_2010": 580.0, "difference_1990_2020": 664.0 }, "geometry": { "type": "Polygon", "coordinates": [ [ [ -101.339734796524937, 20.665101892436613 ], [ -101.335162322816657, 20.665101892436613 ], [ -101.335162322816657, 20.660948009000261 ], [ -101.339734796524937, 20.660948009000261 ], [ -101.339734796524937, 20.665101892436613 ] ] ] } },
{ "type": "Feature", "properties": { "difference_1990_2000": 0.0, "difference_1990_2010": 0.0, "difference_1990_2020": 174.0 }, "geometry": { "type": "Polygon", "coordinates": [ [ [ -101.339734796524937, 20.714957258739481 ], [ -101.335162322816657, 20.714957258739481 ], [ -101.335162322816657, 20.710802026153207 ], [ -101.339734796524937, 20.710802026153207 ], [ -101.339734796524937, 20.714957258739481 ] ] ] } },
{ "type": "Feature", "properties": { "difference_1990_2000": 178.0, "difference_1990_2010": 187.0, "difference_1990_2020": 215.0 }, "geometry": { "type": "Polygon", "coordinates": [ [ [ -101.339734796524937, 20.773142355112174 ], [ -101.335162322816657, 20.773142355112174 ], [ -101.335162322816657, 20.768985542899653 ], [ -101.339734796524937, 20.768985542899653 ], [ -101.339734796524937, 20.773142355112174 ] ] ] } },
{ "type": "Feature", "properties": { "difference_1990_2000": 0.0, "difference_1990_2010": 0.0, "difference_1990_2020": 3.0 }, "geometry": { "type": "Polygon", "coordinates": [ [ [ -101.330589849108364, 20.598653207698643 ], [ -101.326017375400085, 20.598653207698643 ], [ -101.326017375400085, 20.594501116234881 ], [ -101.330589849108364, 20.594501116234881 ], [ -101.330589849108364, 20.598653207698643 ] ] ] } },
{ "type": "Feature", "properties": { "difference_1990_2000": 1856.0, "difference_1990_2010": 2502.0, "difference_1990_2020": 3227.0 }, "geometry": { "type": "Polygon", "coordinates": [ [ [ -101.330589849108364, 20.685872994129657 ], [ -101.326017375400085, 20.685872994129657 ], [ -101.326017375400085, 20.681718549086856 ], [ -101.330589849108364, 20.681718549086902 ], [ -101.330589849108364, 20.685872994129657 ] ] ] } },
{ "type": "Feature", "properties": { "difference_1990_2000": 0.0, "difference_1990_2010": 0.0, "difference_1990_2020": 592.0 }, "geometry": { "type": "Polygon", "coordinates": [ [ [ -101.330589849108364, 20.706646906165709 ], [ -101.326017375400085, 20.706646906165659 ], [ -101.326017375400085, 20.702491898746068 ], [ -101.330589849108364, 20.702491898746068 ], [ -101.330589849108364, 20.706646906165709 ] ] ] } },
{ "type": "Feature", "properties": { "difference_1990_2000": 0.0, "difference_1990_2010": 217.0, "difference_1990_2020": 262.0 }, "geometry": { "type": "Polygon", "coordinates": [ [ [ -101.330589849108364, 20.698337003863482 ], [ -101.326017375400085, 20.698337003863468 ], [ -101.326017375400085, 20.694182221487132 ], [ -101.330589849108364, 20.694182221487132 ], [ -101.330589849108364, 20.698337003863482 ] ] ] } },
{ "type": "Feature", "properties": { "difference_1990_2000": 304.0, "difference_1990_2010": 869.0, "difference_1990_2020": 1351.0 }, "geometry": { "type": "Polygon", "coordinates": [ [ [ -101.330589849108364, 20.660948009000261 ], [ -101.326017375400085, 20.660948009000261 ], [ -101.326017375400085, 20.656794237792809 ], [ -101.330589849108364, 20.656794237792809 ], [ -101.330589849108364, 20.660948009000261 ] ] ] } },
{ "type": "Feature", "properties": { "difference_1990_2000": 98.0, "difference_1990_2010": 245.0, "difference_1990_2020": 378.0 }, "geometry": { "type": "Polygon", "coordinates": [ [ [ -101.330589849108364, 20.802243208081755 ], [ -101.326017375400085, 20.802243208081755 ], [ -101.326017375400085, 20.7980856037819 ], [ -101.330589849108364, 20.798085603781917 ], [ -101.330589849108364, 20.802243208081755 ] ] ] } },
{ "type": "Feature", "properties": { "difference_1990_2000": 122.0, "difference_1990_2010": 0.0, "difference_1990_2020": 0.0 }, "geometry": { "type": "Polygon", "coordinates": [ [ [ -101.330589849108364, 20.793928112730338 ], [ -101.326017375400085, 20.793928112730338 ], [ -101.326017375400085, 20.78977073489607 ], [ -101.330589849108364, 20.78977073489607 ], [ -101.330589849108364, 20.793928112730338 ] ] ] } },
{ "type": "Feature", "properties": { "difference_1990_2000": 1111.0, "difference_1990_2010": 1487.0, "difference_1990_2020": 1569.0 }, "geometry": { "type": "Polygon", "coordinates": [ [ [ -101.330589849108364, 20.677564216426983 ], [ -101.326017375400085, 20.677564216426983 ], [ -101.326017375400085, 20.673409996119176 ], [ -101.330589849108364, 20.673409996119229 ], [ -101.330589849108364, 20.677564216426983 ] ] ] } },
{ "type": "Feature", "properties": { "difference_1990_2000": 187.0, "difference_1990_2010": 204.0, "difference_1990_2020": 405.0 }, "geometry": { "type": "Polygon", "coordinates": [ [ [ -101.330589849108364, 20.669255888132685 ], [ -101.326017375400085, 20.669255888132628 ], [ -101.326017375400085, 20.665101892436599 ], [ -101.330589849108364, 20.665101892436613 ], [ -101.330589849108364, 20.669255888132685 ] ] ] } },
{ "type": "Feature", "properties": { "difference_1990_2000": 126.0, "difference_1990_2010": 528.0, "difference_1990_2020": 1107.0 }, "geometry": { "type": "Polygon", "coordinates": [ [ [ -101.330589849108364, 20.656794237792809 ], [ -101.326017375400085, 20.656794237792809 ], [ -101.326017375400085, 20.652640578783458 ], [ -101.330589849108364, 20.652640578783458 ], [ -101.330589849108364, 20.656794237792809 ] ] ] } },
{ "type": "Feature", "properties": { "difference_1990_2000": 64.0, "difference_1990_2010": 398.0, "difference_1990_2020": 472.0 }, "geometry": { "type": "Polygon", "coordinates": [ [ [ -101.330589849108364, 20.806400925660885 ], [ -101.326017375400085, 20.806400925660885 ], [ -101.326017375400085, 20.802243208081755 ], [ -101.330589849108364, 20.802243208081755 ], [ -101.330589849108364, 20.806400925660885 ] ] ] } },
{ "type": "Feature", "properties": { "difference_1990_2000": 0.0, "difference_1990_2010": 1.0, "difference_1990_2020": 394.0 }, "geometry": { "type": "Polygon", "coordinates": [ [ [ -101.330589849108364, 20.694182221487132 ], [ -101.326017375400085, 20.694182221487132 ], [ -101.326017375400085, 20.690027551586123 ], [ -101.330589849108364, 20.690027551586123 ], [ -101.330589849108364, 20.694182221487132 ] ] ] } },
{ "type": "Feature", "properties": { "difference_1990_2000": 410.0, "difference_1990_2010": 998.0, "difference_1990_2020": 1682.0 }, "geometry": { "type": "Polygon", "coordinates": [ [ [ -101.330589849108364, 20.648487031941446 ], [ -101.326017375400085, 20.648487031941446 ], [ -101.326017375400085, 20.644333597236013 ], [ -101.330589849108364, 20.644333597236013 ], [ -101.330589849108364, 20.648487031941446 ] ] ] } },
{ "type": "Feature", "properties": { "difference_1990_2000": 1813.0, "difference_1990_2010": 2376.0, "difference_1990_2020": 2974.0 }, "geometry": { "type": "Polygon", "coordinates": [ [ [ -101.330589849108364, 20.681718549086902 ], [ -101.326017375400085, 20.681718549086856 ], [ -101.326017375400085, 20.677564216426983 ], [ -101.330589849108364, 20.677564216426983 ], [ -101.330589849108364, 20.681718549086902 ] ] ] } },
{ "type": "Feature", "properties": { "difference_1990_2000": 679.0, "difference_1990_2010": 760.0, "difference_1990_2020": 722.0 }, "geometry": { "type": "Polygon", "coordinates": [ [ [ -101.330589849108364, 20.673409996119229 ], [ -101.326017375400085, 20.673409996119176 ], [ -101.326017375400085, 20.669255888132628 ], [ -101.330589849108364, 20.669255888132685 ], [ -101.330589849108364, 20.673409996119229 ] ] ] } },
{ "type": "Feature", "properties": { "difference_1990_2000": 5.0, "difference_1990_2010": 29.0, "difference_1990_2020": 57.0 }, "geometry": { "type": "Polygon", "coordinates": [ [ [ -101.330589849108364, 20.810558756550318 ], [ -101.326017375400085, 20.810558756550332 ], [ -101.326017375400085, 20.806400925660885 ], [ -101.330589849108364, 20.806400925660885 ], [ -101.330589849108364, 20.810558756550318 ] ] ] } },
{ "type": "Feature", "properties": { "difference_1990_2000": 0.0, "difference_1990_2010": 6.0, "difference_1990_2020": 198.0 }, "geometry": { "type": "Polygon", "coordinates": [ [ [ -101.330589849108364, 20.702491898746068 ], [ -101.326017375400085, 20.702491898746068 ], [ -101.326017375400085, 20.698337003863468 ], [ -101.330589849108364, 20.698337003863482 ], [ -101.330589849108364, 20.702491898746068 ] ] ] } },
{ "type": "Feature", "properties": { "difference_1990_2000": 86.0, "difference_1990_2010": 220.0, "difference_1990_2020": 2206.0 }, "geometry": { "type": "Polygon", "coordinates": [ [ [ -101.330589849108364, 20.690027551586123 ], [ -101.326017375400085, 20.690027551586123 ], [ -101.326017375400085, 20.685872994129657 ], [ -101.330589849108364, 20.685872994129657 ], [ -101.330589849108364, 20.690027551586123 ] ] ] } },
{ "type": "Feature", "properties": { "difference_1990_2000": 83.0, "difference_1990_2010": 169.0, "difference_1990_2020": 260.0 }, "geometry": { "type": "Polygon", "coordinates": [ [ [ -101.330589849108364, 20.798085603781917 ], [ -101.326017375400085, 20.7980856037819 ], [ -101.326017375400085, 20.793928112730338 ], [ -101.330589849108364, 20.793928112730338 ], [ -101.330589849108364, 20.798085603781917 ] ] ] } },
{ "type": "Feature", "properties": { "difference_1990_2000": 1315.0, "difference_1990_2010": 1780.0, "difference_1990_2020": 2167.0 }, "geometry": { "type": "Polygon", "coordinates": [ [ [ -101.330589849108364, 20.652640578783458 ], [ -101.326017375400085, 20.652640578783458 ], [ -101.326017375400085, 20.648487031941446 ], [ -101.330589849108364, 20.648487031941446 ], [ -101.330589849108364, 20.652640578783458 ] ] ] } },
{ "type": "Feature", "properties": { "difference_1990_2000": 102.0, "difference_1990_2010": 222.0, "difference_1990_2020": 541.0 }, "geometry": { "type": "Polygon", "coordinates": [ [ [ -101.330589849108364, 20.665101892436613 ], [ -101.326017375400085, 20.665101892436599 ], [ -101.326017375400085, 20.660948009000261 ], [ -101.330589849108364, 20.660948009000261 ], [ -101.330589849108364, 20.665101892436613 ] ] ] } },
{ "type": "Feature", "properties": { "difference_1990_2000": -1.0, "difference_1990_2010": 23.0, "difference_1990_2020": 19.0 }, "geometry": { "type": "Polygon", "coordinates": [ [ [ -101.321444901691819, 20.81471670078108 ], [ -101.316872427983554, 20.81471670078108 ], [ -101.316872427983554, 20.810558756550332 ], [ -101.321444901691819, 20.810558756550332 ], [ -101.321444901691819, 20.81471670078108 ] ] ] } },
{ "type": "Feature", "properties": { "difference_1990_2000": 208.0, "difference_1990_2010": 361.0, "difference_1990_2020": 700.0 }, "geometry": { "type": "Polygon", "coordinates": [ [ [ -101.321444901691819, 20.685872994129657 ], [ -101.316872427983554, 20.685872994129657 ], [ -101.316872427983554, 20.681718549086888 ], [ -101.321444901691819, 20.681718549086888 ], [ -101.321444901691819, 20.685872994129657 ] ] ] } },
{ "type": "Feature", "properties": { "difference_1990_2000": 0.0, "difference_1990_2010": 0.0, "difference_1990_2020": 27.0 }, "geometry": { "type": "Polygon", "coordinates": [ [ [ -101.321444901691819, 20.706646906165695 ], [ -101.316872427983554, 20.706646906165695 ], [ -101.316872427983554, 20.702491898746068 ], [ -101.321444901691819, 20.702491898746068 ], [ -101.321444901691819, 20.706646906165695 ] ] ] } },
{ "type": "Feature", "properties": { "difference_1990_2000": 30.0, "difference_1990_2010": 25.0, "difference_1990_2020": 216.0 }, "geometry": { "type": "Polygon", "coordinates": [ [ [ -101.321444901691819, 20.660948009000229 ], [ -101.316872427983554, 20.660948009000261 ], [ -101.316872427983554, 20.656794237792809 ], [ -101.321444901691819, 20.656794237792774 ], [ -101.321444901691819, 20.660948009000229 ] ] ] } },
{ "type": "Feature", "properties": { "difference_1990_2000": -1.0, "difference_1990_2010": 108.0, "difference_1990_2020": 197.0 }, "geometry": { "type": "Polygon", "coordinates": [ [ [ -101.321444901691819, 20.698337003863482 ], [ -101.316872427983554, 20.698337003863482 ], [ -101.316872427983554, 20.694182221487132 ], [ -101.321444901691819, 20.694182221487132 ], [ -101.321444901691819, 20.698337003863482 ] ] ] } },
{ "type": "Feature", "properties": { "difference_1990_2000": 0.0, "difference_1990_2010": 0.0, "difference_1990_2020": 2.0 }, "geometry": { "type": "Polygon", "coordinates": [ [ [ -101.321444901691819, 20.710802026153207 ], [ -101.316872427983554, 20.710802026153207 ], [ -101.316872427983554, 20.706646906165695 ], [ -101.321444901691819, 20.706646906165695 ], [ -101.321444901691819, 20.710802026153207 ] ] ] } },
{ "type": "Feature", "properties": { "difference_1990_2000": 23.0, "difference_1990_2010": 14.0, "difference_1990_2020": 320.0 }, "geometry": { "type": "Polygon", "coordinates": [ [ [ -101.321444901691819, 20.677564216426948 ], [ -101.316872427983554, 20.677564216427005 ], [ -101.316872427983554, 20.673409996119229 ], [ -101.321444901691819, 20.673409996119194 ], [ -101.321444901691819, 20.677564216426948 ] ] ] } },
{ "type": "Feature", "properties": { "difference_1990_2000": 106.0, "difference_1990_2010": 423.0, "difference_1990_2020": 947.0 }, "geometry": { "type": "Polygon", "coordinates": [ [ [ -101.321444901691819, 20.656794237792774 ], [ -101.316872427983554, 20.656794237792809 ], [ -101.316872427983554, 20.652640578783458 ], [ -101.321444901691819, 20.652640578783458 ], [ -101.321444901691819, 20.656794237792774 ] ] ] } },
{ "type": "Feature", "properties": { "difference_1990_2000": 22.0, "difference_1990_2010": 13.0, "difference_1990_2020": 315.0 }, "geometry": { "type": "Polygon", "coordinates": [ [ [ -101.321444901691819, 20.669255888132685 ], [ -101.316872427983554, 20.669255888132668 ], [ -101.316872427983554, 20.665101892436613 ], [ -101.321444901691819, 20.665101892436613 ], [ -101.321444901691819, 20.669255888132685 ] ] ] } },
{ "type": "Feature", "properties": { "difference_1990_2000": 0.0, "difference_1990_2010": 0.0, "difference_1990_2020": 0.0 }, "geometry": { "type": "Polygon", "coordinates": [ [ [ -101.321444901691819, 20.806400925660885 ], [ -101.316872427983554, 20.806400925660885 ], [ -101.316872427983554, 20.802243208081755 ], [ -101.321444901691819, 20.802243208081755 ], [ -101.321444901691819, 20.806400925660885 ] ] ] } },
{ "type": "Feature", "properties": { "difference_1990_2000": 128.0, "difference_1990_2010": 1586.0, "difference_1990_2020": 1923.0 }, "geometry": { "type": "Polygon", "coordinates": [ [ [ -101.321444901691819, 20.694182221487132 ], [ -101.316872427983554, 20.694182221487132 ], [ -101.316872427983554, 20.690027551586123 ], [ -101.321444901691819, 20.690027551586123 ], [ -101.321444901691819, 20.694182221487132 ] ] ] } },
{ "type": "Feature", "properties": { "difference_1990_2000": 0.0, "difference_1990_2010": 5.0, "difference_1990_2020": 1.0 }, "geometry": { "type": "Polygon", "coordinates": [ [ [ -101.321444901691819, 20.823032929390603 ], [ -101.316872427983554, 20.823032929390603 ], [ -101.316872427983554, 20.81887475838419 ], [ -101.321444901691819, 20.818874758384144 ], [ -101.321444901691819, 20.823032929390603 ] ] ] } },
{ "type": "Feature", "properties": { "difference_1990_2000": 23.0, "difference_1990_2010": 14.0, "difference_1990_2020": 320.0 }, "geometry": { "type": "Polygon", "coordinates": [ [ [ -101.321444901691819, 20.681718549086888 ], [ -101.316872427983554, 20.681718549086888 ], [ -101.316872427983554, 20.677564216427005 ], [ -101.321444901691819, 20.677564216426948 ], [ -101.321444901691819, 20.681718549086888 ] ] ] } },
{ "type": "Feature", "properties": { "difference_1990_2000": -2.0, "difference_1990_2010": 19.0, "difference_1990_2020": 1.0 }, "geometry": { "type": "Polygon", "coordinates": [ [ [ -101.321444901691819, 20.818874758384144 ], [ -101.316872427983554, 20.81887475838419 ], [ -101.316872427983554, 20.81471670078108 ], [ -101.321444901691819, 20.81471670078108 ], [ -101.321444901691819, 20.818874758384144 ] ] ] } },
{ "type": "Feature", "properties": { "difference_1990_2000": 23.0, "difference_1990_2010": 14.0, "difference_1990_2020": 320.0 }, "geometry": { "type": "Polygon", "coordinates": [ [ [ -101.321444901691819, 20.673409996119194 ], [ -101.316872427983554, 20.673409996119229 ], [ -101.316872427983554, 20.669255888132668 ], [ -101.321444901691819, 20.669255888132685 ], [ -101.321444901691819, 20.673409996119194 ] ] ] } },
{ "type": "Feature", "properties": { "difference_1990_2000": 0.0, "difference_1990_2010": 0.0, "difference_1990_2020": 77.0 }, "geometry": { "type": "Polygon", "coordinates": [ [ [ -101.321444901691819, 20.702491898746068 ], [ -101.316872427983554, 20.702491898746068 ], [ -101.316872427983554, 20.698337003863482 ], [ -101.321444901691819, 20.698337003863482 ], [ -101.321444901691819, 20.702491898746068 ] ] ] } },
{ "type": "Feature", "properties": { "difference_1990_2000": 316.0, "difference_1990_2010": 1817.0, "difference_1990_2020": 2306.0 }, "geometry": { "type": "Polygon", "coordinates": [ [ [ -101.321444901691819, 20.690027551586123 ], [ -101.316872427983554, 20.690027551586123 ], [ -101.316872427983554, 20.685872994129657 ], [ -101.321444901691819, 20.685872994129657 ], [ -101.321444901691819, 20.690027551586123 ] ] ] } },
{ "type": "Feature", "properties": { "difference_1990_2000": -1.0, "difference_1990_2010": -169.0, "difference_1990_2020": 46.0 }, "geometry": { "type": "Polygon", "coordinates": [ [ [ -101.321444901691819, 20.810558756550332 ], [ -101.316872427983554, 20.810558756550332 ], [ -101.316872427983554, 20.806400925660885 ], [ -101.321444901691819, 20.806400925660885 ], [ -101.321444901691819, 20.810558756550332 ] ] ] } },
{ "type": "Feature", "properties": { "difference_1990_2000": 15.0, "difference_1990_2010": 60.0, "difference_1990_2020": 126.0 }, "geometry": { "type": "Polygon", "coordinates": [ [ [ -101.321444901691819, 20.652640578783458 ], [ -101.316872427983554, 20.652640578783458 ], [ -101.316872427983554, 20.648487031941446 ], [ -101.321444901691819, 20.648487031941446 ], [ -101.321444901691819, 20.652640578783458 ] ] ] } },
{ "type": "Feature", "properties": { "difference_1990_2000": 25.0, "difference_1990_2010": 20.0, "difference_1990_2020": 206.0 }, "geometry": { "type": "Polygon", "coordinates": [ [ [ -101.321444901691819, 20.665101892436613 ], [ -101.316872427983554, 20.665101892436613 ], [ -101.316872427983554, 20.660948009000261 ], [ -101.321444901691819, 20.660948009000229 ], [ -101.321444901691819, 20.665101892436613 ] ] ] } },
{ "type": "Feature", "properties": { "difference_1990_2000": 558.0, "difference_1990_2010": 763.0, "difference_1990_2020": 989.0 }, "geometry": { "type": "Polygon", "coordinates": [ [ [ -101.312299954275275, 20.814716700781045 ], [ -101.307727480566996, 20.81471670078108 ], [ -101.307727480566996, 20.810558756550332 ], [ -101.312299954275275, 20.810558756550318 ], [ -101.312299954275275, 20.814716700781045 ] ] ] } },
{ "type": "Feature", "properties": { "difference_1990_2000": 95.0, "difference_1990_2010": 315.0, "difference_1990_2020": 612.0 }, "geometry": { "type": "Polygon", "coordinates": [ [ [ -101.312299954275275, 20.685872994129657 ], [ -101.307727480566996, 20.685872994129657 ], [ -101.307727480566996, 20.681718549086888 ], [ -101.312299954275275, 20.681718549086856 ], [ -101.312299954275275, 20.685872994129657 ] ] ] } },
{ "type": "Feature", "properties": { "difference_1990_2000": 0.0, "difference_1990_2010": 313.0, "difference_1990_2020": 380.0 }, "geometry": { "type": "Polygon", "coordinates": [ [ [ -101.312299954275275, 20.706646906165695 ], [ -101.307727480566996, 20.706646906165709 ], [ -101.307727480566996, 20.702491898746068 ], [ -101.312299954275275, 20.702491898746068 ], [ -101.312299954275275, 20.706646906165695 ] ] ] } },
{ "type": "Feature", "properties": { "difference_1990_2000": 0.0, "difference_1990_2010": 70.0, "difference_1990_2020": 68.0 }, "geometry": { "type": "Polygon", "coordinates": [ [ [ -101.312299954275275, 20.710802026153175 ], [ -101.307727480566996, 20.710802026153207 ], [ -101.307727480566996, 20.706646906165709 ], [ -101.312299954275275, 20.706646906165695 ], [ -101.312299954275275, 20.710802026153175 ] ] ] } },
{ "type": "Feature", "properties": { "difference_1990_2000": 0.0, "difference_1990_2010": 27.0, "difference_1990_2020": 0.0 }, "geometry": { "type": "Polygon", "coordinates": [ [ [ -101.312299954275275, 20.719112603955342 ], [ -101.307727480566996, 20.719112603955342 ], [ -101.307727480566996, 20.714957258739481 ], [ -101.312299954275275, 20.714957258739517 ], [ -101.312299954275275, 20.719112603955342 ] ] ] } },
{ "type": "Feature", "properties": { "difference_1990_2000": 34.0, "difference_1990_2010": 20.0, "difference_1990_2020": 7.0 }, "geometry": { "type": "Polygon", "coordinates": [ [ [ -101.312299954275275, 20.660948009000261 ], [ -101.307727480566996, 20.660948009000261 ], [ -101.307727480566996, 20.656794237792809 ], [ -101.312299954275275, 20.656794237792809 ], [ -101.312299954275275, 20.660948009000261 ] ] ] } },
{ "type": "Feature", "properties": { "difference_1990_2000": 10.0, "difference_1990_2010": 15.0, "difference_1990_2020": 218.0 }, "geometry": { "type": "Polygon", "coordinates": [ [ [ -101.312299954275275, 20.677564216426948 ], [ -101.307727480566996, 20.677564216426983 ], [ -101.307727480566996, 20.673409996119194 ], [ -101.312299954275275, 20.673409996119194 ], [ -101.312299954275275, 20.677564216426948 ] ] ] } },
{ "type": "Feature", "properties": { "difference_1990_2000": 0.0, "difference_1990_2010": 0.0, "difference_1990_2020": 32.0 }, "geometry": { "type": "Polygon", "coordinates": [ [ [ -101.312299954275275, 20.74820317668981 ], [ -101.307727480566996, 20.74820317668981 ], [ -101.307727480566996, 20.744047042201856 ], [ -101.312299954275275, 20.744047042201856 ], [ -101.312299954275275, 20.74820317668981 ] ] ] } },
{ "type": "Feature", "properties": { "difference_1990_2000": 18.0, "difference_1990_2010": 41.0, "difference_1990_2020": 62.0 }, "geometry": { "type": "Polygon", "coordinates": [ [ [ -101.312299954275275, 20.669255888132668 ], [ -101.307727480566996, 20.669255888132685 ], [ -101.307727480566996, 20.665101892436613 ], [ -101.312299954275275, 20.665101892436599 ], [ -101.312299954275275, 20.669255888132668 ] ] ] } },
{ "type": "Feature", "properties": { "difference_1990_2000": 21.0, "difference_1990_2010": 12.0, "difference_1990_2020": 290.0 }, "geometry": { "type": "Polygon", "coordinates": [ [ [ -101.312299954275275, 20.656794237792809 ], [ -101.307727480566996, 20.656794237792809 ], [ -101.307727480566996, 20.652640578783473 ], [ -101.312299954275275, 20.652640578783458 ], [ -101.312299954275275, 20.656794237792809 ] ] ] } },
{ "type": "Feature", "properties": { "difference_1990_2000": 215.0, "difference_1990_2010": 365.0, "difference_1990_2020": 475.0 }, "geometry": { "type": "Polygon", "coordinates": [ [ [ -101.312299954275275, 20.694182221487132 ], [ -101.307727480566996, 20.694182221487132 ], [ -101.307727480566996, 20.690027551586159 ], [ -101.312299954275275, 20.690027551586123 ], [ -101.312299954275275, 20.694182221487132 ] ] ] } },
{ "type": "Feature", "properties": { "difference_1990_2000": -1.0, "difference_1990_2010": 35.0, "difference_1990_2020": 100.0 }, "geometry": { "type": "Polygon", "coordinates": [ [ [ -101.312299954275275, 20.823032929390603 ], [ -101.307727480566996, 20.823032929390603 ], [ -101.307727480566996, 20.818874758384158 ], [ -101.312299954275275, 20.818874758384144 ], [ -101.312299954275275, 20.823032929390603 ] ] ] } },
{ "type": "Feature", "properties": { "difference_1990_2000": 23.0, "difference_1990_2010": 14.0, "difference_1990_2020": 320.0 }, "geometry": { "type": "Polygon", "coordinates": [ [ [ -101.312299954275275, 20.681718549086856 ], [ -101.307727480566996, 20.681718549086888 ], [ -101.307727480566996, 20.677564216426983 ], [ -101.312299954275275, 20.677564216426948 ], [ -101.312299954275275, 20.681718549086856 ] ] ] } },
{ "type": "Feature", "properties": { "difference_1990_2000": 0.0, "difference_1990_2010": 3.0, "difference_1990_2020": 0.0 }, "geometry": { "type": "Polygon", "coordinates": [ [ [ -101.312299954275275, 20.818874758384144 ], [ -101.307727480566996, 20.818874758384158 ], [ -101.307727480566996, 20.81471670078108 ], [ -101.312299954275275, 20.814716700781045 ], [ -101.312299954275275, 20.818874758384144 ] ] ] } },
{ "type": "Feature", "properties": { "difference_1990_2000": 17.0, "difference_1990_2010": 39.0, "difference_1990_2020": 75.0 }, "geometry": { "type": "Polygon", "coordinates": [ [ [ -101.312299954275275, 20.673409996119194 ], [ -101.307727480566996, 20.673409996119194 ], [ -101.307727480566996, 20.669255888132685 ], [ -101.312299954275275, 20.669255888132668 ], [ -101.312299954275275, 20.673409996119194 ] ] ] } },
{ "type": "Feature", "properties": { "difference_1990_2000": 256.0, "difference_1990_2010": 360.0, "difference_1990_2020": 472.0 }, "geometry": { "type": "Polygon", "coordinates": [ [ [ -101.312299954275275, 20.810558756550318 ], [ -101.307727480566996, 20.810558756550332 ], [ -101.307727480566996, 20.806400925660885 ], [ -101.312299954275275, 20.806400925660885 ], [ -101.312299954275275, 20.810558756550318 ] ] ] } },
{ "type": "Feature", "properties": { "difference_1990_2000": 0.0, "difference_1990_2010": 122.0, "difference_1990_2020": 171.0 }, "geometry": { "type": "Polygon", "coordinates": [ [ [ -101.312299954275275, 20.702491898746068 ], [ -101.307727480566996, 20.702491898746068 ], [ -101.307727480566996, 20.698337003863482 ], [ -101.312299954275275, 20.698337003863482 ], [ -101.312299954275275, 20.702491898746068 ] ] ] } },
{ "type": "Feature", "properties": { "difference_1990_2000": 420.0, "difference_1990_2010": 1106.0, "difference_1990_2020": 1388.0 }, "geometry": { "type": "Polygon", "coordinates": [ [ [ -101.312299954275275, 20.690027551586123 ], [ -101.307727480566996, 20.690027551586159 ], [ -101.307727480566996, 20.685872994129657 ], [ -101.312299954275275, 20.685872994129657 ], [ -101.312299954275275, 20.690027551586123 ] ] ] } },
{ "type": "Feature", "properties": { "difference_1990_2000": 0.0, "difference_1990_2010": 0.0, "difference_1990_2020": 5.0 }, "geometry": { "type": "Polygon", "coordinates": [ [ [ -101.312299954275275, 20.752359424054493 ], [ -101.307727480566996, 20.752359424054525 ], [ -101.307727480566996, 20.74820317668981 ], [ -101.312299954275275, 20.74820317668981 ], [ -101.312299954275275, 20.752359424054493 ] ] ] } },
{ "type": "Feature", "properties": { "difference_1990_2000": 0.0, "difference_1990_2010": 1.0, "difference_1990_2020": 0.0 }, "geometry": { "type": "Polygon", "coordinates": [ [ [ -101.312299954275275, 20.827191213831465 ], [ -101.307727480566996, 20.827191213831483 ], [ -101.307727480566996, 20.823032929390603 ], [ -101.312299954275275, 20.823032929390603 ], [ -101.312299954275275, 20.827191213831465 ] ] ] } },
{ "type": "Feature", "properties": { "difference_1990_2000": 19.0, "difference_1990_2010": 39.0, "difference_1990_2020": 55.0 }, "geometry": { "type": "Polygon", "coordinates": [ [ [ -101.312299954275275, 20.665101892436599 ], [ -101.307727480566996, 20.665101892436613 ], [ -101.307727480566996, 20.660948009000261 ], [ -101.312299954275275, 20.660948009000261 ], [ -101.312299954275275, 20.665101892436599 ] ] ] } },
{ "type": "Feature", "properties": { "difference_1990_2000": 0.0, "difference_1990_2010": 1.0, "difference_1990_2020": 0.0 }, "geometry": { "type": "Polygon", "coordinates": [ [ [ -101.312299954275275, 20.652640578783458 ], [ -101.307727480566996, 20.652640578783473 ], [ -101.307727480566996, 20.648487031941446 ], [ -101.312299954275275, 20.648487031941468 ], [ -101.312299954275275, 20.652640578783458 ] ] ] } },
{ "type": "Feature", "properties": { "difference_1990_2000": 0.0, "difference_1990_2010": 131.0, "difference_1990_2020": 150.0 }, "geometry": { "type": "Polygon", "coordinates": [ [ [ -101.312299954275275, 20.714957258739517 ], [ -101.307727480566996, 20.714957258739481 ], [ -101.307727480566996, 20.710802026153207 ], [ -101.312299954275275, 20.710802026153175 ], [ -101.312299954275275, 20.714957258739517 ] ] ] } },
{ "type": "Feature", "properties": { "difference_1990_2000": 0.0, "difference_1990_2010": 0.0, "difference_1990_2020": 4.0 }, "geometry": { "type": "Polygon", "coordinates": [ [ [ -101.303155006858745, 20.706646906165695 ], [ -101.298582533150437, 20.706646906165695 ], [ -101.298582533150437, 20.702491898746068 ], [ -101.303155006858745, 20.702491898746068 ], [ -101.303155006858745, 20.706646906165695 ] ] ] } },
{ "type": "Feature", "properties": { "difference_1990_2000": 0.0, "difference_1990_2010": 0.0, "difference_1990_2020": 0.0 }, "geometry": { "type": "Polygon", "coordinates": [ [ [ -101.303155006858745, 20.685872994129689 ], [ -101.298582533150437, 20.685872994129657 ], [ -101.298582533150437, 20.681718549086856 ], [ -101.303155006858745, 20.681718549086888 ], [ -101.303155006858745, 20.685872994129689 ] ] ] } },
{ "type": "Feature", "properties": { "difference_1990_2000": 0.0, "difference_1990_2010": 133.0, "difference_1990_2020": 176.0 }, "geometry": { "type": "Polygon", "coordinates": [ [ [ -101.303155006858745, 20.719112603955342 ], [ -101.298582533150437, 20.719112603955342 ], [ -101.298582533150437, 20.714957258739481 ], [ -101.303155006858745, 20.714957258739481 ], [ -101.303155006858745, 20.719112603955342 ] ] ] } },
{ "type": "Feature", "properties": { "difference_1990_2000": 0.0, "difference_1990_2010": 244.0, "difference_1990_2020": 356.0 }, "geometry": { "type": "Polygon", "coordinates": [ [ [ -101.303155006858745, 20.710802026153207 ], [ -101.298582533150437, 20.710802026153207 ], [ -101.298582533150437, 20.706646906165695 ], [ -101.303155006858745, 20.706646906165695 ], [ -101.303155006858745, 20.710802026153207 ] ] ] } },
{ "type": "Feature", "properties": { "difference_1990_2000": 108.0, "difference_1990_2010": 180.0, "difference_1990_2020": 206.0 }, "geometry": { "type": "Polygon", "coordinates": [ [ [ -101.303155006858745, 20.660948009000283 ], [ -101.298582533150437, 20.660948009000261 ], [ -101.298582533150437, 20.656794237792809 ], [ -101.303155006858745, 20.656794237792809 ], [ -101.303155006858745, 20.660948009000283 ] ] ] } },
{ "type": "Feature", "properties": { "difference_1990_2000": 0.0, "difference_1990_2010": 414.0, "difference_1990_2020": 492.0 }, "geometry": { "type": "Polygon", "coordinates": [ [ [ -101.303155006858745, 20.744047042201856 ], [ -101.298582533150437, 20.744047042201839 ], [ -101.298582533150437, 20.739891020559728 ], [ -101.303155006858745, 20.739891020559728 ], [ -101.303155006858745, 20.744047042201856 ] ] ] } },
{ "type": "Feature", "properties": { "difference_1990_2000": 0.0, "difference_1990_2010": 742.0, "difference_1990_2020": 780.0 }, "geometry": { "type": "Polygon", "coordinates": [ [ [ -101.303155006858745, 20.74820317668981 ], [ -101.298582533150437, 20.748203176689795 ], [ -101.298582533150437, 20.744047042201839 ], [ -101.303155006858745, 20.744047042201856 ], [ -101.303155006858745, 20.74820317668981 ] ] ] } },
{ "type": "Feature", "properties": { "difference_1990_2000": -9.0, "difference_1990_2010": 20.0, "difference_1990_2020": 50.0 }, "geometry": { "type": "Polygon", "coordinates": [ [ [ -101.303155006858745, 20.677564216426983 ], [ -101.298582533150437, 20.677564216426983 ], [ -101.298582533150437, 20.673409996119194 ], [ -101.303155006858745, 20.673409996119229 ], [ -101.303155006858745, 20.677564216426983 ] ] ] } },
{ "type": "Feature", "properties": { "difference_1990_2000": 60.0, "difference_1990_2010": 110.0, "difference_1990_2020": 130.0 }, "geometry": { "type": "Polygon", "coordinates": [ [ [ -101.303155006858745, 20.669255888132668 ], [ -101.298582533150437, 20.669255888132668 ], [ -101.298582533150437, 20.665101892436613 ], [ -101.303155006858745, 20.665101892436613 ], [ -101.303155006858745, 20.669255888132668 ] ] ] } },
{ "type": "Feature", "properties": { "difference_1990_2000": 11.0, "difference_1990_2010": 8.0, "difference_1990_2020": 143.0 }, "geometry": { "type": "Polygon", "coordinates": [ [ [ -101.303155006858745, 20.656794237792809 ], [ -101.298582533150437, 20.656794237792809 ], [ -101.298582533150437, 20.652640578783458 ], [ -101.303155006858745, 20.652640578783434 ], [ -101.303155006858745, 20.656794237792809 ] ] ] } },
{ "type": "Feature", "properties": { "difference_1990_2000": 0.0, "difference_1990_2010": 4.0, "difference_1990_2020": 76.0 }, "geometry": { "type": "Polygon", "coordinates": [ [ [ -101.303155006858745, 20.739891020559728 ], [ -101.298582533150437, 20.739891020559728 ], [ -101.298582533150437, 20.735735111732581 ], [ -101.303155006858745, 20.735735111732602 ], [ -101.303155006858745, 20.739891020559728 ] ] ] } },
{ "type": "Feature", "properties": { "difference_1990_2000": 0.0, "difference_1990_2010": 23.0, "difference_1990_2020": 27.0 }, "geometry": { "type": "Polygon", "coordinates": [ [ [ -101.303155006858745, 20.756515784326908 ], [ -101.298582533150437, 20.756515784326908 ], [ -101.298582533150437, 20.752359424054525 ], [ -101.303155006858745, 20.75235942405455 ], [ -101.303155006858745, 20.756515784326908 ] ] ] } },
{ "type": "Feature", "properties": { "difference_1990_2000": -5.0, "difference_1990_2010": 10.0, "difference_1990_2020": 26.0 }, "geometry": { "type": "Polygon", "coordinates": [ [ [ -101.303155006858745, 20.681718549086888 ], [ -101.298582533150437, 20.681718549086856 ], [ -101.298582533150437, 20.677564216426983 ], [ -101.303155006858745, 20.677564216426983 ], [ -101.303155006858745, 20.681718549086888 ] ] ] } },
{ "type": "Feature", "properties": { "difference_1990_2000": 12.0, "difference_1990_2010": 36.0, "difference_1990_2020": 60.0 }, "geometry": { "type": "Polygon", "coordinates": [ [ [ -101.303155006858745, 20.673409996119229 ], [ -101.298582533150437, 20.673409996119194 ], [ -101.298582533150437, 20.669255888132668 ], [ -101.303155006858745, 20.669255888132668 ], [ -101.303155006858745, 20.673409996119229 ] ] ] } },
{ "type": "Feature", "properties": { "difference_1990_2000": 0.0, "difference_1990_2010": 287.0, "difference_1990_2020": 304.0 }, "geometry": { "type": "Polygon", "coordinates": [ [ [ -101.303155006858745, 20.75235942405455 ], [ -101.298582533150437, 20.752359424054525 ], [ -101.298582533150437, 20.748203176689795 ], [ -101.303155006858745, 20.74820317668981 ], [ -101.303155006858745, 20.75235942405455 ] ] ] } },
{ "type": "Feature", "properties": { "difference_1990_2000": 0.0, "difference_1990_2010": 2.0, "difference_1990_2020": 1.0 }, "geometry": { "type": "Polygon", "coordinates": [ [ [ -101.303155006858745, 20.652640578783434 ], [ -101.298582533150437, 20.652640578783458 ], [ -101.298582533150437, 20.648487031941414 ], [ -101.303155006858745, 20.648487031941468 ], [ -101.303155006858745, 20.652640578783434 ] ] ] } },
{ "type": "Feature", "properties": { "difference_1990_2000": 159.0, "difference_1990_2010": 268.0, "difference_1990_2020": 289.0 }, "geometry": { "type": "Polygon", "coordinates": [ [ [ -101.303155006858745, 20.665101892436613 ], [ -101.298582533150437, 20.665101892436613 ], [ -101.298582533150437, 20.660948009000261 ], [ -101.303155006858745, 20.660948009000283 ], [ -101.303155006858745, 20.665101892436613 ] ] ] } },
{ "type": "Feature", "properties": { "difference_1990_2000": 0.0, "difference_1990_2010": 281.0, "difference_1990_2020": 316.0 }, "geometry": { "type": "Polygon", "coordinates": [ [ [ -101.303155006858745, 20.714957258739481 ], [ -101.298582533150437, 20.714957258739481 ], [ -101.298582533150437, 20.710802026153207 ], [ -101.303155006858745, 20.710802026153207 ], [ -101.303155006858745, 20.714957258739481 ] ] ] } },
{ "type": "Feature", "properties": { "difference_1990_2000": 126.0, "difference_1990_2010": 298.0, "difference_1990_2020": 315.0 }, "geometry": { "type": "Polygon", "coordinates": [ [ [ -101.481481481481495, 20.660948009000229 ], [ -101.476909007773216, 20.660948009000229 ], [ -101.476909007773216, 20.656794237792809 ], [ -101.481481481481495, 20.656794237792809 ], [ -101.481481481481495, 20.660948009000229 ] ] ] } },
{ "type": "Feature", "properties": { "difference_1990_2000": 18.0, "difference_1990_2010": 51.0, "difference_1990_2020": 70.0 }, "geometry": { "type": "Polygon", "coordinates": [ [ [ -101.481481481481495, 20.669255888132668 ], [ -101.476909007773216, 20.669255888132685 ], [ -101.476909007773216, 20.665101892436613 ], [ -101.481481481481495, 20.665101892436599 ], [ -101.481481481481495, 20.669255888132668 ] ] ] } },
{ "type": "Feature", "properties": { "difference_1990_2000": 60.0, "difference_1990_2010": -23.0, "difference_1990_2020": 151.0 }, "geometry": { "type": "Polygon", "coordinates": [ [ [ -101.481481481481495, 20.656794237792809 ], [ -101.476909007773216, 20.656794237792809 ], [ -101.476909007773216, 20.652640578783458 ], [ -101.481481481481495, 20.652640578783473 ], [ -101.481481481481495, 20.656794237792809 ] ] ] } },
{ "type": "Feature", "properties": { "difference_1990_2000": 123.0, "difference_1990_2010": 300.0, "difference_1990_2020": 312.0 }, "geometry": { "type": "Polygon", "coordinates": [ [ [ -101.481481481481495, 20.665101892436599 ], [ -101.476909007773216, 20.665101892436613 ], [ -101.476909007773216, 20.660948009000229 ], [ -101.481481481481495, 20.660948009000229 ], [ -101.481481481481495, 20.665101892436599 ] ] ] } },
{ "type": "Feature", "properties": { "difference_1990_2000": 0.0, "difference_1990_2010": 79.0, "difference_1990_2020": 83.0 }, "geometry": { "type": "Polygon", "coordinates": [ [ [ -101.294010059442158, 20.74820317668981 ], [ -101.289437585733907, 20.748203176689849 ], [ -101.289437585733907, 20.744047042201856 ], [ -101.294010059442158, 20.744047042201856 ], [ -101.294010059442158, 20.74820317668981 ] ] ] } },
{ "type": "Feature", "properties": { "difference_1990_2000": 0.0, "difference_1990_2010": 20.0, "difference_1990_2020": 21.0 }, "geometry": { "type": "Polygon", "coordinates": [ [ [ -101.294010059442158, 20.752359424054493 ], [ -101.289437585733907, 20.752359424054525 ], [ -101.289437585733907, 20.748203176689849 ], [ -101.294010059442158, 20.74820317668981 ], [ -101.294010059442158, 20.752359424054493 ] ] ] } },
{ "type": "Feature", "properties": { "difference_1990_2000": 35.0, "difference_1990_2010": 70.0, "difference_1990_2020": 71.0 }, "geometry": { "type": "Polygon", "coordinates": [ [ [ -101.472336534064937, 20.660948009000229 ], [ -101.467764060356657, 20.660948009000261 ], [ -101.467764060356657, 20.656794237792809 ], [ -101.472336534064937, 20.656794237792809 ], [ -101.472336534064937, 20.660948009000229 ] ] ] } },
{ "type": "Feature", "properties": { "difference_1990_2000": 11.0, "difference_1990_2010": 26.0, "difference_1990_2020": 27.0 }, "geometry": { "type": "Polygon", "coordinates": [ [ [ -101.472336534064937, 20.669255888132668 ], [ -101.467764060356657, 20.669255888132685 ], [ -101.467764060356657, 20.665101892436599 ], [ -101.472336534064937, 20.665101892436613 ], [ -101.472336534064937, 20.669255888132668 ] ] ] } },
{ "type": "Feature", "properties": { "difference_1990_2000": 7.0, "difference_1990_2010": 17.0, "difference_1990_2020": 18.0 }, "geometry": { "type": "Polygon", "coordinates": [ [ [ -101.472336534064937, 20.656794237792809 ], [ -101.467764060356657, 20.656794237792809 ], [ -101.467764060356657, 20.652640578783458 ], [ -101.472336534064937, 20.652640578783434 ], [ -101.472336534064937, 20.656794237792809 ] ] ] } },
{ "type": "Feature", "properties": { "difference_1990_2000": 47.0, "difference_1990_2010": 68.0, "difference_1990_2020": 87.0 }, "geometry": { "type": "Polygon", "coordinates": [ [ [ -101.472336534064937, 20.665101892436613 ], [ -101.467764060356657, 20.665101892436599 ], [ -101.467764060356657, 20.660948009000261 ], [ -101.472336534064937, 20.660948009000229 ], [ -101.472336534064937, 20.665101892436613 ] ] ] } },
{ "type": "Feature", "properties": { "difference_1990_2000": 0.0, "difference_1990_2010": 448.0, "difference_1990_2020": 447.0 }, "geometry": { "type": "Polygon", "coordinates": [ [ [ -101.284865112025614, 20.62772097916514 ], [ -101.280292638317334, 20.627720979165176 ], [ -101.280292638317334, 20.623568104681421 ], [ -101.284865112025614, 20.623568104681389 ], [ -101.284865112025614, 20.62772097916514 ] ] ] } },
{ "type": "Feature", "properties": { "difference_1990_2000": 0.0, "difference_1990_2010": 570.0, "difference_1990_2020": 553.0 }, "geometry": { "type": "Polygon", "coordinates": [ [ [ -101.284865112025614, 20.623568104681389 ], [ -101.280292638317334, 20.623568104681421 ], [ -101.280292638317334, 20.619415342149733 ], [ -101.284865112025614, 20.619415342149782 ], [ -101.284865112025614, 20.623568104681389 ] ] ] } },
{ "type": "Feature", "properties": { "difference_1990_2000": 0.0, "difference_1990_2010": 519.0, "difference_1990_2020": 520.0 }, "geometry": { "type": "Polygon", "coordinates": [ [ [ -101.284865112025614, 20.615262691539549 ], [ -101.280292638317334, 20.615262691539549 ], [ -101.280292638317334, 20.611110152820039 ], [ -101.284865112025614, 20.611110152820089 ], [ -101.284865112025614, 20.615262691539549 ] ] ] } },
{ "type": "Feature", "properties": { "difference_1990_2000": 0.0, "difference_1990_2010": 584.0, "difference_1990_2020": 572.0 }, "geometry": { "type": "Polygon", "coordinates": [ [ [ -101.284865112025614, 20.619415342149782 ], [ -101.280292638317334, 20.619415342149733 ], [ -101.280292638317334, 20.615262691539549 ], [ -101.284865112025614, 20.615262691539549 ], [ -101.284865112025614, 20.619415342149782 ] ] ] } },
{ "type": "Feature", "properties": { "difference_1990_2000": 477.0, "difference_1990_2010": 670.0, "difference_1990_2020": 656.0 }, "geometry": { "type": "Polygon", "coordinates": [ [ [ -101.463191586648406, 20.660948009000261 ], [ -101.458619112940113, 20.660948009000261 ], [ -101.458619112940113, 20.656794237792809 ], [ -101.463191586648406, 20.656794237792809 ], [ -101.463191586648406, 20.660948009000261 ] ] ] } },
{ "type": "Feature", "properties": { "difference_1990_2000": 318.0, "difference_1990_2010": 34.0, "difference_1990_2020": 438.0 }, "geometry": { "type": "Polygon", "coordinates": [ [ [ -101.463191586648406, 20.669255888132668 ], [ -101.458619112940113, 20.669255888132685 ], [ -101.458619112940113, 20.665101892436613 ], [ -101.463191586648406, 20.665101892436599 ], [ -101.463191586648406, 20.669255888132668 ] ] ] } },
{ "type": "Feature", "properties": { "difference_1990_2000": 2.0, "difference_1990_2010": 2.0, "difference_1990_2020": 2.0 }, "geometry": { "type": "Polygon", "coordinates": [ [ [ -101.463191586648406, 20.656794237792809 ], [ -101.458619112940113, 20.656794237792809 ], [ -101.458619112940113, 20.652640578783458 ], [ -101.463191586648406, 20.652640578783458 ], [ -101.463191586648406, 20.656794237792809 ] ] ] } },
{ "type": "Feature", "properties": { "difference_1990_2000": 617.0, "difference_1990_2010": 776.0, "difference_1990_2020": 849.0 }, "geometry": { "type": "Polygon", "coordinates": [ [ [ -101.463191586648406, 20.665101892436599 ], [ -101.458619112940113, 20.665101892436613 ], [ -101.458619112940113, 20.660948009000261 ], [ -101.463191586648406, 20.660948009000261 ], [ -101.463191586648406, 20.665101892436599 ] ] ] } }
]
}
