{
"type": "FeatureCollection",
"crs": { "type": "name", "properties": { "name": "urn:ogc:def:crs:OGC:1.3:CRS84" } },
"features": [
{ "type": "Feature", "properties": { "difference_1990_2000": 45.0, "difference_1990_2010": 35.0, "difference_1990_2020": 35.0 }, "geometry": { "type": "Polygon", "coordinates": [ [ [ -94.362139917695487, 18.146865062097525 ], [ -94.357567443987193, 18.146865062097557 ], [ -94.357567443987193, 18.142774248015133 ], [ -94.362139917695487, 18.142774248015133 ], [ -94.362139917695487, 18.146865062097525 ] ] ] } },
{ "type": "Feature", "properties": { "difference_1990_2000": 4.0, "difference_1990_2010": 4.0, "difference_1990_2020": 6.0 }, "geometry": { "type": "Polygon", "coordinates": [ [ [ -94.362139917695487, 18.16732055169841 ], [ -94.357567443987193, 18.167320551698371 ], [ -94.357567443987193, 18.163229264462188 ], [ -94.362139917695487, 18.163229264462188 ], [ -94.362139917695487, 18.16732055169841 ] ] ] } },
{ "type": "Feature", "properties": { "difference_1990_2000": 81.0, "difference_1990_2010": 62.0, "difference_1990_2020": 62.0 }, "geometry": { "type": "Polygon", "coordinates": [ [ [ -94.362139917695487, 18.1591380719113 ], [ -94.357567443987193, 18.1591380719113 ], [ -94.357567443987193, 18.155046974018369 ], [ -94.362139917695487, 18.155046974018369 ], [ -94.362139917695487, 18.1591380719113 ] ] ] } },
{ "type": "Feature", "properties": { "difference_1990_2000": 1.0, "difference_1990_2010": 0.0, "difference_1990_2020": 0.0 }, "geometry": { "type": "Polygon", "coordinates": [ [ [ -94.362139917695487, 18.089602258994454 ], [ -94.357567443987193, 18.089602258994475 ], [ -94.357567443987193, 18.085512766121571 ], [ -94.362139917695487, 18.085512766121571 ], [ -94.362139917695487, 18.089602258994454 ] ] ] } },
{ "type": "Feature", "properties": { "difference_1990_2000": 71.0, "difference_1990_2010": 60.0, "difference_1990_2020": 85.0 }, "geometry": { "type": "Polygon", "coordinates": [ [ [ -94.362139917695487, 18.163229264462188 ], [ -94.357567443987193, 18.163229264462188 ], [ -94.357567443987193, 18.1591380719113 ], [ -94.362139917695487, 18.1591380719113 ], [ -94.362139917695487, 18.163229264462188 ] ] ] } },
{ "type": "Feature", "properties": { "difference_1990_2000": 80.0, "difference_1990_2010": 62.0, "difference_1990_2020": 62.0 }, "geometry": { "type": "Polygon", "coordinates": [ [ [ -94.362139917695487, 18.150955970756197 ], [ -94.357567443987193, 18.150955970756225 ], [ -94.357567443987193, 18.146865062097557 ], [ -94.362139917695487, 18.146865062097525 ], [ -94.362139917695487, 18.150955970756197 ] ] ] } },
{ "type": "Feature", "properties": { "difference_1990_2000": 79.0, "difference_1990_2010": 61.0, "difference_1990_2020": 61.0 }, "geometry": { "type": "Polygon", "coordinates": [ [ [ -94.362139917695487, 18.155046974018369 ], [ -94.357567443987193, 18.155046974018369 ], [ -94.357567443987193, 18.150955970756225 ], [ -94.362139917695487, 18.150955970756197 ], [ -94.362139917695487, 18.155046974018369 ] ] ] } },
{ "type": "Feature", "properties": { "difference_1990_2000": 1.0, "difference_1990_2010": 0.0, "difference_1990_2020": 0.0 }, "geometry": { "type": "Polygon", "coordinates": [ [ [ -94.362139917695487, 18.085512766121571 ], [ -94.357567443987193, 18.085512766121571 ], [ -94.357567443987193, 18.081423367416836 ], [ -94.362139917695487, 18.081423367416811 ], [ -94.362139917695487, 18.085512766121571 ] ] ] } },
{ "type": "Feature", "properties": { "difference_1990_2000": 0.0, "difference_1990_2010": 0.0, "difference_1990_2020": 438.0 }, "geometry": { "type": "Polygon", "coordinates": [ [ [ -94.54046639231828, 18.1591380719113 ], [ -94.535893918609986, 18.1591380719113 ], [ -94.535893918609986, 18.155046974018369 ], [ -94.54046639231828, 18.155046974018369 ], [ -94.54046639231828, 18.1591380719113 ] ] ] } },
{ "type": "Feature", "properties": { "difference_1990_2000": 0.0, "difference_1990_2010": 0.0, "difference_1990_2020": 204.0 }, "geometry": { "type": "Polygon", "coordinates": [ [ [ -94.54046639231828, 18.155046974018369 ], [ -94.535893918609986, 18.155046974018369 ], [ -94.535893918609986, 18.150955970756225 ], [ -94.54046639231828, 18.150955970756225 ], [ -94.54046639231828, 18.155046974018369 ] ] ] } },
{ "type": "Feature", "properties": { "difference_1990_2000": 0.0, "difference_1990_2010": 0.0, "difference_1990_2020": 36.0 }, "geometry": { "type": "Polygon", "coordinates": [ [ [ -94.54046639231828, 18.150955970756225 ], [ -94.535893918609986, 18.150955970756225 ], [ -94.535893918609986, 18.146865062097525 ], [ -94.54046639231828, 18.146865062097557 ], [ -94.54046639231828, 18.150955970756225 ] ] ] } },
{ "type": "Feature", "properties": { "difference_1990_2000": 23.0, "difference_1990_2010": 21.0, "difference_1990_2020": 33.0 }, "geometry": { "type": "Polygon", "coordinates": [ [ [ -94.352994970278914, 18.16732055169841 ], [ -94.348422496570649, 18.167320551698371 ], [ -94.348422496570649, 18.163229264462188 ], [ -94.352994970278914, 18.163229264462174 ], [ -94.352994970278914, 18.16732055169841 ] ] ] } },
{ "type": "Feature", "properties": { "difference_1990_2000": 23.0, "difference_1990_2010": 18.0, "difference_1990_2020": 18.0 }, "geometry": { "type": "Polygon", "coordinates": [ [ [ -94.352994970278914, 18.1591380719113 ], [ -94.348422496570649, 18.159138071911283 ], [ -94.348422496570649, 18.155046974018369 ], [ -94.352994970278914, 18.155046974018369 ], [ -94.352994970278914, 18.1591380719113 ] ] ] } },
{ "type": "Feature", "properties": { "difference_1990_2000": 68.0, "difference_1990_2010": 60.0, "difference_1990_2020": 91.0 }, "geometry": { "type": "Polygon", "coordinates": [ [ [ -94.352994970278914, 18.163229264462174 ], [ -94.348422496570649, 18.163229264462188 ], [ -94.348422496570649, 18.159138071911283 ], [ -94.352994970278914, 18.1591380719113 ], [ -94.352994970278914, 18.163229264462174 ] ] ] } },
{ "type": "Feature", "properties": { "difference_1990_2000": 1111.0, "difference_1990_2010": 1456.0, "difference_1990_2020": 1375.0 }, "geometry": { "type": "Polygon", "coordinates": [ [ [ -94.531321444901707, 18.146865062097572 ], [ -94.526748971193413, 18.146865062097525 ], [ -94.526748971193413, 18.142774248015098 ], [ -94.531321444901707, 18.142774248015151 ], [ -94.531321444901707, 18.146865062097572 ] ] ] } },
{ "type": "Feature", "properties": { "difference_1990_2000": 121.0, "difference_1990_2010": 186.0, "difference_1990_2020": 173.0 }, "geometry": { "type": "Polygon", "coordinates": [ [ [ -94.531321444901707, 18.1591380719113 ], [ -94.526748971193413, 18.1591380719113 ], [ -94.526748971193413, 18.155046974018351 ], [ -94.531321444901707, 18.155046974018369 ], [ -94.531321444901707, 18.1591380719113 ] ] ] } },
{ "type": "Feature", "properties": { "difference_1990_2000": 623.0, "difference_1990_2010": 818.0, "difference_1990_2020": 777.0 }, "geometry": { "type": "Polygon", "coordinates": [ [ [ -94.531321444901707, 18.142774248015151 ], [ -94.526748971193413, 18.142774248015098 ], [ -94.526748971193413, 18.138683528481661 ], [ -94.531321444901707, 18.138683528481661 ], [ -94.531321444901707, 18.142774248015151 ] ] ] } },
{ "type": "Feature", "properties": { "difference_1990_2000": 600.0, "difference_1990_2010": 849.0, "difference_1990_2020": 767.0 }, "geometry": { "type": "Polygon", "coordinates": [ [ [ -94.531321444901707, 18.155046974018369 ], [ -94.526748971193413, 18.155046974018351 ], [ -94.526748971193413, 18.150955970756225 ], [ -94.531321444901707, 18.150955970756225 ], [ -94.531321444901707, 18.155046974018369 ] ] ] } },
{ "type": "Feature", "properties": { "difference_1990_2000": 933.0, "difference_1990_2010": 1200.0, "difference_1990_2020": 1075.0 }, "geometry": { "type": "Polygon", "coordinates": [ [ [ -94.531321444901707, 18.150955970756225 ], [ -94.526748971193413, 18.150955970756225 ], [ -94.526748971193413, 18.146865062097525 ], [ -94.531321444901707, 18.146865062097572 ], [ -94.531321444901707, 18.150955970756225 ] ] ] } },
{ "type": "Feature", "properties": { "difference_1990_2000": 0.0, "difference_1990_2010": 667.0, "difference_1990_2020": 1475.0 }, "geometry": { "type": "Polygon", "coordinates": [ [ [ -94.522176497485134, 18.146865062097557 ], [ -94.517604023776869, 18.146865062097557 ], [ -94.517604023776869, 18.142774248015133 ], [ -94.522176497485134, 18.142774248015151 ], [ -94.522176497485134, 18.146865062097557 ] ] ] } },
{ "type": "Feature", "properties": { "difference_1990_2000": 0.0, "difference_1990_2010": 3.0, "difference_1990_2020": 35.0 }, "geometry": { "type": "Polygon", "coordinates": [ [ [ -94.522176497485134, 18.142774248015151 ], [ -94.517604023776869, 18.142774248015133 ], [ -94.517604023776869, 18.138683528481661 ], [ -94.522176497485134, 18.138683528481661 ], [ -94.522176497485134, 18.142774248015151 ] ] ] } },
{ "type": "Feature", "properties": { "difference_1990_2000": 0.0, "difference_1990_2010": 129.0, "difference_1990_2020": 316.0 }, "geometry": { "type": "Polygon", "coordinates": [ [ [ -94.522176497485134, 18.155046974018369 ], [ -94.517604023776869, 18.155046974018369 ], [ -94.517604023776869, 18.150955970756197 ], [ -94.522176497485134, 18.150955970756225 ], [ -94.522176497485134, 18.155046974018369 ] ] ] } },
{ "type": "Feature", "properties": { "difference_1990_2000": 0.0, "difference_1990_2010": 1127.0, "difference_1990_2020": 3266.0 }, "geometry": { "type": "Polygon", "coordinates": [ [ [ -94.522176497485134, 18.150955970756225 ], [ -94.517604023776869, 18.150955970756197 ], [ -94.517604023776869, 18.146865062097557 ], [ -94.522176497485134, 18.146865062097557 ], [ -94.522176497485134, 18.150955970756225 ] ] ] } },
{ "type": "Feature", "properties": { "difference_1990_2000": 4.0, "difference_1990_2010": 268.0, "difference_1990_2020": 1108.0 }, "geometry": { "type": "Polygon", "coordinates": [ [ [ -94.513031550068618, 18.146865062097572 ], [ -94.508459076360325, 18.146865062097557 ], [ -94.508459076360325, 18.142774248015133 ], [ -94.513031550068618, 18.142774248015133 ], [ -94.513031550068618, 18.146865062097572 ] ] ] } },
{ "type": "Feature", "properties": { "difference_1990_2000": 27.0, "difference_1990_2010": 357.0, "difference_1990_2020": 343.0 }, "geometry": { "type": "Polygon", "coordinates": [ [ [ -94.513031550068618, 18.134592903470022 ], [ -94.508459076360325, 18.13459290347004 ], [ -94.508459076360325, 18.13050237295294 ], [ -94.513031550068618, 18.130502372952908 ], [ -94.513031550068618, 18.134592903470022 ] ] ] } },
{ "type": "Feature", "properties": { "difference_1990_2000": 106.0, "difference_1990_2010": 1715.0, "difference_1990_2020": 1604.0 }, "geometry": { "type": "Polygon", "coordinates": [ [ [ -94.513031550068618, 18.138683528481661 ], [ -94.508459076360325, 18.138683528481678 ], [ -94.508459076360325, 18.134592903470022 ], [ -94.513031550068618, 18.134592903470022 ], [ -94.513031550068618, 18.138683528481661 ] ] ] } },
{ "type": "Feature", "properties": { "difference_1990_2000": 71.0, "difference_1990_2010": 610.0, "difference_1990_2020": 989.0 }, "geometry": { "type": "Polygon", "coordinates": [ [ [ -94.513031550068618, 18.142774248015133 ], [ -94.508459076360325, 18.142774248015133 ], [ -94.508459076360325, 18.138683528481678 ], [ -94.513031550068618, 18.138683528481661 ], [ -94.513031550068618, 18.142774248015133 ] ] ] } },
{ "type": "Feature", "properties": { "difference_1990_2000": 0.0, "difference_1990_2010": 105.0, "difference_1990_2020": 290.0 }, "geometry": { "type": "Polygon", "coordinates": [ [ [ -94.513031550068618, 18.150955970756197 ], [ -94.508459076360325, 18.150955970756225 ], [ -94.508459076360325, 18.146865062097557 ], [ -94.513031550068618, 18.146865062097572 ], [ -94.513031550068618, 18.150955970756197 ] ] ] } },
{ "type": "Feature", "properties": { "difference_1990_2000": 125.0, "difference_1990_2010": 222.0, "difference_1990_2020": 217.0 }, "geometry": { "type": "Polygon", "coordinates": [ [ [ -94.503886602652045, 18.130502372952908 ], [ -94.499314128943766, 18.130502372952908 ], [ -94.499314128943766, 18.126411936903075 ], [ -94.503886602652045, 18.126411936903075 ], [ -94.503886602652045, 18.130502372952908 ] ] ] } },
{ "type": "Feature", "properties": { "difference_1990_2000": 24.0, "difference_1990_2010": 949.0, "difference_1990_2020": 1695.0 }, "geometry": { "type": "Polygon", "coordinates": [ [ [ -94.503886602652045, 18.146865062097557 ], [ -94.499314128943766, 18.146865062097557 ], [ -94.499314128943766, 18.142774248015133 ], [ -94.503886602652045, 18.142774248015133 ], [ -94.503886602652045, 18.146865062097557 ] ] ] } },
{ "type": "Feature", "properties": { "difference_1990_2000": 1434.0, "difference_1990_2010": 2537.0, "difference_1990_2020": 2310.0 }, "geometry": { "type": "Polygon", "coordinates": [ [ [ -94.503886602652045, 18.134592903470022 ], [ -94.499314128943766, 18.134592903470022 ], [ -94.499314128943766, 18.130502372952908 ], [ -94.503886602652045, 18.130502372952908 ], [ -94.503886602652045, 18.134592903470022 ] ] ] } },
{ "type": "Feature", "properties": { "difference_1990_2000": 1708.0, "difference_1990_2010": 2525.0, "difference_1990_2020": 2131.0 }, "geometry": { "type": "Polygon", "coordinates": [ [ [ -94.503886602652045, 18.138683528481661 ], [ -94.499314128943766, 18.138683528481661 ], [ -94.499314128943766, 18.134592903470022 ], [ -94.503886602652045, 18.134592903470022 ], [ -94.503886602652045, 18.138683528481661 ] ] ] } },
{ "type": "Feature", "properties": { "difference_1990_2000": 1573.0, "difference_1990_2010": 2739.0, "difference_1990_2020": 2368.0 }, "geometry": { "type": "Polygon", "coordinates": [ [ [ -94.503886602652045, 18.142774248015133 ], [ -94.499314128943766, 18.142774248015133 ], [ -94.499314128943766, 18.138683528481661 ], [ -94.503886602652045, 18.138683528481661 ], [ -94.503886602652045, 18.142774248015133 ] ] ] } },
{ "type": "Feature", "properties": { "difference_1990_2000": 0.0, "difference_1990_2010": 0.0, "difference_1990_2020": 7.0 }, "geometry": { "type": "Polygon", "coordinates": [ [ [ -94.503886602652045, 18.155046974018369 ], [ -94.499314128943766, 18.155046974018369 ], [ -94.499314128943766, 18.150955970756225 ], [ -94.503886602652045, 18.150955970756225 ], [ -94.503886602652045, 18.155046974018369 ] ] ] } },
{ "type": "Feature", "properties": { "difference_1990_2000": 0.0, "difference_1990_2010": 1.0, "difference_1990_2020": 20.0 }, "geometry": { "type": "Polygon", "coordinates": [ [ [ -94.503886602652045, 18.150955970756225 ], [ -94.499314128943766, 18.150955970756225 ], [ -94.499314128943766, 18.146865062097557 ], [ -94.503886602652045, 18.146865062097557 ], [ -94.503886602652045, 18.150955970756225 ] ] ] } },
{ "type": "Feature", "properties": { "difference_1990_2000": 530.0, "difference_1990_2010": 701.0, "difference_1990_2020": 771.0 }, "geometry": { "type": "Polygon", "coordinates": [ [ [ -94.494741655235487, 18.130502372952908 ], [ -94.490169181527207, 18.130502372952908 ], [ -94.490169181527207, 18.126411936903128 ], [ -94.494741655235487, 18.126411936903111 ], [ -94.494741655235487, 18.130502372952908 ] ] ] } },
{ "type": "Feature", "properties": { "difference_1990_2000": 1168.0, "difference_1990_2010": 790.0, "difference_1990_2020": 454.0 }, "geometry": { "type": "Polygon", "coordinates": [ [ [ -94.494741655235487, 18.146865062097557 ], [ -94.490169181527207, 18.146865062097557 ], [ -94.490169181527207, 18.142774248015133 ], [ -94.494741655235487, 18.142774248015133 ], [ -94.494741655235487, 18.146865062097557 ] ] ] } },
{ "type": "Feature", "properties": { "difference_1990_2000": 1269.0, "difference_1990_2010": 1533.0, "difference_1990_2020": 1379.0 }, "geometry": { "type": "Polygon", "coordinates": [ [ [ -94.494741655235487, 18.13459290347004 ], [ -94.490169181527207, 18.134592903470022 ], [ -94.490169181527207, 18.130502372952908 ], [ -94.494741655235487, 18.130502372952908 ], [ -94.494741655235487, 18.13459290347004 ] ] ] } },
{ "type": "Feature", "properties": { "difference_1990_2000": 1039.0, "difference_1990_2010": 1127.0, "difference_1990_2020": 964.0 }, "geometry": { "type": "Polygon", "coordinates": [ [ [ -94.494741655235487, 18.138683528481661 ], [ -94.490169181527207, 18.138683528481678 ], [ -94.490169181527207, 18.134592903470022 ], [ -94.494741655235487, 18.134592903470022 ], [ -94.494741655235487, 18.138683528481661 ] ] ] } },
{ "type": "Feature", "properties": { "difference_1990_2000": 373.0, "difference_1990_2010": 138.0, "difference_1990_2020": -226.0 }, "geometry": { "type": "Polygon", "coordinates": [ [ [ -94.494741655235487, 18.142774248015133 ], [ -94.490169181527207, 18.142774248015133 ], [ -94.490169181527207, 18.138683528481678 ], [ -94.494741655235487, 18.138683528481661 ], [ -94.494741655235487, 18.142774248015133 ] ] ] } },
{ "type": "Feature", "properties": { "difference_1990_2000": 5.0, "difference_1990_2010": 9.0, "difference_1990_2020": 15.0 }, "geometry": { "type": "Polygon", "coordinates": [ [ [ -94.494741655235487, 18.126411936903075 ], [ -94.490169181527207, 18.126411936903075 ], [ -94.490169181527207, 18.122321595293435 ], [ -94.494741655235487, 18.122321595293435 ], [ -94.494741655235487, 18.126411936903075 ] ] ] } },
{ "type": "Feature", "properties": { "difference_1990_2000": -415.0, "difference_1990_2010": -318.0, "difference_1990_2020": -350.0 }, "geometry": { "type": "Polygon", "coordinates": [ [ [ -94.494741655235487, 18.150955970756197 ], [ -94.490169181527207, 18.150955970756225 ], [ -94.490169181527207, 18.146865062097557 ], [ -94.494741655235487, 18.146865062097557 ], [ -94.494741655235487, 18.150955970756197 ] ] ] } },
{ "type": "Feature", "properties": { "difference_1990_2000": -52.0, "difference_1990_2010": -40.0, "difference_1990_2020": -45.0 }, "geometry": { "type": "Polygon", "coordinates": [ [ [ -94.494741655235487, 18.155046974018369 ], [ -94.490169181527207, 18.155046974018369 ], [ -94.490169181527207, 18.150955970756225 ], [ -94.494741655235487, 18.150955970756197 ], [ -94.494741655235487, 18.155046974018369 ] ] ] } },
{ "type": "Feature", "properties": { "difference_1990_2000": 127.0, "difference_1990_2010": 190.0, "difference_1990_2020": 235.0 }, "geometry": { "type": "Polygon", "coordinates": [ [ [ -94.485596707818956, 18.130502372952908 ], [ -94.481024234110663, 18.13050237295294 ], [ -94.481024234110663, 18.126411936903111 ], [ -94.485596707818956, 18.126411936903075 ], [ -94.485596707818956, 18.130502372952908 ] ] ] } },
{ "type": "Feature", "properties": { "difference_1990_2000": 105.0, "difference_1990_2010": 96.0, "difference_1990_2020": 68.0 }, "geometry": { "type": "Polygon", "coordinates": [ [ [ -94.485596707818956, 18.146865062097557 ], [ -94.481024234110663, 18.146865062097557 ], [ -94.481024234110663, 18.142774248015133 ], [ -94.485596707818956, 18.142774248015098 ], [ -94.485596707818956, 18.146865062097557 ] ] ] } },
{ "type": "Feature", "properties": { "difference_1990_2000": 397.0, "difference_1990_2010": 586.0, "difference_1990_2020": 625.0 }, "geometry": { "type": "Polygon", "coordinates": [ [ [ -94.485596707818956, 18.134592903470022 ], [ -94.481024234110663, 18.13459290347004 ], [ -94.481024234110663, 18.13050237295294 ], [ -94.485596707818956, 18.130502372952908 ], [ -94.485596707818956, 18.134592903470022 ] ] ] } },
{ "type": "Feature", "properties": { "difference_1990_2000": 295.0, "difference_1990_2010": 403.0, "difference_1990_2020": 412.0 }, "geometry": { "type": "Polygon", "coordinates": [ [ [ -94.485596707818956, 18.142774248015098 ], [ -94.481024234110663, 18.142774248015133 ], [ -94.481024234110663, 18.138683528481714 ], [ -94.485596707818956, 18.138683528481661 ], [ -94.485596707818956, 18.142774248015098 ] ] ] } },
{ "type": "Feature", "properties": { "difference_1990_2000": 398.0, "difference_1990_2010": 588.0, "difference_1990_2020": 627.0 }, "geometry": { "type": "Polygon", "coordinates": [ [ [ -94.485596707818956, 18.138683528481661 ], [ -94.481024234110663, 18.138683528481714 ], [ -94.481024234110663, 18.134592903470022 ], [ -94.485596707818956, 18.134592903470022 ], [ -94.485596707818956, 18.138683528481661 ] ] ] } },
{ "type": "Feature", "properties": { "difference_1990_2000": 14.0, "difference_1990_2010": 22.0, "difference_1990_2020": 39.0 }, "geometry": { "type": "Polygon", "coordinates": [ [ [ -94.485596707818956, 18.126411936903075 ], [ -94.481024234110663, 18.126411936903075 ], [ -94.481024234110663, 18.122321595293435 ], [ -94.485596707818956, 18.122321595293435 ], [ -94.485596707818956, 18.126411936903075 ] ] ] } },
{ "type": "Feature", "properties": { "difference_1990_2000": 1.0, "difference_1990_2010": 0.0, "difference_1990_2020": 0.0 }, "geometry": { "type": "Polygon", "coordinates": [ [ [ -94.485596707818956, 18.155046974018351 ], [ -94.481024234110663, 18.155046974018369 ], [ -94.481024234110663, 18.150955970756225 ], [ -94.485596707818956, 18.150955970756225 ], [ -94.485596707818956, 18.155046974018351 ] ] ] } },
{ "type": "Feature", "properties": { "difference_1990_2000": 106.0, "difference_1990_2010": 206.0, "difference_1990_2020": 215.0 }, "geometry": { "type": "Polygon", "coordinates": [ [ [ -94.485596707818956, 18.150955970756225 ], [ -94.481024234110663, 18.150955970756225 ], [ -94.481024234110663, 18.146865062097557 ], [ -94.485596707818956, 18.146865062097557 ], [ -94.485596707818956, 18.150955970756225 ] ] ] } },
{ "type": "Feature", "properties": { "difference_1990_2000": 427.0, "difference_1990_2010": 1615.0, "difference_1990_2020": 1627.0 }, "geometry": { "type": "Polygon", "coordinates": [ [ [ -94.476451760402398, 18.13050237295294 ], [ -94.471879286694119, 18.13050237295294 ], [ -94.471879286694119, 18.126411936903075 ], [ -94.476451760402398, 18.126411936903111 ], [ -94.476451760402398, 18.13050237295294 ] ] ] } },
{ "type": "Feature", "properties": { "difference_1990_2000": 399.0, "difference_1990_2010": 216.0, "difference_1990_2020": 259.0 }, "geometry": { "type": "Polygon", "coordinates": [ [ [ -94.476451760402398, 18.122321595293435 ], [ -94.471879286694119, 18.122321595293435 ], [ -94.471879286694119, 18.118231348096582 ], [ -94.476451760402398, 18.118231348096611 ], [ -94.476451760402398, 18.122321595293435 ] ] ] } },
{ "type": "Feature", "properties": { "difference_1990_2000": 118.0, "difference_1990_2010": 399.0, "difference_1990_2020": 475.0 }, "geometry": { "type": "Polygon", "coordinates": [ [ [ -94.476451760402398, 18.146865062097557 ], [ -94.471879286694119, 18.146865062097557 ], [ -94.471879286694119, 18.142774248015151 ], [ -94.476451760402398, 18.142774248015133 ], [ -94.476451760402398, 18.146865062097557 ] ] ] } },
{ "type": "Feature", "properties": { "difference_1990_2000": 1273.0, "difference_1990_2010": 1079.0, "difference_1990_2020": 814.0 }, "geometry": { "type": "Polygon", "coordinates": [ [ [ -94.476451760402398, 18.13459290347004 ], [ -94.471879286694119, 18.134592903470022 ], [ -94.471879286694119, 18.13050237295294 ], [ -94.476451760402398, 18.13050237295294 ], [ -94.476451760402398, 18.13459290347004 ] ] ] } },
{ "type": "Feature", "properties": { "difference_1990_2000": 925.0, "difference_1990_2010": 749.0, "difference_1990_2020": 466.0 }, "geometry": { "type": "Polygon", "coordinates": [ [ [ -94.476451760402398, 18.138683528481661 ], [ -94.471879286694119, 18.138683528481661 ], [ -94.471879286694119, 18.134592903470022 ], [ -94.476451760402398, 18.134592903470022 ], [ -94.476451760402398, 18.138683528481661 ] ] ] } },
{ "type": "Feature", "properties": { "difference_1990_2000": 27.0, "difference_1990_2010": 0.0, "difference_1990_2020": 17.0 }, "geometry": { "type": "Polygon", "coordinates": [ [ [ -94.476451760402398, 18.110051136832766 ], [ -94.471879286694119, 18.110051136832737 ], [ -94.471879286694119, 18.105961172711321 ], [ -94.476451760402398, 18.105961172711357 ], [ -94.476451760402398, 18.110051136832766 ] ] ] } },
{ "type": "Feature", "properties": { "difference_1990_2000": 55.0, "difference_1990_2010": 219.0, "difference_1990_2020": 45.0 }, "geometry": { "type": "Polygon", "coordinates": [ [ [ -94.476451760402398, 18.142774248015133 ], [ -94.471879286694119, 18.142774248015151 ], [ -94.471879286694119, 18.138683528481661 ], [ -94.476451760402398, 18.138683528481661 ], [ -94.476451760402398, 18.142774248015133 ] ] ] } },
{ "type": "Feature", "properties": { "difference_1990_2000": 419.0, "difference_1990_2010": 638.0, "difference_1990_2020": 540.0 }, "geometry": { "type": "Polygon", "coordinates": [ [ [ -94.476451760402398, 18.126411936903075 ], [ -94.471879286694119, 18.126411936903075 ], [ -94.471879286694119, 18.122321595293435 ], [ -94.476451760402398, 18.122321595293435 ], [ -94.476451760402398, 18.126411936903075 ] ] ] } },
{ "type": "Feature", "properties": { "difference_1990_2000": -940.0, "difference_1990_2010": -2095.0, "difference_1990_2020": -1844.0 }, "geometry": { "type": "Polygon", "coordinates": [ [ [ -94.476451760402398, 18.11414119528547 ], [ -94.471879286694119, 18.114141195285434 ], [ -94.471879286694119, 18.110051136832737 ], [ -94.476451760402398, 18.110051136832766 ], [ -94.476451760402398, 18.11414119528547 ] ] ] } },
{ "type": "Feature", "properties": { "difference_1990_2000": 111.0, "difference_1990_2010": 399.0, "difference_1990_2020": 472.0 }, "geometry": { "type": "Polygon", "coordinates": [ [ [ -94.476451760402398, 18.150955970756225 ], [ -94.471879286694119, 18.150955970756225 ], [ -94.471879286694119, 18.146865062097557 ], [ -94.476451760402398, 18.146865062097557 ], [ -94.476451760402398, 18.150955970756225 ] ] ] } },
{ "type": "Feature", "properties": { "difference_1990_2000": 376.0, "difference_1990_2010": 69.0, "difference_1990_2020": 244.0 }, "geometry": { "type": "Polygon", "coordinates": [ [ [ -94.476451760402398, 18.118231348096611 ], [ -94.471879286694119, 18.118231348096582 ], [ -94.471879286694119, 18.114141195285434 ], [ -94.476451760402398, 18.11414119528547 ], [ -94.476451760402398, 18.118231348096611 ] ] ] } },
{ "type": "Feature", "properties": { "difference_1990_2000": 310.0, "difference_1990_2010": 429.0, "difference_1990_2020": 202.0 }, "geometry": { "type": "Polygon", "coordinates": [ [ [ -94.467306812985825, 18.130502372952908 ], [ -94.462734339277546, 18.130502372952908 ], [ -94.462734339277546, 18.126411936903111 ], [ -94.467306812985825, 18.126411936903111 ], [ -94.467306812985825, 18.130502372952908 ] ] ] } },
{ "type": "Feature", "properties": { "difference_1990_2000": 1267.0, "difference_1990_2010": 1606.0, "difference_1990_2020": 1437.0 }, "geometry": { "type": "Polygon", "coordinates": [ [ [ -94.467306812985825, 18.122321595293407 ], [ -94.462734339277546, 18.122321595293435 ], [ -94.462734339277546, 18.118231348096582 ], [ -94.467306812985825, 18.118231348096582 ], [ -94.467306812985825, 18.122321595293407 ] ] ] } },
{ "type": "Feature", "properties": { "difference_1990_2000": 65.0, "difference_1990_2010": 95.0, "difference_1990_2020": 116.0 }, "geometry": { "type": "Polygon", "coordinates": [ [ [ -94.467306812985825, 18.146865062097557 ], [ -94.462734339277546, 18.146865062097557 ], [ -94.462734339277546, 18.142774248015133 ], [ -94.467306812985825, 18.142774248015133 ], [ -94.467306812985825, 18.146865062097557 ] ] ] } },
{ "type": "Feature", "properties": { "difference_1990_2000": 306.0, "difference_1990_2010": 335.0, "difference_1990_2020": 77.0 }, "geometry": { "type": "Polygon", "coordinates": [ [ [ -94.467306812985825, 18.134592903470022 ], [ -94.462734339277546, 18.13459290347004 ], [ -94.462734339277546, 18.130502372952908 ], [ -94.467306812985825, 18.130502372952908 ], [ -94.467306812985825, 18.134592903470022 ] ] ] } },
{ "type": "Feature", "properties": { "difference_1990_2000": 226.0, "difference_1990_2010": 163.0, "difference_1990_2020": 215.0 }, "geometry": { "type": "Polygon", "coordinates": [ [ [ -94.467306812985825, 18.110051136832737 ], [ -94.462734339277546, 18.110051136832737 ], [ -94.462734339277546, 18.105961172711321 ], [ -94.467306812985825, 18.105961172711321 ], [ -94.467306812985825, 18.110051136832737 ] ] ] } },
{ "type": "Feature", "properties": { "difference_1990_2000": 257.0, "difference_1990_2010": 322.0, "difference_1990_2020": 379.0 }, "geometry": { "type": "Polygon", "coordinates": [ [ [ -94.467306812985825, 18.114141195285434 ], [ -94.462734339277546, 18.114141195285434 ], [ -94.462734339277546, 18.110051136832737 ], [ -94.467306812985825, 18.110051136832737 ], [ -94.467306812985825, 18.114141195285434 ] ] ] } },
{ "type": "Feature", "properties": { "difference_1990_2000": 257.0, "difference_1990_2010": 155.0, "difference_1990_2020": -182.0 }, "geometry": { "type": "Polygon", "coordinates": [ [ [ -94.467306812985825, 18.138683528481661 ], [ -94.462734339277546, 18.138683528481661 ], [ -94.462734339277546, 18.134592903470022 ], [ -94.467306812985825, 18.134592903470022 ], [ -94.467306812985825, 18.138683528481661 ] ] ] } },
{ "type": "Feature", "properties": { "difference_1990_2000": 242.0, "difference_1990_2010": 225.0, "difference_1990_2020": 163.0 }, "geometry": { "type": "Polygon", "coordinates": [ [ [ -94.467306812985825, 18.142774248015133 ], [ -94.462734339277546, 18.142774248015133 ], [ -94.462734339277546, 18.138683528481661 ], [ -94.467306812985825, 18.138683528481661 ], [ -94.467306812985825, 18.142774248015133 ] ] ] } },
{ "type": "Feature", "properties": { "difference_1990_2000": 975.0, "difference_1990_2010": 1197.0, "difference_1990_2020": 947.0 }, "geometry": { "type": "Polygon", "coordinates": [ [ [ -94.467306812985825, 18.126411936903075 ], [ -94.462734339277546, 18.126411936903075 ], [ -94.462734339277546, 18.122321595293435 ], [ -94.467306812985825, 18.122321595293407 ], [ -94.467306812985825, 18.126411936903075 ] ] ] } },
{ "type": "Feature", "properties": { "difference_1990_2000": -20.0, "difference_1990_2010": -18.0, "difference_1990_2020": -28.0 }, "geometry": { "type": "Polygon", "coordinates": [ [ [ -94.467306812985825, 18.155046974018369 ], [ -94.462734339277546, 18.155046974018369 ], [ -94.462734339277546, 18.150955970756225 ], [ -94.467306812985825, 18.150955970756225 ], [ -94.467306812985825, 18.155046974018369 ] ] ] } },
{ "type": "Feature", "properties": { "difference_1990_2000": -452.0, "difference_1990_2010": -390.0, "difference_1990_2020": -638.0 }, "geometry": { "type": "Polygon", "coordinates": [ [ [ -94.467306812985825, 18.150955970756225 ], [ -94.462734339277546, 18.150955970756225 ], [ -94.462734339277546, 18.146865062097557 ], [ -94.467306812985825, 18.146865062097557 ], [ -94.467306812985825, 18.150955970756225 ] ] ] } },
{ "type": "Feature", "properties": { "difference_1990_2000": 287.0, "difference_1990_2010": 1087.0, "difference_1990_2020": 1128.0 }, "geometry": { "type": "Polygon", "coordinates": [ [ [ -94.467306812985825, 18.118231348096582 ], [ -94.462734339277546, 18.118231348096582 ], [ -94.462734339277546, 18.114141195285434 ], [ -94.467306812985825, 18.114141195285434 ], [ -94.467306812985825, 18.118231348096582 ] ] ] } },
{ "type": "Feature", "properties": { "difference_1990_2000": 90.0, "difference_1990_2010": 65.0, "difference_1990_2020": 86.0 }, "geometry": { "type": "Polygon", "coordinates": [ [ [ -94.467306812985825, 18.105961172711321 ], [ -94.462734339277546, 18.105961172711321 ], [ -94.462734339277546, 18.101871302893969 ], [ -94.467306812985825, 18.101871302893969 ], [ -94.467306812985825, 18.105961172711321 ] ] ] } },
{ "type": "Feature", "properties": { "difference_1990_2000": 395.0, "difference_1990_2010": 501.0, "difference_1990_2020": 38.0 }, "geometry": { "type": "Polygon", "coordinates": [ [ [ -94.458161865569295, 18.130502372952908 ], [ -94.453589391861001, 18.130502372952893 ], [ -94.453589391861001, 18.126411936903075 ], [ -94.458161865569295, 18.126411936903111 ], [ -94.458161865569295, 18.130502372952908 ] ] ] } },
{ "type": "Feature", "properties": { "difference_1990_2000": -13.0, "difference_1990_2010": 24.0, "difference_1990_2020": -36.0 }, "geometry": { "type": "Polygon", "coordinates": [ [ [ -94.458161865569295, 18.122321595293435 ], [ -94.453589391861001, 18.122321595293435 ], [ -94.453589391861001, 18.118231348096611 ], [ -94.458161865569295, 18.118231348096611 ], [ -94.458161865569295, 18.122321595293435 ] ] ] } },
{ "type": "Feature", "properties": { "difference_1990_2000": -67.0, "difference_1990_2010": -211.0, "difference_1990_2020": -540.0 }, "geometry": { "type": "Polygon", "coordinates": [ [ [ -94.458161865569295, 18.146865062097557 ], [ -94.453589391861001, 18.146865062097557 ], [ -94.453589391861001, 18.142774248015098 ], [ -94.458161865569295, 18.142774248015133 ], [ -94.458161865569295, 18.146865062097557 ] ] ] } },
{ "type": "Feature", "properties": { "difference_1990_2000": -142.0, "difference_1990_2010": -242.0, "difference_1990_2020": -699.0 }, "geometry": { "type": "Polygon", "coordinates": [ [ [ -94.458161865569295, 18.134592903470022 ], [ -94.453589391861001, 18.13459290347004 ], [ -94.453589391861001, 18.130502372952893 ], [ -94.458161865569295, 18.130502372952908 ], [ -94.458161865569295, 18.134592903470022 ] ] ] } },
{ "type": "Feature", "properties": { "difference_1990_2000": -43.0, "difference_1990_2010": -17.0, "difference_1990_2020": -60.0 }, "geometry": { "type": "Polygon", "coordinates": [ [ [ -94.458161865569295, 18.110051136832737 ], [ -94.453589391861001, 18.110051136832737 ], [ -94.453589391861001, 18.105961172711321 ], [ -94.458161865569295, 18.105961172711321 ], [ -94.458161865569295, 18.110051136832737 ] ] ] } },
{ "type": "Feature", "properties": { "difference_1990_2000": 112.0, "difference_1990_2010": 149.0, "difference_1990_2020": 84.0 }, "geometry": { "type": "Polygon", "coordinates": [ [ [ -94.458161865569295, 18.114141195285434 ], [ -94.453589391861001, 18.114141195285434 ], [ -94.453589391861001, 18.110051136832737 ], [ -94.458161865569295, 18.110051136832737 ], [ -94.458161865569295, 18.114141195285434 ] ] ] } },
{ "type": "Feature", "properties": { "difference_1990_2000": -440.0, "difference_1990_2010": -597.0, "difference_1990_2020": -1085.0 }, "geometry": { "type": "Polygon", "coordinates": [ [ [ -94.458161865569295, 18.138683528481661 ], [ -94.453589391861001, 18.138683528481661 ], [ -94.453589391861001, 18.134592903470022 ], [ -94.458161865569295, 18.134592903470022 ], [ -94.458161865569295, 18.138683528481661 ] ] ] } },
{ "type": "Feature", "properties": { "difference_1990_2000": 148.0, "difference_1990_2010": -58.0, "difference_1990_2020": -524.0 }, "geometry": { "type": "Polygon", "coordinates": [ [ [ -94.458161865569295, 18.142774248015133 ], [ -94.453589391861001, 18.142774248015098 ], [ -94.453589391861001, 18.138683528481661 ], [ -94.458161865569295, 18.138683528481661 ], [ -94.458161865569295, 18.142774248015133 ] ] ] } },
{ "type": "Feature", "properties": { "difference_1990_2000": 451.0, "difference_1990_2010": 611.0, "difference_1990_2020": 400.0 }, "geometry": { "type": "Polygon", "coordinates": [ [ [ -94.458161865569295, 18.126411936903075 ], [ -94.453589391861001, 18.126411936903057 ], [ -94.453589391861001, 18.122321595293435 ], [ -94.458161865569295, 18.122321595293435 ], [ -94.458161865569295, 18.126411936903075 ] ] ] } },
{ "type": "Feature", "properties": { "difference_1990_2000": -35.0, "difference_1990_2010": -59.0, "difference_1990_2020": -94.0 }, "geometry": { "type": "Polygon", "coordinates": [ [ [ -94.458161865569295, 18.155046974018369 ], [ -94.453589391861001, 18.155046974018369 ], [ -94.453589391861001, 18.150955970756225 ], [ -94.458161865569295, 18.150955970756225 ], [ -94.458161865569295, 18.155046974018369 ] ] ] } },
{ "type": "Feature", "properties": { "difference_1990_2000": -132.0, "difference_1990_2010": -280.0, "difference_1990_2020": -495.0 }, "geometry": { "type": "Polygon", "coordinates": [ [ [ -94.458161865569295, 18.150955970756225 ], [ -94.453589391861001, 18.150955970756225 ], [ -94.453589391861001, 18.146865062097557 ], [ -94.458161865569295, 18.146865062097557 ], [ -94.458161865569295, 18.150955970756225 ] ] ] } },
{ "type": "Feature", "properties": { "difference_1990_2000": 48.0, "difference_1990_2010": 82.0, "difference_1990_2020": 23.0 }, "geometry": { "type": "Polygon", "coordinates": [ [ [ -94.458161865569295, 18.118231348096611 ], [ -94.453589391861001, 18.118231348096611 ], [ -94.453589391861001, 18.114141195285434 ], [ -94.458161865569295, 18.114141195285434 ], [ -94.458161865569295, 18.118231348096611 ] ] ] } },
{ "type": "Feature", "properties": { "difference_1990_2000": -275.0, "difference_1990_2010": -430.0, "difference_1990_2020": -908.0 }, "geometry": { "type": "Polygon", "coordinates": [ [ [ -94.449016918152736, 18.130502372952908 ], [ -94.444444444444457, 18.13050237295294 ], [ -94.444444444444457, 18.126411936903128 ], [ -94.449016918152736, 18.126411936903111 ], [ -94.449016918152736, 18.130502372952908 ] ] ] } },
{ "type": "Feature", "properties": { "difference_1990_2000": -22.0, "difference_1990_2010": 10.0, "difference_1990_2020": -51.0 }, "geometry": { "type": "Polygon", "coordinates": [ [ [ -94.449016918152736, 18.122321595293407 ], [ -94.444444444444457, 18.122321595293407 ], [ -94.444444444444457, 18.118231348096582 ], [ -94.449016918152736, 18.118231348096611 ], [ -94.449016918152736, 18.122321595293407 ] ] ] } },
{ "type": "Feature", "properties": { "difference_1990_2000": 140.0, "difference_1990_2010": 56.0, "difference_1990_2020": -182.0 }, "geometry": { "type": "Polygon", "coordinates": [ [ [ -94.449016918152736, 18.146865062097557 ], [ -94.444444444444457, 18.146865062097557 ], [ -94.444444444444457, 18.142774248015133 ], [ -94.449016918152736, 18.142774248015133 ], [ -94.449016918152736, 18.146865062097557 ] ] ] } },
{ "type": "Feature", "properties": { "difference_1990_2000": -331.0, "difference_1990_2010": -511.0, "difference_1990_2020": -974.0 }, "geometry": { "type": "Polygon", "coordinates": [ [ [ -94.449016918152736, 18.13459290347004 ], [ -94.444444444444457, 18.134592903470022 ], [ -94.444444444444457, 18.13050237295294 ], [ -94.449016918152736, 18.130502372952908 ], [ -94.449016918152736, 18.13459290347004 ] ] ] } },
{ "type": "Feature", "properties": { "difference_1990_2000": 178.0, "difference_1990_2010": 206.0, "difference_1990_2020": 165.0 }, "geometry": { "type": "Polygon", "coordinates": [ [ [ -94.449016918152736, 18.110051136832737 ], [ -94.444444444444457, 18.110051136832737 ], [ -94.444444444444457, 18.105961172711321 ], [ -94.449016918152736, 18.105961172711321 ], [ -94.449016918152736, 18.110051136832737 ] ] ] } },
{ "type": "Feature", "properties": { "difference_1990_2000": 169.0, "difference_1990_2010": 198.0, "difference_1990_2020": 155.0 }, "geometry": { "type": "Polygon", "coordinates": [ [ [ -94.449016918152736, 18.114141195285434 ], [ -94.444444444444457, 18.11414119528547 ], [ -94.444444444444457, 18.110051136832737 ], [ -94.449016918152736, 18.110051136832737 ], [ -94.449016918152736, 18.114141195285434 ] ] ] } },
{ "type": "Feature", "properties": { "difference_1990_2000": -321.0, "difference_1990_2010": -518.0, "difference_1990_2020": -926.0 }, "geometry": { "type": "Polygon", "coordinates": [ [ [ -94.449016918152736, 18.138683528481661 ], [ -94.444444444444457, 18.138683528481661 ], [ -94.444444444444457, 18.134592903470022 ], [ -94.449016918152736, 18.134592903470022 ], [ -94.449016918152736, 18.138683528481661 ] ] ] } },
{ "type": "Feature", "properties": { "difference_1990_2000": -17.0, "difference_1990_2010": -155.0, "difference_1990_2020": -487.0 }, "geometry": { "type": "Polygon", "coordinates": [ [ [ -94.449016918152736, 18.142774248015133 ], [ -94.444444444444457, 18.142774248015133 ], [ -94.444444444444457, 18.138683528481661 ], [ -94.449016918152736, 18.138683528481661 ], [ -94.449016918152736, 18.142774248015133 ] ] ] } },
{ "type": "Feature", "properties": { "difference_1990_2000": 267.0, "difference_1990_2010": 343.0, "difference_1990_2020": 125.0 }, "geometry": { "type": "Polygon", "coordinates": [ [ [ -94.449016918152736, 18.126411936903075 ], [ -94.444444444444457, 18.126411936903111 ], [ -94.444444444444457, 18.122321595293407 ], [ -94.449016918152736, 18.122321595293407 ], [ -94.449016918152736, 18.126411936903075 ] ] ] } },
{ "type": "Feature", "properties": { "difference_1990_2000": 46.0, "difference_1990_2010": -24.0, "difference_1990_2020": -165.0 }, "geometry": { "type": "Polygon", "coordinates": [ [ [ -94.449016918152736, 18.150955970756225 ], [ -94.444444444444457, 18.150955970756225 ], [ -94.444444444444457, 18.146865062097557 ], [ -94.449016918152736, 18.146865062097557 ], [ -94.449016918152736, 18.150955970756225 ] ] ] } },
{ "type": "Feature", "properties": { "difference_1990_2000": 1.0, "difference_1990_2010": -37.0, "difference_1990_2020": -111.0 }, "geometry": { "type": "Polygon", "coordinates": [ [ [ -94.449016918152736, 18.155046974018404 ], [ -94.444444444444457, 18.155046974018369 ], [ -94.444444444444457, 18.150955970756225 ], [ -94.449016918152736, 18.150955970756225 ], [ -94.449016918152736, 18.155046974018404 ] ] ] } },
{ "type": "Feature", "properties": { "difference_1990_2000": 61.0, "difference_1990_2010": 91.0, "difference_1990_2020": 45.0 }, "geometry": { "type": "Polygon", "coordinates": [ [ [ -94.449016918152736, 18.118231348096611 ], [ -94.444444444444457, 18.118231348096582 ], [ -94.444444444444457, 18.11414119528547 ], [ -94.449016918152736, 18.114141195285434 ], [ -94.449016918152736, 18.118231348096611 ] ] ] } },
{ "type": "Feature", "properties": { "difference_1990_2000": 139.0, "difference_1990_2010": 161.0, "difference_1990_2020": 129.0 }, "geometry": { "type": "Polygon", "coordinates": [ [ [ -94.449016918152736, 18.105961172711321 ], [ -94.444444444444457, 18.105961172711321 ], [ -94.444444444444457, 18.101871302893969 ], [ -94.449016918152736, 18.101871302893969 ], [ -94.449016918152736, 18.105961172711321 ] ] ] } },
{ "type": "Feature", "properties": { "difference_1990_2000": -169.0, "difference_1990_2010": -275.0, "difference_1990_2020": -386.0 }, "geometry": { "type": "Polygon", "coordinates": [ [ [ -94.439871970736164, 18.13050237295294 ], [ -94.435299497027884, 18.130502372952957 ], [ -94.435299497027884, 18.126411936903111 ], [ -94.439871970736164, 18.126411936903111 ], [ -94.439871970736164, 18.13050237295294 ] ] ] } },
{ "type": "Feature", "properties": { "difference_1990_2000": 113.0, "difference_1990_2010": 67.0, "difference_1990_2020": -58.0 }, "geometry": { "type": "Polygon", "coordinates": [ [ [ -94.439871970736164, 18.122321595293453 ], [ -94.435299497027884, 18.122321595293435 ], [ -94.435299497027884, 18.118231348096611 ], [ -94.439871970736164, 18.118231348096582 ], [ -94.439871970736164, 18.122321595293453 ] ] ] } },
{ "type": "Feature", "properties": { "difference_1990_2000": 10.0, "difference_1990_2010": -104.0, "difference_1990_2020": -369.0 }, "geometry": { "type": "Polygon", "coordinates": [ [ [ -94.439871970736164, 18.146865062097557 ], [ -94.435299497027884, 18.146865062097557 ], [ -94.435299497027884, 18.142774248015151 ], [ -94.439871970736164, 18.142774248015133 ], [ -94.439871970736164, 18.146865062097557 ] ] ] } },
{ "type": "Feature", "properties": { "difference_1990_2000": -269.0, "difference_1990_2010": -466.0, "difference_1990_2020": -548.0 }, "geometry": { "type": "Polygon", "coordinates": [ [ [ -94.439871970736164, 18.13459290347004 ], [ -94.435299497027884, 18.134592903470022 ], [ -94.435299497027884, 18.130502372952957 ], [ -94.439871970736164, 18.13050237295294 ], [ -94.439871970736164, 18.13459290347004 ] ] ] } },
{ "type": "Feature", "properties": { "difference_1990_2000": 7.0, "difference_1990_2010": 8.0, "difference_1990_2020": 6.0 }, "geometry": { "type": "Polygon", "coordinates": [ [ [ -94.439871970736164, 18.114141195285434 ], [ -94.435299497027884, 18.114141195285434 ], [ -94.435299497027884, 18.110051136832766 ], [ -94.439871970736164, 18.110051136832737 ], [ -94.439871970736164, 18.114141195285434 ] ] ] } },
{ "type": "Feature", "properties": { "difference_1990_2000": -565.0, "difference_1990_2010": -1010.0, "difference_1990_2020": -1000.0 }, "geometry": { "type": "Polygon", "coordinates": [ [ [ -94.439871970736164, 18.138683528481678 ], [ -94.435299497027884, 18.138683528481678 ], [ -94.435299497027884, 18.134592903470022 ], [ -94.439871970736164, 18.134592903470022 ], [ -94.439871970736164, 18.138683528481678 ] ] ] } },
{ "type": "Feature", "properties": { "difference_1990_2000": -250.0, "difference_1990_2010": -436.0, "difference_1990_2020": -749.0 }, "geometry": { "type": "Polygon", "coordinates": [ [ [ -94.439871970736164, 18.142774248015133 ], [ -94.435299497027884, 18.142774248015151 ], [ -94.435299497027884, 18.138683528481678 ], [ -94.439871970736164, 18.138683528481678 ], [ -94.439871970736164, 18.142774248015133 ] ] ] } },
{ "type": "Feature", "properties": { "difference_1990_2000": -5.0, "difference_1990_2010": -37.0, "difference_1990_2020": -145.0 }, "geometry": { "type": "Polygon", "coordinates": [ [ [ -94.439871970736164, 18.126411936903075 ], [ -94.435299497027884, 18.126411936903075 ], [ -94.435299497027884, 18.122321595293435 ], [ -94.439871970736164, 18.122321595293453 ], [ -94.439871970736164, 18.126411936903075 ] ] ] } },
{ "type": "Feature", "properties": { "difference_1990_2000": -172.0, "difference_1990_2010": -105.0, "difference_1990_2020": -352.0 }, "geometry": { "type": "Polygon", "coordinates": [ [ [ -94.439871970736164, 18.150955970756197 ], [ -94.435299497027884, 18.150955970756225 ], [ -94.435299497027884, 18.146865062097557 ], [ -94.439871970736164, 18.146865062097557 ], [ -94.439871970736164, 18.150955970756197 ] ] ] } },
{ "type": "Feature", "properties": { "difference_1990_2000": -170.0, "difference_1990_2010": -130.0, "difference_1990_2020": -332.0 }, "geometry": { "type": "Polygon", "coordinates": [ [ [ -94.439871970736164, 18.155046974018369 ], [ -94.435299497027884, 18.155046974018369 ], [ -94.435299497027884, 18.150955970756225 ], [ -94.439871970736164, 18.150955970756197 ], [ -94.439871970736164, 18.155046974018369 ] ] ] } },
{ "type": "Feature", "properties": { "difference_1990_2000": 114.0, "difference_1990_2010": 100.0, "difference_1990_2020": 34.0 }, "geometry": { "type": "Polygon", "coordinates": [ [ [ -94.439871970736164, 18.118231348096582 ], [ -94.435299497027884, 18.118231348096611 ], [ -94.435299497027884, 18.114141195285434 ], [ -94.439871970736164, 18.114141195285434 ], [ -94.439871970736164, 18.118231348096582 ] ] ] } },
{ "type": "Feature", "properties": { "difference_1990_2000": -70.0, "difference_1990_2010": -156.0, "difference_1990_2020": -401.0 }, "geometry": { "type": "Polygon", "coordinates": [ [ [ -94.430727023319633, 18.13050237295294 ], [ -94.426154549611354, 18.130502372952908 ], [ -94.426154549611354, 18.126411936903111 ], [ -94.430727023319633, 18.126411936903111 ], [ -94.430727023319633, 18.13050237295294 ] ] ] } },
{ "type": "Feature", "properties": { "difference_1990_2000": -272.0, "difference_1990_2010": -269.0, "difference_1990_2020": -349.0 }, "geometry": { "type": "Polygon", "coordinates": [ [ [ -94.430727023319633, 18.122321595293435 ], [ -94.426154549611354, 18.122321595293435 ], [ -94.426154549611354, 18.118231348096611 ], [ -94.430727023319633, 18.118231348096582 ], [ -94.430727023319633, 18.122321595293435 ] ] ] } },
{ "type": "Feature", "properties": { "difference_1990_2000": -212.0, "difference_1990_2010": -557.0, "difference_1990_2020": -843.0 }, "geometry": { "type": "Polygon", "coordinates": [ [ [ -94.430727023319633, 18.146865062097557 ], [ -94.426154549611354, 18.146865062097557 ], [ -94.426154549611354, 18.142774248015133 ], [ -94.430727023319633, 18.142774248015133 ], [ -94.430727023319633, 18.146865062097557 ] ] ] } },
{ "type": "Feature", "properties": { "difference_1990_2000": -26.0, "difference_1990_2010": -56.0, "difference_1990_2020": -86.0 }, "geometry": { "type": "Polygon", "coordinates": [ [ [ -94.430727023319633, 18.1591380719113 ], [ -94.426154549611354, 18.1591380719113 ], [ -94.426154549611354, 18.155046974018369 ], [ -94.430727023319633, 18.155046974018369 ], [ -94.430727023319633, 18.1591380719113 ] ] ] } },
{ "type": "Feature", "properties": { "difference_1990_2000": -115.0, "difference_1990_2010": -173.0, "difference_1990_2020": -389.0 }, "geometry": { "type": "Polygon", "coordinates": [ [ [ -94.430727023319633, 18.134592903470022 ], [ -94.426154549611354, 18.134592903470022 ], [ -94.426154549611354, 18.130502372952908 ], [ -94.430727023319633, 18.13050237295294 ], [ -94.430727023319633, 18.134592903470022 ] ] ] } },
{ "type": "Feature", "properties": { "difference_1990_2000": -138.0, "difference_1990_2010": -241.0, "difference_1990_2020": -492.0 }, "geometry": { "type": "Polygon", "coordinates": [ [ [ -94.430727023319633, 18.138683528481661 ], [ -94.426154549611354, 18.138683528481678 ], [ -94.426154549611354, 18.134592903470022 ], [ -94.430727023319633, 18.134592903470022 ], [ -94.430727023319633, 18.138683528481661 ] ] ] } },
{ "type": "Feature", "properties": { "difference_1990_2000": -153.0, "difference_1990_2010": -495.0, "difference_1990_2020": -807.0 }, "geometry": { "type": "Polygon", "coordinates": [ [ [ -94.430727023319633, 18.142774248015133 ], [ -94.426154549611354, 18.142774248015133 ], [ -94.426154549611354, 18.138683528481678 ], [ -94.430727023319633, 18.138683528481661 ], [ -94.430727023319633, 18.142774248015133 ] ] ] } },
{ "type": "Feature", "properties": { "difference_1990_2000": -105.0, "difference_1990_2010": -156.0, "difference_1990_2020": -322.0 }, "geometry": { "type": "Polygon", "coordinates": [ [ [ -94.430727023319633, 18.126411936903075 ], [ -94.426154549611354, 18.126411936903075 ], [ -94.426154549611354, 18.122321595293435 ], [ -94.430727023319633, 18.122321595293435 ], [ -94.430727023319633, 18.126411936903075 ] ] ] } },
{ "type": "Feature", "properties": { "difference_1990_2000": -22.0, "difference_1990_2010": -22.0, "difference_1990_2020": -28.0 }, "geometry": { "type": "Polygon", "coordinates": [ [ [ -94.430727023319633, 18.11414119528547 ], [ -94.426154549611354, 18.114141195285416 ], [ -94.426154549611354, 18.110051136832737 ], [ -94.430727023319633, 18.110051136832766 ], [ -94.430727023319633, 18.11414119528547 ] ] ] } },
{ "type": "Feature", "properties": { "difference_1990_2000": -143.0, "difference_1990_2010": -321.0, "difference_1990_2020": -505.0 }, "geometry": { "type": "Polygon", "coordinates": [ [ [ -94.430727023319633, 18.155046974018369 ], [ -94.426154549611354, 18.155046974018369 ], [ -94.426154549611354, 18.150955970756225 ], [ -94.430727023319633, 18.150955970756247 ], [ -94.430727023319633, 18.155046974018369 ] ] ] } },
{ "type": "Feature", "properties": { "difference_1990_2000": -134.0, "difference_1990_2010": -332.0, "difference_1990_2020": -532.0 }, "geometry": { "type": "Polygon", "coordinates": [ [ [ -94.430727023319633, 18.150955970756247 ], [ -94.426154549611354, 18.150955970756225 ], [ -94.426154549611354, 18.146865062097557 ], [ -94.430727023319633, 18.146865062097557 ], [ -94.430727023319633, 18.150955970756247 ] ] ] } },
{ "type": "Feature", "properties": { "difference_1990_2000": -271.0, "difference_1990_2010": -267.0, "difference_1990_2020": -347.0 }, "geometry": { "type": "Polygon", "coordinates": [ [ [ -94.430727023319633, 18.118231348096582 ], [ -94.426154549611354, 18.118231348096611 ], [ -94.426154549611354, 18.114141195285416 ], [ -94.430727023319633, 18.11414119528547 ], [ -94.430727023319633, 18.118231348096582 ] ] ] } },
{ "type": "Feature", "properties": { "difference_1990_2000": -11.0, "difference_1990_2010": -10.0, "difference_1990_2020": -11.0 }, "geometry": { "type": "Polygon", "coordinates": [ [ [ -94.421582075903075, 18.130502372952908 ], [ -94.417009602194796, 18.13050237295294 ], [ -94.417009602194796, 18.126411936903111 ], [ -94.421582075903075, 18.126411936903111 ], [ -94.421582075903075, 18.130502372952908 ] ] ] } },
{ "type": "Feature", "properties": { "difference_1990_2000": 0.0, "difference_1990_2010": 0.0, "difference_1990_2020": 0.0 }, "geometry": { "type": "Polygon", "coordinates": [ [ [ -94.421582075903075, 18.122321595293435 ], [ -94.417009602194796, 18.122321595293453 ], [ -94.417009602194796, 18.118231348096582 ], [ -94.421582075903075, 18.118231348096611 ], [ -94.421582075903075, 18.122321595293435 ] ] ] } },
{ "type": "Feature", "properties": { "difference_1990_2000": -839.0, "difference_1990_2010": -1354.0, "difference_1990_2020": -1600.0 }, "geometry": { "type": "Polygon", "coordinates": [ [ [ -94.421582075903075, 18.146865062097557 ], [ -94.417009602194796, 18.146865062097557 ], [ -94.417009602194796, 18.142774248015133 ], [ -94.421582075903075, 18.142774248015133 ], [ -94.421582075903075, 18.146865062097557 ] ] ] } },
{ "type": "Feature", "properties": { "difference_1990_2000": -136.0, "difference_1990_2010": -280.0, "difference_1990_2020": -374.0 }, "geometry": { "type": "Polygon", "coordinates": [ [ [ -94.421582075903075, 18.1591380719113 ], [ -94.417009602194796, 18.1591380719113 ], [ -94.417009602194796, 18.155046974018369 ], [ -94.421582075903075, 18.155046974018404 ], [ -94.421582075903075, 18.1591380719113 ] ] ] } },
{ "type": "Feature", "properties": { "difference_1990_2000": 0.0, "difference_1990_2010": 0.0, "difference_1990_2020": -1.0 }, "geometry": { "type": "Polygon", "coordinates": [ [ [ -94.421582075903075, 18.13459290347004 ], [ -94.417009602194796, 18.134592903470022 ], [ -94.417009602194796, 18.13050237295294 ], [ -94.421582075903075, 18.130502372952908 ], [ -94.421582075903075, 18.13459290347004 ] ] ] } },
{ "type": "Feature", "properties": { "difference_1990_2000": 0.0, "difference_1990_2010": 0.0, "difference_1990_2020": -2.0 }, "geometry": { "type": "Polygon", "coordinates": [ [ [ -94.421582075903075, 18.138683528481661 ], [ -94.417009602194796, 18.138683528481661 ], [ -94.417009602194796, 18.134592903470022 ], [ -94.421582075903075, 18.134592903470022 ], [ -94.421582075903075, 18.138683528481661 ] ] ] } },
{ "type": "Feature", "properties": { "difference_1990_2000": -237.0, "difference_1990_2010": -553.0, "difference_1990_2020": -730.0 }, "geometry": { "type": "Polygon", "coordinates": [ [ [ -94.421582075903075, 18.142774248015133 ], [ -94.417009602194796, 18.142774248015133 ], [ -94.417009602194796, 18.138683528481661 ], [ -94.421582075903075, 18.138683528481661 ], [ -94.421582075903075, 18.142774248015133 ] ] ] } },
{ "type": "Feature", "properties": { "difference_1990_2000": -35.0, "difference_1990_2010": -32.0, "difference_1990_2020": -32.0 }, "geometry": { "type": "Polygon", "coordinates": [ [ [ -94.421582075903075, 18.126411936903075 ], [ -94.417009602194796, 18.126411936903075 ], [ -94.417009602194796, 18.122321595293453 ], [ -94.421582075903075, 18.122321595293435 ], [ -94.421582075903075, 18.126411936903075 ] ] ] } },
{ "type": "Feature", "properties": { "difference_1990_2000": -884.0, "difference_1990_2010": -1127.0, "difference_1990_2020": -1466.0 }, "geometry": { "type": "Polygon", "coordinates": [ [ [ -94.421582075903075, 18.150955970756225 ], [ -94.417009602194796, 18.150955970756247 ], [ -94.417009602194796, 18.146865062097557 ], [ -94.421582075903075, 18.146865062097557 ], [ -94.421582075903075, 18.150955970756225 ] ] ] } },
{ "type": "Feature", "properties": { "difference_1990_2000": -325.0, "difference_1990_2010": -608.0, "difference_1990_2020": -808.0 }, "geometry": { "type": "Polygon", "coordinates": [ [ [ -94.421582075903075, 18.155046974018404 ], [ -94.417009602194796, 18.155046974018369 ], [ -94.417009602194796, 18.150955970756247 ], [ -94.421582075903075, 18.150955970756225 ], [ -94.421582075903075, 18.155046974018404 ] ] ] } },
{ "type": "Feature", "properties": { "difference_1990_2000": -702.0, "difference_1990_2010": 0.0, "difference_1990_2020": -1166.0 }, "geometry": { "type": "Polygon", "coordinates": [ [ [ -94.412437128486502, 18.073244852403334 ], [ -94.407864654778223, 18.073244852403285 ], [ -94.407864654778223, 18.069155736040123 ], [ -94.412437128486502, 18.069155736040138 ], [ -94.412437128486502, 18.073244852403334 ] ] ] } },
{ "type": "Feature", "properties": { "difference_1990_2000": -178.0, "difference_1990_2010": 0.0, "difference_1990_2020": -619.0 }, "geometry": { "type": "Polygon", "coordinates": [ [ [ -94.412437128486502, 18.060977785465372 ], [ -94.407864654778223, 18.060977785465372 ], [ -94.407864654778223, 18.056888951199426 ], [ -94.412437128486502, 18.05688895119944 ], [ -94.412437128486502, 18.060977785465372 ] ] ] } },
{ "type": "Feature", "properties": { "difference_1990_2000": -421.0, "difference_1990_2010": 0.0, "difference_1990_2020": -539.0 }, "geometry": { "type": "Polygon", "coordinates": [ [ [ -94.412437128486502, 18.077334062853176 ], [ -94.407864654778223, 18.077334062853119 ], [ -94.407864654778223, 18.073244852403285 ], [ -94.412437128486502, 18.073244852403334 ], [ -94.412437128486502, 18.077334062853176 ] ] ] } },
{ "type": "Feature", "properties": { "difference_1990_2000": -50.0, "difference_1990_2010": -60.0, "difference_1990_2020": -68.0 }, "geometry": { "type": "Polygon", "coordinates": [ [ [ -94.412437128486502, 18.16732055169841 ], [ -94.407864654778223, 18.167320551698371 ], [ -94.407864654778223, 18.163229264462174 ], [ -94.412437128486502, 18.163229264462188 ], [ -94.412437128486502, 18.16732055169841 ] ] ] } },
{ "type": "Feature", "properties": { "difference_1990_2000": -170.0, "difference_1990_2010": -343.0, "difference_1990_2020": -417.0 }, "geometry": { "type": "Polygon", "coordinates": [ [ [ -94.412437128486502, 18.146865062097557 ], [ -94.407864654778223, 18.146865062097557 ], [ -94.407864654778223, 18.142774248015133 ], [ -94.412437128486502, 18.142774248015133 ], [ -94.412437128486502, 18.146865062097557 ] ] ] } },
{ "type": "Feature", "properties": { "difference_1990_2000": 1596.0, "difference_1990_2010": 0.0, "difference_1990_2020": 1562.0 }, "geometry": { "type": "Polygon", "coordinates": [ [ [ -94.412437128486502, 18.052800210911602 ], [ -94.407864654778223, 18.052800210911602 ], [ -94.407864654778223, 18.048711564574859 ], [ -94.412437128486502, 18.048711564574859 ], [ -94.412437128486502, 18.052800210911602 ] ] ] } },
{ "type": "Feature", "properties": { "difference_1990_2000": 43.0, "difference_1990_2010": 0.0, "difference_1990_2020": 44.0 }, "geometry": { "type": "Polygon", "coordinates": [ [ [ -94.412437128486502, 18.081423367416836 ], [ -94.407864654778223, 18.081423367416836 ], [ -94.407864654778223, 18.077334062853119 ], [ -94.412437128486502, 18.077334062853176 ], [ -94.412437128486502, 18.081423367416836 ] ] ] } },
{ "type": "Feature", "properties": { "difference_1990_2000": -48.0, "difference_1990_2010": -58.0, "difference_1990_2020": -65.0 }, "geometry": { "type": "Polygon", "coordinates": [ [ [ -94.412437128486502, 18.163229264462188 ], [ -94.407864654778223, 18.163229264462174 ], [ -94.407864654778223, 18.1591380719113 ], [ -94.412437128486502, 18.1591380719113 ], [ -94.412437128486502, 18.163229264462188 ] ] ] } },
{ "type": "Feature", "properties": { "difference_1990_2000": -69.0, "difference_1990_2010": 0.0, "difference_1990_2020": -128.0 }, "geometry": { "type": "Polygon", "coordinates": [ [ [ -94.412437128486502, 18.065066713736559 ], [ -94.407864654778223, 18.065066713736559 ], [ -94.407864654778223, 18.060977785465372 ], [ -94.412437128486502, 18.060977785465372 ], [ -94.412437128486502, 18.065066713736559 ] ] ] } },
{ "type": "Feature", "properties": { "difference_1990_2000": -253.0, "difference_1990_2010": 0.0, "difference_1990_2020": -511.0 }, "geometry": { "type": "Polygon", "coordinates": [ [ [ -94.412437128486502, 18.069155736040138 ], [ -94.407864654778223, 18.069155736040123 ], [ -94.407864654778223, 18.065066713736559 ], [ -94.412437128486502, 18.065066713736559 ], [ -94.412437128486502, 18.069155736040138 ] ] ] } },
{ "type": "Feature", "properties": { "difference_1990_2000": 11.0, "difference_1990_2010": -26.0, "difference_1990_2020": -41.0 }, "geometry": { "type": "Polygon", "coordinates": [ [ [ -94.412437128486502, 18.142774248015133 ], [ -94.407864654778223, 18.142774248015133 ], [ -94.407864654778223, 18.138683528481661 ], [ -94.412437128486502, 18.138683528481661 ], [ -94.412437128486502, 18.142774248015133 ] ] ] } },
{ "type": "Feature", "properties": { "difference_1990_2000": -291.0, "difference_1990_2010": -401.0, "difference_1990_2020": -504.0 }, "geometry": { "type": "Polygon", "coordinates": [ [ [ -94.412437128486502, 18.150955970756197 ], [ -94.407864654778223, 18.150955970756225 ], [ -94.407864654778223, 18.146865062097557 ], [ -94.412437128486502, 18.146865062097557 ], [ -94.412437128486502, 18.150955970756197 ] ] ] } },
{ "type": "Feature", "properties": { "difference_1990_2000": -32.0, "difference_1990_2010": -40.0, "difference_1990_2020": -53.0 }, "geometry": { "type": "Polygon", "coordinates": [ [ [ -94.412437128486502, 18.155046974018369 ], [ -94.407864654778223, 18.155046974018369 ], [ -94.407864654778223, 18.150955970756225 ], [ -94.412437128486502, 18.150955970756197 ], [ -94.412437128486502, 18.155046974018369 ] ] ] } },
{ "type": "Feature", "properties": { "difference_1990_2000": 1089.0, "difference_1990_2010": 0.0, "difference_1990_2020": 1170.0 }, "geometry": { "type": "Polygon", "coordinates": [ [ [ -94.412437128486502, 18.056888951199426 ], [ -94.407864654778223, 18.056888951199394 ], [ -94.407864654778223, 18.052800210911602 ], [ -94.412437128486502, 18.052800210911602 ], [ -94.412437128486502, 18.056888951199426 ] ] ] } },
{ "type": "Feature", "properties": { "difference_1990_2000": 2.0, "difference_1990_2010": 0.0, "difference_1990_2020": -1.0 }, "geometry": { "type": "Polygon", "coordinates": [ [ [ -94.412437128486502, 18.0855127661216 ], [ -94.407864654778223, 18.085512766121539 ], [ -94.407864654778223, 18.081423367416836 ], [ -94.412437128486502, 18.081423367416836 ], [ -94.412437128486502, 18.0855127661216 ] ] ] } },
{ "type": "Feature", "properties": { "difference_1990_2000": 0.0, "difference_1990_2010": 0.0, "difference_1990_2020": 144.0 }, "geometry": { "type": "Polygon", "coordinates": [ [ [ -94.403292181069986, 18.060977785465319 ], [ -94.398719707361707, 18.060977785465319 ], [ -94.398719707361707, 18.056888951199426 ], [ -94.403292181069986, 18.056888951199394 ], [ -94.403292181069986, 18.060977785465319 ] ] ] } },
{ "type": "Feature", "properties": { "difference_1990_2000": 308.0, "difference_1990_2010": 0.0, "difference_1990_2020": 449.0 }, "geometry": { "type": "Polygon", "coordinates": [ [ [ -94.403292181069986, 18.077334062853119 ], [ -94.398719707361707, 18.077334062853154 ], [ -94.398719707361707, 18.073244852403285 ], [ -94.403292181069986, 18.073244852403334 ], [ -94.403292181069986, 18.077334062853119 ] ] ] } },
{ "type": "Feature", "properties": { "difference_1990_2000": 334.0, "difference_1990_2010": 0.0, "difference_1990_2020": 381.0 }, "geometry": { "type": "Polygon", "coordinates": [ [ [ -94.403292181069986, 18.073244852403334 ], [ -94.398719707361707, 18.073244852403285 ], [ -94.398719707361707, 18.069155736040123 ], [ -94.403292181069986, 18.069155736040138 ], [ -94.403292181069986, 18.073244852403334 ] ] ] } },
{ "type": "Feature", "properties": { "difference_1990_2000": 11.0, "difference_1990_2010": 0.0, "difference_1990_2020": 298.0 }, "geometry": { "type": "Polygon", "coordinates": [ [ [ -94.403292181069986, 18.048711564574859 ], [ -94.398719707361707, 18.048711564574859 ], [ -94.398719707361707, 18.044623012161921 ], [ -94.403292181069986, 18.044623012161921 ], [ -94.403292181069986, 18.048711564574859 ] ] ] } },
{ "type": "Feature", "properties": { "difference_1990_2000": 162.0, "difference_1990_2010": 0.0, "difference_1990_2020": 286.0 }, "geometry": { "type": "Polygon", "coordinates": [ [ [ -94.403292181069986, 18.028269741206923 ], [ -94.398719707361707, 18.028269741206909 ], [ -94.398719707361707, 18.024181658006757 ], [ -94.403292181069986, 18.024181658006757 ], [ -94.403292181069986, 18.028269741206923 ] ] ] } },
{ "type": "Feature", "properties": { "difference_1990_2000": -4.0, "difference_1990_2010": -5.0, "difference_1990_2020": -8.0 }, "geometry": { "type": "Polygon", "coordinates": [ [ [ -94.403292181069986, 18.146865062097525 ], [ -94.398719707361707, 18.146865062097525 ], [ -94.398719707361707, 18.142774248015098 ], [ -94.403292181069986, 18.142774248015133 ], [ -94.403292181069986, 18.146865062097525 ] ] ] } },
{ "type": "Feature", "properties": { "difference_1990_2000": 0.0, "difference_1990_2010": 0.0, "difference_1990_2020": 101.0 }, "geometry": { "type": "Polygon", "coordinates": [ [ [ -94.403292181069986, 18.040534553645816 ], [ -94.398719707361707, 18.040534553645816 ], [ -94.398719707361707, 18.036446188999321 ], [ -94.403292181069986, 18.036446188999339 ], [ -94.403292181069986, 18.040534553645816 ] ] ] } },
{ "type": "Feature", "properties": { "difference_1990_2000": 360.0, "difference_1990_2010": 323.0, "difference_1990_2020": 137.0 }, "geometry": { "type": "Polygon", "coordinates": [ [ [ -94.403292181069986, 18.1591380719113 ], [ -94.398719707361707, 18.1591380719113 ], [ -94.398719707361707, 18.155046974018369 ], [ -94.403292181069986, 18.155046974018369 ], [ -94.403292181069986, 18.1591380719113 ] ] ] } },
{ "type": "Feature", "properties": { "difference_1990_2000": -41.0, "difference_1990_2010": 0.0, "difference_1990_2020": -105.0 }, "geometry": { "type": "Polygon", "coordinates": [ [ [ -94.403292181069986, 18.052800210911602 ], [ -94.398719707361707, 18.052800210911602 ], [ -94.398719707361707, 18.048711564574859 ], [ -94.403292181069986, 18.048711564574859 ], [ -94.403292181069986, 18.052800210911602 ] ] ] } },
{ "type": "Feature", "properties": { "difference_1990_2000": 18.0, "difference_1990_2010": 0.0, "difference_1990_2020": 24.0 }, "geometry": { "type": "Polygon", "coordinates": [ [ [ -94.403292181069986, 18.024181658006757 ], [ -94.398719707361707, 18.024181658006757 ], [ -94.398719707361707, 18.020093668567839 ], [ -94.403292181069986, 18.020093668567874 ], [ -94.403292181069986, 18.024181658006757 ] ] ] } },
{ "type": "Feature", "properties": { "difference_1990_2000": -1.0, "difference_1990_2010": -1.0, "difference_1990_2020": -1.0 }, "geometry": { "type": "Polygon", "coordinates": [ [ [ -94.403292181069986, 18.134592903470022 ], [ -94.398719707361707, 18.13459290347004 ], [ -94.398719707361707, 18.130502372952893 ], [ -94.403292181069986, 18.130502372952908 ], [ -94.403292181069986, 18.134592903470022 ] ] ] } },
{ "type": "Feature", "properties": { "difference_1990_2000": 0.0, "difference_1990_2010": 0.0, "difference_1990_2020": 902.0 }, "geometry": { "type": "Polygon", "coordinates": [ [ [ -94.403292181069986, 18.044623012161921 ], [ -94.398719707361707, 18.044623012161921 ], [ -94.398719707361707, 18.040534553645816 ], [ -94.403292181069986, 18.040534553645816 ], [ -94.403292181069986, 18.044623012161921 ] ] ] } },
{ "type": "Feature", "properties": { "difference_1990_2000": 23.0, "difference_1990_2010": 0.0, "difference_1990_2020": 43.0 }, "geometry": { "type": "Polygon", "coordinates": [ [ [ -94.403292181069986, 18.081423367416836 ], [ -94.398719707361707, 18.081423367416836 ], [ -94.398719707361707, 18.077334062853154 ], [ -94.403292181069986, 18.077334062853119 ], [ -94.403292181069986, 18.081423367416836 ] ] ] } },
{ "type": "Feature", "properties": { "difference_1990_2000": 59.0, "difference_1990_2010": 0.0, "difference_1990_2020": 148.0 }, "geometry": { "type": "Polygon", "coordinates": [ [ [ -94.403292181069986, 18.032357918195427 ], [ -94.398719707361707, 18.032357918195427 ], [ -94.398719707361707, 18.028269741206909 ], [ -94.403292181069986, 18.028269741206923 ], [ -94.403292181069986, 18.032357918195427 ] ] ] } },
{ "type": "Feature", "properties": { "difference_1990_2000": 71.0, "difference_1990_2010": 0.0, "difference_1990_2020": 38.0 }, "geometry": { "type": "Polygon", "coordinates": [ [ [ -94.403292181069986, 18.069155736040138 ], [ -94.398719707361707, 18.069155736040123 ], [ -94.398719707361707, 18.065066713736559 ], [ -94.403292181069986, 18.065066713736559 ], [ -94.403292181069986, 18.069155736040138 ] ] ] } },
{ "type": "Feature", "properties": { "difference_1990_2000": 28.0, "difference_1990_2010": 23.0, "difference_1990_2020": 0.0 }, "geometry": { "type": "Polygon", "coordinates": [ [ [ -94.403292181069986, 18.163229264462231 ], [ -94.398719707361707, 18.163229264462174 ], [ -94.398719707361707, 18.1591380719113 ], [ -94.403292181069986, 18.1591380719113 ], [ -94.403292181069986, 18.163229264462231 ] ] ] } },
{ "type": "Feature", "properties": { "difference_1990_2000": -3.0, "difference_1990_2010": -4.0, "difference_1990_2020": -8.0 }, "geometry": { "type": "Polygon", "coordinates": [ [ [ -94.403292181069986, 18.138683528481661 ], [ -94.398719707361707, 18.138683528481661 ], [ -94.398719707361707, 18.134592903470022 ], [ -94.403292181069986, 18.134592903470022 ], [ -94.403292181069986, 18.138683528481661 ] ] ] } },
{ "type": "Feature", "properties": { "difference_1990_2000": -3.0, "difference_1990_2010": 10.0, "difference_1990_2020": -6.0 }, "geometry": { "type": "Polygon", "coordinates": [ [ [ -94.403292181069986, 18.142774248015133 ], [ -94.398719707361707, 18.142774248015098 ], [ -94.398719707361707, 18.138683528481661 ], [ -94.403292181069986, 18.138683528481661 ], [ -94.403292181069986, 18.142774248015133 ] ] ] } },
{ "type": "Feature", "properties": { "difference_1990_2000": 351.0, "difference_1990_2010": 313.0, "difference_1990_2020": 126.0 }, "geometry": { "type": "Polygon", "coordinates": [ [ [ -94.403292181069986, 18.155046974018369 ], [ -94.398719707361707, 18.155046974018369 ], [ -94.398719707361707, 18.150955970756225 ], [ -94.403292181069986, 18.150955970756225 ], [ -94.403292181069986, 18.155046974018369 ] ] ] } },
{ "type": "Feature", "properties": { "difference_1990_2000": -15.0, "difference_1990_2010": -65.0, "difference_1990_2020": -197.0 }, "geometry": { "type": "Polygon", "coordinates": [ [ [ -94.403292181069986, 18.150955970756225 ], [ -94.398719707361707, 18.150955970756225 ], [ -94.398719707361707, 18.146865062097525 ], [ -94.403292181069986, 18.146865062097525 ], [ -94.403292181069986, 18.150955970756225 ] ] ] } },
{ "type": "Feature", "properties": { "difference_1990_2000": -192.0, "difference_1990_2010": 0.0, "difference_1990_2020": -305.0 }, "geometry": { "type": "Polygon", "coordinates": [ [ [ -94.403292181069986, 18.056888951199394 ], [ -94.398719707361707, 18.056888951199426 ], [ -94.398719707361707, 18.052800210911602 ], [ -94.403292181069986, 18.052800210911602 ], [ -94.403292181069986, 18.056888951199394 ] ] ] } },
{ "type": "Feature", "properties": { "difference_1990_2000": 180.0, "difference_1990_2010": 0.0, "difference_1990_2020": 324.0 }, "geometry": { "type": "Polygon", "coordinates": [ [ [ -94.394147233653413, 18.020093668567874 ], [ -94.389574759945134, 18.020093668567874 ], [ -94.389574759945134, 18.016005772863132 ], [ -94.394147233653413, 18.016005772863149 ], [ -94.394147233653413, 18.020093668567874 ] ] ] } },
{ "type": "Feature", "properties": { "difference_1990_2000": 72.0, "difference_1990_2010": 0.0, "difference_1990_2020": 165.0 }, "geometry": { "type": "Polygon", "coordinates": [ [ [ -94.394147233653413, 18.073244852403299 ], [ -94.389574759945134, 18.073244852403299 ], [ -94.389574759945134, 18.069155736040123 ], [ -94.394147233653413, 18.069155736040138 ], [ -94.394147233653413, 18.073244852403299 ] ] ] } },
{ "type": "Feature", "properties": { "difference_1990_2000": 27.0, "difference_1990_2010": 0.0, "difference_1990_2020": 87.0 }, "geometry": { "type": "Polygon", "coordinates": [ [ [ -94.394147233653413, 18.028269741206923 ], [ -94.389574759945134, 18.028269741206909 ], [ -94.389574759945134, 18.024181658006757 ], [ -94.394147233653413, 18.024181658006757 ], [ -94.394147233653413, 18.028269741206923 ] ] ] } },
{ "type": "Feature", "properties": { "difference_1990_2000": -3.0, "difference_1990_2010": -5.0, "difference_1990_2020": -8.0 }, "geometry": { "type": "Polygon", "coordinates": [ [ [ -94.394147233653413, 18.146865062097525 ], [ -94.389574759945134, 18.146865062097557 ], [ -94.389574759945134, 18.142774248015133 ], [ -94.394147233653413, 18.142774248015133 ], [ -94.394147233653413, 18.146865062097525 ] ] ] } },
{ "type": "Feature", "properties": { "difference_1990_2000": 38.0, "difference_1990_2010": 354.0, "difference_1990_2020": 377.0 }, "geometry": { "type": "Polygon", "coordinates": [ [ [ -94.394147233653413, 18.1591380719113 ], [ -94.389574759945134, 18.1591380719113 ], [ -94.389574759945134, 18.155046974018369 ], [ -94.394147233653413, 18.155046974018369 ], [ -94.394147233653413, 18.1591380719113 ] ] ] } },
{ "type": "Feature", "properties": { "difference_1990_2000": 168.0, "difference_1990_2010": 0.0, "difference_1990_2020": 299.0 }, "geometry": { "type": "Polygon", "coordinates": [ [ [ -94.394147233653413, 18.024181658006757 ], [ -94.389574759945134, 18.024181658006757 ], [ -94.389574759945134, 18.020093668567874 ], [ -94.394147233653413, 18.020093668567874 ], [ -94.394147233653413, 18.024181658006757 ] ] ] } },
{ "type": "Feature", "properties": { "difference_1990_2000": -171.0, "difference_1990_2010": -290.0, "difference_1990_2020": -311.0 }, "geometry": { "type": "Polygon", "coordinates": [ [ [ -94.394147233653413, 18.089602258994475 ], [ -94.389574759945134, 18.089602258994454 ], [ -94.389574759945134, 18.0855127661216 ], [ -94.394147233653413, 18.085512766121571 ], [ -94.394147233653413, 18.089602258994475 ] ] ] } },
{ "type": "Feature", "properties": { "difference_1990_2000": -2.0, "difference_1990_2010": -4.0, "difference_1990_2020": -5.0 }, "geometry": { "type": "Polygon", "coordinates": [ [ [ -94.394147233653413, 18.134592903470022 ], [ -94.389574759945134, 18.13459290347004 ], [ -94.389574759945134, 18.13050237295294 ], [ -94.394147233653413, 18.130502372952908 ], [ -94.394147233653413, 18.134592903470022 ] ] ] } },
{ "type": "Feature", "properties": { "difference_1990_2000": -17.0, "difference_1990_2010": -29.0, "difference_1990_2020": -31.0 }, "geometry": { "type": "Polygon", "coordinates": [ [ [ -94.394147233653413, 18.081423367416811 ], [ -94.389574759945134, 18.081423367416836 ], [ -94.389574759945134, 18.077334062853154 ], [ -94.394147233653413, 18.077334062853112 ], [ -94.394147233653413, 18.081423367416811 ] ] ] } },
{ "type": "Feature", "properties": { "difference_1990_2000": 0.0, "difference_1990_2010": 0.0, "difference_1990_2020": 1.0 }, "geometry": { "type": "Polygon", "coordinates": [ [ [ -94.394147233653413, 18.065066713736528 ], [ -94.389574759945134, 18.065066713736559 ], [ -94.389574759945134, 18.060977785465372 ], [ -94.394147233653413, 18.060977785465319 ], [ -94.394147233653413, 18.065066713736528 ] ] ] } },
{ "type": "Feature", "properties": { "difference_1990_2000": 2.0, "difference_1990_2010": 0.0, "difference_1990_2020": 7.0 }, "geometry": { "type": "Polygon", "coordinates": [ [ [ -94.394147233653413, 18.032357918195427 ], [ -94.389574759945134, 18.032357918195427 ], [ -94.389574759945134, 18.028269741206909 ], [ -94.394147233653413, 18.028269741206923 ], [ -94.394147233653413, 18.032357918195427 ] ] ] } },
{ "type": "Feature", "properties": { "difference_1990_2000": -5.0, "difference_1990_2010": 19.0, "difference_1990_2020": 27.0 }, "geometry": { "type": "Polygon", "coordinates": [ [ [ -94.394147233653413, 18.163229264462188 ], [ -94.389574759945134, 18.163229264462188 ], [ -94.389574759945134, 18.1591380719113 ], [ -94.394147233653413, 18.1591380719113 ], [ -94.394147233653413, 18.163229264462188 ] ] ] } },
{ "type": "Feature", "properties": { "difference_1990_2000": 196.0, "difference_1990_2010": 0.0, "difference_1990_2020": 450.0 }, "geometry": { "type": "Polygon", "coordinates": [ [ [ -94.394147233653413, 18.069155736040138 ], [ -94.389574759945134, 18.069155736040123 ], [ -94.389574759945134, 18.065066713736559 ], [ -94.394147233653413, 18.065066713736559 ], [ -94.394147233653413, 18.069155736040138 ] ] ] } },
{ "type": "Feature", "properties": { "difference_1990_2000": 22.0, "difference_1990_2010": 0.0, "difference_1990_2020": 51.0 }, "geometry": { "type": "Polygon", "coordinates": [ [ [ -94.394147233653413, 18.016005772863149 ], [ -94.389574759945134, 18.016005772863132 ], [ -94.389574759945134, 18.011917970865486 ], [ -94.394147233653413, 18.011917970865486 ], [ -94.394147233653413, 18.016005772863149 ] ] ] } },
{ "type": "Feature", "properties": { "difference_1990_2000": -3.0, "difference_1990_2010": -5.0, "difference_1990_2020": -8.0 }, "geometry": { "type": "Polygon", "coordinates": [ [ [ -94.394147233653413, 18.138683528481661 ], [ -94.389574759945134, 18.138683528481661 ], [ -94.389574759945134, 18.134592903470022 ], [ -94.394147233653413, 18.134592903470022 ], [ -94.394147233653413, 18.138683528481661 ] ] ] } },
{ "type": "Feature", "properties": { "difference_1990_2000": -3.0, "difference_1990_2010": -5.0, "difference_1990_2020": -8.0 }, "geometry": { "type": "Polygon", "coordinates": [ [ [ -94.394147233653413, 18.142774248015133 ], [ -94.389574759945134, 18.142774248015133 ], [ -94.389574759945134, 18.138683528481661 ], [ -94.394147233653413, 18.138683528481661 ], [ -94.394147233653413, 18.142774248015133 ] ] ] } },
{ "type": "Feature", "properties": { "difference_1990_2000": 258.0, "difference_1990_2010": 473.0, "difference_1990_2020": 470.0 }, "geometry": { "type": "Polygon", "coordinates": [ [ [ -94.394147233653413, 18.150955970756197 ], [ -94.389574759945134, 18.150955970756225 ], [ -94.389574759945134, 18.146865062097557 ], [ -94.394147233653413, 18.146865062097525 ], [ -94.394147233653413, 18.150955970756197 ] ] ] } },
{ "type": "Feature", "properties": { "difference_1990_2000": 264.0, "difference_1990_2010": 594.0, "difference_1990_2020": 588.0 }, "geometry": { "type": "Polygon", "coordinates": [ [ [ -94.394147233653413, 18.155046974018369 ], [ -94.389574759945134, 18.155046974018369 ], [ -94.389574759945134, 18.150955970756225 ], [ -94.394147233653413, 18.150955970756197 ], [ -94.394147233653413, 18.155046974018369 ] ] ] } },
{ "type": "Feature", "properties": { "difference_1990_2000": -152.0, "difference_1990_2010": -201.0, "difference_1990_2020": -275.0 }, "geometry": { "type": "Polygon", "coordinates": [ [ [ -94.394147233653413, 18.093691846062736 ], [ -94.389574759945134, 18.093691846062736 ], [ -94.389574759945134, 18.089602258994454 ], [ -94.394147233653413, 18.089602258994475 ], [ -94.394147233653413, 18.093691846062736 ] ] ] } },
{ "type": "Feature", "properties": { "difference_1990_2000": -1.0, "difference_1990_2010": 133.0, "difference_1990_2020": -1.0 }, "geometry": { "type": "Polygon", "coordinates": [ [ [ -94.394147233653413, 18.097781527353483 ], [ -94.389574759945134, 18.097781527353483 ], [ -94.389574759945134, 18.093691846062676 ], [ -94.394147233653413, 18.093691846062722 ], [ -94.394147233653413, 18.097781527353483 ] ] ] } },
{ "type": "Feature", "properties": { "difference_1990_2000": -95.0, "difference_1990_2010": -160.0, "difference_1990_2020": -172.0 }, "geometry": { "type": "Polygon", "coordinates": [ [ [ -94.394147233653413, 18.085512766121571 ], [ -94.389574759945134, 18.0855127661216 ], [ -94.389574759945134, 18.081423367416836 ], [ -94.394147233653413, 18.081423367416811 ], [ -94.394147233653413, 18.085512766121571 ] ] ] } },
{ "type": "Feature", "properties": { "difference_1990_2000": 34.0, "difference_1990_2010": 0.0, "difference_1990_2020": 79.0 }, "geometry": { "type": "Polygon", "coordinates": [ [ [ -94.385002286236855, 18.020093668567874 ], [ -94.380429812528575, 18.020093668567874 ], [ -94.380429812528575, 18.016005772863132 ], [ -94.385002286236855, 18.016005772863132 ], [ -94.385002286236855, 18.020093668567874 ] ] ] } },
{ "type": "Feature", "properties": { "difference_1990_2000": -2.0, "difference_1990_2010": -3.0, "difference_1990_2020": -5.0 }, "geometry": { "type": "Polygon", "coordinates": [ [ [ -94.385002286236855, 18.130502372952908 ], [ -94.380429812528575, 18.130502372952908 ], [ -94.380429812528575, 18.126411936903111 ], [ -94.385002286236855, 18.126411936903111 ], [ -94.385002286236855, 18.130502372952908 ] ] ] } },
{ "type": "Feature", "properties": { "difference_1990_2000": 3.0, "difference_1990_2010": 0.0, "difference_1990_2020": 20.0 }, "geometry": { "type": "Polygon", "coordinates": [ [ [ -94.385002286236855, 18.028269741206923 ], [ -94.380429812528575, 18.028269741206909 ], [ -94.380429812528575, 18.024181658006757 ], [ -94.385002286236855, 18.024181658006757 ], [ -94.385002286236855, 18.028269741206923 ] ] ] } },
{ "type": "Feature", "properties": { "difference_1990_2000": -3.0, "difference_1990_2010": -5.0, "difference_1990_2020": -7.0 }, "geometry": { "type": "Polygon", "coordinates": [ [ [ -94.385002286236855, 18.146865062097557 ], [ -94.380429812528575, 18.146865062097557 ], [ -94.380429812528575, 18.142774248015133 ], [ -94.385002286236855, 18.142774248015133 ], [ -94.385002286236855, 18.146865062097557 ] ] ] } },
{ "type": "Feature", "properties": { "difference_1990_2000": -206.0, "difference_1990_2010": -47.0, "difference_1990_2020": 27.0 }, "geometry": { "type": "Polygon", "coordinates": [ [ [ -94.385002286236855, 18.1591380719113 ], [ -94.380429812528575, 18.1591380719113 ], [ -94.380429812528575, 18.155046974018369 ], [ -94.385002286236855, 18.155046974018369 ], [ -94.385002286236855, 18.1591380719113 ] ] ] } },
{ "type": "Feature", "properties": { "difference_1990_2000": 91.0, "difference_1990_2010": 0.0, "difference_1990_2020": 225.0 }, "geometry": { "type": "Polygon", "coordinates": [ [ [ -94.385002286236855, 18.024181658006757 ], [ -94.380429812528575, 18.024181658006757 ], [ -94.380429812528575, 18.020093668567874 ], [ -94.385002286236855, 18.020093668567874 ], [ -94.385002286236855, 18.024181658006757 ] ] ] } },
{ "type": "Feature", "properties": { "difference_1990_2000": -171.0, "difference_1990_2010": -290.0, "difference_1990_2020": -311.0 }, "geometry": { "type": "Polygon", "coordinates": [ [ [ -94.385002286236855, 18.089602258994475 ], [ -94.380429812528575, 18.089602258994475 ], [ -94.380429812528575, 18.085512766121571 ], [ -94.385002286236855, 18.085512766121571 ], [ -94.385002286236855, 18.089602258994475 ] ] ] } },
{ "type": "Feature", "properties": { "difference_1990_2000": -3.0, "difference_1990_2010": -5.0, "difference_1990_2020": -7.0 }, "geometry": { "type": "Polygon", "coordinates": [ [ [ -94.385002286236855, 18.134592903470022 ], [ -94.380429812528575, 18.134592903470022 ], [ -94.380429812528575, 18.130502372952908 ], [ -94.385002286236855, 18.130502372952908 ], [ -94.385002286236855, 18.134592903470022 ] ] ] } },
{ "type": "Feature", "properties": { "difference_1990_2000": -63.0, "difference_1990_2010": -14.0, "difference_1990_2020": 9.0 }, "geometry": { "type": "Polygon", "coordinates": [ [ [ -94.385002286236855, 18.163229264462188 ], [ -94.380429812528575, 18.163229264462174 ], [ -94.380429812528575, 18.1591380719113 ], [ -94.385002286236855, 18.1591380719113 ], [ -94.385002286236855, 18.163229264462188 ] ] ] } },
{ "type": "Feature", "properties": { "difference_1990_2000": -101.0, "difference_1990_2010": -170.0, "difference_1990_2020": -182.0 }, "geometry": { "type": "Polygon", "coordinates": [ [ [ -94.385002286236855, 18.081423367416871 ], [ -94.380429812528575, 18.081423367416836 ], [ -94.380429812528575, 18.077334062853119 ], [ -94.385002286236855, 18.077334062853154 ], [ -94.385002286236855, 18.081423367416871 ] ] ] } },
{ "type": "Feature", "properties": { "difference_1990_2000": -3.0, "difference_1990_2010": -5.0, "difference_1990_2020": -7.0 }, "geometry": { "type": "Polygon", "coordinates": [ [ [ -94.385002286236855, 18.138683528481661 ], [ -94.380429812528575, 18.138683528481661 ], [ -94.380429812528575, 18.134592903470022 ], [ -94.385002286236855, 18.134592903470022 ], [ -94.385002286236855, 18.138683528481661 ] ] ] } },
{ "type": "Feature", "properties": { "difference_1990_2000": -3.0, "difference_1990_2010": -4.0, "difference_1990_2020": -6.0 }, "geometry": { "type": "Polygon", "coordinates": [ [ [ -94.385002286236855, 18.142774248015133 ], [ -94.380429812528575, 18.142774248015133 ], [ -94.380429812528575, 18.138683528481661 ], [ -94.385002286236855, 18.138683528481661 ], [ -94.385002286236855, 18.142774248015133 ] ] ] } },
{ "type": "Feature", "properties": { "difference_1990_2000": 0.0, "difference_1990_2010": 0.0, "difference_1990_2020": 0.0 }, "geometry": { "type": "Polygon", "coordinates": [ [ [ -94.385002286236855, 18.126411936903075 ], [ -94.380429812528575, 18.126411936903075 ], [ -94.380429812528575, 18.122321595293435 ], [ -94.385002286236855, 18.122321595293407 ], [ -94.385002286236855, 18.126411936903075 ] ] ] } },
{ "type": "Feature", "properties": { "difference_1990_2000": -85.0, "difference_1990_2010": -56.0, "difference_1990_2020": 14.0 }, "geometry": { "type": "Polygon", "coordinates": [ [ [ -94.385002286236855, 18.155046974018369 ], [ -94.380429812528575, 18.155046974018369 ], [ -94.380429812528575, 18.150955970756225 ], [ -94.385002286236855, 18.150955970756225 ], [ -94.385002286236855, 18.155046974018369 ] ] ] } },
{ "type": "Feature", "properties": { "difference_1990_2000": -17.0, "difference_1990_2010": -18.0, "difference_1990_2020": 1.0 }, "geometry": { "type": "Polygon", "coordinates": [ [ [ -94.385002286236855, 18.150955970756225 ], [ -94.380429812528575, 18.150955970756225 ], [ -94.380429812528575, 18.146865062097557 ], [ -94.385002286236855, 18.146865062097557 ], [ -94.385002286236855, 18.150955970756225 ] ] ] } },
{ "type": "Feature", "properties": { "difference_1990_2000": -76.0, "difference_1990_2010": -126.0, "difference_1990_2020": -137.0 }, "geometry": { "type": "Polygon", "coordinates": [ [ [ -94.385002286236855, 18.093691846062736 ], [ -94.380429812528575, 18.093691846062736 ], [ -94.380429812528575, 18.089602258994475 ], [ -94.385002286236855, 18.089602258994475 ], [ -94.385002286236855, 18.093691846062736 ] ] ] } },
{ "type": "Feature", "properties": { "difference_1990_2000": -171.0, "difference_1990_2010": -289.0, "difference_1990_2020": -311.0 }, "geometry": { "type": "Polygon", "coordinates": [ [ [ -94.385002286236855, 18.085512766121571 ], [ -94.380429812528575, 18.085512766121571 ], [ -94.380429812528575, 18.081423367416836 ], [ -94.385002286236855, 18.081423367416871 ], [ -94.385002286236855, 18.085512766121571 ] ] ] } },
{ "type": "Feature", "properties": { "difference_1990_2000": 0.0, "difference_1990_2010": 0.0, "difference_1990_2020": 67.0 }, "geometry": { "type": "Polygon", "coordinates": [ [ [ -94.563328760859633, 18.1591380719113 ], [ -94.558756287151354, 18.1591380719113 ], [ -94.558756287151354, 18.155046974018369 ], [ -94.563328760859633, 18.155046974018369 ], [ -94.563328760859633, 18.1591380719113 ] ] ] } },
{ "type": "Feature", "properties": { "difference_1990_2000": 0.0, "difference_1990_2010": 0.0, "difference_1990_2020": 12.0 }, "geometry": { "type": "Polygon", "coordinates": [ [ [ -94.563328760859633, 18.163229264462188 ], [ -94.558756287151354, 18.163229264462188 ], [ -94.558756287151354, 18.1591380719113 ], [ -94.563328760859633, 18.1591380719113 ], [ -94.563328760859633, 18.163229264462188 ] ] ] } },
{ "type": "Feature", "properties": { "difference_1990_2000": 0.0, "difference_1990_2010": 0.0, "difference_1990_2020": 23.0 }, "geometry": { "type": "Polygon", "coordinates": [ [ [ -94.563328760859633, 18.155046974018369 ], [ -94.558756287151354, 18.155046974018369 ], [ -94.558756287151354, 18.150955970756225 ], [ -94.563328760859633, 18.150955970756225 ], [ -94.563328760859633, 18.155046974018369 ] ] ] } },
{ "type": "Feature", "properties": { "difference_1990_2000": 0.0, "difference_1990_2010": 2.0, "difference_1990_2020": 4.0 }, "geometry": { "type": "Polygon", "coordinates": [ [ [ -94.563328760859633, 18.150955970756225 ], [ -94.558756287151354, 18.150955970756225 ], [ -94.558756287151354, 18.146865062097557 ], [ -94.563328760859633, 18.146865062097525 ], [ -94.563328760859633, 18.150955970756225 ] ] ] } },
{ "type": "Feature", "properties": { "difference_1990_2000": 3.0, "difference_1990_2010": 3.0, "difference_1990_2020": 3.0 }, "geometry": { "type": "Polygon", "coordinates": [ [ [ -94.375857338820325, 18.146865062097557 ], [ -94.371284865112045, 18.146865062097557 ], [ -94.371284865112045, 18.142774248015133 ], [ -94.375857338820325, 18.142774248015133 ], [ -94.375857338820325, 18.146865062097557 ] ] ] } },
{ "type": "Feature", "properties": { "difference_1990_2000": -64.0, "difference_1990_2010": 7.0, "difference_1990_2020": 61.0 }, "geometry": { "type": "Polygon", "coordinates": [ [ [ -94.375857338820325, 18.1591380719113 ], [ -94.371284865112045, 18.1591380719113 ], [ -94.371284865112045, 18.155046974018369 ], [ -94.375857338820325, 18.155046974018369 ], [ -94.375857338820325, 18.1591380719113 ] ] ] } },
{ "type": "Feature", "properties": { "difference_1990_2000": 1.0, "difference_1990_2010": 1.0, "difference_1990_2020": 0.0 }, "geometry": { "type": "Polygon", "coordinates": [ [ [ -94.375857338820325, 18.089602258994475 ], [ -94.371284865112045, 18.089602258994475 ], [ -94.371284865112045, 18.085512766121571 ], [ -94.375857338820325, 18.085512766121571 ], [ -94.375857338820325, 18.089602258994475 ] ] ] } },
{ "type": "Feature", "properties": { "difference_1990_2000": 1.0, "difference_1990_2010": 18.0, "difference_1990_2020": 43.0 }, "geometry": { "type": "Polygon", "coordinates": [ [ [ -94.375857338820325, 18.163229264462188 ], [ -94.371284865112045, 18.163229264462188 ], [ -94.371284865112045, 18.1591380719113 ], [ -94.375857338820325, 18.1591380719113 ], [ -94.375857338820325, 18.163229264462188 ] ] ] } },
{ "type": "Feature", "properties": { "difference_1990_2000": 1.0, "difference_1990_2010": 0.0, "difference_1990_2020": 0.0 }, "geometry": { "type": "Polygon", "coordinates": [ [ [ -94.375857338820325, 18.101871302893969 ], [ -94.371284865112045, 18.101871302893969 ], [ -94.371284865112045, 18.097781527353483 ], [ -94.375857338820325, 18.097781527353483 ], [ -94.375857338820325, 18.101871302893969 ] ] ] } },
{ "type": "Feature", "properties": { "difference_1990_2000": -66.0, "difference_1990_2010": -49.0, "difference_1990_2020": 10.0 }, "geometry": { "type": "Polygon", "coordinates": [ [ [ -94.375857338820325, 18.155046974018369 ], [ -94.371284865112045, 18.155046974018369 ], [ -94.371284865112045, 18.150955970756225 ], [ -94.375857338820325, 18.150955970756225 ], [ -94.375857338820325, 18.155046974018369 ] ] ] } },
{ "type": "Feature", "properties": { "difference_1990_2000": 3.0, "difference_1990_2010": -25.0, "difference_1990_2020": 7.0 }, "geometry": { "type": "Polygon", "coordinates": [ [ [ -94.375857338820325, 18.150955970756225 ], [ -94.371284865112045, 18.150955970756225 ], [ -94.371284865112045, 18.146865062097557 ], [ -94.375857338820325, 18.146865062097557 ], [ -94.375857338820325, 18.150955970756225 ] ] ] } },
{ "type": "Feature", "properties": { "difference_1990_2000": 1.0, "difference_1990_2010": 1.0, "difference_1990_2020": 0.0 }, "geometry": { "type": "Polygon", "coordinates": [ [ [ -94.375857338820325, 18.093691846062764 ], [ -94.371284865112045, 18.093691846062736 ], [ -94.371284865112045, 18.089602258994475 ], [ -94.375857338820325, 18.089602258994475 ], [ -94.375857338820325, 18.093691846062764 ] ] ] } },
{ "type": "Feature", "properties": { "difference_1990_2000": 1.0, "difference_1990_2010": 1.0, "difference_1990_2020": 0.0 }, "geometry": { "type": "Polygon", "coordinates": [ [ [ -94.375857338820325, 18.097781527353483 ], [ -94.371284865112045, 18.097781527353483 ], [ -94.371284865112045, 18.093691846062676 ], [ -94.375857338820325, 18.093691846062722 ], [ -94.375857338820325, 18.097781527353483 ] ] ] } },
{ "type": "Feature", "properties": { "difference_1990_2000": 1.0, "difference_1990_2010": 0.0, "difference_1990_2020": 0.0 }, "geometry": { "type": "Polygon", "coordinates": [ [ [ -94.375857338820325, 18.085512766121571 ], [ -94.371284865112045, 18.085512766121571 ], [ -94.371284865112045, 18.081423367416811 ], [ -94.375857338820325, 18.081423367416836 ], [ -94.375857338820325, 18.085512766121571 ] ] ] } },
{ "type": "Feature", "properties": { "difference_1990_2000": 0.0, "difference_1990_2010": 113.0, "difference_1990_2020": 333.0 }, "geometry": { "type": "Polygon", "coordinates": [ [ [ -94.554183813443075, 18.16732055169841 ], [ -94.549611339734795, 18.16732055169841 ], [ -94.549611339734795, 18.163229264462231 ], [ -94.554183813443075, 18.163229264462188 ], [ -94.554183813443075, 18.16732055169841 ] ] ] } },
{ "type": "Feature", "properties": { "difference_1990_2000": 0.0, "difference_1990_2010": 1761.0, "difference_1990_2020": 1989.0 }, "geometry": { "type": "Polygon", "coordinates": [ [ [ -94.554183813443075, 18.146865062097557 ], [ -94.549611339734795, 18.146865062097557 ], [ -94.549611339734795, 18.142774248015133 ], [ -94.554183813443075, 18.142774248015151 ], [ -94.554183813443075, 18.146865062097557 ] ] ] } },
{ "type": "Feature", "properties": { "difference_1990_2000": 0.0, "difference_1990_2010": 2475.0, "difference_1990_2020": 2877.0 }, "geometry": { "type": "Polygon", "coordinates": [ [ [ -94.554183813443075, 18.1591380719113 ], [ -94.549611339734795, 18.1591380719113 ], [ -94.549611339734795, 18.155046974018404 ], [ -94.554183813443075, 18.155046974018369 ], [ -94.554183813443075, 18.1591380719113 ] ] ] } },
{ "type": "Feature", "properties": { "difference_1990_2000": 0.0, "difference_1990_2010": 1216.0, "difference_1990_2020": 2068.0 }, "geometry": { "type": "Polygon", "coordinates": [ [ [ -94.554183813443075, 18.163229264462188 ], [ -94.549611339734795, 18.163229264462231 ], [ -94.549611339734795, 18.1591380719113 ], [ -94.554183813443075, 18.1591380719113 ], [ -94.554183813443075, 18.163229264462188 ] ] ] } },
{ "type": "Feature", "properties": { "difference_1990_2000": 0.0, "difference_1990_2010": 811.0, "difference_1990_2020": 1079.0 }, "geometry": { "type": "Polygon", "coordinates": [ [ [ -94.554183813443075, 18.142774248015151 ], [ -94.549611339734795, 18.142774248015133 ], [ -94.549611339734795, 18.138683528481661 ], [ -94.554183813443075, 18.138683528481661 ], [ -94.554183813443075, 18.142774248015151 ] ] ] } },
{ "type": "Feature", "properties": { "difference_1990_2000": 0.0, "difference_1990_2010": 2150.0, "difference_1990_2020": 2262.0 }, "geometry": { "type": "Polygon", "coordinates": [ [ [ -94.554183813443075, 18.155046974018369 ], [ -94.549611339734795, 18.155046974018404 ], [ -94.549611339734795, 18.150955970756225 ], [ -94.554183813443075, 18.150955970756225 ], [ -94.554183813443075, 18.155046974018369 ] ] ] } },
{ "type": "Feature", "properties": { "difference_1990_2000": 0.0, "difference_1990_2010": 1754.0, "difference_1990_2020": 1949.0 }, "geometry": { "type": "Polygon", "coordinates": [ [ [ -94.554183813443075, 18.150955970756225 ], [ -94.549611339734795, 18.150955970756225 ], [ -94.549611339734795, 18.146865062097557 ], [ -94.554183813443075, 18.146865062097557 ], [ -94.554183813443075, 18.150955970756225 ] ] ] } },
{ "type": "Feature", "properties": { "difference_1990_2000": 30.0, "difference_1990_2010": 23.0, "difference_1990_2020": 23.0 }, "geometry": { "type": "Polygon", "coordinates": [ [ [ -94.366712391403766, 18.146865062097557 ], [ -94.362139917695487, 18.146865062097525 ], [ -94.362139917695487, 18.142774248015133 ], [ -94.366712391403766, 18.142774248015133 ], [ -94.366712391403766, 18.146865062097557 ] ] ] } },
{ "type": "Feature", "properties": { "difference_1990_2000": 78.0, "difference_1990_2010": 62.0, "difference_1990_2020": 70.0 }, "geometry": { "type": "Polygon", "coordinates": [ [ [ -94.366712391403766, 18.1591380719113 ], [ -94.362139917695487, 18.1591380719113 ], [ -94.362139917695487, 18.155046974018369 ], [ -94.366712391403766, 18.155046974018369 ], [ -94.366712391403766, 18.1591380719113 ] ] ] } },
{ "type": "Feature", "properties": { "difference_1990_2000": 1.0, "difference_1990_2010": 1.0, "difference_1990_2020": 0.0 }, "geometry": { "type": "Polygon", "coordinates": [ [ [ -94.366712391403766, 18.089602258994475 ], [ -94.362139917695487, 18.089602258994454 ], [ -94.362139917695487, 18.085512766121571 ], [ -94.366712391403766, 18.085512766121571 ], [ -94.366712391403766, 18.089602258994475 ] ] ] } },
{ "type": "Feature", "properties": { "difference_1990_2000": 1.0, "difference_1990_2010": 0.0, "difference_1990_2020": 0.0 }, "geometry": { "type": "Polygon", "coordinates": [ [ [ -94.366712391403766, 18.081423367416836 ], [ -94.362139917695487, 18.081423367416811 ], [ -94.362139917695487, 18.077334062853119 ], [ -94.366712391403766, 18.077334062853119 ], [ -94.366712391403766, 18.081423367416836 ] ] ] } },
{ "type": "Feature", "properties": { "difference_1990_2000": 60.0, "difference_1990_2010": 53.0, "difference_1990_2020": 84.0 }, "geometry": { "type": "Polygon", "coordinates": [ [ [ -94.366712391403766, 18.163229264462188 ], [ -94.362139917695487, 18.163229264462188 ], [ -94.362139917695487, 18.1591380719113 ], [ -94.366712391403766, 18.1591380719113 ], [ -94.366712391403766, 18.163229264462188 ] ] ] } },
{ "type": "Feature", "properties": { "difference_1990_2000": 81.0, "difference_1990_2010": 62.0, "difference_1990_2020": 62.0 }, "geometry": { "type": "Polygon", "coordinates": [ [ [ -94.366712391403766, 18.155046974018369 ], [ -94.362139917695487, 18.155046974018369 ], [ -94.362139917695487, 18.150955970756197 ], [ -94.366712391403766, 18.150955970756225 ], [ -94.366712391403766, 18.155046974018369 ] ] ] } },
{ "type": "Feature", "properties": { "difference_1990_2000": 81.0, "difference_1990_2010": 62.0, "difference_1990_2020": 62.0 }, "geometry": { "type": "Polygon", "coordinates": [ [ [ -94.366712391403766, 18.150955970756225 ], [ -94.362139917695487, 18.150955970756197 ], [ -94.362139917695487, 18.146865062097525 ], [ -94.366712391403766, 18.146865062097557 ], [ -94.366712391403766, 18.150955970756225 ] ] ] } },
{ "type": "Feature", "properties": { "difference_1990_2000": 1.0, "difference_1990_2010": 1.0, "difference_1990_2020": 0.0 }, "geometry": { "type": "Polygon", "coordinates": [ [ [ -94.366712391403766, 18.093691846062736 ], [ -94.362139917695487, 18.093691846062736 ], [ -94.362139917695487, 18.089602258994454 ], [ -94.366712391403766, 18.089602258994475 ], [ -94.366712391403766, 18.093691846062736 ] ] ] } },
{ "type": "Feature", "properties": { "difference_1990_2000": 1.0, "difference_1990_2010": 1.0, "difference_1990_2020": 0.0 }, "geometry": { "type": "Polygon", "coordinates": [ [ [ -94.366712391403766, 18.097781527353483 ], [ -94.362139917695487, 18.097781527353483 ], [ -94.362139917695487, 18.093691846062676 ], [ -94.366712391403766, 18.093691846062676 ], [ -94.366712391403766, 18.097781527353483 ] ] ] } },
{ "type": "Feature", "properties": { "difference_1990_2000": 1.0, "difference_1990_2010": 1.0, "difference_1990_2020": 0.0 }, "geometry": { "type": "Polygon", "coordinates": [ [ [ -94.366712391403766, 18.085512766121571 ], [ -94.362139917695487, 18.085512766121571 ], [ -94.362139917695487, 18.081423367416811 ], [ -94.366712391403766, 18.081423367416836 ], [ -94.366712391403766, 18.085512766121571 ] ] ] } },
{ "type": "Feature", "properties": { "difference_1990_2000": 0.0, "difference_1990_2010": 0.0, "difference_1990_2020": 163.0 }, "geometry": { "type": "Polygon", "coordinates": [ [ [ -94.545038866026545, 18.146865062097557 ], [ -94.54046639231828, 18.146865062097557 ], [ -94.54046639231828, 18.142774248015151 ], [ -94.545038866026545, 18.142774248015133 ], [ -94.545038866026545, 18.146865062097557 ] ] ] } },
{ "type": "Feature", "properties": { "difference_1990_2000": 0.0, "difference_1990_2010": 0.0, "difference_1990_2020": 3212.0 }, "geometry": { "type": "Polygon", "coordinates": [ [ [ -94.545038866026545, 18.1591380719113 ], [ -94.54046639231828, 18.1591380719113 ], [ -94.54046639231828, 18.155046974018369 ], [ -94.545038866026545, 18.155046974018404 ], [ -94.545038866026545, 18.1591380719113 ] ] ] } },
{ "type": "Feature", "properties": { "difference_1990_2000": 0.0, "difference_1990_2010": 0.0, "difference_1990_2020": 2884.0 }, "geometry": { "type": "Polygon", "coordinates": [ [ [ -94.545038866026545, 18.150955970756225 ], [ -94.54046639231828, 18.150955970756225 ], [ -94.54046639231828, 18.146865062097557 ], [ -94.545038866026545, 18.146865062097557 ], [ -94.545038866026545, 18.150955970756225 ] ] ] } },
{ "type": "Feature", "properties": { "difference_1990_2000": 0.0, "difference_1990_2010": 0.0, "difference_1990_2020": 3730.0 }, "geometry": { "type": "Polygon", "coordinates": [ [ [ -94.545038866026545, 18.155046974018404 ], [ -94.54046639231828, 18.155046974018369 ], [ -94.54046639231828, 18.150955970756225 ], [ -94.545038866026545, 18.150955970756225 ], [ -94.545038866026545, 18.155046974018404 ] ] ] } },
{ "type": "Feature", "properties": { "difference_1990_2000": 13.0, "difference_1990_2010": 12.0, "difference_1990_2020": 18.0 }, "geometry": { "type": "Polygon", "coordinates": [ [ [ -94.357567443987193, 18.167320551698371 ], [ -94.352994970278914, 18.16732055169841 ], [ -94.352994970278914, 18.163229264462174 ], [ -94.357567443987193, 18.163229264462188 ], [ -94.357567443987193, 18.167320551698371 ] ] ] } },
{ "type": "Feature", "properties": { "difference_1990_2000": 41.0, "difference_1990_2010": 32.0, "difference_1990_2020": 32.0 }, "geometry": { "type": "Polygon", "coordinates": [ [ [ -94.357567443987193, 18.146865062097557 ], [ -94.352994970278914, 18.146865062097557 ], [ -94.352994970278914, 18.142774248015133 ], [ -94.357567443987193, 18.142774248015133 ], [ -94.357567443987193, 18.146865062097557 ] ] ] } },
{ "type": "Feature", "properties": { "difference_1990_2000": 74.0, "difference_1990_2010": 57.0, "difference_1990_2020": 57.0 }, "geometry": { "type": "Polygon", "coordinates": [ [ [ -94.357567443987193, 18.1591380719113 ], [ -94.352994970278914, 18.1591380719113 ], [ -94.352994970278914, 18.155046974018369 ], [ -94.357567443987193, 18.155046974018369 ], [ -94.357567443987193, 18.1591380719113 ] ] ] } },
{ "type": "Feature", "properties": { "difference_1990_2000": 72.0, "difference_1990_2010": 60.0, "difference_1990_2020": 84.0 }, "geometry": { "type": "Polygon", "coordinates": [ [ [ -94.357567443987193, 18.163229264462188 ], [ -94.352994970278914, 18.163229264462174 ], [ -94.352994970278914, 18.1591380719113 ], [ -94.357567443987193, 18.1591380719113 ], [ -94.357567443987193, 18.163229264462188 ] ] ] } },
{ "type": "Feature", "properties": { "difference_1990_2000": 24.0, "difference_1990_2010": 18.0, "difference_1990_2020": 18.0 }, "geometry": { "type": "Polygon", "coordinates": [ [ [ -94.357567443987193, 18.155046974018369 ], [ -94.352994970278914, 18.155046974018369 ], [ -94.352994970278914, 18.150955970756225 ], [ -94.357567443987193, 18.150955970756225 ], [ -94.357567443987193, 18.155046974018369 ] ] ] } },
{ "type": "Feature", "properties": { "difference_1990_2000": 11.0, "difference_1990_2010": 9.0, "difference_1990_2020": 9.0 }, "geometry": { "type": "Polygon", "coordinates": [ [ [ -94.357567443987193, 18.150955970756225 ], [ -94.352994970278914, 18.150955970756225 ], [ -94.352994970278914, 18.146865062097557 ], [ -94.357567443987193, 18.146865062097557 ], [ -94.357567443987193, 18.150955970756225 ] ] ] } },
{ "type": "Feature", "properties": { "difference_1990_2000": 0.0, "difference_1990_2010": 1.0, "difference_1990_2020": 3.0 }, "geometry": { "type": "Polygon", "coordinates": [ [ [ -94.535893918609986, 18.146865062097525 ], [ -94.531321444901707, 18.146865062097572 ], [ -94.531321444901707, 18.142774248015151 ], [ -94.535893918609986, 18.142774248015133 ], [ -94.535893918609986, 18.146865062097525 ] ] ] } },
{ "type": "Feature", "properties": { "difference_1990_2000": 1.0, "difference_1990_2010": 1.0, "difference_1990_2020": 1.0 }, "geometry": { "type": "Polygon", "coordinates": [ [ [ -94.535893918609986, 18.142774248015133 ], [ -94.531321444901707, 18.142774248015151 ], [ -94.531321444901707, 18.138683528481661 ], [ -94.535893918609986, 18.138683528481714 ], [ -94.535893918609986, 18.142774248015133 ] ] ] } },
{ "type": "Feature", "properties": { "difference_1990_2000": 0.0, "difference_1990_2010": 0.0, "difference_1990_2020": 1.0 }, "geometry": { "type": "Polygon", "coordinates": [ [ [ -94.535893918609986, 18.150955970756225 ], [ -94.531321444901707, 18.150955970756225 ], [ -94.531321444901707, 18.146865062097572 ], [ -94.535893918609986, 18.146865062097525 ], [ -94.535893918609986, 18.150955970756225 ] ] ] } },
{ "type": "Feature", "properties": { "difference_1990_2000": 8.0, "difference_1990_2010": 7.0, "difference_1990_2020": 11.0 }, "geometry": { "type": "Polygon", "coordinates": [ [ [ -94.348422496570649, 18.167320551698371 ], [ -94.343850022862355, 18.16732055169841 ], [ -94.343850022862355, 18.163229264462174 ], [ -94.348422496570649, 18.163229264462188 ], [ -94.348422496570649, 18.167320551698371 ] ] ] } },
{ "type": "Feature", "properties": { "difference_1990_2000": 4.0, "difference_1990_2010": 3.0, "difference_1990_2020": 3.0 }, "geometry": { "type": "Polygon", "coordinates": [ [ [ -94.348422496570649, 18.159138071911283 ], [ -94.343850022862355, 18.159138071911336 ], [ -94.343850022862355, 18.155046974018369 ], [ -94.348422496570649, 18.155046974018369 ], [ -94.348422496570649, 18.159138071911283 ] ] ] } },
{ "type": "Feature", "properties": { "difference_1990_2000": 23.0, "difference_1990_2010": 20.0, "difference_1990_2020": 32.0 }, "geometry": { "type": "Polygon", "coordinates": [ [ [ -94.348422496570649, 18.163229264462188 ], [ -94.343850022862355, 18.163229264462174 ], [ -94.343850022862355, 18.159138071911336 ], [ -94.348422496570649, 18.159138071911283 ], [ -94.348422496570649, 18.163229264462188 ] ] ] } },
{ "type": "Feature", "properties": { "difference_1990_2000": 268.0, "difference_1990_2010": 1057.0, "difference_1990_2020": 1308.0 }, "geometry": { "type": "Polygon", "coordinates": [ [ [ -94.526748971193413, 18.146865062097525 ], [ -94.522176497485134, 18.146865062097557 ], [ -94.522176497485134, 18.142774248015151 ], [ -94.526748971193413, 18.142774248015098 ], [ -94.526748971193413, 18.146865062097525 ] ] ] } },
{ "type": "Feature", "properties": { "difference_1990_2000": 0.0, "difference_1990_2010": 91.0, "difference_1990_2020": 115.0 }, "geometry": { "type": "Polygon", "coordinates": [ [ [ -94.526748971193413, 18.1591380719113 ], [ -94.522176497485134, 18.1591380719113 ], [ -94.522176497485134, 18.155046974018369 ], [ -94.526748971193413, 18.155046974018351 ], [ -94.526748971193413, 18.1591380719113 ] ] ] } },
{ "type": "Feature", "properties": { "difference_1990_2000": 84.0, "difference_1990_2010": 138.0, "difference_1990_2020": 195.0 }, "geometry": { "type": "Polygon", "coordinates": [ [ [ -94.526748971193413, 18.142774248015098 ], [ -94.522176497485134, 18.142774248015151 ], [ -94.522176497485134, 18.138683528481661 ], [ -94.526748971193413, 18.138683528481661 ], [ -94.526748971193413, 18.142774248015098 ] ] ] } },
{ "type": "Feature", "properties": { "difference_1990_2000": 226.0, "difference_1990_2010": 815.0, "difference_1990_2020": 990.0 }, "geometry": { "type": "Polygon", "coordinates": [ [ [ -94.526748971193413, 18.155046974018351 ], [ -94.522176497485134, 18.155046974018369 ], [ -94.522176497485134, 18.150955970756225 ], [ -94.526748971193413, 18.150955970756225 ], [ -94.526748971193413, 18.155046974018351 ] ] ] } },
{ "type": "Feature", "properties": { "difference_1990_2000": 430.0, "difference_1990_2010": 1984.0, "difference_1990_2020": 2009.0 }, "geometry": { "type": "Polygon", "coordinates": [ [ [ -94.526748971193413, 18.150955970756225 ], [ -94.522176497485134, 18.150955970756225 ], [ -94.522176497485134, 18.146865062097557 ], [ -94.526748971193413, 18.146865062097525 ], [ -94.526748971193413, 18.150955970756225 ] ] ] } },
{ "type": "Feature", "properties": { "difference_1990_2000": 0.0, "difference_1990_2010": 838.0, "difference_1990_2020": 1401.0 }, "geometry": { "type": "Polygon", "coordinates": [ [ [ -94.517604023776869, 18.146865062097557 ], [ -94.513031550068618, 18.146865062097572 ], [ -94.513031550068618, 18.142774248015133 ], [ -94.517604023776869, 18.142774248015133 ], [ -94.517604023776869, 18.146865062097557 ] ] ] } },
{ "type": "Feature", "properties": { "difference_1990_2000": 0.0, "difference_1990_2010": 29.0, "difference_1990_2020": 27.0 }, "geometry": { "type": "Polygon", "coordinates": [ [ [ -94.517604023776869, 18.13459290347004 ], [ -94.513031550068618, 18.134592903470022 ], [ -94.513031550068618, 18.130502372952908 ], [ -94.517604023776869, 18.130502372952908 ], [ -94.517604023776869, 18.13459290347004 ] ] ] } },
{ "type": "Feature", "properties": { "difference_1990_2000": 2.0, "difference_1990_2010": 417.0, "difference_1990_2020": 659.0 }, "geometry": { "type": "Polygon", "coordinates": [ [ [ -94.517604023776869, 18.138683528481661 ], [ -94.513031550068618, 18.138683528481661 ], [ -94.513031550068618, 18.134592903470022 ], [ -94.517604023776869, 18.134592903470022 ], [ -94.517604023776869, 18.138683528481661 ] ] ] } },
{ "type": "Feature", "properties": { "difference_1990_2000": 0.0, "difference_1990_2010": 0.0, "difference_1990_2020": 219.0 }, "geometry": { "type": "Polygon", "coordinates": [ [ [ -94.517604023776869, 18.142774248015133 ], [ -94.513031550068618, 18.142774248015133 ], [ -94.513031550068618, 18.138683528481661 ], [ -94.517604023776869, 18.138683528481661 ], [ -94.517604023776869, 18.142774248015133 ] ] ] } },
{ "type": "Feature", "properties": { "difference_1990_2000": 0.0, "difference_1990_2010": 1174.0, "difference_1990_2020": 2700.0 }, "geometry": { "type": "Polygon", "coordinates": [ [ [ -94.517604023776869, 18.150955970756197 ], [ -94.513031550068618, 18.150955970756197 ], [ -94.513031550068618, 18.146865062097572 ], [ -94.517604023776869, 18.146865062097557 ], [ -94.517604023776869, 18.150955970756197 ] ] ] } },
{ "type": "Feature", "properties": { "difference_1990_2000": 0.0, "difference_1990_2010": 11.0, "difference_1990_2020": 379.0 }, "geometry": { "type": "Polygon", "coordinates": [ [ [ -94.517604023776869, 18.155046974018369 ], [ -94.513031550068618, 18.155046974018369 ], [ -94.513031550068618, 18.150955970756197 ], [ -94.517604023776869, 18.150955970756197 ], [ -94.517604023776869, 18.155046974018369 ] ] ] } },
{ "type": "Feature", "properties": { "difference_1990_2000": 2.0, "difference_1990_2010": 3.0, "difference_1990_2020": 5.0 }, "geometry": { "type": "Polygon", "coordinates": [ [ [ -94.508459076360325, 18.13050237295294 ], [ -94.503886602652045, 18.130502372952908 ], [ -94.503886602652045, 18.126411936903075 ], [ -94.508459076360325, 18.126411936903075 ], [ -94.508459076360325, 18.13050237295294 ] ] ] } },
{ "type": "Feature", "properties": { "difference_1990_2000": 141.0, "difference_1990_2010": 1097.0, "difference_1990_2020": 2886.0 }, "geometry": { "type": "Polygon", "coordinates": [ [ [ -94.508459076360325, 18.146865062097557 ], [ -94.503886602652045, 18.146865062097557 ], [ -94.503886602652045, 18.142774248015133 ], [ -94.508459076360325, 18.142774248015133 ], [ -94.508459076360325, 18.146865062097557 ] ] ] } },
{ "type": "Feature", "properties": { "difference_1990_2000": 847.0, "difference_1990_2010": 1639.0, "difference_1990_2020": 1518.0 }, "geometry": { "type": "Polygon", "coordinates": [ [ [ -94.508459076360325, 18.13459290347004 ], [ -94.503886602652045, 18.134592903470022 ], [ -94.503886602652045, 18.130502372952908 ], [ -94.508459076360325, 18.13050237295294 ], [ -94.508459076360325, 18.13459290347004 ] ] ] } },
{ "type": "Feature", "properties": { "difference_1990_2000": 1494.0, "difference_1990_2010": 2201.0, "difference_1990_2020": 1903.0 }, "geometry": { "type": "Polygon", "coordinates": [ [ [ -94.508459076360325, 18.138683528481678 ], [ -94.503886602652045, 18.138683528481661 ], [ -94.503886602652045, 18.134592903470022 ], [ -94.508459076360325, 18.134592903470022 ], [ -94.508459076360325, 18.138683528481678 ] ] ] } },
{ "type": "Feature", "properties": { "difference_1990_2000": 1873.0, "difference_1990_2010": 2910.0, "difference_1990_2020": 2920.0 }, "geometry": { "type": "Polygon", "coordinates": [ [ [ -94.508459076360325, 18.142774248015133 ], [ -94.503886602652045, 18.142774248015133 ], [ -94.503886602652045, 18.138683528481661 ], [ -94.508459076360325, 18.138683528481678 ], [ -94.508459076360325, 18.142774248015133 ] ] ] } },
{ "type": "Feature", "properties": { "difference_1990_2000": 426.0, "difference_1990_2010": 595.0, "difference_1990_2020": 681.0 }, "geometry": { "type": "Polygon", "coordinates": [ [ [ -94.49931412894378, 18.130502372952908 ], [ -94.494741655235487, 18.130502372952908 ], [ -94.494741655235487, 18.126411936903111 ], [ -94.49931412894378, 18.126411936903075 ], [ -94.49931412894378, 18.130502372952908 ] ] ] } },
{ "type": "Feature", "properties": { "difference_1990_2000": -788.0, "difference_1990_2010": -472.0, "difference_1990_2020": -590.0 }, "geometry": { "type": "Polygon", "coordinates": [ [ [ -94.49931412894378, 18.146865062097557 ], [ -94.494741655235487, 18.146865062097557 ], [ -94.494741655235487, 18.142774248015133 ], [ -94.49931412894378, 18.142774248015133 ], [ -94.49931412894378, 18.146865062097557 ] ] ] } },
{ "type": "Feature", "properties": { "difference_1990_2000": 1305.0, "difference_1990_2010": 1835.0, "difference_1990_2020": 2039.0 }, "geometry": { "type": "Polygon", "coordinates": [ [ [ -94.49931412894378, 18.134592903470022 ], [ -94.494741655235487, 18.13459290347004 ], [ -94.494741655235487, 18.130502372952908 ], [ -94.49931412894378, 18.130502372952908 ], [ -94.49931412894378, 18.134592903470022 ] ] ] } },
{ "type": "Feature", "properties": { "difference_1990_2000": 1168.0, "difference_1990_2010": 1408.0, "difference_1990_2020": 1332.0 }, "geometry": { "type": "Polygon", "coordinates": [ [ [ -94.49931412894378, 18.138683528481661 ], [ -94.494741655235487, 18.138683528481661 ], [ -94.494741655235487, 18.134592903470022 ], [ -94.49931412894378, 18.134592903470022 ], [ -94.49931412894378, 18.138683528481661 ] ] ] } },
{ "type": "Feature", "properties": { "difference_1990_2000": -218.0, "difference_1990_2010": -154.0, "difference_1990_2020": -172.0 }, "geometry": { "type": "Polygon", "coordinates": [ [ [ -94.49931412894378, 18.142774248015133 ], [ -94.494741655235487, 18.142774248015133 ], [ -94.494741655235487, 18.138683528481661 ], [ -94.49931412894378, 18.138683528481661 ], [ -94.49931412894378, 18.142774248015133 ] ] ] } },
{ "type": "Feature", "properties": { "difference_1990_2000": -216.0, "difference_1990_2010": -147.0, "difference_1990_2020": -146.0 }, "geometry": { "type": "Polygon", "coordinates": [ [ [ -94.49931412894378, 18.155046974018369 ], [ -94.494741655235487, 18.155046974018369 ], [ -94.494741655235487, 18.150955970756197 ], [ -94.49931412894378, 18.150955970756225 ], [ -94.49931412894378, 18.155046974018369 ] ] ] } },
{ "type": "Feature", "properties": { "difference_1990_2000": -575.0, "difference_1990_2010": -379.0, "difference_1990_2020": -404.0 }, "geometry": { "type": "Polygon", "coordinates": [ [ [ -94.49931412894378, 18.150955970756225 ], [ -94.494741655235487, 18.150955970756197 ], [ -94.494741655235487, 18.146865062097557 ], [ -94.49931412894378, 18.146865062097557 ], [ -94.49931412894378, 18.150955970756225 ] ] ] } },
{ "type": "Feature", "properties": { "difference_1990_2000": 453.0, "difference_1990_2010": 514.0, "difference_1990_2020": 404.0 }, "geometry": { "type": "Polygon", "coordinates": [ [ [ -94.490169181527207, 18.130502372952908 ], [ -94.485596707818956, 18.130502372952908 ], [ -94.485596707818956, 18.126411936903075 ], [ -94.490169181527207, 18.126411936903128 ], [ -94.490169181527207, 18.130502372952908 ] ] ] } },
{ "type": "Feature", "properties": { "difference_1990_2000": 98.0, "difference_1990_2010": 19.0, "difference_1990_2020": -29.0 }, "geometry": { "type": "Polygon", "coordinates": [ [ [ -94.490169181527207, 18.146865062097557 ], [ -94.485596707818956, 18.146865062097557 ], [ -94.485596707818956, 18.142774248015098 ], [ -94.490169181527207, 18.142774248015133 ], [ -94.490169181527207, 18.146865062097557 ] ] ] } },
{ "type": "Feature", "properties": { "difference_1990_2000": 833.0, "difference_1990_2010": 974.0, "difference_1990_2020": 768.0 }, "geometry": { "type": "Polygon", "coordinates": [ [ [ -94.490169181527207, 18.134592903470022 ], [ -94.485596707818956, 18.134592903470022 ], [ -94.485596707818956, 18.130502372952908 ], [ -94.490169181527207, 18.130502372952908 ], [ -94.490169181527207, 18.134592903470022 ] ] ] } },
{ "type": "Feature", "properties": { "difference_1990_2000": 616.0, "difference_1990_2010": 775.0, "difference_1990_2020": 694.0 }, "geometry": { "type": "Polygon", "coordinates": [ [ [ -94.490169181527207, 18.138683528481678 ], [ -94.485596707818956, 18.138683528481661 ], [ -94.485596707818956, 18.134592903470022 ], [ -94.490169181527207, 18.134592903470022 ], [ -94.490169181527207, 18.138683528481678 ] ] ] } },
{ "type": "Feature", "properties": { "difference_1990_2000": 161.0, "difference_1990_2010": 116.0, "difference_1990_2020": 40.0 }, "geometry": { "type": "Polygon", "coordinates": [ [ [ -94.490169181527207, 18.142774248015133 ], [ -94.485596707818956, 18.142774248015098 ], [ -94.485596707818956, 18.138683528481661 ], [ -94.490169181527207, 18.138683528481678 ], [ -94.490169181527207, 18.142774248015133 ] ] ] } },
{ "type": "Feature", "properties": { "difference_1990_2000": 13.0, "difference_1990_2010": 20.0, "difference_1990_2020": 36.0 }, "geometry": { "type": "Polygon", "coordinates": [ [ [ -94.490169181527207, 18.126411936903075 ], [ -94.485596707818956, 18.126411936903075 ], [ -94.485596707818956, 18.122321595293435 ], [ -94.490169181527207, 18.122321595293435 ], [ -94.490169181527207, 18.126411936903075 ] ] ] } },
{ "type": "Feature", "properties": { "difference_1990_2000": 5.0, "difference_1990_2010": 1.0, "difference_1990_2020": -2.0 }, "geometry": { "type": "Polygon", "coordinates": [ [ [ -94.490169181527207, 18.155046974018369 ], [ -94.485596707818956, 18.155046974018351 ], [ -94.485596707818956, 18.150955970756225 ], [ -94.490169181527207, 18.150955970756225 ], [ -94.490169181527207, 18.155046974018369 ] ] ] } },
{ "type": "Feature", "properties": { "difference_1990_2000": 98.0, "difference_1990_2010": 19.0, "difference_1990_2020": -29.0 }, "geometry": { "type": "Polygon", "coordinates": [ [ [ -94.490169181527207, 18.150955970756225 ], [ -94.485596707818956, 18.150955970756225 ], [ -94.485596707818956, 18.146865062097557 ], [ -94.490169181527207, 18.146865062097557 ], [ -94.490169181527207, 18.150955970756225 ] ] ] } },
{ "type": "Feature", "properties": { "difference_1990_2000": 69.0, "difference_1990_2010": 188.0, "difference_1990_2020": 233.0 }, "geometry": { "type": "Polygon", "coordinates": [ [ [ -94.481024234110663, 18.13050237295294 ], [ -94.476451760402355, 18.130502372952908 ], [ -94.476451760402355, 18.126411936903075 ], [ -94.481024234110663, 18.126411936903111 ], [ -94.481024234110663, 18.13050237295294 ] ] ] } },
{ "type": "Feature", "properties": { "difference_1990_2000": 3.0, "difference_1990_2010": -3.0, "difference_1990_2020": 2.0 }, "geometry": { "type": "Polygon", "coordinates": [ [ [ -94.481024234110663, 18.122321595293435 ], [ -94.476451760402355, 18.122321595293435 ], [ -94.476451760402355, 18.118231348096611 ], [ -94.481024234110663, 18.118231348096625 ], [ -94.481024234110663, 18.122321595293435 ] ] ] } },
{ "type": "Feature", "properties": { "difference_1990_2000": 155.0, "difference_1990_2010": 635.0, "difference_1990_2020": 703.0 }, "geometry": { "type": "Polygon", "coordinates": [ [ [ -94.481024234110663, 18.146865062097557 ], [ -94.476451760402355, 18.146865062097557 ], [ -94.476451760402355, 18.142774248015133 ], [ -94.481024234110663, 18.142774248015133 ], [ -94.481024234110663, 18.146865062097557 ] ] ] } },
{ "type": "Feature", "properties": { "difference_1990_2000": 365.0, "difference_1990_2010": 1044.0, "difference_1990_2020": 995.0 }, "geometry": { "type": "Polygon", "coordinates": [ [ [ -94.481024234110663, 18.13459290347004 ], [ -94.476451760402355, 18.13459290347004 ], [ -94.476451760402355, 18.130502372952908 ], [ -94.481024234110663, 18.13050237295294 ], [ -94.481024234110663, 18.13459290347004 ] ] ] } },
{ "type": "Feature", "properties": { "difference_1990_2000": 348.0, "difference_1990_2010": 1575.0, "difference_1990_2020": 1530.0 }, "geometry": { "type": "Polygon", "coordinates": [ [ [ -94.481024234110663, 18.142774248015133 ], [ -94.476451760402355, 18.142774248015133 ], [ -94.476451760402355, 18.138683528481661 ], [ -94.481024234110663, 18.138683528481714 ], [ -94.481024234110663, 18.142774248015133 ] ] ] } },
{ "type": "Feature", "properties": { "difference_1990_2000": 117.0, "difference_1990_2010": 117.0, "difference_1990_2020": 99.0 }, "geometry": { "type": "Polygon", "coordinates": [ [ [ -94.481024234110663, 18.126411936903075 ], [ -94.476451760402355, 18.126411936903075 ], [ -94.476451760402355, 18.122321595293435 ], [ -94.481024234110663, 18.122321595293435 ], [ -94.481024234110663, 18.126411936903075 ] ] ] } },
{ "type": "Feature", "properties": { "difference_1990_2000": 418.0, "difference_1990_2010": 1436.0, "difference_1990_2020": 1399.0 }, "geometry": { "type": "Polygon", "coordinates": [ [ [ -94.481024234110663, 18.138683528481714 ], [ -94.476451760402355, 18.138683528481661 ], [ -94.476451760402355, 18.134592903470022 ], [ -94.481024234110663, 18.134592903470022 ], [ -94.481024234110663, 18.138683528481714 ] ] ] } },
{ "type": "Feature", "properties": { "difference_1990_2000": 112.0, "difference_1990_2010": 418.0, "difference_1990_2020": 495.0 }, "geometry": { "type": "Polygon", "coordinates": [ [ [ -94.481024234110663, 18.150955970756225 ], [ -94.476451760402355, 18.150955970756225 ], [ -94.476451760402355, 18.146865062097557 ], [ -94.481024234110663, 18.146865062097557 ], [ -94.481024234110663, 18.150955970756225 ] ] ] } },
{ "type": "Feature", "properties": { "difference_1990_2000": 379.0, "difference_1990_2010": 897.0, "difference_1990_2020": 700.0 }, "geometry": { "type": "Polygon", "coordinates": [ [ [ -94.471879286694119, 18.13050237295294 ], [ -94.467306812985825, 18.130502372952908 ], [ -94.467306812985825, 18.126411936903111 ], [ -94.471879286694119, 18.126411936903075 ], [ -94.471879286694119, 18.13050237295294 ] ] ] } },
{ "type": "Feature", "properties": { "difference_1990_2000": 697.0, "difference_1990_2010": 1029.0, "difference_1990_2020": 920.0 }, "geometry": { "type": "Polygon", "coordinates": [ [ [ -94.471879286694119, 18.122321595293435 ], [ -94.467306812985825, 18.122321595293407 ], [ -94.467306812985825, 18.118231348096582 ], [ -94.471879286694119, 18.118231348096582 ], [ -94.471879286694119, 18.122321595293435 ] ] ] } },
{ "type": "Feature", "properties": { "difference_1990_2000": 118.0, "difference_1990_2010": 145.0, "difference_1990_2020": 194.0 }, "geometry": { "type": "Polygon", "coordinates": [ [ [ -94.471879286694119, 18.146865062097557 ], [ -94.467306812985825, 18.146865062097557 ], [ -94.467306812985825, 18.142774248015133 ], [ -94.471879286694119, 18.142774248015151 ], [ -94.471879286694119, 18.146865062097557 ] ] ] } },
{ "type": "Feature", "properties": { "difference_1990_2000": 788.0, "difference_1990_2010": 543.0, "difference_1990_2020": 297.0 }, "geometry": { "type": "Polygon", "coordinates": [ [ [ -94.471879286694119, 18.134592903470022 ], [ -94.467306812985825, 18.134592903470022 ], [ -94.467306812985825, 18.130502372952908 ], [ -94.471879286694119, 18.13050237295294 ], [ -94.471879286694119, 18.134592903470022 ] ] ] } },
{ "type": "Feature", "properties": { "difference_1990_2000": 152.0, "difference_1990_2010": 1.0, "difference_1990_2020": 1.0 }, "geometry": { "type": "Polygon", "coordinates": [ [ [ -94.471879286694119, 18.110051136832737 ], [ -94.467306812985825, 18.110051136832737 ], [ -94.467306812985825, 18.105961172711321 ], [ -94.471879286694119, 18.105961172711321 ], [ -94.471879286694119, 18.110051136832737 ] ] ] } },
{ "type": "Feature", "properties": { "difference_1990_2000": 7406.0, "difference_1990_2010": -391.0, "difference_1990_2020": -403.0 }, "geometry": { "type": "Polygon", "coordinates": [ [ [ -94.471879286694119, 18.114141195285434 ], [ -94.467306812985825, 18.114141195285434 ], [ -94.467306812985825, 18.110051136832737 ], [ -94.471879286694119, 18.110051136832737 ], [ -94.471879286694119, 18.114141195285434 ] ] ] } },
{ "type": "Feature", "properties": { "difference_1990_2000": 390.0, "difference_1990_2010": 227.0, "difference_1990_2020": -52.0 }, "geometry": { "type": "Polygon", "coordinates": [ [ [ -94.471879286694119, 18.138683528481661 ], [ -94.467306812985825, 18.138683528481661 ], [ -94.467306812985825, 18.134592903470022 ], [ -94.471879286694119, 18.134592903470022 ], [ -94.471879286694119, 18.138683528481661 ] ] ] } },
{ "type": "Feature", "properties": { "difference_1990_2000": 690.0, "difference_1990_2010": 1019.0, "difference_1990_2020": 864.0 }, "geometry": { "type": "Polygon", "coordinates": [ [ [ -94.471879286694119, 18.126411936903075 ], [ -94.467306812985825, 18.126411936903075 ], [ -94.467306812985825, 18.122321595293407 ], [ -94.471879286694119, 18.122321595293435 ], [ -94.471879286694119, 18.126411936903075 ] ] ] } },
{ "type": "Feature", "properties": { "difference_1990_2000": 177.0, "difference_1990_2010": 101.0, "difference_1990_2020": -55.0 }, "geometry": { "type": "Polygon", "coordinates": [ [ [ -94.471879286694119, 18.142774248015151 ], [ -94.467306812985825, 18.142774248015133 ], [ -94.467306812985825, 18.138683528481661 ], [ -94.471879286694119, 18.138683528481661 ], [ -94.471879286694119, 18.142774248015151 ] ] ] } },
{ "type": "Feature", "properties": { "difference_1990_2000": 113.0, "difference_1990_2010": 138.0, "difference_1990_2020": 187.0 }, "geometry": { "type": "Polygon", "coordinates": [ [ [ -94.471879286694119, 18.150955970756225 ], [ -94.467306812985825, 18.150955970756225 ], [ -94.467306812985825, 18.146865062097557 ], [ -94.471879286694119, 18.146865062097557 ], [ -94.471879286694119, 18.150955970756225 ] ] ] } },
{ "type": "Feature", "properties": { "difference_1990_2000": 327.0, "difference_1990_2010": 960.0, "difference_1990_2020": 931.0 }, "geometry": { "type": "Polygon", "coordinates": [ [ [ -94.471879286694119, 18.118231348096582 ], [ -94.467306812985825, 18.118231348096582 ], [ -94.467306812985825, 18.114141195285434 ], [ -94.471879286694119, 18.114141195285434 ], [ -94.471879286694119, 18.118231348096582 ] ] ] } },
{ "type": "Feature", "properties": { "difference_1990_2000": 343.0, "difference_1990_2010": 521.0, "difference_1990_2020": 324.0 }, "geometry": { "type": "Polygon", "coordinates": [ [ [ -94.462734339277546, 18.130502372952908 ], [ -94.458161865569295, 18.130502372952908 ], [ -94.458161865569295, 18.126411936903111 ], [ -94.462734339277546, 18.126411936903111 ], [ -94.462734339277546, 18.130502372952908 ] ] ] } },
{ "type": "Feature", "properties": { "difference_1990_2000": 871.0, "difference_1990_2010": 1110.0, "difference_1990_2020": 919.0 }, "geometry": { "type": "Polygon", "coordinates": [ [ [ -94.462734339277546, 18.122321595293435 ], [ -94.458161865569295, 18.122321595293435 ], [ -94.458161865569295, 18.118231348096611 ], [ -94.462734339277546, 18.118231348096582 ], [ -94.462734339277546, 18.122321595293435 ] ] ] } },
{ "type": "Feature", "properties": { "difference_1990_2000": -135.0, "difference_1990_2010": -228.0, "difference_1990_2020": -652.0 }, "geometry": { "type": "Polygon", "coordinates": [ [ [ -94.462734339277546, 18.146865062097557 ], [ -94.458161865569295, 18.146865062097557 ], [ -94.458161865569295, 18.142774248015133 ], [ -94.462734339277546, 18.142774248015133 ], [ -94.462734339277546, 18.146865062097557 ] ] ] } },
{ "type": "Feature", "properties": { "difference_1990_2000": 116.0, "difference_1990_2010": 177.0, "difference_1990_2020": -126.0 }, "geometry": { "type": "Polygon", "coordinates": [ [ [ -94.462734339277546, 18.13459290347004 ], [ -94.458161865569295, 18.134592903470022 ], [ -94.458161865569295, 18.130502372952908 ], [ -94.462734339277546, 18.130502372952908 ], [ -94.462734339277546, 18.13459290347004 ] ] ] } },
{ "type": "Feature", "properties": { "difference_1990_2000": 360.0, "difference_1990_2010": 363.0, "difference_1990_2020": 327.0 }, "geometry": { "type": "Polygon", "coordinates": [ [ [ -94.462734339277546, 18.110051136832737 ], [ -94.458161865569295, 18.110051136832737 ], [ -94.458161865569295, 18.105961172711321 ], [ -94.462734339277546, 18.105961172711321 ], [ -94.462734339277546, 18.110051136832737 ] ] ] } },
{ "type": "Feature", "properties": { "difference_1990_2000": 1092.0, "difference_1990_2010": 1147.0, "difference_1990_2020": 1017.0 }, "geometry": { "type": "Polygon", "coordinates": [ [ [ -94.462734339277546, 18.114141195285434 ], [ -94.458161865569295, 18.114141195285434 ], [ -94.458161865569295, 18.110051136832737 ], [ -94.462734339277546, 18.110051136832737 ], [ -94.462734339277546, 18.114141195285434 ] ] ] } },
{ "type": "Feature", "properties": { "difference_1990_2000": -192.0, "difference_1990_2010": -310.0, "difference_1990_2020": -771.0 }, "geometry": { "type": "Polygon", "coordinates": [ [ [ -94.462734339277546, 18.138683528481661 ], [ -94.458161865569295, 18.138683528481661 ], [ -94.458161865569295, 18.134592903470022 ], [ -94.462734339277546, 18.134592903470022 ], [ -94.462734339277546, 18.138683528481661 ] ] ] } },
{ "type": "Feature", "properties": { "difference_1990_2000": 135.0, "difference_1990_2010": -34.0, "difference_1990_2020": -449.0 }, "geometry": { "type": "Polygon", "coordinates": [ [ [ -94.462734339277546, 18.142774248015133 ], [ -94.458161865569295, 18.142774248015133 ], [ -94.458161865569295, 18.138683528481661 ], [ -94.462734339277546, 18.138683528481661 ], [ -94.462734339277546, 18.142774248015133 ] ] ] } },
{ "type": "Feature", "properties": { "difference_1990_2000": 802.0, "difference_1990_2010": 1050.0, "difference_1990_2020": 781.0 }, "geometry": { "type": "Polygon", "coordinates": [ [ [ -94.462734339277546, 18.126411936903075 ], [ -94.458161865569295, 18.126411936903075 ], [ -94.458161865569295, 18.122321595293435 ], [ -94.462734339277546, 18.122321595293435 ], [ -94.462734339277546, 18.126411936903075 ] ] ] } },
{ "type": "Feature", "properties": { "difference_1990_2000": 146.0, "difference_1990_2010": 124.0, "difference_1990_2020": 65.0 }, "geometry": { "type": "Polygon", "coordinates": [ [ [ -94.462734339277546, 18.155046974018369 ], [ -94.458161865569295, 18.155046974018369 ], [ -94.458161865569295, 18.150955970756225 ], [ -94.462734339277546, 18.150955970756225 ], [ -94.462734339277546, 18.155046974018369 ] ] ] } },
{ "type": "Feature", "properties": { "difference_1990_2000": 478.0, "difference_1990_2010": 325.0, "difference_1990_2020": -117.0 }, "geometry": { "type": "Polygon", "coordinates": [ [ [ -94.462734339277546, 18.150955970756225 ], [ -94.458161865569295, 18.150955970756225 ], [ -94.458161865569295, 18.146865062097557 ], [ -94.462734339277546, 18.146865062097557 ], [ -94.462734339277546, 18.150955970756225 ] ] ] } },
{ "type": "Feature", "properties": { "difference_1990_2000": 1249.0, "difference_1990_2010": 1338.0, "difference_1990_2020": 1172.0 }, "geometry": { "type": "Polygon", "coordinates": [ [ [ -94.462734339277546, 18.118231348096582 ], [ -94.458161865569295, 18.118231348096611 ], [ -94.458161865569295, 18.114141195285434 ], [ -94.462734339277546, 18.114141195285434 ], [ -94.462734339277546, 18.118231348096582 ] ] ] } },
{ "type": "Feature", "properties": { "difference_1990_2000": 36.0, "difference_1990_2010": 26.0, "difference_1990_2020": 34.0 }, "geometry": { "type": "Polygon", "coordinates": [ [ [ -94.462734339277546, 18.105961172711321 ], [ -94.458161865569295, 18.105961172711321 ], [ -94.458161865569295, 18.101871302893969 ], [ -94.462734339277546, 18.101871302893969 ], [ -94.462734339277546, 18.105961172711321 ] ] ] } },
{ "type": "Feature", "properties": { "difference_1990_2000": -211.0, "difference_1990_2010": -599.0, "difference_1990_2020": -984.0 }, "geometry": { "type": "Polygon", "coordinates": [ [ [ -94.453589391861016, 18.130502372952893 ], [ -94.449016918152736, 18.130502372952908 ], [ -94.449016918152736, 18.126411936903111 ], [ -94.453589391861016, 18.126411936903075 ], [ -94.453589391861016, 18.130502372952893 ] ] ] } },
{ "type": "Feature", "properties": { "difference_1990_2000": -53.0, "difference_1990_2010": -22.0, "difference_1990_2020": -72.0 }, "geometry": { "type": "Polygon", "coordinates": [ [ [ -94.453589391861016, 18.122321595293435 ], [ -94.449016918152736, 18.122321595293407 ], [ -94.449016918152736, 18.118231348096611 ], [ -94.453589391861016, 18.118231348096611 ], [ -94.453589391861016, 18.122321595293435 ] ] ] } },
{ "type": "Feature", "properties": { "difference_1990_2000": 27.0, "difference_1990_2010": -81.0, "difference_1990_2020": -325.0 }, "geometry": { "type": "Polygon", "coordinates": [ [ [ -94.453589391861016, 18.146865062097557 ], [ -94.449016918152736, 18.146865062097557 ], [ -94.449016918152736, 18.142774248015133 ], [ -94.453589391861016, 18.142774248015098 ], [ -94.453589391861016, 18.146865062097557 ] ] ] } },
{ "type": "Feature", "properties": { "difference_1990_2000": -331.0, "difference_1990_2010": -718.0, "difference_1990_2020": -1121.0 }, "geometry": { "type": "Polygon", "coordinates": [ [ [ -94.453589391861016, 18.13459290347004 ], [ -94.449016918152736, 18.13459290347004 ], [ -94.449016918152736, 18.130502372952908 ], [ -94.453589391861016, 18.130502372952893 ], [ -94.453589391861016, 18.13459290347004 ] ] ] } },
{ "type": "Feature", "properties": { "difference_1990_2000": 107.0, "difference_1990_2010": 135.0, "difference_1990_2020": 91.0 }, "geometry": { "type": "Polygon", "coordinates": [ [ [ -94.453589391861016, 18.110051136832737 ], [ -94.449016918152736, 18.110051136832737 ], [ -94.449016918152736, 18.105961172711321 ], [ -94.453589391861016, 18.105961172711321 ], [ -94.453589391861016, 18.110051136832737 ] ] ] } },
{ "type": "Feature", "properties": { "difference_1990_2000": 158.0, "difference_1990_2010": 55.0, "difference_1990_2020": -275.0 }, "geometry": { "type": "Polygon", "coordinates": [ [ [ -94.453589391861016, 18.142774248015098 ], [ -94.449016918152736, 18.142774248015133 ], [ -94.449016918152736, 18.138683528481661 ], [ -94.453589391861016, 18.138683528481661 ], [ -94.453589391861016, 18.142774248015098 ] ] ] } },
{ "type": "Feature", "properties": { "difference_1990_2000": -22.0, "difference_1990_2010": 8.0, "difference_1990_2020": -41.0 }, "geometry": { "type": "Polygon", "coordinates": [ [ [ -94.453589391861016, 18.114141195285434 ], [ -94.449016918152736, 18.114141195285434 ], [ -94.449016918152736, 18.110051136832737 ], [ -94.453589391861016, 18.110051136832737 ], [ -94.453589391861016, 18.114141195285434 ] ] ] } },
{ "type": "Feature", "properties": { "difference_1990_2000": -336.0, "difference_1990_2010": -513.0, "difference_1990_2020": -951.0 }, "geometry": { "type": "Polygon", "coordinates": [ [ [ -94.453589391861016, 18.138683528481661 ], [ -94.449016918152736, 18.138683528481661 ], [ -94.449016918152736, 18.134592903470022 ], [ -94.453589391861016, 18.134592903470022 ], [ -94.453589391861016, 18.138683528481661 ] ] ] } },
{ "type": "Feature", "properties": { "difference_1990_2000": 214.0, "difference_1990_2010": 282.0, "difference_1990_2020": 93.0 }, "geometry": { "type": "Polygon", "coordinates": [ [ [ -94.453589391861016, 18.126411936903057 ], [ -94.449016918152736, 18.126411936903075 ], [ -94.449016918152736, 18.122321595293407 ], [ -94.453589391861016, 18.122321595293435 ], [ -94.453589391861016, 18.126411936903057 ] ] ] } },
{ "type": "Feature", "properties": { "difference_1990_2000": -13.0, "difference_1990_2010": -42.0, "difference_1990_2020": -93.0 }, "geometry": { "type": "Polygon", "coordinates": [ [ [ -94.453589391861016, 18.155046974018369 ], [ -94.449016918152736, 18.155046974018404 ], [ -94.449016918152736, 18.150955970756225 ], [ -94.453589391861016, 18.150955970756225 ], [ -94.453589391861016, 18.155046974018369 ] ] ] } },
{ "type": "Feature", "properties": { "difference_1990_2000": -77.0, "difference_1990_2010": -181.0, "difference_1990_2020": -346.0 }, "geometry": { "type": "Polygon", "coordinates": [ [ [ -94.453589391861016, 18.150955970756225 ], [ -94.449016918152736, 18.150955970756225 ], [ -94.449016918152736, 18.146865062097557 ], [ -94.453589391861016, 18.146865062097557 ], [ -94.453589391861016, 18.150955970756225 ] ] ] } },
{ "type": "Feature", "properties": { "difference_1990_2000": -53.0, "difference_1990_2010": -22.0, "difference_1990_2020": -72.0 }, "geometry": { "type": "Polygon", "coordinates": [ [ [ -94.453589391861016, 18.118231348096611 ], [ -94.449016918152736, 18.118231348096611 ], [ -94.449016918152736, 18.114141195285434 ], [ -94.453589391861016, 18.114141195285434 ], [ -94.453589391861016, 18.118231348096611 ] ] ] } },
{ "type": "Feature", "properties": { "difference_1990_2000": 58.0, "difference_1990_2010": 67.0, "difference_1990_2020": 53.0 }, "geometry": { "type": "Polygon", "coordinates": [ [ [ -94.453589391861016, 18.105961172711321 ], [ -94.449016918152736, 18.105961172711321 ], [ -94.449016918152736, 18.101871302893969 ], [ -94.453589391861016, 18.101871302893969 ], [ -94.453589391861016, 18.105961172711321 ] ] ] } },
{ "type": "Feature", "properties": { "difference_1990_2000": -168.0, "difference_1990_2010": -272.0, "difference_1990_2020": -393.0 }, "geometry": { "type": "Polygon", "coordinates": [ [ [ -94.444444444444457, 18.13050237295294 ], [ -94.439871970736164, 18.13050237295294 ], [ -94.439871970736164, 18.126411936903111 ], [ -94.444444444444457, 18.126411936903128 ], [ -94.444444444444457, 18.13050237295294 ] ] ] } },
{ "type": "Feature", "properties": { "difference_1990_2000": 116.0, "difference_1990_2010": 76.0, "difference_1990_2020": -43.0 }, "geometry": { "type": "Polygon", "coordinates": [ [ [ -94.444444444444457, 18.122321595293407 ], [ -94.439871970736164, 18.122321595293453 ], [ -94.439871970736164, 18.118231348096582 ], [ -94.444444444444457, 18.118231348096582 ], [ -94.444444444444457, 18.122321595293407 ] ] ] } },
{ "type": "Feature", "properties": { "difference_1990_2000": 99.0, "difference_1990_2010": 16.0, "difference_1990_2020": -220.0 }, "geometry": { "type": "Polygon", "coordinates": [ [ [ -94.444444444444457, 18.146865062097557 ], [ -94.439871970736164, 18.146865062097557 ], [ -94.439871970736164, 18.142774248015133 ], [ -94.444444444444457, 18.142774248015133 ], [ -94.444444444444457, 18.146865062097557 ] ] ] } },
{ "type": "Feature", "properties": { "difference_1990_2000": -69.0, "difference_1990_2010": -235.0, "difference_1990_2020": -542.0 }, "geometry": { "type": "Polygon", "coordinates": [ [ [ -94.444444444444457, 18.134592903470022 ], [ -94.439871970736164, 18.13459290347004 ], [ -94.439871970736164, 18.13050237295294 ], [ -94.444444444444457, 18.13050237295294 ], [ -94.444444444444457, 18.134592903470022 ] ] ] } },
{ "type": "Feature", "properties": { "difference_1990_2000": 39.0, "difference_1990_2010": 45.0, "difference_1990_2020": 36.0 }, "geometry": { "type": "Polygon", "coordinates": [ [ [ -94.444444444444457, 18.110051136832737 ], [ -94.439871970736164, 18.110051136832737 ], [ -94.439871970736164, 18.105961172711321 ], [ -94.444444444444457, 18.105961172711321 ], [ -94.444444444444457, 18.110051136832737 ] ] ] } },
{ "type": "Feature", "properties": { "difference_1990_2000": -135.0, "difference_1990_2010": -335.0, "difference_1990_2020": -629.0 }, "geometry": { "type": "Polygon", "coordinates": [ [ [ -94.444444444444457, 18.138683528481661 ], [ -94.439871970736164, 18.138683528481678 ], [ -94.439871970736164, 18.134592903470022 ], [ -94.444444444444457, 18.134592903470022 ], [ -94.444444444444457, 18.138683528481661 ] ] ] } },
{ "type": "Feature", "properties": { "difference_1990_2000": -204.0, "difference_1990_2010": -377.0, "difference_1990_2020": -686.0 }, "geometry": { "type": "Polygon", "coordinates": [ [ [ -94.444444444444457, 18.142774248015133 ], [ -94.439871970736164, 18.142774248015133 ], [ -94.439871970736164, 18.138683528481678 ], [ -94.444444444444457, 18.138683528481661 ], [ -94.444444444444457, 18.142774248015133 ] ] ] } },
{ "type": "Feature", "properties": { "difference_1990_2000": 166.0, "difference_1990_2010": 192.0, "difference_1990_2020": 153.0 }, "geometry": { "type": "Polygon", "coordinates": [ [ [ -94.444444444444457, 18.11414119528547 ], [ -94.439871970736164, 18.114141195285434 ], [ -94.439871970736164, 18.110051136832737 ], [ -94.444444444444457, 18.110051136832737 ], [ -94.444444444444457, 18.11414119528547 ] ] ] } },
{ "type": "Feature", "properties": { "difference_1990_2000": 198.0, "difference_1990_2010": 246.0, "difference_1990_2020": 60.0 }, "geometry": { "type": "Polygon", "coordinates": [ [ [ -94.444444444444457, 18.126411936903111 ], [ -94.439871970736164, 18.126411936903075 ], [ -94.439871970736164, 18.122321595293453 ], [ -94.444444444444457, 18.122321595293407 ], [ -94.444444444444457, 18.126411936903111 ] ] ] } },
{ "type": "Feature", "properties": { "difference_1990_2000": -139.0, "difference_1990_2010": -198.0, "difference_1990_2020": -337.0 }, "geometry": { "type": "Polygon", "coordinates": [ [ [ -94.444444444444457, 18.155046974018369 ], [ -94.439871970736164, 18.155046974018369 ], [ -94.439871970736164, 18.150955970756197 ], [ -94.444444444444457, 18.150955970756225 ], [ -94.444444444444457, 18.155046974018369 ] ] ] } },
{ "type": "Feature", "properties": { "difference_1990_2000": -223.0, "difference_1990_2010": -291.0, "difference_1990_2020": -513.0 }, "geometry": { "type": "Polygon", "coordinates": [ [ [ -94.444444444444457, 18.150955970756225 ], [ -94.439871970736164, 18.150955970756197 ], [ -94.439871970736164, 18.146865062097557 ], [ -94.444444444444457, 18.146865062097557 ], [ -94.444444444444457, 18.150955970756225 ] ] ] } },
{ "type": "Feature", "properties": { "difference_1990_2000": 175.0, "difference_1990_2010": 199.0, "difference_1990_2020": 153.0 }, "geometry": { "type": "Polygon", "coordinates": [ [ [ -94.444444444444457, 18.118231348096582 ], [ -94.439871970736164, 18.118231348096582 ], [ -94.439871970736164, 18.114141195285434 ], [ -94.444444444444457, 18.11414119528547 ], [ -94.444444444444457, 18.118231348096582 ] ] ] } },
{ "type": "Feature", "properties": { "difference_1990_2000": -132.0, "difference_1990_2010": -218.0, "difference_1990_2020": -367.0 }, "geometry": { "type": "Polygon", "coordinates": [ [ [ -94.435299497027884, 18.130502372952957 ], [ -94.430727023319633, 18.13050237295294 ], [ -94.430727023319633, 18.126411936903111 ], [ -94.435299497027884, 18.126411936903111 ], [ -94.435299497027884, 18.130502372952957 ] ] ] } },
{ "type": "Feature", "properties": { "difference_1990_2000": 322.0, "difference_1990_2010": 308.0, "difference_1990_2020": 95.0 }, "geometry": { "type": "Polygon", "coordinates": [ [ [ -94.435299497027884, 18.122321595293435 ], [ -94.430727023319633, 18.122321595293435 ], [ -94.430727023319633, 18.118231348096582 ], [ -94.435299497027884, 18.118231348096611 ], [ -94.435299497027884, 18.122321595293435 ] ] ] } },
{ "type": "Feature", "properties": { "difference_1990_2000": -253.0, "difference_1990_2010": -539.0, "difference_1990_2020": -785.0 }, "geometry": { "type": "Polygon", "coordinates": [ [ [ -94.435299497027884, 18.146865062097557 ], [ -94.430727023319633, 18.146865062097557 ], [ -94.430727023319633, 18.142774248015133 ], [ -94.435299497027884, 18.142774248015151 ], [ -94.435299497027884, 18.146865062097557 ] ] ] } },
{ "type": "Feature", "properties": { "difference_1990_2000": -1.0, "difference_1990_2010": -3.0, "difference_1990_2020": -6.0 }, "geometry": { "type": "Polygon", "coordinates": [ [ [ -94.435299497027884, 18.1591380719113 ], [ -94.430727023319633, 18.1591380719113 ], [ -94.430727023319633, 18.155046974018369 ], [ -94.435299497027884, 18.155046974018369 ], [ -94.435299497027884, 18.1591380719113 ] ] ] } },
{ "type": "Feature", "properties": { "difference_1990_2000": -112.0, "difference_1990_2010": -219.0, "difference_1990_2020": -406.0 }, "geometry": { "type": "Polygon", "coordinates": [ [ [ -94.435299497027884, 18.134592903470022 ], [ -94.430727023319633, 18.134592903470022 ], [ -94.430727023319633, 18.13050237295294 ], [ -94.435299497027884, 18.130502372952957 ], [ -94.435299497027884, 18.134592903470022 ] ] ] } },
{ "type": "Feature", "properties": { "difference_1990_2000": -208.0, "difference_1990_2010": -572.0, "difference_1990_2020": -818.0 }, "geometry": { "type": "Polygon", "coordinates": [ [ [ -94.435299497027884, 18.138683528481678 ], [ -94.430727023319633, 18.138683528481661 ], [ -94.430727023319633, 18.134592903470022 ], [ -94.435299497027884, 18.134592903470022 ], [ -94.435299497027884, 18.138683528481678 ] ] ] } },
{ "type": "Feature", "properties": { "difference_1990_2000": 115.0, "difference_1990_2010": 64.0, "difference_1990_2020": -115.0 }, "geometry": { "type": "Polygon", "coordinates": [ [ [ -94.435299497027884, 18.126411936903075 ], [ -94.430727023319633, 18.126411936903075 ], [ -94.430727023319633, 18.122321595293435 ], [ -94.435299497027884, 18.122321595293435 ], [ -94.435299497027884, 18.126411936903075 ] ] ] } },
{ "type": "Feature", "properties": { "difference_1990_2000": -207.0, "difference_1990_2010": -524.0, "difference_1990_2020": -814.0 }, "geometry": { "type": "Polygon", "coordinates": [ [ [ -94.435299497027884, 18.142774248015151 ], [ -94.430727023319633, 18.142774248015133 ], [ -94.430727023319633, 18.138683528481661 ], [ -94.435299497027884, 18.138683528481678 ], [ -94.435299497027884, 18.142774248015151 ] ] ] } },
{ "type": "Feature", "properties": { "difference_1990_2000": -70.0, "difference_1990_2010": -214.0, "difference_1990_2020": -396.0 }, "geometry": { "type": "Polygon", "coordinates": [ [ [ -94.435299497027884, 18.155046974018369 ], [ -94.430727023319633, 18.155046974018369 ], [ -94.430727023319633, 18.150955970756247 ], [ -94.435299497027884, 18.150955970756225 ], [ -94.435299497027884, 18.155046974018369 ] ] ] } },
{ "type": "Feature", "properties": { "difference_1990_2000": -73.0, "difference_1990_2010": -220.0, "difference_1990_2020": -407.0 }, "geometry": { "type": "Polygon", "coordinates": [ [ [ -94.435299497027884, 18.150955970756225 ], [ -94.430727023319633, 18.150955970756247 ], [ -94.430727023319633, 18.146865062097557 ], [ -94.435299497027884, 18.146865062097557 ], [ -94.435299497027884, 18.150955970756225 ] ] ] } },
{ "type": "Feature", "properties": { "difference_1990_2000": 164.0, "difference_1990_2010": 156.0, "difference_1990_2020": 17.0 }, "geometry": { "type": "Polygon", "coordinates": [ [ [ -94.435299497027884, 18.118231348096611 ], [ -94.430727023319633, 18.118231348096582 ], [ -94.430727023319633, 18.11414119528547 ], [ -94.435299497027884, 18.114141195285434 ], [ -94.435299497027884, 18.118231348096611 ] ] ] } },
{ "type": "Feature", "properties": { "difference_1990_2000": -50.0, "difference_1990_2010": -56.0, "difference_1990_2020": -84.0 }, "geometry": { "type": "Polygon", "coordinates": [ [ [ -94.426154549611354, 18.130502372952908 ], [ -94.421582075903075, 18.130502372952908 ], [ -94.421582075903075, 18.126411936903111 ], [ -94.426154549611354, 18.126411936903111 ], [ -94.426154549611354, 18.130502372952908 ] ] ] } },
{ "type": "Feature", "properties": { "difference_1990_2000": -163.0, "difference_1990_2010": -159.0, "difference_1990_2020": -200.0 }, "geometry": { "type": "Polygon", "coordinates": [ [ [ -94.426154549611354, 18.122321595293435 ], [ -94.421582075903075, 18.122321595293435 ], [ -94.421582075903075, 18.118231348096611 ], [ -94.426154549611354, 18.118231348096611 ], [ -94.426154549611354, 18.122321595293435 ] ] ] } },
{ "type": "Feature", "properties": { "difference_1990_2000": -177.0, "difference_1990_2010": -570.0, "difference_1990_2020": -894.0 }, "geometry": { "type": "Polygon", "coordinates": [ [ [ -94.426154549611354, 18.146865062097557 ], [ -94.421582075903075, 18.146865062097557 ], [ -94.421582075903075, 18.142774248015133 ], [ -94.426154549611354, 18.142774248015133 ], [ -94.426154549611354, 18.146865062097557 ] ] ] } },
{ "type": "Feature", "properties": { "difference_1990_2000": -63.0, "difference_1990_2010": -132.0, "difference_1990_2020": -184.0 }, "geometry": { "type": "Polygon", "coordinates": [ [ [ -94.426154549611354, 18.1591380719113 ], [ -94.421582075903075, 18.1591380719113 ], [ -94.421582075903075, 18.155046974018404 ], [ -94.426154549611354, 18.155046974018369 ], [ -94.426154549611354, 18.1591380719113 ] ] ] } },
{ "type": "Feature", "properties": { "difference_1990_2000": -79.0, "difference_1990_2010": -105.0, "difference_1990_2020": -227.0 }, "geometry": { "type": "Polygon", "coordinates": [ [ [ -94.426154549611354, 18.134592903470022 ], [ -94.421582075903075, 18.13459290347004 ], [ -94.421582075903075, 18.130502372952908 ], [ -94.426154549611354, 18.130502372952908 ], [ -94.426154549611354, 18.134592903470022 ] ] ] } },
{ "type": "Feature", "properties": { "difference_1990_2000": -4.0, "difference_1990_2010": -4.0, "difference_1990_2020": -5.0 }, "geometry": { "type": "Polygon", "coordinates": [ [ [ -94.426154549611354, 18.114141195285416 ], [ -94.421582075903075, 18.11414119528547 ], [ -94.421582075903075, 18.110051136832737 ], [ -94.426154549611354, 18.110051136832737 ], [ -94.426154549611354, 18.114141195285416 ] ] ] } },
{ "type": "Feature", "properties": { "difference_1990_2000": -132.0, "difference_1990_2010": -177.0, "difference_1990_2020": -386.0 }, "geometry": { "type": "Polygon", "coordinates": [ [ [ -94.426154549611354, 18.138683528481678 ], [ -94.421582075903075, 18.138683528481661 ], [ -94.421582075903075, 18.134592903470022 ], [ -94.426154549611354, 18.134592903470022 ], [ -94.426154549611354, 18.138683528481678 ] ] ] } },
{ "type": "Feature", "properties": { "difference_1990_2000": -155.0, "difference_1990_2010": -415.0, "difference_1990_2020": -708.0 }, "geometry": { "type": "Polygon", "coordinates": [ [ [ -94.426154549611354, 18.142774248015133 ], [ -94.421582075903075, 18.142774248015133 ], [ -94.421582075903075, 18.138683528481661 ], [ -94.426154549611354, 18.138683528481678 ], [ -94.426154549611354, 18.142774248015133 ] ] ] } },
{ "type": "Feature", "properties": { "difference_1990_2000": -89.0, "difference_1990_2010": -82.0, "difference_1990_2020": -81.0 }, "geometry": { "type": "Polygon", "coordinates": [ [ [ -94.426154549611354, 18.126411936903075 ], [ -94.421582075903075, 18.126411936903075 ], [ -94.421582075903075, 18.122321595293435 ], [ -94.426154549611354, 18.122321595293435 ], [ -94.426154549611354, 18.126411936903075 ] ] ] } },
{ "type": "Feature", "properties": { "difference_1990_2000": -196.0, "difference_1990_2010": -418.0, "difference_1990_2020": -602.0 }, "geometry": { "type": "Polygon", "coordinates": [ [ [ -94.426154549611354, 18.155046974018369 ], [ -94.421582075903075, 18.155046974018404 ], [ -94.421582075903075, 18.150955970756225 ], [ -94.426154549611354, 18.150955970756225 ], [ -94.426154549611354, 18.155046974018369 ] ] ] } },
{ "type": "Feature", "properties": { "difference_1990_2000": -285.0, "difference_1990_2010": -537.0, "difference_1990_2020": -786.0 }, "geometry": { "type": "Polygon", "coordinates": [ [ [ -94.426154549611354, 18.150955970756225 ], [ -94.421582075903075, 18.150955970756225 ], [ -94.421582075903075, 18.146865062097557 ], [ -94.426154549611354, 18.146865062097557 ], [ -94.426154549611354, 18.150955970756225 ] ] ] } },
{ "type": "Feature", "properties": { "difference_1990_2000": -85.0, "difference_1990_2010": -85.0, "difference_1990_2020": -108.0 }, "geometry": { "type": "Polygon", "coordinates": [ [ [ -94.426154549611354, 18.118231348096611 ], [ -94.421582075903075, 18.118231348096611 ], [ -94.421582075903075, 18.11414119528547 ], [ -94.426154549611354, 18.114141195285416 ], [ -94.426154549611354, 18.118231348096611 ] ] ] } },
{ "type": "Feature", "properties": { "difference_1990_2000": -375.0, "difference_1990_2010": 0.0, "difference_1990_2020": -533.0 }, "geometry": { "type": "Polygon", "coordinates": [ [ [ -94.417009602194796, 18.073244852403299 ], [ -94.412437128486502, 18.073244852403334 ], [ -94.412437128486502, 18.069155736040138 ], [ -94.417009602194796, 18.069155736040138 ], [ -94.417009602194796, 18.073244852403299 ] ] ] } },
{ "type": "Feature", "properties": { "difference_1990_2000": 20.0, "difference_1990_2010": 0.0, "difference_1990_2020": -10.0 }, "geometry": { "type": "Polygon", "coordinates": [ [ [ -94.417009602194796, 18.077334062853119 ], [ -94.412437128486502, 18.077334062853176 ], [ -94.412437128486502, 18.073244852403334 ], [ -94.417009602194796, 18.073244852403299 ], [ -94.417009602194796, 18.077334062853119 ] ] ] } },
{ "type": "Feature", "properties": { "difference_1990_2000": -15.0, "difference_1990_2010": -25.0, "difference_1990_2020": -31.0 }, "geometry": { "type": "Polygon", "coordinates": [ [ [ -94.417009602194796, 18.16732055169841 ], [ -94.412437128486502, 18.16732055169841 ], [ -94.412437128486502, 18.163229264462188 ], [ -94.417009602194796, 18.163229264462188 ], [ -94.417009602194796, 18.16732055169841 ] ] ] } },
{ "type": "Feature", "properties": { "difference_1990_2000": -600.0, "difference_1990_2010": -1137.0, "difference_1990_2020": -1366.0 }, "geometry": { "type": "Polygon", "coordinates": [ [ [ -94.417009602194796, 18.146865062097557 ], [ -94.412437128486502, 18.146865062097557 ], [ -94.412437128486502, 18.142774248015133 ], [ -94.417009602194796, 18.142774248015133 ], [ -94.417009602194796, 18.146865062097557 ] ] ] } },
{ "type": "Feature", "properties": { "difference_1990_2000": -59.0, "difference_1990_2010": -121.0, "difference_1990_2020": -162.0 }, "geometry": { "type": "Polygon", "coordinates": [ [ [ -94.417009602194796, 18.1591380719113 ], [ -94.412437128486502, 18.1591380719113 ], [ -94.412437128486502, 18.155046974018369 ], [ -94.417009602194796, 18.155046974018369 ], [ -94.417009602194796, 18.1591380719113 ] ] ] } },
{ "type": "Feature", "properties": { "difference_1990_2000": 23.0, "difference_1990_2010": 0.0, "difference_1990_2020": 110.0 }, "geometry": { "type": "Polygon", "coordinates": [ [ [ -94.417009602194796, 18.052800210911602 ], [ -94.412437128486502, 18.052800210911602 ], [ -94.412437128486502, 18.048711564574859 ], [ -94.417009602194796, 18.048711564574859 ], [ -94.417009602194796, 18.052800210911602 ] ] ] } },
{ "type": "Feature", "properties": { "difference_1990_2000": -3.0, "difference_1990_2010": 0.0, "difference_1990_2020": -5.0 }, "geometry": { "type": "Polygon", "coordinates": [ [ [ -94.417009602194796, 18.065066713736528 ], [ -94.412437128486502, 18.065066713736559 ], [ -94.412437128486502, 18.060977785465372 ], [ -94.417009602194796, 18.060977785465319 ], [ -94.417009602194796, 18.065066713736528 ] ] ] } },
{ "type": "Feature", "properties": { "difference_1990_2000": 24.0, "difference_1990_2010": 0.0, "difference_1990_2020": -11.0 }, "geometry": { "type": "Polygon", "coordinates": [ [ [ -94.417009602194796, 18.081423367416836 ], [ -94.412437128486502, 18.081423367416836 ], [ -94.412437128486502, 18.077334062853176 ], [ -94.417009602194796, 18.077334062853119 ], [ -94.417009602194796, 18.081423367416836 ] ] ] } },
{ "type": "Feature", "properties": { "difference_1990_2000": -9.0, "difference_1990_2010": -19.0, "difference_1990_2020": -25.0 }, "geometry": { "type": "Polygon", "coordinates": [ [ [ -94.417009602194796, 18.163229264462188 ], [ -94.412437128486502, 18.163229264462188 ], [ -94.412437128486502, 18.1591380719113 ], [ -94.417009602194796, 18.1591380719113 ], [ -94.417009602194796, 18.163229264462188 ] ] ] } },
{ "type": "Feature", "properties": { "difference_1990_2000": -110.0, "difference_1990_2010": 0.0, "difference_1990_2020": -191.0 }, "geometry": { "type": "Polygon", "coordinates": [ [ [ -94.417009602194796, 18.069155736040138 ], [ -94.412437128486502, 18.069155736040138 ], [ -94.412437128486502, 18.065066713736559 ], [ -94.417009602194796, 18.065066713736559 ], [ -94.417009602194796, 18.069155736040138 ] ] ] } },
{ "type": "Feature", "properties": { "difference_1990_2000": 0.0, "difference_1990_2010": 0.0, "difference_1990_2020": -1.0 }, "geometry": { "type": "Polygon", "coordinates": [ [ [ -94.417009602194796, 18.138683528481661 ], [ -94.412437128486502, 18.138683528481661 ], [ -94.412437128486502, 18.13459290347004 ], [ -94.417009602194796, 18.134592903470022 ], [ -94.417009602194796, 18.138683528481661 ] ] ] } },
{ "type": "Feature", "properties": { "difference_1990_2000": 115.0, "difference_1990_2010": -286.0, "difference_1990_2020": -452.0 }, "geometry": { "type": "Polygon", "coordinates": [ [ [ -94.417009602194796, 18.142774248015133 ], [ -94.412437128486502, 18.142774248015133 ], [ -94.412437128486502, 18.138683528481661 ], [ -94.417009602194796, 18.138683528481661 ], [ -94.417009602194796, 18.142774248015133 ] ] ] } },
{ "type": "Feature", "properties": { "difference_1990_2000": -359.0, "difference_1990_2010": -557.0, "difference_1990_2020": -734.0 }, "geometry": { "type": "Polygon", "coordinates": [ [ [ -94.417009602194796, 18.155046974018369 ], [ -94.412437128486502, 18.155046974018369 ], [ -94.412437128486502, 18.150955970756197 ], [ -94.417009602194796, 18.150955970756247 ], [ -94.417009602194796, 18.155046974018369 ] ] ] } },
{ "type": "Feature", "properties": { "difference_1990_2000": -881.0, "difference_1990_2010": -1151.0, "difference_1990_2020": -1481.0 }, "geometry": { "type": "Polygon", "coordinates": [ [ [ -94.417009602194796, 18.150955970756247 ], [ -94.412437128486502, 18.150955970756197 ], [ -94.412437128486502, 18.146865062097557 ], [ -94.417009602194796, 18.146865062097557 ], [ -94.417009602194796, 18.150955970756247 ] ] ] } },
{ "type": "Feature", "properties": { "difference_1990_2000": 17.0, "difference_1990_2010": 0.0, "difference_1990_2020": 256.0 }, "geometry": { "type": "Polygon", "coordinates": [ [ [ -94.417009602194796, 18.056888951199426 ], [ -94.412437128486502, 18.056888951199426 ], [ -94.412437128486502, 18.052800210911602 ], [ -94.417009602194796, 18.052800210911602 ], [ -94.417009602194796, 18.056888951199426 ] ] ] } },
{ "type": "Feature", "properties": { "difference_1990_2000": 4.0, "difference_1990_2010": 0.0, "difference_1990_2020": -2.0 }, "geometry": { "type": "Polygon", "coordinates": [ [ [ -94.417009602194796, 18.085512766121571 ], [ -94.412437128486502, 18.0855127661216 ], [ -94.412437128486502, 18.081423367416836 ], [ -94.417009602194796, 18.081423367416836 ], [ -94.417009602194796, 18.085512766121571 ] ] ] } },
{ "type": "Feature", "properties": { "difference_1990_2000": -882.0, "difference_1990_2010": 0.0, "difference_1990_2020": -1311.0 }, "geometry": { "type": "Polygon", "coordinates": [ [ [ -94.407864654778265, 18.073244852403285 ], [ -94.403292181069986, 18.073244852403334 ], [ -94.403292181069986, 18.069155736040138 ], [ -94.407864654778265, 18.069155736040138 ], [ -94.407864654778265, 18.073244852403285 ] ] ] } },
{ "type": "Feature", "properties": { "difference_1990_2000": -659.0, "difference_1990_2010": 0.0, "difference_1990_2020": -712.0 }, "geometry": { "type": "Polygon", "coordinates": [ [ [ -94.407864654778265, 18.077334062853119 ], [ -94.403292181069986, 18.077334062853119 ], [ -94.403292181069986, 18.073244852403334 ], [ -94.407864654778265, 18.073244852403285 ], [ -94.407864654778265, 18.077334062853119 ] ] ] } },
{ "type": "Feature", "properties": { "difference_1990_2000": -38.0, "difference_1990_2010": 0.0, "difference_1990_2020": 369.0 }, "geometry": { "type": "Polygon", "coordinates": [ [ [ -94.407864654778265, 18.060977785465372 ], [ -94.403292181069986, 18.060977785465319 ], [ -94.403292181069986, 18.056888951199394 ], [ -94.407864654778265, 18.056888951199426 ], [ -94.407864654778265, 18.060977785465372 ] ] ] } },
{ "type": "Feature", "properties": { "difference_1990_2000": 118.0, "difference_1990_2010": 0.0, "difference_1990_2020": 226.0 }, "geometry": { "type": "Polygon", "coordinates": [ [ [ -94.407864654778265, 18.048711564574877 ], [ -94.403292181069986, 18.048711564574859 ], [ -94.403292181069986, 18.044623012161921 ], [ -94.407864654778265, 18.044623012161921 ], [ -94.407864654778265, 18.048711564574877 ] ] ] } },
{ "type": "Feature", "properties": { "difference_1990_2000": -1.0, "difference_1990_2010": -1.0, "difference_1990_2020": -2.0 }, "geometry": { "type": "Polygon", "coordinates": [ [ [ -94.407864654778265, 18.146865062097572 ], [ -94.403292181069986, 18.146865062097525 ], [ -94.403292181069986, 18.142774248015133 ], [ -94.407864654778265, 18.142774248015133 ], [ -94.407864654778265, 18.146865062097572 ] ] ] } },
{ "type": "Feature", "properties": { "difference_1990_2000": -435.0, "difference_1990_2010": -528.0, "difference_1990_2020": -624.0 }, "geometry": { "type": "Polygon", "coordinates": [ [ [ -94.407864654778265, 18.1591380719113 ], [ -94.403292181069986, 18.1591380719113 ], [ -94.403292181069986, 18.155046974018369 ], [ -94.407864654778265, 18.155046974018369 ], [ -94.407864654778265, 18.1591380719113 ] ] ] } },
{ "type": "Feature", "properties": { "difference_1990_2000": 377.0, "difference_1990_2010": 0.0, "difference_1990_2020": 773.0 }, "geometry": { "type": "Polygon", "coordinates": [ [ [ -94.407864654778265, 18.052800210911602 ], [ -94.403292181069986, 18.052800210911602 ], [ -94.403292181069986, 18.048711564574859 ], [ -94.407864654778265, 18.048711564574877 ], [ -94.407864654778265, 18.052800210911602 ] ] ] } },
{ "type": "Feature", "properties": { "difference_1990_2000": 0.0, "difference_1990_2010": 0.0, "difference_1990_2020": 0.0 }, "geometry": { "type": "Polygon", "coordinates": [ [ [ -94.407864654778265, 18.13459290347004 ], [ -94.403292181069986, 18.134592903470022 ], [ -94.403292181069986, 18.130502372952908 ], [ -94.407864654778265, 18.130502372952908 ], [ -94.407864654778265, 18.13459290347004 ] ] ] } },
{ "type": "Feature", "properties": { "difference_1990_2000": -104.0, "difference_1990_2010": -127.0, "difference_1990_2020": -150.0 }, "geometry": { "type": "Polygon", "coordinates": [ [ [ -94.407864654778265, 18.163229264462174 ], [ -94.403292181069986, 18.163229264462231 ], [ -94.403292181069986, 18.1591380719113 ], [ -94.407864654778265, 18.1591380719113 ], [ -94.407864654778265, 18.163229264462174 ] ] ] } },
{ "type": "Feature", "properties": { "difference_1990_2000": 41.0, "difference_1990_2010": 0.0, "difference_1990_2020": 123.0 }, "geometry": { "type": "Polygon", "coordinates": [ [ [ -94.407864654778265, 18.081423367416836 ], [ -94.403292181069986, 18.081423367416836 ], [ -94.403292181069986, 18.077334062853119 ], [ -94.407864654778265, 18.077334062853119 ], [ -94.407864654778265, 18.081423367416836 ] ] ] } },
{ "type": "Feature", "properties": { "difference_1990_2000": -121.0, "difference_1990_2010": 0.0, "difference_1990_2020": -156.0 }, "geometry": { "type": "Polygon", "coordinates": [ [ [ -94.407864654778265, 18.065066713736559 ], [ -94.403292181069986, 18.065066713736506 ], [ -94.403292181069986, 18.060977785465319 ], [ -94.407864654778265, 18.060977785465372 ], [ -94.407864654778265, 18.065066713736559 ] ] ] } },
{ "type": "Feature", "properties": { "difference_1990_2000": -806.0, "difference_1990_2010": 0.0, "difference_1990_2020": -1268.0 }, "geometry": { "type": "Polygon", "coordinates": [ [ [ -94.407864654778265, 18.069155736040138 ], [ -94.403292181069986, 18.069155736040138 ], [ -94.403292181069986, 18.065066713736559 ], [ -94.407864654778265, 18.065066713736559 ], [ -94.407864654778265, 18.069155736040138 ] ] ] } },
{ "type": "Feature", "properties": { "difference_1990_2000": -1.0, "difference_1990_2010": 0.0, "difference_1990_2020": -1.0 }, "geometry": { "type": "Polygon", "coordinates": [ [ [ -94.407864654778265, 18.138683528481661 ], [ -94.403292181069986, 18.138683528481661 ], [ -94.403292181069986, 18.134592903470022 ], [ -94.407864654778265, 18.134592903470022 ], [ -94.407864654778265, 18.138683528481661 ] ] ] } },
{ "type": "Feature", "properties": { "difference_1990_2000": 0.0, "difference_1990_2010": 10.0, "difference_1990_2020": 0.0 }, "geometry": { "type": "Polygon", "coordinates": [ [ [ -94.407864654778265, 18.142774248015133 ], [ -94.403292181069986, 18.142774248015133 ], [ -94.403292181069986, 18.138683528481661 ], [ -94.407864654778265, 18.138683528481661 ], [ -94.407864654778265, 18.142774248015133 ] ] ] } },
{ "type": "Feature", "properties": { "difference_1990_2000": -667.0, "difference_1990_2010": -810.0, "difference_1990_2020": -917.0 }, "geometry": { "type": "Polygon", "coordinates": [ [ [ -94.407864654778265, 18.155046974018369 ], [ -94.403292181069986, 18.155046974018369 ], [ -94.403292181069986, 18.150955970756225 ], [ -94.407864654778265, 18.150955970756225 ], [ -94.407864654778265, 18.155046974018369 ] ] ] } },
{ "type": "Feature", "properties": { "difference_1990_2000": -454.0, "difference_1990_2010": -552.0, "difference_1990_2020": -623.0 }, "geometry": { "type": "Polygon", "coordinates": [ [ [ -94.407864654778265, 18.150955970756225 ], [ -94.403292181069986, 18.150955970756225 ], [ -94.403292181069986, 18.146865062097525 ], [ -94.407864654778265, 18.146865062097572 ], [ -94.407864654778265, 18.150955970756225 ] ] ] } },
{ "type": "Feature", "properties": { "difference_1990_2000": -39.0, "difference_1990_2010": 0.0, "difference_1990_2020": 412.0 }, "geometry": { "type": "Polygon", "coordinates": [ [ [ -94.407864654778265, 18.056888951199426 ], [ -94.403292181069986, 18.056888951199394 ], [ -94.403292181069986, 18.052800210911602 ], [ -94.407864654778265, 18.052800210911602 ], [ -94.407864654778265, 18.056888951199426 ] ] ] } },
{ "type": "Feature", "properties": { "difference_1990_2000": 29.0, "difference_1990_2010": 0.0, "difference_1990_2020": 84.0 }, "geometry": { "type": "Polygon", "coordinates": [ [ [ -94.398719707361707, 18.020093668567839 ], [ -94.394147233653413, 18.020093668567874 ], [ -94.394147233653413, 18.016005772863149 ], [ -94.398719707361707, 18.016005772863096 ], [ -94.398719707361707, 18.020093668567839 ] ] ] } },
{ "type": "Feature", "properties": { "difference_1990_2000": 309.0, "difference_1990_2010": 0.0, "difference_1990_2020": 355.0 }, "geometry": { "type": "Polygon", "coordinates": [ [ [ -94.398719707361707, 18.073244852403285 ], [ -94.394147233653413, 18.073244852403299 ], [ -94.394147233653413, 18.069155736040138 ], [ -94.398719707361707, 18.069155736040123 ], [ -94.398719707361707, 18.073244852403285 ] ] ] } },
{ "type": "Feature", "properties": { "difference_1990_2000": 114.0, "difference_1990_2010": 0.0, "difference_1990_2020": 131.0 }, "geometry": { "type": "Polygon", "coordinates": [ [ [ -94.398719707361707, 18.077334062853154 ], [ -94.394147233653413, 18.077334062853112 ], [ -94.394147233653413, 18.073244852403299 ], [ -94.398719707361707, 18.073244852403285 ], [ -94.398719707361707, 18.077334062853154 ] ] ] } },
{ "type": "Feature", "properties": { "difference_1990_2000": 92.0, "difference_1990_2010": 0.0, "difference_1990_2020": 200.0 }, "geometry": { "type": "Polygon", "coordinates": [ [ [ -94.398719707361707, 18.028269741206909 ], [ -94.394147233653413, 18.028269741206923 ], [ -94.394147233653413, 18.024181658006757 ], [ -94.398719707361707, 18.024181658006757 ], [ -94.398719707361707, 18.028269741206909 ] ] ] } },
{ "type": "Feature", "properties": { "difference_1990_2000": 0.0, "difference_1990_2010": 0.0, "difference_1990_2020": 273.0 }, "geometry": { "type": "Polygon", "coordinates": [ [ [ -94.398719707361707, 18.048711564574859 ], [ -94.394147233653413, 18.048711564574859 ], [ -94.394147233653413, 18.044623012161921 ], [ -94.398719707361707, 18.044623012161921 ], [ -94.398719707361707, 18.048711564574859 ] ] ] } },
{ "type": "Feature", "properties": { "difference_1990_2000": -3.0, "difference_1990_2010": -5.0, "difference_1990_2020": -8.0 }, "geometry": { "type": "Polygon", "coordinates": [ [ [ -94.398719707361707, 18.146865062097525 ], [ -94.394147233653413, 18.146865062097525 ], [ -94.394147233653413, 18.142774248015133 ], [ -94.398719707361707, 18.142774248015098 ], [ -94.398719707361707, 18.146865062097525 ] ] ] } },
{ "type": "Feature", "properties": { "difference_1990_2000": 776.0, "difference_1990_2010": 857.0, "difference_1990_2020": 808.0 }, "geometry": { "type": "Polygon", "coordinates": [ [ [ -94.398719707361707, 18.1591380719113 ], [ -94.394147233653413, 18.1591380719113 ], [ -94.394147233653413, 18.155046974018369 ], [ -94.398719707361707, 18.155046974018369 ], [ -94.398719707361707, 18.1591380719113 ] ] ] } },
{ "type": "Feature", "properties": { "difference_1990_2000": -1.0, "difference_1990_2010": 0.0, "difference_1990_2020": -1.0 }, "geometry": { "type": "Polygon", "coordinates": [ [ [ -94.398719707361707, 18.052800210911602 ], [ -94.394147233653413, 18.052800210911602 ], [ -94.394147233653413, 18.048711564574859 ], [ -94.398719707361707, 18.048711564574859 ], [ -94.398719707361707, 18.052800210911602 ] ] ] } },
{ "type": "Feature", "properties": { "difference_1990_2000": 143.0, "difference_1990_2010": 0.0, "difference_1990_2020": 248.0 }, "geometry": { "type": "Polygon", "coordinates": [ [ [ -94.398719707361707, 18.024181658006757 ], [ -94.394147233653413, 18.024181658006757 ], [ -94.394147233653413, 18.020093668567874 ], [ -94.398719707361707, 18.020093668567839 ], [ -94.398719707361707, 18.024181658006757 ] ] ] } },
{ "type": "Feature", "properties": { "difference_1990_2000": -38.0, "difference_1990_2010": -64.0, "difference_1990_2020": -69.0 }, "geometry": { "type": "Polygon", "coordinates": [ [ [ -94.398719707361707, 18.089602258994475 ], [ -94.394147233653413, 18.089602258994475 ], [ -94.394147233653413, 18.085512766121571 ], [ -94.398719707361707, 18.085512766121539 ], [ -94.398719707361707, 18.089602258994475 ] ] ] } },
{ "type": "Feature", "properties": { "difference_1990_2000": 0.0, "difference_1990_2010": 0.0, "difference_1990_2020": 567.0 }, "geometry": { "type": "Polygon", "coordinates": [ [ [ -94.398719707361707, 18.044623012161921 ], [ -94.394147233653413, 18.044623012161921 ], [ -94.394147233653413, 18.040534553645816 ], [ -94.398719707361707, 18.040534553645816 ], [ -94.398719707361707, 18.044623012161921 ] ] ] } },
{ "type": "Feature", "properties": { "difference_1990_2000": -1.0, "difference_1990_2010": -2.0, "difference_1990_2020": -2.0 }, "geometry": { "type": "Polygon", "coordinates": [ [ [ -94.398719707361707, 18.13459290347004 ], [ -94.394147233653413, 18.134592903470022 ], [ -94.394147233653413, 18.130502372952908 ], [ -94.398719707361707, 18.130502372952893 ], [ -94.398719707361707, 18.13459290347004 ] ] ] } },
{ "type": "Feature", "properties": { "difference_1990_2000": 84.0, "difference_1990_2010": 93.0, "difference_1990_2020": 87.0 }, "geometry": { "type": "Polygon", "coordinates": [ [ [ -94.398719707361707, 18.163229264462174 ], [ -94.394147233653413, 18.163229264462188 ], [ -94.394147233653413, 18.1591380719113 ], [ -94.398719707361707, 18.1591380719113 ], [ -94.398719707361707, 18.163229264462174 ] ] ] } },
{ "type": "Feature", "properties": { "difference_1990_2000": 28.0, "difference_1990_2010": 0.0, "difference_1990_2020": 98.0 }, "geometry": { "type": "Polygon", "coordinates": [ [ [ -94.398719707361707, 18.032357918195427 ], [ -94.394147233653413, 18.032357918195427 ], [ -94.394147233653413, 18.028269741206923 ], [ -94.398719707361707, 18.028269741206909 ], [ -94.398719707361707, 18.032357918195427 ] ] ] } },
{ "type": "Feature", "properties": { "difference_1990_2000": 4.0, "difference_1990_2010": 0.0, "difference_1990_2020": 10.0 }, "geometry": { "type": "Polygon", "coordinates": [ [ [ -94.398719707361707, 18.016005772863096 ], [ -94.394147233653413, 18.016005772863149 ], [ -94.394147233653413, 18.011917970865486 ], [ -94.398719707361707, 18.011917970865486 ], [ -94.398719707361707, 18.016005772863096 ] ] ] } },
{ "type": "Feature", "properties": { "difference_1990_2000": 232.0, "difference_1990_2010": 0.0, "difference_1990_2020": 267.0 }, "geometry": { "type": "Polygon", "coordinates": [ [ [ -94.398719707361707, 18.069155736040123 ], [ -94.394147233653413, 18.069155736040138 ], [ -94.394147233653413, 18.065066713736559 ], [ -94.398719707361707, 18.065066713736559 ], [ -94.398719707361707, 18.069155736040123 ] ] ] } },
{ "type": "Feature", "properties": { "difference_1990_2000": -3.0, "difference_1990_2010": -5.0, "difference_1990_2020": -8.0 }, "geometry": { "type": "Polygon", "coordinates": [ [ [ -94.398719707361707, 18.142774248015098 ], [ -94.394147233653413, 18.142774248015133 ], [ -94.394147233653413, 18.138683528481661 ], [ -94.398719707361707, 18.138683528481661 ], [ -94.398719707361707, 18.142774248015098 ] ] ] } },
{ "type": "Feature", "properties": { "difference_1990_2000": -3.0, "difference_1990_2010": -5.0, "difference_1990_2020": -8.0 }, "geometry": { "type": "Polygon", "coordinates": [ [ [ -94.398719707361707, 18.138683528481661 ], [ -94.394147233653413, 18.138683528481661 ], [ -94.394147233653413, 18.134592903470022 ], [ -94.398719707361707, 18.134592903470022 ], [ -94.398719707361707, 18.138683528481661 ] ] ] } },
{ "type": "Feature", "properties": { "difference_1990_2000": 836.0, "difference_1990_2010": 910.0, "difference_1990_2020": 852.0 }, "geometry": { "type": "Polygon", "coordinates": [ [ [ -94.398719707361707, 18.155046974018369 ], [ -94.394147233653413, 18.155046974018369 ], [ -94.394147233653413, 18.150955970756197 ], [ -94.398719707361707, 18.150955970756225 ], [ -94.398719707361707, 18.155046974018369 ] ] ] } },
{ "type": "Feature", "properties": { "difference_1990_2000": 702.0, "difference_1990_2010": 753.0, "difference_1990_2020": 699.0 }, "geometry": { "type": "Polygon", "coordinates": [ [ [ -94.398719707361707, 18.150955970756225 ], [ -94.394147233653413, 18.150955970756197 ], [ -94.394147233653413, 18.146865062097525 ], [ -94.398719707361707, 18.146865062097525 ], [ -94.398719707361707, 18.150955970756225 ] ] ] } },
{ "type": "Feature", "properties": { "difference_1990_2000": -25.0, "difference_1990_2010": 0.0, "difference_1990_2020": -53.0 }, "geometry": { "type": "Polygon", "coordinates": [ [ [ -94.398719707361707, 18.056888951199426 ], [ -94.394147233653413, 18.056888951199394 ], [ -94.394147233653413, 18.052800210911602 ], [ -94.398719707361707, 18.052800210911602 ], [ -94.398719707361707, 18.056888951199426 ] ] ] } },
{ "type": "Feature", "properties": { "difference_1990_2000": -27.0, "difference_1990_2010": -46.0, "difference_1990_2020": -49.0 }, "geometry": { "type": "Polygon", "coordinates": [ [ [ -94.398719707361707, 18.093691846062736 ], [ -94.394147233653413, 18.093691846062736 ], [ -94.394147233653413, 18.089602258994475 ], [ -94.398719707361707, 18.089602258994475 ], [ -94.398719707361707, 18.093691846062736 ] ] ] } },
{ "type": "Feature", "properties": { "difference_1990_2000": -5.0, "difference_1990_2010": -8.0, "difference_1990_2020": -9.0 }, "geometry": { "type": "Polygon", "coordinates": [ [ [ -94.398719707361707, 18.085512766121539 ], [ -94.394147233653413, 18.085512766121571 ], [ -94.394147233653413, 18.081423367416811 ], [ -94.398719707361707, 18.081423367416836 ], [ -94.398719707361707, 18.085512766121539 ] ] ] } },
{ "type": "Feature", "properties": { "difference_1990_2000": 146.0, "difference_1990_2010": 0.0, "difference_1990_2020": 279.0 }, "geometry": { "type": "Polygon", "coordinates": [ [ [ -94.389574759945134, 18.020093668567874 ], [ -94.385002286236855, 18.020093668567874 ], [ -94.385002286236855, 18.016005772863132 ], [ -94.389574759945134, 18.016005772863132 ], [ -94.389574759945134, 18.020093668567874 ] ] ] } },
{ "type": "Feature", "properties": { "difference_1990_2000": -3.0, "difference_1990_2010": -7.0, "difference_1990_2020": -7.0 }, "geometry": { "type": "Polygon", "coordinates": [ [ [ -94.389574759945134, 18.13050237295294 ], [ -94.385002286236855, 18.130502372952908 ], [ -94.385002286236855, 18.126411936903111 ], [ -94.389574759945134, 18.126411936903111 ], [ -94.389574759945134, 18.13050237295294 ] ] ] } },
{ "type": "Feature", "properties": { "difference_1990_2000": 74.0, "difference_1990_2010": 0.0, "difference_1990_2020": 182.0 }, "geometry": { "type": "Polygon", "coordinates": [ [ [ -94.389574759945134, 18.073244852403299 ], [ -94.385002286236855, 18.073244852403299 ], [ -94.385002286236855, 18.069155736040138 ], [ -94.389574759945134, 18.069155736040123 ], [ -94.389574759945134, 18.073244852403299 ] ] ] } },
{ "type": "Feature", "properties": { "difference_1990_2000": 12.0, "difference_1990_2010": 0.0, "difference_1990_2020": 71.0 }, "geometry": { "type": "Polygon", "coordinates": [ [ [ -94.389574759945134, 18.028269741206909 ], [ -94.385002286236855, 18.028269741206923 ], [ -94.385002286236855, 18.024181658006757 ], [ -94.389574759945134, 18.024181658006757 ], [ -94.389574759945134, 18.028269741206909 ] ] ] } },
{ "type": "Feature", "properties": { "difference_1990_2000": -3.0, "difference_1990_2010": -5.0, "difference_1990_2020": -8.0 }, "geometry": { "type": "Polygon", "coordinates": [ [ [ -94.389574759945134, 18.146865062097557 ], [ -94.385002286236855, 18.146865062097557 ], [ -94.385002286236855, 18.142774248015133 ], [ -94.389574759945134, 18.142774248015133 ], [ -94.389574759945134, 18.146865062097557 ] ] ] } },
{ "type": "Feature", "properties": { "difference_1990_2000": -128.0, "difference_1990_2010": 312.0, "difference_1990_2020": 338.0 }, "geometry": { "type": "Polygon", "coordinates": [ [ [ -94.389574759945134, 18.1591380719113 ], [ -94.385002286236855, 18.1591380719113 ], [ -94.385002286236855, 18.155046974018369 ], [ -94.389574759945134, 18.155046974018369 ], [ -94.389574759945134, 18.1591380719113 ] ] ] } },
{ "type": "Feature", "properties": { "difference_1990_2000": 79.0, "difference_1990_2010": 0.0, "difference_1990_2020": 196.0 }, "geometry": { "type": "Polygon", "coordinates": [ [ [ -94.389574759945134, 18.024181658006757 ], [ -94.385002286236855, 18.024181658006757 ], [ -94.385002286236855, 18.020093668567874 ], [ -94.389574759945134, 18.020093668567874 ], [ -94.389574759945134, 18.024181658006757 ] ] ] } },
{ "type": "Feature", "properties": { "difference_1990_2000": -171.0, "difference_1990_2010": -290.0, "difference_1990_2020": -311.0 }, "geometry": { "type": "Polygon", "coordinates": [ [ [ -94.389574759945134, 18.089602258994454 ], [ -94.385002286236855, 18.089602258994475 ], [ -94.385002286236855, 18.085512766121571 ], [ -94.389574759945134, 18.0855127661216 ], [ -94.389574759945134, 18.089602258994454 ] ] ] } },
{ "type": "Feature", "properties": { "difference_1990_2000": -3.0, "difference_1990_2010": -5.0, "difference_1990_2020": -8.0 }, "geometry": { "type": "Polygon", "coordinates": [ [ [ -94.389574759945134, 18.13459290347004 ], [ -94.385002286236855, 18.134592903470022 ], [ -94.385002286236855, 18.130502372952908 ], [ -94.389574759945134, 18.13050237295294 ], [ -94.389574759945134, 18.13459290347004 ] ] ] } },
{ "type": "Feature", "properties": { "difference_1990_2000": -113.0, "difference_1990_2010": -191.0, "difference_1990_2020": -205.0 }, "geometry": { "type": "Polygon", "coordinates": [ [ [ -94.389574759945134, 18.081423367416836 ], [ -94.385002286236855, 18.081423367416871 ], [ -94.385002286236855, 18.077334062853154 ], [ -94.389574759945134, 18.077334062853154 ], [ -94.389574759945134, 18.081423367416836 ] ] ] } },
{ "type": "Feature", "properties": { "difference_1990_2000": -46.0, "difference_1990_2010": -10.0, "difference_1990_2020": 6.0 }, "geometry": { "type": "Polygon", "coordinates": [ [ [ -94.389574759945134, 18.163229264462188 ], [ -94.385002286236855, 18.163229264462188 ], [ -94.385002286236855, 18.1591380719113 ], [ -94.389574759945134, 18.1591380719113 ], [ -94.389574759945134, 18.163229264462188 ] ] ] } },
{ "type": "Feature", "properties": { "difference_1990_2000": 1.0, "difference_1990_2010": 0.0, "difference_1990_2020": 3.0 }, "geometry": { "type": "Polygon", "coordinates": [ [ [ -94.389574759945134, 18.065066713736559 ], [ -94.385002286236855, 18.065066713736559 ], [ -94.385002286236855, 18.060977785465354 ], [ -94.389574759945134, 18.060977785465372 ], [ -94.389574759945134, 18.065066713736559 ] ] ] } },
{ "type": "Feature", "properties": { "difference_1990_2000": 128.0, "difference_1990_2010": 0.0, "difference_1990_2020": 316.0 }, "geometry": { "type": "Polygon", "coordinates": [ [ [ -94.389574759945134, 18.069155736040123 ], [ -94.385002286236855, 18.069155736040138 ], [ -94.385002286236855, 18.065066713736559 ], [ -94.389574759945134, 18.065066713736559 ], [ -94.389574759945134, 18.069155736040123 ] ] ] } },
{ "type": "Feature", "properties": { "difference_1990_2000": 1.0, "difference_1990_2010": 0.0, "difference_1990_2020": 1.0 }, "geometry": { "type": "Polygon", "coordinates": [ [ [ -94.389574759945134, 18.016005772863132 ], [ -94.385002286236855, 18.016005772863132 ], [ -94.385002286236855, 18.011917970865468 ], [ -94.389574759945134, 18.011917970865486 ], [ -94.389574759945134, 18.016005772863132 ] ] ] } },
{ "type": "Feature", "properties": { "difference_1990_2000": -3.0, "difference_1990_2010": -5.0, "difference_1990_2020": -8.0 }, "geometry": { "type": "Polygon", "coordinates": [ [ [ -94.389574759945134, 18.138683528481661 ], [ -94.385002286236855, 18.138683528481661 ], [ -94.385002286236855, 18.134592903470022 ], [ -94.389574759945134, 18.134592903470022 ], [ -94.389574759945134, 18.138683528481661 ] ] ] } },
{ "type": "Feature", "properties": { "difference_1990_2000": -3.0, "difference_1990_2010": -5.0, "difference_1990_2020": -8.0 }, "geometry": { "type": "Polygon", "coordinates": [ [ [ -94.389574759945134, 18.142774248015133 ], [ -94.385002286236855, 18.142774248015133 ], [ -94.385002286236855, 18.138683528481661 ], [ -94.389574759945134, 18.138683528481661 ], [ -94.389574759945134, 18.142774248015133 ] ] ] } },
{ "type": "Feature", "properties": { "difference_1990_2000": 0.0, "difference_1990_2010": 0.0, "difference_1990_2020": 0.0 }, "geometry": { "type": "Polygon", "coordinates": [ [ [ -94.389574759945134, 18.126411936903075 ], [ -94.385002286236855, 18.126411936903075 ], [ -94.385002286236855, 18.122321595293407 ], [ -94.389574759945134, 18.122321595293407 ], [ -94.389574759945134, 18.126411936903075 ] ] ] } },
{ "type": "Feature", "properties": { "difference_1990_2000": -46.0, "difference_1990_2010": 687.0, "difference_1990_2020": 664.0 }, "geometry": { "type": "Polygon", "coordinates": [ [ [ -94.389574759945134, 18.155046974018369 ], [ -94.385002286236855, 18.155046974018369 ], [ -94.385002286236855, 18.150955970756225 ], [ -94.389574759945134, 18.150955970756225 ], [ -94.389574759945134, 18.155046974018369 ] ] ] } },
{ "type": "Feature", "properties": { "difference_1990_2000": -39.0, "difference_1990_2010": 581.0, "difference_1990_2020": 561.0 }, "geometry": { "type": "Polygon", "coordinates": [ [ [ -94.389574759945134, 18.150955970756225 ], [ -94.385002286236855, 18.150955970756225 ], [ -94.385002286236855, 18.146865062097557 ], [ -94.389574759945134, 18.146865062097557 ], [ -94.389574759945134, 18.150955970756225 ] ] ] } },
{ "type": "Feature", "properties": { "difference_1990_2000": -123.0, "difference_1990_2010": -12.0, "difference_1990_2020": -224.0 }, "geometry": { "type": "Polygon", "coordinates": [ [ [ -94.389574759945134, 18.093691846062736 ], [ -94.385002286236855, 18.093691846062736 ], [ -94.385002286236855, 18.089602258994475 ], [ -94.389574759945134, 18.089602258994454 ], [ -94.389574759945134, 18.093691846062736 ] ] ] } },
{ "type": "Feature", "properties": { "difference_1990_2000": 0.0, "difference_1990_2010": 224.0, "difference_1990_2020": 0.0 }, "geometry": { "type": "Polygon", "coordinates": [ [ [ -94.389574759945134, 18.097781527353483 ], [ -94.385002286236855, 18.097781527353483 ], [ -94.385002286236855, 18.093691846062722 ], [ -94.389574759945134, 18.093691846062676 ], [ -94.389574759945134, 18.097781527353483 ] ] ] } },
{ "type": "Feature", "properties": { "difference_1990_2000": -171.0, "difference_1990_2010": -289.0, "difference_1990_2020": -311.0 }, "geometry": { "type": "Polygon", "coordinates": [ [ [ -94.389574759945134, 18.0855127661216 ], [ -94.385002286236855, 18.085512766121571 ], [ -94.385002286236855, 18.081423367416871 ], [ -94.389574759945134, 18.081423367416836 ], [ -94.389574759945134, 18.0855127661216 ] ] ] } },
{ "type": "Feature", "properties": { "difference_1990_2000": -206.0, "difference_1990_2010": -47.0, "difference_1990_2020": 27.0 }, "geometry": { "type": "Polygon", "coordinates": [ [ [ -94.380429812528575, 18.1591380719113 ], [ -94.375857338820325, 18.1591380719113 ], [ -94.375857338820325, 18.155046974018369 ], [ -94.380429812528575, 18.155046974018369 ], [ -94.380429812528575, 18.1591380719113 ] ] ] } },
{ "type": "Feature", "properties": { "difference_1990_2000": 18.0, "difference_1990_2010": 0.0, "difference_1990_2020": 43.0 }, "geometry": { "type": "Polygon", "coordinates": [ [ [ -94.380429812528575, 18.024181658006757 ], [ -94.375857338820325, 18.024181658006757 ], [ -94.375857338820325, 18.020093668567874 ], [ -94.380429812528575, 18.020093668567874 ], [ -94.380429812528575, 18.024181658006757 ] ] ] } },
{ "type": "Feature", "properties": { "difference_1990_2000": -76.0, "difference_1990_2010": -127.0, "difference_1990_2020": -137.0 }, "geometry": { "type": "Polygon", "coordinates": [ [ [ -94.380429812528575, 18.089602258994475 ], [ -94.375857338820325, 18.089602258994475 ], [ -94.375857338820325, 18.085512766121571 ], [ -94.380429812528575, 18.085512766121571 ], [ -94.380429812528575, 18.089602258994475 ] ] ] } },
{ "type": "Feature", "properties": { "difference_1990_2000": -88.0, "difference_1990_2010": -20.0, "difference_1990_2020": 11.0 }, "geometry": { "type": "Polygon", "coordinates": [ [ [ -94.380429812528575, 18.163229264462174 ], [ -94.375857338820325, 18.163229264462188 ], [ -94.375857338820325, 18.1591380719113 ], [ -94.380429812528575, 18.1591380719113 ], [ -94.380429812528575, 18.163229264462174 ] ] ] } },
{ "type": "Feature", "properties": { "difference_1990_2000": -65.0, "difference_1990_2010": -109.0, "difference_1990_2020": -117.0 }, "geometry": { "type": "Polygon", "coordinates": [ [ [ -94.380429812528575, 18.081423367416836 ], [ -94.375857338820325, 18.081423367416836 ], [ -94.375857338820325, 18.077334062853154 ], [ -94.380429812528575, 18.077334062853119 ], [ -94.380429812528575, 18.081423367416836 ] ] ] } },
{ "type": "Feature", "properties": { "difference_1990_2000": 1.0, "difference_1990_2010": 0.0, "difference_1990_2020": 0.0 }, "geometry": { "type": "Polygon", "coordinates": [ [ [ -94.380429812528575, 18.101871302893969 ], [ -94.375857338820325, 18.101871302893969 ], [ -94.375857338820325, 18.097781527353483 ], [ -94.380429812528575, 18.097781527353469 ], [ -94.380429812528575, 18.101871302893969 ] ] ] } },
{ "type": "Feature", "properties": { "difference_1990_2000": -101.0, "difference_1990_2010": -78.0, "difference_1990_2020": -5.0 }, "geometry": { "type": "Polygon", "coordinates": [ [ [ -94.380429812528575, 18.155046974018369 ], [ -94.375857338820325, 18.155046974018369 ], [ -94.375857338820325, 18.150955970756225 ], [ -94.380429812528575, 18.150955970756225 ], [ -94.380429812528575, 18.155046974018369 ] ] ] } },
{ "type": "Feature", "properties": { "difference_1990_2000": -26.0, "difference_1990_2010": -55.0, "difference_1990_2020": -14.0 }, "geometry": { "type": "Polygon", "coordinates": [ [ [ -94.380429812528575, 18.150955970756225 ], [ -94.375857338820325, 18.150955970756225 ], [ -94.375857338820325, 18.146865062097557 ], [ -94.380429812528575, 18.146865062097557 ], [ -94.380429812528575, 18.150955970756225 ] ] ] } },
{ "type": "Feature", "properties": { "difference_1990_2000": 1.0, "difference_1990_2010": 0.0, "difference_1990_2020": 0.0 }, "geometry": { "type": "Polygon", "coordinates": [ [ [ -94.380429812528575, 18.093691846062736 ], [ -94.375857338820325, 18.093691846062764 ], [ -94.375857338820325, 18.089602258994475 ], [ -94.380429812528575, 18.089602258994475 ], [ -94.380429812528575, 18.093691846062736 ] ] ] } },
{ "type": "Feature", "properties": { "difference_1990_2000": 1.0, "difference_1990_2010": 0.0, "difference_1990_2020": 0.0 }, "geometry": { "type": "Polygon", "coordinates": [ [ [ -94.380429812528575, 18.097781527353469 ], [ -94.375857338820325, 18.097781527353483 ], [ -94.375857338820325, 18.093691846062722 ], [ -94.380429812528575, 18.093691846062722 ], [ -94.380429812528575, 18.097781527353469 ] ] ] } },
{ "type": "Feature", "properties": { "difference_1990_2000": -103.0, "difference_1990_2010": -174.0, "difference_1990_2020": -187.0 }, "geometry": { "type": "Polygon", "coordinates": [ [ [ -94.380429812528575, 18.085512766121571 ], [ -94.375857338820325, 18.085512766121571 ], [ -94.375857338820325, 18.081423367416836 ], [ -94.380429812528575, 18.081423367416836 ], [ -94.380429812528575, 18.085512766121571 ] ] ] } },
{ "type": "Feature", "properties": { "difference_1990_2000": 0.0, "difference_1990_2010": 6.0, "difference_1990_2020": 506.0 }, "geometry": { "type": "Polygon", "coordinates": [ [ [ -94.558756287151354, 18.16732055169841 ], [ -94.554183813443075, 18.16732055169841 ], [ -94.554183813443075, 18.163229264462188 ], [ -94.558756287151354, 18.163229264462188 ], [ -94.558756287151354, 18.16732055169841 ] ] ] } },
{ "type": "Feature", "properties": { "difference_1990_2000": 0.0, "difference_1990_2010": 880.0, "difference_1990_2020": 953.0 }, "geometry": { "type": "Polygon", "coordinates": [ [ [ -94.558756287151354, 18.146865062097557 ], [ -94.554183813443075, 18.146865062097557 ], [ -94.554183813443075, 18.142774248015151 ], [ -94.558756287151354, 18.142774248015133 ], [ -94.558756287151354, 18.146865062097557 ] ] ] } },
{ "type": "Feature", "properties": { "difference_1990_2000": 0.0, "difference_1990_2010": 1119.0, "difference_1990_2020": 2656.0 }, "geometry": { "type": "Polygon", "coordinates": [ [ [ -94.558756287151354, 18.1591380719113 ], [ -94.554183813443075, 18.1591380719113 ], [ -94.554183813443075, 18.155046974018369 ], [ -94.558756287151354, 18.155046974018369 ], [ -94.558756287151354, 18.1591380719113 ] ] ] } },
{ "type": "Feature", "properties": { "difference_1990_2000": 0.0, "difference_1990_2010": 302.0, "difference_1990_2020": 1981.0 }, "geometry": { "type": "Polygon", "coordinates": [ [ [ -94.558756287151354, 18.163229264462188 ], [ -94.554183813443075, 18.163229264462188 ], [ -94.554183813443075, 18.1591380719113 ], [ -94.558756287151354, 18.1591380719113 ], [ -94.558756287151354, 18.163229264462188 ] ] ] } },
{ "type": "Feature", "properties": { "difference_1990_2000": 0.0, "difference_1990_2010": 523.0, "difference_1990_2020": 751.0 }, "geometry": { "type": "Polygon", "coordinates": [ [ [ -94.558756287151354, 18.142774248015133 ], [ -94.554183813443075, 18.142774248015151 ], [ -94.554183813443075, 18.138683528481661 ], [ -94.558756287151354, 18.138683528481661 ], [ -94.558756287151354, 18.142774248015133 ] ] ] } },
{ "type": "Feature", "properties": { "difference_1990_2000": 0.0, "difference_1990_2010": 1642.0, "difference_1990_2020": 2545.0 }, "geometry": { "type": "Polygon", "coordinates": [ [ [ -94.558756287151354, 18.155046974018369 ], [ -94.554183813443075, 18.155046974018369 ], [ -94.554183813443075, 18.150955970756225 ], [ -94.558756287151354, 18.150955970756225 ], [ -94.558756287151354, 18.155046974018369 ] ] ] } },
{ "type": "Feature", "properties": { "difference_1990_2000": 0.0, "difference_1990_2010": 1123.0, "difference_1990_2020": 1796.0 }, "geometry": { "type": "Polygon", "coordinates": [ [ [ -94.558756287151354, 18.150955970756225 ], [ -94.554183813443075, 18.150955970756225 ], [ -94.554183813443075, 18.146865062097557 ], [ -94.558756287151354, 18.146865062097557 ], [ -94.558756287151354, 18.150955970756225 ] ] ] } },
{ "type": "Feature", "properties": { "difference_1990_2000": 17.0, "difference_1990_2010": 13.0, "difference_1990_2020": 13.0 }, "geometry": { "type": "Polygon", "coordinates": [ [ [ -94.371284865112045, 18.146865062097557 ], [ -94.366712391403766, 18.146865062097557 ], [ -94.366712391403766, 18.142774248015133 ], [ -94.371284865112045, 18.142774248015133 ], [ -94.371284865112045, 18.146865062097557 ] ] ] } },
{ "type": "Feature", "properties": { "difference_1990_2000": 70.0, "difference_1990_2010": 60.0, "difference_1990_2020": 90.0 }, "geometry": { "type": "Polygon", "coordinates": [ [ [ -94.371284865112045, 18.1591380719113 ], [ -94.366712391403766, 18.1591380719113 ], [ -94.366712391403766, 18.155046974018369 ], [ -94.371284865112045, 18.155046974018369 ], [ -94.371284865112045, 18.1591380719113 ] ] ] } },
{ "type": "Feature", "properties": { "difference_1990_2000": 1.0, "difference_1990_2010": 1.0, "difference_1990_2020": 0.0 }, "geometry": { "type": "Polygon", "coordinates": [ [ [ -94.371284865112045, 18.089602258994475 ], [ -94.366712391403766, 18.089602258994475 ], [ -94.366712391403766, 18.085512766121571 ], [ -94.371284865112045, 18.085512766121571 ], [ -94.371284865112045, 18.089602258994475 ] ] ] } },
{ "type": "Feature", "properties": { "difference_1990_2000": 50.0, "difference_1990_2010": 44.0, "difference_1990_2020": 69.0 }, "geometry": { "type": "Polygon", "coordinates": [ [ [ -94.371284865112045, 18.163229264462188 ], [ -94.366712391403766, 18.163229264462188 ], [ -94.366712391403766, 18.1591380719113 ], [ -94.371284865112045, 18.1591380719113 ], [ -94.371284865112045, 18.163229264462188 ] ] ] } },
{ "type": "Feature", "properties": { "difference_1990_2000": 1.0, "difference_1990_2010": 0.0, "difference_1990_2020": 0.0 }, "geometry": { "type": "Polygon", "coordinates": [ [ [ -94.371284865112045, 18.101871302893969 ], [ -94.366712391403766, 18.101871302893969 ], [ -94.366712391403766, 18.097781527353483 ], [ -94.371284865112045, 18.097781527353483 ], [ -94.371284865112045, 18.101871302893969 ] ] ] } },
{ "type": "Feature", "properties": { "difference_1990_2000": 80.0, "difference_1990_2010": 62.0, "difference_1990_2020": 64.0 }, "geometry": { "type": "Polygon", "coordinates": [ [ [ -94.371284865112045, 18.155046974018369 ], [ -94.366712391403766, 18.155046974018369 ], [ -94.366712391403766, 18.150955970756225 ], [ -94.371284865112045, 18.150955970756225 ], [ -94.371284865112045, 18.155046974018369 ] ] ] } },
{ "type": "Feature", "properties": { "difference_1990_2000": 81.0, "difference_1990_2010": 62.0, "difference_1990_2020": 62.0 }, "geometry": { "type": "Polygon", "coordinates": [ [ [ -94.371284865112045, 18.150955970756225 ], [ -94.366712391403766, 18.150955970756225 ], [ -94.366712391403766, 18.146865062097557 ], [ -94.371284865112045, 18.146865062097557 ], [ -94.371284865112045, 18.150955970756225 ] ] ] } },
{ "type": "Feature", "properties": { "difference_1990_2000": 1.0, "difference_1990_2010": 1.0, "difference_1990_2020": 0.0 }, "geometry": { "type": "Polygon", "coordinates": [ [ [ -94.371284865112045, 18.093691846062736 ], [ -94.366712391403766, 18.093691846062736 ], [ -94.366712391403766, 18.089602258994475 ], [ -94.371284865112045, 18.089602258994475 ], [ -94.371284865112045, 18.093691846062736 ] ] ] } },
{ "type": "Feature", "properties": { "difference_1990_2000": 1.0, "difference_1990_2010": 1.0, "difference_1990_2020": 0.0 }, "geometry": { "type": "Polygon", "coordinates": [ [ [ -94.371284865112045, 18.097781527353483 ], [ -94.366712391403766, 18.097781527353483 ], [ -94.366712391403766, 18.093691846062676 ], [ -94.371284865112045, 18.093691846062676 ], [ -94.371284865112045, 18.097781527353483 ] ] ] } },
{ "type": "Feature", "properties": { "difference_1990_2000": 1.0, "difference_1990_2010": 0.0, "difference_1990_2020": 0.0 }, "geometry": { "type": "Polygon", "coordinates": [ [ [ -94.371284865112045, 18.085512766121571 ], [ -94.366712391403766, 18.085512766121571 ], [ -94.366712391403766, 18.081423367416836 ], [ -94.371284865112045, 18.081423367416811 ], [ -94.371284865112045, 18.085512766121571 ] ] ] } },
{ "type": "Feature", "properties": { "difference_1990_2000": 0.0, "difference_1990_2010": 7.0, "difference_1990_2020": 10.0 }, "geometry": { "type": "Polygon", "coordinates": [ [ [ -94.549611339734795, 18.16732055169841 ], [ -94.545038866026545, 18.16732055169841 ], [ -94.545038866026545, 18.163229264462188 ], [ -94.549611339734795, 18.163229264462231 ], [ -94.549611339734795, 18.16732055169841 ] ] ] } },
{ "type": "Feature", "properties": { "difference_1990_2000": 0.0, "difference_1990_2010": 33.0, "difference_1990_2020": 1479.0 }, "geometry": { "type": "Polygon", "coordinates": [ [ [ -94.549611339734795, 18.1591380719113 ], [ -94.545038866026545, 18.1591380719113 ], [ -94.545038866026545, 18.155046974018404 ], [ -94.549611339734795, 18.155046974018404 ], [ -94.549611339734795, 18.1591380719113 ] ] ] } },
{ "type": "Feature", "properties": { "difference_1990_2000": 0.0, "difference_1990_2010": 156.0, "difference_1990_2020": 429.0 }, "geometry": { "type": "Polygon", "coordinates": [ [ [ -94.549611339734795, 18.163229264462231 ], [ -94.545038866026545, 18.163229264462188 ], [ -94.545038866026545, 18.1591380719113 ], [ -94.549611339734795, 18.1591380719113 ], [ -94.549611339734795, 18.163229264462231 ] ] ] } },
{ "type": "Feature", "properties": { "difference_1990_2000": 0.0, "difference_1990_2010": 0.0, "difference_1990_2020": 1148.0 }, "geometry": { "type": "Polygon", "coordinates": [ [ [ -94.549611339734795, 18.150955970756225 ], [ -94.545038866026545, 18.150955970756225 ], [ -94.545038866026545, 18.146865062097557 ], [ -94.549611339734795, 18.146865062097557 ], [ -94.549611339734795, 18.150955970756225 ] ] ] } },
{ "type": "Feature", "properties": { "difference_1990_2000": 0.0, "difference_1990_2010": 0.0, "difference_1990_2020": 2163.0 }, "geometry": { "type": "Polygon", "coordinates": [ [ [ -94.549611339734795, 18.155046974018404 ], [ -94.545038866026545, 18.155046974018404 ], [ -94.545038866026545, 18.150955970756225 ], [ -94.549611339734795, 18.150955970756225 ], [ -94.549611339734795, 18.155046974018404 ] ] ] } }
]
}
