{
"type": "FeatureCollection",
"name": "M03.02",
"crs": { "type": "name", "properties": { "name": "urn:ogc:def:crs:OGC:1.3:CRS84" } },
"features": [
{ "type": "Feature", "properties": { "difference_1990_2000": 0.0, "difference_1990_2010": 0.0, "difference_1990_2020": 2.0 }, "geometry": { "type": "Polygon", "coordinates": [ [ [ -109.748513946044824, 23.035173068269678 ], [ -109.743941472336545, 23.035173068269685 ], [ -109.743941472336545, 23.030950513070092 ], [ -109.748513946044824, 23.030950513070128 ], [ -109.748513946044824, 23.035173068269678 ] ] ] } },
{ "type": "Feature", "properties": { "difference_1990_2000": 0.0, "difference_1990_2010": 0.0, "difference_1990_2020": 6.0 }, "geometry": { "type": "Polygon", "coordinates": [ [ [ -109.748513946044824, 23.030950513070128 ], [ -109.743941472336545, 23.030950513070092 ], [ -109.743941472336545, 23.026728088659628 ], [ -109.748513946044824, 23.026728088659649 ], [ -109.748513946044824, 23.030950513070128 ] ] ] } },
{ "type": "Feature", "properties": { "difference_1990_2000": 0.0, "difference_1990_2010": 0.0, "difference_1990_2020": 1.0 }, "geometry": { "type": "Polygon", "coordinates": [ [ [ -109.748513946044824, 23.022505795003276 ], [ -109.743941472336545, 23.022505795003273 ], [ -109.743941472336545, 23.018283632066051 ], [ -109.748513946044824, 23.018283632066051 ], [ -109.748513946044824, 23.022505795003276 ] ] ] } },
{ "type": "Feature", "properties": { "difference_1990_2000": 0.0, "difference_1990_2010": 0.0, "difference_1990_2020": 2.0 }, "geometry": { "type": "Polygon", "coordinates": [ [ [ -109.748513946044824, 23.026728088659649 ], [ -109.743941472336545, 23.026728088659628 ], [ -109.743941472336545, 23.022505795003273 ], [ -109.748513946044824, 23.022505795003276 ], [ -109.748513946044824, 23.026728088659649 ] ] ] } },
{ "type": "Feature", "properties": { "difference_1990_2000": 0.0, "difference_1990_2010": 7.0, "difference_1990_2020": 326.0 }, "geometry": { "type": "Polygon", "coordinates": [ [ [ -109.739368998628265, 23.115426513545589 ], [ -109.734796524919986, 23.115426513545589 ], [ -109.734796524919986, 23.111201466699747 ], [ -109.739368998628265, 23.111201466699768 ], [ -109.739368998628265, 23.115426513545589 ] ] ] } },
{ "type": "Feature", "properties": { "difference_1990_2000": 0.0, "difference_1990_2010": 0.0, "difference_1990_2020": 1.0 }, "geometry": { "type": "Polygon", "coordinates": [ [ [ -109.739368998628265, 23.140779557142231 ], [ -109.734796524919986, 23.140779557142199 ], [ -109.734796524919986, 23.136553720828715 ], [ -109.739368998628265, 23.136553720828715 ], [ -109.739368998628265, 23.140779557142231 ] ] ] } },
{ "type": "Feature", "properties": { "difference_1990_2000": 0.0, "difference_1990_2010": 0.0, "difference_1990_2020": 13.0 }, "geometry": { "type": "Polygon", "coordinates": [ [ [ -109.739368998628265, 23.123877001742652 ], [ -109.734796524919986, 23.123877001742617 ], [ -109.734796524919986, 23.119651691881529 ], [ -109.739368998628265, 23.119651691881494 ], [ -109.739368998628265, 23.123877001742652 ] ] ] } },
{ "type": "Feature", "properties": { "difference_1990_2000": 0.0, "difference_1990_2010": 0.0, "difference_1990_2020": 3.0 }, "geometry": { "type": "Polygon", "coordinates": [ [ [ -109.739368998628265, 23.035173068269682 ], [ -109.734796524919986, 23.035173068269678 ], [ -109.734796524919986, 23.030950513070092 ], [ -109.739368998628265, 23.030950513070145 ], [ -109.739368998628265, 23.035173068269682 ] ] ] } },
{ "type": "Feature", "properties": { "difference_1990_2000": 0.0, "difference_1990_2010": 136.0, "difference_1990_2020": 1250.0 }, "geometry": { "type": "Polygon", "coordinates": [ [ [ -109.739368998628265, 23.111201466699768 ], [ -109.734796524919986, 23.111201466699747 ], [ -109.734796524919986, 23.106976551308897 ], [ -109.739368998628265, 23.106976551308911 ], [ -109.739368998628265, 23.111201466699768 ] ] ] } },
{ "type": "Feature", "properties": { "difference_1990_2000": 0.0, "difference_1990_2010": 0.0, "difference_1990_2020": 7.0 }, "geometry": { "type": "Polygon", "coordinates": [ [ [ -109.739368998628265, 23.030950513070145 ], [ -109.734796524919986, 23.030950513070092 ], [ -109.734796524919986, 23.026728088659652 ], [ -109.739368998628265, 23.026728088659645 ], [ -109.739368998628265, 23.030950513070145 ] ] ] } },
{ "type": "Feature", "properties": { "difference_1990_2000": 0.0, "difference_1990_2010": 30.0, "difference_1990_2020": 142.0 }, "geometry": { "type": "Polygon", "coordinates": [ [ [ -109.739368998628265, 23.098527114751423 ], [ -109.734796524919986, 23.098527114751459 ], [ -109.734796524919986, 23.094302593514627 ], [ -109.739368998628265, 23.094302593514662 ], [ -109.739368998628265, 23.098527114751423 ] ] ] } },
{ "type": "Feature", "properties": { "difference_1990_2000": 0.0, "difference_1990_2010": 0.0, "difference_1990_2020": 7.0 }, "geometry": { "type": "Polygon", "coordinates": [ [ [ -109.739368998628265, 23.022505795003273 ], [ -109.734796524919986, 23.022505795003276 ], [ -109.734796524919986, 23.018283632066055 ], [ -109.739368998628265, 23.018283632066051 ], [ -109.739368998628265, 23.022505795003273 ] ] ] } },
{ "type": "Feature", "properties": { "difference_1990_2000": 0.0, "difference_1990_2010": 283.0, "difference_1990_2020": 1293.0 }, "geometry": { "type": "Polygon", "coordinates": [ [ [ -109.739368998628265, 23.102751767337793 ], [ -109.734796524919986, 23.102751767337836 ], [ -109.734796524919986, 23.098527114751459 ], [ -109.739368998628265, 23.098527114751423 ], [ -109.739368998628265, 23.102751767337793 ] ] ] } },
{ "type": "Feature", "properties": { "difference_1990_2000": 0.0, "difference_1990_2010": 0.0, "difference_1990_2020": 7.0 }, "geometry": { "type": "Polygon", "coordinates": [ [ [ -109.739368998628265, 23.026728088659645 ], [ -109.734796524919986, 23.026728088659652 ], [ -109.734796524919986, 23.022505795003276 ], [ -109.739368998628265, 23.022505795003273 ], [ -109.739368998628265, 23.026728088659645 ] ] ] } },
{ "type": "Feature", "properties": { "difference_1990_2000": 0.0, "difference_1990_2010": 217.0, "difference_1990_2020": 1332.0 }, "geometry": { "type": "Polygon", "coordinates": [ [ [ -109.739368998628265, 23.106976551308911 ], [ -109.734796524919986, 23.106976551308897 ], [ -109.734796524919986, 23.102751767337836 ], [ -109.739368998628265, 23.102751767337793 ], [ -109.739368998628265, 23.106976551308911 ] ] ] } },
{ "type": "Feature", "properties": { "difference_1990_2000": 0.0, "difference_1990_2010": 0.0, "difference_1990_2020": 45.0 }, "geometry": { "type": "Polygon", "coordinates": [ [ [ -109.739368998628265, 23.014061599813047 ], [ -109.734796524919986, 23.014061599813068 ], [ -109.734796524919986, 23.009839698209273 ], [ -109.739368998628265, 23.009839698209305 ], [ -109.739368998628265, 23.014061599813047 ] ] ] } },
{ "type": "Feature", "properties": { "difference_1990_2000": 0.0, "difference_1990_2010": 0.0, "difference_1990_2020": 1.0 }, "geometry": { "type": "Polygon", "coordinates": [ [ [ -109.739368998628265, 23.018283632066051 ], [ -109.734796524919986, 23.018283632066055 ], [ -109.734796524919986, 23.014061599813068 ], [ -109.739368998628265, 23.014061599813047 ], [ -109.739368998628265, 23.018283632066051 ] ] ] } },
{ "type": "Feature", "properties": { "difference_1990_2000": 0.0, "difference_1990_2010": 0.0, "difference_1990_2020": 521.0 }, "geometry": { "type": "Polygon", "coordinates": [ [ [ -109.739368998628265, 23.119651691881494 ], [ -109.734796524919986, 23.119651691881494 ], [ -109.734796524919986, 23.115426513545589 ], [ -109.739368998628265, 23.115426513545589 ], [ -109.739368998628265, 23.119651691881494 ] ] ] } },
{ "type": "Feature", "properties": { "difference_1990_2000": 0.0, "difference_1990_2010": 0.0, "difference_1990_2020": 272.0 }, "geometry": { "type": "Polygon", "coordinates": [ [ [ -109.730224051211735, 23.140779557142199 ], [ -109.725651577503442, 23.140779557142199 ], [ -109.725651577503442, 23.136553720828719 ], [ -109.730224051211735, 23.136553720828719 ], [ -109.730224051211735, 23.140779557142199 ] ] ] } },
{ "type": "Feature", "properties": { "difference_1990_2000": 0.0, "difference_1990_2010": 305.0, "difference_1990_2020": 1229.0 }, "geometry": { "type": "Polygon", "coordinates": [ [ [ -109.730224051211735, 23.123877001742621 ], [ -109.725651577503442, 23.123877001742617 ], [ -109.725651577503442, 23.119651691881494 ], [ -109.730224051211735, 23.119651691881494 ], [ -109.730224051211735, 23.123877001742621 ] ] ] } },
{ "type": "Feature", "properties": { "difference_1990_2000": 0.0, "difference_1990_2010": 262.0, "difference_1990_2020": 733.0 }, "geometry": { "type": "Polygon", "coordinates": [ [ [ -109.730224051211735, 23.115426513545625 ], [ -109.725651577503442, 23.115426513545593 ], [ -109.725651577503442, 23.111201466699768 ], [ -109.730224051211735, 23.111201466699804 ], [ -109.730224051211735, 23.115426513545625 ] ] ] } },
{ "type": "Feature", "properties": { "difference_1990_2000": 0.0, "difference_1990_2010": 1604.0, "difference_1990_2020": 2001.0 }, "geometry": { "type": "Polygon", "coordinates": [ [ [ -109.730224051211735, 23.111201466699804 ], [ -109.725651577503442, 23.111201466699768 ], [ -109.725651577503442, 23.106976551308897 ], [ -109.730224051211735, 23.106976551308897 ], [ -109.730224051211735, 23.111201466699804 ] ] ] } },
{ "type": "Feature", "properties": { "difference_1990_2000": 0.0, "difference_1990_2010": 0.0, "difference_1990_2020": 2.0 }, "geometry": { "type": "Polygon", "coordinates": [ [ [ -109.730224051211735, 23.030950513070128 ], [ -109.725651577503442, 23.030950513070131 ], [ -109.725651577503442, 23.026728088659628 ], [ -109.730224051211735, 23.026728088659649 ], [ -109.730224051211735, 23.030950513070128 ] ] ] } },
{ "type": "Feature", "properties": { "difference_1990_2000": 0.0, "difference_1990_2010": 0.0, "difference_1990_2020": 232.0 }, "geometry": { "type": "Polygon", "coordinates": [ [ [ -109.730224051211735, 23.136553720828719 ], [ -109.725651577503442, 23.136553720828719 ], [ -109.725651577503442, 23.132328016181081 ], [ -109.730224051211735, 23.132328016181077 ], [ -109.730224051211735, 23.136553720828719 ] ] ] } },
{ "type": "Feature", "properties": { "difference_1990_2000": 0.0, "difference_1990_2010": 1766.0, "difference_1990_2020": 2149.0 }, "geometry": { "type": "Polygon", "coordinates": [ [ [ -109.730224051211735, 23.098527114751427 ], [ -109.725651577503442, 23.098527114751473 ], [ -109.725651577503442, 23.094302593514627 ], [ -109.730224051211735, 23.09430259351463 ], [ -109.730224051211735, 23.098527114751427 ] ] ] } },
{ "type": "Feature", "properties": { "difference_1990_2000": 0.0, "difference_1990_2010": 0.0, "difference_1990_2020": 7.0 }, "geometry": { "type": "Polygon", "coordinates": [ [ [ -109.730224051211735, 23.022505795003269 ], [ -109.725651577503442, 23.022505795003273 ], [ -109.725651577503442, 23.018283632066055 ], [ -109.730224051211735, 23.018283632066055 ], [ -109.730224051211735, 23.022505795003269 ] ] ] } },
{ "type": "Feature", "properties": { "difference_1990_2000": 0.0, "difference_1990_2010": 1489.0, "difference_1990_2020": 1925.0 }, "geometry": { "type": "Polygon", "coordinates": [ [ [ -109.730224051211735, 23.102751767337796 ], [ -109.725651577503442, 23.102751767337789 ], [ -109.725651577503442, 23.098527114751473 ], [ -109.730224051211735, 23.098527114751427 ], [ -109.730224051211735, 23.102751767337796 ] ] ] } },
{ "type": "Feature", "properties": { "difference_1990_2000": 0.0, "difference_1990_2010": 270.0, "difference_1990_2020": 1129.0 }, "geometry": { "type": "Polygon", "coordinates": [ [ [ -109.730224051211735, 23.128102443164128 ], [ -109.725651577503442, 23.128102443164078 ], [ -109.725651577503442, 23.123877001742617 ], [ -109.730224051211735, 23.123877001742621 ], [ -109.730224051211735, 23.128102443164128 ] ] ] } },
{ "type": "Feature", "properties": { "difference_1990_2000": 0.0, "difference_1990_2010": 333.0, "difference_1990_2020": 1752.0 }, "geometry": { "type": "Polygon", "coordinates": [ [ [ -109.730224051211735, 23.085853944949562 ], [ -109.725651577503442, 23.085853944949559 ], [ -109.725651577503442, 23.081629817551001 ], [ -109.730224051211735, 23.081629817551029 ], [ -109.730224051211735, 23.085853944949562 ] ] ] } },
{ "type": "Feature", "properties": { "difference_1990_2000": 0.0, "difference_1990_2010": 1768.0, "difference_1990_2020": 2020.0 }, "geometry": { "type": "Polygon", "coordinates": [ [ [ -109.730224051211735, 23.106976551308897 ], [ -109.725651577503442, 23.106976551308897 ], [ -109.725651577503442, 23.102751767337789 ], [ -109.730224051211735, 23.102751767337796 ], [ -109.730224051211735, 23.106976551308897 ] ] ] } },
{ "type": "Feature", "properties": { "difference_1990_2000": 0.0, "difference_1990_2010": 0.0, "difference_1990_2020": 6.0 }, "geometry": { "type": "Polygon", "coordinates": [ [ [ -109.730224051211735, 23.026728088659649 ], [ -109.725651577503442, 23.026728088659628 ], [ -109.725651577503442, 23.022505795003273 ], [ -109.730224051211735, 23.022505795003269 ], [ -109.730224051211735, 23.026728088659649 ] ] ] } },
{ "type": "Feature", "properties": { "difference_1990_2000": 0.0, "difference_1990_2010": 0.0, "difference_1990_2020": 55.0 }, "geometry": { "type": "Polygon", "coordinates": [ [ [ -109.730224051211735, 23.145005525156712 ], [ -109.725651577503442, 23.145005525156709 ], [ -109.725651577503442, 23.140779557142199 ], [ -109.730224051211735, 23.140779557142199 ], [ -109.730224051211735, 23.145005525156712 ] ] ] } },
{ "type": "Feature", "properties": { "difference_1990_2000": 0.0, "difference_1990_2010": 0.0, "difference_1990_2020": 3.0 }, "geometry": { "type": "Polygon", "coordinates": [ [ [ -109.730224051211735, 23.014061599813047 ], [ -109.725651577503442, 23.014061599813051 ], [ -109.725651577503442, 23.009839698209277 ], [ -109.730224051211735, 23.009839698209273 ], [ -109.730224051211735, 23.014061599813047 ] ] ] } },
{ "type": "Feature", "properties": { "difference_1990_2000": 0.0, "difference_1990_2010": 864.0, "difference_1990_2020": 1807.0 }, "geometry": { "type": "Polygon", "coordinates": [ [ [ -109.730224051211735, 23.081629817551029 ], [ -109.725651577503442, 23.081629817551001 ], [ -109.725651577503442, 23.077405821361829 ], [ -109.730224051211735, 23.077405821361829 ], [ -109.730224051211735, 23.081629817551029 ] ] ] } },
{ "type": "Feature", "properties": { "difference_1990_2000": 0.0, "difference_1990_2010": 0.0, "difference_1990_2020": 7.0 }, "geometry": { "type": "Polygon", "coordinates": [ [ [ -109.730224051211735, 23.018283632066055 ], [ -109.725651577503442, 23.018283632066055 ], [ -109.725651577503442, 23.014061599813051 ], [ -109.730224051211735, 23.014061599813047 ], [ -109.730224051211735, 23.018283632066055 ] ] ] } },
{ "type": "Feature", "properties": { "difference_1990_2000": 0.0, "difference_1990_2010": 61.0, "difference_1990_2020": 325.0 }, "geometry": { "type": "Polygon", "coordinates": [ [ [ -109.730224051211735, 23.132328016181077 ], [ -109.725651577503442, 23.132328016181081 ], [ -109.725651577503442, 23.128102443164078 ], [ -109.730224051211735, 23.128102443164128 ], [ -109.730224051211735, 23.132328016181077 ] ] ] } },
{ "type": "Feature", "properties": { "difference_1990_2000": 127.0, "difference_1990_2010": 384.0, "difference_1990_2020": 764.0 }, "geometry": { "type": "Polygon", "coordinates": [ [ [ -109.730224051211735, 23.09430259351463 ], [ -109.725651577503442, 23.094302593514627 ], [ -109.725651577503442, 23.090078203592402 ], [ -109.730224051211735, 23.090078203592402 ], [ -109.730224051211735, 23.09430259351463 ] ] ] } },
{ "type": "Feature", "properties": { "difference_1990_2000": 0.0, "difference_1990_2010": 117.0, "difference_1990_2020": 1090.0 }, "geometry": { "type": "Polygon", "coordinates": [ [ [ -109.730224051211735, 23.119651691881494 ], [ -109.725651577503442, 23.119651691881494 ], [ -109.725651577503442, 23.115426513545593 ], [ -109.730224051211735, 23.115426513545625 ], [ -109.730224051211735, 23.119651691881494 ] ] ] } },
{ "type": "Feature", "properties": { "difference_1990_2000": 0.0, "difference_1990_2010": 198.0, "difference_1990_2020": 852.0 }, "geometry": { "type": "Polygon", "coordinates": [ [ [ -109.730224051211735, 23.077405821361829 ], [ -109.725651577503442, 23.077405821361829 ], [ -109.725651577503442, 23.073181956346797 ], [ -109.730224051211735, 23.073181956346776 ], [ -109.730224051211735, 23.077405821361829 ] ] ] } },
{ "type": "Feature", "properties": { "difference_1990_2000": 0.0, "difference_1990_2010": 0.0, "difference_1990_2020": 28.0 }, "geometry": { "type": "Polygon", "coordinates": [ [ [ -109.730224051211735, 23.009839698209273 ], [ -109.725651577503442, 23.009839698209277 ], [ -109.725651577503442, 23.005617927219912 ], [ -109.730224051211735, 23.005617927219919 ], [ -109.730224051211735, 23.009839698209273 ] ] ] } },
{ "type": "Feature", "properties": { "difference_1990_2000": 0.0, "difference_1990_2010": 0.0, "difference_1990_2020": 2.0 }, "geometry": { "type": "Polygon", "coordinates": [ [ [ -109.721079103795162, 23.15768421975827 ], [ -109.716506630086883, 23.15768421975827 ], [ -109.716506630086883, 23.153457856429519 ], [ -109.721079103795162, 23.153457856429526 ], [ -109.721079103795162, 23.15768421975827 ] ] ] } },
{ "type": "Feature", "properties": { "difference_1990_2000": 145.0, "difference_1990_2010": 280.0, "difference_1990_2020": 822.0 }, "geometry": { "type": "Polygon", "coordinates": [ [ [ -109.721079103795162, 23.115426513545593 ], [ -109.716506630086883, 23.115426513545589 ], [ -109.716506630086883, 23.111201466699764 ], [ -109.721079103795162, 23.111201466699747 ], [ -109.721079103795162, 23.115426513545593 ] ] ] } },
{ "type": "Feature", "properties": { "difference_1990_2000": 606.0, "difference_1990_2010": 699.0, "difference_1990_2020": 921.0 }, "geometry": { "type": "Polygon", "coordinates": [ [ [ -109.721079103795162, 23.123877001742621 ], [ -109.716506630086883, 23.123877001742617 ], [ -109.716506630086883, 23.119651691881494 ], [ -109.721079103795162, 23.119651691881494 ], [ -109.721079103795162, 23.123877001742621 ] ] ] } },
{ "type": "Feature", "properties": { "difference_1990_2000": 0.0, "difference_1990_2010": 0.0, "difference_1990_2020": 1.0 }, "geometry": { "type": "Polygon", "coordinates": [ [ [ -109.721079103795162, 23.170364100936297 ], [ -109.716506630086883, 23.170364100936268 ], [ -109.716506630086883, 23.166137341976434 ], [ -109.721079103795162, 23.166137341976437 ], [ -109.721079103795162, 23.170364100936297 ] ] ] } },
{ "type": "Feature", "properties": { "difference_1990_2000": 0.0, "difference_1990_2010": 0.0, "difference_1990_2020": 48.0 }, "geometry": { "type": "Polygon", "coordinates": [ [ [ -109.721079103795162, 23.035173068269682 ], [ -109.716506630086883, 23.035173068269682 ], [ -109.716506630086883, 23.030950513070128 ], [ -109.721079103795162, 23.030950513070131 ], [ -109.721079103795162, 23.035173068269682 ] ] ] } },
{ "type": "Feature", "properties": { "difference_1990_2000": 388.0, "difference_1990_2010": 1308.0, "difference_1990_2020": 1165.0 }, "geometry": { "type": "Polygon", "coordinates": [ [ [ -109.721079103795162, 23.111201466699747 ], [ -109.716506630086883, 23.111201466699764 ], [ -109.716506630086883, 23.106976551308875 ], [ -109.721079103795162, 23.1069765513089 ], [ -109.721079103795162, 23.111201466699747 ] ] ] } },
{ "type": "Feature", "properties": { "difference_1990_2000": 0.0, "difference_1990_2010": 0.0, "difference_1990_2020": 14.0 }, "geometry": { "type": "Polygon", "coordinates": [ [ [ -109.721079103795162, 23.030950513070131 ], [ -109.716506630086883, 23.030950513070128 ], [ -109.716506630086883, 23.026728088659649 ], [ -109.721079103795162, 23.026728088659649 ], [ -109.721079103795162, 23.030950513070131 ] ] ] } },
{ "type": "Feature", "properties": { "difference_1990_2000": 0.0, "difference_1990_2010": 0.0, "difference_1990_2020": 2.0 }, "geometry": { "type": "Polygon", "coordinates": [ [ [ -109.721079103795162, 23.136553720828719 ], [ -109.716506630086883, 23.136553720828722 ], [ -109.716506630086883, 23.132328016181077 ], [ -109.721079103795162, 23.132328016181074 ], [ -109.721079103795162, 23.136553720828719 ] ] ] } },
{ "type": "Feature", "properties": { "difference_1990_2000": 0.0, "difference_1990_2010": 0.0, "difference_1990_2020": 2.0 }, "geometry": { "type": "Polygon", "coordinates": [ [ [ -109.721079103795162, 23.022505795003273 ], [ -109.716506630086883, 23.022505795003227 ], [ -109.716506630086883, 23.018283632066048 ], [ -109.721079103795162, 23.018283632066051 ], [ -109.721079103795162, 23.022505795003273 ] ] ] } },
{ "type": "Feature", "properties": { "difference_1990_2000": 0.0, "difference_1990_2010": 0.0, "difference_1990_2020": 18.0 }, "geometry": { "type": "Polygon", "coordinates": [ [ [ -109.721079103795162, 23.039395754293267 ], [ -109.716506630086883, 23.039395754293263 ], [ -109.716506630086883, 23.035173068269682 ], [ -109.721079103795162, 23.035173068269682 ], [ -109.721079103795162, 23.039395754293267 ] ] ] } },
{ "type": "Feature", "properties": { "difference_1990_2000": 867.0, "difference_1990_2010": 1385.0, "difference_1990_2020": 1580.0 }, "geometry": { "type": "Polygon", "coordinates": [ [ [ -109.721079103795162, 23.098527114751459 ], [ -109.716506630086883, 23.09852711475142 ], [ -109.716506630086883, 23.094302593514627 ], [ -109.721079103795162, 23.094302593514627 ], [ -109.721079103795162, 23.098527114751459 ] ] ] } },
{ "type": "Feature", "properties": { "difference_1990_2000": 0.0, "difference_1990_2010": 19.0, "difference_1990_2020": 81.0 }, "geometry": { "type": "Polygon", "coordinates": [ [ [ -109.721079103795162, 23.128102443164128 ], [ -109.716506630086883, 23.128102443164099 ], [ -109.716506630086883, 23.123877001742617 ], [ -109.721079103795162, 23.123877001742621 ], [ -109.721079103795162, 23.128102443164128 ] ] ] } },
{ "type": "Feature", "properties": { "difference_1990_2000": 858.0, "difference_1990_2010": 1298.0, "difference_1990_2020": 1530.0 }, "geometry": { "type": "Polygon", "coordinates": [ [ [ -109.721079103795162, 23.102751767337832 ], [ -109.716506630086883, 23.102751767337796 ], [ -109.716506630086883, 23.09852711475142 ], [ -109.721079103795162, 23.098527114751459 ], [ -109.721079103795162, 23.102751767337832 ] ] ] } },
{ "type": "Feature", "properties": { "difference_1990_2000": 0.0, "difference_1990_2010": 49.0, "difference_1990_2020": 311.0 }, "geometry": { "type": "Polygon", "coordinates": [ [ [ -109.721079103795162, 23.085853944949577 ], [ -109.716506630086883, 23.085853944949555 ], [ -109.716506630086883, 23.081629817551001 ], [ -109.721079103795162, 23.081629817551033 ], [ -109.721079103795162, 23.085853944949577 ] ] ] } },
{ "type": "Feature", "properties": { "difference_1990_2000": 1028.0, "difference_1990_2010": 1322.0, "difference_1990_2020": 1500.0 }, "geometry": { "type": "Polygon", "coordinates": [ [ [ -109.721079103795162, 23.1069765513089 ], [ -109.716506630086883, 23.106976551308875 ], [ -109.716506630086883, 23.102751767337796 ], [ -109.721079103795162, 23.102751767337832 ], [ -109.721079103795162, 23.1069765513089 ] ] ] } },
{ "type": "Feature", "properties": { "difference_1990_2000": 0.0, "difference_1990_2010": 0.0, "difference_1990_2020": 6.0 }, "geometry": { "type": "Polygon", "coordinates": [ [ [ -109.721079103795162, 23.026728088659649 ], [ -109.716506630086883, 23.026728088659649 ], [ -109.716506630086883, 23.022505795003227 ], [ -109.721079103795162, 23.022505795003273 ], [ -109.721079103795162, 23.026728088659649 ] ] ] } },
{ "type": "Feature", "properties": { "difference_1990_2000": 0.0, "difference_1990_2010": 318.0, "difference_1990_2020": 309.0 }, "geometry": { "type": "Polygon", "coordinates": [ [ [ -109.721079103795162, 23.068958222470918 ], [ -109.716506630086883, 23.068958222470872 ], [ -109.716506630086883, 23.064734619699141 ], [ -109.721079103795162, 23.064734619699145 ], [ -109.721079103795162, 23.068958222470918 ] ] ] } },
{ "type": "Feature", "properties": { "difference_1990_2000": 0.0, "difference_1990_2010": 0.0, "difference_1990_2020": 2.0 }, "geometry": { "type": "Polygon", "coordinates": [ [ [ -109.721079103795162, 23.145005525156712 ], [ -109.716506630086883, 23.145005525156709 ], [ -109.716506630086883, 23.140779557142199 ], [ -109.721079103795162, 23.140779557142185 ], [ -109.721079103795162, 23.145005525156712 ] ] ] } },
{ "type": "Feature", "properties": { "difference_1990_2000": 0.0, "difference_1990_2010": 123.0, "difference_1990_2020": 281.0 }, "geometry": { "type": "Polygon", "coordinates": [ [ [ -109.721079103795162, 23.081629817551033 ], [ -109.716506630086883, 23.081629817551001 ], [ -109.716506630086883, 23.077405821361829 ], [ -109.721079103795162, 23.077405821361825 ], [ -109.721079103795162, 23.081629817551033 ] ] ] } },
{ "type": "Feature", "properties": { "difference_1990_2000": 0.0, "difference_1990_2010": 0.0, "difference_1990_2020": 2.0 }, "geometry": { "type": "Polygon", "coordinates": [ [ [ -109.721079103795162, 23.132328016181074 ], [ -109.716506630086883, 23.132328016181077 ], [ -109.716506630086883, 23.128102443164099 ], [ -109.721079103795162, 23.128102443164128 ], [ -109.721079103795162, 23.132328016181074 ] ] ] } },
{ "type": "Feature", "properties": { "difference_1990_2000": 0.0, "difference_1990_2010": 0.0, "difference_1990_2020": 2.0 }, "geometry": { "type": "Polygon", "coordinates": [ [ [ -109.721079103795162, 23.149231624907451 ], [ -109.716506630086883, 23.149231624907451 ], [ -109.716506630086883, 23.145005525156709 ], [ -109.721079103795162, 23.145005525156712 ], [ -109.721079103795162, 23.149231624907451 ] ] ] } },
{ "type": "Feature", "properties": { "difference_1990_2000": 0.0, "difference_1990_2010": 1703.0, "difference_1990_2020": 1788.0 }, "geometry": { "type": "Polygon", "coordinates": [ [ [ -109.721079103795162, 23.073181956346797 ], [ -109.716506630086883, 23.073181956346797 ], [ -109.716506630086883, 23.068958222470872 ], [ -109.721079103795162, 23.068958222470918 ], [ -109.721079103795162, 23.073181956346797 ] ] ] } },
{ "type": "Feature", "properties": { "difference_1990_2000": 806.0, "difference_1990_2010": 1246.0, "difference_1990_2020": 1393.0 }, "geometry": { "type": "Polygon", "coordinates": [ [ [ -109.721079103795162, 23.094302593514627 ], [ -109.716506630086883, 23.094302593514627 ], [ -109.716506630086883, 23.090078203592377 ], [ -109.721079103795162, 23.090078203592377 ], [ -109.721079103795162, 23.094302593514627 ] ] ] } },
{ "type": "Feature", "properties": { "difference_1990_2000": 230.0, "difference_1990_2010": 705.0, "difference_1990_2020": 1080.0 }, "geometry": { "type": "Polygon", "coordinates": [ [ [ -109.721079103795162, 23.119651691881494 ], [ -109.716506630086883, 23.119651691881494 ], [ -109.716506630086883, 23.115426513545589 ], [ -109.721079103795162, 23.115426513545593 ], [ -109.721079103795162, 23.119651691881494 ] ] ] } },
{ "type": "Feature", "properties": { "difference_1990_2000": 0.0, "difference_1990_2010": 0.0, "difference_1990_2020": 2.0 }, "geometry": { "type": "Polygon", "coordinates": [ [ [ -109.721079103795162, 23.161910714928837 ], [ -109.716506630086883, 23.16191071492883 ], [ -109.716506630086883, 23.15768421975827 ], [ -109.721079103795162, 23.15768421975827 ], [ -109.721079103795162, 23.161910714928837 ] ] ] } },
{ "type": "Feature", "properties": { "difference_1990_2000": 0.0, "difference_1990_2010": 0.0, "difference_1990_2020": 2.0 }, "geometry": { "type": "Polygon", "coordinates": [ [ [ -109.721079103795162, 23.153457856429526 ], [ -109.716506630086883, 23.153457856429519 ], [ -109.716506630086883, 23.149231624907451 ], [ -109.721079103795162, 23.149231624907451 ], [ -109.721079103795162, 23.153457856429526 ] ] ] } },
{ "type": "Feature", "properties": { "difference_1990_2000": 0.0, "difference_1990_2010": 1081.0, "difference_1990_2020": 1255.0 }, "geometry": { "type": "Polygon", "coordinates": [ [ [ -109.721079103795162, 23.077405821361825 ], [ -109.716506630086883, 23.077405821361829 ], [ -109.716506630086883, 23.073181956346797 ], [ -109.721079103795162, 23.073181956346797 ], [ -109.721079103795162, 23.077405821361825 ] ] ] } },
{ "type": "Feature", "properties": { "difference_1990_2000": 0.0, "difference_1990_2010": 0.0, "difference_1990_2020": 2.0 }, "geometry": { "type": "Polygon", "coordinates": [ [ [ -109.721079103795162, 23.166137341976437 ], [ -109.716506630086883, 23.166137341976434 ], [ -109.716506630086883, 23.16191071492883 ], [ -109.721079103795162, 23.161910714928837 ], [ -109.721079103795162, 23.166137341976437 ] ] ] } },
{ "type": "Feature", "properties": { "difference_1990_2000": 0.0, "difference_1990_2010": 0.0, "difference_1990_2020": 11.0 }, "geometry": { "type": "Polygon", "coordinates": [ [ [ -109.721079103795162, 23.043618571175926 ], [ -109.716506630086883, 23.043618571175919 ], [ -109.716506630086883, 23.039395754293263 ], [ -109.721079103795162, 23.039395754293267 ], [ -109.721079103795162, 23.043618571175926 ] ] ] } },
{ "type": "Feature", "properties": { "difference_1990_2000": 0.0, "difference_1990_2010": 0.0, "difference_1990_2020": 2.0 }, "geometry": { "type": "Polygon", "coordinates": [ [ [ -109.721079103795162, 23.140779557142185 ], [ -109.716506630086883, 23.140779557142199 ], [ -109.716506630086883, 23.136553720828722 ], [ -109.721079103795162, 23.136553720828719 ], [ -109.721079103795162, 23.140779557142185 ] ] ] } },
{ "type": "Feature", "properties": { "difference_1990_2000": 129.0, "difference_1990_2010": 318.0, "difference_1990_2020": 315.0 }, "geometry": { "type": "Polygon", "coordinates": [ [ [ -109.721079103795162, 23.090078203592377 ], [ -109.716506630086883, 23.090078203592377 ], [ -109.716506630086883, 23.085853944949555 ], [ -109.721079103795162, 23.085853944949577 ], [ -109.721079103795162, 23.090078203592377 ] ] ] } },
{ "type": "Feature", "properties": { "difference_1990_2000": 294.0, "difference_1990_2010": 634.0, "difference_1990_2020": 651.0 }, "geometry": { "type": "Polygon", "coordinates": [ [ [ -109.711934156378618, 23.140779557142199 ], [ -109.707361682670339, 23.140779557142199 ], [ -109.707361682670339, 23.136553720828758 ], [ -109.711934156378618, 23.136553720828722 ], [ -109.711934156378618, 23.140779557142199 ] ] ] } },
{ "type": "Feature", "properties": { "difference_1990_2000": 38.0, "difference_1990_2010": 92.0, "difference_1990_2020": 136.0 }, "geometry": { "type": "Polygon", "coordinates": [ [ [ -109.711934156378618, 23.157684219758288 ], [ -109.707361682670339, 23.157684219758281 ], [ -109.707361682670339, 23.153457856429522 ], [ -109.711934156378618, 23.153457856429526 ], [ -109.711934156378618, 23.157684219758288 ] ] ] } },
{ "type": "Feature", "properties": { "difference_1990_2000": 379.0, "difference_1990_2010": 535.0, "difference_1990_2020": 634.0 }, "geometry": { "type": "Polygon", "coordinates": [ [ [ -109.711934156378618, 23.123877001742621 ], [ -109.707361682670339, 23.123877001742617 ], [ -109.707361682670339, 23.119651691881497 ], [ -109.711934156378618, 23.119651691881494 ], [ -109.711934156378618, 23.123877001742621 ] ] ] } },
{ "type": "Feature", "properties": { "difference_1990_2000": -100.0, "difference_1990_2010": -32.0, "difference_1990_2020": -15.0 }, "geometry": { "type": "Polygon", "coordinates": [ [ [ -109.711934156378618, 23.115426513545621 ], [ -109.707361682670339, 23.115426513545597 ], [ -109.707361682670339, 23.111201466699768 ], [ -109.711934156378618, 23.1112014666998 ], [ -109.711934156378618, 23.115426513545621 ] ] ] } },
{ "type": "Feature", "properties": { "difference_1990_2000": 0.0, "difference_1990_2010": 161.0, "difference_1990_2020": 181.0 }, "geometry": { "type": "Polygon", "coordinates": [ [ [ -109.711934156378618, 23.170364100936293 ], [ -109.707361682670339, 23.170364100936268 ], [ -109.707361682670339, 23.16613734197643 ], [ -109.711934156378618, 23.16613734197643 ], [ -109.711934156378618, 23.170364100936293 ] ] ] } },
{ "type": "Feature", "properties": { "difference_1990_2000": 0.0, "difference_1990_2010": 0.0, "difference_1990_2020": 3.0 }, "geometry": { "type": "Polygon", "coordinates": [ [ [ -109.711934156378618, 23.035173068269682 ], [ -109.707361682670339, 23.035173068269675 ], [ -109.707361682670339, 23.030950513070131 ], [ -109.711934156378618, 23.030950513070149 ], [ -109.711934156378618, 23.035173068269682 ] ] ] } },
{ "type": "Feature", "properties": { "difference_1990_2000": -135.0, "difference_1990_2010": -98.0, "difference_1990_2020": -96.0 }, "geometry": { "type": "Polygon", "coordinates": [ [ [ -109.711934156378618, 23.1112014666998 ], [ -109.707361682670339, 23.111201466699768 ], [ -109.707361682670339, 23.106976551308907 ], [ -109.711934156378618, 23.106976551308897 ], [ -109.711934156378618, 23.1112014666998 ] ] ] } },
{ "type": "Feature", "properties": { "difference_1990_2000": 202.0, "difference_1990_2010": 401.0, "difference_1990_2020": 289.0 }, "geometry": { "type": "Polygon", "coordinates": [ [ [ -109.711934156378618, 23.060511147996465 ], [ -109.707361682670339, 23.060511147996476 ], [ -109.707361682670339, 23.056287807327788 ], [ -109.711934156378618, 23.056287807327788 ], [ -109.711934156378618, 23.060511147996465 ] ] ] } },
{ "type": "Feature", "properties": { "difference_1990_2000": 47.0, "difference_1990_2010": 165.0, "difference_1990_2020": 641.0 }, "geometry": { "type": "Polygon", "coordinates": [ [ [ -109.711934156378618, 23.136553720828722 ], [ -109.707361682670339, 23.136553720828758 ], [ -109.707361682670339, 23.132328016181077 ], [ -109.711934156378618, 23.132328016181074 ], [ -109.711934156378618, 23.136553720828722 ] ] ] } },
{ "type": "Feature", "properties": { "difference_1990_2000": 239.0, "difference_1990_2010": 270.0, "difference_1990_2020": 391.0 }, "geometry": { "type": "Polygon", "coordinates": [ [ [ -109.711934156378618, 23.09852711475142 ], [ -109.707361682670339, 23.098527114751423 ], [ -109.707361682670339, 23.094302593514662 ], [ -109.711934156378618, 23.094302593514662 ], [ -109.711934156378618, 23.09852711475142 ] ] ] } },
{ "type": "Feature", "properties": { "difference_1990_2000": 173.0, "difference_1990_2010": 251.0, "difference_1990_2020": 610.0 }, "geometry": { "type": "Polygon", "coordinates": [ [ [ -109.711934156378618, 23.128102443164103 ], [ -109.707361682670339, 23.128102443164128 ], [ -109.707361682670339, 23.123877001742617 ], [ -109.711934156378618, 23.123877001742621 ], [ -109.711934156378618, 23.128102443164103 ] ] ] } },
{ "type": "Feature", "properties": { "difference_1990_2000": -151.0, "difference_1990_2010": -71.0, "difference_1990_2020": -19.0 }, "geometry": { "type": "Polygon", "coordinates": [ [ [ -109.711934156378618, 23.102751767337804 ], [ -109.707361682670339, 23.102751767337836 ], [ -109.707361682670339, 23.098527114751423 ], [ -109.711934156378618, 23.09852711475142 ], [ -109.711934156378618, 23.102751767337804 ] ] ] } },
{ "type": "Feature", "properties": { "difference_1990_2000": 0.0, "difference_1990_2010": 0.0, "difference_1990_2020": 24.0 }, "geometry": { "type": "Polygon", "coordinates": [ [ [ -109.711934156378618, 23.039395754293267 ], [ -109.707361682670339, 23.039395754293313 ], [ -109.707361682670339, 23.035173068269675 ], [ -109.711934156378618, 23.035173068269682 ], [ -109.711934156378618, 23.039395754293267 ] ] ] } },
{ "type": "Feature", "properties": { "difference_1990_2000": 160.0, "difference_1990_2010": 875.0, "difference_1990_2020": 1440.0 }, "geometry": { "type": "Polygon", "coordinates": [ [ [ -109.711934156378618, 23.085853944949562 ], [ -109.707361682670339, 23.085853944949562 ], [ -109.707361682670339, 23.081629817551054 ], [ -109.711934156378618, 23.081629817551054 ], [ -109.711934156378618, 23.085853944949562 ] ] ] } },
{ "type": "Feature", "properties": { "difference_1990_2000": -362.0, "difference_1990_2010": -267.0, "difference_1990_2020": -255.0 }, "geometry": { "type": "Polygon", "coordinates": [ [ [ -109.711934156378618, 23.106976551308897 ], [ -109.707361682670339, 23.106976551308907 ], [ -109.707361682670339, 23.102751767337836 ], [ -109.711934156378618, 23.102751767337804 ], [ -109.711934156378618, 23.106976551308897 ] ] ] } },
{ "type": "Feature", "properties": { "difference_1990_2000": 165.0, "difference_1990_2010": 301.0, "difference_1990_2020": 226.0 }, "geometry": { "type": "Polygon", "coordinates": [ [ [ -109.711934156378618, 23.068958222470915 ], [ -109.707361682670339, 23.068958222470915 ], [ -109.707361682670339, 23.064734619699138 ], [ -109.711934156378618, 23.064734619699138 ], [ -109.711934156378618, 23.068958222470915 ] ] ] } },
{ "type": "Feature", "properties": { "difference_1990_2000": 370.0, "difference_1990_2010": 382.0, "difference_1990_2020": 419.0 }, "geometry": { "type": "Polygon", "coordinates": [ [ [ -109.711934156378618, 23.145005525156705 ], [ -109.707361682670339, 23.145005525156712 ], [ -109.707361682670339, 23.140779557142199 ], [ -109.711934156378618, 23.140779557142199 ], [ -109.711934156378618, 23.145005525156705 ] ] ] } },
{ "type": "Feature", "properties": { "difference_1990_2000": 559.0, "difference_1990_2010": 586.0, "difference_1990_2020": 676.0 }, "geometry": { "type": "Polygon", "coordinates": [ [ [ -109.711934156378618, 23.081629817551054 ], [ -109.707361682670339, 23.081629817551054 ], [ -109.707361682670339, 23.077405821361825 ], [ -109.711934156378618, 23.077405821361832 ], [ -109.711934156378618, 23.081629817551054 ] ] ] } },
{ "type": "Feature", "properties": { "difference_1990_2000": 64.0, "difference_1990_2010": 91.0, "difference_1990_2020": 85.0 }, "geometry": { "type": "Polygon", "coordinates": [ [ [ -109.711934156378618, 23.052064597658163 ], [ -109.707361682670339, 23.052064597658134 ], [ -109.707361682670339, 23.04784151895252 ], [ -109.711934156378618, 23.047841518952556 ], [ -109.711934156378618, 23.052064597658163 ] ] ] } },
{ "type": "Feature", "properties": { "difference_1990_2000": 0.0, "difference_1990_2010": 0.0, "difference_1990_2020": 658.0 }, "geometry": { "type": "Polygon", "coordinates": [ [ [ -109.711934156378618, 23.132328016181074 ], [ -109.707361682670339, 23.132328016181077 ], [ -109.707361682670339, 23.128102443164128 ], [ -109.711934156378618, 23.128102443164103 ], [ -109.711934156378618, 23.132328016181074 ] ] ] } },
{ "type": "Feature", "properties": { "difference_1990_2000": 185.0, "difference_1990_2010": 246.0, "difference_1990_2020": 276.0 }, "geometry": { "type": "Polygon", "coordinates": [ [ [ -109.711934156378618, 23.149231624907451 ], [ -109.707361682670339, 23.149231624907451 ], [ -109.707361682670339, 23.145005525156712 ], [ -109.711934156378618, 23.145005525156705 ], [ -109.711934156378618, 23.149231624907451 ] ] ] } },
{ "type": "Feature", "properties": { "difference_1990_2000": 882.0, "difference_1990_2010": 987.0, "difference_1990_2020": 1022.0 }, "geometry": { "type": "Polygon", "coordinates": [ [ [ -109.711934156378618, 23.073181956346794 ], [ -109.707361682670339, 23.073181956346801 ], [ -109.707361682670339, 23.068958222470915 ], [ -109.711934156378618, 23.068958222470915 ], [ -109.711934156378618, 23.073181956346794 ] ] ] } },
{ "type": "Feature", "properties": { "difference_1990_2000": 18.0, "difference_1990_2010": 28.0, "difference_1990_2020": 32.0 }, "geometry": { "type": "Polygon", "coordinates": [ [ [ -109.711934156378618, 23.047841518952463 ], [ -109.707361682670339, 23.047841518952463 ], [ -109.707361682670339, 23.04361857117593 ], [ -109.711934156378618, 23.043618571175926 ], [ -109.711934156378618, 23.047841518952463 ] ] ] } },
{ "type": "Feature", "properties": { "difference_1990_2000": 349.0, "difference_1990_2010": 504.0, "difference_1990_2020": 612.0 }, "geometry": { "type": "Polygon", "coordinates": [ [ [ -109.711934156378618, 23.119651691881494 ], [ -109.707361682670339, 23.119651691881497 ], [ -109.707361682670339, 23.115426513545597 ], [ -109.711934156378618, 23.115426513545621 ], [ -109.711934156378618, 23.119651691881494 ] ] ] } },
{ "type": "Feature", "properties": { "difference_1990_2000": 0.0, "difference_1990_2010": 582.0, "difference_1990_2020": 735.0 }, "geometry": { "type": "Polygon", "coordinates": [ [ [ -109.711934156378618, 23.161910714928837 ], [ -109.707361682670339, 23.16191071492883 ], [ -109.707361682670339, 23.157684219758281 ], [ -109.711934156378618, 23.157684219758288 ], [ -109.711934156378618, 23.161910714928837 ] ] ] } },
{ "type": "Feature", "properties": { "difference_1990_2000": 300.0, "difference_1990_2010": 291.0, "difference_1990_2020": 547.0 }, "geometry": { "type": "Polygon", "coordinates": [ [ [ -109.711934156378618, 23.094302593514662 ], [ -109.707361682670339, 23.094302593514662 ], [ -109.707361682670339, 23.090078203592377 ], [ -109.711934156378618, 23.09007820359238 ], [ -109.711934156378618, 23.094302593514662 ] ] ] } },
{ "type": "Feature", "properties": { "difference_1990_2000": 137.0, "difference_1990_2010": 221.0, "difference_1990_2020": 243.0 }, "geometry": { "type": "Polygon", "coordinates": [ [ [ -109.711934156378618, 23.153457856429526 ], [ -109.707361682670339, 23.153457856429522 ], [ -109.707361682670339, 23.149231624907451 ], [ -109.711934156378618, 23.149231624907451 ], [ -109.711934156378618, 23.153457856429526 ] ] ] } },
{ "type": "Feature", "properties": { "difference_1990_2000": 104.0, "difference_1990_2010": 248.0, "difference_1990_2020": 59.0 }, "geometry": { "type": "Polygon", "coordinates": [ [ [ -109.711934156378618, 23.064734619699138 ], [ -109.707361682670339, 23.064734619699138 ], [ -109.707361682670339, 23.060511147996476 ], [ -109.711934156378618, 23.060511147996465 ], [ -109.711934156378618, 23.064734619699138 ] ] ] } },
{ "type": "Feature", "properties": { "difference_1990_2000": 939.0, "difference_1990_2010": 1065.0, "difference_1990_2020": 1279.0 }, "geometry": { "type": "Polygon", "coordinates": [ [ [ -109.711934156378618, 23.077405821361832 ], [ -109.707361682670339, 23.077405821361825 ], [ -109.707361682670339, 23.073181956346801 ], [ -109.711934156378618, 23.073181956346794 ], [ -109.711934156378618, 23.077405821361832 ] ] ] } },
{ "type": "Feature", "properties": { "difference_1990_2000": 0.0, "difference_1990_2010": 611.0, "difference_1990_2020": 773.0 }, "geometry": { "type": "Polygon", "coordinates": [ [ [ -109.711934156378618, 23.16613734197643 ], [ -109.707361682670339, 23.16613734197643 ], [ -109.707361682670339, 23.16191071492883 ], [ -109.711934156378618, 23.161910714928837 ], [ -109.711934156378618, 23.16613734197643 ] ] ] } },
{ "type": "Feature", "properties": { "difference_1990_2000": 0.0, "difference_1990_2010": 0.0, "difference_1990_2020": 11.0 }, "geometry": { "type": "Polygon", "coordinates": [ [ [ -109.711934156378618, 23.043618571175926 ], [ -109.707361682670339, 23.04361857117593 ], [ -109.707361682670339, 23.039395754293313 ], [ -109.711934156378618, 23.039395754293267 ], [ -109.711934156378618, 23.043618571175926 ] ] ] } },
{ "type": "Feature", "properties": { "difference_1990_2000": 119.0, "difference_1990_2010": 194.0, "difference_1990_2020": 136.0 }, "geometry": { "type": "Polygon", "coordinates": [ [ [ -109.711934156378618, 23.056287807327788 ], [ -109.707361682670339, 23.056287807327788 ], [ -109.707361682670339, 23.052064597658134 ], [ -109.711934156378618, 23.052064597658163 ], [ -109.711934156378618, 23.056287807327788 ] ] ] } },
{ "type": "Feature", "properties": { "difference_1990_2000": 237.0, "difference_1990_2010": 588.0, "difference_1990_2020": 1126.0 }, "geometry": { "type": "Polygon", "coordinates": [ [ [ -109.711934156378618, 23.09007820359238 ], [ -109.707361682670339, 23.090078203592377 ], [ -109.707361682670339, 23.085853944949562 ], [ -109.711934156378618, 23.085853944949562 ], [ -109.711934156378618, 23.09007820359238 ] ] ] } },
{ "type": "Feature", "properties": { "difference_1990_2000": 45.0, "difference_1990_2010": 42.0, "difference_1990_2020": 85.0 }, "geometry": { "type": "Polygon", "coordinates": [ [ [ -109.702789208962074, 23.157684219758281 ], [ -109.69821673525378, 23.157684219758274 ], [ -109.69821673525378, 23.153457856429522 ], [ -109.702789208962074, 23.153457856429522 ], [ -109.702789208962074, 23.157684219758281 ] ] ] } },
{ "type": "Feature", "properties": { "difference_1990_2000": 0.0, "difference_1990_2010": 0.0, "difference_1990_2020": 6.0 }, "geometry": { "type": "Polygon", "coordinates": [ [ [ -109.702789208962074, 23.170364100936272 ], [ -109.69821673525378, 23.170364100936297 ], [ -109.69821673525378, 23.16613734197643 ], [ -109.702789208962074, 23.166137341976434 ], [ -109.702789208962074, 23.170364100936272 ] ] ] } },
{ "type": "Feature", "properties": { "difference_1990_2000": 212.0, "difference_1990_2010": 221.0, "difference_1990_2020": 56.0 }, "geometry": { "type": "Polygon", "coordinates": [ [ [ -109.702789208962074, 23.060511147996476 ], [ -109.69821673525378, 23.060511147996461 ], [ -109.69821673525378, 23.056287807327788 ], [ -109.702789208962074, 23.056287807327784 ], [ -109.702789208962074, 23.060511147996476 ] ] ] } },
{ "type": "Feature", "properties": { "difference_1990_2000": 0.0, "difference_1990_2010": 416.0, "difference_1990_2020": 472.0 }, "geometry": { "type": "Polygon", "coordinates": [ [ [ -109.702789208962074, 23.085853944949566 ], [ -109.69821673525378, 23.08585394494952 ], [ -109.69821673525378, 23.081629817551029 ], [ -109.702789208962074, 23.081629817551025 ], [ -109.702789208962074, 23.085853944949566 ] ] ] } },
{ "type": "Feature", "properties": { "difference_1990_2000": -28.0, "difference_1990_2010": -39.0, "difference_1990_2020": -34.0 }, "geometry": { "type": "Polygon", "coordinates": [ [ [ -109.702789208962074, 23.068958222470911 ], [ -109.69821673525378, 23.068958222470915 ], [ -109.69821673525378, 23.064734619699138 ], [ -109.702789208962074, 23.064734619699134 ], [ -109.702789208962074, 23.068958222470911 ] ] ] } },
{ "type": "Feature", "properties": { "difference_1990_2000": 0.0, "difference_1990_2010": 0.0, "difference_1990_2020": 1.0 }, "geometry": { "type": "Polygon", "coordinates": [ [ [ -109.702789208962074, 23.145005525156702 ], [ -109.69821673525378, 23.145005525156716 ], [ -109.69821673525378, 23.140779557142203 ], [ -109.702789208962074, 23.140779557142196 ], [ -109.702789208962074, 23.145005525156702 ] ] ] } },
{ "type": "Feature", "properties": { "difference_1990_2000": 0.0, "difference_1990_2010": 61.0, "difference_1990_2020": 236.0 }, "geometry": { "type": "Polygon", "coordinates": [ [ [ -109.702789208962074, 23.081629817551025 ], [ -109.69821673525378, 23.081629817551029 ], [ -109.69821673525378, 23.077405821361825 ], [ -109.702789208962074, 23.077405821361825 ], [ -109.702789208962074, 23.081629817551025 ] ] ] } },
{ "type": "Feature", "properties": { "difference_1990_2000": -7.0, "difference_1990_2010": 48.0, "difference_1990_2020": 0.0 }, "geometry": { "type": "Polygon", "coordinates": [ [ [ -109.702789208962074, 23.052064597658131 ], [ -109.69821673525378, 23.052064597658163 ], [ -109.69821673525378, 23.047841518952513 ], [ -109.702789208962074, 23.04784151895252 ], [ -109.702789208962074, 23.052064597658131 ] ] ] } },
{ "type": "Feature", "properties": { "difference_1990_2000": 10.0, "difference_1990_2010": 10.0, "difference_1990_2020": 17.0 }, "geometry": { "type": "Polygon", "coordinates": [ [ [ -109.702789208962074, 23.149231624907451 ], [ -109.69821673525378, 23.149231624907451 ], [ -109.69821673525378, 23.145005525156716 ], [ -109.702789208962074, 23.145005525156702 ], [ -109.702789208962074, 23.149231624907451 ] ] ] } },
{ "type": "Feature", "properties": { "difference_1990_2000": 0.0, "difference_1990_2010": 14.0, "difference_1990_2020": 13.0 }, "geometry": { "type": "Polygon", "coordinates": [ [ [ -109.702789208962074, 23.073181956346797 ], [ -109.69821673525378, 23.073181956346776 ], [ -109.69821673525378, 23.068958222470915 ], [ -109.702789208962074, 23.068958222470911 ], [ -109.702789208962074, 23.073181956346797 ] ] ] } },
{ "type": "Feature", "properties": { "difference_1990_2000": -7.0, "difference_1990_2010": 48.0, "difference_1990_2020": 0.0 }, "geometry": { "type": "Polygon", "coordinates": [ [ [ -109.702789208962074, 23.047841518952463 ], [ -109.69821673525378, 23.047841518952513 ], [ -109.69821673525378, 23.043618571175923 ], [ -109.702789208962074, 23.043618571175923 ], [ -109.702789208962074, 23.047841518952463 ] ] ] } },
{ "type": "Feature", "properties": { "difference_1990_2000": 0.0, "difference_1990_2010": 9.0, "difference_1990_2020": 9.0 }, "geometry": { "type": "Polygon", "coordinates": [ [ [ -109.702789208962074, 23.09430259351463 ], [ -109.69821673525378, 23.094302593514609 ], [ -109.69821673525378, 23.090078203592373 ], [ -109.702789208962074, 23.090078203592377 ], [ -109.702789208962074, 23.09430259351463 ] ] ] } },
{ "type": "Feature", "properties": { "difference_1990_2000": 0.0, "difference_1990_2010": 37.0, "difference_1990_2020": 32.0 }, "geometry": { "type": "Polygon", "coordinates": [ [ [ -109.702789208962074, 23.16191071492883 ], [ -109.69821673525378, 23.161910714928826 ], [ -109.69821673525378, 23.157684219758274 ], [ -109.702789208962074, 23.157684219758281 ], [ -109.702789208962074, 23.16191071492883 ] ] ] } },
{ "type": "Feature", "properties": { "difference_1990_2000": 151.0, "difference_1990_2010": 91.0, "difference_1990_2020": 235.0 }, "geometry": { "type": "Polygon", "coordinates": [ [ [ -109.702789208962074, 23.153457856429522 ], [ -109.69821673525378, 23.153457856429522 ], [ -109.69821673525378, 23.149231624907451 ], [ -109.702789208962074, 23.149231624907451 ], [ -109.702789208962074, 23.153457856429522 ] ] ] } },
{ "type": "Feature", "properties": { "difference_1990_2000": 67.0, "difference_1990_2010": 27.0, "difference_1990_2020": -65.0 }, "geometry": { "type": "Polygon", "coordinates": [ [ [ -109.702789208962074, 23.064734619699134 ], [ -109.69821673525378, 23.064734619699138 ], [ -109.69821673525378, 23.060511147996461 ], [ -109.702789208962074, 23.060511147996476 ], [ -109.702789208962074, 23.064734619699134 ] ] ] } },
{ "type": "Feature", "properties": { "difference_1990_2000": 0.0, "difference_1990_2010": 34.0, "difference_1990_2020": 48.0 }, "geometry": { "type": "Polygon", "coordinates": [ [ [ -109.702789208962074, 23.077405821361825 ], [ -109.69821673525378, 23.077405821361825 ], [ -109.69821673525378, 23.073181956346776 ], [ -109.702789208962074, 23.073181956346797 ], [ -109.702789208962074, 23.077405821361825 ] ] ] } },
{ "type": "Feature", "properties": { "difference_1990_2000": 0.0, "difference_1990_2010": 15.0, "difference_1990_2020": 12.0 }, "geometry": { "type": "Polygon", "coordinates": [ [ [ -109.702789208962074, 23.166137341976434 ], [ -109.69821673525378, 23.16613734197643 ], [ -109.69821673525378, 23.161910714928826 ], [ -109.702789208962074, 23.16191071492883 ], [ -109.702789208962074, 23.166137341976434 ] ] ] } },
{ "type": "Feature", "properties": { "difference_1990_2000": -5.0, "difference_1990_2010": 33.0, "difference_1990_2020": -1.0 }, "geometry": { "type": "Polygon", "coordinates": [ [ [ -109.702789208962074, 23.043618571175923 ], [ -109.69821673525378, 23.043618571175923 ], [ -109.69821673525378, 23.039395754293306 ], [ -109.702789208962074, 23.03939575429327 ], [ -109.702789208962074, 23.043618571175923 ] ] ] } },
{ "type": "Feature", "properties": { "difference_1990_2000": -6.0, "difference_1990_2010": 48.0, "difference_1990_2020": -1.0 }, "geometry": { "type": "Polygon", "coordinates": [ [ [ -109.702789208962074, 23.056287807327784 ], [ -109.69821673525378, 23.056287807327788 ], [ -109.69821673525378, 23.052064597658163 ], [ -109.702789208962074, 23.052064597658131 ], [ -109.702789208962074, 23.056287807327784 ] ] ] } },
{ "type": "Feature", "properties": { "difference_1990_2000": 0.0, "difference_1990_2010": 44.0, "difference_1990_2020": 71.0 }, "geometry": { "type": "Polygon", "coordinates": [ [ [ -109.702789208962074, 23.090078203592377 ], [ -109.69821673525378, 23.090078203592373 ], [ -109.69821673525378, 23.08585394494952 ], [ -109.702789208962074, 23.085853944949566 ], [ -109.702789208962074, 23.090078203592377 ] ] ] } },
{ "type": "Feature", "properties": { "difference_1990_2000": -57.0, "difference_1990_2010": -59.0, "difference_1990_2020": -81.0 }, "geometry": { "type": "Polygon", "coordinates": [ [ [ -109.693644261545501, 23.060511147996479 ], [ -109.689071787837221, 23.060511147996468 ], [ -109.689071787837221, 23.056287807327784 ], [ -109.693644261545501, 23.056287807327813 ], [ -109.693644261545501, 23.060511147996479 ] ] ] } },
{ "type": "Feature", "properties": { "difference_1990_2000": -4.0, "difference_1990_2010": 23.0, "difference_1990_2020": 0.0 }, "geometry": { "type": "Polygon", "coordinates": [ [ [ -109.693644261545501, 23.052064597658156 ], [ -109.689071787837221, 23.052064597658141 ], [ -109.689071787837221, 23.047841518952513 ], [ -109.693644261545501, 23.047841518952517 ], [ -109.693644261545501, 23.052064597658156 ] ] ] } },
{ "type": "Feature", "properties": { "difference_1990_2000": -36.0, "difference_1990_2010": -37.0, "difference_1990_2020": -50.0 }, "geometry": { "type": "Polygon", "coordinates": [ [ [ -109.693644261545501, 23.064734619699134 ], [ -109.689071787837221, 23.06473461969912 ], [ -109.689071787837221, 23.060511147996468 ], [ -109.693644261545501, 23.060511147996479 ], [ -109.693644261545501, 23.064734619699134 ] ] ] } },
{ "type": "Feature", "properties": { "difference_1990_2000": -1.0, "difference_1990_2010": 4.0, "difference_1990_2020": 1.0 }, "geometry": { "type": "Polygon", "coordinates": [ [ [ -109.693644261545501, 23.056287807327813 ], [ -109.689071787837221, 23.056287807327784 ], [ -109.689071787837221, 23.052064597658141 ], [ -109.693644261545501, 23.052064597658156 ], [ -109.693644261545501, 23.056287807327813 ] ] ] } },
{ "type": "Feature", "properties": { "difference_1990_2000": 0.0, "difference_1990_2010": 0.0, "difference_1990_2020": 1329.0 }, "geometry": { "type": "Polygon", "coordinates": [ [ [ -109.743941472336545, 23.115426513545593 ], [ -109.739368998628265, 23.115426513545589 ], [ -109.739368998628265, 23.111201466699768 ], [ -109.743941472336545, 23.111201466699768 ], [ -109.743941472336545, 23.115426513545593 ] ] ] } },
{ "type": "Feature", "properties": { "difference_1990_2000": 0.0, "difference_1990_2010": 0.0, "difference_1990_2020": 5.0 }, "geometry": { "type": "Polygon", "coordinates": [ [ [ -109.743941472336545, 23.035173068269685 ], [ -109.739368998628265, 23.035173068269682 ], [ -109.739368998628265, 23.030950513070145 ], [ -109.743941472336545, 23.030950513070092 ], [ -109.743941472336545, 23.035173068269685 ] ] ] } },
{ "type": "Feature", "properties": { "difference_1990_2000": 0.0, "difference_1990_2010": 0.0, "difference_1990_2020": 81.0 }, "geometry": { "type": "Polygon", "coordinates": [ [ [ -109.743941472336545, 23.111201466699768 ], [ -109.739368998628265, 23.111201466699768 ], [ -109.739368998628265, 23.106976551308911 ], [ -109.743941472336545, 23.106976551308875 ], [ -109.743941472336545, 23.111201466699768 ] ] ] } },
{ "type": "Feature", "properties": { "difference_1990_2000": 0.0, "difference_1990_2010": 0.0, "difference_1990_2020": 7.0 }, "geometry": { "type": "Polygon", "coordinates": [ [ [ -109.743941472336545, 23.030950513070092 ], [ -109.739368998628265, 23.030950513070145 ], [ -109.739368998628265, 23.026728088659645 ], [ -109.743941472336545, 23.026728088659628 ], [ -109.743941472336545, 23.030950513070092 ] ] ] } },
{ "type": "Feature", "properties": { "difference_1990_2000": 0.0, "difference_1990_2010": 0.0, "difference_1990_2020": 11.0 }, "geometry": { "type": "Polygon", "coordinates": [ [ [ -109.743941472336545, 23.09852711475142 ], [ -109.739368998628265, 23.098527114751423 ], [ -109.739368998628265, 23.094302593514662 ], [ -109.743941472336545, 23.09430259351463 ], [ -109.743941472336545, 23.09852711475142 ] ] ] } },
{ "type": "Feature", "properties": { "difference_1990_2000": 0.0, "difference_1990_2010": 0.0, "difference_1990_2020": 6.0 }, "geometry": { "type": "Polygon", "coordinates": [ [ [ -109.743941472336545, 23.022505795003273 ], [ -109.739368998628265, 23.022505795003273 ], [ -109.739368998628265, 23.018283632066051 ], [ -109.743941472336545, 23.018283632066051 ], [ -109.743941472336545, 23.022505795003273 ] ] ] } },
{ "type": "Feature", "properties": { "difference_1990_2000": 0.0, "difference_1990_2010": 2.0, "difference_1990_2020": 559.0 }, "geometry": { "type": "Polygon", "coordinates": [ [ [ -109.743941472336545, 23.1027517673378 ], [ -109.739368998628265, 23.102751767337793 ], [ -109.739368998628265, 23.098527114751423 ], [ -109.743941472336545, 23.09852711475142 ], [ -109.743941472336545, 23.1027517673378 ] ] ] } },
{ "type": "Feature", "properties": { "difference_1990_2000": 0.0, "difference_1990_2010": 3.0, "difference_1990_2020": 533.0 }, "geometry": { "type": "Polygon", "coordinates": [ [ [ -109.743941472336545, 23.106976551308875 ], [ -109.739368998628265, 23.106976551308911 ], [ -109.739368998628265, 23.102751767337793 ], [ -109.743941472336545, 23.1027517673378 ], [ -109.743941472336545, 23.106976551308875 ] ] ] } },
{ "type": "Feature", "properties": { "difference_1990_2000": 0.0, "difference_1990_2010": 0.0, "difference_1990_2020": 5.0 }, "geometry": { "type": "Polygon", "coordinates": [ [ [ -109.743941472336545, 23.026728088659628 ], [ -109.739368998628265, 23.026728088659645 ], [ -109.739368998628265, 23.022505795003273 ], [ -109.743941472336545, 23.022505795003273 ], [ -109.743941472336545, 23.026728088659628 ] ] ] } },
{ "type": "Feature", "properties": { "difference_1990_2000": 0.0, "difference_1990_2010": 0.0, "difference_1990_2020": 3239.0 }, "geometry": { "type": "Polygon", "coordinates": [ [ [ -109.743941472336545, 23.119651691881472 ], [ -109.739368998628265, 23.119651691881494 ], [ -109.739368998628265, 23.115426513545589 ], [ -109.743941472336545, 23.115426513545593 ], [ -109.743941472336545, 23.119651691881472 ] ] ] } },
{ "type": "Feature", "properties": { "difference_1990_2000": 0.0, "difference_1990_2010": 0.0, "difference_1990_2020": 261.0 }, "geometry": { "type": "Polygon", "coordinates": [ [ [ -109.734796524919986, 23.140779557142199 ], [ -109.730224051211707, 23.140779557142199 ], [ -109.730224051211707, 23.136553720828719 ], [ -109.734796524919986, 23.136553720828715 ], [ -109.734796524919986, 23.140779557142199 ] ] ] } },
{ "type": "Feature", "properties": { "difference_1990_2000": 0.0, "difference_1990_2010": 337.0, "difference_1990_2020": 654.0 }, "geometry": { "type": "Polygon", "coordinates": [ [ [ -109.734796524919986, 23.115426513545589 ], [ -109.730224051211707, 23.115426513545597 ], [ -109.730224051211707, 23.111201466699804 ], [ -109.734796524919986, 23.111201466699747 ], [ -109.734796524919986, 23.115426513545589 ] ] ] } },
{ "type": "Feature", "properties": { "difference_1990_2000": 0.0, "difference_1990_2010": 203.0, "difference_1990_2020": 1017.0 }, "geometry": { "type": "Polygon", "coordinates": [ [ [ -109.734796524919986, 23.123877001742617 ], [ -109.730224051211707, 23.123877001742621 ], [ -109.730224051211707, 23.119651691881526 ], [ -109.734796524919986, 23.119651691881529 ], [ -109.734796524919986, 23.123877001742617 ] ] ] } },
{ "type": "Feature", "properties": { "difference_1990_2000": 0.0, "difference_1990_2010": 1529.0, "difference_1990_2020": 2051.0 }, "geometry": { "type": "Polygon", "coordinates": [ [ [ -109.734796524919986, 23.111201466699747 ], [ -109.730224051211707, 23.111201466699804 ], [ -109.730224051211707, 23.106976551308897 ], [ -109.734796524919986, 23.106976551308897 ], [ -109.734796524919986, 23.111201466699747 ] ] ] } },
{ "type": "Feature", "properties": { "difference_1990_2000": 0.0, "difference_1990_2010": 0.0, "difference_1990_2020": 4.0 }, "geometry": { "type": "Polygon", "coordinates": [ [ [ -109.734796524919986, 23.030950513070092 ], [ -109.730224051211707, 23.030950513070128 ], [ -109.730224051211707, 23.026728088659649 ], [ -109.734796524919986, 23.026728088659652 ], [ -109.734796524919986, 23.030950513070092 ] ] ] } },
{ "type": "Feature", "properties": { "difference_1990_2000": 0.0, "difference_1990_2010": 0.0, "difference_1990_2020": 133.0 }, "geometry": { "type": "Polygon", "coordinates": [ [ [ -109.734796524919986, 23.136553720828715 ], [ -109.730224051211707, 23.136553720828719 ], [ -109.730224051211707, 23.132328016181077 ], [ -109.734796524919986, 23.132328016181077 ], [ -109.734796524919986, 23.136553720828715 ] ] ] } },
{ "type": "Feature", "properties": { "difference_1990_2000": 0.0, "difference_1990_2010": 0.0, "difference_1990_2020": 7.0 }, "geometry": { "type": "Polygon", "coordinates": [ [ [ -109.734796524919986, 23.022505795003276 ], [ -109.730224051211707, 23.022505795003269 ], [ -109.730224051211707, 23.018283632066055 ], [ -109.734796524919986, 23.018283632066055 ], [ -109.734796524919986, 23.022505795003276 ] ] ] } },
{ "type": "Feature", "properties": { "difference_1990_2000": 0.0, "difference_1990_2010": 233.0, "difference_1990_2020": 994.0 }, "geometry": { "type": "Polygon", "coordinates": [ [ [ -109.734796524919986, 23.128102443164099 ], [ -109.730224051211707, 23.128102443164128 ], [ -109.730224051211707, 23.123877001742621 ], [ -109.734796524919986, 23.123877001742617 ], [ -109.734796524919986, 23.128102443164099 ] ] ] } },
{ "type": "Feature", "properties": { "difference_1990_2000": 0.0, "difference_1990_2010": 1403.0, "difference_1990_2020": 1877.0 }, "geometry": { "type": "Polygon", "coordinates": [ [ [ -109.734796524919986, 23.098527114751459 ], [ -109.730224051211707, 23.098527114751427 ], [ -109.730224051211707, 23.094302593514662 ], [ -109.734796524919986, 23.094302593514627 ], [ -109.734796524919986, 23.098527114751459 ] ] ] } },
{ "type": "Feature", "properties": { "difference_1990_2000": 0.0, "difference_1990_2010": 0.0, "difference_1990_2020": 236.0 }, "geometry": { "type": "Polygon", "coordinates": [ [ [ -109.734796524919986, 23.085853944949562 ], [ -109.730224051211707, 23.085853944949559 ], [ -109.730224051211707, 23.081629817551029 ], [ -109.734796524919986, 23.081629817551029 ], [ -109.734796524919986, 23.085853944949562 ] ] ] } },
{ "type": "Feature", "properties": { "difference_1990_2000": 0.0, "difference_1990_2010": 1987.0, "difference_1990_2020": 2375.0 }, "geometry": { "type": "Polygon", "coordinates": [ [ [ -109.734796524919986, 23.102751767337836 ], [ -109.730224051211707, 23.102751767337836 ], [ -109.730224051211707, 23.098527114751427 ], [ -109.734796524919986, 23.098527114751459 ], [ -109.734796524919986, 23.102751767337836 ] ] ] } },
{ "type": "Feature", "properties": { "difference_1990_2000": 0.0, "difference_1990_2010": 1995.0, "difference_1990_2020": 2298.0 }, "geometry": { "type": "Polygon", "coordinates": [ [ [ -109.734796524919986, 23.106976551308897 ], [ -109.730224051211707, 23.106976551308897 ], [ -109.730224051211707, 23.102751767337836 ], [ -109.734796524919986, 23.102751767337836 ], [ -109.734796524919986, 23.106976551308897 ] ] ] } },
{ "type": "Feature", "properties": { "difference_1990_2000": 0.0, "difference_1990_2010": 0.0, "difference_1990_2020": 7.0 }, "geometry": { "type": "Polygon", "coordinates": [ [ [ -109.734796524919986, 23.026728088659652 ], [ -109.730224051211707, 23.026728088659649 ], [ -109.730224051211707, 23.022505795003269 ], [ -109.734796524919986, 23.022505795003276 ], [ -109.734796524919986, 23.026728088659652 ] ] ] } },
{ "type": "Feature", "properties": { "difference_1990_2000": 0.0, "difference_1990_2010": 0.0, "difference_1990_2020": 31.0 }, "geometry": { "type": "Polygon", "coordinates": [ [ [ -109.734796524919986, 23.145005525156712 ], [ -109.730224051211707, 23.145005525156712 ], [ -109.730224051211707, 23.140779557142199 ], [ -109.734796524919986, 23.140779557142199 ], [ -109.734796524919986, 23.145005525156712 ] ] ] } },
{ "type": "Feature", "properties": { "difference_1990_2000": 0.0, "difference_1990_2010": 77.0, "difference_1990_2020": 238.0 }, "geometry": { "type": "Polygon", "coordinates": [ [ [ -109.734796524919986, 23.081629817551029 ], [ -109.730224051211707, 23.081629817551029 ], [ -109.730224051211707, 23.077405821361829 ], [ -109.734796524919986, 23.077405821361829 ], [ -109.734796524919986, 23.081629817551029 ] ] ] } },
{ "type": "Feature", "properties": { "difference_1990_2000": 0.0, "difference_1990_2010": 0.0, "difference_1990_2020": 42.0 }, "geometry": { "type": "Polygon", "coordinates": [ [ [ -109.734796524919986, 23.014061599813068 ], [ -109.730224051211707, 23.014061599813047 ], [ -109.730224051211707, 23.009839698209273 ], [ -109.734796524919986, 23.009839698209273 ], [ -109.734796524919986, 23.014061599813068 ] ] ] } },
{ "type": "Feature", "properties": { "difference_1990_2000": 0.0, "difference_1990_2010": 0.0, "difference_1990_2020": 5.0 }, "geometry": { "type": "Polygon", "coordinates": [ [ [ -109.734796524919986, 23.018283632066055 ], [ -109.730224051211707, 23.018283632066055 ], [ -109.730224051211707, 23.014061599813047 ], [ -109.734796524919986, 23.014061599813068 ], [ -109.734796524919986, 23.018283632066055 ] ] ] } },
{ "type": "Feature", "properties": { "difference_1990_2000": 0.0, "difference_1990_2010": 137.0, "difference_1990_2020": 734.0 }, "geometry": { "type": "Polygon", "coordinates": [ [ [ -109.734796524919986, 23.132328016181077 ], [ -109.730224051211707, 23.132328016181077 ], [ -109.730224051211707, 23.128102443164128 ], [ -109.734796524919986, 23.128102443164099 ], [ -109.734796524919986, 23.132328016181077 ] ] ] } },
{ "type": "Feature", "properties": { "difference_1990_2000": 24.0, "difference_1990_2010": 107.0, "difference_1990_2020": 266.0 }, "geometry": { "type": "Polygon", "coordinates": [ [ [ -109.734796524919986, 23.094302593514627 ], [ -109.730224051211707, 23.094302593514662 ], [ -109.730224051211707, 23.090078203592402 ], [ -109.734796524919986, 23.09007820359238 ], [ -109.734796524919986, 23.094302593514627 ] ] ] } },
{ "type": "Feature", "properties": { "difference_1990_2000": 0.0, "difference_1990_2010": 0.0, "difference_1990_2020": 827.0 }, "geometry": { "type": "Polygon", "coordinates": [ [ [ -109.734796524919986, 23.119651691881494 ], [ -109.730224051211707, 23.119651691881494 ], [ -109.730224051211707, 23.115426513545597 ], [ -109.734796524919986, 23.115426513545589 ], [ -109.734796524919986, 23.119651691881494 ] ] ] } },
{ "type": "Feature", "properties": { "difference_1990_2000": 0.0, "difference_1990_2010": 7.0, "difference_1990_2020": 91.0 }, "geometry": { "type": "Polygon", "coordinates": [ [ [ -109.734796524919986, 23.077405821361829 ], [ -109.730224051211707, 23.077405821361829 ], [ -109.730224051211707, 23.073181956346797 ], [ -109.734796524919986, 23.073181956346801 ], [ -109.734796524919986, 23.077405821361829 ] ] ] } },
{ "type": "Feature", "properties": { "difference_1990_2000": 0.0, "difference_1990_2010": 0.0, "difference_1990_2020": 61.0 }, "geometry": { "type": "Polygon", "coordinates": [ [ [ -109.734796524919986, 23.009839698209273 ], [ -109.730224051211707, 23.009839698209273 ], [ -109.730224051211707, 23.005617927219919 ], [ -109.734796524919986, 23.005617927219919 ], [ -109.734796524919986, 23.009839698209273 ] ] ] } },
{ "type": "Feature", "properties": { "difference_1990_2000": 0.0, "difference_1990_2010": 0.0, "difference_1990_2020": 212.0 }, "geometry": { "type": "Polygon", "coordinates": [ [ [ -109.725651577503442, 23.140779557142199 ], [ -109.721079103795162, 23.140779557142185 ], [ -109.721079103795162, 23.136553720828719 ], [ -109.725651577503442, 23.136553720828719 ], [ -109.725651577503442, 23.140779557142199 ] ] ] } },
{ "type": "Feature", "properties": { "difference_1990_2000": 0.0, "difference_1990_2010": 0.0, "difference_1990_2020": 1.0 }, "geometry": { "type": "Polygon", "coordinates": [ [ [ -109.725651577503442, 23.157684219758266 ], [ -109.721079103795162, 23.15768421975827 ], [ -109.721079103795162, 23.153457856429526 ], [ -109.725651577503442, 23.153457856429526 ], [ -109.725651577503442, 23.157684219758266 ] ] ] } },
{ "type": "Feature", "properties": { "difference_1990_2000": 151.0, "difference_1990_2010": 653.0, "difference_1990_2020": 1107.0 }, "geometry": { "type": "Polygon", "coordinates": [ [ [ -109.725651577503442, 23.115426513545593 ], [ -109.721079103795162, 23.115426513545593 ], [ -109.721079103795162, 23.111201466699747 ], [ -109.725651577503442, 23.111201466699768 ], [ -109.725651577503442, 23.115426513545593 ] ] ] } },
{ "type": "Feature", "properties": { "difference_1990_2000": 25.0, "difference_1990_2010": 0.0, "difference_1990_2020": 131.0 }, "geometry": { "type": "Polygon", "coordinates": [ [ [ -109.725651577503442, 23.090078203592402 ], [ -109.721079103795162, 23.090078203592377 ], [ -109.721079103795162, 23.085853944949577 ], [ -109.725651577503442, 23.085853944949559 ], [ -109.725651577503442, 23.090078203592402 ] ] ] } },
{ "type": "Feature", "properties": { "difference_1990_2000": 0.0, "difference_1990_2010": 0.0, "difference_1990_2020": 1.0 }, "geometry": { "type": "Polygon", "coordinates": [ [ [ -109.725651577503442, 23.170364100936272 ], [ -109.721079103795162, 23.170364100936297 ], [ -109.721079103795162, 23.166137341976437 ], [ -109.725651577503442, 23.16613734197643 ], [ -109.725651577503442, 23.170364100936272 ] ] ] } },
{ "type": "Feature", "properties": { "difference_1990_2000": 0.0, "difference_1990_2010": 297.0, "difference_1990_2020": 1214.0 }, "geometry": { "type": "Polygon", "coordinates": [ [ [ -109.725651577503442, 23.123877001742617 ], [ -109.721079103795162, 23.123877001742621 ], [ -109.721079103795162, 23.119651691881494 ], [ -109.725651577503442, 23.119651691881494 ], [ -109.725651577503442, 23.123877001742617 ] ] ] } },
{ "type": "Feature", "properties": { "difference_1990_2000": 0.0, "difference_1990_2010": 0.0, "difference_1990_2020": 11.0 }, "geometry": { "type": "Polygon", "coordinates": [ [ [ -109.725651577503442, 23.035173068269678 ], [ -109.721079103795162, 23.035173068269682 ], [ -109.721079103795162, 23.030950513070131 ], [ -109.725651577503442, 23.030950513070131 ], [ -109.725651577503442, 23.035173068269678 ] ] ] } },
{ "type": "Feature", "properties": { "difference_1990_2000": 334.0, "difference_1990_2010": 1612.0, "difference_1990_2020": 1572.0 }, "geometry": { "type": "Polygon", "coordinates": [ [ [ -109.725651577503442, 23.111201466699768 ], [ -109.721079103795162, 23.111201466699747 ], [ -109.721079103795162, 23.1069765513089 ], [ -109.725651577503442, 23.106976551308897 ], [ -109.725651577503442, 23.111201466699768 ] ] ] } },
{ "type": "Feature", "properties": { "difference_1990_2000": 0.0, "difference_1990_2010": 0.0, "difference_1990_2020": 6.0 }, "geometry": { "type": "Polygon", "coordinates": [ [ [ -109.725651577503442, 23.030950513070131 ], [ -109.721079103795162, 23.030950513070131 ], [ -109.721079103795162, 23.026728088659649 ], [ -109.725651577503442, 23.026728088659628 ], [ -109.725651577503442, 23.030950513070131 ] ] ] } },
{ "type": "Feature", "properties": { "difference_1990_2000": 0.0, "difference_1990_2010": 0.0, "difference_1990_2020": 256.0 }, "geometry": { "type": "Polygon", "coordinates": [ [ [ -109.725651577503442, 23.136553720828719 ], [ -109.721079103795162, 23.136553720828719 ], [ -109.721079103795162, 23.132328016181074 ], [ -109.725651577503442, 23.132328016181081 ], [ -109.725651577503442, 23.136553720828719 ] ] ] } },
{ "type": "Feature", "properties": { "difference_1990_2000": 0.0, "difference_1990_2010": 254.0, "difference_1990_2020": 1062.0 }, "geometry": { "type": "Polygon", "coordinates": [ [ [ -109.725651577503442, 23.128102443164078 ], [ -109.721079103795162, 23.128102443164128 ], [ -109.721079103795162, 23.123877001742621 ], [ -109.725651577503442, 23.123877001742617 ], [ -109.725651577503442, 23.128102443164078 ] ] ] } },
{ "type": "Feature", "properties": { "difference_1990_2000": 501.0, "difference_1990_2010": 1496.0, "difference_1990_2020": 1726.0 }, "geometry": { "type": "Polygon", "coordinates": [ [ [ -109.725651577503442, 23.102751767337789 ], [ -109.721079103795162, 23.102751767337832 ], [ -109.721079103795162, 23.098527114751459 ], [ -109.725651577503442, 23.098527114751473 ], [ -109.725651577503442, 23.102751767337789 ] ] ] } },
{ "type": "Feature", "properties": { "difference_1990_2000": 0.0, "difference_1990_2010": 0.0, "difference_1990_2020": 7.0 }, "geometry": { "type": "Polygon", "coordinates": [ [ [ -109.725651577503442, 23.022505795003273 ], [ -109.721079103795162, 23.022505795003273 ], [ -109.721079103795162, 23.018283632066051 ], [ -109.725651577503442, 23.018283632066055 ], [ -109.725651577503442, 23.022505795003273 ] ] ] } },
{ "type": "Feature", "properties": { "difference_1990_2000": 0.0, "difference_1990_2010": 0.0, "difference_1990_2020": 9.0 }, "geometry": { "type": "Polygon", "coordinates": [ [ [ -109.725651577503442, 23.03939575429327 ], [ -109.721079103795162, 23.039395754293267 ], [ -109.721079103795162, 23.035173068269682 ], [ -109.725651577503442, 23.035173068269678 ], [ -109.725651577503442, 23.03939575429327 ] ] ] } },
{ "type": "Feature", "properties": { "difference_1990_2000": 477.0, "difference_1990_2010": 1505.0, "difference_1990_2020": 1791.0 }, "geometry": { "type": "Polygon", "coordinates": [ [ [ -109.725651577503442, 23.098527114751473 ], [ -109.721079103795162, 23.098527114751459 ], [ -109.721079103795162, 23.094302593514627 ], [ -109.725651577503442, 23.094302593514627 ], [ -109.725651577503442, 23.098527114751473 ] ] ] } },
{ "type": "Feature", "properties": { "difference_1990_2000": 0.0, "difference_1990_2010": 119.0, "difference_1990_2020": 229.0 }, "geometry": { "type": "Polygon", "coordinates": [ [ [ -109.725651577503442, 23.085853944949559 ], [ -109.721079103795162, 23.085853944949577 ], [ -109.721079103795162, 23.081629817551033 ], [ -109.725651577503442, 23.081629817551001 ], [ -109.725651577503442, 23.085853944949559 ] ] ] } },
{ "type": "Feature", "properties": { "difference_1990_2000": 0.0, "difference_1990_2010": 0.0, "difference_1990_2020": 7.0 }, "geometry": { "type": "Polygon", "coordinates": [ [ [ -109.725651577503442, 23.026728088659628 ], [ -109.721079103795162, 23.026728088659649 ], [ -109.721079103795162, 23.022505795003273 ], [ -109.725651577503442, 23.022505795003273 ], [ -109.725651577503442, 23.026728088659628 ] ] ] } },
{ "type": "Feature", "properties": { "difference_1990_2000": 0.0, "difference_1990_2010": 70.0, "difference_1990_2020": 142.0 }, "geometry": { "type": "Polygon", "coordinates": [ [ [ -109.725651577503442, 23.068958222470879 ], [ -109.721079103795162, 23.068958222470918 ], [ -109.721079103795162, 23.064734619699145 ], [ -109.725651577503442, 23.064734619699138 ], [ -109.725651577503442, 23.068958222470879 ] ] ] } },
{ "type": "Feature", "properties": { "difference_1990_2000": 487.0, "difference_1990_2010": 1528.0, "difference_1990_2020": 1617.0 }, "geometry": { "type": "Polygon", "coordinates": [ [ [ -109.725651577503442, 23.106976551308897 ], [ -109.721079103795162, 23.1069765513089 ], [ -109.721079103795162, 23.102751767337832 ], [ -109.725651577503442, 23.102751767337789 ], [ -109.725651577503442, 23.106976551308897 ] ] ] } },
{ "type": "Feature", "properties": { "difference_1990_2000": 0.0, "difference_1990_2010": 657.0, "difference_1990_2020": 872.0 }, "geometry": { "type": "Polygon", "coordinates": [ [ [ -109.725651577503442, 23.081629817551001 ], [ -109.721079103795162, 23.081629817551033 ], [ -109.721079103795162, 23.077405821361825 ], [ -109.725651577503442, 23.077405821361829 ], [ -109.725651577503442, 23.081629817551001 ] ] ] } },
{ "type": "Feature", "properties": { "difference_1990_2000": 0.0, "difference_1990_2010": 0.0, "difference_1990_2020": 52.0 }, "geometry": { "type": "Polygon", "coordinates": [ [ [ -109.725651577503442, 23.145005525156709 ], [ -109.721079103795162, 23.145005525156712 ], [ -109.721079103795162, 23.140779557142185 ], [ -109.725651577503442, 23.140779557142199 ], [ -109.725651577503442, 23.145005525156709 ] ] ] } },
{ "type": "Feature", "properties": { "difference_1990_2000": 0.0, "difference_1990_2010": 0.0, "difference_1990_2020": 3.0 }, "geometry": { "type": "Polygon", "coordinates": [ [ [ -109.725651577503442, 23.014061599813051 ], [ -109.721079103795162, 23.014061599813019 ], [ -109.721079103795162, 23.009839698209277 ], [ -109.725651577503442, 23.009839698209277 ], [ -109.725651577503442, 23.014061599813051 ] ] ] } },
{ "type": "Feature", "properties": { "difference_1990_2000": 0.0, "difference_1990_2010": 0.0, "difference_1990_2020": 1.0 }, "geometry": { "type": "Polygon", "coordinates": [ [ [ -109.725651577503442, 23.149231624907411 ], [ -109.721079103795162, 23.149231624907451 ], [ -109.721079103795162, 23.145005525156712 ], [ -109.725651577503442, 23.145005525156709 ], [ -109.725651577503442, 23.149231624907411 ] ] ] } },
{ "type": "Feature", "properties": { "difference_1990_2000": 0.0, "difference_1990_2010": 0.0, "difference_1990_2020": 5.0 }, "geometry": { "type": "Polygon", "coordinates": [ [ [ -109.725651577503442, 23.018283632066055 ], [ -109.721079103795162, 23.018283632066051 ], [ -109.721079103795162, 23.014061599813019 ], [ -109.725651577503442, 23.014061599813051 ], [ -109.725651577503442, 23.018283632066055 ] ] ] } },
{ "type": "Feature", "properties": { "difference_1990_2000": 0.0, "difference_1990_2010": 316.0, "difference_1990_2020": 732.0 }, "geometry": { "type": "Polygon", "coordinates": [ [ [ -109.725651577503442, 23.073181956346797 ], [ -109.721079103795162, 23.073181956346797 ], [ -109.721079103795162, 23.068958222470918 ], [ -109.725651577503442, 23.068958222470879 ], [ -109.725651577503442, 23.073181956346797 ] ] ] } },
{ "type": "Feature", "properties": { "difference_1990_2000": 180.0, "difference_1990_2010": 314.0, "difference_1990_2020": 1038.0 }, "geometry": { "type": "Polygon", "coordinates": [ [ [ -109.725651577503442, 23.094302593514627 ], [ -109.721079103795162, 23.094302593514627 ], [ -109.721079103795162, 23.090078203592377 ], [ -109.725651577503442, 23.090078203592402 ], [ -109.725651577503442, 23.094302593514627 ] ] ] } },
{ "type": "Feature", "properties": { "difference_1990_2000": 0.0, "difference_1990_2010": 295.0, "difference_1990_2020": 1251.0 }, "geometry": { "type": "Polygon", "coordinates": [ [ [ -109.725651577503442, 23.119651691881494 ], [ -109.721079103795162, 23.119651691881494 ], [ -109.721079103795162, 23.115426513545593 ], [ -109.725651577503442, 23.115426513545593 ], [ -109.725651577503442, 23.119651691881494 ] ] ] } },
{ "type": "Feature", "properties": { "difference_1990_2000": 0.0, "difference_1990_2010": 0.0, "difference_1990_2020": 1.0 }, "geometry": { "type": "Polygon", "coordinates": [ [ [ -109.725651577503442, 23.161910714928833 ], [ -109.721079103795162, 23.161910714928837 ], [ -109.721079103795162, 23.15768421975827 ], [ -109.725651577503442, 23.157684219758266 ], [ -109.725651577503442, 23.161910714928833 ] ] ] } },
{ "type": "Feature", "properties": { "difference_1990_2000": 0.0, "difference_1990_2010": 0.0, "difference_1990_2020": 1.0 }, "geometry": { "type": "Polygon", "coordinates": [ [ [ -109.725651577503442, 23.153457856429526 ], [ -109.721079103795162, 23.153457856429526 ], [ -109.721079103795162, 23.149231624907451 ], [ -109.725651577503442, 23.149231624907411 ], [ -109.725651577503442, 23.153457856429526 ] ] ] } },
{ "type": "Feature", "properties": { "difference_1990_2000": 0.0, "difference_1990_2010": 530.0, "difference_1990_2020": 721.0 }, "geometry": { "type": "Polygon", "coordinates": [ [ [ -109.725651577503442, 23.077405821361829 ], [ -109.721079103795162, 23.077405821361825 ], [ -109.721079103795162, 23.073181956346797 ], [ -109.725651577503442, 23.073181956346797 ], [ -109.725651577503442, 23.077405821361829 ] ] ] } },
{ "type": "Feature", "properties": { "difference_1990_2000": 0.0, "difference_1990_2010": 0.0, "difference_1990_2020": 1.0 }, "geometry": { "type": "Polygon", "coordinates": [ [ [ -109.725651577503442, 23.16613734197643 ], [ -109.721079103795162, 23.166137341976437 ], [ -109.721079103795162, 23.161910714928837 ], [ -109.725651577503442, 23.161910714928833 ], [ -109.725651577503442, 23.16613734197643 ] ] ] } },
{ "type": "Feature", "properties": { "difference_1990_2000": 0.0, "difference_1990_2010": 0.0, "difference_1990_2020": 5.0 }, "geometry": { "type": "Polygon", "coordinates": [ [ [ -109.725651577503442, 23.043618571175926 ], [ -109.721079103795162, 23.043618571175926 ], [ -109.721079103795162, 23.039395754293267 ], [ -109.725651577503442, 23.03939575429327 ], [ -109.725651577503442, 23.043618571175926 ] ] ] } },
{ "type": "Feature", "properties": { "difference_1990_2000": 0.0, "difference_1990_2010": 0.0, "difference_1990_2020": 2.0 }, "geometry": { "type": "Polygon", "coordinates": [ [ [ -109.716506630086883, 23.140779557142199 ], [ -109.711934156378604, 23.140779557142199 ], [ -109.711934156378604, 23.136553720828722 ], [ -109.716506630086883, 23.136553720828722 ], [ -109.716506630086883, 23.140779557142199 ] ] ] } },
{ "type": "Feature", "properties": { "difference_1990_2000": 0.0, "difference_1990_2010": 0.0, "difference_1990_2020": 2.0 }, "geometry": { "type": "Polygon", "coordinates": [ [ [ -109.716506630086883, 23.15768421975827 ], [ -109.711934156378604, 23.157684219758288 ], [ -109.711934156378604, 23.153457856429526 ], [ -109.716506630086883, 23.153457856429519 ], [ -109.716506630086883, 23.15768421975827 ] ] ] } },
{ "type": "Feature", "properties": { "difference_1990_2000": 164.0, "difference_1990_2010": 285.0, "difference_1990_2020": 772.0 }, "geometry": { "type": "Polygon", "coordinates": [ [ [ -109.716506630086883, 23.115426513545589 ], [ -109.711934156378604, 23.115426513545621 ], [ -109.711934156378604, 23.1112014666998 ], [ -109.716506630086883, 23.111201466699764 ], [ -109.716506630086883, 23.115426513545589 ] ] ] } },
{ "type": "Feature", "properties": { "difference_1990_2000": 0.0, "difference_1990_2010": 163.0, "difference_1990_2020": 231.0 }, "geometry": { "type": "Polygon", "coordinates": [ [ [ -109.716506630086883, 23.170364100936268 ], [ -109.711934156378604, 23.170364100936293 ], [ -109.711934156378604, 23.16613734197643 ], [ -109.716506630086883, 23.166137341976434 ], [ -109.716506630086883, 23.170364100936268 ] ] ] } },
{ "type": "Feature", "properties": { "difference_1990_2000": 829.0, "difference_1990_2010": 913.0, "difference_1990_2020": 1005.0 }, "geometry": { "type": "Polygon", "coordinates": [ [ [ -109.716506630086883, 23.123877001742617 ], [ -109.711934156378604, 23.123877001742621 ], [ -109.711934156378604, 23.119651691881494 ], [ -109.716506630086883, 23.119651691881494 ], [ -109.716506630086883, 23.123877001742617 ] ] ] } },
{ "type": "Feature", "properties": { "difference_1990_2000": 0.0, "difference_1990_2010": 0.0, "difference_1990_2020": 35.0 }, "geometry": { "type": "Polygon", "coordinates": [ [ [ -109.716506630086883, 23.035173068269682 ], [ -109.711934156378604, 23.035173068269682 ], [ -109.711934156378604, 23.030950513070149 ], [ -109.716506630086883, 23.030950513070128 ], [ -109.716506630086883, 23.035173068269682 ] ] ] } },
{ "type": "Feature", "properties": { "difference_1990_2000": 238.0, "difference_1990_2010": 690.0, "difference_1990_2020": 623.0 }, "geometry": { "type": "Polygon", "coordinates": [ [ [ -109.716506630086883, 23.111201466699764 ], [ -109.711934156378604, 23.1112014666998 ], [ -109.711934156378604, 23.106976551308897 ], [ -109.716506630086883, 23.106976551308875 ], [ -109.716506630086883, 23.111201466699764 ] ] ] } },
{ "type": "Feature", "properties": { "difference_1990_2000": 40.0, "difference_1990_2010": -35.0, "difference_1990_2020": 88.0 }, "geometry": { "type": "Polygon", "coordinates": [ [ [ -109.716506630086883, 23.060511147996458 ], [ -109.711934156378604, 23.060511147996465 ], [ -109.711934156378604, 23.056287807327788 ], [ -109.716506630086883, 23.056287807327788 ], [ -109.716506630086883, 23.060511147996458 ] ] ] } },
{ "type": "Feature", "properties": { "difference_1990_2000": 0.0, "difference_1990_2010": 0.0, "difference_1990_2020": 8.0 }, "geometry": { "type": "Polygon", "coordinates": [ [ [ -109.716506630086883, 23.030950513070128 ], [ -109.711934156378604, 23.030950513070149 ], [ -109.711934156378604, 23.026728088659656 ], [ -109.716506630086883, 23.026728088659649 ], [ -109.716506630086883, 23.030950513070128 ] ] ] } },
{ "type": "Feature", "properties": { "difference_1990_2000": 0.0, "difference_1990_2010": 0.0, "difference_1990_2020": 2.0 }, "geometry": { "type": "Polygon", "coordinates": [ [ [ -109.716506630086883, 23.136553720828722 ], [ -109.711934156378604, 23.136553720828722 ], [ -109.711934156378604, 23.132328016181074 ], [ -109.716506630086883, 23.132328016181077 ], [ -109.716506630086883, 23.136553720828722 ] ] ] } },
{ "type": "Feature", "properties": { "difference_1990_2000": 686.0, "difference_1990_2010": 882.0, "difference_1990_2020": 1076.0 }, "geometry": { "type": "Polygon", "coordinates": [ [ [ -109.716506630086883, 23.09852711475142 ], [ -109.711934156378604, 23.09852711475142 ], [ -109.711934156378604, 23.094302593514662 ], [ -109.716506630086883, 23.094302593514627 ], [ -109.716506630086883, 23.09852711475142 ] ] ] } },
{ "type": "Feature", "properties": { "difference_1990_2000": 0.0, "difference_1990_2010": 0.0, "difference_1990_2020": 2.0 }, "geometry": { "type": "Polygon", "coordinates": [ [ [ -109.716506630086883, 23.128102443164099 ], [ -109.711934156378604, 23.128102443164103 ], [ -109.711934156378604, 23.123877001742621 ], [ -109.716506630086883, 23.123877001742617 ], [ -109.716506630086883, 23.128102443164099 ] ] ] } },
{ "type": "Feature", "properties": { "difference_1990_2000": 635.0, "difference_1990_2010": 729.0, "difference_1990_2020": 918.0 }, "geometry": { "type": "Polygon", "coordinates": [ [ [ -109.716506630086883, 23.102751767337796 ], [ -109.711934156378604, 23.102751767337804 ], [ -109.711934156378604, 23.09852711475142 ], [ -109.716506630086883, 23.09852711475142 ], [ -109.716506630086883, 23.102751767337796 ] ] ] } },
{ "type": "Feature", "properties": { "difference_1990_2000": 0.0, "difference_1990_2010": 0.0, "difference_1990_2020": 25.0 }, "geometry": { "type": "Polygon", "coordinates": [ [ [ -109.716506630086883, 23.039395754293263 ], [ -109.711934156378604, 23.039395754293267 ], [ -109.711934156378604, 23.035173068269682 ], [ -109.716506630086883, 23.035173068269682 ], [ -109.716506630086883, 23.039395754293263 ] ] ] } },
{ "type": "Feature", "properties": { "difference_1990_2000": 160.0, "difference_1990_2010": 810.0, "difference_1990_2020": 1380.0 }, "geometry": { "type": "Polygon", "coordinates": [ [ [ -109.716506630086883, 23.085853944949555 ], [ -109.711934156378604, 23.085853944949562 ], [ -109.711934156378604, 23.081629817551054 ], [ -109.716506630086883, 23.081629817551001 ], [ -109.716506630086883, 23.085853944949555 ] ] ] } },
{ "type": "Feature", "properties": { "difference_1990_2000": 658.0, "difference_1990_2010": 578.0, "difference_1990_2020": 701.0 }, "geometry": { "type": "Polygon", "coordinates": [ [ [ -109.716506630086883, 23.106976551308875 ], [ -109.711934156378604, 23.106976551308897 ], [ -109.711934156378604, 23.102751767337804 ], [ -109.716506630086883, 23.102751767337796 ], [ -109.716506630086883, 23.106976551308875 ] ] ] } },
{ "type": "Feature", "properties": { "difference_1990_2000": 21.0, "difference_1990_2010": 493.0, "difference_1990_2020": 466.0 }, "geometry": { "type": "Polygon", "coordinates": [ [ [ -109.716506630086883, 23.068958222470872 ], [ -109.711934156378604, 23.068958222470915 ], [ -109.711934156378604, 23.064734619699138 ], [ -109.716506630086883, 23.064734619699141 ], [ -109.716506630086883, 23.068958222470872 ] ] ] } },
{ "type": "Feature", "properties": { "difference_1990_2000": 0.0, "difference_1990_2010": 0.0, "difference_1990_2020": 1.0 }, "geometry": { "type": "Polygon", "coordinates": [ [ [ -109.716506630086883, 23.026728088659649 ], [ -109.711934156378604, 23.026728088659656 ], [ -109.711934156378604, 23.022505795003273 ], [ -109.716506630086883, 23.022505795003227 ], [ -109.716506630086883, 23.026728088659649 ] ] ] } },
{ "type": "Feature", "properties": { "difference_1990_2000": 567.0, "difference_1990_2010": 709.0, "difference_1990_2020": 860.0 }, "geometry": { "type": "Polygon", "coordinates": [ [ [ -109.716506630086883, 23.081629817551001 ], [ -109.711934156378604, 23.081629817551054 ], [ -109.711934156378604, 23.077405821361832 ], [ -109.716506630086883, 23.077405821361829 ], [ -109.716506630086883, 23.081629817551001 ] ] ] } },
{ "type": "Feature", "properties": { "difference_1990_2000": 0.0, "difference_1990_2010": 0.0, "difference_1990_2020": 2.0 }, "geometry": { "type": "Polygon", "coordinates": [ [ [ -109.716506630086883, 23.145005525156709 ], [ -109.711934156378604, 23.145005525156702 ], [ -109.711934156378604, 23.140779557142199 ], [ -109.716506630086883, 23.140779557142199 ], [ -109.716506630086883, 23.145005525156709 ] ] ] } },
{ "type": "Feature", "properties": { "difference_1990_2000": 0.0, "difference_1990_2010": 2.0, "difference_1990_2020": 11.0 }, "geometry": { "type": "Polygon", "coordinates": [ [ [ -109.716506630086883, 23.052064597658141 ], [ -109.711934156378604, 23.052064597658163 ], [ -109.711934156378604, 23.047841518952552 ], [ -109.716506630086883, 23.047841518952517 ], [ -109.716506630086883, 23.052064597658141 ] ] ] } },
{ "type": "Feature", "properties": { "difference_1990_2000": 0.0, "difference_1990_2010": 0.0, "difference_1990_2020": 2.0 }, "geometry": { "type": "Polygon", "coordinates": [ [ [ -109.716506630086883, 23.132328016181077 ], [ -109.711934156378604, 23.132328016181074 ], [ -109.711934156378604, 23.128102443164103 ], [ -109.716506630086883, 23.128102443164099 ], [ -109.716506630086883, 23.132328016181077 ] ] ] } },
{ "type": "Feature", "properties": { "difference_1990_2000": 0.0, "difference_1990_2010": 0.0, "difference_1990_2020": 2.0 }, "geometry": { "type": "Polygon", "coordinates": [ [ [ -109.716506630086883, 23.149231624907451 ], [ -109.711934156378604, 23.149231624907451 ], [ -109.711934156378604, 23.145005525156702 ], [ -109.716506630086883, 23.145005525156709 ], [ -109.716506630086883, 23.149231624907451 ] ] ] } },
{ "type": "Feature", "properties": { "difference_1990_2000": 656.0, "difference_1990_2010": 1715.0, "difference_1990_2020": 1737.0 }, "geometry": { "type": "Polygon", "coordinates": [ [ [ -109.716506630086883, 23.073181956346797 ], [ -109.711934156378604, 23.073181956346794 ], [ -109.711934156378604, 23.068958222470915 ], [ -109.716506630086883, 23.068958222470872 ], [ -109.716506630086883, 23.073181956346797 ] ] ] } },
{ "type": "Feature", "properties": { "difference_1990_2000": 0.0, "difference_1990_2010": 0.0, "difference_1990_2020": 6.0 }, "geometry": { "type": "Polygon", "coordinates": [ [ [ -109.716506630086883, 23.047841518952456 ], [ -109.711934156378604, 23.04784151895246 ], [ -109.711934156378604, 23.043618571175926 ], [ -109.716506630086883, 23.043618571175919 ], [ -109.716506630086883, 23.047841518952456 ] ] ] } },
{ "type": "Feature", "properties": { "difference_1990_2000": 927.0, "difference_1990_2010": 1247.0, "difference_1990_2020": 1444.0 }, "geometry": { "type": "Polygon", "coordinates": [ [ [ -109.716506630086883, 23.094302593514627 ], [ -109.711934156378604, 23.094302593514662 ], [ -109.711934156378604, 23.09007820359238 ], [ -109.716506630086883, 23.090078203592377 ], [ -109.716506630086883, 23.094302593514627 ] ] ] } },
{ "type": "Feature", "properties": { "difference_1990_2000": 470.0, "difference_1990_2010": 919.0, "difference_1990_2020": 1059.0 }, "geometry": { "type": "Polygon", "coordinates": [ [ [ -109.716506630086883, 23.119651691881494 ], [ -109.711934156378604, 23.119651691881494 ], [ -109.711934156378604, 23.115426513545621 ], [ -109.716506630086883, 23.115426513545589 ], [ -109.716506630086883, 23.119651691881494 ] ] ] } },
{ "type": "Feature", "properties": { "difference_1990_2000": 0.0, "difference_1990_2010": 79.0, "difference_1990_2020": 104.0 }, "geometry": { "type": "Polygon", "coordinates": [ [ [ -109.716506630086883, 23.16191071492883 ], [ -109.711934156378604, 23.161910714928837 ], [ -109.711934156378604, 23.157684219758288 ], [ -109.716506630086883, 23.15768421975827 ], [ -109.716506630086883, 23.16191071492883 ] ] ] } },
{ "type": "Feature", "properties": { "difference_1990_2000": 0.0, "difference_1990_2010": 0.0, "difference_1990_2020": 2.0 }, "geometry": { "type": "Polygon", "coordinates": [ [ [ -109.716506630086883, 23.153457856429519 ], [ -109.711934156378604, 23.153457856429526 ], [ -109.711934156378604, 23.149231624907451 ], [ -109.716506630086883, 23.149231624907451 ], [ -109.716506630086883, 23.153457856429519 ] ] ] } },
{ "type": "Feature", "properties": { "difference_1990_2000": 42.0, "difference_1990_2010": -1.0, "difference_1990_2020": 49.0 }, "geometry": { "type": "Polygon", "coordinates": [ [ [ -109.716506630086883, 23.064734619699141 ], [ -109.711934156378604, 23.064734619699138 ], [ -109.711934156378604, 23.060511147996465 ], [ -109.716506630086883, 23.060511147996458 ], [ -109.716506630086883, 23.064734619699141 ] ] ] } },
{ "type": "Feature", "properties": { "difference_1990_2000": 702.0, "difference_1990_2010": 1534.0, "difference_1990_2020": 1752.0 }, "geometry": { "type": "Polygon", "coordinates": [ [ [ -109.716506630086883, 23.077405821361829 ], [ -109.711934156378604, 23.077405821361832 ], [ -109.711934156378604, 23.073181956346794 ], [ -109.716506630086883, 23.073181956346797 ], [ -109.716506630086883, 23.077405821361829 ] ] ] } },
{ "type": "Feature", "properties": { "difference_1990_2000": 0.0, "difference_1990_2010": 452.0, "difference_1990_2020": 556.0 }, "geometry": { "type": "Polygon", "coordinates": [ [ [ -109.716506630086883, 23.166137341976434 ], [ -109.711934156378604, 23.16613734197643 ], [ -109.711934156378604, 23.161910714928837 ], [ -109.716506630086883, 23.16191071492883 ], [ -109.716506630086883, 23.166137341976434 ] ] ] } },
{ "type": "Feature", "properties": { "difference_1990_2000": 0.0, "difference_1990_2010": 0.0, "difference_1990_2020": 12.0 }, "geometry": { "type": "Polygon", "coordinates": [ [ [ -109.716506630086883, 23.043618571175919 ], [ -109.711934156378604, 23.043618571175926 ], [ -109.711934156378604, 23.039395754293267 ], [ -109.716506630086883, 23.039395754293263 ], [ -109.716506630086883, 23.043618571175919 ] ] ] } },
{ "type": "Feature", "properties": { "difference_1990_2000": 0.0, "difference_1990_2010": 7.0, "difference_1990_2020": 20.0 }, "geometry": { "type": "Polygon", "coordinates": [ [ [ -109.716506630086883, 23.056287807327788 ], [ -109.711934156378604, 23.056287807327788 ], [ -109.711934156378604, 23.052064597658163 ], [ -109.716506630086883, 23.052064597658141 ], [ -109.716506630086883, 23.056287807327788 ] ] ] } },
{ "type": "Feature", "properties": { "difference_1990_2000": 428.0, "difference_1990_2010": 842.0, "difference_1990_2020": 821.0 }, "geometry": { "type": "Polygon", "coordinates": [ [ [ -109.716506630086883, 23.090078203592377 ], [ -109.711934156378604, 23.09007820359238 ], [ -109.711934156378604, 23.085853944949562 ], [ -109.716506630086883, 23.085853944949555 ], [ -109.716506630086883, 23.090078203592377 ] ] ] } },
{ "type": "Feature", "properties": { "difference_1990_2000": 428.0, "difference_1990_2010": 767.0, "difference_1990_2020": 774.0 }, "geometry": { "type": "Polygon", "coordinates": [ [ [ -109.707361682670339, 23.140779557142199 ], [ -109.702789208962074, 23.140779557142196 ], [ -109.702789208962074, 23.136553720828715 ], [ -109.707361682670339, 23.136553720828758 ], [ -109.707361682670339, 23.140779557142199 ] ] ] } },
{ "type": "Feature", "properties": { "difference_1990_2000": 414.0, "difference_1990_2010": 847.0, "difference_1990_2020": 971.0 }, "geometry": { "type": "Polygon", "coordinates": [ [ [ -109.707361682670339, 23.157684219758281 ], [ -109.702789208962074, 23.157684219758281 ], [ -109.702789208962074, 23.153457856429522 ], [ -109.707361682670339, 23.153457856429522 ], [ -109.707361682670339, 23.157684219758281 ] ] ] } },
{ "type": "Feature", "properties": { "difference_1990_2000": 0.0, "difference_1990_2010": 248.0, "difference_1990_2020": 985.0 }, "geometry": { "type": "Polygon", "coordinates": [ [ [ -109.707361682670339, 23.170364100936268 ], [ -109.702789208962074, 23.170364100936272 ], [ -109.702789208962074, 23.166137341976434 ], [ -109.707361682670339, 23.16613734197643 ], [ -109.707361682670339, 23.170364100936268 ] ] ] } },
{ "type": "Feature", "properties": { "difference_1990_2000": 229.0, "difference_1990_2010": 403.0, "difference_1990_2020": 237.0 }, "geometry": { "type": "Polygon", "coordinates": [ [ [ -109.707361682670339, 23.060511147996476 ], [ -109.702789208962074, 23.060511147996476 ], [ -109.702789208962074, 23.056287807327784 ], [ -109.707361682670339, 23.056287807327788 ], [ -109.707361682670339, 23.060511147996476 ] ] ] } },
{ "type": "Feature", "properties": { "difference_1990_2000": 121.0, "difference_1990_2010": 437.0, "difference_1990_2020": 884.0 }, "geometry": { "type": "Polygon", "coordinates": [ [ [ -109.707361682670339, 23.136553720828758 ], [ -109.702789208962074, 23.136553720828715 ], [ -109.702789208962074, 23.132328016181081 ], [ -109.707361682670339, 23.132328016181077 ], [ -109.707361682670339, 23.136553720828758 ] ] ] } },
{ "type": "Feature", "properties": { "difference_1990_2000": 1.0, "difference_1990_2010": -4.0, "difference_1990_2020": 65.0 }, "geometry": { "type": "Polygon", "coordinates": [ [ [ -109.707361682670339, 23.098527114751423 ], [ -109.702789208962074, 23.09852711475142 ], [ -109.702789208962074, 23.09430259351463 ], [ -109.707361682670339, 23.094302593514662 ], [ -109.707361682670339, 23.098527114751423 ] ] ] } },
{ "type": "Feature", "properties": { "difference_1990_2000": 0.0, "difference_1990_2010": 0.0, "difference_1990_2020": 121.0 }, "geometry": { "type": "Polygon", "coordinates": [ [ [ -109.707361682670339, 23.128102443164128 ], [ -109.702789208962074, 23.128102443164099 ], [ -109.702789208962074, 23.123877001742621 ], [ -109.707361682670339, 23.123877001742617 ], [ -109.707361682670339, 23.128102443164128 ] ] ] } },
{ "type": "Feature", "properties": { "difference_1990_2000": 1.0, "difference_1990_2010": 661.0, "difference_1990_2020": 630.0 }, "geometry": { "type": "Polygon", "coordinates": [ [ [ -109.707361682670339, 23.085853944949562 ], [ -109.702789208962074, 23.085853944949566 ], [ -109.702789208962074, 23.081629817551025 ], [ -109.707361682670339, 23.081629817551054 ], [ -109.707361682670339, 23.085853944949562 ] ] ] } },
{ "type": "Feature", "properties": { "difference_1990_2000": -2.0, "difference_1990_2010": 12.0, "difference_1990_2020": 2.0 }, "geometry": { "type": "Polygon", "coordinates": [ [ [ -109.707361682670339, 23.039395754293313 ], [ -109.702789208962074, 23.03939575429327 ], [ -109.702789208962074, 23.035173068269678 ], [ -109.707361682670339, 23.035173068269675 ], [ -109.707361682670339, 23.039395754293313 ] ] ] } },
{ "type": "Feature", "properties": { "difference_1990_2000": 0.0, "difference_1990_2010": 9.0, "difference_1990_2020": -20.0 }, "geometry": { "type": "Polygon", "coordinates": [ [ [ -109.707361682670339, 23.068958222470915 ], [ -109.702789208962074, 23.068958222470911 ], [ -109.702789208962074, 23.064734619699134 ], [ -109.707361682670339, 23.064734619699138 ], [ -109.707361682670339, 23.068958222470915 ] ] ] } },
{ "type": "Feature", "properties": { "difference_1990_2000": 681.0, "difference_1990_2010": 828.0, "difference_1990_2020": 883.0 }, "geometry": { "type": "Polygon", "coordinates": [ [ [ -109.707361682670339, 23.145005525156712 ], [ -109.702789208962074, 23.145005525156702 ], [ -109.702789208962074, 23.140779557142196 ], [ -109.707361682670339, 23.140779557142199 ], [ -109.707361682670339, 23.145005525156712 ] ] ] } },
{ "type": "Feature", "properties": { "difference_1990_2000": 121.0, "difference_1990_2010": 203.0, "difference_1990_2020": 115.0 }, "geometry": { "type": "Polygon", "coordinates": [ [ [ -109.707361682670339, 23.052064597658134 ], [ -109.702789208962074, 23.052064597658131 ], [ -109.702789208962074, 23.04784151895252 ], [ -109.707361682670339, 23.04784151895252 ], [ -109.707361682670339, 23.052064597658134 ] ] ] } },
{ "type": "Feature", "properties": { "difference_1990_2000": 50.0, "difference_1990_2010": 378.0, "difference_1990_2020": 715.0 }, "geometry": { "type": "Polygon", "coordinates": [ [ [ -109.707361682670339, 23.081629817551054 ], [ -109.702789208962074, 23.081629817551025 ], [ -109.702789208962074, 23.077405821361825 ], [ -109.707361682670339, 23.077405821361825 ], [ -109.707361682670339, 23.081629817551054 ] ] ] } },
{ "type": "Feature", "properties": { "difference_1990_2000": 0.0, "difference_1990_2010": 0.0, "difference_1990_2020": 522.0 }, "geometry": { "type": "Polygon", "coordinates": [ [ [ -109.707361682670339, 23.132328016181077 ], [ -109.702789208962074, 23.132328016181081 ], [ -109.702789208962074, 23.128102443164099 ], [ -109.707361682670339, 23.128102443164128 ], [ -109.707361682670339, 23.132328016181077 ] ] ] } },
{ "type": "Feature", "properties": { "difference_1990_2000": 446.0, "difference_1990_2010": 620.0, "difference_1990_2020": 700.0 }, "geometry": { "type": "Polygon", "coordinates": [ [ [ -109.707361682670339, 23.149231624907451 ], [ -109.702789208962074, 23.149231624907451 ], [ -109.702789208962074, 23.145005525156702 ], [ -109.707361682670339, 23.145005525156712 ], [ -109.707361682670339, 23.149231624907451 ] ] ] } },
{ "type": "Feature", "properties": { "difference_1990_2000": -38.0, "difference_1990_2010": -40.0, "difference_1990_2020": -21.0 }, "geometry": { "type": "Polygon", "coordinates": [ [ [ -109.707361682670339, 23.073181956346801 ], [ -109.702789208962074, 23.073181956346797 ], [ -109.702789208962074, 23.068958222470911 ], [ -109.707361682670339, 23.068958222470915 ], [ -109.707361682670339, 23.073181956346801 ] ] ] } },
{ "type": "Feature", "properties": { "difference_1990_2000": 56.0, "difference_1990_2010": 118.0, "difference_1990_2020": 57.0 }, "geometry": { "type": "Polygon", "coordinates": [ [ [ -109.707361682670339, 23.047841518952463 ], [ -109.702789208962074, 23.047841518952463 ], [ -109.702789208962074, 23.043618571175923 ], [ -109.707361682670339, 23.04361857117593 ], [ -109.707361682670339, 23.047841518952463 ] ] ] } },
{ "type": "Feature", "properties": { "difference_1990_2000": 11.0, "difference_1990_2010": 1057.0, "difference_1990_2020": 1304.0 }, "geometry": { "type": "Polygon", "coordinates": [ [ [ -109.707361682670339, 23.16191071492883 ], [ -109.702789208962074, 23.16191071492883 ], [ -109.702789208962074, 23.157684219758281 ], [ -109.707361682670339, 23.157684219758281 ], [ -109.707361682670339, 23.16191071492883 ] ] ] } },
{ "type": "Feature", "properties": { "difference_1990_2000": 3.0, "difference_1990_2010": 159.0, "difference_1990_2020": 210.0 }, "geometry": { "type": "Polygon", "coordinates": [ [ [ -109.707361682670339, 23.094302593514662 ], [ -109.702789208962074, 23.09430259351463 ], [ -109.702789208962074, 23.090078203592377 ], [ -109.707361682670339, 23.090078203592377 ], [ -109.707361682670339, 23.094302593514662 ] ] ] } },
{ "type": "Feature", "properties": { "difference_1990_2000": 509.0, "difference_1990_2010": 802.0, "difference_1990_2020": 865.0 }, "geometry": { "type": "Polygon", "coordinates": [ [ [ -109.707361682670339, 23.153457856429522 ], [ -109.702789208962074, 23.153457856429522 ], [ -109.702789208962074, 23.149231624907451 ], [ -109.707361682670339, 23.149231624907451 ], [ -109.707361682670339, 23.153457856429522 ] ] ] } },
{ "type": "Feature", "properties": { "difference_1990_2000": 5.0, "difference_1990_2010": 57.0, "difference_1990_2020": -56.0 }, "geometry": { "type": "Polygon", "coordinates": [ [ [ -109.707361682670339, 23.064734619699138 ], [ -109.702789208962074, 23.064734619699134 ], [ -109.702789208962074, 23.060511147996476 ], [ -109.707361682670339, 23.060511147996476 ], [ -109.707361682670339, 23.064734619699138 ] ] ] } },
{ "type": "Feature", "properties": { "difference_1990_2000": -1.0, "difference_1990_2010": 196.0, "difference_1990_2020": 348.0 }, "geometry": { "type": "Polygon", "coordinates": [ [ [ -109.707361682670339, 23.077405821361825 ], [ -109.702789208962074, 23.077405821361825 ], [ -109.702789208962074, 23.073181956346797 ], [ -109.707361682670339, 23.073181956346801 ], [ -109.707361682670339, 23.077405821361825 ] ] ] } },
{ "type": "Feature", "properties": { "difference_1990_2000": 0.0, "difference_1990_2010": 883.0, "difference_1990_2020": 1440.0 }, "geometry": { "type": "Polygon", "coordinates": [ [ [ -109.707361682670339, 23.16613734197643 ], [ -109.702789208962074, 23.166137341976434 ], [ -109.702789208962074, 23.16191071492883 ], [ -109.707361682670339, 23.16191071492883 ], [ -109.707361682670339, 23.16613734197643 ] ] ] } },
{ "type": "Feature", "properties": { "difference_1990_2000": -6.0, "difference_1990_2010": 40.0, "difference_1990_2020": 1.0 }, "geometry": { "type": "Polygon", "coordinates": [ [ [ -109.707361682670339, 23.04361857117593 ], [ -109.702789208962074, 23.043618571175923 ], [ -109.702789208962074, 23.03939575429327 ], [ -109.707361682670339, 23.039395754293313 ], [ -109.707361682670339, 23.04361857117593 ] ] ] } },
{ "type": "Feature", "properties": { "difference_1990_2000": 153.0, "difference_1990_2010": 240.0, "difference_1990_2020": 144.0 }, "geometry": { "type": "Polygon", "coordinates": [ [ [ -109.707361682670339, 23.056287807327788 ], [ -109.702789208962074, 23.056287807327784 ], [ -109.702789208962074, 23.052064597658131 ], [ -109.707361682670339, 23.052064597658134 ], [ -109.707361682670339, 23.056287807327788 ] ] ] } },
{ "type": "Feature", "properties": { "difference_1990_2000": 10.0, "difference_1990_2010": 209.0, "difference_1990_2020": 262.0 }, "geometry": { "type": "Polygon", "coordinates": [ [ [ -109.707361682670339, 23.090078203592377 ], [ -109.702789208962074, 23.090078203592377 ], [ -109.702789208962074, 23.085853944949566 ], [ -109.707361682670339, 23.085853944949562 ], [ -109.707361682670339, 23.090078203592377 ] ] ] } },
{ "type": "Feature", "properties": { "difference_1990_2000": 48.0, "difference_1990_2010": 16.0, "difference_1990_2020": -143.0 }, "geometry": { "type": "Polygon", "coordinates": [ [ [ -109.69821673525378, 23.060511147996461 ], [ -109.693644261545501, 23.060511147996479 ], [ -109.693644261545501, 23.056287807327813 ], [ -109.69821673525378, 23.056287807327788 ], [ -109.69821673525378, 23.060511147996461 ] ] ] } },
{ "type": "Feature", "properties": { "difference_1990_2000": -7.0, "difference_1990_2010": 48.0, "difference_1990_2020": 0.0 }, "geometry": { "type": "Polygon", "coordinates": [ [ [ -109.69821673525378, 23.052064597658163 ], [ -109.693644261545501, 23.052064597658156 ], [ -109.693644261545501, 23.047841518952517 ], [ -109.69821673525378, 23.047841518952513 ], [ -109.69821673525378, 23.052064597658163 ] ] ] } },
{ "type": "Feature", "properties": { "difference_1990_2000": -310.0, "difference_1990_2010": -329.0, "difference_1990_2020": -441.0 }, "geometry": { "type": "Polygon", "coordinates": [ [ [ -109.69821673525378, 23.064734619699138 ], [ -109.693644261545501, 23.064734619699134 ], [ -109.693644261545501, 23.060511147996479 ], [ -109.69821673525378, 23.060511147996461 ], [ -109.69821673525378, 23.064734619699138 ] ] ] } },
{ "type": "Feature", "properties": { "difference_1990_2000": 74.0, "difference_1990_2010": 77.0, "difference_1990_2020": -1.0 }, "geometry": { "type": "Polygon", "coordinates": [ [ [ -109.69821673525378, 23.056287807327788 ], [ -109.693644261545501, 23.056287807327813 ], [ -109.693644261545501, 23.052064597658156 ], [ -109.69821673525378, 23.052064597658163 ], [ -109.69821673525378, 23.056287807327788 ] ] ] } }
]
}
