{
"type": "FeatureCollection",
"name": "M25.03",
"crs": { "type": "name", "properties": { "name": "urn:ogc:def:crs:OGC:1.3:CRS84" } },
"features": [
{ "type": "Feature", "properties": { "difference_1990_2000": 201.0, "difference_1990_2010": 41.0, "difference_1990_2020": 552.0 }, "geometry": { "type": "Polygon", "coordinates": [ [ [ -106.41975308641976, 23.288767051495629 ], [ -106.415180612711495, 23.288767051495636 ], [ -106.415180612711495, 23.284536584654415 ], [ -106.41975308641976, 23.284536584654418 ], [ -106.41975308641976, 23.288767051495629 ] ] ] } },
{ "type": "Feature", "properties": { "difference_1990_2000": 213.0, "difference_1990_2010": 489.0, "difference_1990_2020": 495.0 }, "geometry": { "type": "Polygon", "coordinates": [ [ [ -106.41975308641976, 23.259156573311031 ], [ -106.415180612711495, 23.259156573311031 ], [ -106.415180612711495, 23.254927036040378 ], [ -106.41975308641976, 23.254927036040328 ], [ -106.41975308641976, 23.259156573311031 ] ] ] } },
{ "type": "Feature", "properties": { "difference_1990_2000": -444.0, "difference_1990_2010": -806.0, "difference_1990_2020": -996.0 }, "geometry": { "type": "Polygon", "coordinates": [ [ [ -106.41975308641976, 23.216867165789225 ], [ -106.415180612711495, 23.216867165789225 ], [ -106.415180612711495, 23.212638953466751 ], [ -106.41975308641976, 23.212638953466755 ], [ -106.41975308641976, 23.216867165789225 ] ] ] } },
{ "type": "Feature", "properties": { "difference_1990_2000": 217.0, "difference_1990_2010": 248.0, "difference_1990_2020": 320.0 }, "geometry": { "type": "Polygon", "coordinates": [ [ [ -106.41975308641976, 23.233781338789544 ], [ -106.415180612711495, 23.233781338789569 ], [ -106.415180612711495, 23.229552596912225 ], [ -106.41975308641976, 23.229552596912225 ], [ -106.41975308641976, 23.233781338789544 ] ] ] } },
{ "type": "Feature", "properties": { "difference_1990_2000": 131.0, "difference_1990_2010": 1156.0, "difference_1990_2020": 1173.0 }, "geometry": { "type": "Polygon", "coordinates": [ [ [ -106.41975308641976, 23.229552596912225 ], [ -106.415180612711495, 23.229552596912225 ], [ -106.415180612711495, 23.2253239874766 ], [ -106.41975308641976, 23.225323987476603 ], [ -106.41975308641976, 23.229552596912225 ] ] ] } },
{ "type": "Feature", "properties": { "difference_1990_2000": -443.0, "difference_1990_2010": -647.0, "difference_1990_2020": -786.0 }, "geometry": { "type": "Polygon", "coordinates": [ [ [ -106.41975308641976, 23.195727426827201 ], [ -106.415180612711495, 23.195727426827204 ], [ -106.415180612711495, 23.191499875653403 ], [ -106.41975308641976, 23.191499875653395 ], [ -106.41975308641976, 23.195727426827201 ] ] ] } },
{ "type": "Feature", "properties": { "difference_1990_2000": -68.0, "difference_1990_2010": -230.0, "difference_1990_2020": -148.0 }, "geometry": { "type": "Polygon", "coordinates": [ [ [ -106.41975308641976, 23.238010213143937 ], [ -106.415180612711495, 23.238010213143934 ], [ -106.415180612711495, 23.233781338789569 ], [ -106.41975308641976, 23.233781338789544 ], [ -106.41975308641976, 23.238010213143937 ] ] ] } },
{ "type": "Feature", "properties": { "difference_1990_2000": 69.0, "difference_1990_2010": 84.0, "difference_1990_2020": 121.0 }, "geometry": { "type": "Polygon", "coordinates": [ [ [ -106.41975308641976, 23.284536584654418 ], [ -106.415180612711495, 23.284536584654415 ], [ -106.415180612711495, 23.28030625071532 ], [ -106.41975308641976, 23.280306250715295 ], [ -106.41975308641976, 23.284536584654418 ] ] ] } },
{ "type": "Feature", "properties": { "difference_1990_2000": -564.0, "difference_1990_2010": -592.0, "difference_1990_2020": -694.0 }, "geometry": { "type": "Polygon", "coordinates": [ [ [ -106.41975308641976, 23.250697631423655 ], [ -106.415180612711495, 23.250697631423655 ], [ -106.415180612711495, 23.24646835942562 ], [ -106.41975308641976, 23.246468359425595 ], [ -106.41975308641976, 23.250697631423655 ] ] ] } },
{ "type": "Feature", "properties": { "difference_1990_2000": 213.0, "difference_1990_2010": -314.0, "difference_1990_2020": -512.0 }, "geometry": { "type": "Polygon", "coordinates": [ [ [ -106.41975308641976, 23.199955110160143 ], [ -106.415180612711495, 23.199955110160143 ], [ -106.415180612711495, 23.195727426827204 ], [ -106.41975308641976, 23.195727426827201 ], [ -106.41975308641976, 23.199955110160143 ] ] ] } },
{ "type": "Feature", "properties": { "difference_1990_2000": 369.0, "difference_1990_2010": 391.0, "difference_1990_2020": 208.0 }, "geometry": { "type": "Polygon", "coordinates": [ [ [ -106.41975308641976, 23.246468359425595 ], [ -106.415180612711495, 23.24646835942562 ], [ -106.415180612711495, 23.242239220010848 ], [ -106.41975308641976, 23.242239220010852 ], [ -106.41975308641976, 23.246468359425595 ] ] ] } },
{ "type": "Feature", "properties": { "difference_1990_2000": 308.0, "difference_1990_2010": 262.0, "difference_1990_2020": 131.0 }, "geometry": { "type": "Polygon", "coordinates": [ [ [ -106.41975308641976, 23.242239220010852 ], [ -106.415180612711495, 23.242239220010848 ], [ -106.415180612711495, 23.238010213143934 ], [ -106.41975308641976, 23.238010213143937 ], [ -106.41975308641976, 23.242239220010852 ] ] ] } },
{ "type": "Feature", "properties": { "difference_1990_2000": -473.0, "difference_1990_2010": -890.0, "difference_1990_2020": -1211.0 }, "geometry": { "type": "Polygon", "coordinates": [ [ [ -106.41975308641976, 23.208410873444645 ], [ -106.415180612711495, 23.208410873444674 ], [ -106.415180612711495, 23.20418292568753 ], [ -106.41975308641976, 23.204182925687562 ], [ -106.41975308641976, 23.208410873444645 ] ] ] } },
{ "type": "Feature", "properties": { "difference_1990_2000": -9.0, "difference_1990_2010": 97.0, "difference_1990_2020": 32.0 }, "geometry": { "type": "Polygon", "coordinates": [ [ [ -106.41975308641976, 23.225323987476603 ], [ -106.415180612711495, 23.2253239874766 ], [ -106.415180612711495, 23.221095510447405 ], [ -106.41975308641976, 23.221095510447402 ], [ -106.41975308641976, 23.225323987476603 ] ] ] } },
{ "type": "Feature", "properties": { "difference_1990_2000": 1023.0, "difference_1990_2010": 1397.0, "difference_1990_2020": 1386.0 }, "geometry": { "type": "Polygon", "coordinates": [ [ [ -106.41975308641976, 23.267616045956292 ], [ -106.415180612711495, 23.267616045956323 ], [ -106.415180612711495, 23.263386243271256 ], [ -106.41975308641976, 23.263386243271231 ], [ -106.41975308641976, 23.267616045956292 ] ] ] } },
{ "type": "Feature", "properties": { "difference_1990_2000": 575.0, "difference_1990_2010": 722.0, "difference_1990_2020": 684.0 }, "geometry": { "type": "Polygon", "coordinates": [ [ [ -106.41975308641976, 23.271845981401736 ], [ -106.415180612711495, 23.271845981401739 ], [ -106.415180612711495, 23.267616045956352 ], [ -106.41975308641976, 23.267616045956292 ], [ -106.41975308641976, 23.271845981401736 ] ] ] } },
{ "type": "Feature", "properties": { "difference_1990_2000": 31.0, "difference_1990_2010": 0.0, "difference_1990_2020": 936.0 }, "geometry": { "type": "Polygon", "coordinates": [ [ [ -106.41975308641976, 23.292997651274522 ], [ -106.415180612711495, 23.292997651274518 ], [ -106.415180612711495, 23.28876705149565 ], [ -106.41975308641976, 23.288767051495668 ], [ -106.41975308641976, 23.292997651274522 ] ] ] } },
{ "type": "Feature", "properties": { "difference_1990_2000": 5.0, "difference_1990_2010": 8.0, "difference_1990_2020": 8.0 }, "geometry": { "type": "Polygon", "coordinates": [ [ [ -106.41975308641976, 23.183045169641957 ], [ -106.415180612711495, 23.183045169641961 ], [ -106.415180612711495, 23.178818014733821 ], [ -106.41975308641976, 23.178818014733814 ], [ -106.41975308641976, 23.183045169641957 ] ] ] } },
{ "type": "Feature", "properties": { "difference_1990_2000": -293.0, "difference_1990_2010": -414.0, "difference_1990_2020": -479.0 }, "geometry": { "type": "Polygon", "coordinates": [ [ [ -106.41975308641976, 23.191499875653395 ], [ -106.415180612711495, 23.191499875653403 ], [ -106.415180612711495, 23.187272456603409 ], [ -106.41975308641976, 23.187272456603409 ], [ -106.41975308641976, 23.191499875653395 ] ] ] } },
{ "type": "Feature", "properties": { "difference_1990_2000": 1.0, "difference_1990_2010": -7.0, "difference_1990_2020": -1.0 }, "geometry": { "type": "Polygon", "coordinates": [ [ [ -106.41975308641976, 23.187272456603409 ], [ -106.415180612711495, 23.187272456603409 ], [ -106.415180612711495, 23.183045169641961 ], [ -106.41975308641976, 23.183045169641957 ], [ -106.41975308641976, 23.187272456603409 ] ] ] } },
{ "type": "Feature", "properties": { "difference_1990_2000": 5.0, "difference_1990_2010": 7.0, "difference_1990_2020": 7.0 }, "geometry": { "type": "Polygon", "coordinates": [ [ [ -106.41975308641976, 23.178818014733814 ], [ -106.415180612711495, 23.178818014733821 ], [ -106.415180612711495, 23.174590991843683 ], [ -106.41975308641976, 23.174590991843679 ], [ -106.41975308641976, 23.178818014733814 ] ] ] } },
{ "type": "Feature", "properties": { "difference_1990_2000": 222.0, "difference_1990_2010": 40.0, "difference_1990_2020": -129.0 }, "geometry": { "type": "Polygon", "coordinates": [ [ [ -106.41975308641976, 23.254927036040307 ], [ -106.415180612711495, 23.254927036040332 ], [ -106.415180612711495, 23.250697631423655 ], [ -106.41975308641976, 23.250697631423655 ], [ -106.41975308641976, 23.254927036040307 ] ] ] } },
{ "type": "Feature", "properties": { "difference_1990_2000": 16.0, "difference_1990_2010": 20.0, "difference_1990_2020": 45.0 }, "geometry": { "type": "Polygon", "coordinates": [ [ [ -106.41975308641976, 23.28030625071532 ], [ -106.415180612711495, 23.28030625071532 ], [ -106.415180612711495, 23.276076049642942 ], [ -106.41975308641976, 23.276076049642938 ], [ -106.41975308641976, 23.28030625071532 ] ] ] } },
{ "type": "Feature", "properties": { "difference_1990_2000": -448.0, "difference_1990_2010": -952.0, "difference_1990_2020": -1178.0 }, "geometry": { "type": "Polygon", "coordinates": [ [ [ -106.41975308641976, 23.204182925687562 ], [ -106.415180612711495, 23.20418292568753 ], [ -106.415180612711495, 23.199955110160143 ], [ -106.41975308641976, 23.199955110160143 ], [ -106.41975308641976, 23.204182925687562 ] ] ] } },
{ "type": "Feature", "properties": { "difference_1990_2000": -816.0, "difference_1990_2010": -1493.0, "difference_1990_2020": -1853.0 }, "geometry": { "type": "Polygon", "coordinates": [ [ [ -106.41975308641976, 23.212638953466755 ], [ -106.415180612711495, 23.212638953466751 ], [ -106.415180612711495, 23.208410873444642 ], [ -106.41975308641976, 23.208410873444624 ], [ -106.41975308641976, 23.212638953466755 ] ] ] } },
{ "type": "Feature", "properties": { "difference_1990_2000": 3.0, "difference_1990_2010": 2.0, "difference_1990_2020": 39.0 }, "geometry": { "type": "Polygon", "coordinates": [ [ [ -106.41975308641976, 23.276076049642938 ], [ -106.415180612711495, 23.276076049642942 ], [ -106.415180612711495, 23.271845981401739 ], [ -106.41975308641976, 23.271845981401736 ], [ -106.41975308641976, 23.276076049642938 ] ] ] } },
{ "type": "Feature", "properties": { "difference_1990_2000": 169.0, "difference_1990_2010": 502.0, "difference_1990_2020": 563.0 }, "geometry": { "type": "Polygon", "coordinates": [ [ [ -106.41975308641976, 23.263386243271231 ], [ -106.415180612711495, 23.263386243271256 ], [ -106.415180612711495, 23.259156573311031 ], [ -106.41975308641976, 23.259156573311031 ], [ -106.41975308641976, 23.263386243271231 ] ] ] } },
{ "type": "Feature", "properties": { "difference_1990_2000": -372.0, "difference_1990_2010": -650.0, "difference_1990_2020": -743.0 }, "geometry": { "type": "Polygon", "coordinates": [ [ [ -106.41975308641976, 23.221095510447402 ], [ -106.415180612711495, 23.221095510447405 ], [ -106.415180612711495, 23.216867165789225 ], [ -106.41975308641976, 23.216867165789225 ], [ -106.41975308641976, 23.221095510447402 ] ] ] } },
{ "type": "Feature", "properties": { "difference_1990_2000": 241.0, "difference_1990_2010": 366.0, "difference_1990_2020": 469.0 }, "geometry": { "type": "Polygon", "coordinates": [ [ [ -106.410608139003216, 23.28876705149565 ], [ -106.406035665294937, 23.288767051495629 ], [ -106.406035665294937, 23.284536584654418 ], [ -106.410608139003216, 23.284536584654415 ], [ -106.410608139003216, 23.28876705149565 ] ] ] } },
{ "type": "Feature", "properties": { "difference_1990_2000": 2957.0, "difference_1990_2010": 2481.0, "difference_1990_2020": 2043.0 }, "geometry": { "type": "Polygon", "coordinates": [ [ [ -106.410608139003216, 23.259156573311031 ], [ -106.406035665294937, 23.259156573311046 ], [ -106.406035665294937, 23.254927036040332 ], [ -106.410608139003216, 23.254927036040328 ], [ -106.410608139003216, 23.259156573311031 ] ] ] } },
{ "type": "Feature", "properties": { "difference_1990_2000": -27.0, "difference_1990_2010": -396.0, "difference_1990_2020": -518.0 }, "geometry": { "type": "Polygon", "coordinates": [ [ [ -106.410608139003216, 23.216867165789221 ], [ -106.406035665294937, 23.216867165789228 ], [ -106.406035665294937, 23.212638953466751 ], [ -106.410608139003216, 23.212638953466755 ], [ -106.410608139003216, 23.216867165789221 ] ] ] } },
{ "type": "Feature", "properties": { "difference_1990_2000": -263.0, "difference_1990_2010": -897.0, "difference_1990_2020": -1091.0 }, "geometry": { "type": "Polygon", "coordinates": [ [ [ -106.410608139003216, 23.233781338789544 ], [ -106.406035665294937, 23.233781338789512 ], [ -106.406035665294937, 23.229552596912225 ], [ -106.410608139003216, 23.229552596912225 ], [ -106.410608139003216, 23.233781338789544 ] ] ] } },
{ "type": "Feature", "properties": { "difference_1990_2000": -420.0, "difference_1990_2010": -900.0, "difference_1990_2020": -1209.0 }, "geometry": { "type": "Polygon", "coordinates": [ [ [ -106.410608139003216, 23.229552596912225 ], [ -106.406035665294937, 23.229552596912225 ], [ -106.406035665294937, 23.225323987476603 ], [ -106.410608139003216, 23.225323987476649 ], [ -106.410608139003216, 23.229552596912225 ] ] ] } },
{ "type": "Feature", "properties": { "difference_1990_2000": 62.0, "difference_1990_2010": 88.0, "difference_1990_2020": 94.0 }, "geometry": { "type": "Polygon", "coordinates": [ [ [ -106.410608139003216, 23.195727426827197 ], [ -106.406035665294937, 23.195727426827197 ], [ -106.406035665294937, 23.191499875653399 ], [ -106.410608139003216, 23.191499875653399 ], [ -106.410608139003216, 23.195727426827197 ] ] ] } },
{ "type": "Feature", "properties": { "difference_1990_2000": -580.0, "difference_1990_2010": -1143.0, "difference_1990_2020": -1314.0 }, "geometry": { "type": "Polygon", "coordinates": [ [ [ -106.410608139003216, 23.238010213143937 ], [ -106.406035665294937, 23.238010213143962 ], [ -106.406035665294937, 23.233781338789548 ], [ -106.410608139003216, 23.233781338789544 ], [ -106.410608139003216, 23.238010213143937 ] ] ] } },
{ "type": "Feature", "properties": { "difference_1990_2000": 358.0, "difference_1990_2010": 756.0, "difference_1990_2020": 745.0 }, "geometry": { "type": "Polygon", "coordinates": [ [ [ -106.410608139003216, 23.284536584654415 ], [ -106.406035665294937, 23.284536584654418 ], [ -106.406035665294937, 23.280306250715327 ], [ -106.410608139003216, 23.280306250715295 ], [ -106.410608139003216, 23.284536584654415 ] ] ] } },
{ "type": "Feature", "properties": { "difference_1990_2000": 299.0, "difference_1990_2010": 102.0, "difference_1990_2020": -34.0 }, "geometry": { "type": "Polygon", "coordinates": [ [ [ -106.410608139003216, 23.25069763142368 ], [ -106.406035665294937, 23.250697631423623 ], [ -106.406035665294937, 23.246468359425677 ], [ -106.410608139003216, 23.24646835942562 ], [ -106.410608139003216, 23.25069763142368 ] ] ] } },
{ "type": "Feature", "properties": { "difference_1990_2000": 5.0, "difference_1990_2010": 27.0, "difference_1990_2020": 38.0 }, "geometry": { "type": "Polygon", "coordinates": [ [ [ -106.410608139003216, 23.19995511016015 ], [ -106.406035665294937, 23.199955110160143 ], [ -106.406035665294937, 23.195727426827197 ], [ -106.410608139003216, 23.195727426827197 ], [ -106.410608139003216, 23.19995511016015 ] ] ] } },
{ "type": "Feature", "properties": { "difference_1990_2000": -286.0, "difference_1990_2010": -926.0, "difference_1990_2020": -1173.0 }, "geometry": { "type": "Polygon", "coordinates": [ [ [ -106.410608139003216, 23.242239220010852 ], [ -106.406035665294937, 23.24223922001087 ], [ -106.406035665294937, 23.238010213143962 ], [ -106.410608139003216, 23.238010213143937 ], [ -106.410608139003216, 23.242239220010852 ] ] ] } },
{ "type": "Feature", "properties": { "difference_1990_2000": -157.0, "difference_1990_2010": -308.0, "difference_1990_2020": -328.0 }, "geometry": { "type": "Polygon", "coordinates": [ [ [ -106.410608139003216, 23.208410873444645 ], [ -106.406035665294937, 23.208410873444645 ], [ -106.406035665294937, 23.20418292568753 ], [ -106.410608139003216, 23.204182925687562 ], [ -106.410608139003216, 23.208410873444645 ] ] ] } },
{ "type": "Feature", "properties": { "difference_1990_2000": -553.0, "difference_1990_2010": -1142.0, "difference_1990_2020": -1413.0 }, "geometry": { "type": "Polygon", "coordinates": [ [ [ -106.410608139003216, 23.24646835942562 ], [ -106.406035665294937, 23.24646835942562 ], [ -106.406035665294937, 23.24223922001087 ], [ -106.410608139003216, 23.242239220010852 ], [ -106.410608139003216, 23.24646835942562 ] ] ] } },
{ "type": "Feature", "properties": { "difference_1990_2000": 1889.0, "difference_1990_2010": 2597.0, "difference_1990_2020": 2612.0 }, "geometry": { "type": "Polygon", "coordinates": [ [ [ -106.410608139003216, 23.267616045956295 ], [ -106.406035665294937, 23.267616045956292 ], [ -106.406035665294937, 23.263386243271231 ], [ -106.410608139003216, 23.263386243271231 ], [ -106.410608139003216, 23.267616045956295 ] ] ] } },
{ "type": "Feature", "properties": { "difference_1990_2000": 2202.0, "difference_1990_2010": 3150.0, "difference_1990_2020": 3090.0 }, "geometry": { "type": "Polygon", "coordinates": [ [ [ -106.410608139003216, 23.271845981401771 ], [ -106.406035665294937, 23.271845981401739 ], [ -106.406035665294937, 23.267616045956292 ], [ -106.410608139003216, 23.26761604595632 ], [ -106.410608139003216, 23.271845981401771 ] ] ] } },
{ "type": "Feature", "properties": { "difference_1990_2000": 62.0, "difference_1990_2010": -331.0, "difference_1990_2020": -400.0 }, "geometry": { "type": "Polygon", "coordinates": [ [ [ -106.410608139003216, 23.225323987476649 ], [ -106.406035665294937, 23.225323987476603 ], [ -106.406035665294937, 23.221095510447434 ], [ -106.410608139003216, 23.221095510447402 ], [ -106.410608139003216, 23.225323987476649 ] ] ] } },
{ "type": "Feature", "properties": { "difference_1990_2000": 81.0, "difference_1990_2010": 115.0, "difference_1990_2020": 123.0 }, "geometry": { "type": "Polygon", "coordinates": [ [ [ -106.410608139003216, 23.191499875653399 ], [ -106.406035665294937, 23.191499875653399 ], [ -106.406035665294937, 23.187272456603409 ], [ -106.410608139003216, 23.187272456603409 ], [ -106.410608139003216, 23.191499875653399 ] ] ] } },
{ "type": "Feature", "properties": { "difference_1990_2000": 2.0, "difference_1990_2010": 3.0, "difference_1990_2020": 3.0 }, "geometry": { "type": "Polygon", "coordinates": [ [ [ -106.410608139003216, 23.187272456603409 ], [ -106.406035665294937, 23.187272456603409 ], [ -106.406035665294937, 23.183045169641954 ], [ -106.410608139003216, 23.183045169641989 ], [ -106.410608139003216, 23.187272456603409 ] ] ] } },
{ "type": "Feature", "properties": { "difference_1990_2000": -79.0, "difference_1990_2010": -191.0, "difference_1990_2020": -277.0 }, "geometry": { "type": "Polygon", "coordinates": [ [ [ -106.410608139003216, 23.254927036040318 ], [ -106.406035665294937, 23.254927036040332 ], [ -106.406035665294937, 23.250697631423623 ], [ -106.410608139003216, 23.25069763142368 ], [ -106.410608139003216, 23.254927036040318 ] ] ] } },
{ "type": "Feature", "properties": { "difference_1990_2000": 457.0, "difference_1990_2010": 1176.0, "difference_1990_2020": 1358.0 }, "geometry": { "type": "Polygon", "coordinates": [ [ [ -106.410608139003216, 23.280306250715324 ], [ -106.406035665294937, 23.280306250715352 ], [ -106.406035665294937, 23.276076049642942 ], [ -106.410608139003216, 23.276076049642946 ], [ -106.410608139003216, 23.280306250715324 ] ] ] } },
{ "type": "Feature", "properties": { "difference_1990_2000": -547.0, "difference_1990_2010": -970.0, "difference_1990_2020": -1127.0 }, "geometry": { "type": "Polygon", "coordinates": [ [ [ -106.410608139003216, 23.212638953466755 ], [ -106.406035665294937, 23.212638953466751 ], [ -106.406035665294937, 23.208410873444645 ], [ -106.410608139003216, 23.208410873444624 ], [ -106.410608139003216, 23.212638953466755 ] ] ] } },
{ "type": "Feature", "properties": { "difference_1990_2000": 1207.0, "difference_1990_2010": 1610.0, "difference_1990_2020": 1929.0 }, "geometry": { "type": "Polygon", "coordinates": [ [ [ -106.410608139003216, 23.276076049642946 ], [ -106.406035665294937, 23.276076049642942 ], [ -106.406035665294937, 23.271845981401739 ], [ -106.410608139003216, 23.271845981401771 ], [ -106.410608139003216, 23.276076049642946 ] ] ] } },
{ "type": "Feature", "properties": { "difference_1990_2000": 1256.0, "difference_1990_2010": 1611.0, "difference_1990_2020": 1579.0 }, "geometry": { "type": "Polygon", "coordinates": [ [ [ -106.410608139003216, 23.263386243271231 ], [ -106.406035665294937, 23.263386243271231 ], [ -106.406035665294937, 23.259156573311031 ], [ -106.410608139003216, 23.259156573311031 ], [ -106.410608139003216, 23.263386243271231 ] ] ] } },
{ "type": "Feature", "properties": { "difference_1990_2000": 184.0, "difference_1990_2010": -203.0, "difference_1990_2020": -249.0 }, "geometry": { "type": "Polygon", "coordinates": [ [ [ -106.410608139003216, 23.221095510447402 ], [ -106.406035665294937, 23.221095510447434 ], [ -106.406035665294937, 23.216867165789228 ], [ -106.410608139003216, 23.216867165789221 ], [ -106.410608139003216, 23.221095510447402 ] ] ] } },
{ "type": "Feature", "properties": { "difference_1990_2000": -28.0, "difference_1990_2010": -61.0, "difference_1990_2020": -98.0 }, "geometry": { "type": "Polygon", "coordinates": [ [ [ -106.401463191586643, 23.22109551044743 ], [ -106.396890717878364, 23.221095510447405 ], [ -106.396890717878364, 23.216867165789225 ], [ -106.401463191586643, 23.216867165789225 ], [ -106.401463191586643, 23.22109551044743 ] ] ] } },
{ "type": "Feature", "properties": { "difference_1990_2000": 253.0, "difference_1990_2010": 1310.0, "difference_1990_2020": 1551.0 }, "geometry": { "type": "Polygon", "coordinates": [ [ [ -106.401463191586643, 23.288767051495633 ], [ -106.396890717878364, 23.288767051495633 ], [ -106.396890717878364, 23.284536584654372 ], [ -106.401463191586643, 23.284536584654418 ], [ -106.401463191586643, 23.288767051495633 ] ] ] } },
{ "type": "Feature", "properties": { "difference_1990_2000": 771.0, "difference_1990_2010": 1051.0, "difference_1990_2020": 1183.0 }, "geometry": { "type": "Polygon", "coordinates": [ [ [ -106.401463191586643, 23.259156573311031 ], [ -106.396890717878364, 23.259156573311049 ], [ -106.396890717878364, 23.254927036040332 ], [ -106.401463191586643, 23.254927036040328 ], [ -106.401463191586643, 23.259156573311031 ] ] ] } },
{ "type": "Feature", "properties": { "difference_1990_2000": -469.0, "difference_1990_2010": -497.0, "difference_1990_2020": -530.0 }, "geometry": { "type": "Polygon", "coordinates": [ [ [ -106.401463191586643, 23.216867165789225 ], [ -106.396890717878364, 23.216867165789225 ], [ -106.396890717878364, 23.212638953466758 ], [ -106.401463191586643, 23.212638953466712 ], [ -106.401463191586643, 23.216867165789225 ] ] ] } },
{ "type": "Feature", "properties": { "difference_1990_2000": -398.0, "difference_1990_2010": -689.0, "difference_1990_2020": -875.0 }, "geometry": { "type": "Polygon", "coordinates": [ [ [ -106.401463191586643, 23.233781338789548 ], [ -106.396890717878364, 23.233781338789544 ], [ -106.396890717878364, 23.229552596912221 ], [ -106.401463191586643, 23.229552596912239 ], [ -106.401463191586643, 23.233781338789548 ] ] ] } },
{ "type": "Feature", "properties": { "difference_1990_2000": 365.0, "difference_1990_2010": 1980.0, "difference_1990_2020": 1889.0 }, "geometry": { "type": "Polygon", "coordinates": [ [ [ -106.401463191586643, 23.250697631423627 ], [ -106.396890717878364, 23.250697631423652 ], [ -106.396890717878364, 23.246468359425677 ], [ -106.401463191586643, 23.24646835942562 ], [ -106.401463191586643, 23.250697631423627 ] ] ] } },
{ "type": "Feature", "properties": { "difference_1990_2000": -589.0, "difference_1990_2010": -838.0, "difference_1990_2020": -1147.0 }, "geometry": { "type": "Polygon", "coordinates": [ [ [ -106.401463191586643, 23.238010213143912 ], [ -106.396890717878364, 23.238010213143937 ], [ -106.396890717878364, 23.233781338789562 ], [ -106.401463191586643, 23.233781338789548 ], [ -106.401463191586643, 23.238010213143912 ] ] ] } },
{ "type": "Feature", "properties": { "difference_1990_2000": 404.0, "difference_1990_2010": 205.0, "difference_1990_2020": 47.0 }, "geometry": { "type": "Polygon", "coordinates": [ [ [ -106.401463191586643, 23.229552596912239 ], [ -106.396890717878364, 23.229552596912221 ], [ -106.396890717878364, 23.2253239874766 ], [ -106.401463191586643, 23.225323987476603 ], [ -106.401463191586643, 23.229552596912239 ] ] ] } },
{ "type": "Feature", "properties": { "difference_1990_2000": 839.0, "difference_1990_2010": 1647.0, "difference_1990_2020": 1876.0 }, "geometry": { "type": "Polygon", "coordinates": [ [ [ -106.401463191586643, 23.284536584654418 ], [ -106.396890717878364, 23.284536584654372 ], [ -106.396890717878364, 23.280306250715324 ], [ -106.401463191586643, 23.280306250715327 ], [ -106.401463191586643, 23.284536584654418 ] ] ] } },
{ "type": "Feature", "properties": { "difference_1990_2000": 16.0, "difference_1990_2010": 326.0, "difference_1990_2020": 250.0 }, "geometry": { "type": "Polygon", "coordinates": [ [ [ -106.401463191586643, 23.242239220010852 ], [ -106.396890717878364, 23.242239220010852 ], [ -106.396890717878364, 23.238010213143937 ], [ -106.401463191586643, 23.238010213143912 ], [ -106.401463191586643, 23.242239220010852 ] ] ] } },
{ "type": "Feature", "properties": { "difference_1990_2000": 7.0, "difference_1990_2010": 38.0, "difference_1990_2020": 52.0 }, "geometry": { "type": "Polygon", "coordinates": [ [ [ -106.401463191586643, 23.208410873444645 ], [ -106.396890717878364, 23.208410873444642 ], [ -106.396890717878364, 23.20418292568753 ], [ -106.401463191586643, 23.204182925687533 ], [ -106.401463191586643, 23.208410873444645 ] ] ] } },
{ "type": "Feature", "properties": { "difference_1990_2000": 99.0, "difference_1990_2010": 1717.0, "difference_1990_2020": 1704.0 }, "geometry": { "type": "Polygon", "coordinates": [ [ [ -106.401463191586643, 23.24646835942562 ], [ -106.396890717878364, 23.246468359425599 ], [ -106.396890717878364, 23.242239220010852 ], [ -106.401463191586643, 23.242239220010852 ], [ -106.401463191586643, 23.24646835942562 ] ] ] } },
{ "type": "Feature", "properties": { "difference_1990_2000": 1015.0, "difference_1990_2010": 931.0, "difference_1990_2020": 872.0 }, "geometry": { "type": "Polygon", "coordinates": [ [ [ -106.401463191586643, 23.225323987476603 ], [ -106.396890717878364, 23.2253239874766 ], [ -106.396890717878364, 23.221095510447405 ], [ -106.401463191586643, 23.22109551044743 ], [ -106.401463191586643, 23.225323987476603 ] ] ] } },
{ "type": "Feature", "properties": { "difference_1990_2000": 129.0, "difference_1990_2010": 389.0, "difference_1990_2020": 645.0 }, "geometry": { "type": "Polygon", "coordinates": [ [ [ -106.401463191586643, 23.267616045956292 ], [ -106.396890717878364, 23.267616045956295 ], [ -106.396890717878364, 23.263386243271231 ], [ -106.401463191586643, 23.263386243271249 ], [ -106.401463191586643, 23.267616045956292 ] ] ] } },
{ "type": "Feature", "properties": { "difference_1990_2000": 8.0, "difference_1990_2010": 311.0, "difference_1990_2020": 585.0 }, "geometry": { "type": "Polygon", "coordinates": [ [ [ -106.401463191586643, 23.271845981401736 ], [ -106.396890717878364, 23.271845981401732 ], [ -106.396890717878364, 23.267616045956323 ], [ -106.401463191586643, 23.267616045956292 ], [ -106.401463191586643, 23.271845981401736 ] ] ] } },
{ "type": "Feature", "properties": { "difference_1990_2000": 0.0, "difference_1990_2010": 139.0, "difference_1990_2020": 343.0 }, "geometry": { "type": "Polygon", "coordinates": [ [ [ -106.401463191586643, 23.292997651274522 ], [ -106.396890717878364, 23.292997651274518 ], [ -106.396890717878364, 23.288767051495668 ], [ -106.401463191586643, 23.288767051495665 ], [ -106.401463191586643, 23.292997651274522 ] ] ] } },
{ "type": "Feature", "properties": { "difference_1990_2000": 0.0, "difference_1990_2010": 0.0, "difference_1990_2020": -19.0 }, "geometry": { "type": "Polygon", "coordinates": [ [ [ -106.401463191586643, 23.191499875653395 ], [ -106.396890717878364, 23.191499875653392 ], [ -106.396890717878364, 23.187272456603406 ], [ -106.401463191586643, 23.187272456603409 ], [ -106.401463191586643, 23.191499875653395 ] ] ] } },
{ "type": "Feature", "properties": { "difference_1990_2000": 3.0, "difference_1990_2010": 4.0, "difference_1990_2020": 8.0 }, "geometry": { "type": "Polygon", "coordinates": [ [ [ -106.401463191586643, 23.187272456603409 ], [ -106.396890717878364, 23.187272456603406 ], [ -106.396890717878364, 23.183045169641957 ], [ -106.401463191586643, 23.183045169641954 ], [ -106.401463191586643, 23.187272456603409 ] ] ] } },
{ "type": "Feature", "properties": { "difference_1990_2000": 5.0, "difference_1990_2010": 30.0, "difference_1990_2020": 42.0 }, "geometry": { "type": "Polygon", "coordinates": [ [ [ -106.401463191586643, 23.204182925687533 ], [ -106.396890717878364, 23.20418292568753 ], [ -106.396890717878364, 23.199955110160143 ], [ -106.401463191586643, 23.19995511016014 ], [ -106.401463191586643, 23.204182925687533 ] ] ] } },
{ "type": "Feature", "properties": { "difference_1990_2000": -53.0, "difference_1990_2010": -57.0, "difference_1990_2020": -62.0 }, "geometry": { "type": "Polygon", "coordinates": [ [ [ -106.401463191586643, 23.212638953466712 ], [ -106.396890717878364, 23.212638953466758 ], [ -106.396890717878364, 23.20841087344462 ], [ -106.401463191586643, 23.208410873444624 ], [ -106.401463191586643, 23.212638953466712 ] ] ] } },
{ "type": "Feature", "properties": { "difference_1990_2000": 318.0, "difference_1990_2010": 993.0, "difference_1990_2020": 1493.0 }, "geometry": { "type": "Polygon", "coordinates": [ [ [ -106.401463191586643, 23.280306250715327 ], [ -106.396890717878364, 23.280306250715348 ], [ -106.396890717878364, 23.276076049642899 ], [ -106.401463191586643, 23.276076049642942 ], [ -106.401463191586643, 23.280306250715327 ] ] ] } },
{ "type": "Feature", "properties": { "difference_1990_2000": 37.0, "difference_1990_2010": 1072.0, "difference_1990_2020": 2035.0 }, "geometry": { "type": "Polygon", "coordinates": [ [ [ -106.401463191586643, 23.276076049642942 ], [ -106.396890717878364, 23.276076049642899 ], [ -106.396890717878364, 23.271845981401732 ], [ -106.401463191586643, 23.271845981401736 ], [ -106.401463191586643, 23.276076049642942 ] ] ] } },
{ "type": "Feature", "properties": { "difference_1990_2000": 475.0, "difference_1990_2010": 610.0, "difference_1990_2020": 943.0 }, "geometry": { "type": "Polygon", "coordinates": [ [ [ -106.401463191586643, 23.263386243271249 ], [ -106.396890717878364, 23.263386243271231 ], [ -106.396890717878364, 23.259156573311028 ], [ -106.401463191586643, 23.259156573311031 ], [ -106.401463191586643, 23.263386243271249 ] ] ] } },
{ "type": "Feature", "properties": { "difference_1990_2000": 2.0, "difference_1990_2010": 82.0, "difference_1990_2020": 375.0 }, "geometry": { "type": "Polygon", "coordinates": [ [ [ -106.392318244170099, 23.288767051495629 ], [ -106.387745770461834, 23.288767051495629 ], [ -106.387745770461834, 23.284536584654415 ], [ -106.392318244170099, 23.284536584654418 ], [ -106.392318244170099, 23.288767051495629 ] ] ] } },
{ "type": "Feature", "properties": { "difference_1990_2000": 1011.0, "difference_1990_2010": 1456.0, "difference_1990_2020": 1502.0 }, "geometry": { "type": "Polygon", "coordinates": [ [ [ -106.392318244170099, 23.259156573311031 ], [ -106.387745770461834, 23.259156573311049 ], [ -106.387745770461834, 23.254927036040328 ], [ -106.392318244170099, 23.254927036040328 ], [ -106.392318244170099, 23.259156573311031 ] ] ] } },
{ "type": "Feature", "properties": { "difference_1990_2000": -239.0, "difference_1990_2010": -252.0, "difference_1990_2020": -268.0 }, "geometry": { "type": "Polygon", "coordinates": [ [ [ -106.392318244170099, 23.216867165789242 ], [ -106.387745770461834, 23.216867165789225 ], [ -106.387745770461834, 23.212638953466712 ], [ -106.392318244170099, 23.212638953466755 ], [ -106.392318244170099, 23.216867165789242 ] ] ] } },
{ "type": "Feature", "properties": { "difference_1990_2000": 301.0, "difference_1990_2010": 214.0, "difference_1990_2020": 196.0 }, "geometry": { "type": "Polygon", "coordinates": [ [ [ -106.392318244170099, 23.233781338789544 ], [ -106.387745770461834, 23.233781338789548 ], [ -106.387745770461834, 23.229552596912221 ], [ -106.392318244170099, 23.229552596912221 ], [ -106.392318244170099, 23.233781338789544 ] ] ] } },
{ "type": "Feature", "properties": { "difference_1990_2000": 228.0, "difference_1990_2010": 126.0, "difference_1990_2020": 29.0 }, "geometry": { "type": "Polygon", "coordinates": [ [ [ -106.392318244170099, 23.229552596912221 ], [ -106.387745770461834, 23.229552596912221 ], [ -106.387745770461834, 23.225323987476589 ], [ -106.392318244170099, 23.225323987476639 ], [ -106.392318244170099, 23.229552596912221 ] ] ] } },
{ "type": "Feature", "properties": { "difference_1990_2000": 839.0, "difference_1990_2010": 587.0, "difference_1990_2020": 640.0 }, "geometry": { "type": "Polygon", "coordinates": [ [ [ -106.392318244170099, 23.23801021314393 ], [ -106.387745770461834, 23.238010213143966 ], [ -106.387745770461834, 23.233781338789548 ], [ -106.392318244170099, 23.233781338789544 ], [ -106.392318244170099, 23.23801021314393 ] ] ] } },
{ "type": "Feature", "properties": { "difference_1990_2000": 0.0, "difference_1990_2010": 44.0, "difference_1990_2020": 345.0 }, "geometry": { "type": "Polygon", "coordinates": [ [ [ -106.392318244170099, 23.284536584654418 ], [ -106.387745770461834, 23.284536584654415 ], [ -106.387745770461834, 23.280306250715324 ], [ -106.392318244170099, 23.280306250715324 ], [ -106.392318244170099, 23.284536584654418 ] ] ] } },
{ "type": "Feature", "properties": { "difference_1990_2000": 271.0, "difference_1990_2010": 325.0, "difference_1990_2020": 27.0 }, "geometry": { "type": "Polygon", "coordinates": [ [ [ -106.392318244170099, 23.250697631423655 ], [ -106.387745770461834, 23.250697631423623 ], [ -106.387745770461834, 23.24646835942562 ], [ -106.392318244170099, 23.24646835942562 ], [ -106.392318244170099, 23.250697631423655 ] ] ] } },
{ "type": "Feature", "properties": { "difference_1990_2000": 903.0, "difference_1990_2010": 661.0, "difference_1990_2020": 693.0 }, "geometry": { "type": "Polygon", "coordinates": [ [ [ -106.392318244170099, 23.242239220010852 ], [ -106.387745770461834, 23.242239220010873 ], [ -106.387745770461834, 23.238010213143966 ], [ -106.392318244170099, 23.23801021314393 ], [ -106.392318244170099, 23.242239220010852 ] ] ] } },
{ "type": "Feature", "properties": { "difference_1990_2000": 90.0, "difference_1990_2010": 353.0, "difference_1990_2020": 335.0 }, "geometry": { "type": "Polygon", "coordinates": [ [ [ -106.392318244170099, 23.24646835942562 ], [ -106.387745770461834, 23.24646835942562 ], [ -106.387745770461834, 23.242239220010873 ], [ -106.392318244170099, 23.242239220010852 ], [ -106.392318244170099, 23.24646835942562 ] ] ] } },
{ "type": "Feature", "properties": { "difference_1990_2000": 3.0, "difference_1990_2010": 1130.0, "difference_1990_2020": 1217.0 }, "geometry": { "type": "Polygon", "coordinates": [ [ [ -106.392318244170099, 23.267616045956295 ], [ -106.387745770461834, 23.267616045956295 ], [ -106.387745770461834, 23.263386243271231 ], [ -106.392318244170099, 23.263386243271231 ], [ -106.392318244170099, 23.267616045956295 ] ] ] } },
{ "type": "Feature", "properties": { "difference_1990_2000": 0.0, "difference_1990_2010": 2916.0, "difference_1990_2020": 3067.0 }, "geometry": { "type": "Polygon", "coordinates": [ [ [ -106.392318244170099, 23.271845981401739 ], [ -106.387745770461834, 23.271845981401739 ], [ -106.387745770461834, 23.267616045956323 ], [ -106.392318244170099, 23.267616045956323 ], [ -106.392318244170099, 23.271845981401739 ] ] ] } },
{ "type": "Feature", "properties": { "difference_1990_2000": 1.0, "difference_1990_2010": 21.0, "difference_1990_2020": 189.0 }, "geometry": { "type": "Polygon", "coordinates": [ [ [ -106.392318244170099, 23.292997651274515 ], [ -106.387745770461834, 23.292997651274515 ], [ -106.387745770461834, 23.288767051495658 ], [ -106.392318244170099, 23.288767051495647 ], [ -106.392318244170099, 23.292997651274515 ] ] ] } },
{ "type": "Feature", "properties": { "difference_1990_2000": 234.0, "difference_1990_2010": 402.0, "difference_1990_2020": 457.0 }, "geometry": { "type": "Polygon", "coordinates": [ [ [ -106.392318244170099, 23.225323987476639 ], [ -106.387745770461834, 23.225323987476589 ], [ -106.387745770461834, 23.221095510447398 ], [ -106.392318244170099, 23.221095510447402 ], [ -106.392318244170099, 23.225323987476639 ] ] ] } },
{ "type": "Feature", "properties": { "difference_1990_2000": 0.0, "difference_1990_2010": 45.0, "difference_1990_2020": 507.0 }, "geometry": { "type": "Polygon", "coordinates": [ [ [ -106.392318244170099, 23.280306250715324 ], [ -106.387745770461834, 23.280306250715348 ], [ -106.387745770461834, 23.276076049642942 ], [ -106.392318244170099, 23.276076049642938 ], [ -106.392318244170099, 23.280306250715324 ] ] ] } },
{ "type": "Feature", "properties": { "difference_1990_2000": 0.0, "difference_1990_2010": 957.0, "difference_1990_2020": 2972.0 }, "geometry": { "type": "Polygon", "coordinates": [ [ [ -106.392318244170099, 23.276076049642938 ], [ -106.387745770461834, 23.276076049642942 ], [ -106.387745770461834, 23.271845981401739 ], [ -106.392318244170099, 23.271845981401739 ], [ -106.392318244170099, 23.276076049642938 ] ] ] } },
{ "type": "Feature", "properties": { "difference_1990_2000": 666.0, "difference_1990_2010": 1481.0, "difference_1990_2020": 1433.0 }, "geometry": { "type": "Polygon", "coordinates": [ [ [ -106.392318244170099, 23.263386243271231 ], [ -106.387745770461834, 23.263386243271231 ], [ -106.387745770461834, 23.259156573311031 ], [ -106.392318244170099, 23.259156573311031 ], [ -106.392318244170099, 23.263386243271231 ] ] ] } },
{ "type": "Feature", "properties": { "difference_1990_2000": -259.0, "difference_1990_2010": -274.0, "difference_1990_2020": -292.0 }, "geometry": { "type": "Polygon", "coordinates": [ [ [ -106.392318244170099, 23.221095510447402 ], [ -106.387745770461834, 23.221095510447398 ], [ -106.387745770461834, 23.216867165789225 ], [ -106.392318244170099, 23.216867165789242 ], [ -106.392318244170099, 23.221095510447402 ] ] ] } },
{ "type": "Feature", "properties": { "difference_1990_2000": 0.0, "difference_1990_2010": 0.0, "difference_1990_2020": 131.0 }, "geometry": { "type": "Polygon", "coordinates": [ [ [ -106.383173296753583, 23.288767051495633 ], [ -106.378600823045275, 23.288767051495633 ], [ -106.378600823045275, 23.284536584654415 ], [ -106.383173296753583, 23.284536584654418 ], [ -106.383173296753583, 23.288767051495633 ] ] ] } },
{ "type": "Feature", "properties": { "difference_1990_2000": 928.0, "difference_1990_2010": 1905.0, "difference_1990_2020": 2391.0 }, "geometry": { "type": "Polygon", "coordinates": [ [ [ -106.383173296753583, 23.259156573311031 ], [ -106.378600823045275, 23.259156573311031 ], [ -106.378600823045275, 23.254927036040328 ], [ -106.383173296753583, 23.254927036040328 ], [ -106.383173296753583, 23.259156573311031 ] ] ] } },
{ "type": "Feature", "properties": { "difference_1990_2000": -380.0, "difference_1990_2010": -462.0, "difference_1990_2020": -493.0 }, "geometry": { "type": "Polygon", "coordinates": [ [ [ -106.383173296753583, 23.216867165789232 ], [ -106.378600823045275, 23.216867165789221 ], [ -106.378600823045275, 23.212638953466755 ], [ -106.383173296753583, 23.212638953466712 ], [ -106.383173296753583, 23.216867165789232 ] ] ] } },
{ "type": "Feature", "properties": { "difference_1990_2000": 368.0, "difference_1990_2010": 519.0, "difference_1990_2020": 658.0 }, "geometry": { "type": "Polygon", "coordinates": [ [ [ -106.383173296753583, 23.233781338789544 ], [ -106.378600823045275, 23.233781338789544 ], [ -106.378600823045275, 23.229552596912221 ], [ -106.383173296753583, 23.229552596912221 ], [ -106.383173296753583, 23.233781338789544 ] ] ] } },
{ "type": "Feature", "properties": { "difference_1990_2000": -65.0, "difference_1990_2010": 23.0, "difference_1990_2020": -5.0 }, "geometry": { "type": "Polygon", "coordinates": [ [ [ -106.383173296753583, 23.229552596912221 ], [ -106.378600823045275, 23.229552596912221 ], [ -106.378600823045275, 23.225323987476635 ], [ -106.383173296753583, 23.2253239874766 ], [ -106.383173296753583, 23.229552596912221 ] ] ] } },
{ "type": "Feature", "properties": { "difference_1990_2000": -78.0, "difference_1990_2010": 33.0, "difference_1990_2020": 361.0 }, "geometry": { "type": "Polygon", "coordinates": [ [ [ -106.383173296753583, 23.238010213143937 ], [ -106.378600823045275, 23.238010213143934 ], [ -106.378600823045275, 23.233781338789544 ], [ -106.383173296753583, 23.233781338789544 ], [ -106.383173296753583, 23.238010213143937 ] ] ] } },
{ "type": "Feature", "properties": { "difference_1990_2000": 0.0, "difference_1990_2010": 0.0, "difference_1990_2020": 1647.0 }, "geometry": { "type": "Polygon", "coordinates": [ [ [ -106.383173296753583, 23.284536584654418 ], [ -106.378600823045275, 23.284536584654415 ], [ -106.378600823045275, 23.280306250715324 ], [ -106.383173296753583, 23.280306250715324 ], [ -106.383173296753583, 23.284536584654418 ] ] ] } },
{ "type": "Feature", "properties": { "difference_1990_2000": 267.0, "difference_1990_2010": 163.0, "difference_1990_2020": 315.0 }, "geometry": { "type": "Polygon", "coordinates": [ [ [ -106.383173296753583, 23.250697631423655 ], [ -106.378600823045275, 23.250697631423655 ], [ -106.378600823045275, 23.246468359425677 ], [ -106.383173296753583, 23.246468359425595 ], [ -106.383173296753583, 23.250697631423655 ] ] ] } },
{ "type": "Feature", "properties": { "difference_1990_2000": 331.0, "difference_1990_2010": 245.0, "difference_1990_2020": 419.0 }, "geometry": { "type": "Polygon", "coordinates": [ [ [ -106.383173296753583, 23.246468359425595 ], [ -106.378600823045275, 23.24646835942562 ], [ -106.378600823045275, 23.242239220010852 ], [ -106.383173296753583, 23.242239220010852 ], [ -106.383173296753583, 23.246468359425595 ] ] ] } },
{ "type": "Feature", "properties": { "difference_1990_2000": -12.0, "difference_1990_2010": 10.0, "difference_1990_2020": 300.0 }, "geometry": { "type": "Polygon", "coordinates": [ [ [ -106.383173296753583, 23.242239220010852 ], [ -106.378600823045275, 23.242239220010852 ], [ -106.378600823045275, 23.238010213143934 ], [ -106.383173296753583, 23.238010213143937 ], [ -106.383173296753583, 23.242239220010852 ] ] ] } },
{ "type": "Feature", "properties": { "difference_1990_2000": 307.0, "difference_1990_2010": 269.0, "difference_1990_2020": 182.0 }, "geometry": { "type": "Polygon", "coordinates": [ [ [ -106.383173296753583, 23.2253239874766 ], [ -106.378600823045275, 23.225323987476635 ], [ -106.378600823045275, 23.221095510447434 ], [ -106.383173296753583, 23.221095510447402 ], [ -106.383173296753583, 23.2253239874766 ] ] ] } },
{ "type": "Feature", "properties": { "difference_1990_2000": 1477.0, "difference_1990_2010": 2481.0, "difference_1990_2020": 2485.0 }, "geometry": { "type": "Polygon", "coordinates": [ [ [ -106.383173296753583, 23.267616045956292 ], [ -106.378600823045275, 23.267616045956292 ], [ -106.378600823045275, 23.263386243271228 ], [ -106.383173296753583, 23.263386243271245 ], [ -106.383173296753583, 23.267616045956292 ] ] ] } },
{ "type": "Feature", "properties": { "difference_1990_2000": 16.0, "difference_1990_2010": 1651.0, "difference_1990_2020": 1891.0 }, "geometry": { "type": "Polygon", "coordinates": [ [ [ -106.383173296753583, 23.271845981401739 ], [ -106.378600823045275, 23.271845981401732 ], [ -106.378600823045275, 23.267616045956323 ], [ -106.383173296753583, 23.26761604595632 ], [ -106.383173296753583, 23.271845981401739 ] ] ] } },
{ "type": "Feature", "properties": { "difference_1990_2000": -5.0, "difference_1990_2010": -7.0, "difference_1990_2020": -7.0 }, "geometry": { "type": "Polygon", "coordinates": [ [ [ -106.383173296753583, 23.212638953466712 ], [ -106.378600823045275, 23.212638953466755 ], [ -106.378600823045275, 23.208410873444624 ], [ -106.383173296753583, 23.208410873444624 ], [ -106.383173296753583, 23.212638953466712 ] ] ] } },
{ "type": "Feature", "properties": { "difference_1990_2000": 0.0, "difference_1990_2010": 0.0, "difference_1990_2020": 319.0 }, "geometry": { "type": "Polygon", "coordinates": [ [ [ -106.383173296753583, 23.280306250715324 ], [ -106.378600823045275, 23.280306250715324 ], [ -106.378600823045275, 23.276076049642942 ], [ -106.383173296753583, 23.276076049642942 ], [ -106.383173296753583, 23.280306250715324 ] ] ] } },
{ "type": "Feature", "properties": { "difference_1990_2000": 178.0, "difference_1990_2010": 132.0, "difference_1990_2020": 307.0 }, "geometry": { "type": "Polygon", "coordinates": [ [ [ -106.383173296753583, 23.254927036040328 ], [ -106.378600823045275, 23.254927036040314 ], [ -106.378600823045275, 23.250697631423655 ], [ -106.383173296753583, 23.250697631423655 ], [ -106.383173296753583, 23.254927036040328 ] ] ] } },
{ "type": "Feature", "properties": { "difference_1990_2000": 0.0, "difference_1990_2010": 56.0, "difference_1990_2020": 414.0 }, "geometry": { "type": "Polygon", "coordinates": [ [ [ -106.383173296753583, 23.276076049642942 ], [ -106.378600823045275, 23.276076049642942 ], [ -106.378600823045275, 23.271845981401732 ], [ -106.383173296753583, 23.271845981401739 ], [ -106.383173296753583, 23.276076049642942 ] ] ] } },
{ "type": "Feature", "properties": { "difference_1990_2000": 2047.0, "difference_1990_2010": 2799.0, "difference_1990_2020": 2635.0 }, "geometry": { "type": "Polygon", "coordinates": [ [ [ -106.383173296753583, 23.263386243271245 ], [ -106.378600823045275, 23.263386243271228 ], [ -106.378600823045275, 23.259156573311031 ], [ -106.383173296753583, 23.259156573311031 ], [ -106.383173296753583, 23.263386243271245 ] ] ] } },
{ "type": "Feature", "properties": { "difference_1990_2000": -229.0, "difference_1990_2010": -328.0, "difference_1990_2020": -370.0 }, "geometry": { "type": "Polygon", "coordinates": [ [ [ -106.383173296753583, 23.221095510447402 ], [ -106.378600823045275, 23.221095510447434 ], [ -106.378600823045275, 23.216867165789221 ], [ -106.383173296753583, 23.216867165789232 ], [ -106.383173296753583, 23.221095510447402 ] ] ] } },
{ "type": "Feature", "properties": { "difference_1990_2000": 206.0, "difference_1990_2010": 316.0, "difference_1990_2020": 967.0 }, "geometry": { "type": "Polygon", "coordinates": [ [ [ -106.374028349337024, 23.221095510447434 ], [ -106.369455875628745, 23.221095510447398 ], [ -106.369455875628745, 23.216867165789232 ], [ -106.374028349337024, 23.216867165789228 ], [ -106.374028349337024, 23.221095510447434 ] ] ] } },
{ "type": "Feature", "properties": { "difference_1990_2000": 537.0, "difference_1990_2010": 1253.0, "difference_1990_2020": 1423.0 }, "geometry": { "type": "Polygon", "coordinates": [ [ [ -106.374028349337024, 23.259156573311031 ], [ -106.369455875628745, 23.259156573311042 ], [ -106.369455875628745, 23.254927036040325 ], [ -106.374028349337024, 23.254927036040332 ], [ -106.374028349337024, 23.259156573311031 ] ] ] } },
{ "type": "Feature", "properties": { "difference_1990_2000": -8.0, "difference_1990_2010": 6.0, "difference_1990_2020": -3.0 }, "geometry": { "type": "Polygon", "coordinates": [ [ [ -106.374028349337024, 23.216867165789228 ], [ -106.369455875628745, 23.216867165789232 ], [ -106.369455875628745, 23.212638953466755 ], [ -106.374028349337024, 23.212638953466747 ], [ -106.374028349337024, 23.216867165789228 ] ] ] } },
{ "type": "Feature", "properties": { "difference_1990_2000": 0.0, "difference_1990_2010": 817.0, "difference_1990_2020": 1334.0 }, "geometry": { "type": "Polygon", "coordinates": [ [ [ -106.374028349337024, 23.233781338789544 ], [ -106.369455875628745, 23.233781338789548 ], [ -106.369455875628745, 23.229552596912225 ], [ -106.374028349337024, 23.229552596912228 ], [ -106.374028349337024, 23.233781338789544 ] ] ] } },
{ "type": "Feature", "properties": { "difference_1990_2000": 99.0, "difference_1990_2010": 1444.0, "difference_1990_2020": 2491.0 }, "geometry": { "type": "Polygon", "coordinates": [ [ [ -106.374028349337024, 23.229552596912228 ], [ -106.369455875628745, 23.229552596912225 ], [ -106.369455875628745, 23.225323987476635 ], [ -106.374028349337024, 23.225323987476603 ], [ -106.374028349337024, 23.229552596912228 ] ] ] } },
{ "type": "Feature", "properties": { "difference_1990_2000": 0.0, "difference_1990_2010": 0.0, "difference_1990_2020": 12.0 }, "geometry": { "type": "Polygon", "coordinates": [ [ [ -106.374028349337024, 23.284536584654415 ], [ -106.369455875628745, 23.284536584654415 ], [ -106.369455875628745, 23.280306250715295 ], [ -106.374028349337024, 23.280306250715324 ], [ -106.374028349337024, 23.284536584654415 ] ] ] } },
{ "type": "Feature", "properties": { "difference_1990_2000": 644.0, "difference_1990_2010": 949.0, "difference_1990_2020": 1277.0 }, "geometry": { "type": "Polygon", "coordinates": [ [ [ -106.374028349337024, 23.250697631423655 ], [ -106.369455875628745, 23.250697631423655 ], [ -106.369455875628745, 23.24646835942568 ], [ -106.374028349337024, 23.246468359425677 ], [ -106.374028349337024, 23.250697631423655 ] ] ] } },
{ "type": "Feature", "properties": { "difference_1990_2000": 20.0, "difference_1990_2010": 169.0, "difference_1990_2020": 860.0 }, "geometry": { "type": "Polygon", "coordinates": [ [ [ -106.374028349337024, 23.238010213143966 ], [ -106.369455875628745, 23.238010213143937 ], [ -106.369455875628745, 23.233781338789548 ], [ -106.374028349337024, 23.233781338789562 ], [ -106.374028349337024, 23.238010213143966 ] ] ] } },
{ "type": "Feature", "properties": { "difference_1990_2000": 1.0, "difference_1990_2010": 275.0, "difference_1990_2020": 775.0 }, "geometry": { "type": "Polygon", "coordinates": [ [ [ -106.374028349337024, 23.242239220010859 ], [ -106.369455875628745, 23.242239220010855 ], [ -106.369455875628745, 23.238010213143937 ], [ -106.374028349337024, 23.238010213143966 ], [ -106.374028349337024, 23.242239220010859 ] ] ] } },
{ "type": "Feature", "properties": { "difference_1990_2000": 223.0, "difference_1990_2010": 414.0, "difference_1990_2020": 690.0 }, "geometry": { "type": "Polygon", "coordinates": [ [ [ -106.374028349337024, 23.24646835942562 ], [ -106.369455875628745, 23.246468359425599 ], [ -106.369455875628745, 23.242239220010855 ], [ -106.374028349337024, 23.242239220010859 ], [ -106.374028349337024, 23.24646835942562 ] ] ] } },
{ "type": "Feature", "properties": { "difference_1990_2000": 82.0, "difference_1990_2010": 301.0, "difference_1990_2020": 2199.0 }, "geometry": { "type": "Polygon", "coordinates": [ [ [ -106.374028349337024, 23.225323987476603 ], [ -106.369455875628745, 23.225323987476635 ], [ -106.369455875628745, 23.221095510447398 ], [ -106.374028349337024, 23.221095510447434 ], [ -106.374028349337024, 23.225323987476603 ] ] ] } },
{ "type": "Feature", "properties": { "difference_1990_2000": 746.0, "difference_1990_2010": 1316.0, "difference_1990_2020": 1475.0 }, "geometry": { "type": "Polygon", "coordinates": [ [ [ -106.374028349337024, 23.267616045956295 ], [ -106.369455875628745, 23.267616045956292 ], [ -106.369455875628745, 23.263386243271231 ], [ -106.374028349337024, 23.263386243271228 ], [ -106.374028349337024, 23.267616045956295 ] ] ] } },
{ "type": "Feature", "properties": { "difference_1990_2000": 141.0, "difference_1990_2010": 752.0, "difference_1990_2020": 2105.0 }, "geometry": { "type": "Polygon", "coordinates": [ [ [ -106.374028349337024, 23.271845981401771 ], [ -106.369455875628745, 23.271845981401732 ], [ -106.369455875628745, 23.26761604595632 ], [ -106.374028349337024, 23.267616045956323 ], [ -106.374028349337024, 23.271845981401771 ] ] ] } },
{ "type": "Feature", "properties": { "difference_1990_2000": 700.0, "difference_1990_2010": 980.0, "difference_1990_2020": 1152.0 }, "geometry": { "type": "Polygon", "coordinates": [ [ [ -106.374028349337024, 23.254927036040314 ], [ -106.369455875628745, 23.254927036040325 ], [ -106.369455875628745, 23.250697631423655 ], [ -106.374028349337024, 23.250697631423655 ], [ -106.374028349337024, 23.254927036040314 ] ] ] } },
{ "type": "Feature", "properties": { "difference_1990_2000": 0.0, "difference_1990_2010": 2.0, "difference_1990_2020": 1789.0 }, "geometry": { "type": "Polygon", "coordinates": [ [ [ -106.374028349337024, 23.280306250715324 ], [ -106.369455875628745, 23.280306250715324 ], [ -106.369455875628745, 23.276076049642949 ], [ -106.374028349337024, 23.276076049642942 ], [ -106.374028349337024, 23.280306250715324 ] ] ] } },
{ "type": "Feature", "properties": { "difference_1990_2000": -196.0, "difference_1990_2010": -206.0, "difference_1990_2020": -201.0 }, "geometry": { "type": "Polygon", "coordinates": [ [ [ -106.374028349337024, 23.212638953466747 ], [ -106.369455875628745, 23.212638953466755 ], [ -106.369455875628745, 23.208410873444645 ], [ -106.374028349337024, 23.208410873444645 ], [ -106.374028349337024, 23.212638953466747 ] ] ] } },
{ "type": "Feature", "properties": { "difference_1990_2000": 0.0, "difference_1990_2010": 110.0, "difference_1990_2020": 2137.0 }, "geometry": { "type": "Polygon", "coordinates": [ [ [ -106.374028349337024, 23.276076049642942 ], [ -106.369455875628745, 23.276076049642949 ], [ -106.369455875628745, 23.271845981401732 ], [ -106.374028349337024, 23.271845981401771 ], [ -106.374028349337024, 23.276076049642942 ] ] ] } },
{ "type": "Feature", "properties": { "difference_1990_2000": 589.0, "difference_1990_2010": 1270.0, "difference_1990_2020": 1332.0 }, "geometry": { "type": "Polygon", "coordinates": [ [ [ -106.374028349337024, 23.263386243271228 ], [ -106.369455875628745, 23.263386243271231 ], [ -106.369455875628745, 23.259156573311028 ], [ -106.374028349337024, 23.259156573311031 ], [ -106.374028349337024, 23.263386243271228 ] ] ] } },
{ "type": "Feature", "properties": { "difference_1990_2000": 16.0, "difference_1990_2010": 34.0, "difference_1990_2020": 29.0 }, "geometry": { "type": "Polygon", "coordinates": [ [ [ -106.364883401920437, 23.259156573311031 ], [ -106.360310928212186, 23.259156573311046 ], [ -106.360310928212186, 23.254927036040325 ], [ -106.364883401920437, 23.254927036040332 ], [ -106.364883401920437, 23.259156573311031 ] ] ] } },
{ "type": "Feature", "properties": { "difference_1990_2000": 0.0, "difference_1990_2010": 0.0, "difference_1990_2020": 41.0 }, "geometry": { "type": "Polygon", "coordinates": [ [ [ -106.364883401920437, 23.233781338789544 ], [ -106.360310928212186, 23.233781338789544 ], [ -106.360310928212186, 23.229552596912221 ], [ -106.364883401920437, 23.229552596912225 ], [ -106.364883401920437, 23.233781338789544 ] ] ] } },
{ "type": "Feature", "properties": { "difference_1990_2000": 0.0, "difference_1990_2010": 0.0, "difference_1990_2020": 4.0 }, "geometry": { "type": "Polygon", "coordinates": [ [ [ -106.364883401920437, 23.229552596912225 ], [ -106.360310928212186, 23.229552596912221 ], [ -106.360310928212186, 23.225323987476646 ], [ -106.364883401920437, 23.225323987476607 ], [ -106.364883401920437, 23.229552596912225 ] ] ] } },
{ "type": "Feature", "properties": { "difference_1990_2000": 0.0, "difference_1990_2010": 0.0, "difference_1990_2020": 1655.0 }, "geometry": { "type": "Polygon", "coordinates": [ [ [ -106.364883401920437, 23.238010213143937 ], [ -106.360310928212186, 23.238010213143909 ], [ -106.360310928212186, 23.233781338789544 ], [ -106.364883401920437, 23.233781338789544 ], [ -106.364883401920437, 23.238010213143937 ] ] ] } },
{ "type": "Feature", "properties": { "difference_1990_2000": 0.0, "difference_1990_2010": 3.0, "difference_1990_2020": 40.0 }, "geometry": { "type": "Polygon", "coordinates": [ [ [ -106.364883401920437, 23.246468359425617 ], [ -106.360310928212186, 23.24646835942562 ], [ -106.360310928212186, 23.242239220010852 ], [ -106.364883401920437, 23.24223922001087 ], [ -106.364883401920437, 23.246468359425617 ] ] ] } },
{ "type": "Feature", "properties": { "difference_1990_2000": 0.0, "difference_1990_2010": 49.0, "difference_1990_2020": 658.0 }, "geometry": { "type": "Polygon", "coordinates": [ [ [ -106.364883401920437, 23.24223922001087 ], [ -106.360310928212186, 23.242239220010852 ], [ -106.360310928212186, 23.238010213143909 ], [ -106.364883401920437, 23.238010213143937 ], [ -106.364883401920437, 23.24223922001087 ] ] ] } },
{ "type": "Feature", "properties": { "difference_1990_2000": 115.0, "difference_1990_2010": 60.0, "difference_1990_2020": 345.0 }, "geometry": { "type": "Polygon", "coordinates": [ [ [ -106.364883401920437, 23.267616045956292 ], [ -106.360310928212186, 23.267616045956295 ], [ -106.360310928212186, 23.263386243271224 ], [ -106.364883401920437, 23.263386243271253 ], [ -106.364883401920437, 23.267616045956292 ] ] ] } },
{ "type": "Feature", "properties": { "difference_1990_2000": 0.0, "difference_1990_2010": 0.0, "difference_1990_2020": 86.0 }, "geometry": { "type": "Polygon", "coordinates": [ [ [ -106.364883401920437, 23.271845981401736 ], [ -106.360310928212186, 23.271845981401736 ], [ -106.360310928212186, 23.267616045956327 ], [ -106.364883401920437, 23.267616045956323 ], [ -106.364883401920437, 23.271845981401736 ] ] ] } },
{ "type": "Feature", "properties": { "difference_1990_2000": 0.0, "difference_1990_2010": 0.0, "difference_1990_2020": 54.0 }, "geometry": { "type": "Polygon", "coordinates": [ [ [ -106.364883401920437, 23.28030625071532 ], [ -106.360310928212186, 23.280306250715348 ], [ -106.360310928212186, 23.276076049642938 ], [ -106.364883401920437, 23.276076049642942 ], [ -106.364883401920437, 23.28030625071532 ] ] ] } },
{ "type": "Feature", "properties": { "difference_1990_2000": 0.0, "difference_1990_2010": 0.0, "difference_1990_2020": 1385.0 }, "geometry": { "type": "Polygon", "coordinates": [ [ [ -106.364883401920437, 23.276076049642942 ], [ -106.360310928212186, 23.276076049642938 ], [ -106.360310928212186, 23.271845981401736 ], [ -106.364883401920437, 23.271845981401736 ], [ -106.364883401920437, 23.276076049642942 ] ] ] } },
{ "type": "Feature", "properties": { "difference_1990_2000": 62.0, "difference_1990_2010": 41.0, "difference_1990_2020": 115.0 }, "geometry": { "type": "Polygon", "coordinates": [ [ [ -106.364883401920437, 23.263386243271253 ], [ -106.360310928212186, 23.263386243271224 ], [ -106.360310928212186, 23.259156573311031 ], [ -106.364883401920437, 23.259156573311031 ], [ -106.364883401920437, 23.263386243271253 ] ] ] } },
{ "type": "Feature", "properties": { "difference_1990_2000": 10.0, "difference_1990_2010": 0.0, "difference_1990_2020": 1837.0 }, "geometry": { "type": "Polygon", "coordinates": [ [ [ -106.424325560128025, 23.288767051495608 ], [ -106.41975308641976, 23.288767051495629 ], [ -106.41975308641976, 23.284536584654418 ], [ -106.424325560128025, 23.284536584654376 ], [ -106.424325560128025, 23.288767051495608 ] ] ] } },
{ "type": "Feature", "properties": { "difference_1990_2000": -80.0, "difference_1990_2010": -151.0, "difference_1990_2020": -208.0 }, "geometry": { "type": "Polygon", "coordinates": [ [ [ -106.424325560128025, 23.216867165789221 ], [ -106.41975308641976, 23.216867165789225 ], [ -106.41975308641976, 23.212638953466755 ], [ -106.424325560128025, 23.212638953466755 ], [ -106.424325560128025, 23.216867165789221 ] ] ] } },
{ "type": "Feature", "properties": { "difference_1990_2000": -261.0, "difference_1990_2010": 19.0, "difference_1990_2020": 170.0 }, "geometry": { "type": "Polygon", "coordinates": [ [ [ -106.424325560128025, 23.259156573311042 ], [ -106.41975308641976, 23.259156573311031 ], [ -106.41975308641976, 23.254927036040328 ], [ -106.424325560128025, 23.254927036040325 ], [ -106.424325560128025, 23.259156573311042 ] ] ] } },
{ "type": "Feature", "properties": { "difference_1990_2000": 330.0, "difference_1990_2010": 214.0, "difference_1990_2020": 273.0 }, "geometry": { "type": "Polygon", "coordinates": [ [ [ -106.424325560128025, 23.233781338789544 ], [ -106.41975308641976, 23.233781338789544 ], [ -106.41975308641976, 23.229552596912225 ], [ -106.424325560128025, 23.229552596912221 ], [ -106.424325560128025, 23.233781338789544 ] ] ] } },
{ "type": "Feature", "properties": { "difference_1990_2000": 0.0, "difference_1990_2010": 0.0, "difference_1990_2020": 187.0 }, "geometry": { "type": "Polygon", "coordinates": [ [ [ -106.424325560128025, 23.284536584654376 ], [ -106.41975308641976, 23.284536584654418 ], [ -106.41975308641976, 23.280306250715295 ], [ -106.424325560128025, 23.280306250715316 ], [ -106.424325560128025, 23.284536584654376 ] ] ] } },
{ "type": "Feature", "properties": { "difference_1990_2000": 310.0, "difference_1990_2010": 206.0, "difference_1990_2020": 134.0 }, "geometry": { "type": "Polygon", "coordinates": [ [ [ -106.424325560128025, 23.229552596912221 ], [ -106.41975308641976, 23.229552596912225 ], [ -106.41975308641976, 23.225323987476603 ], [ -106.424325560128025, 23.225323987476628 ], [ -106.424325560128025, 23.229552596912221 ] ] ] } },
{ "type": "Feature", "properties": { "difference_1990_2000": -48.0, "difference_1990_2010": -186.0, "difference_1990_2020": -254.0 }, "geometry": { "type": "Polygon", "coordinates": [ [ [ -106.424325560128025, 23.195727426827197 ], [ -106.41975308641976, 23.195727426827201 ], [ -106.41975308641976, 23.191499875653395 ], [ -106.424325560128025, 23.191499875653395 ], [ -106.424325560128025, 23.195727426827197 ] ] ] } },
{ "type": "Feature", "properties": { "difference_1990_2000": 135.0, "difference_1990_2010": -12.0, "difference_1990_2020": -189.0 }, "geometry": { "type": "Polygon", "coordinates": [ [ [ -106.424325560128025, 23.250697631423652 ], [ -106.41975308641976, 23.250697631423655 ], [ -106.41975308641976, 23.246468359425595 ], [ -106.424325560128025, 23.24646835942562 ], [ -106.424325560128025, 23.250697631423652 ] ] ] } },
{ "type": "Feature", "properties": { "difference_1990_2000": -18.0, "difference_1990_2010": -220.0, "difference_1990_2020": -169.0 }, "geometry": { "type": "Polygon", "coordinates": [ [ [ -106.424325560128025, 23.238010213143959 ], [ -106.41975308641976, 23.238010213143937 ], [ -106.41975308641976, 23.233781338789544 ], [ -106.424325560128025, 23.233781338789544 ], [ -106.424325560128025, 23.238010213143959 ] ] ] } },
{ "type": "Feature", "properties": { "difference_1990_2000": 497.0, "difference_1990_2010": 20.0, "difference_1990_2020": -208.0 }, "geometry": { "type": "Polygon", "coordinates": [ [ [ -106.424325560128025, 23.199955110160147 ], [ -106.41975308641976, 23.199955110160143 ], [ -106.41975308641976, 23.195727426827201 ], [ -106.424325560128025, 23.195727426827197 ], [ -106.424325560128025, 23.199955110160147 ] ] ] } },
{ "type": "Feature", "properties": { "difference_1990_2000": -210.0, "difference_1990_2010": -448.0, "difference_1990_2020": -488.0 }, "geometry": { "type": "Polygon", "coordinates": [ [ [ -106.424325560128025, 23.242239220010848 ], [ -106.41975308641976, 23.242239220010852 ], [ -106.41975308641976, 23.238010213143937 ], [ -106.424325560128025, 23.238010213143959 ], [ -106.424325560128025, 23.242239220010848 ] ] ] } },
{ "type": "Feature", "properties": { "difference_1990_2000": -472.0, "difference_1990_2010": -879.0, "difference_1990_2020": -1099.0 }, "geometry": { "type": "Polygon", "coordinates": [ [ [ -106.424325560128025, 23.208410873444645 ], [ -106.41975308641976, 23.208410873444645 ], [ -106.41975308641976, 23.204182925687562 ], [ -106.424325560128025, 23.20418292568753 ], [ -106.424325560128025, 23.208410873444645 ] ] ] } },
{ "type": "Feature", "properties": { "difference_1990_2000": -618.0, "difference_1990_2010": -598.0, "difference_1990_2020": -709.0 }, "geometry": { "type": "Polygon", "coordinates": [ [ [ -106.424325560128025, 23.24646835942562 ], [ -106.41975308641976, 23.246468359425595 ], [ -106.41975308641976, 23.242239220010852 ], [ -106.424325560128025, 23.242239220010848 ], [ -106.424325560128025, 23.24646835942562 ] ] ] } },
{ "type": "Feature", "properties": { "difference_1990_2000": 116.0, "difference_1990_2010": 376.0, "difference_1990_2020": 422.0 }, "geometry": { "type": "Polygon", "coordinates": [ [ [ -106.424325560128025, 23.271845981401707 ], [ -106.41975308641976, 23.271845981401736 ], [ -106.41975308641976, 23.267616045956292 ], [ -106.424325560128025, 23.267616045956323 ], [ -106.424325560128025, 23.271845981401707 ] ] ] } },
{ "type": "Feature", "properties": { "difference_1990_2000": 425.0, "difference_1990_2010": 1298.0, "difference_1990_2020": 1276.0 }, "geometry": { "type": "Polygon", "coordinates": [ [ [ -106.424325560128025, 23.267616045956292 ], [ -106.41975308641976, 23.267616045956292 ], [ -106.41975308641976, 23.263386243271231 ], [ -106.424325560128025, 23.263386243271228 ], [ -106.424325560128025, 23.267616045956292 ] ] ] } },
{ "type": "Feature", "properties": { "difference_1990_2000": 212.0, "difference_1990_2010": 58.0, "difference_1990_2020": -49.0 }, "geometry": { "type": "Polygon", "coordinates": [ [ [ -106.424325560128025, 23.225323987476628 ], [ -106.41975308641976, 23.225323987476603 ], [ -106.41975308641976, 23.221095510447402 ], [ -106.424325560128025, 23.221095510447402 ], [ -106.424325560128025, 23.225323987476628 ] ] ] } },
{ "type": "Feature", "properties": { "difference_1990_2000": 4.0, "difference_1990_2010": 0.0, "difference_1990_2020": -2.0 }, "geometry": { "type": "Polygon", "coordinates": [ [ [ -106.424325560128025, 23.183045169641957 ], [ -106.41975308641976, 23.183045169641957 ], [ -106.41975308641976, 23.178818014733814 ], [ -106.424325560128025, 23.178818014733814 ], [ -106.424325560128025, 23.183045169641957 ] ] ] } },
{ "type": "Feature", "properties": { "difference_1990_2000": -46.0, "difference_1990_2010": -99.0, "difference_1990_2020": -139.0 }, "geometry": { "type": "Polygon", "coordinates": [ [ [ -106.424325560128025, 23.191499875653395 ], [ -106.41975308641976, 23.191499875653395 ], [ -106.41975308641976, 23.187272456603409 ], [ -106.424325560128025, 23.187272456603395 ], [ -106.424325560128025, 23.191499875653395 ] ] ] } },
{ "type": "Feature", "properties": { "difference_1990_2000": 14.0, "difference_1990_2010": -10.0, "difference_1990_2020": -8.0 }, "geometry": { "type": "Polygon", "coordinates": [ [ [ -106.424325560128025, 23.187272456603395 ], [ -106.41975308641976, 23.187272456603409 ], [ -106.41975308641976, 23.183045169641957 ], [ -106.424325560128025, 23.183045169641957 ], [ -106.424325560128025, 23.187272456603395 ] ] ] } },
{ "type": "Feature", "properties": { "difference_1990_2000": -435.0, "difference_1990_2010": -818.0, "difference_1990_2020": -1085.0 }, "geometry": { "type": "Polygon", "coordinates": [ [ [ -106.424325560128025, 23.20418292568753 ], [ -106.41975308641976, 23.204182925687562 ], [ -106.41975308641976, 23.199955110160143 ], [ -106.424325560128025, 23.199955110160147 ], [ -106.424325560128025, 23.20418292568753 ] ] ] } },
{ "type": "Feature", "properties": { "difference_1990_2000": 184.0, "difference_1990_2010": 95.0, "difference_1990_2020": 139.0 }, "geometry": { "type": "Polygon", "coordinates": [ [ [ -106.424325560128025, 23.254927036040311 ], [ -106.41975308641976, 23.254927036040307 ], [ -106.41975308641976, 23.250697631423655 ], [ -106.424325560128025, 23.250697631423652 ], [ -106.424325560128025, 23.254927036040311 ] ] ] } },
{ "type": "Feature", "properties": { "difference_1990_2000": 0.0, "difference_1990_2010": 0.0, "difference_1990_2020": 64.0 }, "geometry": { "type": "Polygon", "coordinates": [ [ [ -106.424325560128025, 23.280306250715316 ], [ -106.41975308641976, 23.28030625071532 ], [ -106.41975308641976, 23.276076049642938 ], [ -106.424325560128025, 23.276076049642953 ], [ -106.424325560128025, 23.280306250715316 ] ] ] } },
{ "type": "Feature", "properties": { "difference_1990_2000": -334.0, "difference_1990_2010": -608.0, "difference_1990_2020": -730.0 }, "geometry": { "type": "Polygon", "coordinates": [ [ [ -106.424325560128025, 23.212638953466755 ], [ -106.41975308641976, 23.212638953466755 ], [ -106.41975308641976, 23.208410873444624 ], [ -106.424325560128025, 23.208410873444645 ], [ -106.424325560128025, 23.212638953466755 ] ] ] } },
{ "type": "Feature", "properties": { "difference_1990_2000": 0.0, "difference_1990_2010": 0.0, "difference_1990_2020": 70.0 }, "geometry": { "type": "Polygon", "coordinates": [ [ [ -106.424325560128025, 23.276076049642953 ], [ -106.41975308641976, 23.276076049642938 ], [ -106.41975308641976, 23.271845981401736 ], [ -106.424325560128025, 23.271845981401707 ], [ -106.424325560128025, 23.276076049642953 ] ] ] } },
{ "type": "Feature", "properties": { "difference_1990_2000": -156.0, "difference_1990_2010": 577.0, "difference_1990_2020": 698.0 }, "geometry": { "type": "Polygon", "coordinates": [ [ [ -106.424325560128025, 23.263386243271228 ], [ -106.41975308641976, 23.263386243271231 ], [ -106.41975308641976, 23.259156573311031 ], [ -106.424325560128025, 23.259156573311028 ], [ -106.424325560128025, 23.263386243271228 ] ] ] } },
{ "type": "Feature", "properties": { "difference_1990_2000": -95.0, "difference_1990_2010": -188.0, "difference_1990_2020": -280.0 }, "geometry": { "type": "Polygon", "coordinates": [ [ [ -106.424325560128025, 23.221095510447402 ], [ -106.41975308641976, 23.221095510447402 ], [ -106.41975308641976, 23.216867165789225 ], [ -106.424325560128025, 23.216867165789221 ], [ -106.424325560128025, 23.221095510447402 ] ] ] } },
{ "type": "Feature", "properties": { "difference_1990_2000": 271.0, "difference_1990_2010": 255.0, "difference_1990_2020": 474.0 }, "geometry": { "type": "Polygon", "coordinates": [ [ [ -106.415180612711495, 23.288767051495636 ], [ -106.410608139003216, 23.28876705149565 ], [ -106.410608139003216, 23.284536584654415 ], [ -106.415180612711495, 23.284536584654415 ], [ -106.415180612711495, 23.288767051495636 ] ] ] } },
{ "type": "Feature", "properties": { "difference_1990_2000": 1370.0, "difference_1990_2010": 1505.0, "difference_1990_2020": 1284.0 }, "geometry": { "type": "Polygon", "coordinates": [ [ [ -106.415180612711495, 23.259156573311031 ], [ -106.410608139003216, 23.259156573311031 ], [ -106.410608139003216, 23.254927036040328 ], [ -106.415180612711495, 23.254927036040378 ], [ -106.415180612711495, 23.259156573311031 ] ] ] } },
{ "type": "Feature", "properties": { "difference_1990_2000": -955.0, "difference_1990_2010": -1605.0, "difference_1990_2020": -1914.0 }, "geometry": { "type": "Polygon", "coordinates": [ [ [ -106.415180612711495, 23.216867165789225 ], [ -106.410608139003216, 23.216867165789221 ], [ -106.410608139003216, 23.212638953466755 ], [ -106.415180612711495, 23.212638953466751 ], [ -106.415180612711495, 23.216867165789225 ] ] ] } },
{ "type": "Feature", "properties": { "difference_1990_2000": 119.0, "difference_1990_2010": 72.0, "difference_1990_2020": 51.0 }, "geometry": { "type": "Polygon", "coordinates": [ [ [ -106.415180612711495, 23.229552596912225 ], [ -106.410608139003216, 23.229552596912225 ], [ -106.410608139003216, 23.225323987476649 ], [ -106.415180612711495, 23.2253239874766 ], [ -106.415180612711495, 23.229552596912225 ] ] ] } },
{ "type": "Feature", "properties": { "difference_1990_2000": 365.0, "difference_1990_2010": -32.0, "difference_1990_2020": -84.0 }, "geometry": { "type": "Polygon", "coordinates": [ [ [ -106.415180612711495, 23.233781338789569 ], [ -106.410608139003216, 23.233781338789544 ], [ -106.410608139003216, 23.229552596912225 ], [ -106.415180612711495, 23.229552596912225 ], [ -106.415180612711495, 23.233781338789569 ] ] ] } },
{ "type": "Feature", "properties": { "difference_1990_2000": -67.0, "difference_1990_2010": -116.0, "difference_1990_2020": -106.0 }, "geometry": { "type": "Polygon", "coordinates": [ [ [ -106.415180612711495, 23.195727426827204 ], [ -106.410608139003216, 23.195727426827197 ], [ -106.410608139003216, 23.191499875653399 ], [ -106.415180612711495, 23.191499875653403 ], [ -106.415180612711495, 23.195727426827204 ] ] ] } },
{ "type": "Feature", "properties": { "difference_1990_2000": -100.0, "difference_1990_2010": -384.0, "difference_1990_2020": -337.0 }, "geometry": { "type": "Polygon", "coordinates": [ [ [ -106.415180612711495, 23.238010213143934 ], [ -106.410608139003216, 23.238010213143937 ], [ -106.410608139003216, 23.233781338789544 ], [ -106.415180612711495, 23.233781338789569 ], [ -106.415180612711495, 23.238010213143934 ] ] ] } },
{ "type": "Feature", "properties": { "difference_1990_2000": 241.0, "difference_1990_2010": 410.0, "difference_1990_2020": 558.0 }, "geometry": { "type": "Polygon", "coordinates": [ [ [ -106.415180612711495, 23.284536584654415 ], [ -106.410608139003216, 23.284536584654415 ], [ -106.410608139003216, 23.280306250715295 ], [ -106.415180612711495, 23.28030625071532 ], [ -106.415180612711495, 23.284536584654415 ] ] ] } },
{ "type": "Feature", "properties": { "difference_1990_2000": 101.0, "difference_1990_2010": -220.0, "difference_1990_2020": -378.0 }, "geometry": { "type": "Polygon", "coordinates": [ [ [ -106.415180612711495, 23.250697631423655 ], [ -106.410608139003216, 23.25069763142368 ], [ -106.410608139003216, 23.24646835942562 ], [ -106.415180612711495, 23.24646835942562 ], [ -106.415180612711495, 23.250697631423655 ] ] ] } },
{ "type": "Feature", "properties": { "difference_1990_2000": -272.0, "difference_1990_2010": -493.0, "difference_1990_2020": -499.0 }, "geometry": { "type": "Polygon", "coordinates": [ [ [ -106.415180612711495, 23.199955110160143 ], [ -106.410608139003216, 23.19995511016015 ], [ -106.410608139003216, 23.195727426827197 ], [ -106.415180612711495, 23.195727426827204 ], [ -106.415180612711495, 23.199955110160143 ] ] ] } },
{ "type": "Feature", "properties": { "difference_1990_2000": -221.0, "difference_1990_2010": -734.0, "difference_1990_2020": -975.0 }, "geometry": { "type": "Polygon", "coordinates": [ [ [ -106.415180612711495, 23.242239220010848 ], [ -106.410608139003216, 23.242239220010852 ], [ -106.410608139003216, 23.238010213143937 ], [ -106.415180612711495, 23.238010213143934 ], [ -106.415180612711495, 23.242239220010848 ] ] ] } },
{ "type": "Feature", "properties": { "difference_1990_2000": -324.0, "difference_1990_2010": -740.0, "difference_1990_2020": -1052.0 }, "geometry": { "type": "Polygon", "coordinates": [ [ [ -106.415180612711495, 23.24646835942562 ], [ -106.410608139003216, 23.24646835942562 ], [ -106.410608139003216, 23.242239220010852 ], [ -106.415180612711495, 23.242239220010848 ], [ -106.415180612711495, 23.24646835942562 ] ] ] } },
{ "type": "Feature", "properties": { "difference_1990_2000": -507.0, "difference_1990_2010": -979.0, "difference_1990_2020": -1279.0 }, "geometry": { "type": "Polygon", "coordinates": [ [ [ -106.415180612711495, 23.208410873444674 ], [ -106.410608139003216, 23.208410873444645 ], [ -106.410608139003216, 23.204182925687562 ], [ -106.415180612711495, 23.20418292568753 ], [ -106.415180612711495, 23.208410873444674 ] ] ] } },
{ "type": "Feature", "properties": { "difference_1990_2000": -271.0, "difference_1990_2010": -332.0, "difference_1990_2020": -414.0 }, "geometry": { "type": "Polygon", "coordinates": [ [ [ -106.415180612711495, 23.2253239874766 ], [ -106.410608139003216, 23.225323987476649 ], [ -106.410608139003216, 23.221095510447402 ], [ -106.415180612711495, 23.221095510447405 ], [ -106.415180612711495, 23.2253239874766 ] ] ] } },
{ "type": "Feature", "properties": { "difference_1990_2000": 1560.0, "difference_1990_2010": 1485.0, "difference_1990_2020": 1371.0 }, "geometry": { "type": "Polygon", "coordinates": [ [ [ -106.415180612711495, 23.271845981401739 ], [ -106.410608139003216, 23.271845981401771 ], [ -106.410608139003216, 23.26761604595632 ], [ -106.415180612711495, 23.267616045956352 ], [ -106.415180612711495, 23.271845981401739 ] ] ] } },
{ "type": "Feature", "properties": { "difference_1990_2000": 31.0, "difference_1990_2010": 0.0, "difference_1990_2020": 54.0 }, "geometry": { "type": "Polygon", "coordinates": [ [ [ -106.415180612711495, 23.292997651274518 ], [ -106.410608139003216, 23.292997651274522 ], [ -106.410608139003216, 23.288767051495707 ], [ -106.415180612711495, 23.28876705149565 ], [ -106.415180612711495, 23.292997651274518 ] ] ] } },
{ "type": "Feature", "properties": { "difference_1990_2000": 1716.0, "difference_1990_2010": 1819.0, "difference_1990_2020": 1786.0 }, "geometry": { "type": "Polygon", "coordinates": [ [ [ -106.415180612711495, 23.267616045956323 ], [ -106.410608139003216, 23.267616045956295 ], [ -106.410608139003216, 23.263386243271231 ], [ -106.415180612711495, 23.263386243271256 ], [ -106.415180612711495, 23.267616045956323 ] ] ] } },
{ "type": "Feature", "properties": { "difference_1990_2000": 39.0, "difference_1990_2010": 56.0, "difference_1990_2020": 59.0 }, "geometry": { "type": "Polygon", "coordinates": [ [ [ -106.415180612711495, 23.183045169641961 ], [ -106.410608139003216, 23.183045169641989 ], [ -106.410608139003216, 23.178818014733821 ], [ -106.415180612711495, 23.178818014733821 ], [ -106.415180612711495, 23.183045169641961 ] ] ] } },
{ "type": "Feature", "properties": { "difference_1990_2000": 21.0, "difference_1990_2010": 30.0, "difference_1990_2020": 32.0 }, "geometry": { "type": "Polygon", "coordinates": [ [ [ -106.415180612711495, 23.191499875653403 ], [ -106.410608139003216, 23.191499875653399 ], [ -106.410608139003216, 23.187272456603409 ], [ -106.415180612711495, 23.187272456603409 ], [ -106.415180612711495, 23.191499875653403 ] ] ] } },
{ "type": "Feature", "properties": { "difference_1990_2000": 19.0, "difference_1990_2010": 28.0, "difference_1990_2020": 30.0 }, "geometry": { "type": "Polygon", "coordinates": [ [ [ -106.415180612711495, 23.187272456603409 ], [ -106.410608139003216, 23.187272456603409 ], [ -106.410608139003216, 23.183045169641989 ], [ -106.415180612711495, 23.183045169641961 ], [ -106.415180612711495, 23.187272456603409 ] ] ] } },
{ "type": "Feature", "properties": { "difference_1990_2000": 5.0, "difference_1990_2010": 7.0, "difference_1990_2020": 7.0 }, "geometry": { "type": "Polygon", "coordinates": [ [ [ -106.415180612711495, 23.178818014733821 ], [ -106.410608139003216, 23.178818014733821 ], [ -106.410608139003216, 23.174590991843647 ], [ -106.415180612711495, 23.174590991843683 ], [ -106.415180612711495, 23.178818014733821 ] ] ] } },
{ "type": "Feature", "properties": { "difference_1990_2000": -518.0, "difference_1990_2010": -1017.0, "difference_1990_2020": -1117.0 }, "geometry": { "type": "Polygon", "coordinates": [ [ [ -106.415180612711495, 23.20418292568753 ], [ -106.410608139003216, 23.204182925687562 ], [ -106.410608139003216, 23.19995511016015 ], [ -106.415180612711495, 23.199955110160143 ], [ -106.415180612711495, 23.20418292568753 ] ] ] } },
{ "type": "Feature", "properties": { "difference_1990_2000": 26.0, "difference_1990_2010": 660.0, "difference_1990_2020": 797.0 }, "geometry": { "type": "Polygon", "coordinates": [ [ [ -106.415180612711495, 23.28030625071532 ], [ -106.410608139003216, 23.280306250715324 ], [ -106.410608139003216, 23.276076049642946 ], [ -106.415180612711495, 23.276076049642942 ], [ -106.415180612711495, 23.28030625071532 ] ] ] } },
{ "type": "Feature", "properties": { "difference_1990_2000": 2134.0, "difference_1990_2010": 1781.0, "difference_1990_2020": 1416.0 }, "geometry": { "type": "Polygon", "coordinates": [ [ [ -106.415180612711495, 23.254927036040332 ], [ -106.410608139003216, 23.254927036040318 ], [ -106.410608139003216, 23.25069763142368 ], [ -106.415180612711495, 23.250697631423655 ], [ -106.415180612711495, 23.254927036040332 ] ] ] } },
{ "type": "Feature", "properties": { "difference_1990_2000": -946.0, "difference_1990_2010": -1708.0, "difference_1990_2020": -2125.0 }, "geometry": { "type": "Polygon", "coordinates": [ [ [ -106.415180612711495, 23.212638953466751 ], [ -106.410608139003216, 23.212638953466755 ], [ -106.410608139003216, 23.208410873444624 ], [ -106.415180612711495, 23.208410873444642 ], [ -106.415180612711495, 23.212638953466751 ] ] ] } },
{ "type": "Feature", "properties": { "difference_1990_2000": 1270.0, "difference_1990_2010": 1515.0, "difference_1990_2020": 1726.0 }, "geometry": { "type": "Polygon", "coordinates": [ [ [ -106.415180612711495, 23.276076049642942 ], [ -106.410608139003216, 23.276076049642946 ], [ -106.410608139003216, 23.271845981401771 ], [ -106.415180612711495, 23.271845981401739 ], [ -106.415180612711495, 23.276076049642942 ] ] ] } },
{ "type": "Feature", "properties": { "difference_1990_2000": 564.0, "difference_1990_2010": 948.0, "difference_1990_2020": 918.0 }, "geometry": { "type": "Polygon", "coordinates": [ [ [ -106.415180612711495, 23.263386243271256 ], [ -106.410608139003216, 23.263386243271231 ], [ -106.410608139003216, 23.259156573311031 ], [ -106.415180612711495, 23.259156573311031 ], [ -106.415180612711495, 23.263386243271256 ] ] ] } },
{ "type": "Feature", "properties": { "difference_1990_2000": -924.0, "difference_1990_2010": -1454.0, "difference_1990_2020": -1646.0 }, "geometry": { "type": "Polygon", "coordinates": [ [ [ -106.415180612711495, 23.221095510447405 ], [ -106.410608139003216, 23.221095510447402 ], [ -106.410608139003216, 23.216867165789221 ], [ -106.415180612711495, 23.216867165789225 ], [ -106.415180612711495, 23.221095510447405 ] ] ] } },
{ "type": "Feature", "properties": { "difference_1990_2000": 647.0, "difference_1990_2010": 489.0, "difference_1990_2020": 386.0 }, "geometry": { "type": "Polygon", "coordinates": [ [ [ -106.406035665294937, 23.221095510447434 ], [ -106.401463191586643, 23.22109551044743 ], [ -106.401463191586643, 23.216867165789225 ], [ -106.406035665294937, 23.216867165789228 ], [ -106.406035665294937, 23.221095510447434 ] ] ] } },
{ "type": "Feature", "properties": { "difference_1990_2000": 108.0, "difference_1990_2010": 117.0, "difference_1990_2020": 503.0 }, "geometry": { "type": "Polygon", "coordinates": [ [ [ -106.406035665294937, 23.288767051495629 ], [ -106.401463191586643, 23.288767051495633 ], [ -106.401463191586643, 23.284536584654418 ], [ -106.406035665294937, 23.284536584654418 ], [ -106.406035665294937, 23.288767051495629 ] ] ] } },
{ "type": "Feature", "properties": { "difference_1990_2000": 170.0, "difference_1990_2010": 54.0, "difference_1990_2020": -13.0 }, "geometry": { "type": "Polygon", "coordinates": [ [ [ -106.406035665294937, 23.216867165789228 ], [ -106.401463191586643, 23.216867165789225 ], [ -106.401463191586643, 23.212638953466712 ], [ -106.406035665294937, 23.212638953466751 ], [ -106.406035665294937, 23.216867165789228 ] ] ] } },
{ "type": "Feature", "properties": { "difference_1990_2000": 806.0, "difference_1990_2010": 878.0, "difference_1990_2020": 887.0 }, "geometry": { "type": "Polygon", "coordinates": [ [ [ -106.406035665294937, 23.259156573311046 ], [ -106.401463191586643, 23.259156573311031 ], [ -106.401463191586643, 23.254927036040328 ], [ -106.406035665294937, 23.254927036040332 ], [ -106.406035665294937, 23.259156573311046 ] ] ] } },
{ "type": "Feature", "properties": { "difference_1990_2000": -623.0, "difference_1990_2010": -1270.0, "difference_1990_2020": -1464.0 }, "geometry": { "type": "Polygon", "coordinates": [ [ [ -106.406035665294937, 23.233781338789512 ], [ -106.401463191586643, 23.233781338789548 ], [ -106.401463191586643, 23.229552596912239 ], [ -106.406035665294937, 23.229552596912225 ], [ -106.406035665294937, 23.233781338789512 ] ] ] } },
{ "type": "Feature", "properties": { "difference_1990_2000": -487.0, "difference_1990_2010": -865.0, "difference_1990_2020": -1036.0 }, "geometry": { "type": "Polygon", "coordinates": [ [ [ -106.406035665294937, 23.229552596912225 ], [ -106.401463191586643, 23.229552596912239 ], [ -106.401463191586643, 23.225323987476603 ], [ -106.406035665294937, 23.225323987476603 ], [ -106.406035665294937, 23.229552596912225 ] ] ] } },
{ "type": "Feature", "properties": { "difference_1990_2000": 1407.0, "difference_1990_2010": 1217.0, "difference_1990_2020": 1077.0 }, "geometry": { "type": "Polygon", "coordinates": [ [ [ -106.406035665294937, 23.250697631423623 ], [ -106.401463191586643, 23.250697631423627 ], [ -106.401463191586643, 23.24646835942562 ], [ -106.406035665294937, 23.246468359425677 ], [ -106.406035665294937, 23.250697631423623 ] ] ] } },
{ "type": "Feature", "properties": { "difference_1990_2000": 31.0, "difference_1990_2010": 42.0, "difference_1990_2020": 51.0 }, "geometry": { "type": "Polygon", "coordinates": [ [ [ -106.406035665294937, 23.195727426827197 ], [ -106.401463191586643, 23.195727426827194 ], [ -106.401463191586643, 23.191499875653395 ], [ -106.406035665294937, 23.191499875653399 ], [ -106.406035665294937, 23.195727426827197 ] ] ] } },
{ "type": "Feature", "properties": { "difference_1990_2000": 780.0, "difference_1990_2010": 1416.0, "difference_1990_2020": 1489.0 }, "geometry": { "type": "Polygon", "coordinates": [ [ [ -106.406035665294937, 23.284536584654418 ], [ -106.401463191586643, 23.284536584654418 ], [ -106.401463191586643, 23.280306250715327 ], [ -106.406035665294937, 23.280306250715327 ], [ -106.406035665294937, 23.284536584654418 ] ] ] } },
{ "type": "Feature", "properties": { "difference_1990_2000": -741.0, "difference_1990_2010": -1362.0, "difference_1990_2020": -1649.0 }, "geometry": { "type": "Polygon", "coordinates": [ [ [ -106.406035665294937, 23.238010213143962 ], [ -106.401463191586643, 23.238010213143912 ], [ -106.401463191586643, 23.233781338789548 ], [ -106.406035665294937, 23.233781338789548 ], [ -106.406035665294937, 23.238010213143962 ] ] ] } },
{ "type": "Feature", "properties": { "difference_1990_2000": 19.0, "difference_1990_2010": 114.0, "difference_1990_2020": 158.0 }, "geometry": { "type": "Polygon", "coordinates": [ [ [ -106.406035665294937, 23.199955110160143 ], [ -106.401463191586643, 23.19995511016014 ], [ -106.401463191586643, 23.195727426827194 ], [ -106.406035665294937, 23.195727426827197 ], [ -106.406035665294937, 23.199955110160143 ] ] ] } },
{ "type": "Feature", "properties": { "difference_1990_2000": 13.0, "difference_1990_2010": 75.0, "difference_1990_2020": 103.0 }, "geometry": { "type": "Polygon", "coordinates": [ [ [ -106.406035665294937, 23.208410873444645 ], [ -106.401463191586643, 23.208410873444645 ], [ -106.401463191586643, 23.204182925687533 ], [ -106.406035665294937, 23.20418292568753 ], [ -106.406035665294937, 23.208410873444645 ] ] ] } },
{ "type": "Feature", "properties": { "difference_1990_2000": 296.0, "difference_1990_2010": 433.0, "difference_1990_2020": 382.0 }, "geometry": { "type": "Polygon", "coordinates": [ [ [ -106.406035665294937, 23.24646835942562 ], [ -106.401463191586643, 23.24646835942562 ], [ -106.401463191586643, 23.242239220010852 ], [ -106.406035665294937, 23.24223922001087 ], [ -106.406035665294937, 23.24646835942562 ] ] ] } },
{ "type": "Feature", "properties": { "difference_1990_2000": -300.0, "difference_1990_2010": -758.0, "difference_1990_2020": -991.0 }, "geometry": { "type": "Polygon", "coordinates": [ [ [ -106.406035665294937, 23.24223922001087 ], [ -106.401463191586643, 23.242239220010852 ], [ -106.401463191586643, 23.238010213143912 ], [ -106.406035665294937, 23.238010213143962 ], [ -106.406035665294937, 23.24223922001087 ] ] ] } },
{ "type": "Feature", "properties": { "difference_1990_2000": -205.0, "difference_1990_2010": -376.0, "difference_1990_2020": -527.0 }, "geometry": { "type": "Polygon", "coordinates": [ [ [ -106.406035665294937, 23.225323987476603 ], [ -106.401463191586643, 23.225323987476603 ], [ -106.401463191586643, 23.22109551044743 ], [ -106.406035665294937, 23.221095510447434 ], [ -106.406035665294937, 23.225323987476603 ] ] ] } },
{ "type": "Feature", "properties": { "difference_1990_2000": 1192.0, "difference_1990_2010": 2094.0, "difference_1990_2020": 2214.0 }, "geometry": { "type": "Polygon", "coordinates": [ [ [ -106.406035665294937, 23.267616045956292 ], [ -106.401463191586643, 23.267616045956292 ], [ -106.401463191586643, 23.263386243271249 ], [ -106.406035665294937, 23.263386243271231 ], [ -106.406035665294937, 23.267616045956292 ] ] ] } },
{ "type": "Feature", "properties": { "difference_1990_2000": 465.0, "difference_1990_2010": 853.0, "difference_1990_2020": 1102.0 }, "geometry": { "type": "Polygon", "coordinates": [ [ [ -106.406035665294937, 23.271845981401739 ], [ -106.401463191586643, 23.271845981401736 ], [ -106.401463191586643, 23.267616045956292 ], [ -106.406035665294937, 23.267616045956292 ], [ -106.406035665294937, 23.271845981401739 ] ] ] } },
{ "type": "Feature", "properties": { "difference_1990_2000": 0.0, "difference_1990_2010": 0.0, "difference_1990_2020": 1.0 }, "geometry": { "type": "Polygon", "coordinates": [ [ [ -106.406035665294937, 23.292997651274518 ], [ -106.401463191586643, 23.292997651274522 ], [ -106.401463191586643, 23.288767051495665 ], [ -106.406035665294937, 23.288767051495668 ], [ -106.406035665294937, 23.292997651274518 ] ] ] } },
{ "type": "Feature", "properties": { "difference_1990_2000": 26.0, "difference_1990_2010": 51.0, "difference_1990_2020": 55.0 }, "geometry": { "type": "Polygon", "coordinates": [ [ [ -106.406035665294937, 23.191499875653399 ], [ -106.401463191586643, 23.191499875653395 ], [ -106.401463191586643, 23.187272456603409 ], [ -106.406035665294937, 23.187272456603409 ], [ -106.406035665294937, 23.191499875653399 ] ] ] } },
{ "type": "Feature", "properties": { "difference_1990_2000": 8.0, "difference_1990_2010": 14.0, "difference_1990_2020": 15.0 }, "geometry": { "type": "Polygon", "coordinates": [ [ [ -106.406035665294937, 23.187272456603409 ], [ -106.401463191586643, 23.187272456603409 ], [ -106.401463191586643, 23.183045169641954 ], [ -106.406035665294937, 23.183045169641954 ], [ -106.406035665294937, 23.187272456603409 ] ] ] } },
{ "type": "Feature", "properties": { "difference_1990_2000": 16.0, "difference_1990_2010": 91.0, "difference_1990_2020": 130.0 }, "geometry": { "type": "Polygon", "coordinates": [ [ [ -106.406035665294937, 23.20418292568753 ], [ -106.401463191586643, 23.204182925687533 ], [ -106.401463191586643, 23.19995511016014 ], [ -106.406035665294937, 23.199955110160143 ], [ -106.406035665294937, 23.20418292568753 ] ] ] } },
{ "type": "Feature", "properties": { "difference_1990_2000": -21.0, "difference_1990_2010": -48.0, "difference_1990_2020": -61.0 }, "geometry": { "type": "Polygon", "coordinates": [ [ [ -106.406035665294937, 23.212638953466751 ], [ -106.401463191586643, 23.212638953466712 ], [ -106.401463191586643, 23.208410873444624 ], [ -106.406035665294937, 23.208410873444645 ], [ -106.406035665294937, 23.212638953466751 ] ] ] } },
{ "type": "Feature", "properties": { "difference_1990_2000": 986.0, "difference_1990_2010": 1502.0, "difference_1990_2020": 1724.0 }, "geometry": { "type": "Polygon", "coordinates": [ [ [ -106.406035665294937, 23.280306250715352 ], [ -106.401463191586643, 23.280306250715327 ], [ -106.401463191586643, 23.276076049642942 ], [ -106.406035665294937, 23.276076049642942 ], [ -106.406035665294937, 23.280306250715352 ] ] ] } },
{ "type": "Feature", "properties": { "difference_1990_2000": 422.0, "difference_1990_2010": 809.0, "difference_1990_2020": 1134.0 }, "geometry": { "type": "Polygon", "coordinates": [ [ [ -106.406035665294937, 23.276076049642942 ], [ -106.401463191586643, 23.276076049642942 ], [ -106.401463191586643, 23.271845981401736 ], [ -106.406035665294937, 23.271845981401739 ], [ -106.406035665294937, 23.276076049642942 ] ] ] } },
{ "type": "Feature", "properties": { "difference_1990_2000": 822.0, "difference_1990_2010": 1304.0, "difference_1990_2020": 1531.0 }, "geometry": { "type": "Polygon", "coordinates": [ [ [ -106.406035665294937, 23.263386243271231 ], [ -106.401463191586643, 23.263386243271249 ], [ -106.401463191586643, 23.259156573311031 ], [ -106.406035665294937, 23.259156573311031 ], [ -106.406035665294937, 23.263386243271231 ] ] ] } },
{ "type": "Feature", "properties": { "difference_1990_2000": 346.0, "difference_1990_2010": 954.0, "difference_1990_2020": 1474.0 }, "geometry": { "type": "Polygon", "coordinates": [ [ [ -106.396890717878364, 23.288767051495633 ], [ -106.392318244170099, 23.288767051495629 ], [ -106.392318244170099, 23.284536584654418 ], [ -106.396890717878364, 23.284536584654372 ], [ -106.396890717878364, 23.288767051495633 ] ] ] } },
{ "type": "Feature", "properties": { "difference_1990_2000": -406.0, "difference_1990_2010": -429.0, "difference_1990_2020": -457.0 }, "geometry": { "type": "Polygon", "coordinates": [ [ [ -106.396890717878364, 23.216867165789225 ], [ -106.392318244170099, 23.216867165789242 ], [ -106.392318244170099, 23.212638953466755 ], [ -106.396890717878364, 23.212638953466758 ], [ -106.396890717878364, 23.216867165789225 ] ] ] } },
{ "type": "Feature", "properties": { "difference_1990_2000": 587.0, "difference_1990_2010": 1176.0, "difference_1990_2020": 1160.0 }, "geometry": { "type": "Polygon", "coordinates": [ [ [ -106.396890717878364, 23.259156573311049 ], [ -106.392318244170099, 23.259156573311031 ], [ -106.392318244170099, 23.254927036040328 ], [ -106.396890717878364, 23.254927036040332 ], [ -106.396890717878364, 23.259156573311049 ] ] ] } },
{ "type": "Feature", "properties": { "difference_1990_2000": 724.0, "difference_1990_2010": 486.0, "difference_1990_2020": 327.0 }, "geometry": { "type": "Polygon", "coordinates": [ [ [ -106.396890717878364, 23.233781338789544 ], [ -106.392318244170099, 23.233781338789544 ], [ -106.392318244170099, 23.229552596912221 ], [ -106.396890717878364, 23.229552596912221 ], [ -106.396890717878364, 23.233781338789544 ] ] ] } },
{ "type": "Feature", "properties": { "difference_1990_2000": 451.0, "difference_1990_2010": 1146.0, "difference_1990_2020": 1482.0 }, "geometry": { "type": "Polygon", "coordinates": [ [ [ -106.396890717878364, 23.284536584654372 ], [ -106.392318244170099, 23.284536584654418 ], [ -106.392318244170099, 23.280306250715324 ], [ -106.396890717878364, 23.280306250715324 ], [ -106.396890717878364, 23.284536584654372 ] ] ] } },
{ "type": "Feature", "properties": { "difference_1990_2000": 1100.0, "difference_1990_2010": 905.0, "difference_1990_2020": 737.0 }, "geometry": { "type": "Polygon", "coordinates": [ [ [ -106.396890717878364, 23.229552596912221 ], [ -106.392318244170099, 23.229552596912221 ], [ -106.392318244170099, 23.225323987476639 ], [ -106.396890717878364, 23.2253239874766 ], [ -106.396890717878364, 23.229552596912221 ] ] ] } },
{ "type": "Feature", "properties": { "difference_1990_2000": 290.0, "difference_1990_2010": 421.0, "difference_1990_2020": 307.0 }, "geometry": { "type": "Polygon", "coordinates": [ [ [ -106.396890717878364, 23.238010213143937 ], [ -106.392318244170099, 23.23801021314393 ], [ -106.392318244170099, 23.233781338789544 ], [ -106.396890717878364, 23.233781338789562 ], [ -106.396890717878364, 23.238010213143937 ] ] ] } },
{ "type": "Feature", "properties": { "difference_1990_2000": 135.0, "difference_1990_2010": 846.0, "difference_1990_2020": 810.0 }, "geometry": { "type": "Polygon", "coordinates": [ [ [ -106.396890717878364, 23.250697631423652 ], [ -106.392318244170099, 23.250697631423655 ], [ -106.392318244170099, 23.24646835942562 ], [ -106.396890717878364, 23.246468359425677 ], [ -106.396890717878364, 23.250697631423652 ] ] ] } },
{ "type": "Feature", "properties": { "difference_1990_2000": 99.0, "difference_1990_2010": 664.0, "difference_1990_2020": 645.0 }, "geometry": { "type": "Polygon", "coordinates": [ [ [ -106.396890717878364, 23.246468359425599 ], [ -106.392318244170099, 23.24646835942562 ], [ -106.392318244170099, 23.242239220010852 ], [ -106.396890717878364, 23.242239220010852 ], [ -106.396890717878364, 23.246468359425599 ] ] ] } },
{ "type": "Feature", "properties": { "difference_1990_2000": 111.0, "difference_1990_2010": 590.0, "difference_1990_2020": 555.0 }, "geometry": { "type": "Polygon", "coordinates": [ [ [ -106.396890717878364, 23.242239220010852 ], [ -106.392318244170099, 23.242239220010852 ], [ -106.392318244170099, 23.23801021314393 ], [ -106.396890717878364, 23.238010213143937 ], [ -106.396890717878364, 23.242239220010852 ] ] ] } },
{ "type": "Feature", "properties": { "difference_1990_2000": 421.0, "difference_1990_2010": 613.0, "difference_1990_2020": 715.0 }, "geometry": { "type": "Polygon", "coordinates": [ [ [ -106.396890717878364, 23.2253239874766 ], [ -106.392318244170099, 23.225323987476639 ], [ -106.392318244170099, 23.221095510447402 ], [ -106.396890717878364, 23.221095510447405 ], [ -106.396890717878364, 23.2253239874766 ] ] ] } },
{ "type": "Feature", "properties": { "difference_1990_2000": 45.0, "difference_1990_2010": 325.0, "difference_1990_2020": 490.0 }, "geometry": { "type": "Polygon", "coordinates": [ [ [ -106.396890717878364, 23.267616045956295 ], [ -106.392318244170099, 23.267616045956295 ], [ -106.392318244170099, 23.263386243271231 ], [ -106.396890717878364, 23.263386243271231 ], [ -106.396890717878364, 23.267616045956295 ] ] ] } },
{ "type": "Feature", "properties": { "difference_1990_2000": 0.0, "difference_1990_2010": 571.0, "difference_1990_2020": 995.0 }, "geometry": { "type": "Polygon", "coordinates": [ [ [ -106.396890717878364, 23.271845981401732 ], [ -106.392318244170099, 23.271845981401739 ], [ -106.392318244170099, 23.267616045956323 ], [ -106.396890717878364, 23.267616045956323 ], [ -106.396890717878364, 23.271845981401732 ] ] ] } },
{ "type": "Feature", "properties": { "difference_1990_2000": 1.0, "difference_1990_2010": 323.0, "difference_1990_2020": 614.0 }, "geometry": { "type": "Polygon", "coordinates": [ [ [ -106.396890717878364, 23.292997651274518 ], [ -106.392318244170099, 23.292997651274515 ], [ -106.392318244170099, 23.288767051495647 ], [ -106.396890717878364, 23.288767051495668 ], [ -106.396890717878364, 23.292997651274518 ] ] ] } },
{ "type": "Feature", "properties": { "difference_1990_2000": -6.0, "difference_1990_2010": -6.0, "difference_1990_2020": -6.0 }, "geometry": { "type": "Polygon", "coordinates": [ [ [ -106.396890717878364, 23.212638953466758 ], [ -106.392318244170099, 23.212638953466755 ], [ -106.392318244170099, 23.20841087344462 ], [ -106.396890717878364, 23.20841087344462 ], [ -106.396890717878364, 23.212638953466758 ] ] ] } },
{ "type": "Feature", "properties": { "difference_1990_2000": 51.0, "difference_1990_2010": 560.0, "difference_1990_2020": 866.0 }, "geometry": { "type": "Polygon", "coordinates": [ [ [ -106.396890717878364, 23.280306250715348 ], [ -106.392318244170099, 23.280306250715324 ], [ -106.392318244170099, 23.276076049642938 ], [ -106.396890717878364, 23.276076049642899 ], [ -106.396890717878364, 23.280306250715348 ] ] ] } },
{ "type": "Feature", "properties": { "difference_1990_2000": 0.0, "difference_1990_2010": 394.0, "difference_1990_2020": 601.0 }, "geometry": { "type": "Polygon", "coordinates": [ [ [ -106.396890717878364, 23.276076049642899 ], [ -106.392318244170099, 23.276076049642938 ], [ -106.392318244170099, 23.271845981401739 ], [ -106.396890717878364, 23.271845981401732 ], [ -106.396890717878364, 23.276076049642899 ] ] ] } },
{ "type": "Feature", "properties": { "difference_1990_2000": 121.0, "difference_1990_2010": 763.0, "difference_1990_2020": 912.0 }, "geometry": { "type": "Polygon", "coordinates": [ [ [ -106.396890717878364, 23.263386243271231 ], [ -106.392318244170099, 23.263386243271231 ], [ -106.392318244170099, 23.259156573311031 ], [ -106.396890717878364, 23.259156573311028 ], [ -106.396890717878364, 23.263386243271231 ] ] ] } },
{ "type": "Feature", "properties": { "difference_1990_2000": -195.0, "difference_1990_2010": -173.0, "difference_1990_2020": -178.0 }, "geometry": { "type": "Polygon", "coordinates": [ [ [ -106.396890717878364, 23.221095510447405 ], [ -106.392318244170099, 23.221095510447402 ], [ -106.392318244170099, 23.216867165789242 ], [ -106.396890717878364, 23.216867165789225 ], [ -106.396890717878364, 23.221095510447405 ] ] ] } },
{ "type": "Feature", "properties": { "difference_1990_2000": 0.0, "difference_1990_2010": 18.0, "difference_1990_2020": 234.0 }, "geometry": { "type": "Polygon", "coordinates": [ [ [ -106.387745770461834, 23.288767051495629 ], [ -106.383173296753554, 23.288767051495636 ], [ -106.383173296753554, 23.284536584654422 ], [ -106.387745770461834, 23.284536584654415 ], [ -106.387745770461834, 23.288767051495629 ] ] ] } },
{ "type": "Feature", "properties": { "difference_1990_2000": -81.0, "difference_1990_2010": -96.0, "difference_1990_2020": -102.0 }, "geometry": { "type": "Polygon", "coordinates": [ [ [ -106.387745770461834, 23.216867165789225 ], [ -106.383173296753554, 23.216867165789232 ], [ -106.383173296753554, 23.212638953466715 ], [ -106.387745770461834, 23.212638953466712 ], [ -106.387745770461834, 23.216867165789225 ] ] ] } },
{ "type": "Feature", "properties": { "difference_1990_2000": 865.0, "difference_1990_2010": 1461.0, "difference_1990_2020": 1974.0 }, "geometry": { "type": "Polygon", "coordinates": [ [ [ -106.387745770461834, 23.259156573311049 ], [ -106.383173296753554, 23.259156573311031 ], [ -106.383173296753554, 23.254927036040328 ], [ -106.387745770461834, 23.254927036040328 ], [ -106.387745770461834, 23.259156573311049 ] ] ] } },
{ "type": "Feature", "properties": { "difference_1990_2000": -138.0, "difference_1990_2010": -23.0, "difference_1990_2020": 229.0 }, "geometry": { "type": "Polygon", "coordinates": [ [ [ -106.387745770461834, 23.233781338789548 ], [ -106.383173296753554, 23.233781338789544 ], [ -106.383173296753554, 23.229552596912225 ], [ -106.387745770461834, 23.229552596912221 ], [ -106.387745770461834, 23.233781338789548 ] ] ] } },
{ "type": "Feature", "properties": { "difference_1990_2000": -164.0, "difference_1990_2010": -125.0, "difference_1990_2020": -122.0 }, "geometry": { "type": "Polygon", "coordinates": [ [ [ -106.387745770461834, 23.229552596912221 ], [ -106.383173296753554, 23.229552596912225 ], [ -106.383173296753554, 23.2253239874766 ], [ -106.387745770461834, 23.225323987476589 ], [ -106.387745770461834, 23.229552596912221 ] ] ] } },
{ "type": "Feature", "properties": { "difference_1990_2000": 262.0, "difference_1990_2010": 100.0, "difference_1990_2020": 37.0 }, "geometry": { "type": "Polygon", "coordinates": [ [ [ -106.387745770461834, 23.250697631423623 ], [ -106.383173296753554, 23.250697631423655 ], [ -106.383173296753554, 23.24646835942568 ], [ -106.387745770461834, 23.24646835942562 ], [ -106.387745770461834, 23.250697631423623 ] ] ] } },
{ "type": "Feature", "properties": { "difference_1990_2000": 0.0, "difference_1990_2010": 0.0, "difference_1990_2020": 1135.0 }, "geometry": { "type": "Polygon", "coordinates": [ [ [ -106.387745770461834, 23.284536584654415 ], [ -106.383173296753554, 23.284536584654422 ], [ -106.383173296753554, 23.280306250715324 ], [ -106.387745770461834, 23.280306250715324 ], [ -106.387745770461834, 23.284536584654415 ] ] ] } },
{ "type": "Feature", "properties": { "difference_1990_2000": -89.0, "difference_1990_2010": -111.0, "difference_1990_2020": 252.0 }, "geometry": { "type": "Polygon", "coordinates": [ [ [ -106.387745770461834, 23.238010213143966 ], [ -106.383173296753554, 23.238010213143937 ], [ -106.383173296753554, 23.233781338789544 ], [ -106.387745770461834, 23.233781338789548 ], [ -106.387745770461834, 23.238010213143966 ] ] ] } },
{ "type": "Feature", "properties": { "difference_1990_2000": 367.0, "difference_1990_2010": 99.0, "difference_1990_2020": 150.0 }, "geometry": { "type": "Polygon", "coordinates": [ [ [ -106.387745770461834, 23.24646835942562 ], [ -106.383173296753554, 23.246468359425599 ], [ -106.383173296753554, 23.242239220010873 ], [ -106.387745770461834, 23.242239220010873 ], [ -106.387745770461834, 23.24646835942562 ] ] ] } },
{ "type": "Feature", "properties": { "difference_1990_2000": 428.0, "difference_1990_2010": 80.0, "difference_1990_2020": 232.0 }, "geometry": { "type": "Polygon", "coordinates": [ [ [ -106.387745770461834, 23.242239220010873 ], [ -106.383173296753554, 23.242239220010873 ], [ -106.383173296753554, 23.238010213143937 ], [ -106.387745770461834, 23.238010213143966 ], [ -106.387745770461834, 23.242239220010873 ] ] ] } },
{ "type": "Feature", "properties": { "difference_1990_2000": 22.0, "difference_1990_2010": -84.0, "difference_1990_2020": 38.0 }, "geometry": { "type": "Polygon", "coordinates": [ [ [ -106.387745770461834, 23.225323987476589 ], [ -106.383173296753554, 23.2253239874766 ], [ -106.383173296753554, 23.221095510447402 ], [ -106.387745770461834, 23.221095510447398 ], [ -106.387745770461834, 23.225323987476589 ] ] ] } },
{ "type": "Feature", "properties": { "difference_1990_2000": 684.0, "difference_1990_2010": 2684.0, "difference_1990_2020": 2820.0 }, "geometry": { "type": "Polygon", "coordinates": [ [ [ -106.387745770461834, 23.267616045956295 ], [ -106.383173296753554, 23.267616045956292 ], [ -106.383173296753554, 23.263386243271245 ], [ -106.387745770461834, 23.263386243271231 ], [ -106.387745770461834, 23.267616045956295 ] ] ] } },
{ "type": "Feature", "properties": { "difference_1990_2000": 0.0, "difference_1990_2010": 1995.0, "difference_1990_2020": 2055.0 }, "geometry": { "type": "Polygon", "coordinates": [ [ [ -106.387745770461834, 23.271845981401739 ], [ -106.383173296753554, 23.271845981401739 ], [ -106.383173296753554, 23.267616045956323 ], [ -106.387745770461834, 23.267616045956323 ], [ -106.387745770461834, 23.271845981401739 ] ] ] } },
{ "type": "Feature", "properties": { "difference_1990_2000": 1.0, "difference_1990_2010": 7.0, "difference_1990_2020": 104.0 }, "geometry": { "type": "Polygon", "coordinates": [ [ [ -106.387745770461834, 23.292997651274515 ], [ -106.383173296753554, 23.292997651274518 ], [ -106.383173296753554, 23.288767051495654 ], [ -106.387745770461834, 23.288767051495658 ], [ -106.387745770461834, 23.292997651274515 ] ] ] } },
{ "type": "Feature", "properties": { "difference_1990_2000": 0.0, "difference_1990_2010": 0.0, "difference_1990_2020": 101.0 }, "geometry": { "type": "Polygon", "coordinates": [ [ [ -106.387745770461834, 23.280306250715348 ], [ -106.383173296753554, 23.280306250715352 ], [ -106.383173296753554, 23.276076049642942 ], [ -106.387745770461834, 23.276076049642942 ], [ -106.387745770461834, 23.280306250715348 ] ] ] } },
{ "type": "Feature", "properties": { "difference_1990_2000": 0.0, "difference_1990_2010": 945.0, "difference_1990_2020": 1313.0 }, "geometry": { "type": "Polygon", "coordinates": [ [ [ -106.387745770461834, 23.276076049642942 ], [ -106.383173296753554, 23.276076049642942 ], [ -106.383173296753554, 23.271845981401739 ], [ -106.387745770461834, 23.271845981401739 ], [ -106.387745770461834, 23.276076049642942 ] ] ] } },
{ "type": "Feature", "properties": { "difference_1990_2000": 2378.0, "difference_1990_2010": 2894.0, "difference_1990_2020": 2719.0 }, "geometry": { "type": "Polygon", "coordinates": [ [ [ -106.387745770461834, 23.263386243271231 ], [ -106.383173296753554, 23.263386243271245 ], [ -106.383173296753554, 23.259156573311031 ], [ -106.387745770461834, 23.259156573311031 ], [ -106.387745770461834, 23.263386243271231 ] ] ] } },
{ "type": "Feature", "properties": { "difference_1990_2000": -139.0, "difference_1990_2010": -41.0, "difference_1990_2020": -175.0 }, "geometry": { "type": "Polygon", "coordinates": [ [ [ -106.387745770461834, 23.221095510447398 ], [ -106.383173296753554, 23.221095510447402 ], [ -106.383173296753554, 23.216867165789232 ], [ -106.387745770461834, 23.216867165789225 ], [ -106.387745770461834, 23.221095510447398 ] ] ] } },
{ "type": "Feature", "properties": { "difference_1990_2000": 418.0, "difference_1990_2010": 344.0, "difference_1990_2020": 227.0 }, "geometry": { "type": "Polygon", "coordinates": [ [ [ -106.378600823045275, 23.221095510447434 ], [ -106.374028349336982, 23.221095510447434 ], [ -106.374028349336982, 23.216867165789228 ], [ -106.378600823045275, 23.216867165789221 ], [ -106.378600823045275, 23.221095510447434 ] ] ] } },
{ "type": "Feature", "properties": { "difference_1990_2000": 582.0, "difference_1990_2010": 1949.0, "difference_1990_2020": 2496.0 }, "geometry": { "type": "Polygon", "coordinates": [ [ [ -106.378600823045275, 23.259156573311031 ], [ -106.374028349336982, 23.259156573311031 ], [ -106.374028349336982, 23.254927036040332 ], [ -106.378600823045275, 23.254927036040328 ], [ -106.378600823045275, 23.259156573311031 ] ] ] } },
{ "type": "Feature", "properties": { "difference_1990_2000": -361.0, "difference_1990_2010": -436.0, "difference_1990_2020": -426.0 }, "geometry": { "type": "Polygon", "coordinates": [ [ [ -106.378600823045275, 23.216867165789221 ], [ -106.374028349336982, 23.216867165789228 ], [ -106.374028349336982, 23.212638953466747 ], [ -106.378600823045275, 23.212638953466755 ], [ -106.378600823045275, 23.216867165789221 ] ] ] } },
{ "type": "Feature", "properties": { "difference_1990_2000": 227.0, "difference_1990_2010": 456.0, "difference_1990_2020": 605.0 }, "geometry": { "type": "Polygon", "coordinates": [ [ [ -106.378600823045275, 23.233781338789544 ], [ -106.374028349336982, 23.233781338789544 ], [ -106.374028349336982, 23.229552596912228 ], [ -106.378600823045275, 23.229552596912221 ], [ -106.378600823045275, 23.233781338789544 ] ] ] } },
{ "type": "Feature", "properties": { "difference_1990_2000": 727.0, "difference_1990_2010": 1107.0, "difference_1990_2020": 1265.0 }, "geometry": { "type": "Polygon", "coordinates": [ [ [ -106.378600823045275, 23.229552596912221 ], [ -106.374028349336982, 23.229552596912228 ], [ -106.374028349336982, 23.225323987476639 ], [ -106.378600823045275, 23.225323987476635 ], [ -106.378600823045275, 23.229552596912221 ] ] ] } },
{ "type": "Feature", "properties": { "difference_1990_2000": 486.0, "difference_1990_2010": 886.0, "difference_1990_2020": 1043.0 }, "geometry": { "type": "Polygon", "coordinates": [ [ [ -106.378600823045275, 23.238010213143934 ], [ -106.374028349336982, 23.238010213143934 ], [ -106.374028349336982, 23.233781338789544 ], [ -106.378600823045275, 23.233781338789544 ], [ -106.378600823045275, 23.238010213143934 ] ] ] } },
{ "type": "Feature", "properties": { "difference_1990_2000": 0.0, "difference_1990_2010": 0.0, "difference_1990_2020": 117.0 }, "geometry": { "type": "Polygon", "coordinates": [ [ [ -106.378600823045275, 23.284536584654415 ], [ -106.374028349336982, 23.284536584654418 ], [ -106.374028349336982, 23.280306250715324 ], [ -106.378600823045275, 23.280306250715324 ], [ -106.378600823045275, 23.284536584654415 ] ] ] } },
{ "type": "Feature", "properties": { "difference_1990_2000": 198.0, "difference_1990_2010": 340.0, "difference_1990_2020": 570.0 }, "geometry": { "type": "Polygon", "coordinates": [ [ [ -106.378600823045275, 23.250697631423655 ], [ -106.374028349336982, 23.250697631423655 ], [ -106.374028349336982, 23.24646835942562 ], [ -106.378600823045275, 23.246468359425677 ], [ -106.378600823045275, 23.250697631423655 ] ] ] } },
{ "type": "Feature", "properties": { "difference_1990_2000": 72.0, "difference_1990_2010": 521.0, "difference_1990_2020": 589.0 }, "geometry": { "type": "Polygon", "coordinates": [ [ [ -106.378600823045275, 23.242239220010852 ], [ -106.374028349336982, 23.242239220010859 ], [ -106.374028349336982, 23.238010213143934 ], [ -106.378600823045275, 23.238010213143934 ], [ -106.378600823045275, 23.242239220010852 ] ] ] } },
{ "type": "Feature", "properties": { "difference_1990_2000": 200.0, "difference_1990_2010": 220.0, "difference_1990_2020": 412.0 }, "geometry": { "type": "Polygon", "coordinates": [ [ [ -106.378600823045275, 23.24646835942562 ], [ -106.374028349336982, 23.24646835942562 ], [ -106.374028349336982, 23.242239220010859 ], [ -106.378600823045275, 23.242239220010852 ], [ -106.378600823045275, 23.24646835942562 ] ] ] } },
{ "type": "Feature", "properties": { "difference_1990_2000": 843.0, "difference_1990_2010": 1728.0, "difference_1990_2020": 1805.0 }, "geometry": { "type": "Polygon", "coordinates": [ [ [ -106.378600823045275, 23.267616045956292 ], [ -106.374028349336982, 23.267616045956295 ], [ -106.374028349336982, 23.263386243271228 ], [ -106.378600823045275, 23.263386243271228 ], [ -106.378600823045275, 23.267616045956292 ] ] ] } },
{ "type": "Feature", "properties": { "difference_1990_2000": 44.0, "difference_1990_2010": 1977.0, "difference_1990_2020": 2631.0 }, "geometry": { "type": "Polygon", "coordinates": [ [ [ -106.378600823045275, 23.271845981401732 ], [ -106.374028349336982, 23.271845981401771 ], [ -106.374028349336982, 23.267616045956323 ], [ -106.378600823045275, 23.267616045956323 ], [ -106.378600823045275, 23.271845981401732 ] ] ] } },
{ "type": "Feature", "properties": { "difference_1990_2000": 66.0, "difference_1990_2010": 194.0, "difference_1990_2020": 150.0 }, "geometry": { "type": "Polygon", "coordinates": [ [ [ -106.378600823045275, 23.225323987476635 ], [ -106.374028349336982, 23.225323987476639 ], [ -106.374028349336982, 23.221095510447434 ], [ -106.378600823045275, 23.221095510447434 ], [ -106.378600823045275, 23.225323987476635 ] ] ] } },
{ "type": "Feature", "properties": { "difference_1990_2000": -10.0, "difference_1990_2010": -9.0, "difference_1990_2020": 97.0 }, "geometry": { "type": "Polygon", "coordinates": [ [ [ -106.378600823045275, 23.254927036040314 ], [ -106.374028349336982, 23.254927036040332 ], [ -106.374028349336982, 23.250697631423655 ], [ -106.378600823045275, 23.250697631423655 ], [ -106.378600823045275, 23.254927036040314 ] ] ] } },
{ "type": "Feature", "properties": { "difference_1990_2000": 0.0, "difference_1990_2010": 59.0, "difference_1990_2020": 1150.0 }, "geometry": { "type": "Polygon", "coordinates": [ [ [ -106.378600823045275, 23.280306250715324 ], [ -106.374028349336982, 23.280306250715324 ], [ -106.374028349336982, 23.276076049642946 ], [ -106.378600823045275, 23.276076049642942 ], [ -106.378600823045275, 23.280306250715324 ] ] ] } },
{ "type": "Feature", "properties": { "difference_1990_2000": -113.0, "difference_1990_2010": -119.0, "difference_1990_2020": -116.0 }, "geometry": { "type": "Polygon", "coordinates": [ [ [ -106.378600823045275, 23.212638953466755 ], [ -106.374028349336982, 23.212638953466747 ], [ -106.374028349336982, 23.208410873444645 ], [ -106.378600823045275, 23.208410873444624 ], [ -106.378600823045275, 23.212638953466755 ] ] ] } },
{ "type": "Feature", "properties": { "difference_1990_2000": 0.0, "difference_1990_2010": 456.0, "difference_1990_2020": 3083.0 }, "geometry": { "type": "Polygon", "coordinates": [ [ [ -106.378600823045275, 23.276076049642942 ], [ -106.374028349336982, 23.276076049642946 ], [ -106.374028349336982, 23.271845981401771 ], [ -106.378600823045275, 23.271845981401732 ], [ -106.378600823045275, 23.276076049642942 ] ] ] } },
{ "type": "Feature", "properties": { "difference_1990_2000": 581.0, "difference_1990_2010": 1869.0, "difference_1990_2020": 2005.0 }, "geometry": { "type": "Polygon", "coordinates": [ [ [ -106.378600823045275, 23.263386243271228 ], [ -106.374028349336982, 23.263386243271228 ], [ -106.374028349336982, 23.259156573311031 ], [ -106.378600823045275, 23.259156573311031 ], [ -106.378600823045275, 23.263386243271228 ] ] ] } },
{ "type": "Feature", "properties": { "difference_1990_2000": 157.0, "difference_1990_2010": 170.0, "difference_1990_2020": 1115.0 }, "geometry": { "type": "Polygon", "coordinates": [ [ [ -106.369455875628745, 23.216867165789232 ], [ -106.364883401920437, 23.216867165789221 ], [ -106.364883401920437, 23.212638953466755 ], [ -106.369455875628745, 23.212638953466755 ], [ -106.369455875628745, 23.216867165789232 ] ] ] } },
{ "type": "Feature", "properties": { "difference_1990_2000": 417.0, "difference_1990_2010": 574.0, "difference_1990_2020": 652.0 }, "geometry": { "type": "Polygon", "coordinates": [ [ [ -106.369455875628745, 23.259156573311042 ], [ -106.364883401920437, 23.259156573311031 ], [ -106.364883401920437, 23.254927036040332 ], [ -106.369455875628745, 23.254927036040325 ], [ -106.369455875628745, 23.259156573311042 ] ] ] } },
{ "type": "Feature", "properties": { "difference_1990_2000": 0.0, "difference_1990_2010": 694.0, "difference_1990_2020": 2156.0 }, "geometry": { "type": "Polygon", "coordinates": [ [ [ -106.369455875628745, 23.233781338789548 ], [ -106.364883401920437, 23.233781338789544 ], [ -106.364883401920437, 23.229552596912225 ], [ -106.369455875628745, 23.229552596912225 ], [ -106.369455875628745, 23.233781338789548 ] ] ] } },
{ "type": "Feature", "properties": { "difference_1990_2000": 1.0, "difference_1990_2010": 411.0, "difference_1990_2020": 2515.0 }, "geometry": { "type": "Polygon", "coordinates": [ [ [ -106.369455875628745, 23.229552596912225 ], [ -106.364883401920437, 23.229552596912225 ], [ -106.364883401920437, 23.225323987476607 ], [ -106.369455875628745, 23.225323987476635 ], [ -106.369455875628745, 23.229552596912225 ] ] ] } },
{ "type": "Feature", "properties": { "difference_1990_2000": 0.0, "difference_1990_2010": 25.0, "difference_1990_2020": 519.0 }, "geometry": { "type": "Polygon", "coordinates": [ [ [ -106.369455875628745, 23.238010213143937 ], [ -106.364883401920437, 23.238010213143937 ], [ -106.364883401920437, 23.233781338789544 ], [ -106.369455875628745, 23.233781338789548 ], [ -106.369455875628745, 23.238010213143937 ] ] ] } },
{ "type": "Feature", "properties": { "difference_1990_2000": 0.0, "difference_1990_2010": 0.0, "difference_1990_2020": 1074.0 }, "geometry": { "type": "Polygon", "coordinates": [ [ [ -106.369455875628745, 23.284536584654415 ], [ -106.364883401920437, 23.284536584654415 ], [ -106.364883401920437, 23.28030625071532 ], [ -106.369455875628745, 23.280306250715295 ], [ -106.369455875628745, 23.284536584654415 ] ] ] } },
{ "type": "Feature", "properties": { "difference_1990_2000": 276.0, "difference_1990_2010": 398.0, "difference_1990_2020": 480.0 }, "geometry": { "type": "Polygon", "coordinates": [ [ [ -106.369455875628745, 23.250697631423655 ], [ -106.364883401920437, 23.250697631423655 ], [ -106.364883401920437, 23.246468359425617 ], [ -106.369455875628745, 23.24646835942568 ], [ -106.369455875628745, 23.250697631423655 ] ] ] } },
{ "type": "Feature", "properties": { "difference_1990_2000": 208.0, "difference_1990_2010": 754.0, "difference_1990_2020": 1292.0 }, "geometry": { "type": "Polygon", "coordinates": [ [ [ -106.369455875628745, 23.246468359425599 ], [ -106.364883401920437, 23.246468359425617 ], [ -106.364883401920437, 23.24223922001087 ], [ -106.369455875628745, 23.242239220010855 ], [ -106.369455875628745, 23.246468359425599 ] ] ] } },
{ "type": "Feature", "properties": { "difference_1990_2000": 0.0, "difference_1990_2010": 790.0, "difference_1990_2020": 943.0 }, "geometry": { "type": "Polygon", "coordinates": [ [ [ -106.369455875628745, 23.242239220010855 ], [ -106.364883401920437, 23.24223922001087 ], [ -106.364883401920437, 23.238010213143937 ], [ -106.369455875628745, 23.238010213143937 ], [ -106.369455875628745, 23.242239220010855 ] ] ] } },
{ "type": "Feature", "properties": { "difference_1990_2000": 437.0, "difference_1990_2010": 678.0, "difference_1990_2020": 1047.0 }, "geometry": { "type": "Polygon", "coordinates": [ [ [ -106.369455875628745, 23.267616045956292 ], [ -106.364883401920437, 23.267616045956292 ], [ -106.364883401920437, 23.263386243271253 ], [ -106.369455875628745, 23.263386243271231 ], [ -106.369455875628745, 23.267616045956292 ] ] ] } },
{ "type": "Feature", "properties": { "difference_1990_2000": 13.0, "difference_1990_2010": 12.0, "difference_1990_2020": 290.0 }, "geometry": { "type": "Polygon", "coordinates": [ [ [ -106.369455875628745, 23.271845981401732 ], [ -106.364883401920437, 23.271845981401736 ], [ -106.364883401920437, 23.267616045956323 ], [ -106.369455875628745, 23.26761604595632 ], [ -106.369455875628745, 23.271845981401732 ] ] ] } },
{ "type": "Feature", "properties": { "difference_1990_2000": 12.0, "difference_1990_2010": 175.0, "difference_1990_2020": 1770.0 }, "geometry": { "type": "Polygon", "coordinates": [ [ [ -106.369455875628745, 23.225323987476635 ], [ -106.364883401920437, 23.225323987476607 ], [ -106.364883401920437, 23.221095510447405 ], [ -106.369455875628745, 23.221095510447398 ], [ -106.369455875628745, 23.225323987476635 ] ] ] } },
{ "type": "Feature", "properties": { "difference_1990_2000": 0.0, "difference_1990_2010": 0.0, "difference_1990_2020": 1607.0 }, "geometry": { "type": "Polygon", "coordinates": [ [ [ -106.369455875628745, 23.280306250715324 ], [ -106.364883401920437, 23.28030625071532 ], [ -106.364883401920437, 23.276076049642942 ], [ -106.369455875628745, 23.276076049642949 ], [ -106.369455875628745, 23.280306250715324 ] ] ] } },
{ "type": "Feature", "properties": { "difference_1990_2000": 166.0, "difference_1990_2010": 138.0, "difference_1990_2020": 234.0 }, "geometry": { "type": "Polygon", "coordinates": [ [ [ -106.369455875628745, 23.254927036040325 ], [ -106.364883401920437, 23.254927036040332 ], [ -106.364883401920437, 23.250697631423655 ], [ -106.369455875628745, 23.250697631423655 ], [ -106.369455875628745, 23.254927036040325 ] ] ] } },
{ "type": "Feature", "properties": { "difference_1990_2000": -16.0, "difference_1990_2010": -1.0, "difference_1990_2020": -11.0 }, "geometry": { "type": "Polygon", "coordinates": [ [ [ -106.369455875628745, 23.212638953466755 ], [ -106.364883401920437, 23.212638953466755 ], [ -106.364883401920437, 23.208410873444645 ], [ -106.369455875628745, 23.208410873444645 ], [ -106.369455875628745, 23.212638953466755 ] ] ] } },
{ "type": "Feature", "properties": { "difference_1990_2000": 0.0, "difference_1990_2010": 0.0, "difference_1990_2020": 2126.0 }, "geometry": { "type": "Polygon", "coordinates": [ [ [ -106.369455875628745, 23.276076049642949 ], [ -106.364883401920437, 23.276076049642942 ], [ -106.364883401920437, 23.271845981401736 ], [ -106.369455875628745, 23.271845981401732 ], [ -106.369455875628745, 23.276076049642949 ] ] ] } },
{ "type": "Feature", "properties": { "difference_1990_2000": 879.0, "difference_1990_2010": 1322.0, "difference_1990_2020": 1609.0 }, "geometry": { "type": "Polygon", "coordinates": [ [ [ -106.369455875628745, 23.263386243271231 ], [ -106.364883401920437, 23.263386243271253 ], [ -106.364883401920437, 23.259156573311031 ], [ -106.369455875628745, 23.259156573311028 ], [ -106.369455875628745, 23.263386243271231 ] ] ] } },
{ "type": "Feature", "properties": { "difference_1990_2000": 15.0, "difference_1990_2010": 49.0, "difference_1990_2020": 1795.0 }, "geometry": { "type": "Polygon", "coordinates": [ [ [ -106.369455875628745, 23.221095510447398 ], [ -106.364883401920437, 23.221095510447405 ], [ -106.364883401920437, 23.216867165789221 ], [ -106.369455875628745, 23.216867165789232 ], [ -106.369455875628745, 23.221095510447398 ] ] ] } }
]
}
