{
"type": "FeatureCollection",
"name": "M11.02",
"crs": { "type": "name", "properties": { "name": "urn:ogc:def:crs:OGC:1.3:CRS84" } },
"features": [
{ "type": "Feature", "properties": { "difference_1990_2000": 540.0, "difference_1990_2010": 544.0, "difference_1990_2020": 573.0 }, "geometry": { "type": "Polygon", "coordinates": [ [ [ -101.632373113854598, 21.093558786959015 ], [ -101.627800640146333, 21.093558786959019 ], [ -101.627800640146333, 21.089393177853989 ], [ -101.632373113854598, 21.089393177854003 ], [ -101.632373113854598, 21.093558786959015 ] ] ] } },
{ "type": "Feature", "properties": { "difference_1990_2000": 0.0, "difference_1990_2010": 694.0, "difference_1990_2020": 1297.0 }, "geometry": { "type": "Polygon", "coordinates": [ [ [ -101.632373113854598, 21.168559526099731 ], [ -101.627800640146333, 21.168559526099731 ], [ -101.627800640146333, 21.164391833781039 ], [ -101.632373113854598, 21.164391833781075 ], [ -101.632373113854598, 21.168559526099731 ] ] ] } },
{ "type": "Feature", "properties": { "difference_1990_2000": 0.0, "difference_1990_2010": 195.0, "difference_1990_2020": 439.0 }, "geometry": { "type": "Polygon", "coordinates": [ [ [ -101.632373113854598, 21.181063299385723 ], [ -101.627800640146333, 21.181063299385706 ], [ -101.627800640146333, 21.176895258870456 ], [ -101.632373113854598, 21.176895258870449 ], [ -101.632373113854598, 21.181063299385723 ] ] ] } },
{ "type": "Feature", "properties": { "difference_1990_2000": -95.0, "difference_1990_2010": 219.0, "difference_1990_2020": 1557.0 }, "geometry": { "type": "Polygon", "coordinates": [ [ [ -101.632373113854598, 21.172727334452347 ], [ -101.627800640146333, 21.172727334452354 ], [ -101.627800640146333, 21.168559526099731 ], [ -101.632373113854598, 21.168559526099731 ], [ -101.632373113854598, 21.172727334452347 ] ] ] } },
{ "type": "Feature", "properties": { "difference_1990_2000": 141.0, "difference_1990_2010": 147.0, "difference_1990_2020": 140.0 }, "geometry": { "type": "Polygon", "coordinates": [ [ [ -101.632373113854598, 21.118554867481297 ], [ -101.627800640146333, 21.118554867481269 ], [ -101.627800640146333, 21.114388565106719 ], [ -101.632373113854598, 21.114388565106719 ], [ -101.632373113854598, 21.118554867481297 ] ] ] } },
{ "type": "Feature", "properties": { "difference_1990_2000": 373.0, "difference_1990_2010": 1137.0, "difference_1990_2020": 2062.0 }, "geometry": { "type": "Polygon", "coordinates": [ [ [ -101.632373113854598, 21.160224257464701 ], [ -101.627800640146333, 21.160224257464701 ], [ -101.627800640146333, 21.156056797119067 ], [ -101.632373113854598, 21.156056797119067 ], [ -101.632373113854598, 21.160224257464701 ] ] ] } },
{ "type": "Feature", "properties": { "difference_1990_2000": 407.0, "difference_1990_2010": 411.0, "difference_1990_2020": 396.0 }, "geometry": { "type": "Polygon", "coordinates": [ [ [ -101.632373113854598, 21.097724511530267 ], [ -101.627800640146333, 21.097724511530267 ], [ -101.627800640146333, 21.093558786959019 ], [ -101.632373113854598, 21.093558786959015 ], [ -101.632373113854598, 21.097724511530267 ] ] ] } },
{ "type": "Feature", "properties": { "difference_1990_2000": 1.0, "difference_1990_2010": 263.0, "difference_1990_2020": 495.0 }, "geometry": { "type": "Polygon", "coordinates": [ [ [ -101.632373113854598, 21.135221233846348 ], [ -101.627800640146333, 21.135221233846348 ], [ -101.627800640146333, 21.131054468661929 ], [ -101.632373113854598, 21.131054468661929 ], [ -101.632373113854598, 21.135221233846348 ] ] ] } },
{ "type": "Feature", "properties": { "difference_1990_2000": 2.0, "difference_1990_2010": 0.0, "difference_1990_2020": -1.0 }, "geometry": { "type": "Polygon", "coordinates": [ [ [ -101.632373113854598, 21.106056307197186 ], [ -101.627800640146333, 21.106056307197182 ], [ -101.627800640146333, 21.101890351599181 ], [ -101.632373113854598, 21.101890351599188 ], [ -101.632373113854598, 21.106056307197186 ] ] ] } },
{ "type": "Feature", "properties": { "difference_1990_2000": 2416.0, "difference_1990_2010": 3145.0, "difference_1990_2020": 3366.0 }, "geometry": { "type": "Polygon", "coordinates": [ [ [ -101.632373113854598, 21.072731895466216 ], [ -101.627800640146333, 21.072731895466219 ], [ -101.627800640146333, 21.068566863220095 ], [ -101.632373113854598, 21.068566863220095 ], [ -101.632373113854598, 21.072731895466216 ] ] ] } },
{ "type": "Feature", "properties": { "difference_1990_2000": 634.0, "difference_1990_2010": 2733.0, "difference_1990_2020": 2775.0 }, "geometry": { "type": "Polygon", "coordinates": [ [ [ -101.632373113854598, 21.085227684183607 ], [ -101.627800640146333, 21.085227684183611 ], [ -101.627800640146333, 21.081062305916522 ], [ -101.632373113854598, 21.081062305916532 ], [ -101.632373113854598, 21.085227684183607 ] ] ] } },
{ "type": "Feature", "properties": { "difference_1990_2000": 808.0, "difference_1990_2010": 1166.0, "difference_1990_2020": 1196.0 }, "geometry": { "type": "Polygon", "coordinates": [ [ [ -101.632373113854598, 21.089393177854003 ], [ -101.627800640146333, 21.089393177853989 ], [ -101.627800640146333, 21.085227684183611 ], [ -101.632373113854598, 21.085227684183607 ], [ -101.632373113854598, 21.089393177854003 ] ] ] } },
{ "type": "Feature", "properties": { "difference_1990_2000": 0.0, "difference_1990_2010": 520.0, "difference_1990_2020": 804.0 }, "geometry": { "type": "Polygon", "coordinates": [ [ [ -101.632373113854598, 21.060237144528703 ], [ -101.627800640146333, 21.060237144528681 ], [ -101.627800640146333, 21.056072458020569 ], [ -101.632373113854598, 21.056072458020569 ], [ -101.632373113854598, 21.060237144528703 ] ] ] } },
{ "type": "Feature", "properties": { "difference_1990_2000": 84.0, "difference_1990_2010": -43.0, "difference_1990_2020": -108.0 }, "geometry": { "type": "Polygon", "coordinates": [ [ [ -101.632373113854598, 21.110222378355893 ], [ -101.627800640146333, 21.110222378355896 ], [ -101.627800640146333, 21.106056307197182 ], [ -101.632373113854598, 21.106056307197186 ], [ -101.632373113854598, 21.110222378355893 ] ] ] } },
{ "type": "Feature", "properties": { "difference_1990_2000": 2021.0, "difference_1990_2010": 3522.0, "difference_1990_2020": 3783.0 }, "geometry": { "type": "Polygon", "coordinates": [ [ [ -101.632373113854598, 21.07689704302123 ], [ -101.627800640146333, 21.076897043021233 ], [ -101.627800640146333, 21.072731895466219 ], [ -101.632373113854598, 21.072731895466216 ], [ -101.632373113854598, 21.07689704302123 ] ] ] } },
{ "type": "Feature", "properties": { "difference_1990_2000": 151.0, "difference_1990_2010": -200.0, "difference_1990_2020": -298.0 }, "geometry": { "type": "Polygon", "coordinates": [ [ [ -101.632373113854598, 21.114388565106719 ], [ -101.627800640146333, 21.114388565106719 ], [ -101.627800640146333, 21.110222378355896 ], [ -101.632373113854598, 21.110222378355893 ], [ -101.632373113854598, 21.114388565106719 ] ] ] } },
{ "type": "Feature", "properties": { "difference_1990_2000": 100.0, "difference_1990_2010": 95.0, "difference_1990_2020": 87.0 }, "geometry": { "type": "Polygon", "coordinates": [ [ [ -101.632373113854598, 21.101890351599188 ], [ -101.627800640146333, 21.101890351599181 ], [ -101.627800640146333, 21.097724511530267 ], [ -101.632373113854598, 21.097724511530267 ], [ -101.632373113854598, 21.101890351599188 ] ] ] } },
{ "type": "Feature", "properties": { "difference_1990_2000": 324.0, "difference_1990_2010": 1019.0, "difference_1990_2020": 1886.0 }, "geometry": { "type": "Polygon", "coordinates": [ [ [ -101.632373113854598, 21.176895258870449 ], [ -101.627800640146333, 21.176895258870456 ], [ -101.627800640146333, 21.172727334452354 ], [ -101.632373113854598, 21.172727334452347 ], [ -101.632373113854598, 21.176895258870449 ] ] ] } },
{ "type": "Feature", "properties": { "difference_1990_2000": 272.0, "difference_1990_2010": 480.0, "difference_1990_2020": 733.0 }, "geometry": { "type": "Polygon", "coordinates": [ [ [ -101.632373113854598, 21.143555111590587 ], [ -101.627800640146333, 21.143555111590587 ], [ -101.627800640146333, 21.139388114812029 ], [ -101.632373113854598, 21.139388114812025 ], [ -101.632373113854598, 21.143555111590587 ] ] ] } },
{ "type": "Feature", "properties": { "difference_1990_2000": 1045.0, "difference_1990_2010": 3855.0, "difference_1990_2020": 4113.0 }, "geometry": { "type": "Polygon", "coordinates": [ [ [ -101.632373113854598, 21.081062305916532 ], [ -101.627800640146333, 21.081062305916522 ], [ -101.627800640146333, 21.076897043021233 ], [ -101.632373113854598, 21.07689704302123 ], [ -101.632373113854598, 21.081062305916532 ] ] ] } },
{ "type": "Feature", "properties": { "difference_1990_2000": 11.0, "difference_1990_2010": 267.0, "difference_1990_2020": 500.0 }, "geometry": { "type": "Polygon", "coordinates": [ [ [ -101.632373113854598, 21.139388114812025 ], [ -101.627800640146333, 21.139388114812029 ], [ -101.627800640146333, 21.135221233846348 ], [ -101.632373113854598, 21.135221233846348 ], [ -101.632373113854598, 21.139388114812025 ] ] ] } },
{ "type": "Feature", "properties": { "difference_1990_2000": 92.0, "difference_1990_2010": 106.0, "difference_1990_2020": 130.0 }, "geometry": { "type": "Polygon", "coordinates": [ [ [ -101.632373113854598, 21.126887819227342 ], [ -101.627800640146333, 21.12688781922736 ], [ -101.627800640146333, 21.122721285510934 ], [ -101.632373113854598, 21.122721285510934 ], [ -101.632373113854598, 21.126887819227342 ] ] ] } },
{ "type": "Feature", "properties": { "difference_1990_2000": 2192.0, "difference_1990_2010": 2955.0, "difference_1990_2020": 3258.0 }, "geometry": { "type": "Polygon", "coordinates": [ [ [ -101.632373113854598, 21.068566863220095 ], [ -101.627800640146333, 21.068566863220095 ], [ -101.627800640146333, 21.06440194625139 ], [ -101.632373113854598, 21.064401946251376 ], [ -101.632373113854598, 21.068566863220095 ] ] ] } },
{ "type": "Feature", "properties": { "difference_1990_2000": -6.0, "difference_1990_2010": 928.0, "difference_1990_2020": 1718.0 }, "geometry": { "type": "Polygon", "coordinates": [ [ [ -101.632373113854598, 21.164391833781075 ], [ -101.627800640146333, 21.164391833781039 ], [ -101.627800640146333, 21.160224257464737 ], [ -101.632373113854598, 21.16022425746473 ], [ -101.632373113854598, 21.164391833781075 ] ] ] } },
{ "type": "Feature", "properties": { "difference_1990_2000": 1040.0, "difference_1990_2010": 1488.0, "difference_1990_2020": 1491.0 }, "geometry": { "type": "Polygon", "coordinates": [ [ [ -101.632373113854598, 21.147722224213577 ], [ -101.627800640146333, 21.147722224213535 ], [ -101.627800640146333, 21.143555111590587 ], [ -101.632373113854598, 21.143555111590587 ], [ -101.632373113854598, 21.147722224213577 ] ] ] } },
{ "type": "Feature", "properties": { "difference_1990_2000": 585.0, "difference_1990_2010": 766.0, "difference_1990_2020": 841.0 }, "geometry": { "type": "Polygon", "coordinates": [ [ [ -101.632373113854598, 21.064401946251376 ], [ -101.627800640146333, 21.06440194625139 ], [ -101.627800640146333, 21.060237144528681 ], [ -101.632373113854598, 21.060237144528703 ], [ -101.632373113854598, 21.064401946251376 ] ] ] } },
{ "type": "Feature", "properties": { "difference_1990_2000": 19.0, "difference_1990_2010": 230.0, "difference_1990_2020": 414.0 }, "geometry": { "type": "Polygon", "coordinates": [ [ [ -101.632373113854598, 21.131054468661929 ], [ -101.627800640146333, 21.131054468661929 ], [ -101.627800640146333, 21.12688781922736 ], [ -101.632373113854598, 21.126887819227342 ], [ -101.632373113854598, 21.131054468661929 ] ] ] } },
{ "type": "Feature", "properties": { "difference_1990_2000": 112.0, "difference_1990_2010": 243.0, "difference_1990_2020": 261.0 }, "geometry": { "type": "Polygon", "coordinates": [ [ [ -101.632373113854598, 21.122721285510934 ], [ -101.627800640146333, 21.122721285510934 ], [ -101.627800640146333, 21.118554867481269 ], [ -101.632373113854598, 21.118554867481297 ], [ -101.632373113854598, 21.122721285510934 ] ] ] } },
{ "type": "Feature", "properties": { "difference_1990_2000": 409.0, "difference_1990_2010": 1992.0, "difference_1990_2020": 2477.0 }, "geometry": { "type": "Polygon", "coordinates": [ [ [ -101.632373113854598, 21.156056797119067 ], [ -101.627800640146333, 21.156056797119067 ], [ -101.627800640146333, 21.151889452712478 ], [ -101.632373113854598, 21.151889452712531 ], [ -101.632373113854598, 21.156056797119067 ] ] ] } },
{ "type": "Feature", "properties": { "difference_1990_2000": 952.0, "difference_1990_2010": 2576.0, "difference_1990_2020": 2984.0 }, "geometry": { "type": "Polygon", "coordinates": [ [ [ -101.632373113854598, 21.151889452712531 ], [ -101.627800640146333, 21.151889452712478 ], [ -101.627800640146333, 21.147722224213535 ], [ -101.632373113854598, 21.147722224213577 ], [ -101.632373113854598, 21.151889452712531 ] ] ] } },
{ "type": "Feature", "properties": { "difference_1990_2000": 464.0, "difference_1990_2010": 577.0, "difference_1990_2020": 689.0 }, "geometry": { "type": "Polygon", "coordinates": [ [ [ -101.623228166438082, 21.093558786959015 ], [ -101.618655692729774, 21.093558786959012 ], [ -101.618655692729774, 21.089393177853982 ], [ -101.623228166438082, 21.089393177853946 ], [ -101.623228166438082, 21.093558786959015 ] ] ] } },
{ "type": "Feature", "properties": { "difference_1990_2000": 251.0, "difference_1990_2010": 276.0, "difference_1990_2020": 448.0 }, "geometry": { "type": "Polygon", "coordinates": [ [ [ -101.623228166438082, 21.118554867481265 ], [ -101.618655692729774, 21.118554867481265 ], [ -101.618655692729774, 21.114388565106719 ], [ -101.623228166438082, 21.114388565106719 ], [ -101.623228166438082, 21.118554867481265 ] ] ] } },
{ "type": "Feature", "properties": { "difference_1990_2000": 3.0, "difference_1990_2010": 380.0, "difference_1990_2020": 646.0 }, "geometry": { "type": "Polygon", "coordinates": [ [ [ -101.623228166438082, 21.160224257464698 ], [ -101.618655692729774, 21.160224257464737 ], [ -101.618655692729774, 21.156056797119035 ], [ -101.623228166438082, 21.156056797119064 ], [ -101.623228166438082, 21.160224257464698 ] ] ] } },
{ "type": "Feature", "properties": { "difference_1990_2000": 331.0, "difference_1990_2010": 497.0, "difference_1990_2020": 677.0 }, "geometry": { "type": "Polygon", "coordinates": [ [ [ -101.623228166438082, 21.097724511530267 ], [ -101.618655692729774, 21.097724511530263 ], [ -101.618655692729774, 21.093558786959012 ], [ -101.623228166438082, 21.093558786959015 ], [ -101.623228166438082, 21.097724511530267 ] ] ] } },
{ "type": "Feature", "properties": { "difference_1990_2000": 800.0, "difference_1990_2010": 907.0, "difference_1990_2020": 907.0 }, "geometry": { "type": "Polygon", "coordinates": [ [ [ -101.623228166438082, 21.089393177853946 ], [ -101.618655692729774, 21.089393177853982 ], [ -101.618655692729774, 21.085227684183597 ], [ -101.623228166438082, 21.085227684183611 ], [ -101.623228166438082, 21.089393177853946 ] ] ] } },
{ "type": "Feature", "properties": { "difference_1990_2000": 0.0, "difference_1990_2010": 13.0, "difference_1990_2020": 105.0 }, "geometry": { "type": "Polygon", "coordinates": [ [ [ -101.623228166438082, 21.135221233846352 ], [ -101.618655692729774, 21.135221233846352 ], [ -101.618655692729774, 21.131054468661937 ], [ -101.623228166438082, 21.131054468661926 ], [ -101.623228166438082, 21.135221233846352 ] ] ] } },
{ "type": "Feature", "properties": { "difference_1990_2000": 398.0, "difference_1990_2010": 966.0, "difference_1990_2020": 1142.0 }, "geometry": { "type": "Polygon", "coordinates": [ [ [ -101.623228166438082, 21.072731895466219 ], [ -101.618655692729774, 21.072731895466219 ], [ -101.618655692729774, 21.068566863220092 ], [ -101.623228166438082, 21.068566863220092 ], [ -101.623228166438082, 21.072731895466219 ] ] ] } },
{ "type": "Feature", "properties": { "difference_1990_2000": 867.0, "difference_1990_2010": 1661.0, "difference_1990_2020": 1862.0 }, "geometry": { "type": "Polygon", "coordinates": [ [ [ -101.623228166438082, 21.085227684183611 ], [ -101.618655692729774, 21.085227684183597 ], [ -101.618655692729774, 21.081062305916539 ], [ -101.623228166438082, 21.081062305916539 ], [ -101.623228166438082, 21.085227684183611 ] ] ] } },
{ "type": "Feature", "properties": { "difference_1990_2000": 731.0, "difference_1990_2010": 974.0, "difference_1990_2020": 1207.0 }, "geometry": { "type": "Polygon", "coordinates": [ [ [ -101.623228166438082, 21.060237144528678 ], [ -101.618655692729774, 21.060237144528681 ], [ -101.618655692729774, 21.056072458020569 ], [ -101.623228166438082, 21.056072458020569 ], [ -101.623228166438082, 21.060237144528678 ] ] ] } },
{ "type": "Feature", "properties": { "difference_1990_2000": 214.0, "difference_1990_2010": 325.0, "difference_1990_2020": 455.0 }, "geometry": { "type": "Polygon", "coordinates": [ [ [ -101.623228166438082, 21.106056307197225 ], [ -101.618655692729774, 21.106056307197186 ], [ -101.618655692729774, 21.101890351599184 ], [ -101.623228166438082, 21.101890351599184 ], [ -101.623228166438082, 21.106056307197225 ] ] ] } },
{ "type": "Feature", "properties": { "difference_1990_2000": 32.0, "difference_1990_2010": 57.0, "difference_1990_2020": 105.0 }, "geometry": { "type": "Polygon", "coordinates": [ [ [ -101.623228166438082, 21.110222378355893 ], [ -101.618655692729774, 21.110222378355896 ], [ -101.618655692729774, 21.106056307197186 ], [ -101.623228166438082, 21.106056307197225 ], [ -101.623228166438082, 21.110222378355893 ] ] ] } },
{ "type": "Feature", "properties": { "difference_1990_2000": 320.0, "difference_1990_2010": 3725.0, "difference_1990_2020": 3973.0 }, "geometry": { "type": "Polygon", "coordinates": [ [ [ -101.623228166438082, 21.076897043021233 ], [ -101.618655692729774, 21.076897043021226 ], [ -101.618655692729774, 21.072731895466219 ], [ -101.623228166438082, 21.072731895466219 ], [ -101.623228166438082, 21.076897043021233 ] ] ] } },
{ "type": "Feature", "properties": { "difference_1990_2000": 206.0, "difference_1990_2010": 228.0, "difference_1990_2020": 361.0 }, "geometry": { "type": "Polygon", "coordinates": [ [ [ -101.623228166438082, 21.114388565106719 ], [ -101.618655692729774, 21.114388565106719 ], [ -101.618655692729774, 21.110222378355896 ], [ -101.623228166438082, 21.110222378355893 ], [ -101.623228166438082, 21.114388565106719 ] ] ] } },
{ "type": "Feature", "properties": { "difference_1990_2000": 328.0, "difference_1990_2010": 495.0, "difference_1990_2020": 676.0 }, "geometry": { "type": "Polygon", "coordinates": [ [ [ -101.623228166438082, 21.101890351599184 ], [ -101.618655692729774, 21.101890351599184 ], [ -101.618655692729774, 21.097724511530263 ], [ -101.623228166438082, 21.097724511530267 ], [ -101.623228166438082, 21.101890351599184 ] ] ] } },
{ "type": "Feature", "properties": { "difference_1990_2000": 44.0, "difference_1990_2010": 89.0, "difference_1990_2020": 468.0 }, "geometry": { "type": "Polygon", "coordinates": [ [ [ -101.623228166438082, 21.143555111590548 ], [ -101.618655692729774, 21.143555111590587 ], [ -101.618655692729774, 21.139388114812025 ], [ -101.623228166438082, 21.139388114812022 ], [ -101.623228166438082, 21.143555111590548 ] ] ] } },
{ "type": "Feature", "properties": { "difference_1990_2000": 356.0, "difference_1990_2010": 3646.0, "difference_1990_2020": 3912.0 }, "geometry": { "type": "Polygon", "coordinates": [ [ [ -101.623228166438082, 21.081062305916539 ], [ -101.618655692729774, 21.081062305916539 ], [ -101.618655692729774, 21.076897043021226 ], [ -101.623228166438082, 21.076897043021233 ], [ -101.623228166438082, 21.081062305916539 ] ] ] } },
{ "type": "Feature", "properties": { "difference_1990_2000": 0.0, "difference_1990_2010": 0.0, "difference_1990_2020": 73.0 }, "geometry": { "type": "Polygon", "coordinates": [ [ [ -101.623228166438082, 21.139388114812022 ], [ -101.618655692729774, 21.139388114812025 ], [ -101.618655692729774, 21.135221233846352 ], [ -101.623228166438082, 21.135221233846352 ], [ -101.623228166438082, 21.139388114812022 ] ] ] } },
{ "type": "Feature", "properties": { "difference_1990_2000": 1.0, "difference_1990_2010": 218.0, "difference_1990_2020": 483.0 }, "geometry": { "type": "Polygon", "coordinates": [ [ [ -101.623228166438082, 21.126887819227338 ], [ -101.618655692729774, 21.12688781922736 ], [ -101.618655692729774, 21.122721285510931 ], [ -101.623228166438082, 21.122721285510952 ], [ -101.623228166438082, 21.126887819227338 ] ] ] } },
{ "type": "Feature", "properties": { "difference_1990_2000": -120.0, "difference_1990_2010": 90.0, "difference_1990_2020": 204.0 }, "geometry": { "type": "Polygon", "coordinates": [ [ [ -101.623228166438082, 21.068566863220092 ], [ -101.618655692729774, 21.068566863220092 ], [ -101.618655692729774, 21.06440194625139 ], [ -101.623228166438082, 21.06440194625139 ], [ -101.623228166438082, 21.068566863220092 ] ] ] } },
{ "type": "Feature", "properties": { "difference_1990_2000": 0.0, "difference_1990_2010": 22.0, "difference_1990_2020": 69.0 }, "geometry": { "type": "Polygon", "coordinates": [ [ [ -101.623228166438082, 21.164391833781075 ], [ -101.618655692729774, 21.164391833781096 ], [ -101.618655692729774, 21.160224257464748 ], [ -101.623228166438082, 21.16022425746473 ], [ -101.623228166438082, 21.164391833781075 ] ] ] } },
{ "type": "Feature", "properties": { "difference_1990_2000": 916.0, "difference_1990_2010": 2085.0, "difference_1990_2020": 2512.0 }, "geometry": { "type": "Polygon", "coordinates": [ [ [ -101.623228166438082, 21.147722224213577 ], [ -101.618655692729774, 21.147722224213577 ], [ -101.618655692729774, 21.143555111590587 ], [ -101.623228166438082, 21.143555111590548 ], [ -101.623228166438082, 21.147722224213577 ] ] ] } },
{ "type": "Feature", "properties": { "difference_1990_2000": 1.0, "difference_1990_2010": 203.0, "difference_1990_2020": 450.0 }, "geometry": { "type": "Polygon", "coordinates": [ [ [ -101.623228166438082, 21.131054468661926 ], [ -101.618655692729774, 21.131054468661937 ], [ -101.618655692729774, 21.12688781922736 ], [ -101.623228166438082, 21.126887819227338 ], [ -101.623228166438082, 21.131054468661926 ] ] ] } },
{ "type": "Feature", "properties": { "difference_1990_2000": 823.0, "difference_1990_2010": 1132.0, "difference_1990_2020": 1510.0 }, "geometry": { "type": "Polygon", "coordinates": [ [ [ -101.623228166438082, 21.06440194625139 ], [ -101.618655692729774, 21.06440194625139 ], [ -101.618655692729774, 21.060237144528681 ], [ -101.623228166438082, 21.060237144528678 ], [ -101.623228166438082, 21.06440194625139 ] ] ] } },
{ "type": "Feature", "properties": { "difference_1990_2000": 1153.0, "difference_1990_2010": 1937.0, "difference_1990_2020": 2517.0 }, "geometry": { "type": "Polygon", "coordinates": [ [ [ -101.623228166438082, 21.156056797119064 ], [ -101.618655692729774, 21.156056797119035 ], [ -101.618655692729774, 21.151889452712499 ], [ -101.623228166438082, 21.151889452712499 ], [ -101.623228166438082, 21.156056797119064 ] ] ] } },
{ "type": "Feature", "properties": { "difference_1990_2000": 1.0, "difference_1990_2010": 170.0, "difference_1990_2020": 385.0 }, "geometry": { "type": "Polygon", "coordinates": [ [ [ -101.623228166438082, 21.122721285510952 ], [ -101.618655692729774, 21.122721285510931 ], [ -101.618655692729774, 21.118554867481265 ], [ -101.623228166438082, 21.118554867481265 ], [ -101.623228166438082, 21.122721285510952 ] ] ] } },
{ "type": "Feature", "properties": { "difference_1990_2000": 1193.0, "difference_1990_2010": 2794.0, "difference_1990_2020": 3406.0 }, "geometry": { "type": "Polygon", "coordinates": [ [ [ -101.623228166438082, 21.151889452712499 ], [ -101.618655692729774, 21.151889452712499 ], [ -101.618655692729774, 21.147722224213577 ], [ -101.623228166438082, 21.147722224213577 ], [ -101.623228166438082, 21.151889452712499 ] ] ] } },
{ "type": "Feature", "properties": { "difference_1990_2000": 294.0, "difference_1990_2010": 649.0, "difference_1990_2020": 884.0 }, "geometry": { "type": "Polygon", "coordinates": [ [ [ -101.614083219021495, 21.093558786959019 ], [ -101.609510745313216, 21.093558786959015 ], [ -101.609510745313216, 21.089393177853985 ], [ -101.614083219021495, 21.089393177853989 ], [ -101.614083219021495, 21.093558786959019 ] ] ] } },
{ "type": "Feature", "properties": { "difference_1990_2000": 176.0, "difference_1990_2010": 200.0, "difference_1990_2020": 250.0 }, "geometry": { "type": "Polygon", "coordinates": [ [ [ -101.614083219021495, 21.118554867481297 ], [ -101.609510745313216, 21.118554867481265 ], [ -101.609510745313216, 21.114388565106719 ], [ -101.614083219021495, 21.114388565106722 ], [ -101.614083219021495, 21.118554867481297 ] ] ] } },
{ "type": "Feature", "properties": { "difference_1990_2000": 102.0, "difference_1990_2010": 1489.0, "difference_1990_2020": 2056.0 }, "geometry": { "type": "Polygon", "coordinates": [ [ [ -101.614083219021495, 21.097724511530267 ], [ -101.609510745313216, 21.09772451153027 ], [ -101.609510745313216, 21.093558786959015 ], [ -101.614083219021495, 21.093558786959019 ], [ -101.614083219021495, 21.097724511530267 ] ] ] } },
{ "type": "Feature", "properties": { "difference_1990_2000": 0.0, "difference_1990_2010": 0.0, "difference_1990_2020": 1100.0 }, "geometry": { "type": "Polygon", "coordinates": [ [ [ -101.614083219021495, 21.135221233846352 ], [ -101.609510745313216, 21.135221233846348 ], [ -101.609510745313216, 21.131054468661922 ], [ -101.614083219021495, 21.131054468661937 ], [ -101.614083219021495, 21.135221233846352 ] ] ] } },
{ "type": "Feature", "properties": { "difference_1990_2000": 422.0, "difference_1990_2010": 890.0, "difference_1990_2020": 1426.0 }, "geometry": { "type": "Polygon", "coordinates": [ [ [ -101.614083219021495, 21.072731895466191 ], [ -101.609510745313216, 21.072731895466223 ], [ -101.609510745313216, 21.068566863220099 ], [ -101.614083219021495, 21.068566863220095 ], [ -101.614083219021495, 21.072731895466191 ] ] ] } },
{ "type": "Feature", "properties": { "difference_1990_2000": 1495.0, "difference_1990_2010": 3065.0, "difference_1990_2020": 3211.0 }, "geometry": { "type": "Polygon", "coordinates": [ [ [ -101.614083219021495, 21.106056307197182 ], [ -101.609510745313216, 21.106056307197225 ], [ -101.609510745313216, 21.101890351599181 ], [ -101.614083219021495, 21.101890351599181 ], [ -101.614083219021495, 21.106056307197182 ] ] ] } },
{ "type": "Feature", "properties": { "difference_1990_2000": 600.0, "difference_1990_2010": 935.0, "difference_1990_2020": 1069.0 }, "geometry": { "type": "Polygon", "coordinates": [ [ [ -101.614083219021495, 21.085227684183611 ], [ -101.609510745313216, 21.085227684183611 ], [ -101.609510745313216, 21.081062305916539 ], [ -101.614083219021495, 21.081062305916568 ], [ -101.614083219021495, 21.085227684183611 ] ] ] } },
{ "type": "Feature", "properties": { "difference_1990_2000": 334.0, "difference_1990_2010": 461.0, "difference_1990_2020": 571.0 }, "geometry": { "type": "Polygon", "coordinates": [ [ [ -101.614083219021495, 21.089393177853989 ], [ -101.609510745313216, 21.089393177853985 ], [ -101.609510745313216, 21.085227684183611 ], [ -101.614083219021495, 21.085227684183611 ], [ -101.614083219021495, 21.089393177853989 ] ] ] } },
{ "type": "Feature", "properties": { "difference_1990_2000": 174.0, "difference_1990_2010": 1157.0, "difference_1990_2020": 1393.0 }, "geometry": { "type": "Polygon", "coordinates": [ [ [ -101.614083219021495, 21.060237144528678 ], [ -101.609510745313216, 21.060237144528653 ], [ -101.609510745313216, 21.056072458020573 ], [ -101.614083219021495, 21.056072458020587 ], [ -101.614083219021495, 21.060237144528678 ] ] ] } },
{ "type": "Feature", "properties": { "difference_1990_2000": 32.0, "difference_1990_2010": 57.0, "difference_1990_2020": 105.0 }, "geometry": { "type": "Polygon", "coordinates": [ [ [ -101.614083219021495, 21.110222378355864 ], [ -101.609510745313216, 21.110222378355893 ], [ -101.609510745313216, 21.106056307197225 ], [ -101.614083219021495, 21.106056307197182 ], [ -101.614083219021495, 21.110222378355864 ] ] ] } },
{ "type": "Feature", "properties": { "difference_1990_2000": 768.0, "difference_1990_2010": 1353.0, "difference_1990_2020": 1639.0 }, "geometry": { "type": "Polygon", "coordinates": [ [ [ -101.614083219021495, 21.07689704302123 ], [ -101.609510745313216, 21.07689704302123 ], [ -101.609510745313216, 21.072731895466223 ], [ -101.614083219021495, 21.072731895466191 ], [ -101.614083219021495, 21.07689704302123 ] ] ] } },
{ "type": "Feature", "properties": { "difference_1990_2000": 166.0, "difference_1990_2010": 194.0, "difference_1990_2020": 240.0 }, "geometry": { "type": "Polygon", "coordinates": [ [ [ -101.614083219021495, 21.114388565106722 ], [ -101.609510745313216, 21.114388565106719 ], [ -101.609510745313216, 21.110222378355893 ], [ -101.614083219021495, 21.110222378355864 ], [ -101.614083219021495, 21.114388565106722 ] ] ] } },
{ "type": "Feature", "properties": { "difference_1990_2000": 507.0, "difference_1990_2010": 2311.0, "difference_1990_2020": 2892.0 }, "geometry": { "type": "Polygon", "coordinates": [ [ [ -101.614083219021495, 21.101890351599181 ], [ -101.609510745313216, 21.101890351599181 ], [ -101.609510745313216, 21.09772451153027 ], [ -101.614083219021495, 21.097724511530267 ], [ -101.614083219021495, 21.101890351599181 ] ] ] } },
{ "type": "Feature", "properties": { "difference_1990_2000": 0.0, "difference_1990_2010": 0.0, "difference_1990_2020": 61.0 }, "geometry": { "type": "Polygon", "coordinates": [ [ [ -101.614083219021495, 21.143555111590587 ], [ -101.609510745313216, 21.143555111590551 ], [ -101.609510745313216, 21.139388114812029 ], [ -101.614083219021495, 21.139388114812025 ], [ -101.614083219021495, 21.143555111590587 ] ] ] } },
{ "type": "Feature", "properties": { "difference_1990_2000": 0.0, "difference_1990_2010": 0.0, "difference_1990_2020": 485.0 }, "geometry": { "type": "Polygon", "coordinates": [ [ [ -101.614083219021495, 21.139388114812025 ], [ -101.609510745313216, 21.139388114812029 ], [ -101.609510745313216, 21.135221233846348 ], [ -101.614083219021495, 21.135221233846352 ], [ -101.614083219021495, 21.139388114812025 ] ] ] } },
{ "type": "Feature", "properties": { "difference_1990_2000": 0.0, "difference_1990_2010": 48.0, "difference_1990_2020": 707.0 }, "geometry": { "type": "Polygon", "coordinates": [ [ [ -101.614083219021495, 21.126887819227338 ], [ -101.609510745313216, 21.126887819227345 ], [ -101.609510745313216, 21.122721285510934 ], [ -101.614083219021495, 21.122721285510934 ], [ -101.614083219021495, 21.126887819227338 ] ] ] } },
{ "type": "Feature", "properties": { "difference_1990_2000": 796.0, "difference_1990_2010": 1385.0, "difference_1990_2020": 1657.0 }, "geometry": { "type": "Polygon", "coordinates": [ [ [ -101.614083219021495, 21.081062305916568 ], [ -101.609510745313216, 21.081062305916539 ], [ -101.609510745313216, 21.07689704302123 ], [ -101.614083219021495, 21.07689704302123 ], [ -101.614083219021495, 21.081062305916568 ] ] ] } },
{ "type": "Feature", "properties": { "difference_1990_2000": 5.0, "difference_1990_2010": 413.0, "difference_1990_2020": 1460.0 }, "geometry": { "type": "Polygon", "coordinates": [ [ [ -101.614083219021495, 21.068566863220095 ], [ -101.609510745313216, 21.068566863220099 ], [ -101.609510745313216, 21.064401946251373 ], [ -101.614083219021495, 21.064401946251373 ], [ -101.614083219021495, 21.068566863220095 ] ] ] } },
{ "type": "Feature", "properties": { "difference_1990_2000": 609.0, "difference_1990_2010": 1073.0, "difference_1990_2020": 1223.0 }, "geometry": { "type": "Polygon", "coordinates": [ [ [ -101.614083219021495, 21.147722224213574 ], [ -101.609510745313216, 21.147722224213577 ], [ -101.609510745313216, 21.143555111590551 ], [ -101.614083219021495, 21.143555111590587 ], [ -101.614083219021495, 21.147722224213574 ] ] ] } },
{ "type": "Feature", "properties": { "difference_1990_2000": 12.0, "difference_1990_2010": 985.0, "difference_1990_2020": 2141.0 }, "geometry": { "type": "Polygon", "coordinates": [ [ [ -101.614083219021495, 21.064401946251373 ], [ -101.609510745313216, 21.064401946251373 ], [ -101.609510745313216, 21.060237144528653 ], [ -101.614083219021495, 21.060237144528678 ], [ -101.614083219021495, 21.064401946251373 ] ] ] } },
{ "type": "Feature", "properties": { "difference_1990_2000": 0.0, "difference_1990_2010": 34.0, "difference_1990_2020": 1303.0 }, "geometry": { "type": "Polygon", "coordinates": [ [ [ -101.614083219021495, 21.131054468661937 ], [ -101.609510745313216, 21.131054468661922 ], [ -101.609510745313216, 21.126887819227345 ], [ -101.614083219021495, 21.126887819227338 ], [ -101.614083219021495, 21.131054468661937 ] ] ] } },
{ "type": "Feature", "properties": { "difference_1990_2000": 0.0, "difference_1990_2010": 55.0, "difference_1990_2020": 81.0 }, "geometry": { "type": "Polygon", "coordinates": [ [ [ -101.614083219021495, 21.156056797119032 ], [ -101.609510745313216, 21.156056797119071 ], [ -101.609510745313216, 21.151889452712499 ], [ -101.614083219021495, 21.151889452712481 ], [ -101.614083219021495, 21.156056797119032 ] ] ] } },
{ "type": "Feature", "properties": { "difference_1990_2000": 12.0, "difference_1990_2010": 15.0, "difference_1990_2020": 85.0 }, "geometry": { "type": "Polygon", "coordinates": [ [ [ -101.614083219021495, 21.122721285510934 ], [ -101.609510745313216, 21.122721285510934 ], [ -101.609510745313216, 21.118554867481265 ], [ -101.614083219021495, 21.118554867481297 ], [ -101.614083219021495, 21.122721285510934 ] ] ] } },
{ "type": "Feature", "properties": { "difference_1990_2000": 232.0, "difference_1990_2010": 563.0, "difference_1990_2020": 1159.0 }, "geometry": { "type": "Polygon", "coordinates": [ [ [ -101.614083219021495, 21.151889452712481 ], [ -101.609510745313216, 21.151889452712499 ], [ -101.609510745313216, 21.147722224213577 ], [ -101.614083219021495, 21.147722224213574 ], [ -101.614083219021495, 21.151889452712481 ] ] ] } },
{ "type": "Feature", "properties": { "difference_1990_2000": 335.0, "difference_1990_2010": 417.0, "difference_1990_2020": 459.0 }, "geometry": { "type": "Polygon", "coordinates": [ [ [ -101.604938271604937, 21.093558786959015 ], [ -101.600365797896686, 21.093558786959015 ], [ -101.600365797896686, 21.089393177853946 ], [ -101.604938271604937, 21.089393177853978 ], [ -101.604938271604937, 21.093558786959015 ] ] ] } },
{ "type": "Feature", "properties": { "difference_1990_2000": 559.0, "difference_1990_2010": 1454.0, "difference_1990_2020": 1919.0 }, "geometry": { "type": "Polygon", "coordinates": [ [ [ -101.604938271604937, 21.118554867481262 ], [ -101.600365797896686, 21.118554867481262 ], [ -101.600365797896686, 21.114388565106719 ], [ -101.604938271604937, 21.114388565106722 ], [ -101.604938271604937, 21.118554867481262 ] ] ] } },
{ "type": "Feature", "properties": { "difference_1990_2000": 891.0, "difference_1990_2010": 1498.0, "difference_1990_2020": 1602.0 }, "geometry": { "type": "Polygon", "coordinates": [ [ [ -101.604938271604937, 21.09772451153027 ], [ -101.600365797896686, 21.097724511530267 ], [ -101.600365797896686, 21.093558786959015 ], [ -101.604938271604937, 21.093558786959015 ], [ -101.604938271604937, 21.09772451153027 ] ] ] } },
{ "type": "Feature", "properties": { "difference_1990_2000": 0.0, "difference_1990_2010": 0.0, "difference_1990_2020": 870.0 }, "geometry": { "type": "Polygon", "coordinates": [ [ [ -101.604938271604937, 21.135221233846352 ], [ -101.600365797896686, 21.135221233846352 ], [ -101.600365797896686, 21.131054468661933 ], [ -101.604938271604937, 21.131054468661933 ], [ -101.604938271604937, 21.135221233846352 ] ] ] } },
{ "type": "Feature", "properties": { "difference_1990_2000": 307.0, "difference_1990_2010": 2398.0, "difference_1990_2020": 3061.0 }, "geometry": { "type": "Polygon", "coordinates": [ [ [ -101.604938271604937, 21.106056307197182 ], [ -101.600365797896686, 21.106056307197189 ], [ -101.600365797896686, 21.101890351599184 ], [ -101.604938271604937, 21.101890351599181 ], [ -101.604938271604937, 21.106056307197182 ] ] ] } },
{ "type": "Feature", "properties": { "difference_1990_2000": 223.0, "difference_1990_2010": 529.0, "difference_1990_2020": 935.0 }, "geometry": { "type": "Polygon", "coordinates": [ [ [ -101.604938271604937, 21.072731895466219 ], [ -101.600365797896686, 21.072731895466202 ], [ -101.600365797896686, 21.068566863220092 ], [ -101.604938271604937, 21.068566863220099 ], [ -101.604938271604937, 21.072731895466219 ] ] ] } },
{ "type": "Feature", "properties": { "difference_1990_2000": 42.0, "difference_1990_2010": 49.0, "difference_1990_2020": 796.0 }, "geometry": { "type": "Polygon", "coordinates": [ [ [ -101.604938271604937, 21.085227684183607 ], [ -101.600365797896686, 21.085227684183614 ], [ -101.600365797896686, 21.081062305916539 ], [ -101.604938271604937, 21.081062305916539 ], [ -101.604938271604937, 21.085227684183607 ] ] ] } },
{ "type": "Feature", "properties": { "difference_1990_2000": 207.0, "difference_1990_2010": 256.0, "difference_1990_2020": 571.0 }, "geometry": { "type": "Polygon", "coordinates": [ [ [ -101.604938271604937, 21.089393177853978 ], [ -101.600365797896686, 21.089393177853946 ], [ -101.600365797896686, 21.085227684183614 ], [ -101.604938271604937, 21.085227684183607 ], [ -101.604938271604937, 21.089393177853978 ] ] ] } },
{ "type": "Feature", "properties": { "difference_1990_2000": 23.0, "difference_1990_2010": 24.0, "difference_1990_2020": 122.0 }, "geometry": { "type": "Polygon", "coordinates": [ [ [ -101.604938271604937, 21.060237144528678 ], [ -101.600365797896686, 21.060237144528678 ], [ -101.600365797896686, 21.056072458020569 ], [ -101.604938271604937, 21.056072458020569 ], [ -101.604938271604937, 21.060237144528678 ] ] ] } },
{ "type": "Feature", "properties": { "difference_1990_2000": 17.0, "difference_1990_2010": 2132.0, "difference_1990_2020": 2307.0 }, "geometry": { "type": "Polygon", "coordinates": [ [ [ -101.604938271604937, 21.110222378355896 ], [ -101.600365797896686, 21.110222378355864 ], [ -101.600365797896686, 21.106056307197189 ], [ -101.604938271604937, 21.106056307197182 ], [ -101.604938271604937, 21.110222378355896 ] ] ] } },
{ "type": "Feature", "properties": { "difference_1990_2000": 250.0, "difference_1990_2010": 611.0, "difference_1990_2020": 1154.0 }, "geometry": { "type": "Polygon", "coordinates": [ [ [ -101.604938271604937, 21.07689704302123 ], [ -101.600365797896686, 21.076897043021226 ], [ -101.600365797896686, 21.072731895466202 ], [ -101.604938271604937, 21.072731895466219 ], [ -101.604938271604937, 21.07689704302123 ] ] ] } },
{ "type": "Feature", "properties": { "difference_1990_2000": 158.0, "difference_1990_2010": 1150.0, "difference_1990_2020": 1436.0 }, "geometry": { "type": "Polygon", "coordinates": [ [ [ -101.604938271604937, 21.114388565106722 ], [ -101.600365797896686, 21.114388565106719 ], [ -101.600365797896686, 21.110222378355864 ], [ -101.604938271604937, 21.110222378355896 ], [ -101.604938271604937, 21.114388565106722 ] ] ] } },
{ "type": "Feature", "properties": { "difference_1990_2000": 804.0, "difference_1990_2010": 3360.0, "difference_1990_2020": 4065.0 }, "geometry": { "type": "Polygon", "coordinates": [ [ [ -101.604938271604937, 21.101890351599181 ], [ -101.600365797896686, 21.101890351599184 ], [ -101.600365797896686, 21.097724511530267 ], [ -101.604938271604937, 21.09772451153027 ], [ -101.604938271604937, 21.101890351599181 ] ] ] } },
{ "type": "Feature", "properties": { "difference_1990_2000": 18.0, "difference_1990_2010": 28.0, "difference_1990_2020": 861.0 }, "geometry": { "type": "Polygon", "coordinates": [ [ [ -101.604938271604937, 21.081062305916539 ], [ -101.600365797896686, 21.081062305916539 ], [ -101.600365797896686, 21.076897043021226 ], [ -101.604938271604937, 21.07689704302123 ], [ -101.604938271604937, 21.081062305916539 ] ] ] } },
{ "type": "Feature", "properties": { "difference_1990_2000": 0.0, "difference_1990_2010": 4.0, "difference_1990_2020": 8.0 }, "geometry": { "type": "Polygon", "coordinates": [ [ [ -101.604938271604937, 21.056072458020569 ], [ -101.600365797896686, 21.056072458020569 ], [ -101.600365797896686, 21.051907886695599 ], [ -101.604938271604937, 21.051907886695599 ], [ -101.604938271604937, 21.056072458020569 ] ] ] } },
{ "type": "Feature", "properties": { "difference_1990_2000": 0.0, "difference_1990_2010": 0.0, "difference_1990_2020": 150.0 }, "geometry": { "type": "Polygon", "coordinates": [ [ [ -101.604938271604937, 21.139388114812025 ], [ -101.600365797896686, 21.139388114812025 ], [ -101.600365797896686, 21.135221233846352 ], [ -101.604938271604937, 21.135221233846352 ], [ -101.604938271604937, 21.139388114812025 ] ] ] } },
{ "type": "Feature", "properties": { "difference_1990_2000": 139.0, "difference_1990_2010": 517.0, "difference_1990_2020": 1176.0 }, "geometry": { "type": "Polygon", "coordinates": [ [ [ -101.604938271604937, 21.126887819227345 ], [ -101.600365797896686, 21.126887819227314 ], [ -101.600365797896686, 21.122721285510934 ], [ -101.604938271604937, 21.122721285510931 ], [ -101.604938271604937, 21.126887819227345 ] ] ] } },
{ "type": "Feature", "properties": { "difference_1990_2000": 50.0, "difference_1990_2010": 100.0, "difference_1990_2020": 427.0 }, "geometry": { "type": "Polygon", "coordinates": [ [ [ -101.604938271604937, 21.068566863220099 ], [ -101.600365797896686, 21.068566863220092 ], [ -101.600365797896686, 21.06440194625139 ], [ -101.604938271604937, 21.064401946251373 ], [ -101.604938271604937, 21.068566863220099 ] ] ] } },
{ "type": "Feature", "properties": { "difference_1990_2000": 19.0, "difference_1990_2010": 46.0, "difference_1990_2020": 100.0 }, "geometry": { "type": "Polygon", "coordinates": [ [ [ -101.604938271604937, 21.064401946251373 ], [ -101.600365797896686, 21.06440194625139 ], [ -101.600365797896686, 21.060237144528678 ], [ -101.604938271604937, 21.060237144528678 ], [ -101.604938271604937, 21.064401946251373 ] ] ] } },
{ "type": "Feature", "properties": { "difference_1990_2000": 0.0, "difference_1990_2010": 0.0, "difference_1990_2020": 619.0 }, "geometry": { "type": "Polygon", "coordinates": [ [ [ -101.604938271604937, 21.131054468661933 ], [ -101.600365797896686, 21.131054468661933 ], [ -101.600365797896686, 21.126887819227314 ], [ -101.604938271604937, 21.126887819227345 ], [ -101.604938271604937, 21.131054468661933 ] ] ] } },
{ "type": "Feature", "properties": { "difference_1990_2000": 0.0, "difference_1990_2010": 0.0, "difference_1990_2020": 39.0 }, "geometry": { "type": "Polygon", "coordinates": [ [ [ -101.604938271604937, 21.156056797119032 ], [ -101.600365797896686, 21.156056797119035 ], [ -101.600365797896686, 21.151889452712499 ], [ -101.604938271604937, 21.151889452712478 ], [ -101.604938271604937, 21.156056797119032 ] ] ] } },
{ "type": "Feature", "properties": { "difference_1990_2000": 606.0, "difference_1990_2010": 1536.0, "difference_1990_2020": 2213.0 }, "geometry": { "type": "Polygon", "coordinates": [ [ [ -101.604938271604937, 21.122721285510931 ], [ -101.600365797896686, 21.122721285510934 ], [ -101.600365797896686, 21.118554867481262 ], [ -101.604938271604937, 21.118554867481262 ], [ -101.604938271604937, 21.122721285510931 ] ] ] } },
{ "type": "Feature", "properties": { "difference_1990_2000": 0.0, "difference_1990_2010": 0.0, "difference_1990_2020": 50.0 }, "geometry": { "type": "Polygon", "coordinates": [ [ [ -101.604938271604937, 21.151889452712478 ], [ -101.600365797896686, 21.151889452712499 ], [ -101.600365797896686, 21.147722224213581 ], [ -101.604938271604937, 21.147722224213577 ], [ -101.604938271604937, 21.151889452712478 ] ] ] } },
{ "type": "Feature", "properties": { "difference_1990_2000": 1.0, "difference_1990_2010": 1928.0, "difference_1990_2020": 2503.0 }, "geometry": { "type": "Polygon", "coordinates": [ [ [ -101.595793324188421, 21.093558786959019 ], [ -101.591220850480127, 21.093558786958987 ], [ -101.591220850480127, 21.089393177853985 ], [ -101.595793324188421, 21.089393177853985 ], [ -101.595793324188421, 21.093558786959019 ] ] ] } },
{ "type": "Feature", "properties": { "difference_1990_2000": 0.0, "difference_1990_2010": 1922.0, "difference_1990_2020": 2996.0 }, "geometry": { "type": "Polygon", "coordinates": [ [ [ -101.595793324188421, 21.118554867481297 ], [ -101.591220850480127, 21.118554867481251 ], [ -101.591220850480127, 21.114388565106722 ], [ -101.595793324188421, 21.114388565106722 ], [ -101.595793324188421, 21.118554867481297 ] ] ] } },
{ "type": "Feature", "properties": { "difference_1990_2000": 232.0, "difference_1990_2010": 2862.0, "difference_1990_2020": 3419.0 }, "geometry": { "type": "Polygon", "coordinates": [ [ [ -101.595793324188421, 21.097724511530267 ], [ -101.591220850480127, 21.09772451153027 ], [ -101.591220850480127, 21.093558786958987 ], [ -101.595793324188421, 21.093558786959019 ], [ -101.595793324188421, 21.097724511530267 ] ] ] } },
{ "type": "Feature", "properties": { "difference_1990_2000": 50.0, "difference_1990_2010": 777.0, "difference_1990_2020": 1610.0 }, "geometry": { "type": "Polygon", "coordinates": [ [ [ -101.595793324188421, 21.106056307197186 ], [ -101.591220850480127, 21.106056307197186 ], [ -101.591220850480127, 21.101890351599184 ], [ -101.595793324188421, 21.101890351599202 ], [ -101.595793324188421, 21.106056307197186 ] ] ] } },
{ "type": "Feature", "properties": { "difference_1990_2000": 187.0, "difference_1990_2010": 263.0, "difference_1990_2020": 414.0 }, "geometry": { "type": "Polygon", "coordinates": [ [ [ -101.595793324188421, 21.072731895466219 ], [ -101.591220850480127, 21.072731895466219 ], [ -101.591220850480127, 21.068566863220092 ], [ -101.595793324188421, 21.068566863220095 ], [ -101.595793324188421, 21.072731895466219 ] ] ] } },
{ "type": "Feature", "properties": { "difference_1990_2000": 0.0, "difference_1990_2010": 253.0, "difference_1990_2020": 1532.0 }, "geometry": { "type": "Polygon", "coordinates": [ [ [ -101.595793324188421, 21.085227684183611 ], [ -101.591220850480127, 21.085227684183611 ], [ -101.591220850480127, 21.081062305916539 ], [ -101.595793324188421, 21.081062305916539 ], [ -101.595793324188421, 21.085227684183611 ] ] ] } },
{ "type": "Feature", "properties": { "difference_1990_2000": 0.0, "difference_1990_2010": 168.0, "difference_1990_2020": 331.0 }, "geometry": { "type": "Polygon", "coordinates": [ [ [ -101.595793324188421, 21.089393177853985 ], [ -101.591220850480127, 21.089393177853985 ], [ -101.591220850480127, 21.085227684183611 ], [ -101.595793324188421, 21.085227684183611 ], [ -101.595793324188421, 21.089393177853985 ] ] ] } },
{ "type": "Feature", "properties": { "difference_1990_2000": 51.0, "difference_1990_2010": 90.0, "difference_1990_2020": 147.0 }, "geometry": { "type": "Polygon", "coordinates": [ [ [ -101.595793324188421, 21.060237144528681 ], [ -101.591220850480127, 21.060237144528678 ], [ -101.591220850480127, 21.056072458020566 ], [ -101.595793324188421, 21.056072458020573 ], [ -101.595793324188421, 21.060237144528681 ] ] ] } },
{ "type": "Feature", "properties": { "difference_1990_2000": 0.0, "difference_1990_2010": 590.0, "difference_1990_2020": 1530.0 }, "geometry": { "type": "Polygon", "coordinates": [ [ [ -101.595793324188421, 21.110222378355893 ], [ -101.591220850480127, 21.110222378355893 ], [ -101.591220850480127, 21.106056307197186 ], [ -101.595793324188421, 21.106056307197186 ], [ -101.595793324188421, 21.110222378355893 ] ] ] } },
{ "type": "Feature", "properties": { "difference_1990_2000": 200.0, "difference_1990_2010": 283.0, "difference_1990_2020": 422.0 }, "geometry": { "type": "Polygon", "coordinates": [ [ [ -101.595793324188421, 21.07689704302123 ], [ -101.591220850480127, 21.07689704302123 ], [ -101.591220850480127, 21.072731895466219 ], [ -101.595793324188421, 21.072731895466219 ], [ -101.595793324188421, 21.07689704302123 ] ] ] } },
{ "type": "Feature", "properties": { "difference_1990_2000": 0.0, "difference_1990_2010": 558.0, "difference_1990_2020": 1359.0 }, "geometry": { "type": "Polygon", "coordinates": [ [ [ -101.595793324188421, 21.114388565106722 ], [ -101.591220850480127, 21.114388565106722 ], [ -101.591220850480127, 21.110222378355893 ], [ -101.595793324188421, 21.110222378355893 ], [ -101.595793324188421, 21.114388565106722 ] ] ] } },
{ "type": "Feature", "properties": { "difference_1990_2000": 498.0, "difference_1990_2010": 1808.0, "difference_1990_2020": 2454.0 }, "geometry": { "type": "Polygon", "coordinates": [ [ [ -101.595793324188421, 21.101890351599202 ], [ -101.591220850480127, 21.101890351599184 ], [ -101.591220850480127, 21.09772451153027 ], [ -101.595793324188421, 21.097724511530267 ], [ -101.595793324188421, 21.101890351599202 ] ] ] } },
{ "type": "Feature", "properties": { "difference_1990_2000": 80.0, "difference_1990_2010": 446.0, "difference_1990_2020": 1483.0 }, "geometry": { "type": "Polygon", "coordinates": [ [ [ -101.595793324188421, 21.081062305916539 ], [ -101.591220850480127, 21.081062305916539 ], [ -101.591220850480127, 21.07689704302123 ], [ -101.595793324188421, 21.07689704302123 ], [ -101.595793324188421, 21.081062305916539 ] ] ] } },
{ "type": "Feature", "properties": { "difference_1990_2000": 33.0, "difference_1990_2010": 80.0, "difference_1990_2020": 84.0 }, "geometry": { "type": "Polygon", "coordinates": [ [ [ -101.595793324188421, 21.056072458020573 ], [ -101.591220850480127, 21.056072458020566 ], [ -101.591220850480127, 21.051907886695616 ], [ -101.595793324188421, 21.051907886695616 ], [ -101.595793324188421, 21.056072458020573 ] ] ] } },
{ "type": "Feature", "properties": { "difference_1990_2000": 0.0, "difference_1990_2010": 5.0, "difference_1990_2020": 1182.0 }, "geometry": { "type": "Polygon", "coordinates": [ [ [ -101.595793324188421, 21.126887819227356 ], [ -101.591220850480127, 21.126887819227335 ], [ -101.591220850480127, 21.122721285510931 ], [ -101.595793324188421, 21.122721285510938 ], [ -101.595793324188421, 21.126887819227356 ] ] ] } },
{ "type": "Feature", "properties": { "difference_1990_2000": 80.0, "difference_1990_2010": 90.0, "difference_1990_2020": 339.0 }, "geometry": { "type": "Polygon", "coordinates": [ [ [ -101.595793324188421, 21.068566863220095 ], [ -101.591220850480127, 21.068566863220092 ], [ -101.591220850480127, 21.064401946251376 ], [ -101.595793324188421, 21.064401946251373 ], [ -101.595793324188421, 21.068566863220095 ] ] ] } },
{ "type": "Feature", "properties": { "difference_1990_2000": 59.0, "difference_1990_2010": 68.0, "difference_1990_2020": 276.0 }, "geometry": { "type": "Polygon", "coordinates": [ [ [ -101.595793324188421, 21.064401946251373 ], [ -101.591220850480127, 21.064401946251376 ], [ -101.591220850480127, 21.060237144528678 ], [ -101.595793324188421, 21.060237144528681 ], [ -101.595793324188421, 21.064401946251373 ] ] ] } },
{ "type": "Feature", "properties": { "difference_1990_2000": 0.0, "difference_1990_2010": 299.0, "difference_1990_2020": 3136.0 }, "geometry": { "type": "Polygon", "coordinates": [ [ [ -101.595793324188421, 21.122721285510938 ], [ -101.591220850480127, 21.122721285510931 ], [ -101.591220850480127, 21.118554867481251 ], [ -101.595793324188421, 21.118554867481297 ], [ -101.595793324188421, 21.122721285510938 ] ] ] } },
{ "type": "Feature", "properties": { "difference_1990_2000": 0.0, "difference_1990_2010": 5.0, "difference_1990_2020": 10.0 }, "geometry": { "type": "Polygon", "coordinates": [ [ [ -101.774119798811185, 21.093558786959015 ], [ -101.769547325102906, 21.093558786959019 ], [ -101.769547325102906, 21.089393177853985 ], [ -101.774119798811185, 21.089393177853982 ], [ -101.774119798811185, 21.093558786959015 ] ] ] } },
{ "type": "Feature", "properties": { "difference_1990_2000": 0.0, "difference_1990_2010": 0.0, "difference_1990_2020": 2975.0 }, "geometry": { "type": "Polygon", "coordinates": [ [ [ -101.774119798811185, 21.135221233846359 ], [ -101.769547325102906, 21.135221233846352 ], [ -101.769547325102906, 21.131054468661933 ], [ -101.774119798811185, 21.131054468661933 ], [ -101.774119798811185, 21.135221233846359 ] ] ] } },
{ "type": "Feature", "properties": { "difference_1990_2000": 0.0, "difference_1990_2010": 0.0, "difference_1990_2020": 2.0 }, "geometry": { "type": "Polygon", "coordinates": [ [ [ -101.774119798811185, 21.185231456029658 ], [ -101.769547325102906, 21.18523145602968 ], [ -101.769547325102906, 21.181063299385713 ], [ -101.774119798811185, 21.181063299385709 ], [ -101.774119798811185, 21.185231456029658 ] ] ] } },
{ "type": "Feature", "properties": { "difference_1990_2000": 0.0, "difference_1990_2010": 0.0, "difference_1990_2020": 2276.0 }, "geometry": { "type": "Polygon", "coordinates": [ [ [ -101.774119798811185, 21.143555111590587 ], [ -101.769547325102906, 21.143555111590587 ], [ -101.769547325102906, 21.139388114812029 ], [ -101.774119798811185, 21.139388114812025 ], [ -101.774119798811185, 21.143555111590587 ] ] ] } },
{ "type": "Feature", "properties": { "difference_1990_2000": 0.0, "difference_1990_2010": 0.0, "difference_1990_2020": 3417.0 }, "geometry": { "type": "Polygon", "coordinates": [ [ [ -101.774119798811185, 21.139388114812025 ], [ -101.769547325102906, 21.139388114812029 ], [ -101.769547325102906, 21.135221233846352 ], [ -101.774119798811185, 21.135221233846359 ], [ -101.774119798811185, 21.139388114812025 ] ] ] } },
{ "type": "Feature", "properties": { "difference_1990_2000": 0.0, "difference_1990_2010": 0.0, "difference_1990_2020": 36.0 }, "geometry": { "type": "Polygon", "coordinates": [ [ [ -101.774119798811185, 21.189399728834001 ], [ -101.769547325102906, 21.189399728834001 ], [ -101.769547325102906, 21.18523145602968 ], [ -101.774119798811185, 21.185231456029658 ], [ -101.774119798811185, 21.189399728834001 ] ] ] } },
{ "type": "Feature", "properties": { "difference_1990_2000": 0.0, "difference_1990_2010": 0.0, "difference_1990_2020": 704.0 }, "geometry": { "type": "Polygon", "coordinates": [ [ [ -101.774119798811185, 21.147722224213577 ], [ -101.769547325102906, 21.147722224213574 ], [ -101.769547325102906, 21.143555111590587 ], [ -101.774119798811185, 21.143555111590587 ], [ -101.774119798811185, 21.147722224213577 ] ] ] } },
{ "type": "Feature", "properties": { "difference_1990_2000": 0.0, "difference_1990_2010": 0.0, "difference_1990_2020": 330.0 }, "geometry": { "type": "Polygon", "coordinates": [ [ [ -101.774119798811185, 21.131054468661933 ], [ -101.769547325102906, 21.131054468661933 ], [ -101.769547325102906, 21.126887819227356 ], [ -101.774119798811185, 21.126887819227342 ], [ -101.774119798811185, 21.131054468661933 ] ] ] } },
{ "type": "Feature", "properties": { "difference_1990_2000": 0.0, "difference_1990_2010": 1139.0, "difference_1990_2020": 5620.0 }, "geometry": { "type": "Polygon", "coordinates": [ [ [ -101.586648376771834, 21.093558786959019 ], [ -101.582075903063554, 21.093558786959054 ], [ -101.582075903063554, 21.089393177853996 ], [ -101.586648376771834, 21.089393177854003 ], [ -101.586648376771834, 21.093558786959019 ] ] ] } },
{ "type": "Feature", "properties": { "difference_1990_2000": 0.0, "difference_1990_2010": 1640.0, "difference_1990_2020": 2144.0 }, "geometry": { "type": "Polygon", "coordinates": [ [ [ -101.586648376771834, 21.118554867481262 ], [ -101.582075903063554, 21.118554867481208 ], [ -101.582075903063554, 21.114388565106719 ], [ -101.586648376771834, 21.114388565106722 ], [ -101.586648376771834, 21.118554867481262 ] ] ] } },
{ "type": "Feature", "properties": { "difference_1990_2000": 79.0, "difference_1990_2010": 122.0, "difference_1990_2020": 139.0 }, "geometry": { "type": "Polygon", "coordinates": [ [ [ -101.586648376771834, 21.051907886695613 ], [ -101.582075903063554, 21.051907886695599 ], [ -101.582075903063554, 21.047743430522335 ], [ -101.586648376771834, 21.047743430522338 ], [ -101.586648376771834, 21.051907886695613 ] ] ] } },
{ "type": "Feature", "properties": { "difference_1990_2000": 1.0, "difference_1990_2010": 1.0, "difference_1990_2020": 2.0 }, "geometry": { "type": "Polygon", "coordinates": [ [ [ -101.586648376771834, 21.047743430522338 ], [ -101.582075903063554, 21.047743430522335 ], [ -101.582075903063554, 21.043579089469457 ], [ -101.586648376771834, 21.043579089469457 ], [ -101.586648376771834, 21.047743430522338 ] ] ] } },
{ "type": "Feature", "properties": { "difference_1990_2000": 0.0, "difference_1990_2010": 4110.0, "difference_1990_2020": 5100.0 }, "geometry": { "type": "Polygon", "coordinates": [ [ [ -101.586648376771834, 21.097724511530263 ], [ -101.582075903063554, 21.097724511530263 ], [ -101.582075903063554, 21.093558786959054 ], [ -101.586648376771834, 21.093558786959019 ], [ -101.586648376771834, 21.097724511530263 ] ] ] } },
{ "type": "Feature", "properties": { "difference_1990_2000": 0.0, "difference_1990_2010": 3268.0, "difference_1990_2020": 3930.0 }, "geometry": { "type": "Polygon", "coordinates": [ [ [ -101.586648376771834, 21.106056307197189 ], [ -101.582075903063554, 21.106056307197186 ], [ -101.582075903063554, 21.101890351599177 ], [ -101.586648376771834, 21.101890351599181 ], [ -101.586648376771834, 21.106056307197189 ] ] ] } },
{ "type": "Feature", "properties": { "difference_1990_2000": 144.0, "difference_1990_2010": 206.0, "difference_1990_2020": 302.0 }, "geometry": { "type": "Polygon", "coordinates": [ [ [ -101.586648376771834, 21.072731895466219 ], [ -101.582075903063554, 21.072731895466219 ], [ -101.582075903063554, 21.068566863220095 ], [ -101.586648376771834, 21.068566863220095 ], [ -101.586648376771834, 21.072731895466219 ] ] ] } },
{ "type": "Feature", "properties": { "difference_1990_2000": 0.0, "difference_1990_2010": 0.0, "difference_1990_2020": 2549.0 }, "geometry": { "type": "Polygon", "coordinates": [ [ [ -101.586648376771834, 21.085227684183607 ], [ -101.582075903063554, 21.085227684183604 ], [ -101.582075903063554, 21.081062305916536 ], [ -101.586648376771834, 21.081062305916536 ], [ -101.586648376771834, 21.085227684183607 ] ] ] } },
{ "type": "Feature", "properties": { "difference_1990_2000": 50.0, "difference_1990_2010": 97.0, "difference_1990_2020": 105.0 }, "geometry": { "type": "Polygon", "coordinates": [ [ [ -101.586648376771834, 21.060237144528678 ], [ -101.582075903063554, 21.060237144528706 ], [ -101.582075903063554, 21.056072458020587 ], [ -101.586648376771834, 21.056072458020573 ], [ -101.586648376771834, 21.060237144528678 ] ] ] } },
{ "type": "Feature", "properties": { "difference_1990_2000": 0.0, "difference_1990_2010": 0.0, "difference_1990_2020": 893.0 }, "geometry": { "type": "Polygon", "coordinates": [ [ [ -101.586648376771834, 21.089393177854003 ], [ -101.582075903063554, 21.089393177853996 ], [ -101.582075903063554, 21.085227684183604 ], [ -101.586648376771834, 21.085227684183607 ], [ -101.586648376771834, 21.089393177854003 ] ] ] } },
{ "type": "Feature", "properties": { "difference_1990_2000": 0.0, "difference_1990_2010": 907.0, "difference_1990_2020": 1421.0 }, "geometry": { "type": "Polygon", "coordinates": [ [ [ -101.586648376771834, 21.110222378355896 ], [ -101.582075903063554, 21.110222378355893 ], [ -101.582075903063554, 21.106056307197186 ], [ -101.586648376771834, 21.106056307197189 ], [ -101.586648376771834, 21.110222378355896 ] ] ] } },
{ "type": "Feature", "properties": { "difference_1990_2000": 180.0, "difference_1990_2010": 277.0, "difference_1990_2020": 405.0 }, "geometry": { "type": "Polygon", "coordinates": [ [ [ -101.586648376771834, 21.07689704302123 ], [ -101.582075903063554, 21.07689704302123 ], [ -101.582075903063554, 21.072731895466219 ], [ -101.586648376771834, 21.072731895466219 ], [ -101.586648376771834, 21.07689704302123 ] ] ] } },
{ "type": "Feature", "properties": { "difference_1990_2000": 0.0, "difference_1990_2010": 0.0, "difference_1990_2020": 775.0 }, "geometry": { "type": "Polygon", "coordinates": [ [ [ -101.586648376771834, 21.114388565106722 ], [ -101.582075903063554, 21.114388565106719 ], [ -101.582075903063554, 21.110222378355893 ], [ -101.586648376771834, 21.110222378355896 ], [ -101.586648376771834, 21.114388565106722 ] ] ] } },
{ "type": "Feature", "properties": { "difference_1990_2000": 0.0, "difference_1990_2010": 2445.0, "difference_1990_2020": 3994.0 }, "geometry": { "type": "Polygon", "coordinates": [ [ [ -101.586648376771834, 21.101890351599181 ], [ -101.582075903063554, 21.101890351599177 ], [ -101.582075903063554, 21.097724511530263 ], [ -101.586648376771834, 21.097724511530263 ], [ -101.586648376771834, 21.101890351599181 ] ] ] } },
{ "type": "Feature", "properties": { "difference_1990_2000": 1.0, "difference_1990_2010": 0.0, "difference_1990_2020": 1.0 }, "geometry": { "type": "Polygon", "coordinates": [ [ [ -101.586648376771834, 21.039414863505506 ], [ -101.582075903063554, 21.039414863505506 ], [ -101.582075903063554, 21.035250752599026 ], [ -101.586648376771834, 21.035250752599048 ], [ -101.586648376771834, 21.039414863505506 ] ] ] } },
{ "type": "Feature", "properties": { "difference_1990_2000": 2.0, "difference_1990_2010": 36.0, "difference_1990_2020": 563.0 }, "geometry": { "type": "Polygon", "coordinates": [ [ [ -101.586648376771834, 21.081062305916536 ], [ -101.582075903063554, 21.081062305916536 ], [ -101.582075903063554, 21.07689704302123 ], [ -101.586648376771834, 21.07689704302123 ], [ -101.586648376771834, 21.081062305916536 ] ] ] } },
{ "type": "Feature", "properties": { "difference_1990_2000": 49.0, "difference_1990_2010": 98.0, "difference_1990_2020": 106.0 }, "geometry": { "type": "Polygon", "coordinates": [ [ [ -101.586648376771834, 21.056072458020573 ], [ -101.582075903063554, 21.056072458020587 ], [ -101.582075903063554, 21.051907886695599 ], [ -101.586648376771834, 21.051907886695613 ], [ -101.586648376771834, 21.056072458020573 ] ] ] } },
{ "type": "Feature", "properties": { "difference_1990_2000": 0.0, "difference_1990_2010": 733.0, "difference_1990_2020": 861.0 }, "geometry": { "type": "Polygon", "coordinates": [ [ [ -101.586648376771834, 21.126887819227342 ], [ -101.582075903063554, 21.126887819227345 ], [ -101.582075903063554, 21.122721285510931 ], [ -101.586648376771834, 21.122721285510938 ], [ -101.586648376771834, 21.126887819227342 ] ] ] } },
{ "type": "Feature", "properties": { "difference_1990_2000": 86.0, "difference_1990_2010": 111.0, "difference_1990_2020": 150.0 }, "geometry": { "type": "Polygon", "coordinates": [ [ [ -101.586648376771834, 21.068566863220095 ], [ -101.582075903063554, 21.068566863220095 ], [ -101.582075903063554, 21.06440194625139 ], [ -101.586648376771834, 21.06440194625139 ], [ -101.586648376771834, 21.068566863220095 ] ] ] } },
{ "type": "Feature", "properties": { "difference_1990_2000": 71.0, "difference_1990_2010": 86.0, "difference_1990_2020": 100.0 }, "geometry": { "type": "Polygon", "coordinates": [ [ [ -101.586648376771834, 21.06440194625139 ], [ -101.582075903063554, 21.06440194625139 ], [ -101.582075903063554, 21.060237144528706 ], [ -101.586648376771834, 21.060237144528678 ], [ -101.586648376771834, 21.06440194625139 ] ] ] } },
{ "type": "Feature", "properties": { "difference_1990_2000": 0.0, "difference_1990_2010": 2334.0, "difference_1990_2020": 2894.0 }, "geometry": { "type": "Polygon", "coordinates": [ [ [ -101.586648376771834, 21.122721285510938 ], [ -101.582075903063554, 21.122721285510931 ], [ -101.582075903063554, 21.118554867481208 ], [ -101.586648376771834, 21.118554867481262 ], [ -101.586648376771834, 21.122721285510938 ] ] ] } },
{ "type": "Feature", "properties": { "difference_1990_2000": 0.0, "difference_1990_2010": 1310.0, "difference_1990_2020": 2184.0 }, "geometry": { "type": "Polygon", "coordinates": [ [ [ -101.764974851394641, 21.093558786959015 ], [ -101.760402377686333, 21.093558786959022 ], [ -101.760402377686333, 21.089393177853982 ], [ -101.764974851394641, 21.089393177853989 ], [ -101.764974851394641, 21.093558786959015 ] ] ] } },
{ "type": "Feature", "properties": { "difference_1990_2000": 0.0, "difference_1990_2010": 0.0, "difference_1990_2020": 2623.0 }, "geometry": { "type": "Polygon", "coordinates": [ [ [ -101.764974851394641, 21.168559526099727 ], [ -101.760402377686333, 21.168559526099731 ], [ -101.760402377686333, 21.164391833781075 ], [ -101.764974851394641, 21.164391833781075 ], [ -101.764974851394641, 21.168559526099727 ] ] ] } },
{ "type": "Feature", "properties": { "difference_1990_2000": 0.0, "difference_1990_2010": 0.0, "difference_1990_2020": 3181.0 }, "geometry": { "type": "Polygon", "coordinates": [ [ [ -101.764974851394641, 21.181063299385727 ], [ -101.760402377686333, 21.181063299385706 ], [ -101.760402377686333, 21.176895258870456 ], [ -101.764974851394641, 21.176895258870449 ], [ -101.764974851394641, 21.181063299385727 ] ] ] } },
{ "type": "Feature", "properties": { "difference_1990_2000": 0.0, "difference_1990_2010": 0.0, "difference_1990_2020": 1525.0 }, "geometry": { "type": "Polygon", "coordinates": [ [ [ -101.764974851394641, 21.172727334452343 ], [ -101.760402377686333, 21.172727334452347 ], [ -101.760402377686333, 21.168559526099731 ], [ -101.764974851394641, 21.168559526099727 ], [ -101.764974851394641, 21.172727334452343 ] ] ] } },
{ "type": "Feature", "properties": { "difference_1990_2000": 0.0, "difference_1990_2010": 0.0, "difference_1990_2020": 610.0 }, "geometry": { "type": "Polygon", "coordinates": [ [ [ -101.764974851394641, 21.193568117830377 ], [ -101.760402377686333, 21.193568117830377 ], [ -101.760402377686333, 21.189399728834019 ], [ -101.764974851394641, 21.189399728834015 ], [ -101.764974851394641, 21.193568117830377 ] ] ] } },
{ "type": "Feature", "properties": { "difference_1990_2000": 0.0, "difference_1990_2010": 365.0, "difference_1990_2020": 553.0 }, "geometry": { "type": "Polygon", "coordinates": [ [ [ -101.764974851394641, 21.097724511530263 ], [ -101.760402377686333, 21.09772451153027 ], [ -101.760402377686333, 21.093558786959022 ], [ -101.764974851394641, 21.093558786959015 ], [ -101.764974851394641, 21.097724511530263 ] ] ] } },
{ "type": "Feature", "properties": { "difference_1990_2000": -2.0, "difference_1990_2010": 314.0, "difference_1990_2020": 2037.0 }, "geometry": { "type": "Polygon", "coordinates": [ [ [ -101.764974851394641, 21.135221233846345 ], [ -101.760402377686333, 21.135221233846352 ], [ -101.760402377686333, 21.131054468661933 ], [ -101.764974851394641, 21.131054468661926 ], [ -101.764974851394641, 21.135221233846345 ] ] ] } },
{ "type": "Feature", "properties": { "difference_1990_2000": 0.0, "difference_1990_2010": 0.0, "difference_1990_2020": 641.0 }, "geometry": { "type": "Polygon", "coordinates": [ [ [ -101.764974851394641, 21.085227684183611 ], [ -101.760402377686333, 21.085227684183611 ], [ -101.760402377686333, 21.081062305916518 ], [ -101.764974851394641, 21.081062305916518 ], [ -101.764974851394641, 21.085227684183611 ] ] ] } },
{ "type": "Feature", "properties": { "difference_1990_2000": 0.0, "difference_1990_2010": 347.0, "difference_1990_2020": 2315.0 }, "geometry": { "type": "Polygon", "coordinates": [ [ [ -101.764974851394641, 21.089393177853989 ], [ -101.760402377686333, 21.089393177853982 ], [ -101.760402377686333, 21.085227684183611 ], [ -101.764974851394641, 21.085227684183611 ], [ -101.764974851394641, 21.089393177853989 ] ] ] } },
{ "type": "Feature", "properties": { "difference_1990_2000": 0.0, "difference_1990_2010": 2.0, "difference_1990_2020": 3.0 }, "geometry": { "type": "Polygon", "coordinates": [ [ [ -101.764974851394641, 21.101890351599184 ], [ -101.760402377686333, 21.101890351599181 ], [ -101.760402377686333, 21.09772451153027 ], [ -101.764974851394641, 21.097724511530263 ], [ -101.764974851394641, 21.101890351599184 ] ] ] } },
{ "type": "Feature", "properties": { "difference_1990_2000": 0.0, "difference_1990_2010": 0.0, "difference_1990_2020": 1057.0 }, "geometry": { "type": "Polygon", "coordinates": [ [ [ -101.764974851394641, 21.185231456029676 ], [ -101.760402377686333, 21.185231456029658 ], [ -101.760402377686333, 21.181063299385706 ], [ -101.764974851394641, 21.181063299385727 ], [ -101.764974851394641, 21.185231456029676 ] ] ] } },
{ "type": "Feature", "properties": { "difference_1990_2000": 0.0, "difference_1990_2010": 0.0, "difference_1990_2020": 1031.0 }, "geometry": { "type": "Polygon", "coordinates": [ [ [ -101.764974851394641, 21.176895258870449 ], [ -101.760402377686333, 21.176895258870456 ], [ -101.760402377686333, 21.172727334452347 ], [ -101.764974851394641, 21.172727334452343 ], [ -101.764974851394641, 21.176895258870449 ] ] ] } },
{ "type": "Feature", "properties": { "difference_1990_2000": 225.0, "difference_1990_2010": 309.0, "difference_1990_2020": 1082.0 }, "geometry": { "type": "Polygon", "coordinates": [ [ [ -101.764974851394641, 21.143555111590587 ], [ -101.760402377686333, 21.143555111590587 ], [ -101.760402377686333, 21.139388114812022 ], [ -101.764974851394641, 21.139388114812025 ], [ -101.764974851394641, 21.143555111590587 ] ] ] } },
{ "type": "Feature", "properties": { "difference_1990_2000": 63.0, "difference_1990_2010": 303.0, "difference_1990_2020": 1518.0 }, "geometry": { "type": "Polygon", "coordinates": [ [ [ -101.764974851394641, 21.139388114812025 ], [ -101.760402377686333, 21.139388114812022 ], [ -101.760402377686333, 21.135221233846352 ], [ -101.764974851394641, 21.135221233846345 ], [ -101.764974851394641, 21.139388114812025 ] ] ] } },
{ "type": "Feature", "properties": { "difference_1990_2000": 0.0, "difference_1990_2010": 0.0, "difference_1990_2020": 850.0 }, "geometry": { "type": "Polygon", "coordinates": [ [ [ -101.764974851394641, 21.189399728834015 ], [ -101.760402377686333, 21.189399728834019 ], [ -101.760402377686333, 21.185231456029658 ], [ -101.764974851394641, 21.185231456029676 ], [ -101.764974851394641, 21.189399728834015 ] ] ] } },
{ "type": "Feature", "properties": { "difference_1990_2000": 0.0, "difference_1990_2010": 0.0, "difference_1990_2020": 310.0 }, "geometry": { "type": "Polygon", "coordinates": [ [ [ -101.764974851394641, 21.164391833781075 ], [ -101.760402377686333, 21.164391833781075 ], [ -101.760402377686333, 21.160224257464733 ], [ -101.764974851394641, 21.160224257464737 ], [ -101.764974851394641, 21.164391833781075 ] ] ] } },
{ "type": "Feature", "properties": { "difference_1990_2000": 0.0, "difference_1990_2010": 366.0, "difference_1990_2020": 823.0 }, "geometry": { "type": "Polygon", "coordinates": [ [ [ -101.764974851394641, 21.147722224213577 ], [ -101.760402377686333, 21.147722224213577 ], [ -101.760402377686333, 21.143555111590587 ], [ -101.764974851394641, 21.143555111590587 ], [ -101.764974851394641, 21.147722224213577 ] ] ] } },
{ "type": "Feature", "properties": { "difference_1990_2000": 0.0, "difference_1990_2010": 390.0, "difference_1990_2020": 543.0 }, "geometry": { "type": "Polygon", "coordinates": [ [ [ -101.764974851394641, 21.131054468661926 ], [ -101.760402377686333, 21.131054468661933 ], [ -101.760402377686333, 21.126887819227345 ], [ -101.764974851394641, 21.126887819227342 ], [ -101.764974851394641, 21.131054468661926 ] ] ] } },
{ "type": "Feature", "properties": { "difference_1990_2000": 0.0, "difference_1990_2010": 69.0, "difference_1990_2020": 175.0 }, "geometry": { "type": "Polygon", "coordinates": [ [ [ -101.764974851394641, 21.156056797119035 ], [ -101.760402377686333, 21.156056797119032 ], [ -101.760402377686333, 21.151889452712481 ], [ -101.764974851394641, 21.151889452712481 ], [ -101.764974851394641, 21.156056797119035 ] ] ] } },
{ "type": "Feature", "properties": { "difference_1990_2000": 0.0, "difference_1990_2010": 911.0, "difference_1990_2020": 1190.0 }, "geometry": { "type": "Polygon", "coordinates": [ [ [ -101.764974851394641, 21.151889452712481 ], [ -101.760402377686333, 21.151889452712481 ], [ -101.760402377686333, 21.147722224213577 ], [ -101.764974851394641, 21.147722224213577 ], [ -101.764974851394641, 21.151889452712481 ] ] ] } },
{ "type": "Feature", "properties": { "difference_1990_2000": 0.0, "difference_1990_2010": 135.0, "difference_1990_2020": 255.0 }, "geometry": { "type": "Polygon", "coordinates": [ [ [ -101.577503429355275, 21.093558786959019 ], [ -101.572930955646996, 21.093558786959019 ], [ -101.572930955646996, 21.089393177853982 ], [ -101.577503429355275, 21.089393177853985 ], [ -101.577503429355275, 21.093558786959019 ] ] ] } },
{ "type": "Feature", "properties": { "difference_1990_2000": 135.0, "difference_1990_2010": 180.0, "difference_1990_2020": 195.0 }, "geometry": { "type": "Polygon", "coordinates": [ [ [ -101.577503429355275, 21.051907886695599 ], [ -101.572930955646996, 21.051907886695613 ], [ -101.572930955646996, 21.047743430522331 ], [ -101.577503429355275, 21.047743430522342 ], [ -101.577503429355275, 21.051907886695599 ] ] ] } },
{ "type": "Feature", "properties": { "difference_1990_2000": 1.0, "difference_1990_2010": 1.0, "difference_1990_2020": 1.0 }, "geometry": { "type": "Polygon", "coordinates": [ [ [ -101.577503429355275, 21.031086756718757 ], [ -101.572930955646996, 21.031086756718757 ], [ -101.572930955646996, 21.026922875833286 ], [ -101.577503429355275, 21.026922875833289 ], [ -101.577503429355275, 21.031086756718757 ] ] ] } },
{ "type": "Feature", "properties": { "difference_1990_2000": 148.0, "difference_1990_2010": 181.0, "difference_1990_2020": 186.0 }, "geometry": { "type": "Polygon", "coordinates": [ [ [ -101.577503429355275, 21.047743430522342 ], [ -101.572930955646996, 21.047743430522331 ], [ -101.572930955646996, 21.043579089469457 ], [ -101.577503429355275, 21.043579089469457 ], [ -101.577503429355275, 21.047743430522342 ] ] ] } },
{ "type": "Feature", "properties": { "difference_1990_2000": 0.0, "difference_1990_2010": 1021.0, "difference_1990_2020": 1722.0 }, "geometry": { "type": "Polygon", "coordinates": [ [ [ -101.577503429355275, 21.097724511530263 ], [ -101.572930955646996, 21.097724511530259 ], [ -101.572930955646996, 21.093558786959019 ], [ -101.577503429355275, 21.093558786959019 ], [ -101.577503429355275, 21.097724511530263 ] ] ] } },
{ "type": "Feature", "properties": { "difference_1990_2000": 0.0, "difference_1990_2010": 0.0, "difference_1990_2020": 862.0 }, "geometry": { "type": "Polygon", "coordinates": [ [ [ -101.577503429355275, 21.106056307197186 ], [ -101.572930955646996, 21.106056307197186 ], [ -101.572930955646996, 21.101890351599184 ], [ -101.577503429355275, 21.101890351599145 ], [ -101.577503429355275, 21.106056307197186 ] ] ] } },
{ "type": "Feature", "properties": { "difference_1990_2000": 10.0, "difference_1990_2010": 19.0, "difference_1990_2020": 390.0 }, "geometry": { "type": "Polygon", "coordinates": [ [ [ -101.577503429355275, 21.072731895466216 ], [ -101.572930955646996, 21.072731895466219 ], [ -101.572930955646996, 21.068566863220092 ], [ -101.577503429355275, 21.068566863220095 ], [ -101.577503429355275, 21.072731895466216 ] ] ] } },
{ "type": "Feature", "properties": { "difference_1990_2000": 26.0, "difference_1990_2010": 33.0, "difference_1990_2020": 33.0 }, "geometry": { "type": "Polygon", "coordinates": [ [ [ -101.577503429355275, 21.060237144528678 ], [ -101.572930955646996, 21.060237144528703 ], [ -101.572930955646996, 21.056072458020566 ], [ -101.577503429355275, 21.056072458020576 ], [ -101.577503429355275, 21.060237144528678 ] ] ] } },
{ "type": "Feature", "properties": { "difference_1990_2000": 0.0, "difference_1990_2010": 0.0, "difference_1990_2020": 36.0 }, "geometry": { "type": "Polygon", "coordinates": [ [ [ -101.577503429355275, 21.110222378355861 ], [ -101.572930955646996, 21.110222378355893 ], [ -101.572930955646996, 21.106056307197186 ], [ -101.577503429355275, 21.106056307197186 ], [ -101.577503429355275, 21.110222378355861 ] ] ] } },
{ "type": "Feature", "properties": { "difference_1990_2000": 4.0, "difference_1990_2010": 7.0, "difference_1990_2020": 24.0 }, "geometry": { "type": "Polygon", "coordinates": [ [ [ -101.577503429355275, 21.07689704302123 ], [ -101.572930955646996, 21.076897043021251 ], [ -101.572930955646996, 21.072731895466219 ], [ -101.577503429355275, 21.072731895466216 ], [ -101.577503429355275, 21.07689704302123 ] ] ] } },
{ "type": "Feature", "properties": { "difference_1990_2000": 0.0, "difference_1990_2010": 0.0, "difference_1990_2020": 10.0 }, "geometry": { "type": "Polygon", "coordinates": [ [ [ -101.577503429355275, 21.114388565106722 ], [ -101.572930955646996, 21.114388565106719 ], [ -101.572930955646996, 21.110222378355893 ], [ -101.577503429355275, 21.110222378355861 ], [ -101.577503429355275, 21.114388565106722 ] ] ] } },
{ "type": "Feature", "properties": { "difference_1990_2000": 0.0, "difference_1990_2010": 0.0, "difference_1990_2020": 2348.0 }, "geometry": { "type": "Polygon", "coordinates": [ [ [ -101.577503429355275, 21.101890351599145 ], [ -101.572930955646996, 21.101890351599184 ], [ -101.572930955646996, 21.097724511530259 ], [ -101.577503429355275, 21.097724511530263 ], [ -101.577503429355275, 21.101890351599145 ] ] ] } },
{ "type": "Feature", "properties": { "difference_1990_2000": 134.0, "difference_1990_2010": 156.0, "difference_1990_2020": 154.0 }, "geometry": { "type": "Polygon", "coordinates": [ [ [ -101.577503429355275, 21.035250752599044 ], [ -101.572930955646996, 21.035250752599044 ], [ -101.572930955646996, 21.031086756718757 ], [ -101.577503429355275, 21.031086756718757 ], [ -101.577503429355275, 21.035250752599044 ] ] ] } },
{ "type": "Feature", "properties": { "difference_1990_2000": 159.0, "difference_1990_2010": 189.0, "difference_1990_2020": 183.0 }, "geometry": { "type": "Polygon", "coordinates": [ [ [ -101.577503429355275, 21.039414863505506 ], [ -101.572930955646996, 21.039414863505506 ], [ -101.572930955646996, 21.035250752599044 ], [ -101.577503429355275, 21.035250752599044 ], [ -101.577503429355275, 21.039414863505506 ] ] ] } },
{ "type": "Feature", "properties": { "difference_1990_2000": 159.0, "difference_1990_2010": 189.0, "difference_1990_2020": 183.0 }, "geometry": { "type": "Polygon", "coordinates": [ [ [ -101.577503429355275, 21.043579089469457 ], [ -101.572930955646996, 21.043579089469457 ], [ -101.572930955646996, 21.039414863505506 ], [ -101.577503429355275, 21.039414863505506 ], [ -101.577503429355275, 21.043579089469457 ] ] ] } },
{ "type": "Feature", "properties": { "difference_1990_2000": 60.0, "difference_1990_2010": 86.0, "difference_1990_2020": 98.0 }, "geometry": { "type": "Polygon", "coordinates": [ [ [ -101.577503429355275, 21.056072458020576 ], [ -101.572930955646996, 21.056072458020566 ], [ -101.572930955646996, 21.051907886695613 ], [ -101.577503429355275, 21.051907886695599 ], [ -101.577503429355275, 21.056072458020576 ] ] ] } },
{ "type": "Feature", "properties": { "difference_1990_2000": 10.0, "difference_1990_2010": 18.0, "difference_1990_2020": 399.0 }, "geometry": { "type": "Polygon", "coordinates": [ [ [ -101.577503429355275, 21.068566863220095 ], [ -101.572930955646996, 21.068566863220092 ], [ -101.572930955646996, 21.06440194625139 ], [ -101.577503429355275, 21.06440194625139 ], [ -101.577503429355275, 21.068566863220095 ] ] ] } },
{ "type": "Feature", "properties": { "difference_1990_2000": 48.0, "difference_1990_2010": 54.0, "difference_1990_2020": 262.0 }, "geometry": { "type": "Polygon", "coordinates": [ [ [ -101.577503429355275, 21.06440194625139 ], [ -101.572930955646996, 21.06440194625139 ], [ -101.572930955646996, 21.060237144528703 ], [ -101.577503429355275, 21.060237144528678 ], [ -101.577503429355275, 21.06440194625139 ] ] ] } },
{ "type": "Feature", "properties": { "difference_1990_2000": 0.0, "difference_1990_2010": 0.0, "difference_1990_2020": 3954.0 }, "geometry": { "type": "Polygon", "coordinates": [ [ [ -101.755829903978054, 21.168559526099713 ], [ -101.751257430269774, 21.168559526099735 ], [ -101.751257430269774, 21.164391833781078 ], [ -101.755829903978054, 21.164391833781071 ], [ -101.755829903978054, 21.168559526099713 ] ] ] } },
{ "type": "Feature", "properties": { "difference_1990_2000": 880.0, "difference_1990_2010": 1182.0, "difference_1990_2020": 1359.0 }, "geometry": { "type": "Polygon", "coordinates": [ [ [ -101.755829903978054, 21.093558786959012 ], [ -101.751257430269774, 21.093558786959054 ], [ -101.751257430269774, 21.089393177853985 ], [ -101.755829903978054, 21.089393177853996 ], [ -101.755829903978054, 21.093558786959012 ] ] ] } },
{ "type": "Feature", "properties": { "difference_1990_2000": 0.0, "difference_1990_2010": 0.0, "difference_1990_2020": 2280.0 }, "geometry": { "type": "Polygon", "coordinates": [ [ [ -101.755829903978054, 21.172727334452315 ], [ -101.751257430269774, 21.172727334452347 ], [ -101.751257430269774, 21.168559526099735 ], [ -101.755829903978054, 21.168559526099713 ], [ -101.755829903978054, 21.172727334452315 ] ] ] } },
{ "type": "Feature", "properties": { "difference_1990_2000": 0.0, "difference_1990_2010": 0.0, "difference_1990_2020": 637.0 }, "geometry": { "type": "Polygon", "coordinates": [ [ [ -101.755829903978054, 21.181063299385713 ], [ -101.751257430269774, 21.181063299385709 ], [ -101.751257430269774, 21.176895258870452 ], [ -101.755829903978054, 21.176895258870452 ], [ -101.755829903978054, 21.181063299385713 ] ] ] } },
{ "type": "Feature", "properties": { "difference_1990_2000": 0.0, "difference_1990_2010": 0.0, "difference_1990_2020": 5.0 }, "geometry": { "type": "Polygon", "coordinates": [ [ [ -101.755829903978054, 21.193568117830349 ], [ -101.751257430269774, 21.193568117830377 ], [ -101.751257430269774, 21.189399728834019 ], [ -101.755829903978054, 21.189399728834005 ], [ -101.755829903978054, 21.193568117830349 ] ] ] } },
{ "type": "Feature", "properties": { "difference_1990_2000": 0.0, "difference_1990_2010": 0.0, "difference_1990_2020": 2206.0 }, "geometry": { "type": "Polygon", "coordinates": [ [ [ -101.755829903978054, 21.160224257464701 ], [ -101.751257430269774, 21.160224257464733 ], [ -101.751257430269774, 21.156056797119035 ], [ -101.755829903978054, 21.156056797119035 ], [ -101.755829903978054, 21.160224257464701 ] ] ] } },
{ "type": "Feature", "properties": { "difference_1990_2000": 840.0, "difference_1990_2010": 1321.0, "difference_1990_2020": 1514.0 }, "geometry": { "type": "Polygon", "coordinates": [ [ [ -101.755829903978054, 21.09772451153027 ], [ -101.751257430269774, 21.097724511530267 ], [ -101.751257430269774, 21.093558786959054 ], [ -101.755829903978054, 21.093558786959012 ], [ -101.755829903978054, 21.09772451153027 ] ] ] } },
{ "type": "Feature", "properties": { "difference_1990_2000": 841.0, "difference_1990_2010": 1463.0, "difference_1990_2020": 1650.0 }, "geometry": { "type": "Polygon", "coordinates": [ [ [ -101.755829903978054, 21.135221233846352 ], [ -101.751257430269774, 21.135221233846348 ], [ -101.751257430269774, 21.131054468661951 ], [ -101.755829903978054, 21.131054468661933 ], [ -101.755829903978054, 21.135221233846352 ] ] ] } },
{ "type": "Feature", "properties": { "difference_1990_2000": 99.0, "difference_1990_2010": 156.0, "difference_1990_2020": 151.0 }, "geometry": { "type": "Polygon", "coordinates": [ [ [ -101.755829903978054, 21.089393177853996 ], [ -101.751257430269774, 21.089393177853985 ], [ -101.751257430269774, 21.085227684183607 ], [ -101.755829903978054, 21.085227684183607 ], [ -101.755829903978054, 21.089393177853996 ] ] ] } },
{ "type": "Feature", "properties": { "difference_1990_2000": 0.0, "difference_1990_2010": 0.0, "difference_1990_2020": 107.0 }, "geometry": { "type": "Polygon", "coordinates": [ [ [ -101.755829903978054, 21.185231456029658 ], [ -101.751257430269774, 21.18523145602968 ], [ -101.751257430269774, 21.181063299385709 ], [ -101.755829903978054, 21.181063299385713 ], [ -101.755829903978054, 21.185231456029658 ] ] ] } },
{ "type": "Feature", "properties": { "difference_1990_2000": 191.0, "difference_1990_2010": 300.0, "difference_1990_2020": 344.0 }, "geometry": { "type": "Polygon", "coordinates": [ [ [ -101.755829903978054, 21.101890351599184 ], [ -101.751257430269774, 21.101890351599177 ], [ -101.751257430269774, 21.097724511530267 ], [ -101.755829903978054, 21.09772451153027 ], [ -101.755829903978054, 21.101890351599184 ] ] ] } },
{ "type": "Feature", "properties": { "difference_1990_2000": 573.0, "difference_1990_2010": 1670.0, "difference_1990_2020": 2228.0 }, "geometry": { "type": "Polygon", "coordinates": [ [ [ -101.755829903978054, 21.143555111590548 ], [ -101.751257430269774, 21.143555111590587 ], [ -101.751257430269774, 21.139388114812029 ], [ -101.755829903978054, 21.139388114812029 ], [ -101.755829903978054, 21.143555111590548 ] ] ] } },
{ "type": "Feature", "properties": { "difference_1990_2000": 0.0, "difference_1990_2010": 0.0, "difference_1990_2020": 297.0 }, "geometry": { "type": "Polygon", "coordinates": [ [ [ -101.755829903978054, 21.176895258870452 ], [ -101.751257430269774, 21.176895258870452 ], [ -101.751257430269774, 21.172727334452347 ], [ -101.755829903978054, 21.172727334452315 ], [ -101.755829903978054, 21.176895258870452 ] ] ] } },
{ "type": "Feature", "properties": { "difference_1990_2000": 810.0, "difference_1990_2010": 1641.0, "difference_1990_2020": 2031.0 }, "geometry": { "type": "Polygon", "coordinates": [ [ [ -101.755829903978054, 21.139388114812029 ], [ -101.751257430269774, 21.139388114812029 ], [ -101.751257430269774, 21.135221233846348 ], [ -101.755829903978054, 21.135221233846352 ], [ -101.755829903978054, 21.139388114812029 ] ] ] } },
{ "type": "Feature", "properties": { "difference_1990_2000": 2.0, "difference_1990_2010": -1.0, "difference_1990_2020": 1.0 }, "geometry": { "type": "Polygon", "coordinates": [ [ [ -101.755829903978054, 21.126887819227342 ], [ -101.751257430269774, 21.126887819227356 ], [ -101.751257430269774, 21.122721285510938 ], [ -101.755829903978054, 21.122721285510895 ], [ -101.755829903978054, 21.126887819227342 ] ] ] } },
{ "type": "Feature", "properties": { "difference_1990_2000": 0.0, "difference_1990_2010": 0.0, "difference_1990_2020": 207.0 }, "geometry": { "type": "Polygon", "coordinates": [ [ [ -101.755829903978054, 21.189399728834005 ], [ -101.751257430269774, 21.189399728834019 ], [ -101.751257430269774, 21.18523145602968 ], [ -101.755829903978054, 21.185231456029658 ], [ -101.755829903978054, 21.189399728834005 ] ] ] } },
{ "type": "Feature", "properties": { "difference_1990_2000": 0.0, "difference_1990_2010": 0.0, "difference_1990_2020": 115.0 }, "geometry": { "type": "Polygon", "coordinates": [ [ [ -101.755829903978054, 21.164391833781071 ], [ -101.751257430269774, 21.164391833781078 ], [ -101.751257430269774, 21.160224257464751 ], [ -101.755829903978054, 21.160224257464737 ], [ -101.755829903978054, 21.164391833781071 ] ] ] } },
{ "type": "Feature", "properties": { "difference_1990_2000": 175.0, "difference_1990_2010": 550.0, "difference_1990_2020": 3476.0 }, "geometry": { "type": "Polygon", "coordinates": [ [ [ -101.755829903978054, 21.147722224213577 ], [ -101.751257430269774, 21.147722224213588 ], [ -101.751257430269774, 21.143555111590587 ], [ -101.755829903978054, 21.143555111590548 ], [ -101.755829903978054, 21.147722224213577 ] ] ] } },
{ "type": "Feature", "properties": { "difference_1990_2000": 624.0, "difference_1990_2010": 983.0, "difference_1990_2020": 1088.0 }, "geometry": { "type": "Polygon", "coordinates": [ [ [ -101.755829903978054, 21.131054468661933 ], [ -101.751257430269774, 21.131054468661951 ], [ -101.751257430269774, 21.126887819227356 ], [ -101.755829903978054, 21.126887819227342 ], [ -101.755829903978054, 21.131054468661933 ] ] ] } },
{ "type": "Feature", "properties": { "difference_1990_2000": 0.0, "difference_1990_2010": 0.0, "difference_1990_2020": 650.0 }, "geometry": { "type": "Polygon", "coordinates": [ [ [ -101.755829903978054, 21.156056797119035 ], [ -101.751257430269774, 21.156056797119035 ], [ -101.751257430269774, 21.151889452712496 ], [ -101.755829903978054, 21.151889452712496 ], [ -101.755829903978054, 21.156056797119035 ] ] ] } },
{ "type": "Feature", "properties": { "difference_1990_2000": 0.0, "difference_1990_2010": 13.0, "difference_1990_2020": 211.0 }, "geometry": { "type": "Polygon", "coordinates": [ [ [ -101.755829903978054, 21.151889452712496 ], [ -101.751257430269774, 21.151889452712496 ], [ -101.751257430269774, 21.147722224213588 ], [ -101.755829903978054, 21.147722224213577 ], [ -101.755829903978054, 21.151889452712496 ] ] ] } },
{ "type": "Feature", "properties": { "difference_1990_2000": 11.0, "difference_1990_2010": 7.0, "difference_1990_2020": 40.0 }, "geometry": { "type": "Polygon", "coordinates": [ [ [ -101.568358481938759, 21.051907886695616 ], [ -101.563786008230466, 21.051907886695599 ], [ -101.563786008230466, 21.047743430522338 ], [ -101.568358481938759, 21.047743430522338 ], [ -101.568358481938759, 21.051907886695616 ] ] ] } },
{ "type": "Feature", "properties": { "difference_1990_2000": 106.0, "difference_1990_2010": 124.0, "difference_1990_2020": 127.0 }, "geometry": { "type": "Polygon", "coordinates": [ [ [ -101.568358481938759, 21.047743430522338 ], [ -101.563786008230466, 21.047743430522338 ], [ -101.563786008230466, 21.043579089469464 ], [ -101.568358481938759, 21.043579089469461 ], [ -101.568358481938759, 21.047743430522338 ] ] ] } },
{ "type": "Feature", "properties": { "difference_1990_2000": 0.0, "difference_1990_2010": 0.0, "difference_1990_2020": 2743.0 }, "geometry": { "type": "Polygon", "coordinates": [ [ [ -101.568358481938759, 21.072731895466219 ], [ -101.563786008230466, 21.072731895466216 ], [ -101.563786008230466, 21.068566863220134 ], [ -101.568358481938759, 21.068566863220092 ], [ -101.568358481938759, 21.072731895466219 ] ] ] } },
{ "type": "Feature", "properties": { "difference_1990_2000": 29.0, "difference_1990_2010": 31.0, "difference_1990_2020": 40.0 }, "geometry": { "type": "Polygon", "coordinates": [ [ [ -101.568358481938759, 21.060237144528674 ], [ -101.563786008230466, 21.060237144528674 ], [ -101.563786008230466, 21.056072458020569 ], [ -101.568358481938759, 21.056072458020569 ], [ -101.568358481938759, 21.060237144528674 ] ] ] } },
{ "type": "Feature", "properties": { "difference_1990_2000": 0.0, "difference_1990_2010": 0.0, "difference_1990_2020": 833.0 }, "geometry": { "type": "Polygon", "coordinates": [ [ [ -101.568358481938759, 21.076897043021233 ], [ -101.563786008230466, 21.07689704302123 ], [ -101.563786008230466, 21.072731895466216 ], [ -101.568358481938759, 21.072731895466219 ], [ -101.568358481938759, 21.076897043021233 ] ] ] } },
{ "type": "Feature", "properties": { "difference_1990_2000": 7.0, "difference_1990_2010": 8.0, "difference_1990_2020": 8.0 }, "geometry": { "type": "Polygon", "coordinates": [ [ [ -101.568358481938759, 21.035250752599048 ], [ -101.563786008230466, 21.035250752599044 ], [ -101.563786008230466, 21.031086756718757 ], [ -101.568358481938759, 21.031086756718757 ], [ -101.568358481938759, 21.035250752599048 ] ] ] } },
{ "type": "Feature", "properties": { "difference_1990_2000": 106.0, "difference_1990_2010": 125.0, "difference_1990_2020": 122.0 }, "geometry": { "type": "Polygon", "coordinates": [ [ [ -101.568358481938759, 21.039414863505506 ], [ -101.563786008230466, 21.039414863505502 ], [ -101.563786008230466, 21.035250752599044 ], [ -101.568358481938759, 21.035250752599048 ], [ -101.568358481938759, 21.039414863505506 ] ] ] } },
{ "type": "Feature", "properties": { "difference_1990_2000": 159.0, "difference_1990_2010": 189.0, "difference_1990_2020": 183.0 }, "geometry": { "type": "Polygon", "coordinates": [ [ [ -101.568358481938759, 21.043579089469461 ], [ -101.563786008230466, 21.043579089469464 ], [ -101.563786008230466, 21.039414863505502 ], [ -101.568358481938759, 21.039414863505506 ], [ -101.568358481938759, 21.043579089469461 ] ] ] } },
{ "type": "Feature", "properties": { "difference_1990_2000": 2.0, "difference_1990_2010": 2.0, "difference_1990_2020": 13.0 }, "geometry": { "type": "Polygon", "coordinates": [ [ [ -101.568358481938759, 21.056072458020569 ], [ -101.563786008230466, 21.056072458020569 ], [ -101.563786008230466, 21.051907886695613 ], [ -101.568358481938759, 21.051907886695616 ], [ -101.568358481938759, 21.056072458020569 ] ] ] } },
{ "type": "Feature", "properties": { "difference_1990_2000": 0.0, "difference_1990_2010": 0.0, "difference_1990_2020": 823.0 }, "geometry": { "type": "Polygon", "coordinates": [ [ [ -101.568358481938759, 21.068566863220092 ], [ -101.563786008230466, 21.068566863220134 ], [ -101.563786008230466, 21.064401946251369 ], [ -101.568358481938759, 21.06440194625139 ], [ -101.568358481938759, 21.068566863220092 ] ] ] } },
{ "type": "Feature", "properties": { "difference_1990_2000": 5.0, "difference_1990_2010": 6.0, "difference_1990_2020": 682.0 }, "geometry": { "type": "Polygon", "coordinates": [ [ [ -101.568358481938759, 21.06440194625139 ], [ -101.563786008230466, 21.064401946251369 ], [ -101.563786008230466, 21.060237144528674 ], [ -101.568358481938759, 21.060237144528674 ], [ -101.568358481938759, 21.06440194625139 ] ] ] } },
{ "type": "Feature", "properties": { "difference_1990_2000": 147.0, "difference_1990_2010": 201.0, "difference_1990_2020": 270.0 }, "geometry": { "type": "Polygon", "coordinates": [ [ [ -101.746684956561495, 21.093558786959022 ], [ -101.742112482853216, 21.093558786959019 ], [ -101.742112482853216, 21.089393177853982 ], [ -101.746684956561495, 21.089393177854006 ], [ -101.746684956561495, 21.093558786959022 ] ] ] } },
{ "type": "Feature", "properties": { "difference_1990_2000": 0.0, "difference_1990_2010": 0.0, "difference_1990_2020": 347.0 }, "geometry": { "type": "Polygon", "coordinates": [ [ [ -101.746684956561495, 21.168559526099735 ], [ -101.742112482853216, 21.168559526099727 ], [ -101.742112482853216, 21.164391833781078 ], [ -101.746684956561495, 21.164391833781078 ], [ -101.746684956561495, 21.168559526099735 ] ] ] } },
{ "type": "Feature", "properties": { "difference_1990_2000": 0.0, "difference_1990_2010": 0.0, "difference_1990_2020": 67.0 }, "geometry": { "type": "Polygon", "coordinates": [ [ [ -101.746684956561495, 21.197736623050396 ], [ -101.742112482853216, 21.197736623050453 ], [ -101.742112482853216, 21.193568117830377 ], [ -101.746684956561495, 21.193568117830377 ], [ -101.746684956561495, 21.197736623050396 ] ] ] } },
{ "type": "Feature", "properties": { "difference_1990_2000": 0.0, "difference_1990_2010": 0.0, "difference_1990_2020": 336.0 }, "geometry": { "type": "Polygon", "coordinates": [ [ [ -101.746684956561495, 21.172727334452315 ], [ -101.742112482853216, 21.172727334452347 ], [ -101.742112482853216, 21.168559526099727 ], [ -101.746684956561495, 21.168559526099735 ], [ -101.746684956561495, 21.172727334452315 ] ] ] } },
{ "type": "Feature", "properties": { "difference_1990_2000": 0.0, "difference_1990_2010": 0.0, "difference_1990_2020": 2888.0 }, "geometry": { "type": "Polygon", "coordinates": [ [ [ -101.746684956561495, 21.160224257464684 ], [ -101.742112482853216, 21.160224257464698 ], [ -101.742112482853216, 21.156056797119035 ], [ -101.746684956561495, 21.15605679711901 ], [ -101.746684956561495, 21.160224257464684 ] ] ] } },
{ "type": "Feature", "properties": { "difference_1990_2000": 0.0, "difference_1990_2010": 0.0, "difference_1990_2020": 124.0 }, "geometry": { "type": "Polygon", "coordinates": [ [ [ -101.746684956561495, 21.193568117830377 ], [ -101.742112482853216, 21.193568117830377 ], [ -101.742112482853216, 21.189399728834058 ], [ -101.746684956561495, 21.189399728834001 ], [ -101.746684956561495, 21.193568117830377 ] ] ] } },
{ "type": "Feature", "properties": { "difference_1990_2000": 167.0, "difference_1990_2010": 212.0, "difference_1990_2020": 263.0 }, "geometry": { "type": "Polygon", "coordinates": [ [ [ -101.746684956561495, 21.097724511530263 ], [ -101.742112482853216, 21.09772451153027 ], [ -101.742112482853216, 21.093558786959019 ], [ -101.746684956561495, 21.093558786959022 ], [ -101.746684956561495, 21.097724511530263 ] ] ] } },
{ "type": "Feature", "properties": { "difference_1990_2000": 731.0, "difference_1990_2010": 1248.0, "difference_1990_2020": 1339.0 }, "geometry": { "type": "Polygon", "coordinates": [ [ [ -101.746684956561495, 21.135221233846352 ], [ -101.742112482853216, 21.135221233846352 ], [ -101.742112482853216, 21.131054468661919 ], [ -101.746684956561495, 21.131054468661933 ], [ -101.746684956561495, 21.135221233846352 ] ] ] } },
{ "type": "Feature", "properties": { "difference_1990_2000": -20.0, "difference_1990_2010": -29.0, "difference_1990_2020": -25.0 }, "geometry": { "type": "Polygon", "coordinates": [ [ [ -101.746684956561495, 21.085227684183607 ], [ -101.742112482853216, 21.0852276841836 ], [ -101.742112482853216, 21.081062305916539 ], [ -101.746684956561495, 21.081062305916539 ], [ -101.746684956561495, 21.085227684183607 ] ] ] } },
{ "type": "Feature", "properties": { "difference_1990_2000": -30.0, "difference_1990_2010": -44.0, "difference_1990_2020": -16.0 }, "geometry": { "type": "Polygon", "coordinates": [ [ [ -101.746684956561495, 21.089393177854006 ], [ -101.742112482853216, 21.089393177853982 ], [ -101.742112482853216, 21.0852276841836 ], [ -101.746684956561495, 21.085227684183607 ], [ -101.746684956561495, 21.089393177854006 ] ] ] } },
{ "type": "Feature", "properties": { "difference_1990_2000": 160.0, "difference_1990_2010": 201.0, "difference_1990_2020": 236.0 }, "geometry": { "type": "Polygon", "coordinates": [ [ [ -101.746684956561495, 21.101890351599184 ], [ -101.742112482853216, 21.101890351599152 ], [ -101.742112482853216, 21.09772451153027 ], [ -101.746684956561495, 21.097724511530263 ], [ -101.746684956561495, 21.101890351599184 ] ] ] } },
{ "type": "Feature", "properties": { "difference_1990_2000": 0.0, "difference_1990_2010": 0.0, "difference_1990_2020": 15.0 }, "geometry": { "type": "Polygon", "coordinates": [ [ [ -101.746684956561495, 21.176895258870449 ], [ -101.742112482853216, 21.176895258870456 ], [ -101.742112482853216, 21.172727334452347 ], [ -101.746684956561495, 21.172727334452315 ], [ -101.746684956561495, 21.176895258870449 ] ] ] } },
{ "type": "Feature", "properties": { "difference_1990_2000": 296.0, "difference_1990_2010": 525.0, "difference_1990_2020": 735.0 }, "geometry": { "type": "Polygon", "coordinates": [ [ [ -101.746684956561495, 21.14355511159059 ], [ -101.742112482853216, 21.143555111590548 ], [ -101.742112482853216, 21.139388114812032 ], [ -101.746684956561495, 21.139388114812025 ], [ -101.746684956561495, 21.14355511159059 ] ] ] } },
{ "type": "Feature", "properties": { "difference_1990_2000": 0.0, "difference_1990_2010": -1.0, "difference_1990_2020": -1.0 }, "geometry": { "type": "Polygon", "coordinates": [ [ [ -101.746684956561495, 21.081062305916539 ], [ -101.742112482853216, 21.081062305916539 ], [ -101.742112482853216, 21.07689704302123 ], [ -101.746684956561495, 21.076897043021226 ], [ -101.746684956561495, 21.081062305916539 ] ] ] } },
{ "type": "Feature", "properties": { "difference_1990_2000": 647.0, "difference_1990_2010": 834.0, "difference_1990_2020": 879.0 }, "geometry": { "type": "Polygon", "coordinates": [ [ [ -101.746684956561495, 21.139388114812025 ], [ -101.742112482853216, 21.139388114812032 ], [ -101.742112482853216, 21.135221233846352 ], [ -101.746684956561495, 21.135221233846352 ], [ -101.746684956561495, 21.139388114812025 ] ] ] } },
{ "type": "Feature", "properties": { "difference_1990_2000": 1571.0, "difference_1990_2010": 2510.0, "difference_1990_2020": 2629.0 }, "geometry": { "type": "Polygon", "coordinates": [ [ [ -101.746684956561495, 21.126887819227342 ], [ -101.742112482853216, 21.12688781922736 ], [ -101.742112482853216, 21.122721285510952 ], [ -101.746684956561495, 21.122721285510934 ], [ -101.746684956561495, 21.126887819227342 ] ] ] } },
{ "type": "Feature", "properties": { "difference_1990_2000": 0.0, "difference_1990_2010": 0.0, "difference_1990_2020": 106.0 }, "geometry": { "type": "Polygon", "coordinates": [ [ [ -101.746684956561495, 21.189399728834001 ], [ -101.742112482853216, 21.189399728834058 ], [ -101.742112482853216, 21.185231456029673 ], [ -101.746684956561495, 21.185231456029676 ], [ -101.746684956561495, 21.189399728834001 ] ] ] } },
{ "type": "Feature", "properties": { "difference_1990_2000": 0.0, "difference_1990_2010": 0.0, "difference_1990_2020": 239.0 }, "geometry": { "type": "Polygon", "coordinates": [ [ [ -101.746684956561495, 21.164391833781078 ], [ -101.742112482853216, 21.164391833781078 ], [ -101.742112482853216, 21.160224257464733 ], [ -101.746684956561495, 21.160224257464701 ], [ -101.746684956561495, 21.164391833781078 ] ] ] } },
{ "type": "Feature", "properties": { "difference_1990_2000": 3.0, "difference_1990_2010": 11.0, "difference_1990_2020": 17.0 }, "geometry": { "type": "Polygon", "coordinates": [ [ [ -101.746684956561495, 21.147722224213577 ], [ -101.742112482853216, 21.147722224213577 ], [ -101.742112482853216, 21.143555111590548 ], [ -101.746684956561495, 21.14355511159059 ], [ -101.746684956561495, 21.147722224213577 ] ] ] } },
{ "type": "Feature", "properties": { "difference_1990_2000": 1048.0, "difference_1990_2010": 1486.0, "difference_1990_2020": 1507.0 }, "geometry": { "type": "Polygon", "coordinates": [ [ [ -101.746684956561495, 21.131054468661933 ], [ -101.742112482853216, 21.131054468661919 ], [ -101.742112482853216, 21.12688781922736 ], [ -101.746684956561495, 21.126887819227342 ], [ -101.746684956561495, 21.131054468661933 ] ] ] } },
{ "type": "Feature", "properties": { "difference_1990_2000": 0.0, "difference_1990_2010": 598.0, "difference_1990_2020": 2072.0 }, "geometry": { "type": "Polygon", "coordinates": [ [ [ -101.746684956561495, 21.15605679711901 ], [ -101.742112482853216, 21.156056797119035 ], [ -101.742112482853216, 21.151889452712499 ], [ -101.746684956561495, 21.151889452712499 ], [ -101.746684956561495, 21.15605679711901 ] ] ] } },
{ "type": "Feature", "properties": { "difference_1990_2000": 62.0, "difference_1990_2010": 110.0, "difference_1990_2020": 113.0 }, "geometry": { "type": "Polygon", "coordinates": [ [ [ -101.746684956561495, 21.122721285510934 ], [ -101.742112482853216, 21.122721285510952 ], [ -101.742112482853216, 21.118554867481247 ], [ -101.746684956561495, 21.118554867481265 ], [ -101.746684956561495, 21.122721285510934 ] ] ] } },
{ "type": "Feature", "properties": { "difference_1990_2000": 0.0, "difference_1990_2010": 29.0, "difference_1990_2020": 73.0 }, "geometry": { "type": "Polygon", "coordinates": [ [ [ -101.746684956561495, 21.151889452712499 ], [ -101.742112482853216, 21.151889452712499 ], [ -101.742112482853216, 21.147722224213577 ], [ -101.746684956561495, 21.147722224213577 ], [ -101.746684956561495, 21.151889452712499 ] ] ] } },
{ "type": "Feature", "properties": { "difference_1990_2000": 0.0, "difference_1990_2010": 0.0, "difference_1990_2020": 9.0 }, "geometry": { "type": "Polygon", "coordinates": [ [ [ -101.746684956561495, 21.201905244525701 ], [ -101.742112482853216, 21.201905244525687 ], [ -101.742112482853216, 21.197736623050453 ], [ -101.746684956561495, 21.197736623050396 ], [ -101.746684956561495, 21.201905244525701 ] ] ] } },
{ "type": "Feature", "properties": { "difference_1990_2000": 0.0, "difference_1990_2010": 0.0, "difference_1990_2020": 1309.0 }, "geometry": { "type": "Polygon", "coordinates": [ [ [ -101.559213534522186, 21.072731895466223 ], [ -101.554641060813907, 21.072731895466219 ], [ -101.554641060813907, 21.068566863220088 ], [ -101.559213534522186, 21.068566863220092 ], [ -101.559213534522186, 21.072731895466223 ] ] ] } },
{ "type": "Feature", "properties": { "difference_1990_2000": 0.0, "difference_1990_2010": 0.0, "difference_1990_2020": 2.0 }, "geometry": { "type": "Polygon", "coordinates": [ [ [ -101.559213534522186, 21.07689704302123 ], [ -101.554641060813907, 21.07689704302123 ], [ -101.554641060813907, 21.072731895466219 ], [ -101.559213534522186, 21.072731895466223 ], [ -101.559213534522186, 21.07689704302123 ] ] ] } },
{ "type": "Feature", "properties": { "difference_1990_2000": 0.0, "difference_1990_2010": 0.0, "difference_1990_2020": 9.0 }, "geometry": { "type": "Polygon", "coordinates": [ [ [ -101.559213534522186, 21.081062305916539 ], [ -101.554641060813907, 21.081062305916539 ], [ -101.554641060813907, 21.07689704302123 ], [ -101.559213534522186, 21.07689704302123 ], [ -101.559213534522186, 21.081062305916539 ] ] ] } },
{ "type": "Feature", "properties": { "difference_1990_2000": 0.0, "difference_1990_2010": 0.0, "difference_1990_2020": 2181.0 }, "geometry": { "type": "Polygon", "coordinates": [ [ [ -101.559213534522186, 21.068566863220092 ], [ -101.554641060813907, 21.068566863220088 ], [ -101.554641060813907, 21.06440194625139 ], [ -101.559213534522186, 21.06440194625139 ], [ -101.559213534522186, 21.068566863220092 ] ] ] } },
{ "type": "Feature", "properties": { "difference_1990_2000": 0.0, "difference_1990_2010": 0.0, "difference_1990_2020": 553.0 }, "geometry": { "type": "Polygon", "coordinates": [ [ [ -101.559213534522186, 21.06440194625139 ], [ -101.554641060813907, 21.06440194625139 ], [ -101.554641060813907, 21.060237144528678 ], [ -101.559213534522186, 21.060237144528678 ], [ -101.559213534522186, 21.06440194625139 ] ] ] } },
{ "type": "Feature", "properties": { "difference_1990_2000": -20.0, "difference_1990_2010": -24.0, "difference_1990_2020": -10.0 }, "geometry": { "type": "Polygon", "coordinates": [ [ [ -101.737540009144979, 21.093558786958994 ], [ -101.732967535436686, 21.093558786959012 ], [ -101.732967535436686, 21.089393177853999 ], [ -101.737540009144979, 21.089393177854003 ], [ -101.737540009144979, 21.093558786958994 ] ] ] } },
{ "type": "Feature", "properties": { "difference_1990_2000": 0.0, "difference_1990_2010": 0.0, "difference_1990_2020": 488.0 }, "geometry": { "type": "Polygon", "coordinates": [ [ [ -101.737540009144979, 21.168559526099731 ], [ -101.732967535436686, 21.168559526099727 ], [ -101.732967535436686, 21.164391833781071 ], [ -101.737540009144979, 21.164391833781096 ], [ -101.737540009144979, 21.168559526099731 ] ] ] } },
{ "type": "Feature", "properties": { "difference_1990_2000": 0.0, "difference_1990_2010": 0.0, "difference_1990_2020": 25.0 }, "geometry": { "type": "Polygon", "coordinates": [ [ [ -101.737540009144979, 21.197736623050396 ], [ -101.732967535436686, 21.197736623050453 ], [ -101.732967535436686, 21.193568117830381 ], [ -101.737540009144979, 21.193568117830349 ], [ -101.737540009144979, 21.197736623050396 ] ] ] } },
{ "type": "Feature", "properties": { "difference_1990_2000": 313.0, "difference_1990_2010": 414.0, "difference_1990_2020": 416.0 }, "geometry": { "type": "Polygon", "coordinates": [ [ [ -101.737540009144979, 21.118554867481262 ], [ -101.732967535436686, 21.118554867481262 ], [ -101.732967535436686, 21.114388565106761 ], [ -101.737540009144979, 21.114388565106758 ], [ -101.737540009144979, 21.118554867481262 ] ] ] } },
{ "type": "Feature", "properties": { "difference_1990_2000": 0.0, "difference_1990_2010": 0.0, "difference_1990_2020": 662.0 }, "geometry": { "type": "Polygon", "coordinates": [ [ [ -101.737540009144979, 21.17272733445235 ], [ -101.732967535436686, 21.17272733445235 ], [ -101.732967535436686, 21.168559526099727 ], [ -101.737540009144979, 21.168559526099731 ], [ -101.737540009144979, 21.17272733445235 ] ] ] } },
{ "type": "Feature", "properties": { "difference_1990_2000": 0.0, "difference_1990_2010": 0.0, "difference_1990_2020": 90.0 }, "geometry": { "type": "Polygon", "coordinates": [ [ [ -101.737540009144979, 21.193568117830349 ], [ -101.732967535436686, 21.193568117830381 ], [ -101.732967535436686, 21.189399728834051 ], [ -101.737540009144979, 21.189399728833997 ], [ -101.737540009144979, 21.193568117830349 ] ] ] } },
{ "type": "Feature", "properties": { "difference_1990_2000": 0.0, "difference_1990_2010": 2047.0, "difference_1990_2020": 2913.0 }, "geometry": { "type": "Polygon", "coordinates": [ [ [ -101.737540009144979, 21.160224257464701 ], [ -101.732967535436686, 21.160224257464709 ], [ -101.732967535436686, 21.156056797119067 ], [ -101.737540009144979, 21.156056797119032 ], [ -101.737540009144979, 21.160224257464701 ] ] ] } },
{ "type": "Feature", "properties": { "difference_1990_2000": 188.0, "difference_1990_2010": 189.0, "difference_1990_2020": 202.0 }, "geometry": { "type": "Polygon", "coordinates": [ [ [ -101.737540009144979, 21.09772451153027 ], [ -101.732967535436686, 21.097724511530263 ], [ -101.732967535436686, 21.093558786959012 ], [ -101.737540009144979, 21.093558786958994 ], [ -101.737540009144979, 21.09772451153027 ] ] ] } },
{ "type": "Feature", "properties": { "difference_1990_2000": 0.0, "difference_1990_2010": 298.0, "difference_1990_2020": 638.0 }, "geometry": { "type": "Polygon", "coordinates": [ [ [ -101.737540009144979, 21.135221233846359 ], [ -101.732967535436686, 21.135221233846352 ], [ -101.732967535436686, 21.131054468661929 ], [ -101.737540009144979, 21.131054468661929 ], [ -101.737540009144979, 21.135221233846359 ] ] ] } },
{ "type": "Feature", "properties": { "difference_1990_2000": -18.0, "difference_1990_2010": -21.0, "difference_1990_2020": -24.0 }, "geometry": { "type": "Polygon", "coordinates": [ [ [ -101.737540009144979, 21.085227684183607 ], [ -101.732967535436686, 21.085227684183604 ], [ -101.732967535436686, 21.081062305916539 ], [ -101.737540009144979, 21.081062305916539 ], [ -101.737540009144979, 21.085227684183607 ] ] ] } },
{ "type": "Feature", "properties": { "difference_1990_2000": -25.0, "difference_1990_2010": -28.0, "difference_1990_2020": -33.0 }, "geometry": { "type": "Polygon", "coordinates": [ [ [ -101.737540009144979, 21.089393177854003 ], [ -101.732967535436686, 21.089393177853999 ], [ -101.732967535436686, 21.085227684183604 ], [ -101.737540009144979, 21.085227684183607 ], [ -101.737540009144979, 21.089393177854003 ] ] ] } },
{ "type": "Feature", "properties": { "difference_1990_2000": 768.0, "difference_1990_2010": 790.0, "difference_1990_2020": 783.0 }, "geometry": { "type": "Polygon", "coordinates": [ [ [ -101.737540009144979, 21.106056307197225 ], [ -101.732967535436686, 21.106056307197225 ], [ -101.732967535436686, 21.101890351599188 ], [ -101.737540009144979, 21.101890351599184 ], [ -101.737540009144979, 21.106056307197225 ] ] ] } },
{ "type": "Feature", "properties": { "difference_1990_2000": 673.0, "difference_1990_2010": 583.0, "difference_1990_2020": 679.0 }, "geometry": { "type": "Polygon", "coordinates": [ [ [ -101.737540009144979, 21.101890351599184 ], [ -101.732967535436686, 21.101890351599188 ], [ -101.732967535436686, 21.097724511530263 ], [ -101.737540009144979, 21.09772451153027 ], [ -101.737540009144979, 21.101890351599184 ] ] ] } },
{ "type": "Feature", "properties": { "difference_1990_2000": 0.0, "difference_1990_2010": 0.0, "difference_1990_2020": 90.0 }, "geometry": { "type": "Polygon", "coordinates": [ [ [ -101.737540009144979, 21.176895258870456 ], [ -101.732967535436686, 21.176895258870452 ], [ -101.732967535436686, 21.17272733445235 ], [ -101.737540009144979, 21.17272733445235 ], [ -101.737540009144979, 21.176895258870456 ] ] ] } },
{ "type": "Feature", "properties": { "difference_1990_2000": 27.0, "difference_1990_2010": 880.0, "difference_1990_2020": 1820.0 }, "geometry": { "type": "Polygon", "coordinates": [ [ [ -101.737540009144979, 21.143555111590587 ], [ -101.732967535436686, 21.143555111590583 ], [ -101.732967535436686, 21.139388114812025 ], [ -101.737540009144979, 21.139388114812025 ], [ -101.737540009144979, 21.143555111590587 ] ] ] } },
{ "type": "Feature", "properties": { "difference_1990_2000": 0.0, "difference_1990_2010": 669.0, "difference_1990_2020": 1046.0 }, "geometry": { "type": "Polygon", "coordinates": [ [ [ -101.737540009144979, 21.139388114812025 ], [ -101.732967535436686, 21.139388114812025 ], [ -101.732967535436686, 21.135221233846352 ], [ -101.737540009144979, 21.135221233846359 ], [ -101.737540009144979, 21.139388114812025 ] ] ] } },
{ "type": "Feature", "properties": { "difference_1990_2000": 151.0, "difference_1990_2010": 342.0, "difference_1990_2020": 527.0 }, "geometry": { "type": "Polygon", "coordinates": [ [ [ -101.737540009144979, 21.126887819227342 ], [ -101.732967535436686, 21.126887819227338 ], [ -101.732967535436686, 21.122721285510931 ], [ -101.737540009144979, 21.122721285510934 ], [ -101.737540009144979, 21.126887819227342 ] ] ] } },
{ "type": "Feature", "properties": { "difference_1990_2000": 0.0, "difference_1990_2010": 0.0, "difference_1990_2020": 44.0 }, "geometry": { "type": "Polygon", "coordinates": [ [ [ -101.737540009144979, 21.189399728833997 ], [ -101.732967535436686, 21.189399728834051 ], [ -101.732967535436686, 21.185231456029658 ], [ -101.737540009144979, 21.185231456029626 ], [ -101.737540009144979, 21.189399728833997 ] ] ] } },
{ "type": "Feature", "properties": { "difference_1990_2000": 0.0, "difference_1990_2010": 93.0, "difference_1990_2020": 712.0 }, "geometry": { "type": "Polygon", "coordinates": [ [ [ -101.737540009144979, 21.164391833781096 ], [ -101.732967535436686, 21.164391833781071 ], [ -101.732967535436686, 21.160224257464737 ], [ -101.737540009144979, 21.160224257464733 ], [ -101.737540009144979, 21.164391833781096 ] ] ] } },
{ "type": "Feature", "properties": { "difference_1990_2000": 800.0, "difference_1990_2010": 1057.0, "difference_1990_2020": 1731.0 }, "geometry": { "type": "Polygon", "coordinates": [ [ [ -101.737540009144979, 21.147722224213577 ], [ -101.732967535436686, 21.147722224213577 ], [ -101.732967535436686, 21.143555111590583 ], [ -101.737540009144979, 21.143555111590587 ], [ -101.737540009144979, 21.147722224213577 ] ] ] } },
{ "type": "Feature", "properties": { "difference_1990_2000": 0.0, "difference_1990_2010": 127.0, "difference_1990_2020": 419.0 }, "geometry": { "type": "Polygon", "coordinates": [ [ [ -101.737540009144979, 21.131054468661929 ], [ -101.732967535436686, 21.131054468661929 ], [ -101.732967535436686, 21.126887819227338 ], [ -101.737540009144979, 21.126887819227342 ], [ -101.737540009144979, 21.131054468661929 ] ] ] } },
{ "type": "Feature", "properties": { "difference_1990_2000": 25.0, "difference_1990_2010": 2968.0, "difference_1990_2020": 3524.0 }, "geometry": { "type": "Polygon", "coordinates": [ [ [ -101.737540009144979, 21.156056797119032 ], [ -101.732967535436686, 21.156056797119067 ], [ -101.732967535436686, 21.151889452712499 ], [ -101.737540009144979, 21.151889452712499 ], [ -101.737540009144979, 21.156056797119032 ] ] ] } },
{ "type": "Feature", "properties": { "difference_1990_2000": 808.0, "difference_1990_2010": 1071.0, "difference_1990_2020": 1090.0 }, "geometry": { "type": "Polygon", "coordinates": [ [ [ -101.737540009144979, 21.122721285510934 ], [ -101.732967535436686, 21.122721285510931 ], [ -101.732967535436686, 21.118554867481262 ], [ -101.737540009144979, 21.118554867481262 ], [ -101.737540009144979, 21.122721285510934 ] ] ] } },
{ "type": "Feature", "properties": { "difference_1990_2000": 1282.0, "difference_1990_2010": 2796.0, "difference_1990_2020": 3247.0 }, "geometry": { "type": "Polygon", "coordinates": [ [ [ -101.737540009144979, 21.151889452712499 ], [ -101.732967535436686, 21.151889452712499 ], [ -101.732967535436686, 21.147722224213577 ], [ -101.737540009144979, 21.147722224213577 ], [ -101.737540009144979, 21.151889452712499 ] ] ] } },
{ "type": "Feature", "properties": { "difference_1990_2000": 0.0, "difference_1990_2010": 0.0, "difference_1990_2020": 51.0 }, "geometry": { "type": "Polygon", "coordinates": [ [ [ -101.728395061728406, 21.214411806799976 ], [ -101.723822588020127, 21.214411806799976 ], [ -101.723822588020127, 21.21024283636882 ], [ -101.728395061728406, 21.210242836368852 ], [ -101.728395061728406, 21.214411806799976 ] ] ] } },
{ "type": "Feature", "properties": { "difference_1990_2000": -48.0, "difference_1990_2010": -36.0, "difference_1990_2020": -51.0 }, "geometry": { "type": "Polygon", "coordinates": [ [ [ -101.728395061728406, 21.093558786959015 ], [ -101.723822588020127, 21.093558786959019 ], [ -101.723822588020127, 21.089393177853985 ], [ -101.728395061728406, 21.089393177853985 ], [ -101.728395061728406, 21.093558786959015 ] ] ] } },
{ "type": "Feature", "properties": { "difference_1990_2000": 789.0, "difference_1990_2010": 1553.0, "difference_1990_2020": 1658.0 }, "geometry": { "type": "Polygon", "coordinates": [ [ [ -101.728395061728406, 21.118554867481244 ], [ -101.723822588020127, 21.118554867481247 ], [ -101.723822588020127, 21.114388565106719 ], [ -101.728395061728406, 21.114388565106722 ], [ -101.728395061728406, 21.118554867481244 ] ] ] } },
{ "type": "Feature", "properties": { "difference_1990_2000": 0.0, "difference_1990_2010": 0.0, "difference_1990_2020": 2.0 }, "geometry": { "type": "Polygon", "coordinates": [ [ [ -101.728395061728406, 21.181063299385727 ], [ -101.723822588020127, 21.181063299385674 ], [ -101.723822588020127, 21.176895258870424 ], [ -101.728395061728406, 21.176895258870452 ], [ -101.728395061728406, 21.181063299385727 ] ] ] } },
{ "type": "Feature", "properties": { "difference_1990_2000": 11.0, "difference_1990_2010": 34.0, "difference_1990_2020": 116.0 }, "geometry": { "type": "Polygon", "coordinates": [ [ [ -101.728395061728406, 21.168559526099763 ], [ -101.723822588020127, 21.168559526099731 ], [ -101.723822588020127, 21.164391833781075 ], [ -101.728395061728406, 21.164391833781071 ], [ -101.728395061728406, 21.168559526099763 ] ] ] } },
{ "type": "Feature", "properties": { "difference_1990_2000": 56.0, "difference_1990_2010": 164.0, "difference_1990_2020": 221.0 }, "geometry": { "type": "Polygon", "coordinates": [ [ [ -101.728395061728406, 21.172727334452354 ], [ -101.723822588020127, 21.17272733445235 ], [ -101.723822588020127, 21.168559526099731 ], [ -101.728395061728406, 21.168559526099763 ], [ -101.728395061728406, 21.172727334452354 ] ] ] } },
{ "type": "Feature", "properties": { "difference_1990_2000": 0.0, "difference_1990_2010": 15.0, "difference_1990_2020": 143.0 }, "geometry": { "type": "Polygon", "coordinates": [ [ [ -101.728395061728406, 21.197736623050453 ], [ -101.723822588020127, 21.197736623050449 ], [ -101.723822588020127, 21.193568117830385 ], [ -101.728395061728406, 21.193568117830385 ], [ -101.728395061728406, 21.197736623050453 ] ] ] } },
{ "type": "Feature", "properties": { "difference_1990_2000": 0.0, "difference_1990_2010": 0.0, "difference_1990_2020": 108.0 }, "geometry": { "type": "Polygon", "coordinates": [ [ [ -101.728395061728406, 21.210242836368852 ], [ -101.723822588020127, 21.21024283636882 ], [ -101.723822588020127, 21.206073982287961 ], [ -101.728395061728406, 21.20607398228794 ], [ -101.728395061728406, 21.210242836368852 ] ] ] } },
{ "type": "Feature", "properties": { "difference_1990_2000": 0.0, "difference_1990_2010": 184.0, "difference_1990_2020": 533.0 }, "geometry": { "type": "Polygon", "coordinates": [ [ [ -101.728395061728406, 21.160224257464701 ], [ -101.723822588020127, 21.160224257464733 ], [ -101.723822588020127, 21.156056797119064 ], [ -101.728395061728406, 21.156056797119032 ], [ -101.728395061728406, 21.160224257464701 ] ] ] } },
{ "type": "Feature", "properties": { "difference_1990_2000": 0.0, "difference_1990_2010": 70.0, "difference_1990_2020": 158.0 }, "geometry": { "type": "Polygon", "coordinates": [ [ [ -101.728395061728406, 21.193568117830385 ], [ -101.723822588020127, 21.193568117830385 ], [ -101.723822588020127, 21.189399728834051 ], [ -101.728395061728406, 21.189399728834051 ], [ -101.728395061728406, 21.193568117830385 ] ] ] } },
{ "type": "Feature", "properties": { "difference_1990_2000": -16.0, "difference_1990_2010": -13.0, "difference_1990_2020": -25.0 }, "geometry": { "type": "Polygon", "coordinates": [ [ [ -101.728395061728406, 21.09772451153027 ], [ -101.723822588020127, 21.097724511530267 ], [ -101.723822588020127, 21.093558786959019 ], [ -101.728395061728406, 21.093558786959015 ], [ -101.728395061728406, 21.09772451153027 ] ] ] } },
{ "type": "Feature", "properties": { "difference_1990_2000": 0.0, "difference_1990_2010": 1369.0, "difference_1990_2020": 1942.0 }, "geometry": { "type": "Polygon", "coordinates": [ [ [ -101.728395061728406, 21.135221233846352 ], [ -101.723822588020127, 21.135221233846352 ], [ -101.723822588020127, 21.131054468661933 ], [ -101.728395061728406, 21.131054468661937 ], [ -101.728395061728406, 21.135221233846352 ] ] ] } },
{ "type": "Feature", "properties": { "difference_1990_2000": 1544.0, "difference_1990_2010": 2234.0, "difference_1990_2020": 3119.0 }, "geometry": { "type": "Polygon", "coordinates": [ [ [ -101.728395061728406, 21.106056307197179 ], [ -101.723822588020127, 21.106056307197186 ], [ -101.723822588020127, 21.101890351599181 ], [ -101.728395061728406, 21.101890351599181 ], [ -101.728395061728406, 21.106056307197179 ] ] ] } },
{ "type": "Feature", "properties": { "difference_1990_2000": -18.0, "difference_1990_2010": -17.0, "difference_1990_2020": -20.0 }, "geometry": { "type": "Polygon", "coordinates": [ [ [ -101.728395061728406, 21.089393177853985 ], [ -101.723822588020127, 21.089393177853985 ], [ -101.723822588020127, 21.085227684183597 ], [ -101.728395061728406, 21.085227684183607 ], [ -101.728395061728406, 21.089393177853985 ] ] ] } },
{ "type": "Feature", "properties": { "difference_1990_2000": 2438.0, "difference_1990_2010": 3118.0, "difference_1990_2020": 4416.0 }, "geometry": { "type": "Polygon", "coordinates": [ [ [ -101.728395061728406, 21.110222378355893 ], [ -101.723822588020127, 21.110222378355893 ], [ -101.723822588020127, 21.106056307197186 ], [ -101.728395061728406, 21.106056307197179 ], [ -101.728395061728406, 21.110222378355893 ] ] ] } },
{ "type": "Feature", "properties": { "difference_1990_2000": 1587.0, "difference_1990_2010": 1740.0, "difference_1990_2020": 2070.0 }, "geometry": { "type": "Polygon", "coordinates": [ [ [ -101.728395061728406, 21.114388565106722 ], [ -101.723822588020127, 21.114388565106719 ], [ -101.723822588020127, 21.110222378355893 ], [ -101.728395061728406, 21.110222378355893 ], [ -101.728395061728406, 21.114388565106722 ] ] ] } },
{ "type": "Feature", "properties": { "difference_1990_2000": -131.0, "difference_1990_2010": -253.0, "difference_1990_2020": -361.0 }, "geometry": { "type": "Polygon", "coordinates": [ [ [ -101.728395061728406, 21.101890351599181 ], [ -101.723822588020127, 21.101890351599181 ], [ -101.723822588020127, 21.097724511530267 ], [ -101.728395061728406, 21.09772451153027 ], [ -101.728395061728406, 21.101890351599181 ] ] ] } },
{ "type": "Feature", "properties": { "difference_1990_2000": 33.0, "difference_1990_2010": 101.0, "difference_1990_2020": 145.0 }, "geometry": { "type": "Polygon", "coordinates": [ [ [ -101.728395061728406, 21.176895258870452 ], [ -101.723822588020127, 21.176895258870424 ], [ -101.723822588020127, 21.17272733445235 ], [ -101.728395061728406, 21.172727334452354 ], [ -101.728395061728406, 21.176895258870452 ] ] ] } },
{ "type": "Feature", "properties": { "difference_1990_2000": 129.0, "difference_1990_2010": 1035.0, "difference_1990_2020": 1483.0 }, "geometry": { "type": "Polygon", "coordinates": [ [ [ -101.728395061728406, 21.143555111590587 ], [ -101.723822588020127, 21.143555111590587 ], [ -101.723822588020127, 21.139388114812025 ], [ -101.728395061728406, 21.139388114812025 ], [ -101.728395061728406, 21.143555111590587 ] ] ] } },
{ "type": "Feature", "properties": { "difference_1990_2000": 0.0, "difference_1990_2010": 1492.0, "difference_1990_2020": 1708.0 }, "geometry": { "type": "Polygon", "coordinates": [ [ [ -101.728395061728406, 21.139388114812025 ], [ -101.723822588020127, 21.139388114812025 ], [ -101.723822588020127, 21.135221233846352 ], [ -101.728395061728406, 21.135221233846352 ], [ -101.728395061728406, 21.139388114812025 ] ] ] } },
{ "type": "Feature", "properties": { "difference_1990_2000": 46.0, "difference_1990_2010": 2192.0, "difference_1990_2020": 2634.0 }, "geometry": { "type": "Polygon", "coordinates": [ [ [ -101.728395061728406, 21.12688781922736 ], [ -101.723822588020127, 21.12688781922731 ], [ -101.723822588020127, 21.122721285510949 ], [ -101.728395061728406, 21.122721285510949 ], [ -101.728395061728406, 21.12688781922736 ] ] ] } },
{ "type": "Feature", "properties": { "difference_1990_2000": 0.0, "difference_1990_2010": 0.0, "difference_1990_2020": 108.0 }, "geometry": { "type": "Polygon", "coordinates": [ [ [ -101.728395061728406, 21.20607398228794 ], [ -101.723822588020127, 21.206073982287961 ], [ -101.723822588020127, 21.201905244525733 ], [ -101.728395061728406, 21.201905244525744 ], [ -101.728395061728406, 21.20607398228794 ] ] ] } },
{ "type": "Feature", "properties": { "difference_1990_2000": 0.0, "difference_1990_2010": 33.0, "difference_1990_2020": 399.0 }, "geometry": { "type": "Polygon", "coordinates": [ [ [ -101.728395061728406, 21.164391833781071 ], [ -101.723822588020127, 21.164391833781075 ], [ -101.723822588020127, 21.160224257464751 ], [ -101.728395061728406, 21.160224257464733 ], [ -101.728395061728406, 21.164391833781071 ] ] ] } },
{ "type": "Feature", "properties": { "difference_1990_2000": 393.0, "difference_1990_2010": 745.0, "difference_1990_2020": 943.0 }, "geometry": { "type": "Polygon", "coordinates": [ [ [ -101.728395061728406, 21.147722224213581 ], [ -101.723822588020127, 21.147722224213577 ], [ -101.723822588020127, 21.143555111590587 ], [ -101.728395061728406, 21.143555111590587 ], [ -101.728395061728406, 21.147722224213581 ] ] ] } },
{ "type": "Feature", "properties": { "difference_1990_2000": 0.0, "difference_1990_2010": 1879.0, "difference_1990_2020": 2457.0 }, "geometry": { "type": "Polygon", "coordinates": [ [ [ -101.728395061728406, 21.131054468661937 ], [ -101.723822588020127, 21.131054468661933 ], [ -101.723822588020127, 21.12688781922731 ], [ -101.728395061728406, 21.12688781922736 ], [ -101.728395061728406, 21.131054468661937 ] ] ] } },
{ "type": "Feature", "properties": { "difference_1990_2000": 0.0, "difference_1990_2010": 260.0, "difference_1990_2020": 738.0 }, "geometry": { "type": "Polygon", "coordinates": [ [ [ -101.728395061728406, 21.156056797119032 ], [ -101.723822588020127, 21.156056797119064 ], [ -101.723822588020127, 21.151889452712496 ], [ -101.728395061728406, 21.151889452712503 ], [ -101.728395061728406, 21.156056797119032 ] ] ] } },
{ "type": "Feature", "properties": { "difference_1990_2000": 1089.0, "difference_1990_2010": 2103.0, "difference_1990_2020": 2393.0 }, "geometry": { "type": "Polygon", "coordinates": [ [ [ -101.728395061728406, 21.122721285510949 ], [ -101.723822588020127, 21.122721285510949 ], [ -101.723822588020127, 21.118554867481247 ], [ -101.728395061728406, 21.118554867481244 ], [ -101.728395061728406, 21.122721285510949 ] ] ] } },
{ "type": "Feature", "properties": { "difference_1990_2000": 20.0, "difference_1990_2010": 154.0, "difference_1990_2020": 372.0 }, "geometry": { "type": "Polygon", "coordinates": [ [ [ -101.728395061728406, 21.151889452712503 ], [ -101.723822588020127, 21.151889452712496 ], [ -101.723822588020127, 21.147722224213577 ], [ -101.728395061728406, 21.147722224213581 ], [ -101.728395061728406, 21.151889452712503 ] ] ] } },
{ "type": "Feature", "properties": { "difference_1990_2000": 0.0, "difference_1990_2010": 0.0, "difference_1990_2020": 108.0 }, "geometry": { "type": "Polygon", "coordinates": [ [ [ -101.728395061728406, 21.201905244525701 ], [ -101.723822588020127, 21.201905244525697 ], [ -101.723822588020127, 21.197736623050449 ], [ -101.728395061728406, 21.197736623050453 ], [ -101.728395061728406, 21.201905244525701 ] ] ] } },
{ "type": "Feature", "properties": { "difference_1990_2000": 121.0, "difference_1990_2010": 22.0, "difference_1990_2020": 86.0 }, "geometry": { "type": "Polygon", "coordinates": [ [ [ -101.719250114311833, 21.093558786959019 ], [ -101.714677640603554, 21.093558786958994 ], [ -101.714677640603554, 21.089393177853985 ], [ -101.719250114311833, 21.089393177853982 ], [ -101.719250114311833, 21.093558786959019 ] ] ] } },
{ "type": "Feature", "properties": { "difference_1990_2000": 60.0, "difference_1990_2010": 176.0, "difference_1990_2020": 234.0 }, "geometry": { "type": "Polygon", "coordinates": [ [ [ -101.719250114311833, 21.168559526099731 ], [ -101.714677640603554, 21.168559526099735 ], [ -101.714677640603554, 21.164391833781043 ], [ -101.719250114311833, 21.164391833781078 ], [ -101.719250114311833, 21.168559526099731 ] ] ] } },
{ "type": "Feature", "properties": { "difference_1990_2000": -313.0, "difference_1990_2010": -840.0, "difference_1990_2020": -1038.0 }, "geometry": { "type": "Polygon", "coordinates": [ [ [ -101.719250114311833, 21.118554867481247 ], [ -101.714677640603554, 21.118554867481244 ], [ -101.714677640603554, 21.114388565106719 ], [ -101.719250114311833, 21.114388565106726 ], [ -101.719250114311833, 21.118554867481247 ] ] ] } },
{ "type": "Feature", "properties": { "difference_1990_2000": 32.0, "difference_1990_2010": 338.0, "difference_1990_2020": 472.0 }, "geometry": { "type": "Polygon", "coordinates": [ [ [ -101.719250114311833, 21.181063299385713 ], [ -101.714677640603554, 21.181063299385709 ], [ -101.714677640603554, 21.176895258870449 ], [ -101.719250114311833, 21.176895258870452 ], [ -101.719250114311833, 21.181063299385713 ] ] ] } },
{ "type": "Feature", "properties": { "difference_1990_2000": 0.0, "difference_1990_2010": 159.0, "difference_1990_2020": 661.0 }, "geometry": { "type": "Polygon", "coordinates": [ [ [ -101.719250114311833, 21.19773662305041 ], [ -101.714677640603554, 21.1977366230504 ], [ -101.714677640603554, 21.193568117830381 ], [ -101.719250114311833, 21.193568117830381 ], [ -101.719250114311833, 21.19773662305041 ] ] ] } },
{ "type": "Feature", "properties": { "difference_1990_2000": 61.0, "difference_1990_2010": 176.0, "difference_1990_2020": 237.0 }, "geometry": { "type": "Polygon", "coordinates": [ [ [ -101.719250114311833, 21.172727334452347 ], [ -101.714677640603554, 21.172727334452318 ], [ -101.714677640603554, 21.168559526099735 ], [ -101.719250114311833, 21.168559526099731 ], [ -101.719250114311833, 21.172727334452347 ] ] ] } },
{ "type": "Feature", "properties": { "difference_1990_2000": 0.0, "difference_1990_2010": 377.0, "difference_1990_2020": 764.0 }, "geometry": { "type": "Polygon", "coordinates": [ [ [ -101.719250114311833, 21.193568117830381 ], [ -101.714677640603554, 21.193568117830381 ], [ -101.714677640603554, 21.189399728834019 ], [ -101.719250114311833, 21.189399728833997 ], [ -101.719250114311833, 21.193568117830381 ] ] ] } },
{ "type": "Feature", "properties": { "difference_1990_2000": 132.0, "difference_1990_2010": 433.0, "difference_1990_2020": 556.0 }, "geometry": { "type": "Polygon", "coordinates": [ [ [ -101.719250114311833, 21.160224257464733 ], [ -101.714677640603554, 21.160224257464701 ], [ -101.714677640603554, 21.156056797119035 ], [ -101.719250114311833, 21.156056797119032 ], [ -101.719250114311833, 21.160224257464733 ] ] ] } },
{ "type": "Feature", "properties": { "difference_1990_2000": 171.0, "difference_1990_2010": 54.0, "difference_1990_2020": 144.0 }, "geometry": { "type": "Polygon", "coordinates": [ [ [ -101.719250114311833, 21.097724511530267 ], [ -101.714677640603554, 21.097724511530267 ], [ -101.714677640603554, 21.093558786958994 ], [ -101.719250114311833, 21.093558786959019 ], [ -101.719250114311833, 21.097724511530267 ] ] ] } },
{ "type": "Feature", "properties": { "difference_1990_2000": 916.0, "difference_1990_2010": 1451.0, "difference_1990_2020": 1652.0 }, "geometry": { "type": "Polygon", "coordinates": [ [ [ -101.719250114311833, 21.135221233846352 ], [ -101.714677640603554, 21.135221233846345 ], [ -101.714677640603554, 21.131054468661933 ], [ -101.719250114311833, 21.131054468661926 ], [ -101.719250114311833, 21.135221233846352 ] ] ] } },
{ "type": "Feature", "properties": { "difference_1990_2000": 27.0, "difference_1990_2010": 1108.0, "difference_1990_2020": 1864.0 }, "geometry": { "type": "Polygon", "coordinates": [ [ [ -101.719250114311833, 21.106056307197182 ], [ -101.714677640603554, 21.106056307197186 ], [ -101.714677640603554, 21.101890351599181 ], [ -101.719250114311833, 21.101890351599177 ], [ -101.719250114311833, 21.106056307197182 ] ] ] } },
{ "type": "Feature", "properties": { "difference_1990_2000": 344.0, "difference_1990_2010": 1584.0, "difference_1990_2020": 2415.0 }, "geometry": { "type": "Polygon", "coordinates": [ [ [ -101.719250114311833, 21.110222378355893 ], [ -101.714677640603554, 21.110222378355896 ], [ -101.714677640603554, 21.106056307197186 ], [ -101.719250114311833, 21.106056307197182 ], [ -101.719250114311833, 21.110222378355893 ] ] ] } },
{ "type": "Feature", "properties": { "difference_1990_2000": 1127.0, "difference_1990_2010": 1283.0, "difference_1990_2020": 1662.0 }, "geometry": { "type": "Polygon", "coordinates": [ [ [ -101.719250114311833, 21.114388565106726 ], [ -101.714677640603554, 21.114388565106719 ], [ -101.714677640603554, 21.110222378355896 ], [ -101.719250114311833, 21.110222378355893 ], [ -101.719250114311833, 21.114388565106726 ] ] ] } },
{ "type": "Feature", "properties": { "difference_1990_2000": 4.0, "difference_1990_2010": 593.0, "difference_1990_2020": 743.0 }, "geometry": { "type": "Polygon", "coordinates": [ [ [ -101.719250114311833, 21.185231456029658 ], [ -101.714677640603554, 21.185231456029658 ], [ -101.714677640603554, 21.181063299385709 ], [ -101.719250114311833, 21.181063299385713 ], [ -101.719250114311833, 21.185231456029658 ] ] ] } },
{ "type": "Feature", "properties": { "difference_1990_2000": 54.0, "difference_1990_2010": -69.0, "difference_1990_2020": -42.0 }, "geometry": { "type": "Polygon", "coordinates": [ [ [ -101.719250114311833, 21.101890351599177 ], [ -101.714677640603554, 21.101890351599181 ], [ -101.714677640603554, 21.097724511530267 ], [ -101.719250114311833, 21.097724511530267 ], [ -101.719250114311833, 21.101890351599177 ] ] ] } },
{ "type": "Feature", "properties": { "difference_1990_2000": 66.0, "difference_1990_2010": 39.0, "difference_1990_2020": 150.0 }, "geometry": { "type": "Polygon", "coordinates": [ [ [ -101.719250114311833, 21.176895258870452 ], [ -101.714677640603554, 21.176895258870449 ], [ -101.714677640603554, 21.172727334452318 ], [ -101.719250114311833, 21.172727334452347 ], [ -101.719250114311833, 21.176895258870452 ] ] ] } },
{ "type": "Feature", "properties": { "difference_1990_2000": 1716.0, "difference_1990_2010": 2051.0, "difference_1990_2020": 2091.0 }, "geometry": { "type": "Polygon", "coordinates": [ [ [ -101.719250114311833, 21.143555111590587 ], [ -101.714677640603554, 21.143555111590555 ], [ -101.714677640603554, 21.139388114812029 ], [ -101.719250114311833, 21.139388114812029 ], [ -101.719250114311833, 21.143555111590587 ] ] ] } },
{ "type": "Feature", "properties": { "difference_1990_2000": 854.0, "difference_1990_2010": 1059.0, "difference_1990_2020": 992.0 }, "geometry": { "type": "Polygon", "coordinates": [ [ [ -101.719250114311833, 21.139388114812029 ], [ -101.714677640603554, 21.139388114812029 ], [ -101.714677640603554, 21.135221233846345 ], [ -101.719250114311833, 21.135221233846352 ], [ -101.719250114311833, 21.139388114812029 ] ] ] } },
{ "type": "Feature", "properties": { "difference_1990_2000": 0.0, "difference_1990_2010": 590.0, "difference_1990_2020": 752.0 }, "geometry": { "type": "Polygon", "coordinates": [ [ [ -101.719250114311833, 21.189399728833997 ], [ -101.714677640603554, 21.189399728834019 ], [ -101.714677640603554, 21.185231456029658 ], [ -101.719250114311833, 21.185231456029658 ], [ -101.719250114311833, 21.189399728833997 ] ] ] } },
{ "type": "Feature", "properties": { "difference_1990_2000": 2641.0, "difference_1990_2010": 3467.0, "difference_1990_2020": 3344.0 }, "geometry": { "type": "Polygon", "coordinates": [ [ [ -101.719250114311833, 21.12688781922736 ], [ -101.714677640603554, 21.126887819227356 ], [ -101.714677640603554, 21.122721285510934 ], [ -101.719250114311833, 21.122721285510931 ], [ -101.719250114311833, 21.12688781922736 ] ] ] } },
{ "type": "Feature", "properties": { "difference_1990_2000": 34.0, "difference_1990_2010": 113.0, "difference_1990_2020": 169.0 }, "geometry": { "type": "Polygon", "coordinates": [ [ [ -101.719250114311833, 21.164391833781078 ], [ -101.714677640603554, 21.164391833781043 ], [ -101.714677640603554, 21.160224257464737 ], [ -101.719250114311833, 21.160224257464733 ], [ -101.719250114311833, 21.164391833781078 ] ] ] } },
{ "type": "Feature", "properties": { "difference_1990_2000": 31.0, "difference_1990_2010": 98.0, "difference_1990_2020": 120.0 }, "geometry": { "type": "Polygon", "coordinates": [ [ [ -101.719250114311833, 21.147722224213577 ], [ -101.714677640603554, 21.147722224213577 ], [ -101.714677640603554, 21.143555111590555 ], [ -101.719250114311833, 21.143555111590587 ], [ -101.719250114311833, 21.147722224213577 ] ] ] } },
{ "type": "Feature", "properties": { "difference_1990_2000": 2812.0, "difference_1990_2010": 3453.0, "difference_1990_2020": 3338.0 }, "geometry": { "type": "Polygon", "coordinates": [ [ [ -101.719250114311833, 21.131054468661926 ], [ -101.714677640603554, 21.131054468661933 ], [ -101.714677640603554, 21.126887819227356 ], [ -101.719250114311833, 21.12688781922736 ], [ -101.719250114311833, 21.131054468661926 ] ] ] } },
{ "type": "Feature", "properties": { "difference_1990_2000": 137.0, "difference_1990_2010": 422.0, "difference_1990_2020": 541.0 }, "geometry": { "type": "Polygon", "coordinates": [ [ [ -101.719250114311833, 21.156056797119032 ], [ -101.714677640603554, 21.156056797119035 ], [ -101.714677640603554, 21.151889452712499 ], [ -101.719250114311833, 21.151889452712503 ], [ -101.719250114311833, 21.156056797119032 ] ] ] } },
{ "type": "Feature", "properties": { "difference_1990_2000": 672.0, "difference_1990_2010": 1022.0, "difference_1990_2020": 863.0 }, "geometry": { "type": "Polygon", "coordinates": [ [ [ -101.719250114311833, 21.122721285510931 ], [ -101.714677640603554, 21.122721285510934 ], [ -101.714677640603554, 21.118554867481244 ], [ -101.719250114311833, 21.118554867481247 ], [ -101.719250114311833, 21.122721285510931 ] ] ] } },
{ "type": "Feature", "properties": { "difference_1990_2000": 132.0, "difference_1990_2010": 198.0, "difference_1990_2020": 254.0 }, "geometry": { "type": "Polygon", "coordinates": [ [ [ -101.719250114311833, 21.151889452712503 ], [ -101.714677640603554, 21.151889452712499 ], [ -101.714677640603554, 21.147722224213577 ], [ -101.719250114311833, 21.147722224213577 ], [ -101.719250114311833, 21.151889452712503 ] ] ] } },
{ "type": "Feature", "properties": { "difference_1990_2000": 0.0, "difference_1990_2010": 6.0, "difference_1990_2020": 67.0 }, "geometry": { "type": "Polygon", "coordinates": [ [ [ -101.719250114311833, 21.201905244525687 ], [ -101.714677640603554, 21.201905244525701 ], [ -101.714677640603554, 21.1977366230504 ], [ -101.719250114311833, 21.19773662305041 ], [ -101.719250114311833, 21.201905244525687 ] ] ] } },
{ "type": "Feature", "properties": { "difference_1990_2000": 125.0, "difference_1990_2010": 241.0, "difference_1990_2020": 289.0 }, "geometry": { "type": "Polygon", "coordinates": [ [ [ -101.710105166895318, 21.168559526099731 ], [ -101.705532693187024, 21.168559526099731 ], [ -101.705532693187024, 21.164391833781075 ], [ -101.710105166895318, 21.164391833781078 ], [ -101.710105166895318, 21.168559526099731 ] ] ] } },
{ "type": "Feature", "properties": { "difference_1990_2000": 363.0, "difference_1990_2010": 512.0, "difference_1990_2020": 504.0 }, "geometry": { "type": "Polygon", "coordinates": [ [ [ -101.710105166895318, 21.181063299385709 ], [ -101.705532693187024, 21.181063299385723 ], [ -101.705532693187024, 21.176895258870449 ], [ -101.710105166895318, 21.176895258870456 ], [ -101.710105166895318, 21.181063299385709 ] ] ] } },
{ "type": "Feature", "properties": { "difference_1990_2000": 300.0, "difference_1990_2010": 205.0, "difference_1990_2020": 204.0 }, "geometry": { "type": "Polygon", "coordinates": [ [ [ -101.710105166895318, 21.118554867481262 ], [ -101.705532693187024, 21.118554867481247 ], [ -101.705532693187024, 21.114388565106719 ], [ -101.710105166895318, 21.114388565106719 ], [ -101.710105166895318, 21.118554867481262 ] ] ] } },
{ "type": "Feature", "properties": { "difference_1990_2000": 63.0, "difference_1990_2010": 183.0, "difference_1990_2020": 244.0 }, "geometry": { "type": "Polygon", "coordinates": [ [ [ -101.710105166895318, 21.172727334452343 ], [ -101.705532693187024, 21.17272733445235 ], [ -101.705532693187024, 21.168559526099731 ], [ -101.710105166895318, 21.168559526099731 ], [ -101.710105166895318, 21.172727334452343 ] ] ] } },
{ "type": "Feature", "properties": { "difference_1990_2000": 64.0, "difference_1990_2010": 107.0, "difference_1990_2020": 146.0 }, "geometry": { "type": "Polygon", "coordinates": [ [ [ -101.710105166895318, 21.160224257464701 ], [ -101.705532693187024, 21.160224257464698 ], [ -101.705532693187024, 21.156056797119035 ], [ -101.710105166895318, 21.156056797119028 ], [ -101.710105166895318, 21.160224257464701 ] ] ] } },
{ "type": "Feature", "properties": { "difference_1990_2000": 58.0, "difference_1990_2010": 96.0, "difference_1990_2020": 137.0 }, "geometry": { "type": "Polygon", "coordinates": [ [ [ -101.710105166895318, 21.097724511530263 ], [ -101.705532693187024, 21.097724511530267 ], [ -101.705532693187024, 21.093558786959019 ], [ -101.710105166895318, 21.093558786959019 ], [ -101.710105166895318, 21.097724511530263 ] ] ] } },
{ "type": "Feature", "properties": { "difference_1990_2000": -526.0, "difference_1990_2010": -1277.0, "difference_1990_2020": -1686.0 }, "geometry": { "type": "Polygon", "coordinates": [ [ [ -101.710105166895318, 21.135221233846352 ], [ -101.705532693187024, 21.135221233846348 ], [ -101.705532693187024, 21.131054468661929 ], [ -101.710105166895318, 21.131054468661929 ], [ -101.710105166895318, 21.135221233846352 ] ] ] } },
{ "type": "Feature", "properties": { "difference_1990_2000": 1800.0, "difference_1990_2010": 1393.0, "difference_1990_2020": 1046.0 }, "geometry": { "type": "Polygon", "coordinates": [ [ [ -101.710105166895318, 21.106056307197186 ], [ -101.705532693187024, 21.106056307197179 ], [ -101.705532693187024, 21.101890351599184 ], [ -101.710105166895318, 21.101890351599181 ], [ -101.710105166895318, 21.106056307197186 ] ] ] } },
{ "type": "Feature", "properties": { "difference_1990_2000": 1253.0, "difference_1990_2010": 1180.0, "difference_1990_2020": 944.0 }, "geometry": { "type": "Polygon", "coordinates": [ [ [ -101.710105166895318, 21.110222378355864 ], [ -101.705532693187024, 21.110222378355864 ], [ -101.705532693187024, 21.106056307197179 ], [ -101.710105166895318, 21.106056307197186 ], [ -101.710105166895318, 21.110222378355864 ] ] ] } },
{ "type": "Feature", "properties": { "difference_1990_2000": -3.0, "difference_1990_2010": -112.0, "difference_1990_2020": -280.0 }, "geometry": { "type": "Polygon", "coordinates": [ [ [ -101.710105166895318, 21.114388565106719 ], [ -101.705532693187024, 21.114388565106719 ], [ -101.705532693187024, 21.110222378355864 ], [ -101.710105166895318, 21.110222378355864 ], [ -101.710105166895318, 21.114388565106719 ] ] ] } },
{ "type": "Feature", "properties": { "difference_1990_2000": 414.0, "difference_1990_2010": 712.0, "difference_1990_2020": 856.0 }, "geometry": { "type": "Polygon", "coordinates": [ [ [ -101.710105166895318, 21.185231456029658 ], [ -101.705532693187024, 21.185231456029658 ], [ -101.705532693187024, 21.181063299385723 ], [ -101.710105166895318, 21.181063299385709 ], [ -101.710105166895318, 21.185231456029658 ] ] ] } },
{ "type": "Feature", "properties": { "difference_1990_2000": 106.0, "difference_1990_2010": 211.0, "difference_1990_2020": 253.0 }, "geometry": { "type": "Polygon", "coordinates": [ [ [ -101.710105166895318, 21.101890351599181 ], [ -101.705532693187024, 21.101890351599184 ], [ -101.705532693187024, 21.097724511530267 ], [ -101.710105166895318, 21.097724511530263 ], [ -101.710105166895318, 21.101890351599181 ] ] ] } },
{ "type": "Feature", "properties": { "difference_1990_2000": 254.0, "difference_1990_2010": 355.0, "difference_1990_2020": 338.0 }, "geometry": { "type": "Polygon", "coordinates": [ [ [ -101.710105166895318, 21.176895258870456 ], [ -101.705532693187024, 21.176895258870449 ], [ -101.705532693187024, 21.17272733445235 ], [ -101.710105166895318, 21.172727334452343 ], [ -101.710105166895318, 21.176895258870456 ] ] ] } },
{ "type": "Feature", "properties": { "difference_1990_2000": 406.0, "difference_1990_2010": 54.0, "difference_1990_2020": -153.0 }, "geometry": { "type": "Polygon", "coordinates": [ [ [ -101.710105166895318, 21.143555111590587 ], [ -101.705532693187024, 21.14355511159059 ], [ -101.705532693187024, 21.139388114812025 ], [ -101.710105166895318, 21.139388114812025 ], [ -101.710105166895318, 21.143555111590587 ] ] ] } },
{ "type": "Feature", "properties": { "difference_1990_2000": -531.0, "difference_1990_2010": -1260.0, "difference_1990_2020": -1630.0 }, "geometry": { "type": "Polygon", "coordinates": [ [ [ -101.710105166895318, 21.139388114812025 ], [ -101.705532693187024, 21.139388114812025 ], [ -101.705532693187024, 21.135221233846348 ], [ -101.710105166895318, 21.135221233846352 ], [ -101.710105166895318, 21.139388114812025 ] ] ] } },
{ "type": "Feature", "properties": { "difference_1990_2000": 49.0, "difference_1990_2010": 209.0, "difference_1990_2020": 392.0 }, "geometry": { "type": "Polygon", "coordinates": [ [ [ -101.710105166895318, 21.189399728834001 ], [ -101.705532693187024, 21.189399728834015 ], [ -101.705532693187024, 21.185231456029658 ], [ -101.710105166895318, 21.185231456029658 ], [ -101.710105166895318, 21.189399728834001 ] ] ] } },
{ "type": "Feature", "properties": { "difference_1990_2000": 123.0, "difference_1990_2010": -298.0, "difference_1990_2020": -543.0 }, "geometry": { "type": "Polygon", "coordinates": [ [ [ -101.710105166895318, 21.126887819227353 ], [ -101.705532693187024, 21.126887819227338 ], [ -101.705532693187024, 21.122721285510949 ], [ -101.710105166895318, 21.122721285510934 ], [ -101.710105166895318, 21.126887819227353 ] ] ] } },
{ "type": "Feature", "properties": { "difference_1990_2000": 120.0, "difference_1990_2010": 202.0, "difference_1990_2020": 240.0 }, "geometry": { "type": "Polygon", "coordinates": [ [ [ -101.710105166895318, 21.164391833781078 ], [ -101.705532693187024, 21.164391833781075 ], [ -101.705532693187024, 21.160224257464748 ], [ -101.710105166895318, 21.160224257464733 ], [ -101.710105166895318, 21.164391833781078 ] ] ] } },
{ "type": "Feature", "properties": { "difference_1990_2000": -5.0, "difference_1990_2010": 99.0, "difference_1990_2020": -32.0 }, "geometry": { "type": "Polygon", "coordinates": [ [ [ -101.710105166895318, 21.147722224213577 ], [ -101.705532693187024, 21.147722224213577 ], [ -101.705532693187024, 21.14355511159059 ], [ -101.710105166895318, 21.143555111590587 ], [ -101.710105166895318, 21.147722224213577 ] ] ] } },
{ "type": "Feature", "properties": { "difference_1990_2000": -504.0, "difference_1990_2010": -1067.0, "difference_1990_2020": -1451.0 }, "geometry": { "type": "Polygon", "coordinates": [ [ [ -101.710105166895318, 21.131054468661929 ], [ -101.705532693187024, 21.131054468661929 ], [ -101.705532693187024, 21.126887819227338 ], [ -101.710105166895318, 21.126887819227353 ], [ -101.710105166895318, 21.131054468661929 ] ] ] } },
{ "type": "Feature", "properties": { "difference_1990_2000": 160.0, "difference_1990_2010": 38.0, "difference_1990_2020": 14.0 }, "geometry": { "type": "Polygon", "coordinates": [ [ [ -101.710105166895318, 21.156056797119028 ], [ -101.705532693187024, 21.156056797119035 ], [ -101.705532693187024, 21.151889452712503 ], [ -101.710105166895318, 21.151889452712478 ], [ -101.710105166895318, 21.156056797119028 ] ] ] } },
{ "type": "Feature", "properties": { "difference_1990_2000": 488.0, "difference_1990_2010": 476.0, "difference_1990_2020": 460.0 }, "geometry": { "type": "Polygon", "coordinates": [ [ [ -101.710105166895318, 21.122721285510934 ], [ -101.705532693187024, 21.122721285510949 ], [ -101.705532693187024, 21.118554867481247 ], [ -101.710105166895318, 21.118554867481262 ], [ -101.710105166895318, 21.122721285510934 ] ] ] } },
{ "type": "Feature", "properties": { "difference_1990_2000": 196.0, "difference_1990_2010": 175.0, "difference_1990_2020": 143.0 }, "geometry": { "type": "Polygon", "coordinates": [ [ [ -101.710105166895318, 21.151889452712478 ], [ -101.705532693187024, 21.151889452712503 ], [ -101.705532693187024, 21.147722224213577 ], [ -101.710105166895318, 21.147722224213577 ], [ -101.710105166895318, 21.151889452712478 ] ] ] } },
{ "type": "Feature", "properties": { "difference_1990_2000": 0.0, "difference_1990_2010": 0.0, "difference_1990_2020": 111.0 }, "geometry": { "type": "Polygon", "coordinates": [ [ [ -101.700960219478745, 21.20190524452574 ], [ -101.696387745770465, 21.201905244525697 ], [ -101.696387745770465, 21.19773662305041 ], [ -101.700960219478745, 21.197736623050449 ], [ -101.700960219478745, 21.20190524452574 ] ] ] } },
{ "type": "Feature", "properties": { "difference_1990_2000": 5.0, "difference_1990_2010": 94.0, "difference_1990_2020": 98.0 }, "geometry": { "type": "Polygon", "coordinates": [ [ [ -101.700960219478745, 21.093558786959012 ], [ -101.696387745770465, 21.093558786958994 ], [ -101.696387745770465, 21.089393177853985 ], [ -101.700960219478745, 21.089393177853982 ], [ -101.700960219478745, 21.093558786959012 ] ] ] } },
{ "type": "Feature", "properties": { "difference_1990_2000": 64.0, "difference_1990_2010": 182.0, "difference_1990_2020": 243.0 }, "geometry": { "type": "Polygon", "coordinates": [ [ [ -101.700960219478745, 21.168559526099727 ], [ -101.696387745770465, 21.168559526099727 ], [ -101.696387745770465, 21.164391833781075 ], [ -101.700960219478745, 21.164391833781096 ], [ -101.700960219478745, 21.168559526099727 ] ] ] } },
{ "type": "Feature", "properties": { "difference_1990_2000": 0.0, "difference_1990_2010": 0.0, "difference_1990_2020": 53.0 }, "geometry": { "type": "Polygon", "coordinates": [ [ [ -101.700960219478745, 21.181063299385713 ], [ -101.696387745770465, 21.181063299385716 ], [ -101.696387745770465, 21.176895258870456 ], [ -101.700960219478745, 21.176895258870456 ], [ -101.700960219478745, 21.181063299385713 ] ] ] } },
{ "type": "Feature", "properties": { "difference_1990_2000": 275.0, "difference_1990_2010": 181.0, "difference_1990_2020": 57.0 }, "geometry": { "type": "Polygon", "coordinates": [ [ [ -101.700960219478745, 21.118554867481265 ], [ -101.696387745770465, 21.118554867481244 ], [ -101.696387745770465, 21.114388565106719 ], [ -101.700960219478745, 21.114388565106722 ], [ -101.700960219478745, 21.118554867481265 ] ] ] } },
{ "type": "Feature", "properties": { "difference_1990_2000": 149.0, "difference_1990_2010": 238.0, "difference_1990_2020": 248.0 }, "geometry": { "type": "Polygon", "coordinates": [ [ [ -101.700960219478745, 21.172727334452347 ], [ -101.696387745770465, 21.172727334452347 ], [ -101.696387745770465, 21.168559526099727 ], [ -101.700960219478745, 21.168559526099727 ], [ -101.700960219478745, 21.172727334452347 ] ] ] } },
{ "type": "Feature", "properties": { "difference_1990_2000": 0.0, "difference_1990_2010": 0.0, "difference_1990_2020": 120.0 }, "geometry": { "type": "Polygon", "coordinates": [ [ [ -101.700960219478745, 21.197736623050449 ], [ -101.696387745770465, 21.19773662305041 ], [ -101.696387745770465, 21.193568117830385 ], [ -101.700960219478745, 21.193568117830385 ], [ -101.700960219478745, 21.197736623050449 ] ] ] } },
{ "type": "Feature", "properties": { "difference_1990_2000": 211.0, "difference_1990_2010": 125.0, "difference_1990_2020": 159.0 }, "geometry": { "type": "Polygon", "coordinates": [ [ [ -101.700960219478745, 21.160224257464705 ], [ -101.696387745770465, 21.160224257464705 ], [ -101.696387745770465, 21.156056797119035 ], [ -101.700960219478745, 21.156056797119071 ], [ -101.700960219478745, 21.160224257464705 ] ] ] } },
{ "type": "Feature", "properties": { "difference_1990_2000": 0.0, "difference_1990_2010": 0.0, "difference_1990_2020": 121.0 }, "geometry": { "type": "Polygon", "coordinates": [ [ [ -101.700960219478745, 21.193568117830385 ], [ -101.696387745770465, 21.193568117830385 ], [ -101.696387745770465, 21.189399728833994 ], [ -101.700960219478745, 21.189399728834019 ], [ -101.700960219478745, 21.193568117830385 ] ] ] } },
{ "type": "Feature", "properties": { "difference_1990_2000": -446.0, "difference_1990_2010": -333.0, "difference_1990_2020": -398.0 }, "geometry": { "type": "Polygon", "coordinates": [ [ [ -101.700960219478745, 21.09772451153027 ], [ -101.696387745770465, 21.097724511530267 ], [ -101.696387745770465, 21.093558786958994 ], [ -101.700960219478745, 21.093558786959012 ], [ -101.700960219478745, 21.09772451153027 ] ] ] } },
{ "type": "Feature", "properties": { "difference_1990_2000": 2300.0, "difference_1990_2010": 1660.0, "difference_1990_2020": 1132.0 }, "geometry": { "type": "Polygon", "coordinates": [ [ [ -101.700960219478745, 21.106056307197186 ], [ -101.696387745770465, 21.106056307197189 ], [ -101.696387745770465, 21.101890351599181 ], [ -101.700960219478745, 21.101890351599184 ], [ -101.700960219478745, 21.106056307197186 ] ] ] } },
{ "type": "Feature", "properties": { "difference_1990_2000": -696.0, "difference_1990_2010": -1605.0, "difference_1990_2020": -2201.0 }, "geometry": { "type": "Polygon", "coordinates": [ [ [ -101.700960219478745, 21.135221233846362 ], [ -101.696387745770465, 21.135221233846352 ], [ -101.696387745770465, 21.131054468661929 ], [ -101.700960219478745, 21.131054468661933 ], [ -101.700960219478745, 21.135221233846362 ] ] ] } },
{ "type": "Feature", "properties": { "difference_1990_2000": 0.0, "difference_1990_2010": 13.0, "difference_1990_2020": 20.0 }, "geometry": { "type": "Polygon", "coordinates": [ [ [ -101.700960219478745, 21.089393177853982 ], [ -101.696387745770465, 21.089393177853985 ], [ -101.696387745770465, 21.085227684183611 ], [ -101.700960219478745, 21.085227684183614 ], [ -101.700960219478745, 21.089393177853982 ] ] ] } },
{ "type": "Feature", "properties": { "difference_1990_2000": -828.0, "difference_1990_2010": -1675.0, "difference_1990_2020": -2033.0 }, "geometry": { "type": "Polygon", "coordinates": [ [ [ -101.700960219478745, 21.114388565106722 ], [ -101.696387745770465, 21.114388565106719 ], [ -101.696387745770465, 21.110222378355864 ], [ -101.700960219478745, 21.110222378355918 ], [ -101.700960219478745, 21.114388565106722 ] ] ] } },
{ "type": "Feature", "properties": { "difference_1990_2000": -631.0, "difference_1990_2010": -1411.0, "difference_1990_2020": -1638.0 }, "geometry": { "type": "Polygon", "coordinates": [ [ [ -101.700960219478745, 21.110222378355918 ], [ -101.696387745770465, 21.110222378355864 ], [ -101.696387745770465, 21.106056307197189 ], [ -101.700960219478745, 21.106056307197186 ], [ -101.700960219478745, 21.110222378355918 ] ] ] } },
{ "type": "Feature", "properties": { "difference_1990_2000": 0.0, "difference_1990_2010": 0.0, "difference_1990_2020": 60.0 }, "geometry": { "type": "Polygon", "coordinates": [ [ [ -101.700960219478745, 21.185231456029662 ], [ -101.696387745770465, 21.185231456029658 ], [ -101.696387745770465, 21.181063299385716 ], [ -101.700960219478745, 21.181063299385713 ], [ -101.700960219478745, 21.185231456029662 ] ] ] } },
{ "type": "Feature", "properties": { "difference_1990_2000": 1891.0, "difference_1990_2010": 2390.0, "difference_1990_2020": 2231.0 }, "geometry": { "type": "Polygon", "coordinates": [ [ [ -101.700960219478745, 21.101890351599184 ], [ -101.696387745770465, 21.101890351599181 ], [ -101.696387745770465, 21.097724511530267 ], [ -101.700960219478745, 21.09772451153027 ], [ -101.700960219478745, 21.101890351599184 ] ] ] } },
{ "type": "Feature", "properties": { "difference_1990_2000": 120.0, "difference_1990_2010": 159.0, "difference_1990_2020": 145.0 }, "geometry": { "type": "Polygon", "coordinates": [ [ [ -101.700960219478745, 21.176895258870456 ], [ -101.696387745770465, 21.176895258870456 ], [ -101.696387745770465, 21.172727334452347 ], [ -101.700960219478745, 21.172727334452347 ], [ -101.700960219478745, 21.176895258870456 ] ] ] } },
{ "type": "Feature", "properties": { "difference_1990_2000": -271.0, "difference_1990_2010": -928.0, "difference_1990_2020": -1203.0 }, "geometry": { "type": "Polygon", "coordinates": [ [ [ -101.700960219478745, 21.143555111590608 ], [ -101.696387745770465, 21.143555111590587 ], [ -101.696387745770465, 21.139388114812029 ], [ -101.700960219478745, 21.139388114812029 ], [ -101.700960219478745, 21.143555111590608 ] ] ] } },
{ "type": "Feature", "properties": { "difference_1990_2000": -715.0, "difference_1990_2010": -1522.0, "difference_1990_2020": -1924.0 }, "geometry": { "type": "Polygon", "coordinates": [ [ [ -101.700960219478745, 21.139388114812029 ], [ -101.696387745770465, 21.139388114812029 ], [ -101.696387745770465, 21.135221233846352 ], [ -101.700960219478745, 21.135221233846362 ], [ -101.700960219478745, 21.139388114812029 ] ] ] } },
{ "type": "Feature", "properties": { "difference_1990_2000": -43.0, "difference_1990_2010": -263.0, "difference_1990_2020": -306.0 }, "geometry": { "type": "Polygon", "coordinates": [ [ [ -101.700960219478745, 21.126887819227345 ], [ -101.696387745770465, 21.126887819227345 ], [ -101.696387745770465, 21.122721285510934 ], [ -101.700960219478745, 21.122721285510934 ], [ -101.700960219478745, 21.126887819227345 ] ] ] } },
{ "type": "Feature", "properties": { "difference_1990_2000": 0.0, "difference_1990_2010": 0.0, "difference_1990_2020": 59.0 }, "geometry": { "type": "Polygon", "coordinates": [ [ [ -101.700960219478745, 21.189399728834019 ], [ -101.696387745770465, 21.189399728833994 ], [ -101.696387745770465, 21.185231456029658 ], [ -101.700960219478745, 21.185231456029662 ], [ -101.700960219478745, 21.189399728834019 ] ] ] } },
{ "type": "Feature", "properties": { "difference_1990_2000": 63.0, "difference_1990_2010": 183.0, "difference_1990_2020": 244.0 }, "geometry": { "type": "Polygon", "coordinates": [ [ [ -101.700960219478745, 21.164391833781096 ], [ -101.696387745770465, 21.164391833781075 ], [ -101.696387745770465, 21.160224257464755 ], [ -101.700960219478745, 21.160224257464737 ], [ -101.700960219478745, 21.164391833781096 ] ] ] } },
{ "type": "Feature", "properties": { "difference_1990_2000": -117.0, "difference_1990_2010": -726.0, "difference_1990_2020": -965.0 }, "geometry": { "type": "Polygon", "coordinates": [ [ [ -101.700960219478745, 21.147722224213577 ], [ -101.696387745770465, 21.147722224213574 ], [ -101.696387745770465, 21.143555111590587 ], [ -101.700960219478745, 21.143555111590608 ], [ -101.700960219478745, 21.147722224213577 ] ] ] } },
{ "type": "Feature", "properties": { "difference_1990_2000": -901.0, "difference_1990_2010": -2027.0, "difference_1990_2020": -2446.0 }, "geometry": { "type": "Polygon", "coordinates": [ [ [ -101.700960219478745, 21.131054468661933 ], [ -101.696387745770465, 21.131054468661929 ], [ -101.696387745770465, 21.126887819227345 ], [ -101.700960219478745, 21.126887819227345 ], [ -101.700960219478745, 21.131054468661933 ] ] ] } },
{ "type": "Feature", "properties": { "difference_1990_2000": 0.0, "difference_1990_2010": -138.0, "difference_1990_2020": -218.0 }, "geometry": { "type": "Polygon", "coordinates": [ [ [ -101.700960219478745, 21.122721285510934 ], [ -101.696387745770465, 21.122721285510934 ], [ -101.696387745770465, 21.118554867481244 ], [ -101.700960219478745, 21.118554867481265 ], [ -101.700960219478745, 21.122721285510934 ] ] ] } },
{ "type": "Feature", "properties": { "difference_1990_2000": 33.0, "difference_1990_2010": -258.0, "difference_1990_2020": -364.0 }, "geometry": { "type": "Polygon", "coordinates": [ [ [ -101.700960219478745, 21.156056797119071 ], [ -101.696387745770465, 21.156056797119035 ], [ -101.696387745770465, 21.151889452712496 ], [ -101.700960219478745, 21.151889452712499 ], [ -101.700960219478745, 21.156056797119071 ] ] ] } },
{ "type": "Feature", "properties": { "difference_1990_2000": -315.0, "difference_1990_2010": -733.0, "difference_1990_2020": -970.0 }, "geometry": { "type": "Polygon", "coordinates": [ [ [ -101.700960219478745, 21.151889452712499 ], [ -101.696387745770465, 21.151889452712496 ], [ -101.696387745770465, 21.147722224213574 ], [ -101.700960219478745, 21.147722224213577 ], [ -101.700960219478745, 21.151889452712499 ] ] ] } },
{ "type": "Feature", "properties": { "difference_1990_2000": -73.0, "difference_1990_2010": -227.0, "difference_1990_2020": -268.0 }, "geometry": { "type": "Polygon", "coordinates": [ [ [ -101.691815272062186, 21.093558786958994 ], [ -101.687242798353907, 21.093558786959054 ], [ -101.687242798353907, 21.089393177853985 ], [ -101.691815272062186, 21.089393177853985 ], [ -101.691815272062186, 21.093558786958994 ] ] ] } },
{ "type": "Feature", "properties": { "difference_1990_2000": 244.0, "difference_1990_2010": 197.0, "difference_1990_2020": 223.0 }, "geometry": { "type": "Polygon", "coordinates": [ [ [ -101.691815272062186, 21.168559526099731 ], [ -101.687242798353907, 21.168559526099731 ], [ -101.687242798353907, 21.164391833781039 ], [ -101.691815272062186, 21.164391833781078 ], [ -101.691815272062186, 21.168559526099731 ] ] ] } },
{ "type": "Feature", "properties": { "difference_1990_2000": 270.0, "difference_1990_2010": 85.0, "difference_1990_2020": 101.0 }, "geometry": { "type": "Polygon", "coordinates": [ [ [ -101.691815272062186, 21.172727334452315 ], [ -101.687242798353907, 21.17272733445235 ], [ -101.687242798353907, 21.168559526099731 ], [ -101.691815272062186, 21.168559526099731 ], [ -101.691815272062186, 21.172727334452315 ] ] ] } },
{ "type": "Feature", "properties": { "difference_1990_2000": -810.0, "difference_1990_2010": -1355.0, "difference_1990_2020": -1650.0 }, "geometry": { "type": "Polygon", "coordinates": [ [ [ -101.691815272062186, 21.118554867481244 ], [ -101.687242798353907, 21.118554867481247 ], [ -101.687242798353907, 21.114388565106719 ], [ -101.691815272062186, 21.114388565106719 ], [ -101.691815272062186, 21.118554867481244 ] ] ] } },
{ "type": "Feature", "properties": { "difference_1990_2000": 0.0, "difference_1990_2010": 0.0, "difference_1990_2020": 417.0 }, "geometry": { "type": "Polygon", "coordinates": [ [ [ -101.691815272062186, 21.19773662305041 ], [ -101.687242798353907, 21.197736623050407 ], [ -101.687242798353907, 21.193568117830377 ], [ -101.691815272062186, 21.193568117830381 ], [ -101.691815272062186, 21.19773662305041 ] ] ] } },
{ "type": "Feature", "properties": { "difference_1990_2000": 0.0, "difference_1990_2010": 0.0, "difference_1990_2020": 4.0 }, "geometry": { "type": "Polygon", "coordinates": [ [ [ -101.691815272062186, 21.21024283636882 ], [ -101.687242798353907, 21.210242836368824 ], [ -101.687242798353907, 21.206073982287947 ], [ -101.691815272062186, 21.206073982287943 ], [ -101.691815272062186, 21.21024283636882 ] ] ] } },
{ "type": "Feature", "properties": { "difference_1990_2000": 97.0, "difference_1990_2010": 451.0, "difference_1990_2020": 504.0 }, "geometry": { "type": "Polygon", "coordinates": [ [ [ -101.691815272062186, 21.160224257464684 ], [ -101.687242798353907, 21.160224257464705 ], [ -101.687242798353907, 21.156056797119035 ], [ -101.691815272062186, 21.156056797119035 ], [ -101.691815272062186, 21.160224257464684 ] ] ] } },
{ "type": "Feature", "properties": { "difference_1990_2000": 0.0, "difference_1990_2010": 0.0, "difference_1990_2020": 239.0 }, "geometry": { "type": "Polygon", "coordinates": [ [ [ -101.691815272062186, 21.193568117830381 ], [ -101.687242798353907, 21.193568117830377 ], [ -101.687242798353907, 21.189399728834001 ], [ -101.691815272062186, 21.189399728834019 ], [ -101.691815272062186, 21.193568117830381 ] ] ] } },
{ "type": "Feature", "properties": { "difference_1990_2000": -106.0, "difference_1990_2010": -303.0, "difference_1990_2020": -363.0 }, "geometry": { "type": "Polygon", "coordinates": [ [ [ -101.691815272062186, 21.097724511530274 ], [ -101.687242798353907, 21.097724511530267 ], [ -101.687242798353907, 21.093558786959054 ], [ -101.691815272062186, 21.093558786958994 ], [ -101.691815272062186, 21.097724511530274 ] ] ] } },
{ "type": "Feature", "properties": { "difference_1990_2000": 0.0, "difference_1990_2010": 15.0, "difference_1990_2020": 17.0 }, "geometry": { "type": "Polygon", "coordinates": [ [ [ -101.691815272062186, 21.072731895466198 ], [ -101.687242798353907, 21.072731895466198 ], [ -101.687242798353907, 21.068566863220099 ], [ -101.691815272062186, 21.068566863220095 ], [ -101.691815272062186, 21.072731895466198 ] ] ] } },
{ "type": "Feature", "properties": { "difference_1990_2000": 0.0, "difference_1990_2010": 3.0, "difference_1990_2020": 7.0 }, "geometry": { "type": "Polygon", "coordinates": [ [ [ -101.691815272062186, 21.085227684183597 ], [ -101.687242798353907, 21.085227684183611 ], [ -101.687242798353907, 21.081062305916571 ], [ -101.691815272062186, 21.081062305916518 ], [ -101.691815272062186, 21.085227684183597 ] ] ] } },
{ "type": "Feature", "properties": { "difference_1990_2000": -402.0, "difference_1990_2010": -629.0, "difference_1990_2020": -781.0 }, "geometry": { "type": "Polygon", "coordinates": [ [ [ -101.691815272062186, 21.106056307197179 ], [ -101.687242798353907, 21.106056307197186 ], [ -101.687242798353907, 21.101890351599181 ], [ -101.691815272062186, 21.101890351599181 ], [ -101.691815272062186, 21.106056307197179 ] ] ] } },
{ "type": "Feature", "properties": { "difference_1990_2000": -440.0, "difference_1990_2010": -873.0, "difference_1990_2020": -1066.0 }, "geometry": { "type": "Polygon", "coordinates": [ [ [ -101.691815272062186, 21.135221233846362 ], [ -101.687242798353907, 21.135221233846348 ], [ -101.687242798353907, 21.131054468661929 ], [ -101.691815272062186, 21.131054468661929 ], [ -101.691815272062186, 21.135221233846362 ] ] ] } },
{ "type": "Feature", "properties": { "difference_1990_2000": 4.0, "difference_1990_2010": -2.0, "difference_1990_2020": 13.0 }, "geometry": { "type": "Polygon", "coordinates": [ [ [ -101.691815272062186, 21.089393177853985 ], [ -101.687242798353907, 21.089393177853985 ], [ -101.687242798353907, 21.085227684183611 ], [ -101.691815272062186, 21.085227684183597 ], [ -101.691815272062186, 21.089393177853985 ] ] ] } },
{ "type": "Feature", "properties": { "difference_1990_2000": 0.0, "difference_1990_2010": 1.0, "difference_1990_2020": 1.0 }, "geometry": { "type": "Polygon", "coordinates": [ [ [ -101.691815272062186, 21.060237144528681 ], [ -101.687242798353907, 21.060237144528706 ], [ -101.687242798353907, 21.056072458020573 ], [ -101.691815272062186, 21.056072458020569 ], [ -101.691815272062186, 21.060237144528681 ] ] ] } },
{ "type": "Feature", "properties": { "difference_1990_2000": 0.0, "difference_1990_2010": 3.0, "difference_1990_2020": 3.0 }, "geometry": { "type": "Polygon", "coordinates": [ [ [ -101.691815272062186, 21.076897043021201 ], [ -101.687242798353907, 21.076897043021233 ], [ -101.687242798353907, 21.072731895466198 ], [ -101.691815272062186, 21.072731895466198 ], [ -101.691815272062186, 21.076897043021201 ] ] ] } },
{ "type": "Feature", "properties": { "difference_1990_2000": -208.0, "difference_1990_2010": -625.0, "difference_1990_2020": -846.0 }, "geometry": { "type": "Polygon", "coordinates": [ [ [ -101.691815272062186, 21.110222378355896 ], [ -101.687242798353907, 21.110222378355893 ], [ -101.687242798353907, 21.106056307197186 ], [ -101.691815272062186, 21.106056307197179 ], [ -101.691815272062186, 21.110222378355896 ] ] ] } },
{ "type": "Feature", "properties": { "difference_1990_2000": -528.0, "difference_1990_2010": -1043.0, "difference_1990_2020": -1308.0 }, "geometry": { "type": "Polygon", "coordinates": [ [ [ -101.691815272062186, 21.114388565106719 ], [ -101.687242798353907, 21.114388565106719 ], [ -101.687242798353907, 21.110222378355893 ], [ -101.691815272062186, 21.110222378355896 ], [ -101.691815272062186, 21.114388565106719 ] ] ] } },
{ "type": "Feature", "properties": { "difference_1990_2000": -437.0, "difference_1990_2010": -558.0, "difference_1990_2020": -636.0 }, "geometry": { "type": "Polygon", "coordinates": [ [ [ -101.691815272062186, 21.101890351599181 ], [ -101.687242798353907, 21.101890351599181 ], [ -101.687242798353907, 21.097724511530267 ], [ -101.691815272062186, 21.097724511530274 ], [ -101.691815272062186, 21.101890351599181 ] ] ] } },
{ "type": "Feature", "properties": { "difference_1990_2000": 1.0, "difference_1990_2010": 0.0, "difference_1990_2020": 0.0 }, "geometry": { "type": "Polygon", "coordinates": [ [ [ -101.691815272062186, 21.176895258870452 ], [ -101.687242798353907, 21.176895258870456 ], [ -101.687242798353907, 21.17272733445235 ], [ -101.691815272062186, 21.172727334452315 ], [ -101.691815272062186, 21.176895258870452 ] ] ] } },
{ "type": "Feature", "properties": { "difference_1990_2000": -89.0, "difference_1990_2010": -498.0, "difference_1990_2020": -681.0 }, "geometry": { "type": "Polygon", "coordinates": [ [ [ -101.691815272062186, 21.14355511159059 ], [ -101.687242798353907, 21.143555111590544 ], [ -101.687242798353907, 21.139388114812029 ], [ -101.691815272062186, 21.139388114812029 ], [ -101.691815272062186, 21.14355511159059 ] ] ] } },
{ "type": "Feature", "properties": { "difference_1990_2000": -217.0, "difference_1990_2010": -525.0, "difference_1990_2020": -672.0 }, "geometry": { "type": "Polygon", "coordinates": [ [ [ -101.691815272062186, 21.139388114812029 ], [ -101.687242798353907, 21.139388114812029 ], [ -101.687242798353907, 21.135221233846348 ], [ -101.691815272062186, 21.135221233846362 ], [ -101.691815272062186, 21.139388114812029 ] ] ] } },
{ "type": "Feature", "properties": { "difference_1990_2000": -1098.0, "difference_1990_2010": -1757.0, "difference_1990_2020": -2038.0 }, "geometry": { "type": "Polygon", "coordinates": [ [ [ -101.691815272062186, 21.126887819227342 ], [ -101.687242798353907, 21.126887819227342 ], [ -101.687242798353907, 21.122721285510931 ], [ -101.691815272062186, 21.122721285510934 ], [ -101.691815272062186, 21.126887819227342 ] ] ] } },
{ "type": "Feature", "properties": { "difference_1990_2000": 0.0, "difference_1990_2010": 20.0, "difference_1990_2020": 22.0 }, "geometry": { "type": "Polygon", "coordinates": [ [ [ -101.691815272062186, 21.068566863220095 ], [ -101.687242798353907, 21.068566863220099 ], [ -101.687242798353907, 21.064401946251429 ], [ -101.691815272062186, 21.06440194625139 ], [ -101.691815272062186, 21.068566863220095 ] ] ] } },
{ "type": "Feature", "properties": { "difference_1990_2000": 0.0, "difference_1990_2010": 0.0, "difference_1990_2020": 3.0 }, "geometry": { "type": "Polygon", "coordinates": [ [ [ -101.691815272062186, 21.189399728834019 ], [ -101.687242798353907, 21.189399728834001 ], [ -101.687242798353907, 21.185231456029658 ], [ -101.691815272062186, 21.185231456029655 ], [ -101.691815272062186, 21.189399728834019 ] ] ] } },
{ "type": "Feature", "properties": { "difference_1990_2000": 0.0, "difference_1990_2010": 0.0, "difference_1990_2020": 182.0 }, "geometry": { "type": "Polygon", "coordinates": [ [ [ -101.691815272062186, 21.206073982287943 ], [ -101.687242798353907, 21.206073982287947 ], [ -101.687242798353907, 21.201905244525697 ], [ -101.691815272062186, 21.201905244525697 ], [ -101.691815272062186, 21.206073982287943 ] ] ] } },
{ "type": "Feature", "properties": { "difference_1990_2000": 153.0, "difference_1990_2010": 396.0, "difference_1990_2020": 439.0 }, "geometry": { "type": "Polygon", "coordinates": [ [ [ -101.691815272062186, 21.164391833781078 ], [ -101.687242798353907, 21.164391833781039 ], [ -101.687242798353907, 21.160224257464705 ], [ -101.691815272062186, 21.160224257464737 ], [ -101.691815272062186, 21.164391833781078 ] ] ] } },
{ "type": "Feature", "properties": { "difference_1990_2000": -49.0, "difference_1990_2010": -513.0, "difference_1990_2020": -671.0 }, "geometry": { "type": "Polygon", "coordinates": [ [ [ -101.691815272062186, 21.147722224213577 ], [ -101.687242798353907, 21.147722224213577 ], [ -101.687242798353907, 21.143555111590544 ], [ -101.691815272062186, 21.14355511159059 ], [ -101.691815272062186, 21.147722224213577 ] ] ] } },
{ "type": "Feature", "properties": { "difference_1990_2000": -969.0, "difference_1990_2010": -1574.0, "difference_1990_2020": -1801.0 }, "geometry": { "type": "Polygon", "coordinates": [ [ [ -101.691815272062186, 21.131054468661929 ], [ -101.687242798353907, 21.131054468661929 ], [ -101.687242798353907, 21.126887819227342 ], [ -101.691815272062186, 21.126887819227342 ], [ -101.691815272062186, 21.131054468661929 ] ] ] } },
{ "type": "Feature", "properties": { "difference_1990_2000": 0.0, "difference_1990_2010": 12.0, "difference_1990_2020": 17.0 }, "geometry": { "type": "Polygon", "coordinates": [ [ [ -101.691815272062186, 21.06440194625139 ], [ -101.687242798353907, 21.064401946251429 ], [ -101.687242798353907, 21.060237144528706 ], [ -101.691815272062186, 21.060237144528681 ], [ -101.691815272062186, 21.06440194625139 ] ] ] } },
{ "type": "Feature", "properties": { "difference_1990_2000": -7.0, "difference_1990_2010": -272.0, "difference_1990_2020": -225.0 }, "geometry": { "type": "Polygon", "coordinates": [ [ [ -101.691815272062186, 21.156056797119035 ], [ -101.687242798353907, 21.156056797119035 ], [ -101.687242798353907, 21.151889452712538 ], [ -101.691815272062186, 21.151889452712481 ], [ -101.691815272062186, 21.156056797119035 ] ] ] } },
{ "type": "Feature", "properties": { "difference_1990_2000": -1008.0, "difference_1990_2010": -1525.0, "difference_1990_2020": -1681.0 }, "geometry": { "type": "Polygon", "coordinates": [ [ [ -101.691815272062186, 21.122721285510934 ], [ -101.687242798353907, 21.122721285510931 ], [ -101.687242798353907, 21.118554867481247 ], [ -101.691815272062186, 21.118554867481244 ], [ -101.691815272062186, 21.122721285510934 ] ] ] } },
{ "type": "Feature", "properties": { "difference_1990_2000": 142.0, "difference_1990_2010": -406.0, "difference_1990_2020": -619.0 }, "geometry": { "type": "Polygon", "coordinates": [ [ [ -101.691815272062186, 21.151889452712481 ], [ -101.687242798353907, 21.151889452712538 ], [ -101.687242798353907, 21.147722224213577 ], [ -101.691815272062186, 21.147722224213577 ], [ -101.691815272062186, 21.151889452712481 ] ] ] } },
{ "type": "Feature", "properties": { "difference_1990_2000": 0.0, "difference_1990_2010": 0.0, "difference_1990_2020": 186.0 }, "geometry": { "type": "Polygon", "coordinates": [ [ [ -101.691815272062186, 21.201905244525687 ], [ -101.687242798353907, 21.201905244525683 ], [ -101.687242798353907, 21.197736623050407 ], [ -101.691815272062186, 21.19773662305041 ], [ -101.691815272062186, 21.201905244525687 ] ] ] } },
{ "type": "Feature", "properties": { "difference_1990_2000": 334.0, "difference_1990_2010": 788.0, "difference_1990_2020": 1056.0 }, "geometry": { "type": "Polygon", "coordinates": [ [ [ -101.682670324645656, 21.214411806799969 ], [ -101.678097850937363, 21.214411806799973 ], [ -101.678097850937363, 21.210242836368817 ], [ -101.682670324645656, 21.21024283636882 ], [ -101.682670324645656, 21.214411806799969 ] ] ] } },
{ "type": "Feature", "properties": { "difference_1990_2000": 325.0, "difference_1990_2010": 655.0, "difference_1990_2020": 629.0 }, "geometry": { "type": "Polygon", "coordinates": [ [ [ -101.682670324645656, 21.168559526099713 ], [ -101.678097850937363, 21.168559526099735 ], [ -101.678097850937363, 21.164391833781078 ], [ -101.682670324645656, 21.164391833781075 ], [ -101.682670324645656, 21.168559526099713 ] ] ] } },
{ "type": "Feature", "properties": { "difference_1990_2000": -31.0, "difference_1990_2010": -418.0, "difference_1990_2020": -519.0 }, "geometry": { "type": "Polygon", "coordinates": [ [ [ -101.682670324645656, 21.093558786959019 ], [ -101.678097850937363, 21.093558786959019 ], [ -101.678097850937363, 21.089393177853946 ], [ -101.682670324645656, 21.089393177853999 ], [ -101.682670324645656, 21.093558786959019 ] ] ] } },
{ "type": "Feature", "properties": { "difference_1990_2000": 392.0, "difference_1990_2010": 958.0, "difference_1990_2020": 1555.0 }, "geometry": { "type": "Polygon", "coordinates": [ [ [ -101.682670324645656, 21.19773662305041 ], [ -101.678097850937363, 21.197736623050407 ], [ -101.678097850937363, 21.193568117830381 ], [ -101.682670324645656, 21.193568117830385 ], [ -101.682670324645656, 21.19773662305041 ] ] ] } },
{ "type": "Feature", "properties": { "difference_1990_2000": 113.0, "difference_1990_2010": 153.0, "difference_1990_2020": 147.0 }, "geometry": { "type": "Polygon", "coordinates": [ [ [ -101.682670324645656, 21.181063299385723 ], [ -101.678097850937363, 21.181063299385709 ], [ -101.678097850937363, 21.176895258870449 ], [ -101.682670324645656, 21.176895258870452 ], [ -101.682670324645656, 21.181063299385723 ] ] ] } },
{ "type": "Feature", "properties": { "difference_1990_2000": -711.0, "difference_1990_2010": -1290.0, "difference_1990_2020": -1590.0 }, "geometry": { "type": "Polygon", "coordinates": [ [ [ -101.682670324645656, 21.118554867481265 ], [ -101.678097850937363, 21.118554867481269 ], [ -101.678097850937363, 21.114388565106719 ], [ -101.682670324645656, 21.114388565106719 ], [ -101.682670324645656, 21.118554867481265 ] ] ] } },
{ "type": "Feature", "properties": { "difference_1990_2000": 333.0, "difference_1990_2010": 891.0, "difference_1990_2020": 857.0 }, "geometry": { "type": "Polygon", "coordinates": [ [ [ -101.682670324645656, 21.172727334452347 ], [ -101.678097850937363, 21.172727334452347 ], [ -101.678097850937363, 21.168559526099735 ], [ -101.682670324645656, 21.168559526099713 ], [ -101.682670324645656, 21.172727334452347 ] ] ] } },
{ "type": "Feature", "properties": { "difference_1990_2000": 216.0, "difference_1990_2010": 851.0, "difference_1990_2020": 1841.0 }, "geometry": { "type": "Polygon", "coordinates": [ [ [ -101.682670324645656, 21.21024283636882 ], [ -101.678097850937363, 21.210242836368817 ], [ -101.678097850937363, 21.206073982287904 ], [ -101.682670324645656, 21.206073982287947 ], [ -101.682670324645656, 21.21024283636882 ] ] ] } },
{ "type": "Feature", "properties": { "difference_1990_2000": 537.0, "difference_1990_2010": 868.0, "difference_1990_2020": 929.0 }, "geometry": { "type": "Polygon", "coordinates": [ [ [ -101.682670324645656, 21.160224257464701 ], [ -101.678097850937363, 21.160224257464701 ], [ -101.678097850937363, 21.156056797119035 ], [ -101.682670324645656, 21.156056797119032 ], [ -101.682670324645656, 21.160224257464701 ] ] ] } },
{ "type": "Feature", "properties": { "difference_1990_2000": 107.0, "difference_1990_2010": 627.0, "difference_1990_2020": 848.0 }, "geometry": { "type": "Polygon", "coordinates": [ [ [ -101.682670324645656, 21.193568117830385 ], [ -101.678097850937363, 21.193568117830381 ], [ -101.678097850937363, 21.189399728834015 ], [ -101.682670324645656, 21.189399728834019 ], [ -101.682670324645656, 21.193568117830385 ] ] ] } },
{ "type": "Feature", "properties": { "difference_1990_2000": -169.0, "difference_1990_2010": -755.0, "difference_1990_2020": -924.0 }, "geometry": { "type": "Polygon", "coordinates": [ [ [ -101.682670324645656, 21.09772451153027 ], [ -101.678097850937363, 21.097724511530263 ], [ -101.678097850937363, 21.093558786959019 ], [ -101.682670324645656, 21.093558786959019 ], [ -101.682670324645656, 21.09772451153027 ] ] ] } },
{ "type": "Feature", "properties": { "difference_1990_2000": -491.0, "difference_1990_2010": -971.0, "difference_1990_2020": -1219.0 }, "geometry": { "type": "Polygon", "coordinates": [ [ [ -101.682670324645656, 21.135221233846352 ], [ -101.678097850937363, 21.135221233846352 ], [ -101.678097850937363, 21.131054468661937 ], [ -101.682670324645656, 21.131054468661919 ], [ -101.682670324645656, 21.135221233846352 ] ] ] } },
{ "type": "Feature", "properties": { "difference_1990_2000": -663.0, "difference_1990_2010": -1478.0, "difference_1990_2020": -1855.0 }, "geometry": { "type": "Polygon", "coordinates": [ [ [ -101.682670324645656, 21.106056307197186 ], [ -101.678097850937363, 21.106056307197186 ], [ -101.678097850937363, 21.101890351599181 ], [ -101.682670324645656, 21.101890351599184 ], [ -101.682670324645656, 21.106056307197186 ] ] ] } },
{ "type": "Feature", "properties": { "difference_1990_2000": 0.0, "difference_1990_2010": 21.0, "difference_1990_2020": 23.0 }, "geometry": { "type": "Polygon", "coordinates": [ [ [ -101.682670324645656, 21.072731895466219 ], [ -101.678097850937363, 21.072731895466219 ], [ -101.678097850937363, 21.068566863220095 ], [ -101.682670324645656, 21.068566863220099 ], [ -101.682670324645656, 21.072731895466219 ] ] ] } },
{ "type": "Feature", "properties": { "difference_1990_2000": 34.0, "difference_1990_2010": 9.0, "difference_1990_2020": 30.0 }, "geometry": { "type": "Polygon", "coordinates": [ [ [ -101.682670324645656, 21.085227684183607 ], [ -101.678097850937363, 21.085227684183611 ], [ -101.678097850937363, 21.081062305916518 ], [ -101.682670324645656, 21.081062305916536 ], [ -101.682670324645656, 21.085227684183607 ] ] ] } },
{ "type": "Feature", "properties": { "difference_1990_2000": 0.0, "difference_1990_2010": 13.0, "difference_1990_2020": 328.0 }, "geometry": { "type": "Polygon", "coordinates": [ [ [ -101.682670324645656, 21.060237144528681 ], [ -101.678097850937363, 21.060237144528642 ], [ -101.678097850937363, 21.056072458020569 ], [ -101.682670324645656, 21.056072458020587 ], [ -101.682670324645656, 21.060237144528681 ] ] ] } },
{ "type": "Feature", "properties": { "difference_1990_2000": 49.0, "difference_1990_2010": 48.0, "difference_1990_2020": 80.0 }, "geometry": { "type": "Polygon", "coordinates": [ [ [ -101.682670324645656, 21.089393177853999 ], [ -101.678097850937363, 21.089393177853946 ], [ -101.678097850937363, 21.085227684183611 ], [ -101.682670324645656, 21.085227684183607 ], [ -101.682670324645656, 21.089393177853999 ] ] ] } },
{ "type": "Feature", "properties": { "difference_1990_2000": -737.0, "difference_1990_2010": -1613.0, "difference_1990_2020": -2022.0 }, "geometry": { "type": "Polygon", "coordinates": [ [ [ -101.682670324645656, 21.110222378355893 ], [ -101.678097850937363, 21.110222378355896 ], [ -101.678097850937363, 21.106056307197186 ], [ -101.682670324645656, 21.106056307197186 ], [ -101.682670324645656, 21.110222378355893 ] ] ] } },
{ "type": "Feature", "properties": { "difference_1990_2000": 0.0, "difference_1990_2010": 21.0, "difference_1990_2020": 23.0 }, "geometry": { "type": "Polygon", "coordinates": [ [ [ -101.682670324645656, 21.076897043021233 ], [ -101.678097850937363, 21.076897043021201 ], [ -101.678097850937363, 21.072731895466219 ], [ -101.682670324645656, 21.072731895466219 ], [ -101.682670324645656, 21.076897043021233 ] ] ] } },
{ "type": "Feature", "properties": { "difference_1990_2000": -713.0, "difference_1990_2010": -1342.0, "difference_1990_2020": -1658.0 }, "geometry": { "type": "Polygon", "coordinates": [ [ [ -101.682670324645656, 21.114388565106719 ], [ -101.678097850937363, 21.114388565106719 ], [ -101.678097850937363, 21.110222378355896 ], [ -101.682670324645656, 21.110222378355893 ], [ -101.682670324645656, 21.114388565106719 ] ] ] } },
{ "type": "Feature", "properties": { "difference_1990_2000": -368.0, "difference_1990_2010": -1038.0, "difference_1990_2020": -1262.0 }, "geometry": { "type": "Polygon", "coordinates": [ [ [ -101.682670324645656, 21.101890351599184 ], [ -101.678097850937363, 21.101890351599181 ], [ -101.678097850937363, 21.097724511530263 ], [ -101.682670324645656, 21.09772451153027 ], [ -101.682670324645656, 21.101890351599184 ] ] ] } },
{ "type": "Feature", "properties": { "difference_1990_2000": 87.0, "difference_1990_2010": 280.0, "difference_1990_2020": 271.0 }, "geometry": { "type": "Polygon", "coordinates": [ [ [ -101.682670324645656, 21.176895258870452 ], [ -101.678097850937363, 21.176895258870449 ], [ -101.678097850937363, 21.172727334452347 ], [ -101.682670324645656, 21.172727334452347 ], [ -101.682670324645656, 21.176895258870452 ] ] ] } },
{ "type": "Feature", "properties": { "difference_1990_2000": -450.0, "difference_1990_2010": -826.0, "difference_1990_2020": -1146.0 }, "geometry": { "type": "Polygon", "coordinates": [ [ [ -101.682670324645656, 21.143555111590587 ], [ -101.678097850937363, 21.143555111590587 ], [ -101.678097850937363, 21.139388114812029 ], [ -101.682670324645656, 21.139388114812029 ], [ -101.682670324645656, 21.143555111590587 ] ] ] } },
{ "type": "Feature", "properties": { "difference_1990_2000": 25.0, "difference_1990_2010": 9.0, "difference_1990_2020": 22.0 }, "geometry": { "type": "Polygon", "coordinates": [ [ [ -101.682670324645656, 21.081062305916536 ], [ -101.678097850937363, 21.081062305916518 ], [ -101.678097850937363, 21.076897043021201 ], [ -101.682670324645656, 21.076897043021233 ], [ -101.682670324645656, 21.081062305916536 ] ] ] } },
{ "type": "Feature", "properties": { "difference_1990_2000": -610.0, "difference_1990_2010": -1078.0, "difference_1990_2020": -1406.0 }, "geometry": { "type": "Polygon", "coordinates": [ [ [ -101.682670324645656, 21.139388114812029 ], [ -101.678097850937363, 21.139388114812029 ], [ -101.678097850937363, 21.135221233846352 ], [ -101.682670324645656, 21.135221233846352 ], [ -101.682670324645656, 21.139388114812029 ] ] ] } },
{ "type": "Feature", "properties": { "difference_1990_2000": -344.0, "difference_1990_2010": -697.0, "difference_1990_2020": -914.0 }, "geometry": { "type": "Polygon", "coordinates": [ [ [ -101.682670324645656, 21.126887819227342 ], [ -101.678097850937363, 21.126887819227338 ], [ -101.678097850937363, 21.122721285510934 ], [ -101.682670324645656, 21.122721285510931 ], [ -101.682670324645656, 21.126887819227342 ] ] ] } },
{ "type": "Feature", "properties": { "difference_1990_2000": 0.0, "difference_1990_2010": 21.0, "difference_1990_2020": 23.0 }, "geometry": { "type": "Polygon", "coordinates": [ [ [ -101.682670324645656, 21.068566863220099 ], [ -101.678097850937363, 21.068566863220095 ], [ -101.678097850937363, 21.064401946251376 ], [ -101.682670324645656, 21.06440194625139 ], [ -101.682670324645656, 21.068566863220099 ] ] ] } },
{ "type": "Feature", "properties": { "difference_1990_2000": 196.0, "difference_1990_2010": 324.0, "difference_1990_2020": 397.0 }, "geometry": { "type": "Polygon", "coordinates": [ [ [ -101.682670324645656, 21.189399728834019 ], [ -101.678097850937363, 21.189399728834015 ], [ -101.678097850937363, 21.185231456029626 ], [ -101.682670324645656, 21.185231456029658 ], [ -101.682670324645656, 21.189399728834019 ] ] ] } },
{ "type": "Feature", "properties": { "difference_1990_2000": 269.0, "difference_1990_2010": 658.0, "difference_1990_2020": 1104.0 }, "geometry": { "type": "Polygon", "coordinates": [ [ [ -101.682670324645656, 21.206073982287947 ], [ -101.678097850937363, 21.206073982287904 ], [ -101.678097850937363, 21.201905244525737 ], [ -101.682670324645656, 21.201905244525737 ], [ -101.682670324645656, 21.206073982287947 ] ] ] } },
{ "type": "Feature", "properties": { "difference_1990_2000": 388.0, "difference_1990_2010": 862.0, "difference_1990_2020": 980.0 }, "geometry": { "type": "Polygon", "coordinates": [ [ [ -101.682670324645656, 21.164391833781075 ], [ -101.678097850937363, 21.164391833781078 ], [ -101.678097850937363, 21.160224257464737 ], [ -101.682670324645656, 21.160224257464737 ], [ -101.682670324645656, 21.164391833781075 ] ] ] } },
{ "type": "Feature", "properties": { "difference_1990_2000": -355.0, "difference_1990_2010": -649.0, "difference_1990_2020": -843.0 }, "geometry": { "type": "Polygon", "coordinates": [ [ [ -101.682670324645656, 21.147722224213577 ], [ -101.678097850937363, 21.147722224213577 ], [ -101.678097850937363, 21.143555111590587 ], [ -101.682670324645656, 21.143555111590587 ], [ -101.682670324645656, 21.147722224213577 ] ] ] } },
{ "type": "Feature", "properties": { "difference_1990_2000": -463.0, "difference_1990_2010": -946.0, "difference_1990_2020": -1166.0 }, "geometry": { "type": "Polygon", "coordinates": [ [ [ -101.682670324645656, 21.131054468661919 ], [ -101.678097850937363, 21.131054468661937 ], [ -101.678097850937363, 21.126887819227338 ], [ -101.682670324645656, 21.126887819227342 ], [ -101.682670324645656, 21.131054468661919 ] ] ] } },
{ "type": "Feature", "properties": { "difference_1990_2000": 0.0, "difference_1990_2010": 20.0, "difference_1990_2020": 39.0 }, "geometry": { "type": "Polygon", "coordinates": [ [ [ -101.682670324645656, 21.06440194625139 ], [ -101.678097850937363, 21.064401946251376 ], [ -101.678097850937363, 21.060237144528642 ], [ -101.682670324645656, 21.060237144528681 ], [ -101.682670324645656, 21.06440194625139 ] ] ] } },
{ "type": "Feature", "properties": { "difference_1990_2000": 1181.0, "difference_1990_2010": 940.0, "difference_1990_2020": 948.0 }, "geometry": { "type": "Polygon", "coordinates": [ [ [ -101.682670324645656, 21.156056797119032 ], [ -101.678097850937363, 21.156056797119035 ], [ -101.678097850937363, 21.151889452712499 ], [ -101.682670324645656, 21.151889452712499 ], [ -101.682670324645656, 21.156056797119032 ] ] ] } },
{ "type": "Feature", "properties": { "difference_1990_2000": -456.0, "difference_1990_2010": -887.0, "difference_1990_2020": -1117.0 }, "geometry": { "type": "Polygon", "coordinates": [ [ [ -101.682670324645656, 21.122721285510931 ], [ -101.678097850937363, 21.122721285510934 ], [ -101.678097850937363, 21.118554867481269 ], [ -101.682670324645656, 21.118554867481265 ], [ -101.682670324645656, 21.122721285510931 ] ] ] } },
{ "type": "Feature", "properties": { "difference_1990_2000": 69.0, "difference_1990_2010": -395.0, "difference_1990_2020": -561.0 }, "geometry": { "type": "Polygon", "coordinates": [ [ [ -101.682670324645656, 21.151889452712499 ], [ -101.678097850937363, 21.151889452712499 ], [ -101.678097850937363, 21.147722224213577 ], [ -101.682670324645656, 21.147722224213577 ], [ -101.682670324645656, 21.151889452712499 ] ] ] } },
{ "type": "Feature", "properties": { "difference_1990_2000": 362.0, "difference_1990_2010": 935.0, "difference_1990_2020": 1511.0 }, "geometry": { "type": "Polygon", "coordinates": [ [ [ -101.682670324645656, 21.201905244525697 ], [ -101.678097850937363, 21.201905244525683 ], [ -101.678097850937363, 21.197736623050407 ], [ -101.682670324645656, 21.19773662305041 ], [ -101.682670324645656, 21.201905244525697 ] ] ] } },
{ "type": "Feature", "properties": { "difference_1990_2000": 571.0, "difference_1990_2010": 1691.0, "difference_1990_2020": 1845.0 }, "geometry": { "type": "Polygon", "coordinates": [ [ [ -101.673525377229083, 21.093558786959015 ], [ -101.668952903520804, 21.093558786958994 ], [ -101.668952903520804, 21.08939317785395 ], [ -101.673525377229083, 21.089393177853985 ], [ -101.673525377229083, 21.093558786959015 ] ] ] } },
{ "type": "Feature", "properties": { "difference_1990_2000": 395.0, "difference_1990_2010": 215.0, "difference_1990_2020": -52.0 }, "geometry": { "type": "Polygon", "coordinates": [ [ [ -101.673525377229083, 21.168559526099731 ], [ -101.668952903520804, 21.168559526099731 ], [ -101.668952903520804, 21.164391833781075 ], [ -101.673525377229083, 21.164391833781071 ], [ -101.673525377229083, 21.168559526099731 ] ] ] } },
{ "type": "Feature", "properties": { "difference_1990_2000": 1513.0, "difference_1990_2010": 1919.0, "difference_1990_2020": 1980.0 }, "geometry": { "type": "Polygon", "coordinates": [ [ [ -101.673525377229083, 21.181063299385713 ], [ -101.668952903520804, 21.181063299385713 ], [ -101.668952903520804, 21.176895258870456 ], [ -101.673525377229083, 21.176895258870449 ], [ -101.673525377229083, 21.181063299385713 ] ] ] } },
{ "type": "Feature", "properties": { "difference_1990_2000": 484.0, "difference_1990_2010": 1329.0, "difference_1990_2020": 2054.0 }, "geometry": { "type": "Polygon", "coordinates": [ [ [ -101.673525377229083, 21.197736623050407 ], [ -101.668952903520804, 21.197736623050453 ], [ -101.668952903520804, 21.193568117830385 ], [ -101.673525377229083, 21.193568117830399 ], [ -101.673525377229083, 21.197736623050407 ] ] ] } },
{ "type": "Feature", "properties": { "difference_1990_2000": -224.0, "difference_1990_2010": -560.0, "difference_1990_2020": -726.0 }, "geometry": { "type": "Polygon", "coordinates": [ [ [ -101.673525377229083, 21.118554867481262 ], [ -101.668952903520804, 21.118554867481247 ], [ -101.668952903520804, 21.114388565106722 ], [ -101.673525377229083, 21.114388565106719 ], [ -101.673525377229083, 21.118554867481262 ] ] ] } },
{ "type": "Feature", "properties": { "difference_1990_2000": 486.0, "difference_1990_2010": 1062.0, "difference_1990_2020": 1031.0 }, "geometry": { "type": "Polygon", "coordinates": [ [ [ -101.673525377229083, 21.17272733445235 ], [ -101.668952903520804, 21.17272733445235 ], [ -101.668952903520804, 21.168559526099731 ], [ -101.673525377229083, 21.168559526099731 ], [ -101.673525377229083, 21.17272733445235 ] ] ] } },
{ "type": "Feature", "properties": { "difference_1990_2000": 508.0, "difference_1990_2010": 801.0, "difference_1990_2020": 890.0 }, "geometry": { "type": "Polygon", "coordinates": [ [ [ -101.673525377229083, 21.210242836368817 ], [ -101.668952903520804, 21.210242836368817 ], [ -101.668952903520804, 21.206073982287943 ], [ -101.673525377229083, 21.206073982287943 ], [ -101.673525377229083, 21.210242836368817 ] ] ] } },
{ "type": "Feature", "properties": { "difference_1990_2000": 713.0, "difference_1990_2010": 744.0, "difference_1990_2020": 534.0 }, "geometry": { "type": "Polygon", "coordinates": [ [ [ -101.673525377229083, 21.160224257464701 ], [ -101.668952903520804, 21.160224257464705 ], [ -101.668952903520804, 21.156056797119035 ], [ -101.673525377229083, 21.156056797119032 ], [ -101.673525377229083, 21.160224257464701 ] ] ] } },
{ "type": "Feature", "properties": { "difference_1990_2000": 420.0, "difference_1990_2010": 1918.0, "difference_1990_2020": 2214.0 }, "geometry": { "type": "Polygon", "coordinates": [ [ [ -101.673525377229083, 21.193568117830399 ], [ -101.668952903520804, 21.193568117830385 ], [ -101.668952903520804, 21.189399728834051 ], [ -101.673525377229083, 21.189399728834051 ], [ -101.673525377229083, 21.193568117830399 ] ] ] } },
{ "type": "Feature", "properties": { "difference_1990_2000": 2438.0, "difference_1990_2010": 1999.0, "difference_1990_2020": 1860.0 }, "geometry": { "type": "Polygon", "coordinates": [ [ [ -101.673525377229083, 21.097724511530263 ], [ -101.668952903520804, 21.097724511530263 ], [ -101.668952903520804, 21.093558786958994 ], [ -101.673525377229083, 21.093558786959015 ], [ -101.673525377229083, 21.097724511530263 ] ] ] } },
{ "type": "Feature", "properties": { "difference_1990_2000": -260.0, "difference_1990_2010": -707.0, "difference_1990_2020": -847.0 }, "geometry": { "type": "Polygon", "coordinates": [ [ [ -101.673525377229083, 21.106056307197182 ], [ -101.668952903520804, 21.106056307197193 ], [ -101.668952903520804, 21.101890351599181 ], [ -101.673525377229083, 21.101890351599181 ], [ -101.673525377229083, 21.106056307197182 ] ] ] } },
{ "type": "Feature", "properties": { "difference_1990_2000": -975.0, "difference_1990_2010": -1919.0, "difference_1990_2020": -2400.0 }, "geometry": { "type": "Polygon", "coordinates": [ [ [ -101.673525377229083, 21.135221233846362 ], [ -101.668952903520804, 21.135221233846348 ], [ -101.668952903520804, 21.131054468661937 ], [ -101.673525377229083, 21.131054468661929 ], [ -101.673525377229083, 21.135221233846362 ] ] ] } },
{ "type": "Feature", "properties": { "difference_1990_2000": 0.0, "difference_1990_2010": 17.0, "difference_1990_2020": 22.0 }, "geometry": { "type": "Polygon", "coordinates": [ [ [ -101.673525377229083, 21.072731895466216 ], [ -101.668952903520804, 21.072731895466219 ], [ -101.668952903520804, 21.068566863220095 ], [ -101.673525377229083, 21.068566863220095 ], [ -101.673525377229083, 21.072731895466216 ] ] ] } },
{ "type": "Feature", "properties": { "difference_1990_2000": 32.0, "difference_1990_2010": 13.0, "difference_1990_2020": 20.0 }, "geometry": { "type": "Polygon", "coordinates": [ [ [ -101.673525377229083, 21.085227684183611 ], [ -101.668952903520804, 21.085227684183607 ], [ -101.668952903520804, 21.081062305916539 ], [ -101.673525377229083, 21.081062305916536 ], [ -101.673525377229083, 21.085227684183611 ] ] ] } },
{ "type": "Feature", "properties": { "difference_1990_2000": 267.0, "difference_1990_2010": 1295.0, "difference_1990_2020": 1473.0 }, "geometry": { "type": "Polygon", "coordinates": [ [ [ -101.673525377229083, 21.089393177853985 ], [ -101.668952903520804, 21.08939317785395 ], [ -101.668952903520804, 21.085227684183607 ], [ -101.673525377229083, 21.085227684183611 ], [ -101.673525377229083, 21.089393177853985 ] ] ] } },
{ "type": "Feature", "properties": { "difference_1990_2000": 0.0, "difference_1990_2010": 17.0, "difference_1990_2020": 18.0 }, "geometry": { "type": "Polygon", "coordinates": [ [ [ -101.673525377229083, 21.076897043021201 ], [ -101.668952903520804, 21.07689704302123 ], [ -101.668952903520804, 21.072731895466219 ], [ -101.673525377229083, 21.072731895466216 ], [ -101.673525377229083, 21.076897043021201 ] ] ] } },
{ "type": "Feature", "properties": { "difference_1990_2000": -283.0, "difference_1990_2010": -663.0, "difference_1990_2020": -926.0 }, "geometry": { "type": "Polygon", "coordinates": [ [ [ -101.673525377229083, 21.110222378355893 ], [ -101.668952903520804, 21.110222378355868 ], [ -101.668952903520804, 21.106056307197193 ], [ -101.673525377229083, 21.106056307197182 ], [ -101.673525377229083, 21.110222378355893 ] ] ] } },
{ "type": "Feature", "properties": { "difference_1990_2000": -173.0, "difference_1990_2010": -444.0, "difference_1990_2020": -594.0 }, "geometry": { "type": "Polygon", "coordinates": [ [ [ -101.673525377229083, 21.114388565106719 ], [ -101.668952903520804, 21.114388565106722 ], [ -101.668952903520804, 21.110222378355868 ], [ -101.673525377229083, 21.110222378355893 ], [ -101.673525377229083, 21.114388565106719 ] ] ] } },
{ "type": "Feature", "properties": { "difference_1990_2000": 2033.0, "difference_1990_2010": 2670.0, "difference_1990_2020": 2873.0 }, "geometry": { "type": "Polygon", "coordinates": [ [ [ -101.673525377229083, 21.185231456029658 ], [ -101.668952903520804, 21.185231456029676 ], [ -101.668952903520804, 21.181063299385713 ], [ -101.673525377229083, 21.181063299385713 ], [ -101.673525377229083, 21.185231456029658 ] ] ] } },
{ "type": "Feature", "properties": { "difference_1990_2000": 1731.0, "difference_1990_2010": 1191.0, "difference_1990_2020": 950.0 }, "geometry": { "type": "Polygon", "coordinates": [ [ [ -101.673525377229083, 21.101890351599181 ], [ -101.668952903520804, 21.101890351599181 ], [ -101.668952903520804, 21.097724511530263 ], [ -101.673525377229083, 21.097724511530263 ], [ -101.673525377229083, 21.101890351599181 ] ] ] } },
{ "type": "Feature", "properties": { "difference_1990_2000": 687.0, "difference_1990_2010": 987.0, "difference_1990_2020": 969.0 }, "geometry": { "type": "Polygon", "coordinates": [ [ [ -101.673525377229083, 21.176895258870449 ], [ -101.668952903520804, 21.176895258870456 ], [ -101.668952903520804, 21.17272733445235 ], [ -101.673525377229083, 21.17272733445235 ], [ -101.673525377229083, 21.176895258870449 ] ] ] } },
{ "type": "Feature", "properties": { "difference_1990_2000": 109.0, "difference_1990_2010": -676.0, "difference_1990_2020": -1083.0 }, "geometry": { "type": "Polygon", "coordinates": [ [ [ -101.673525377229083, 21.14355511159059 ], [ -101.668952903520804, 21.143555111590587 ], [ -101.668952903520804, 21.139388114812025 ], [ -101.673525377229083, 21.139388114812025 ], [ -101.673525377229083, 21.14355511159059 ] ] ] } },
{ "type": "Feature", "properties": { "difference_1990_2000": 0.0, "difference_1990_2010": 16.0, "difference_1990_2020": 18.0 }, "geometry": { "type": "Polygon", "coordinates": [ [ [ -101.673525377229083, 21.081062305916536 ], [ -101.668952903520804, 21.081062305916539 ], [ -101.668952903520804, 21.07689704302123 ], [ -101.673525377229083, 21.076897043021201 ], [ -101.673525377229083, 21.081062305916536 ] ] ] } },
{ "type": "Feature", "properties": { "difference_1990_2000": -1160.0, "difference_1990_2010": -2087.0, "difference_1990_2020": -2585.0 }, "geometry": { "type": "Polygon", "coordinates": [ [ [ -101.673525377229083, 21.139388114812025 ], [ -101.668952903520804, 21.139388114812025 ], [ -101.668952903520804, 21.135221233846348 ], [ -101.673525377229083, 21.135221233846362 ], [ -101.673525377229083, 21.139388114812025 ] ] ] } },
{ "type": "Feature", "properties": { "difference_1990_2000": -895.0, "difference_1990_2010": -1637.0, "difference_1990_2020": -1974.0 }, "geometry": { "type": "Polygon", "coordinates": [ [ [ -101.673525377229083, 21.126887819227342 ], [ -101.668952903520804, 21.126887819227345 ], [ -101.668952903520804, 21.122721285510956 ], [ -101.673525377229083, 21.122721285510931 ], [ -101.673525377229083, 21.126887819227342 ] ] ] } },
{ "type": "Feature", "properties": { "difference_1990_2000": 0.0, "difference_1990_2010": 13.0, "difference_1990_2020": 18.0 }, "geometry": { "type": "Polygon", "coordinates": [ [ [ -101.673525377229083, 21.068566863220095 ], [ -101.668952903520804, 21.068566863220095 ], [ -101.668952903520804, 21.064401946251394 ], [ -101.673525377229083, 21.064401946251373 ], [ -101.673525377229083, 21.068566863220095 ] ] ] } },
{ "type": "Feature", "properties": { "difference_1990_2000": 734.0, "difference_1990_2010": 2058.0, "difference_1990_2020": 2358.0 }, "geometry": { "type": "Polygon", "coordinates": [ [ [ -101.673525377229083, 21.189399728834051 ], [ -101.668952903520804, 21.189399728834051 ], [ -101.668952903520804, 21.185231456029676 ], [ -101.673525377229083, 21.185231456029658 ], [ -101.673525377229083, 21.189399728834051 ] ] ] } },
{ "type": "Feature", "properties": { "difference_1990_2000": 246.0, "difference_1990_2010": 439.0, "difference_1990_2020": 661.0 }, "geometry": { "type": "Polygon", "coordinates": [ [ [ -101.673525377229083, 21.206073982287943 ], [ -101.668952903520804, 21.206073982287943 ], [ -101.668952903520804, 21.201905244525744 ], [ -101.673525377229083, 21.201905244525697 ], [ -101.673525377229083, 21.206073982287943 ] ] ] } },
{ "type": "Feature", "properties": { "difference_1990_2000": 715.0, "difference_1990_2010": 919.0, "difference_1990_2020": 832.0 }, "geometry": { "type": "Polygon", "coordinates": [ [ [ -101.673525377229083, 21.164391833781071 ], [ -101.668952903520804, 21.164391833781075 ], [ -101.668952903520804, 21.160224257464733 ], [ -101.673525377229083, 21.160224257464733 ], [ -101.673525377229083, 21.164391833781071 ] ] ] } },
{ "type": "Feature", "properties": { "difference_1990_2000": -483.0, "difference_1990_2010": -1086.0, "difference_1990_2020": -1398.0 }, "geometry": { "type": "Polygon", "coordinates": [ [ [ -101.673525377229083, 21.147722224213577 ], [ -101.668952903520804, 21.147722224213577 ], [ -101.668952903520804, 21.143555111590587 ], [ -101.673525377229083, 21.14355511159059 ], [ -101.673525377229083, 21.147722224213577 ] ] ] } },
{ "type": "Feature", "properties": { "difference_1990_2000": -813.0, "difference_1990_2010": -1593.0, "difference_1990_2020": -1926.0 }, "geometry": { "type": "Polygon", "coordinates": [ [ [ -101.673525377229083, 21.131054468661929 ], [ -101.668952903520804, 21.131054468661937 ], [ -101.668952903520804, 21.126887819227345 ], [ -101.673525377229083, 21.126887819227342 ], [ -101.673525377229083, 21.131054468661929 ] ] ] } },
{ "type": "Feature", "properties": { "difference_1990_2000": 619.0, "difference_1990_2010": 674.0, "difference_1990_2020": 412.0 }, "geometry": { "type": "Polygon", "coordinates": [ [ [ -101.673525377229083, 21.156056797119032 ], [ -101.668952903520804, 21.156056797119035 ], [ -101.668952903520804, 21.151889452712503 ], [ -101.673525377229083, 21.151889452712481 ], [ -101.673525377229083, 21.156056797119032 ] ] ] } },
{ "type": "Feature", "properties": { "difference_1990_2000": -316.0, "difference_1990_2010": -683.0, "difference_1990_2020": -885.0 }, "geometry": { "type": "Polygon", "coordinates": [ [ [ -101.673525377229083, 21.122721285510931 ], [ -101.668952903520804, 21.122721285510956 ], [ -101.668952903520804, 21.118554867481247 ], [ -101.673525377229083, 21.118554867481262 ], [ -101.673525377229083, 21.122721285510931 ] ] ] } },
{ "type": "Feature", "properties": { "difference_1990_2000": 300.0, "difference_1990_2010": 185.0, "difference_1990_2020": -52.0 }, "geometry": { "type": "Polygon", "coordinates": [ [ [ -101.673525377229083, 21.151889452712481 ], [ -101.668952903520804, 21.151889452712503 ], [ -101.668952903520804, 21.147722224213577 ], [ -101.673525377229083, 21.147722224213577 ], [ -101.673525377229083, 21.151889452712481 ] ] ] } },
{ "type": "Feature", "properties": { "difference_1990_2000": 321.0, "difference_1990_2010": 737.0, "difference_1990_2020": 1104.0 }, "geometry": { "type": "Polygon", "coordinates": [ [ [ -101.673525377229083, 21.201905244525683 ], [ -101.668952903520804, 21.201905244525697 ], [ -101.668952903520804, 21.197736623050453 ], [ -101.673525377229083, 21.197736623050407 ], [ -101.673525377229083, 21.201905244525683 ] ] ] } },
{ "type": "Feature", "properties": { "difference_1990_2000": -376.0, "difference_1990_2010": 62.0, "difference_1990_2020": 1849.0 }, "geometry": { "type": "Polygon", "coordinates": [ [ [ -101.664380429812539, 21.093558786959012 ], [ -101.65980795610426, 21.09355878695899 ], [ -101.65980795610426, 21.089393177853982 ], [ -101.664380429812539, 21.08939317785395 ], [ -101.664380429812539, 21.093558786959012 ] ] ] } },
{ "type": "Feature", "properties": { "difference_1990_2000": 52.0, "difference_1990_2010": 824.0, "difference_1990_2020": 1157.0 }, "geometry": { "type": "Polygon", "coordinates": [ [ [ -101.664380429812539, 21.168559526099735 ], [ -101.65980795610426, 21.168559526099713 ], [ -101.65980795610426, 21.164391833781078 ], [ -101.664380429812539, 21.164391833781078 ], [ -101.664380429812539, 21.168559526099735 ] ] ] } },
{ "type": "Feature", "properties": { "difference_1990_2000": -33.0, "difference_1990_2010": 363.0, "difference_1990_2020": 369.0 }, "geometry": { "type": "Polygon", "coordinates": [ [ [ -101.664380429812539, 21.181063299385709 ], [ -101.65980795610426, 21.181063299385709 ], [ -101.65980795610426, 21.176895258870452 ], [ -101.664380429812539, 21.176895258870452 ], [ -101.664380429812539, 21.181063299385709 ] ] ] } },
{ "type": "Feature", "properties": { "difference_1990_2000": 383.0, "difference_1990_2010": 548.0, "difference_1990_2020": 647.0 }, "geometry": { "type": "Polygon", "coordinates": [ [ [ -101.664380429812539, 21.19773662305041 ], [ -101.65980795610426, 21.197736623050453 ], [ -101.65980795610426, 21.193568117830385 ], [ -101.664380429812539, 21.193568117830381 ], [ -101.664380429812539, 21.19773662305041 ] ] ] } },
{ "type": "Feature", "properties": { "difference_1990_2000": -57.0, "difference_1990_2010": -152.0, "difference_1990_2020": -226.0 }, "geometry": { "type": "Polygon", "coordinates": [ [ [ -101.664380429812539, 21.118554867481258 ], [ -101.65980795610426, 21.118554867481262 ], [ -101.65980795610426, 21.114388565106719 ], [ -101.664380429812539, 21.114388565106722 ], [ -101.664380429812539, 21.118554867481258 ] ] ] } },
{ "type": "Feature", "properties": { "difference_1990_2000": -141.0, "difference_1990_2010": 650.0, "difference_1990_2020": 705.0 }, "geometry": { "type": "Polygon", "coordinates": [ [ [ -101.664380429812539, 21.17272733445235 ], [ -101.65980795610426, 21.172727334452343 ], [ -101.65980795610426, 21.168559526099713 ], [ -101.664380429812539, 21.168559526099735 ], [ -101.664380429812539, 21.17272733445235 ] ] ] } },
{ "type": "Feature", "properties": { "difference_1990_2000": -65.0, "difference_1990_2010": -202.0, "difference_1990_2020": -236.0 }, "geometry": { "type": "Polygon", "coordinates": [ [ [ -101.664380429812539, 21.160224257464705 ], [ -101.65980795610426, 21.160224257464737 ], [ -101.65980795610426, 21.156056797119067 ], [ -101.664380429812539, 21.156056797119064 ], [ -101.664380429812539, 21.160224257464705 ] ] ] } },
{ "type": "Feature", "properties": { "difference_1990_2000": 1146.0, "difference_1990_2010": 1378.0, "difference_1990_2020": 1546.0 }, "geometry": { "type": "Polygon", "coordinates": [ [ [ -101.664380429812539, 21.193568117830381 ], [ -101.65980795610426, 21.193568117830385 ], [ -101.65980795610426, 21.189399728834051 ], [ -101.664380429812539, 21.189399728834019 ], [ -101.664380429812539, 21.193568117830381 ] ] ] } },
{ "type": "Feature", "properties": { "difference_1990_2000": 412.0, "difference_1990_2010": 250.0, "difference_1990_2020": 224.0 }, "geometry": { "type": "Polygon", "coordinates": [ [ [ -101.664380429812539, 21.097724511530263 ], [ -101.65980795610426, 21.097724511530263 ], [ -101.65980795610426, 21.09355878695899 ], [ -101.664380429812539, 21.093558786959012 ], [ -101.664380429812539, 21.097724511530263 ] ] ] } },
{ "type": "Feature", "properties": { "difference_1990_2000": 350.0, "difference_1990_2010": 1232.0, "difference_1990_2020": 2223.0 }, "geometry": { "type": "Polygon", "coordinates": [ [ [ -101.664380429812539, 21.08939317785395 ], [ -101.65980795610426, 21.089393177853982 ], [ -101.65980795610426, 21.085227684183611 ], [ -101.664380429812539, 21.085227684183611 ], [ -101.664380429812539, 21.08939317785395 ] ] ] } },
{ "type": "Feature", "properties": { "difference_1990_2000": 25.0, "difference_1990_2010": -447.0, "difference_1990_2020": -540.0 }, "geometry": { "type": "Polygon", "coordinates": [ [ [ -101.664380429812539, 21.135221233846352 ], [ -101.65980795610426, 21.135221233846305 ], [ -101.65980795610426, 21.131054468661919 ], [ -101.664380429812539, 21.131054468661922 ], [ -101.664380429812539, 21.135221233846352 ] ] ] } },
{ "type": "Feature", "properties": { "difference_1990_2000": -458.0, "difference_1990_2010": -1160.0, "difference_1990_2020": -1412.0 }, "geometry": { "type": "Polygon", "coordinates": [ [ [ -101.664380429812539, 21.106056307197182 ], [ -101.65980795610426, 21.106056307197182 ], [ -101.65980795610426, 21.101890351599188 ], [ -101.664380429812539, 21.101890351599181 ], [ -101.664380429812539, 21.106056307197182 ] ] ] } },
{ "type": "Feature", "properties": { "difference_1990_2000": 641.0, "difference_1990_2010": 1554.0, "difference_1990_2020": 1911.0 }, "geometry": { "type": "Polygon", "coordinates": [ [ [ -101.664380429812539, 21.085227684183611 ], [ -101.65980795610426, 21.085227684183611 ], [ -101.65980795610426, 21.081062305916539 ], [ -101.664380429812539, 21.081062305916522 ], [ -101.664380429812539, 21.085227684183611 ] ] ] } },
{ "type": "Feature", "properties": { "difference_1990_2000": -64.0, "difference_1990_2010": -208.0, "difference_1990_2020": -260.0 }, "geometry": { "type": "Polygon", "coordinates": [ [ [ -101.664380429812539, 21.110222378355893 ], [ -101.65980795610426, 21.11022237835591 ], [ -101.65980795610426, 21.106056307197182 ], [ -101.664380429812539, 21.106056307197182 ], [ -101.664380429812539, 21.110222378355893 ] ] ] } },
{ "type": "Feature", "properties": { "difference_1990_2000": -47.0, "difference_1990_2010": -139.0, "difference_1990_2020": -203.0 }, "geometry": { "type": "Polygon", "coordinates": [ [ [ -101.664380429812539, 21.114388565106722 ], [ -101.65980795610426, 21.114388565106719 ], [ -101.65980795610426, 21.11022237835591 ], [ -101.664380429812539, 21.110222378355893 ], [ -101.664380429812539, 21.114388565106722 ] ] ] } },
{ "type": "Feature", "properties": { "difference_1990_2000": 123.0, "difference_1990_2010": 28.0, "difference_1990_2020": 95.0 }, "geometry": { "type": "Polygon", "coordinates": [ [ [ -101.664380429812539, 21.185231456029626 ], [ -101.65980795610426, 21.185231456029669 ], [ -101.65980795610426, 21.181063299385709 ], [ -101.664380429812539, 21.181063299385709 ], [ -101.664380429812539, 21.185231456029626 ] ] ] } },
{ "type": "Feature", "properties": { "difference_1990_2000": -563.0, "difference_1990_2010": -794.0, "difference_1990_2020": -798.0 }, "geometry": { "type": "Polygon", "coordinates": [ [ [ -101.664380429812539, 21.101890351599181 ], [ -101.65980795610426, 21.101890351599188 ], [ -101.65980795610426, 21.097724511530263 ], [ -101.664380429812539, 21.097724511530263 ], [ -101.664380429812539, 21.101890351599181 ] ] ] } },
{ "type": "Feature", "properties": { "difference_1990_2000": -413.0, "difference_1990_2010": -586.0, "difference_1990_2020": -809.0 }, "geometry": { "type": "Polygon", "coordinates": [ [ [ -101.664380429812539, 21.143555111590548 ], [ -101.65980795610426, 21.143555111590587 ], [ -101.65980795610426, 21.139388114812025 ], [ -101.664380429812539, 21.139388114812007 ], [ -101.664380429812539, 21.143555111590548 ] ] ] } },
{ "type": "Feature", "properties": { "difference_1990_2000": -144.0, "difference_1990_2010": 639.0, "difference_1990_2020": 689.0 }, "geometry": { "type": "Polygon", "coordinates": [ [ [ -101.664380429812539, 21.176895258870452 ], [ -101.65980795610426, 21.176895258870452 ], [ -101.65980795610426, 21.172727334452343 ], [ -101.664380429812539, 21.17272733445235 ], [ -101.664380429812539, 21.176895258870452 ] ] ] } },
{ "type": "Feature", "properties": { "difference_1990_2000": 7.0, "difference_1990_2010": 17.0, "difference_1990_2020": 21.0 }, "geometry": { "type": "Polygon", "coordinates": [ [ [ -101.664380429812539, 21.081062305916522 ], [ -101.65980795610426, 21.081062305916539 ], [ -101.65980795610426, 21.076897043021237 ], [ -101.664380429812539, 21.076897043021226 ], [ -101.664380429812539, 21.081062305916522 ] ] ] } },
{ "type": "Feature", "properties": { "difference_1990_2000": 385.0, "difference_1990_2010": 177.0, "difference_1990_2020": -92.0 }, "geometry": { "type": "Polygon", "coordinates": [ [ [ -101.664380429812539, 21.139388114812007 ], [ -101.65980795610426, 21.139388114812025 ], [ -101.65980795610426, 21.135221233846305 ], [ -101.664380429812539, 21.135221233846352 ], [ -101.664380429812539, 21.139388114812007 ] ] ] } },
{ "type": "Feature", "properties": { "difference_1990_2000": -890.0, "difference_1990_2010": -1952.0, "difference_1990_2020": -2332.0 }, "geometry": { "type": "Polygon", "coordinates": [ [ [ -101.664380429812539, 21.126887819227335 ], [ -101.65980795610426, 21.126887819227342 ], [ -101.65980795610426, 21.122721285510949 ], [ -101.664380429812539, 21.122721285510949 ], [ -101.664380429812539, 21.126887819227335 ] ] ] } },
{ "type": "Feature", "properties": { "difference_1990_2000": 872.0, "difference_1990_2010": 1003.0, "difference_1990_2020": 1117.0 }, "geometry": { "type": "Polygon", "coordinates": [ [ [ -101.664380429812539, 21.189399728834019 ], [ -101.65980795610426, 21.189399728834051 ], [ -101.65980795610426, 21.185231456029669 ], [ -101.664380429812539, 21.185231456029626 ], [ -101.664380429812539, 21.189399728834019 ] ] ] } },
{ "type": "Feature", "properties": { "difference_1990_2000": -292.0, "difference_1990_2010": -374.0, "difference_1990_2020": -436.0 }, "geometry": { "type": "Polygon", "coordinates": [ [ [ -101.664380429812539, 21.164391833781078 ], [ -101.65980795610426, 21.164391833781078 ], [ -101.65980795610426, 21.160224257464748 ], [ -101.664380429812539, 21.160224257464737 ], [ -101.664380429812539, 21.164391833781078 ] ] ] } },
{ "type": "Feature", "properties": { "difference_1990_2000": -105.0, "difference_1990_2010": -423.0, "difference_1990_2020": -607.0 }, "geometry": { "type": "Polygon", "coordinates": [ [ [ -101.664380429812539, 21.147722224213577 ], [ -101.65980795610426, 21.147722224213577 ], [ -101.65980795610426, 21.143555111590587 ], [ -101.664380429812539, 21.143555111590548 ], [ -101.664380429812539, 21.147722224213577 ] ] ] } },
{ "type": "Feature", "properties": { "difference_1990_2000": -575.0, "difference_1990_2010": -1312.0, "difference_1990_2020": -1662.0 }, "geometry": { "type": "Polygon", "coordinates": [ [ [ -101.664380429812539, 21.131054468661922 ], [ -101.65980795610426, 21.131054468661919 ], [ -101.65980795610426, 21.126887819227342 ], [ -101.664380429812539, 21.126887819227335 ], [ -101.664380429812539, 21.131054468661922 ] ] ] } },
{ "type": "Feature", "properties": { "difference_1990_2000": 419.0, "difference_1990_2010": 388.0, "difference_1990_2020": 1091.0 }, "geometry": { "type": "Polygon", "coordinates": [ [ [ -101.664380429812539, 21.156056797119064 ], [ -101.65980795610426, 21.156056797119067 ], [ -101.65980795610426, 21.151889452712474 ], [ -101.664380429812539, 21.151889452712496 ], [ -101.664380429812539, 21.156056797119064 ] ] ] } },
{ "type": "Feature", "properties": { "difference_1990_2000": -332.0, "difference_1990_2010": -644.0, "difference_1990_2020": -841.0 }, "geometry": { "type": "Polygon", "coordinates": [ [ [ -101.664380429812539, 21.122721285510949 ], [ -101.65980795610426, 21.122721285510949 ], [ -101.65980795610426, 21.118554867481262 ], [ -101.664380429812539, 21.118554867481258 ], [ -101.664380429812539, 21.122721285510949 ] ] ] } },
{ "type": "Feature", "properties": { "difference_1990_2000": 593.0, "difference_1990_2010": 618.0, "difference_1990_2020": 1224.0 }, "geometry": { "type": "Polygon", "coordinates": [ [ [ -101.664380429812539, 21.151889452712496 ], [ -101.65980795610426, 21.151889452712474 ], [ -101.65980795610426, 21.147722224213577 ], [ -101.664380429812539, 21.147722224213577 ], [ -101.664380429812539, 21.151889452712496 ] ] ] } },
{ "type": "Feature", "properties": { "difference_1990_2000": 1325.0, "difference_1990_2010": 1431.0, "difference_1990_2020": 1532.0 }, "geometry": { "type": "Polygon", "coordinates": [ [ [ -101.655235482395994, 21.093558786959019 ], [ -101.650663008687715, 21.093558786959019 ], [ -101.650663008687715, 21.089393177853982 ], [ -101.655235482395994, 21.089393177853999 ], [ -101.655235482395994, 21.093558786959019 ] ] ] } },
{ "type": "Feature", "properties": { "difference_1990_2000": 5.0, "difference_1990_2010": 1274.0, "difference_1990_2020": 2006.0 }, "geometry": { "type": "Polygon", "coordinates": [ [ [ -101.655235482395994, 21.168559526099731 ], [ -101.650663008687715, 21.168559526099731 ], [ -101.650663008687715, 21.164391833781078 ], [ -101.655235482395994, 21.164391833781078 ], [ -101.655235482395994, 21.168559526099731 ] ] ] } },
{ "type": "Feature", "properties": { "difference_1990_2000": 292.0, "difference_1990_2010": 504.0, "difference_1990_2020": 741.0 }, "geometry": { "type": "Polygon", "coordinates": [ [ [ -101.655235482395994, 21.197736623050407 ], [ -101.650663008687715, 21.197736623050407 ], [ -101.650663008687715, 21.193568117830385 ], [ -101.655235482395994, 21.193568117830385 ], [ -101.655235482395994, 21.197736623050407 ] ] ] } },
{ "type": "Feature", "properties": { "difference_1990_2000": 615.0, "difference_1990_2010": 882.0, "difference_1990_2020": 1061.0 }, "geometry": { "type": "Polygon", "coordinates": [ [ [ -101.655235482395994, 21.181063299385727 ], [ -101.650663008687715, 21.181063299385723 ], [ -101.650663008687715, 21.176895258870452 ], [ -101.655235482395994, 21.176895258870452 ], [ -101.655235482395994, 21.181063299385727 ] ] ] } },
{ "type": "Feature", "properties": { "difference_1990_2000": 7.0, "difference_1990_2010": 15.0, "difference_1990_2020": -75.0 }, "geometry": { "type": "Polygon", "coordinates": [ [ [ -101.655235482395994, 21.118554867481262 ], [ -101.650663008687715, 21.118554867481205 ], [ -101.650663008687715, 21.114388565106719 ], [ -101.655235482395994, 21.114388565106761 ], [ -101.655235482395994, 21.118554867481262 ] ] ] } },
{ "type": "Feature", "properties": { "difference_1990_2000": 50.0, "difference_1990_2010": 1405.0, "difference_1990_2020": 1853.0 }, "geometry": { "type": "Polygon", "coordinates": [ [ [ -101.655235482395994, 21.172727334452347 ], [ -101.650663008687715, 21.172727334452347 ], [ -101.650663008687715, 21.168559526099731 ], [ -101.655235482395994, 21.168559526099731 ], [ -101.655235482395994, 21.172727334452347 ] ] ] } },
{ "type": "Feature", "properties": { "difference_1990_2000": 654.0, "difference_1990_2010": 1060.0, "difference_1990_2020": 921.0 }, "geometry": { "type": "Polygon", "coordinates": [ [ [ -101.655235482395994, 21.160224257464701 ], [ -101.650663008687715, 21.160224257464701 ], [ -101.650663008687715, 21.156056797119032 ], [ -101.655235482395994, 21.156056797119071 ], [ -101.655235482395994, 21.160224257464701 ] ] ] } },
{ "type": "Feature", "properties": { "difference_1990_2000": 405.0, "difference_1990_2010": 1307.0, "difference_1990_2020": 1725.0 }, "geometry": { "type": "Polygon", "coordinates": [ [ [ -101.655235482395994, 21.193568117830385 ], [ -101.650663008687715, 21.193568117830385 ], [ -101.650663008687715, 21.189399728834019 ], [ -101.655235482395994, 21.189399728834015 ], [ -101.655235482395994, 21.193568117830385 ] ] ] } },
{ "type": "Feature", "properties": { "difference_1990_2000": 796.0, "difference_1990_2010": 233.0, "difference_1990_2020": 37.0 }, "geometry": { "type": "Polygon", "coordinates": [ [ [ -101.655235482395994, 21.09772451153027 ], [ -101.650663008687715, 21.097724511530267 ], [ -101.650663008687715, 21.093558786959019 ], [ -101.655235482395994, 21.093558786959019 ], [ -101.655235482395994, 21.09772451153027 ] ] ] } },
{ "type": "Feature", "properties": { "difference_1990_2000": -117.0, "difference_1990_2010": -615.0, "difference_1990_2020": -689.0 }, "geometry": { "type": "Polygon", "coordinates": [ [ [ -101.655235482395994, 21.106056307197182 ], [ -101.650663008687715, 21.106056307197225 ], [ -101.650663008687715, 21.101890351599177 ], [ -101.655235482395994, 21.101890351599181 ], [ -101.655235482395994, 21.106056307197182 ] ] ] } },
{ "type": "Feature", "properties": { "difference_1990_2000": 528.0, "difference_1990_2010": 272.0, "difference_1990_2020": -162.0 }, "geometry": { "type": "Polygon", "coordinates": [ [ [ -101.655235482395994, 21.135221233846362 ], [ -101.650663008687715, 21.135221233846348 ], [ -101.650663008687715, 21.131054468661929 ], [ -101.655235482395994, 21.131054468661933 ], [ -101.655235482395994, 21.135221233846362 ] ] ] } },
{ "type": "Feature", "properties": { "difference_1990_2000": -148.0, "difference_1990_2010": 444.0, "difference_1990_2020": 1983.0 }, "geometry": { "type": "Polygon", "coordinates": [ [ [ -101.655235482395994, 21.089393177853999 ], [ -101.650663008687715, 21.089393177853982 ], [ -101.650663008687715, 21.085227684183611 ], [ -101.655235482395994, 21.085227684183657 ], [ -101.655235482395994, 21.089393177853999 ] ] ] } },
{ "type": "Feature", "properties": { "difference_1990_2000": 1011.0, "difference_1990_2010": 2105.0, "difference_1990_2020": 2489.0 }, "geometry": { "type": "Polygon", "coordinates": [ [ [ -101.655235482395994, 21.085227684183657 ], [ -101.650663008687715, 21.085227684183611 ], [ -101.650663008687715, 21.081062305916532 ], [ -101.655235482395994, 21.081062305916539 ], [ -101.655235482395994, 21.085227684183657 ] ] ] } },
{ "type": "Feature", "properties": { "difference_1990_2000": 30.0, "difference_1990_2010": -465.0, "difference_1990_2020": -538.0 }, "geometry": { "type": "Polygon", "coordinates": [ [ [ -101.655235482395994, 21.110222378355896 ], [ -101.650663008687715, 21.1102223783559 ], [ -101.650663008687715, 21.106056307197225 ], [ -101.655235482395994, 21.106056307197182 ], [ -101.655235482395994, 21.110222378355896 ] ] ] } },
{ "type": "Feature", "properties": { "difference_1990_2000": 268.0, "difference_1990_2010": 291.0, "difference_1990_2020": 371.0 }, "geometry": { "type": "Polygon", "coordinates": [ [ [ -101.655235482395994, 21.076897043021233 ], [ -101.650663008687715, 21.076897043021233 ], [ -101.650663008687715, 21.072731895466216 ], [ -101.655235482395994, 21.072731895466219 ], [ -101.655235482395994, 21.076897043021233 ] ] ] } },
{ "type": "Feature", "properties": { "difference_1990_2000": 0.0, "difference_1990_2010": 0.0, "difference_1990_2020": 335.0 }, "geometry": { "type": "Polygon", "coordinates": [ [ [ -101.655235482395994, 21.185231456029658 ], [ -101.650663008687715, 21.185231456029676 ], [ -101.650663008687715, 21.181063299385723 ], [ -101.655235482395994, 21.181063299385727 ], [ -101.655235482395994, 21.185231456029658 ] ] ] } },
{ "type": "Feature", "properties": { "difference_1990_2000": 224.0, "difference_1990_2010": -335.0, "difference_1990_2020": -477.0 }, "geometry": { "type": "Polygon", "coordinates": [ [ [ -101.655235482395994, 21.101890351599181 ], [ -101.650663008687715, 21.101890351599177 ], [ -101.650663008687715, 21.097724511530267 ], [ -101.655235482395994, 21.09772451153027 ], [ -101.655235482395994, 21.101890351599181 ] ] ] } },
{ "type": "Feature", "properties": { "difference_1990_2000": 43.0, "difference_1990_2010": -329.0, "difference_1990_2020": -382.0 }, "geometry": { "type": "Polygon", "coordinates": [ [ [ -101.655235482395994, 21.114388565106761 ], [ -101.650663008687715, 21.114388565106719 ], [ -101.650663008687715, 21.1102223783559 ], [ -101.655235482395994, 21.110222378355896 ], [ -101.655235482395994, 21.114388565106761 ] ] ] } },
{ "type": "Feature", "properties": { "difference_1990_2000": 811.0, "difference_1990_2010": 1898.0, "difference_1990_2020": 2271.0 }, "geometry": { "type": "Polygon", "coordinates": [ [ [ -101.655235482395994, 21.176895258870452 ], [ -101.650663008687715, 21.176895258870452 ], [ -101.650663008687715, 21.172727334452347 ], [ -101.655235482395994, 21.172727334452347 ], [ -101.655235482395994, 21.176895258870452 ] ] ] } },
{ "type": "Feature", "properties": { "difference_1990_2000": 159.0, "difference_1990_2010": -122.0, "difference_1990_2020": -568.0 }, "geometry": { "type": "Polygon", "coordinates": [ [ [ -101.655235482395994, 21.143555111590604 ], [ -101.650663008687715, 21.143555111590604 ], [ -101.650663008687715, 21.139388114812025 ], [ -101.655235482395994, 21.139388114812064 ], [ -101.655235482395994, 21.143555111590604 ] ] ] } },
{ "type": "Feature", "properties": { "difference_1990_2000": 1341.0, "difference_1990_2010": 2406.0, "difference_1990_2020": 2639.0 }, "geometry": { "type": "Polygon", "coordinates": [ [ [ -101.655235482395994, 21.081062305916539 ], [ -101.650663008687715, 21.081062305916532 ], [ -101.650663008687715, 21.076897043021233 ], [ -101.655235482395994, 21.076897043021233 ], [ -101.655235482395994, 21.081062305916539 ] ] ] } },
{ "type": "Feature", "properties": { "difference_1990_2000": 576.0, "difference_1990_2010": 372.0, "difference_1990_2020": 289.0 }, "geometry": { "type": "Polygon", "coordinates": [ [ [ -101.655235482395994, 21.126887819227342 ], [ -101.650663008687715, 21.126887819227345 ], [ -101.650663008687715, 21.122721285510956 ], [ -101.655235482395994, 21.122721285510931 ], [ -101.655235482395994, 21.126887819227342 ] ] ] } },
{ "type": "Feature", "properties": { "difference_1990_2000": 72.0, "difference_1990_2010": 194.0, "difference_1990_2020": 448.0 }, "geometry": { "type": "Polygon", "coordinates": [ [ [ -101.655235482395994, 21.189399728834015 ], [ -101.650663008687715, 21.189399728834019 ], [ -101.650663008687715, 21.185231456029676 ], [ -101.655235482395994, 21.185231456029658 ], [ -101.655235482395994, 21.189399728834015 ] ] ] } },
{ "type": "Feature", "properties": { "difference_1990_2000": 1150.0, "difference_1990_2010": 1076.0, "difference_1990_2020": 798.0 }, "geometry": { "type": "Polygon", "coordinates": [ [ [ -101.655235482395994, 21.139388114812064 ], [ -101.650663008687715, 21.139388114812025 ], [ -101.650663008687715, 21.135221233846348 ], [ -101.655235482395994, 21.135221233846362 ], [ -101.655235482395994, 21.139388114812064 ] ] ] } },
{ "type": "Feature", "properties": { "difference_1990_2000": 326.0, "difference_1990_2010": 1339.0, "difference_1990_2020": 1680.0 }, "geometry": { "type": "Polygon", "coordinates": [ [ [ -101.655235482395994, 21.164391833781078 ], [ -101.650663008687715, 21.164391833781078 ], [ -101.650663008687715, 21.160224257464737 ], [ -101.655235482395994, 21.160224257464737 ], [ -101.655235482395994, 21.164391833781078 ] ] ] } },
{ "type": "Feature", "properties": { "difference_1990_2000": 330.0, "difference_1990_2010": -103.0, "difference_1990_2020": -345.0 }, "geometry": { "type": "Polygon", "coordinates": [ [ [ -101.655235482395994, 21.147722224213574 ], [ -101.650663008687715, 21.147722224213577 ], [ -101.650663008687715, 21.143555111590604 ], [ -101.655235482395994, 21.143555111590604 ], [ -101.655235482395994, 21.147722224213574 ] ] ] } },
{ "type": "Feature", "properties": { "difference_1990_2000": 206.0, "difference_1990_2010": -453.0, "difference_1990_2020": -758.0 }, "geometry": { "type": "Polygon", "coordinates": [ [ [ -101.655235482395994, 21.131054468661933 ], [ -101.650663008687715, 21.131054468661929 ], [ -101.650663008687715, 21.126887819227345 ], [ -101.655235482395994, 21.126887819227342 ], [ -101.655235482395994, 21.131054468661933 ] ] ] } },
{ "type": "Feature", "properties": { "difference_1990_2000": 518.0, "difference_1990_2010": 719.0, "difference_1990_2020": 678.0 }, "geometry": { "type": "Polygon", "coordinates": [ [ [ -101.655235482395994, 21.122721285510931 ], [ -101.650663008687715, 21.122721285510956 ], [ -101.650663008687715, 21.118554867481205 ], [ -101.655235482395994, 21.118554867481262 ], [ -101.655235482395994, 21.122721285510931 ] ] ] } },
{ "type": "Feature", "properties": { "difference_1990_2000": 1364.0, "difference_1990_2010": 1885.0, "difference_1990_2020": 2026.0 }, "geometry": { "type": "Polygon", "coordinates": [ [ [ -101.655235482395994, 21.156056797119071 ], [ -101.650663008687715, 21.156056797119032 ], [ -101.650663008687715, 21.151889452712503 ], [ -101.655235482395994, 21.151889452712496 ], [ -101.655235482395994, 21.156056797119071 ] ] ] } },
{ "type": "Feature", "properties": { "difference_1990_2000": 1589.0, "difference_1990_2010": 1076.0, "difference_1990_2020": 755.0 }, "geometry": { "type": "Polygon", "coordinates": [ [ [ -101.655235482395994, 21.151889452712496 ], [ -101.650663008687715, 21.151889452712503 ], [ -101.650663008687715, 21.147722224213577 ], [ -101.655235482395994, 21.147722224213574 ], [ -101.655235482395994, 21.151889452712496 ] ] ] } },
{ "type": "Feature", "properties": { "difference_1990_2000": 0.0, "difference_1990_2010": 0.0, "difference_1990_2020": 10.0 }, "geometry": { "type": "Polygon", "coordinates": [ [ [ -101.655235482395994, 21.201905244525705 ], [ -101.650663008687715, 21.20190524452574 ], [ -101.650663008687715, 21.197736623050407 ], [ -101.655235482395994, 21.197736623050407 ], [ -101.655235482395994, 21.201905244525705 ] ] ] } },
{ "type": "Feature", "properties": { "difference_1990_2000": 581.0, "difference_1990_2010": 968.0, "difference_1990_2020": 929.0 }, "geometry": { "type": "Polygon", "coordinates": [ [ [ -101.646090534979464, 21.093558786958994 ], [ -101.641518061271157, 21.093558786959015 ], [ -101.641518061271157, 21.089393177853985 ], [ -101.646090534979464, 21.089393177853985 ], [ -101.646090534979464, 21.093558786958994 ] ] ] } },
{ "type": "Feature", "properties": { "difference_1990_2000": 224.0, "difference_1990_2010": 799.0, "difference_1990_2020": 1051.0 }, "geometry": { "type": "Polygon", "coordinates": [ [ [ -101.646090534979464, 21.181063299385674 ], [ -101.641518061271157, 21.181063299385727 ], [ -101.641518061271157, 21.17689525887047 ], [ -101.646090534979464, 21.176895258870456 ], [ -101.646090534979464, 21.181063299385674 ] ] ] } },
{ "type": "Feature", "properties": { "difference_1990_2000": 810.0, "difference_1990_2010": 1593.0, "difference_1990_2020": 1878.0 }, "geometry": { "type": "Polygon", "coordinates": [ [ [ -101.646090534979464, 21.168559526099735 ], [ -101.641518061271157, 21.168559526099727 ], [ -101.641518061271157, 21.164391833781092 ], [ -101.646090534979464, 21.164391833781039 ], [ -101.646090534979464, 21.168559526099735 ] ] ] } },
{ "type": "Feature", "properties": { "difference_1990_2000": 1144.0, "difference_1990_2010": 2046.0, "difference_1990_2020": 2248.0 }, "geometry": { "type": "Polygon", "coordinates": [ [ [ -101.646090534979464, 21.172727334452311 ], [ -101.641518061271157, 21.172727334452347 ], [ -101.641518061271157, 21.168559526099727 ], [ -101.646090534979464, 21.168559526099735 ], [ -101.646090534979464, 21.172727334452311 ] ] ] } },
{ "type": "Feature", "properties": { "difference_1990_2000": 102.0, "difference_1990_2010": 337.0, "difference_1990_2020": 505.0 }, "geometry": { "type": "Polygon", "coordinates": [ [ [ -101.646090534979464, 21.118554867481262 ], [ -101.641518061271157, 21.118554867481265 ], [ -101.641518061271157, 21.114388565106719 ], [ -101.646090534979464, 21.114388565106701 ], [ -101.646090534979464, 21.118554867481262 ] ] ] } },
{ "type": "Feature", "properties": { "difference_1990_2000": 1336.0, "difference_1990_2010": 1827.0, "difference_1990_2020": 1934.0 }, "geometry": { "type": "Polygon", "coordinates": [ [ [ -101.646090534979464, 21.160224257464701 ], [ -101.641518061271157, 21.160224257464698 ], [ -101.641518061271157, 21.156056797119032 ], [ -101.646090534979464, 21.156056797119064 ], [ -101.646090534979464, 21.160224257464701 ] ] ] } },
{ "type": "Feature", "properties": { "difference_1990_2000": 1571.0, "difference_1990_2010": 1123.0, "difference_1990_2020": 982.0 }, "geometry": { "type": "Polygon", "coordinates": [ [ [ -101.646090534979464, 21.097724511530263 ], [ -101.641518061271157, 21.097724511530267 ], [ -101.641518061271157, 21.093558786959015 ], [ -101.646090534979464, 21.093558786958994 ], [ -101.646090534979464, 21.097724511530263 ] ] ] } },
{ "type": "Feature", "properties": { "difference_1990_2000": 599.0, "difference_1990_2010": 203.0, "difference_1990_2020": 23.0 }, "geometry": { "type": "Polygon", "coordinates": [ [ [ -101.646090534979464, 21.135221233846352 ], [ -101.641518061271157, 21.135221233846352 ], [ -101.641518061271157, 21.131054468661954 ], [ -101.646090534979464, 21.131054468661933 ], [ -101.646090534979464, 21.135221233846352 ] ] ] } },
{ "type": "Feature", "properties": { "difference_1990_2000": 1068.0, "difference_1990_2010": 897.0, "difference_1990_2020": 814.0 }, "geometry": { "type": "Polygon", "coordinates": [ [ [ -101.646090534979464, 21.106056307197186 ], [ -101.641518061271157, 21.106056307197182 ], [ -101.641518061271157, 21.101890351599181 ], [ -101.646090534979464, 21.101890351599181 ], [ -101.646090534979464, 21.106056307197186 ] ] ] } },
{ "type": "Feature", "properties": { "difference_1990_2000": 782.0, "difference_1990_2010": 1076.0, "difference_1990_2020": 1454.0 }, "geometry": { "type": "Polygon", "coordinates": [ [ [ -101.646090534979464, 21.072731895466216 ], [ -101.641518061271157, 21.072731895466255 ], [ -101.641518061271157, 21.068566863220095 ], [ -101.646090534979464, 21.068566863220095 ], [ -101.646090534979464, 21.072731895466216 ] ] ] } },
{ "type": "Feature", "properties": { "difference_1990_2000": 425.0, "difference_1990_2010": 3905.0, "difference_1990_2020": 3886.0 }, "geometry": { "type": "Polygon", "coordinates": [ [ [ -101.646090534979464, 21.085227684183611 ], [ -101.641518061271157, 21.085227684183611 ], [ -101.641518061271157, 21.081062305916568 ], [ -101.646090534979464, 21.081062305916539 ], [ -101.646090534979464, 21.085227684183611 ] ] ] } },
{ "type": "Feature", "properties": { "difference_1990_2000": 427.0, "difference_1990_2010": 3613.0, "difference_1990_2020": 3549.0 }, "geometry": { "type": "Polygon", "coordinates": [ [ [ -101.646090534979464, 21.089393177853985 ], [ -101.641518061271157, 21.089393177853985 ], [ -101.641518061271157, 21.085227684183611 ], [ -101.646090534979464, 21.085227684183611 ], [ -101.646090534979464, 21.089393177853985 ] ] ] } },
{ "type": "Feature", "properties": { "difference_1990_2000": 776.0, "difference_1990_2010": 841.0, "difference_1990_2020": 940.0 }, "geometry": { "type": "Polygon", "coordinates": [ [ [ -101.646090534979464, 21.110222378355861 ], [ -101.641518061271157, 21.110222378355893 ], [ -101.641518061271157, 21.106056307197182 ], [ -101.646090534979464, 21.106056307197186 ], [ -101.646090534979464, 21.110222378355861 ] ] ] } },
{ "type": "Feature", "properties": { "difference_1990_2000": 148.0, "difference_1990_2010": 502.0, "difference_1990_2020": 805.0 }, "geometry": { "type": "Polygon", "coordinates": [ [ [ -101.646090534979464, 21.114388565106701 ], [ -101.641518061271157, 21.114388565106719 ], [ -101.641518061271157, 21.110222378355893 ], [ -101.646090534979464, 21.110222378355861 ], [ -101.646090534979464, 21.114388565106701 ] ] ] } },
{ "type": "Feature", "properties": { "difference_1990_2000": 2210.0, "difference_1990_2010": 4380.0, "difference_1990_2020": 4288.0 }, "geometry": { "type": "Polygon", "coordinates": [ [ [ -101.646090534979464, 21.076897043021233 ], [ -101.641518061271157, 21.07689704302123 ], [ -101.641518061271157, 21.072731895466255 ], [ -101.646090534979464, 21.072731895466216 ], [ -101.646090534979464, 21.076897043021233 ] ] ] } },
{ "type": "Feature", "properties": { "difference_1990_2000": 0.0, "difference_1990_2010": 67.0, "difference_1990_2020": 99.0 }, "geometry": { "type": "Polygon", "coordinates": [ [ [ -101.646090534979464, 21.185231456029658 ], [ -101.641518061271157, 21.185231456029676 ], [ -101.641518061271157, 21.181063299385727 ], [ -101.646090534979464, 21.181063299385674 ], [ -101.646090534979464, 21.185231456029658 ] ] ] } },
{ "type": "Feature", "properties": { "difference_1990_2000": 730.0, "difference_1990_2010": 557.0, "difference_1990_2020": 462.0 }, "geometry": { "type": "Polygon", "coordinates": [ [ [ -101.646090534979464, 21.101890351599181 ], [ -101.641518061271157, 21.101890351599181 ], [ -101.641518061271157, 21.097724511530267 ], [ -101.646090534979464, 21.097724511530263 ], [ -101.646090534979464, 21.101890351599181 ] ] ] } },
{ "type": "Feature", "properties": { "difference_1990_2000": 1199.0, "difference_1990_2010": 1742.0, "difference_1990_2020": 2028.0 }, "geometry": { "type": "Polygon", "coordinates": [ [ [ -101.646090534979464, 21.176895258870456 ], [ -101.641518061271157, 21.17689525887047 ], [ -101.641518061271157, 21.172727334452347 ], [ -101.646090534979464, 21.172727334452311 ], [ -101.646090534979464, 21.176895258870456 ] ] ] } },
{ "type": "Feature", "properties": { "difference_1990_2000": 1850.0, "difference_1990_2010": 2127.0, "difference_1990_2020": 1999.0 }, "geometry": { "type": "Polygon", "coordinates": [ [ [ -101.646090534979464, 21.143555111590587 ], [ -101.641518061271157, 21.143555111590604 ], [ -101.641518061271157, 21.139388114812022 ], [ -101.646090534979464, 21.139388114812029 ], [ -101.646090534979464, 21.143555111590587 ] ] ] } },
{ "type": "Feature", "properties": { "difference_1990_2000": 1359.0, "difference_1990_2010": 4261.0, "difference_1990_2020": 4201.0 }, "geometry": { "type": "Polygon", "coordinates": [ [ [ -101.646090534979464, 21.081062305916539 ], [ -101.641518061271157, 21.081062305916568 ], [ -101.641518061271157, 21.07689704302123 ], [ -101.646090534979464, 21.076897043021233 ], [ -101.646090534979464, 21.081062305916539 ] ] ] } },
{ "type": "Feature", "properties": { "difference_1990_2000": 1695.0, "difference_1990_2010": 1887.0, "difference_1990_2020": 1698.0 }, "geometry": { "type": "Polygon", "coordinates": [ [ [ -101.646090534979464, 21.139388114812029 ], [ -101.641518061271157, 21.139388114812022 ], [ -101.641518061271157, 21.135221233846352 ], [ -101.646090534979464, 21.135221233846352 ], [ -101.646090534979464, 21.139388114812029 ] ] ] } },
{ "type": "Feature", "properties": { "difference_1990_2000": 1549.0, "difference_1990_2010": 1941.0, "difference_1990_2020": 2241.0 }, "geometry": { "type": "Polygon", "coordinates": [ [ [ -101.646090534979464, 21.126887819227342 ], [ -101.641518061271157, 21.126887819227342 ], [ -101.641518061271157, 21.122721285510934 ], [ -101.646090534979464, 21.122721285510931 ], [ -101.646090534979464, 21.126887819227342 ] ] ] } },
{ "type": "Feature", "properties": { "difference_1990_2000": 634.0, "difference_1990_2010": 1697.0, "difference_1990_2020": 2166.0 }, "geometry": { "type": "Polygon", "coordinates": [ [ [ -101.646090534979464, 21.164391833781039 ], [ -101.641518061271157, 21.164391833781092 ], [ -101.641518061271157, 21.160224257464733 ], [ -101.646090534979464, 21.160224257464701 ], [ -101.646090534979464, 21.164391833781039 ] ] ] } },
{ "type": "Feature", "properties": { "difference_1990_2000": 2158.0, "difference_1990_2010": 2192.0, "difference_1990_2020": 1838.0 }, "geometry": { "type": "Polygon", "coordinates": [ [ [ -101.646090534979464, 21.147722224213577 ], [ -101.641518061271157, 21.147722224213577 ], [ -101.641518061271157, 21.143555111590604 ], [ -101.646090534979464, 21.143555111590587 ], [ -101.646090534979464, 21.147722224213577 ] ] ] } },
{ "type": "Feature", "properties": { "difference_1990_2000": 1386.0, "difference_1990_2010": 1596.0, "difference_1990_2020": 1897.0 }, "geometry": { "type": "Polygon", "coordinates": [ [ [ -101.646090534979464, 21.131054468661933 ], [ -101.641518061271157, 21.131054468661954 ], [ -101.641518061271157, 21.126887819227342 ], [ -101.646090534979464, 21.126887819227342 ], [ -101.646090534979464, 21.131054468661933 ] ] ] } },
{ "type": "Feature", "properties": { "difference_1990_2000": 865.0, "difference_1990_2010": 890.0, "difference_1990_2020": 833.0 }, "geometry": { "type": "Polygon", "coordinates": [ [ [ -101.646090534979464, 21.122721285510931 ], [ -101.641518061271157, 21.122721285510934 ], [ -101.641518061271157, 21.118554867481265 ], [ -101.646090534979464, 21.118554867481262 ], [ -101.646090534979464, 21.122721285510931 ] ] ] } },
{ "type": "Feature", "properties": { "difference_1990_2000": 839.0, "difference_1990_2010": 839.0, "difference_1990_2020": 847.0 }, "geometry": { "type": "Polygon", "coordinates": [ [ [ -101.646090534979464, 21.156056797119064 ], [ -101.641518061271157, 21.156056797119032 ], [ -101.641518061271157, 21.151889452712499 ], [ -101.646090534979464, 21.151889452712478 ], [ -101.646090534979464, 21.156056797119064 ] ] ] } },
{ "type": "Feature", "properties": { "difference_1990_2000": 786.0, "difference_1990_2010": 104.0, "difference_1990_2020": -300.0 }, "geometry": { "type": "Polygon", "coordinates": [ [ [ -101.646090534979464, 21.151889452712478 ], [ -101.641518061271157, 21.151889452712499 ], [ -101.641518061271157, 21.147722224213577 ], [ -101.646090534979464, 21.147722224213577 ], [ -101.646090534979464, 21.151889452712478 ] ] ] } },
{ "type": "Feature", "properties": { "difference_1990_2000": 145.0, "difference_1990_2010": 277.0, "difference_1990_2020": 275.0 }, "geometry": { "type": "Polygon", "coordinates": [ [ [ -101.636945587562877, 21.093558786959012 ], [ -101.632373113854598, 21.093558786959015 ], [ -101.632373113854598, 21.089393177854003 ], [ -101.636945587562877, 21.089393177853982 ], [ -101.636945587562877, 21.093558786959012 ] ] ] } },
{ "type": "Feature", "properties": { "difference_1990_2000": -208.0, "difference_1990_2010": 307.0, "difference_1990_2020": 1319.0 }, "geometry": { "type": "Polygon", "coordinates": [ [ [ -101.636945587562877, 21.168559526099731 ], [ -101.632373113854598, 21.168559526099731 ], [ -101.632373113854598, 21.164391833781075 ], [ -101.636945587562877, 21.164391833781078 ], [ -101.636945587562877, 21.168559526099731 ] ] ] } },
{ "type": "Feature", "properties": { "difference_1990_2000": 0.0, "difference_1990_2010": 118.0, "difference_1990_2020": 456.0 }, "geometry": { "type": "Polygon", "coordinates": [ [ [ -101.636945587562877, 21.181063299385709 ], [ -101.632373113854598, 21.181063299385723 ], [ -101.632373113854598, 21.176895258870449 ], [ -101.636945587562877, 21.176895258870452 ], [ -101.636945587562877, 21.181063299385709 ] ] ] } },
{ "type": "Feature", "properties": { "difference_1990_2000": 187.0, "difference_1990_2010": 196.0, "difference_1990_2020": 248.0 }, "geometry": { "type": "Polygon", "coordinates": [ [ [ -101.636945587562877, 21.118554867481258 ], [ -101.632373113854598, 21.118554867481297 ], [ -101.632373113854598, 21.114388565106719 ], [ -101.636945587562877, 21.114388565106722 ], [ -101.636945587562877, 21.118554867481258 ] ] ] } },
{ "type": "Feature", "properties": { "difference_1990_2000": 1056.0, "difference_1990_2010": 1608.0, "difference_1990_2020": 2267.0 }, "geometry": { "type": "Polygon", "coordinates": [ [ [ -101.636945587562877, 21.172727334452347 ], [ -101.632373113854598, 21.172727334452347 ], [ -101.632373113854598, 21.168559526099731 ], [ -101.636945587562877, 21.168559526099731 ], [ -101.636945587562877, 21.172727334452347 ] ] ] } },
{ "type": "Feature", "properties": { "difference_1990_2000": 352.0, "difference_1990_2010": 1880.0, "difference_1990_2020": 2345.0 }, "geometry": { "type": "Polygon", "coordinates": [ [ [ -101.636945587562877, 21.160224257464701 ], [ -101.632373113854598, 21.160224257464701 ], [ -101.632373113854598, 21.156056797119067 ], [ -101.636945587562877, 21.156056797119064 ], [ -101.636945587562877, 21.160224257464701 ] ] ] } },
{ "type": "Feature", "properties": { "difference_1990_2000": 247.0, "difference_1990_2010": 302.0, "difference_1990_2020": 281.0 }, "geometry": { "type": "Polygon", "coordinates": [ [ [ -101.636945587562877, 21.097724511530259 ], [ -101.632373113854598, 21.097724511530267 ], [ -101.632373113854598, 21.093558786959015 ], [ -101.636945587562877, 21.093558786959012 ], [ -101.636945587562877, 21.097724511530259 ] ] ] } },
{ "type": "Feature", "properties": { "difference_1990_2000": 0.0, "difference_1990_2010": 417.0, "difference_1990_2020": 595.0 }, "geometry": { "type": "Polygon", "coordinates": [ [ [ -101.636945587562877, 21.135221233846362 ], [ -101.632373113854598, 21.135221233846348 ], [ -101.632373113854598, 21.131054468661929 ], [ -101.636945587562877, 21.131054468661929 ], [ -101.636945587562877, 21.135221233846362 ] ] ] } },
{ "type": "Feature", "properties": { "difference_1990_2000": 1015.0, "difference_1990_2010": 2449.0, "difference_1990_2020": 2634.0 }, "geometry": { "type": "Polygon", "coordinates": [ [ [ -101.636945587562877, 21.072731895466219 ], [ -101.632373113854598, 21.072731895466216 ], [ -101.632373113854598, 21.068566863220095 ], [ -101.636945587562877, 21.068566863220092 ], [ -101.636945587562877, 21.072731895466219 ] ] ] } },
{ "type": "Feature", "properties": { "difference_1990_2000": 1204.0, "difference_1990_2010": 2977.0, "difference_1990_2020": 3365.0 }, "geometry": { "type": "Polygon", "coordinates": [ [ [ -101.636945587562877, 21.085227684183611 ], [ -101.632373113854598, 21.085227684183607 ], [ -101.632373113854598, 21.081062305916532 ], [ -101.636945587562877, 21.081062305916568 ], [ -101.636945587562877, 21.085227684183611 ] ] ] } },
{ "type": "Feature", "properties": { "difference_1990_2000": 698.0, "difference_1990_2010": 2105.0, "difference_1990_2020": 2282.0 }, "geometry": { "type": "Polygon", "coordinates": [ [ [ -101.636945587562877, 21.089393177853982 ], [ -101.632373113854598, 21.089393177854003 ], [ -101.632373113854598, 21.085227684183607 ], [ -101.636945587562877, 21.085227684183611 ], [ -101.636945587562877, 21.089393177853982 ] ] ] } },
{ "type": "Feature", "properties": { "difference_1990_2000": 109.0, "difference_1990_2010": 91.0, "difference_1990_2020": 69.0 }, "geometry": { "type": "Polygon", "coordinates": [ [ [ -101.636945587562877, 21.106056307197225 ], [ -101.632373113854598, 21.106056307197186 ], [ -101.632373113854598, 21.101890351599188 ], [ -101.636945587562877, 21.101890351599184 ], [ -101.636945587562877, 21.106056307197225 ] ] ] } },
{ "type": "Feature", "properties": { "difference_1990_2000": 275.0, "difference_1990_2010": 202.0, "difference_1990_2020": 121.0 }, "geometry": { "type": "Polygon", "coordinates": [ [ [ -101.636945587562877, 21.110222378355896 ], [ -101.632373113854598, 21.110222378355893 ], [ -101.632373113854598, 21.106056307197186 ], [ -101.636945587562877, 21.106056307197225 ], [ -101.636945587562877, 21.110222378355896 ] ] ] } },
{ "type": "Feature", "properties": { "difference_1990_2000": 2283.0, "difference_1990_2010": 3241.0, "difference_1990_2020": 3357.0 }, "geometry": { "type": "Polygon", "coordinates": [ [ [ -101.636945587562877, 21.07689704302123 ], [ -101.632373113854598, 21.07689704302123 ], [ -101.632373113854598, 21.072731895466216 ], [ -101.636945587562877, 21.072731895466219 ], [ -101.636945587562877, 21.07689704302123 ] ] ] } },
{ "type": "Feature", "properties": { "difference_1990_2000": 538.0, "difference_1990_2010": 326.0, "difference_1990_2020": 178.0 }, "geometry": { "type": "Polygon", "coordinates": [ [ [ -101.636945587562877, 21.114388565106722 ], [ -101.632373113854598, 21.114388565106719 ], [ -101.632373113854598, 21.110222378355893 ], [ -101.636945587562877, 21.110222378355896 ], [ -101.636945587562877, 21.114388565106722 ] ] ] } },
{ "type": "Feature", "properties": { "difference_1990_2000": 0.0, "difference_1990_2010": 0.0, "difference_1990_2020": 10.0 }, "geometry": { "type": "Polygon", "coordinates": [ [ [ -101.636945587562877, 21.185231456029658 ], [ -101.632373113854598, 21.185231456029658 ], [ -101.632373113854598, 21.181063299385723 ], [ -101.636945587562877, 21.181063299385709 ], [ -101.636945587562877, 21.185231456029658 ] ] ] } },
{ "type": "Feature", "properties": { "difference_1990_2000": 648.0, "difference_1990_2010": 624.0, "difference_1990_2020": 575.0 }, "geometry": { "type": "Polygon", "coordinates": [ [ [ -101.636945587562877, 21.101890351599184 ], [ -101.632373113854598, 21.101890351599188 ], [ -101.632373113854598, 21.097724511530267 ], [ -101.636945587562877, 21.097724511530259 ], [ -101.636945587562877, 21.101890351599184 ] ] ] } },
{ "type": "Feature", "properties": { "difference_1990_2000": 855.0, "difference_1990_2010": 1360.0, "difference_1990_2020": 2004.0 }, "geometry": { "type": "Polygon", "coordinates": [ [ [ -101.636945587562877, 21.176895258870452 ], [ -101.632373113854598, 21.176895258870449 ], [ -101.632373113854598, 21.172727334452347 ], [ -101.636945587562877, 21.172727334452347 ], [ -101.636945587562877, 21.176895258870452 ] ] ] } },
{ "type": "Feature", "properties": { "difference_1990_2000": 614.0, "difference_1990_2010": 1004.0, "difference_1990_2020": 1113.0 }, "geometry": { "type": "Polygon", "coordinates": [ [ [ -101.636945587562877, 21.143555111590612 ], [ -101.632373113854598, 21.143555111590587 ], [ -101.632373113854598, 21.139388114812025 ], [ -101.636945587562877, 21.139388114812029 ], [ -101.636945587562877, 21.143555111590612 ] ] ] } },
{ "type": "Feature", "properties": { "difference_1990_2000": 0.0, "difference_1990_2010": 417.0, "difference_1990_2020": 595.0 }, "geometry": { "type": "Polygon", "coordinates": [ [ [ -101.636945587562877, 21.139388114812029 ], [ -101.632373113854598, 21.139388114812025 ], [ -101.632373113854598, 21.135221233846348 ], [ -101.636945587562877, 21.135221233846362 ], [ -101.636945587562877, 21.139388114812029 ] ] ] } },
{ "type": "Feature", "properties": { "difference_1990_2000": 1515.0, "difference_1990_2010": 4407.0, "difference_1990_2020": 4781.0 }, "geometry": { "type": "Polygon", "coordinates": [ [ [ -101.636945587562877, 21.081062305916568 ], [ -101.632373113854598, 21.081062305916532 ], [ -101.632373113854598, 21.07689704302123 ], [ -101.636945587562877, 21.07689704302123 ], [ -101.636945587562877, 21.081062305916568 ] ] ] } },
{ "type": "Feature", "properties": { "difference_1990_2000": 74.0, "difference_1990_2010": 33.0, "difference_1990_2020": 42.0 }, "geometry": { "type": "Polygon", "coordinates": [ [ [ -101.636945587562877, 21.126887819227353 ], [ -101.632373113854598, 21.126887819227342 ], [ -101.632373113854598, 21.122721285510934 ], [ -101.636945587562877, 21.122721285510934 ], [ -101.636945587562877, 21.126887819227353 ] ] ] } },
{ "type": "Feature", "properties": { "difference_1990_2000": 535.0, "difference_1990_2010": 1106.0, "difference_1990_2020": 1504.0 }, "geometry": { "type": "Polygon", "coordinates": [ [ [ -101.636945587562877, 21.068566863220092 ], [ -101.632373113854598, 21.068566863220095 ], [ -101.632373113854598, 21.064401946251376 ], [ -101.636945587562877, 21.06440194625139 ], [ -101.636945587562877, 21.068566863220092 ] ] ] } },
{ "type": "Feature", "properties": { "difference_1990_2000": 83.0, "difference_1990_2010": 1132.0, "difference_1990_2020": 1955.0 }, "geometry": { "type": "Polygon", "coordinates": [ [ [ -101.636945587562877, 21.164391833781078 ], [ -101.632373113854598, 21.164391833781075 ], [ -101.632373113854598, 21.16022425746473 ], [ -101.636945587562877, 21.160224257464737 ], [ -101.636945587562877, 21.164391833781078 ] ] ] } },
{ "type": "Feature", "properties": { "difference_1990_2000": 2039.0, "difference_1990_2010": 2324.0, "difference_1990_2020": 2233.0 }, "geometry": { "type": "Polygon", "coordinates": [ [ [ -101.636945587562877, 21.147722224213584 ], [ -101.632373113854598, 21.147722224213577 ], [ -101.632373113854598, 21.143555111590587 ], [ -101.636945587562877, 21.143555111590612 ], [ -101.636945587562877, 21.147722224213584 ] ] ] } },
{ "type": "Feature", "properties": { "difference_1990_2000": 16.0, "difference_1990_2010": 360.0, "difference_1990_2020": 498.0 }, "geometry": { "type": "Polygon", "coordinates": [ [ [ -101.636945587562877, 21.131054468661929 ], [ -101.632373113854598, 21.131054468661929 ], [ -101.632373113854598, 21.126887819227342 ], [ -101.636945587562877, 21.126887819227353 ], [ -101.636945587562877, 21.131054468661929 ] ] ] } },
{ "type": "Feature", "properties": { "difference_1990_2000": 100.0, "difference_1990_2010": -29.0, "difference_1990_2020": -62.0 }, "geometry": { "type": "Polygon", "coordinates": [ [ [ -101.636945587562877, 21.122721285510934 ], [ -101.632373113854598, 21.122721285510934 ], [ -101.632373113854598, 21.118554867481297 ], [ -101.636945587562877, 21.118554867481258 ], [ -101.636945587562877, 21.122721285510934 ] ] ] } },
{ "type": "Feature", "properties": { "difference_1990_2000": 624.0, "difference_1990_2010": 1278.0, "difference_1990_2020": 1501.0 }, "geometry": { "type": "Polygon", "coordinates": [ [ [ -101.636945587562877, 21.156056797119064 ], [ -101.632373113854598, 21.156056797119067 ], [ -101.632373113854598, 21.151889452712531 ], [ -101.636945587562877, 21.151889452712538 ], [ -101.636945587562877, 21.156056797119064 ] ] ] } },
{ "type": "Feature", "properties": { "difference_1990_2000": 1040.0, "difference_1990_2010": 1613.0, "difference_1990_2020": 1852.0 }, "geometry": { "type": "Polygon", "coordinates": [ [ [ -101.636945587562877, 21.151889452712538 ], [ -101.632373113854598, 21.151889452712531 ], [ -101.632373113854598, 21.147722224213577 ], [ -101.636945587562877, 21.147722224213584 ], [ -101.636945587562877, 21.151889452712538 ] ] ] } },
{ "type": "Feature", "properties": { "difference_1990_2000": 758.0, "difference_1990_2010": 736.0, "difference_1990_2020": 687.0 }, "geometry": { "type": "Polygon", "coordinates": [ [ [ -101.627800640146333, 21.093558786959019 ], [ -101.623228166438054, 21.093558786959015 ], [ -101.623228166438054, 21.08939317785395 ], [ -101.627800640146333, 21.089393177853989 ], [ -101.627800640146333, 21.093558786959019 ] ] ] } },
{ "type": "Feature", "properties": { "difference_1990_2000": 123.0, "difference_1990_2010": 275.0, "difference_1990_2020": 450.0 }, "geometry": { "type": "Polygon", "coordinates": [ [ [ -101.627800640146333, 21.118554867481269 ], [ -101.623228166438054, 21.118554867481265 ], [ -101.623228166438054, 21.114388565106719 ], [ -101.627800640146333, 21.114388565106719 ], [ -101.627800640146333, 21.118554867481269 ] ] ] } },
{ "type": "Feature", "properties": { "difference_1990_2000": -55.0, "difference_1990_2010": 0.0, "difference_1990_2020": 237.0 }, "geometry": { "type": "Polygon", "coordinates": [ [ [ -101.627800640146333, 21.172727334452354 ], [ -101.623228166438054, 21.17272733445235 ], [ -101.623228166438054, 21.168559526099727 ], [ -101.627800640146333, 21.168559526099731 ], [ -101.627800640146333, 21.172727334452354 ] ] ] } },
{ "type": "Feature", "properties": { "difference_1990_2000": 34.0, "difference_1990_2010": 724.0, "difference_1990_2020": 1791.0 }, "geometry": { "type": "Polygon", "coordinates": [ [ [ -101.627800640146333, 21.160224257464701 ], [ -101.623228166438054, 21.160224257464698 ], [ -101.623228166438054, 21.156056797119064 ], [ -101.627800640146333, 21.156056797119067 ], [ -101.627800640146333, 21.160224257464701 ] ] ] } },
{ "type": "Feature", "properties": { "difference_1990_2000": 632.0, "difference_1990_2010": 633.0, "difference_1990_2020": 611.0 }, "geometry": { "type": "Polygon", "coordinates": [ [ [ -101.627800640146333, 21.097724511530267 ], [ -101.623228166438054, 21.09772451153027 ], [ -101.623228166438054, 21.093558786959015 ], [ -101.627800640146333, 21.093558786959019 ], [ -101.627800640146333, 21.097724511530267 ] ] ] } },
{ "type": "Feature", "properties": { "difference_1990_2000": 1.0, "difference_1990_2010": 54.0, "difference_1990_2020": 312.0 }, "geometry": { "type": "Polygon", "coordinates": [ [ [ -101.627800640146333, 21.135221233846348 ], [ -101.623228166438054, 21.135221233846352 ], [ -101.623228166438054, 21.131054468661926 ], [ -101.627800640146333, 21.131054468661929 ], [ -101.627800640146333, 21.135221233846348 ] ] ] } },
{ "type": "Feature", "properties": { "difference_1990_2000": 40.0, "difference_1990_2010": 30.0, "difference_1990_2020": 28.0 }, "geometry": { "type": "Polygon", "coordinates": [ [ [ -101.627800640146333, 21.106056307197182 ], [ -101.623228166438054, 21.106056307197186 ], [ -101.623228166438054, 21.101890351599184 ], [ -101.627800640146333, 21.101890351599181 ], [ -101.627800640146333, 21.106056307197182 ] ] ] } },
{ "type": "Feature", "properties": { "difference_1990_2000": 922.0, "difference_1990_2010": 1444.0, "difference_1990_2020": 1657.0 }, "geometry": { "type": "Polygon", "coordinates": [ [ [ -101.627800640146333, 21.072731895466219 ], [ -101.623228166438054, 21.072731895466219 ], [ -101.623228166438054, 21.068566863220092 ], [ -101.627800640146333, 21.068566863220095 ], [ -101.627800640146333, 21.072731895466219 ] ] ] } },
{ "type": "Feature", "properties": { "difference_1990_2000": 631.0, "difference_1990_2010": 1994.0, "difference_1990_2020": 2036.0 }, "geometry": { "type": "Polygon", "coordinates": [ [ [ -101.627800640146333, 21.085227684183611 ], [ -101.623228166438054, 21.085227684183611 ], [ -101.623228166438054, 21.081062305916539 ], [ -101.627800640146333, 21.081062305916522 ], [ -101.627800640146333, 21.085227684183611 ] ] ] } },
{ "type": "Feature", "properties": { "difference_1990_2000": 774.0, "difference_1990_2010": 745.0, "difference_1990_2020": 686.0 }, "geometry": { "type": "Polygon", "coordinates": [ [ [ -101.627800640146333, 21.089393177853989 ], [ -101.623228166438054, 21.08939317785395 ], [ -101.623228166438054, 21.085227684183611 ], [ -101.627800640146333, 21.085227684183611 ], [ -101.627800640146333, 21.089393177853989 ] ] ] } },
{ "type": "Feature", "properties": { "difference_1990_2000": 54.0, "difference_1990_2010": 67.0, "difference_1990_2020": 76.0 }, "geometry": { "type": "Polygon", "coordinates": [ [ [ -101.627800640146333, 21.060237144528681 ], [ -101.623228166438054, 21.060237144528678 ], [ -101.623228166438054, 21.056072458020569 ], [ -101.627800640146333, 21.056072458020569 ], [ -101.627800640146333, 21.060237144528681 ] ] ] } },
{ "type": "Feature", "properties": { "difference_1990_2000": 8.0, "difference_1990_2010": -156.0, "difference_1990_2020": -212.0 }, "geometry": { "type": "Polygon", "coordinates": [ [ [ -101.627800640146333, 21.110222378355896 ], [ -101.623228166438054, 21.110222378355893 ], [ -101.623228166438054, 21.106056307197186 ], [ -101.627800640146333, 21.106056307197182 ], [ -101.627800640146333, 21.110222378355896 ] ] ] } },
{ "type": "Feature", "properties": { "difference_1990_2000": 784.0, "difference_1990_2010": 3162.0, "difference_1990_2020": 3415.0 }, "geometry": { "type": "Polygon", "coordinates": [ [ [ -101.627800640146333, 21.076897043021233 ], [ -101.623228166438054, 21.076897043021233 ], [ -101.623228166438054, 21.072731895466219 ], [ -101.627800640146333, 21.072731895466219 ], [ -101.627800640146333, 21.076897043021233 ] ] ] } },
{ "type": "Feature", "properties": { "difference_1990_2000": 71.0, "difference_1990_2010": -40.0, "difference_1990_2020": -65.0 }, "geometry": { "type": "Polygon", "coordinates": [ [ [ -101.627800640146333, 21.114388565106719 ], [ -101.623228166438054, 21.114388565106719 ], [ -101.623228166438054, 21.110222378355893 ], [ -101.627800640146333, 21.110222378355896 ], [ -101.627800640146333, 21.114388565106719 ] ] ] } },
{ "type": "Feature", "properties": { "difference_1990_2000": 257.0, "difference_1990_2010": 278.0, "difference_1990_2020": 296.0 }, "geometry": { "type": "Polygon", "coordinates": [ [ [ -101.627800640146333, 21.101890351599181 ], [ -101.623228166438054, 21.101890351599184 ], [ -101.623228166438054, 21.09772451153027 ], [ -101.627800640146333, 21.097724511530267 ], [ -101.627800640146333, 21.101890351599181 ] ] ] } },
{ "type": "Feature", "properties": { "difference_1990_2000": -16.0, "difference_1990_2010": 0.0, "difference_1990_2020": 173.0 }, "geometry": { "type": "Polygon", "coordinates": [ [ [ -101.627800640146333, 21.176895258870456 ], [ -101.623228166438054, 21.176895258870456 ], [ -101.623228166438054, 21.17272733445235 ], [ -101.627800640146333, 21.172727334452354 ], [ -101.627800640146333, 21.176895258870456 ] ] ] } },
{ "type": "Feature", "properties": { "difference_1990_2000": 92.0, "difference_1990_2010": 71.0, "difference_1990_2020": 79.0 }, "geometry": { "type": "Polygon", "coordinates": [ [ [ -101.627800640146333, 21.143555111590587 ], [ -101.623228166438054, 21.143555111590551 ], [ -101.623228166438054, 21.139388114812022 ], [ -101.627800640146333, 21.139388114812029 ], [ -101.627800640146333, 21.143555111590587 ] ] ] } },
{ "type": "Feature", "properties": { "difference_1990_2000": 331.0, "difference_1990_2010": 3739.0, "difference_1990_2020": 3990.0 }, "geometry": { "type": "Polygon", "coordinates": [ [ [ -101.627800640146333, 21.081062305916522 ], [ -101.623228166438054, 21.081062305916539 ], [ -101.623228166438054, 21.076897043021233 ], [ -101.627800640146333, 21.076897043021233 ], [ -101.627800640146333, 21.081062305916522 ] ] ] } },
{ "type": "Feature", "properties": { "difference_1990_2000": 14.0, "difference_1990_2010": 13.0, "difference_1990_2020": 269.0 }, "geometry": { "type": "Polygon", "coordinates": [ [ [ -101.627800640146333, 21.139388114812029 ], [ -101.623228166438054, 21.139388114812022 ], [ -101.623228166438054, 21.135221233846352 ], [ -101.627800640146333, 21.135221233846348 ], [ -101.627800640146333, 21.139388114812029 ] ] ] } },
{ "type": "Feature", "properties": { "difference_1990_2000": 1.0, "difference_1990_2010": 218.0, "difference_1990_2020": 483.0 }, "geometry": { "type": "Polygon", "coordinates": [ [ [ -101.627800640146333, 21.12688781922736 ], [ -101.623228166438054, 21.126887819227338 ], [ -101.623228166438054, 21.122721285510931 ], [ -101.627800640146333, 21.122721285510934 ], [ -101.627800640146333, 21.12688781922736 ] ] ] } },
{ "type": "Feature", "properties": { "difference_1990_2000": 1687.0, "difference_1990_2010": 2263.0, "difference_1990_2020": 2460.0 }, "geometry": { "type": "Polygon", "coordinates": [ [ [ -101.627800640146333, 21.068566863220095 ], [ -101.623228166438054, 21.068566863220092 ], [ -101.623228166438054, 21.06440194625139 ], [ -101.627800640146333, 21.06440194625139 ], [ -101.627800640146333, 21.068566863220095 ] ] ] } },
{ "type": "Feature", "properties": { "difference_1990_2000": 0.0, "difference_1990_2010": 57.0, "difference_1990_2020": 88.0 }, "geometry": { "type": "Polygon", "coordinates": [ [ [ -101.627800640146333, 21.164391833781039 ], [ -101.623228166438054, 21.164391833781078 ], [ -101.623228166438054, 21.16022425746473 ], [ -101.627800640146333, 21.160224257464737 ], [ -101.627800640146333, 21.164391833781039 ] ] ] } },
{ "type": "Feature", "properties": { "difference_1990_2000": 133.0, "difference_1990_2010": 480.0, "difference_1990_2020": 1009.0 }, "geometry": { "type": "Polygon", "coordinates": [ [ [ -101.627800640146333, 21.147722224213535 ], [ -101.623228166438054, 21.147722224213577 ], [ -101.623228166438054, 21.143555111590551 ], [ -101.627800640146333, 21.143555111590587 ], [ -101.627800640146333, 21.147722224213535 ] ] ] } },
{ "type": "Feature", "properties": { "difference_1990_2000": 1.0, "difference_1990_2010": 218.0, "difference_1990_2020": 483.0 }, "geometry": { "type": "Polygon", "coordinates": [ [ [ -101.627800640146333, 21.131054468661929 ], [ -101.623228166438054, 21.131054468661926 ], [ -101.623228166438054, 21.126887819227338 ], [ -101.627800640146333, 21.12688781922736 ], [ -101.627800640146333, 21.131054468661929 ] ] ] } },
{ "type": "Feature", "properties": { "difference_1990_2000": 1095.0, "difference_1990_2010": 1422.0, "difference_1990_2020": 1656.0 }, "geometry": { "type": "Polygon", "coordinates": [ [ [ -101.627800640146333, 21.06440194625139 ], [ -101.623228166438054, 21.06440194625139 ], [ -101.623228166438054, 21.060237144528678 ], [ -101.627800640146333, 21.060237144528681 ], [ -101.627800640146333, 21.06440194625139 ] ] ] } },
{ "type": "Feature", "properties": { "difference_1990_2000": 14.0, "difference_1990_2010": 221.0, "difference_1990_2020": 458.0 }, "geometry": { "type": "Polygon", "coordinates": [ [ [ -101.627800640146333, 21.122721285510934 ], [ -101.623228166438054, 21.122721285510931 ], [ -101.623228166438054, 21.118554867481265 ], [ -101.627800640146333, 21.118554867481269 ], [ -101.627800640146333, 21.122721285510934 ] ] ] } },
{ "type": "Feature", "properties": { "difference_1990_2000": 761.0, "difference_1990_2010": 1733.0, "difference_1990_2020": 2111.0 }, "geometry": { "type": "Polygon", "coordinates": [ [ [ -101.627800640146333, 21.156056797119067 ], [ -101.623228166438054, 21.156056797119064 ], [ -101.623228166438054, 21.151889452712503 ], [ -101.627800640146333, 21.151889452712478 ], [ -101.627800640146333, 21.156056797119067 ] ] ] } },
{ "type": "Feature", "properties": { "difference_1990_2000": 668.0, "difference_1990_2010": 1639.0, "difference_1990_2020": 2395.0 }, "geometry": { "type": "Polygon", "coordinates": [ [ [ -101.627800640146333, 21.151889452712478 ], [ -101.623228166438054, 21.151889452712503 ], [ -101.623228166438054, 21.147722224213577 ], [ -101.627800640146333, 21.147722224213535 ], [ -101.627800640146333, 21.151889452712478 ] ] ] } },
{ "type": "Feature", "properties": { "difference_1990_2000": 307.0, "difference_1990_2010": 580.0, "difference_1990_2020": 803.0 }, "geometry": { "type": "Polygon", "coordinates": [ [ [ -101.618655692729774, 21.093558786959012 ], [ -101.614083219021495, 21.093558786959019 ], [ -101.614083219021495, 21.089393177853989 ], [ -101.618655692729774, 21.089393177853982 ], [ -101.618655692729774, 21.093558786959012 ] ] ] } },
{ "type": "Feature", "properties": { "difference_1990_2000": 136.0, "difference_1990_2010": 143.0, "difference_1990_2020": 242.0 }, "geometry": { "type": "Polygon", "coordinates": [ [ [ -101.618655692729774, 21.118554867481265 ], [ -101.614083219021495, 21.118554867481297 ], [ -101.614083219021495, 21.114388565106722 ], [ -101.618655692729774, 21.114388565106719 ], [ -101.618655692729774, 21.118554867481265 ] ] ] } },
{ "type": "Feature", "properties": { "difference_1990_2000": 0.0, "difference_1990_2010": 95.0, "difference_1990_2020": 219.0 }, "geometry": { "type": "Polygon", "coordinates": [ [ [ -101.618655692729774, 21.160224257464737 ], [ -101.614083219021495, 21.160224257464701 ], [ -101.614083219021495, 21.156056797119032 ], [ -101.618655692729774, 21.156056797119035 ], [ -101.618655692729774, 21.160224257464737 ] ] ] } },
{ "type": "Feature", "properties": { "difference_1990_2000": 187.0, "difference_1990_2010": 1095.0, "difference_1990_2020": 1538.0 }, "geometry": { "type": "Polygon", "coordinates": [ [ [ -101.618655692729774, 21.097724511530263 ], [ -101.614083219021495, 21.097724511530267 ], [ -101.614083219021495, 21.093558786959019 ], [ -101.618655692729774, 21.093558786959012 ], [ -101.618655692729774, 21.097724511530263 ] ] ] } },
{ "type": "Feature", "properties": { "difference_1990_2000": 0.0, "difference_1990_2010": 0.0, "difference_1990_2020": 853.0 }, "geometry": { "type": "Polygon", "coordinates": [ [ [ -101.618655692729774, 21.135221233846352 ], [ -101.614083219021495, 21.135221233846352 ], [ -101.614083219021495, 21.131054468661937 ], [ -101.618655692729774, 21.131054468661937 ], [ -101.618655692729774, 21.135221233846352 ] ] ] } },
{ "type": "Feature", "properties": { "difference_1990_2000": 919.0, "difference_1990_2010": 1507.0, "difference_1990_2020": 1713.0 }, "geometry": { "type": "Polygon", "coordinates": [ [ [ -101.618655692729774, 21.085227684183597 ], [ -101.614083219021495, 21.085227684183611 ], [ -101.614083219021495, 21.081062305916568 ], [ -101.618655692729774, 21.081062305916539 ], [ -101.618655692729774, 21.085227684183597 ] ] ] } },
{ "type": "Feature", "properties": { "difference_1990_2000": 1825.0, "difference_1990_2010": 2721.0, "difference_1990_2020": 2725.0 }, "geometry": { "type": "Polygon", "coordinates": [ [ [ -101.618655692729774, 21.106056307197186 ], [ -101.614083219021495, 21.106056307197182 ], [ -101.614083219021495, 21.101890351599181 ], [ -101.618655692729774, 21.101890351599184 ], [ -101.618655692729774, 21.106056307197186 ] ] ] } },
{ "type": "Feature", "properties": { "difference_1990_2000": 483.0, "difference_1990_2010": 957.0, "difference_1990_2020": 1112.0 }, "geometry": { "type": "Polygon", "coordinates": [ [ [ -101.618655692729774, 21.072731895466219 ], [ -101.614083219021495, 21.072731895466191 ], [ -101.614083219021495, 21.068566863220095 ], [ -101.618655692729774, 21.068566863220092 ], [ -101.618655692729774, 21.072731895466219 ] ] ] } },
{ "type": "Feature", "properties": { "difference_1990_2000": 546.0, "difference_1990_2010": 847.0, "difference_1990_2020": 1027.0 }, "geometry": { "type": "Polygon", "coordinates": [ [ [ -101.618655692729774, 21.089393177853982 ], [ -101.614083219021495, 21.089393177853989 ], [ -101.614083219021495, 21.085227684183611 ], [ -101.618655692729774, 21.085227684183597 ], [ -101.618655692729774, 21.089393177853982 ] ] ] } },
{ "type": "Feature", "properties": { "difference_1990_2000": 818.0, "difference_1990_2010": 1386.0, "difference_1990_2020": 1887.0 }, "geometry": { "type": "Polygon", "coordinates": [ [ [ -101.618655692729774, 21.060237144528681 ], [ -101.614083219021495, 21.060237144528678 ], [ -101.614083219021495, 21.056072458020587 ], [ -101.618655692729774, 21.056072458020569 ], [ -101.618655692729774, 21.060237144528681 ] ] ] } },
{ "type": "Feature", "properties": { "difference_1990_2000": 87.0, "difference_1990_2010": 196.0, "difference_1990_2020": 263.0 }, "geometry": { "type": "Polygon", "coordinates": [ [ [ -101.618655692729774, 21.110222378355896 ], [ -101.614083219021495, 21.110222378355864 ], [ -101.614083219021495, 21.106056307197182 ], [ -101.618655692729774, 21.106056307197186 ], [ -101.618655692729774, 21.110222378355896 ] ] ] } },
{ "type": "Feature", "properties": { "difference_1990_2000": 765.0, "difference_1990_2010": 2126.0, "difference_1990_2020": 2354.0 }, "geometry": { "type": "Polygon", "coordinates": [ [ [ -101.618655692729774, 21.076897043021226 ], [ -101.614083219021495, 21.07689704302123 ], [ -101.614083219021495, 21.072731895466191 ], [ -101.618655692729774, 21.072731895466219 ], [ -101.618655692729774, 21.076897043021226 ] ] ] } },
{ "type": "Feature", "properties": { "difference_1990_2000": 190.0, "difference_1990_2010": 213.0, "difference_1990_2020": 313.0 }, "geometry": { "type": "Polygon", "coordinates": [ [ [ -101.618655692729774, 21.114388565106719 ], [ -101.614083219021495, 21.114388565106722 ], [ -101.614083219021495, 21.110222378355864 ], [ -101.618655692729774, 21.110222378355896 ], [ -101.618655692729774, 21.114388565106719 ] ] ] } },
{ "type": "Feature", "properties": { "difference_1990_2000": 308.0, "difference_1990_2010": 578.0, "difference_1990_2020": 793.0 }, "geometry": { "type": "Polygon", "coordinates": [ [ [ -101.618655692729774, 21.101890351599184 ], [ -101.614083219021495, 21.101890351599181 ], [ -101.614083219021495, 21.097724511530267 ], [ -101.618655692729774, 21.097724511530263 ], [ -101.618655692729774, 21.101890351599184 ] ] ] } },
{ "type": "Feature", "properties": { "difference_1990_2000": 51.0, "difference_1990_2010": 114.0, "difference_1990_2020": 758.0 }, "geometry": { "type": "Polygon", "coordinates": [ [ [ -101.618655692729774, 21.143555111590587 ], [ -101.614083219021495, 21.143555111590587 ], [ -101.614083219021495, 21.139388114812025 ], [ -101.618655692729774, 21.139388114812025 ], [ -101.618655692729774, 21.143555111590587 ] ] ] } },
{ "type": "Feature", "properties": { "difference_1990_2000": 815.0, "difference_1990_2010": 1941.0, "difference_1990_2020": 2163.0 }, "geometry": { "type": "Polygon", "coordinates": [ [ [ -101.618655692729774, 21.081062305916539 ], [ -101.614083219021495, 21.081062305916568 ], [ -101.614083219021495, 21.07689704302123 ], [ -101.618655692729774, 21.076897043021226 ], [ -101.618655692729774, 21.081062305916539 ] ] ] } },
{ "type": "Feature", "properties": { "difference_1990_2000": 0.0, "difference_1990_2010": 211.0, "difference_1990_2020": 0.0 }, "geometry": { "type": "Polygon", "coordinates": [ [ [ -101.618655692729774, 21.056072458020569 ], [ -101.614083219021495, 21.056072458020587 ], [ -101.614083219021495, 21.051907886695595 ], [ -101.618655692729774, 21.05190788669562 ], [ -101.618655692729774, 21.056072458020569 ] ] ] } },
{ "type": "Feature", "properties": { "difference_1990_2000": 0.0, "difference_1990_2010": 0.0, "difference_1990_2020": 416.0 }, "geometry": { "type": "Polygon", "coordinates": [ [ [ -101.618655692729774, 21.139388114812025 ], [ -101.614083219021495, 21.139388114812025 ], [ -101.614083219021495, 21.135221233846352 ], [ -101.618655692729774, 21.135221233846352 ], [ -101.618655692729774, 21.139388114812025 ] ] ] } },
{ "type": "Feature", "properties": { "difference_1990_2000": 1.0, "difference_1990_2010": 160.0, "difference_1990_2020": 360.0 }, "geometry": { "type": "Polygon", "coordinates": [ [ [ -101.618655692729774, 21.12688781922736 ], [ -101.614083219021495, 21.126887819227338 ], [ -101.614083219021495, 21.122721285510934 ], [ -101.618655692729774, 21.122721285510931 ], [ -101.618655692729774, 21.12688781922736 ] ] ] } },
{ "type": "Feature", "properties": { "difference_1990_2000": -138.0, "difference_1990_2010": 71.0, "difference_1990_2020": 324.0 }, "geometry": { "type": "Polygon", "coordinates": [ [ [ -101.618655692729774, 21.068566863220092 ], [ -101.614083219021495, 21.068566863220095 ], [ -101.614083219021495, 21.064401946251373 ], [ -101.618655692729774, 21.06440194625139 ], [ -101.618655692729774, 21.068566863220092 ] ] ] } },
{ "type": "Feature", "properties": { "difference_1990_2000": 1023.0, "difference_1990_2010": 2128.0, "difference_1990_2020": 2518.0 }, "geometry": { "type": "Polygon", "coordinates": [ [ [ -101.618655692729774, 21.147722224213577 ], [ -101.614083219021495, 21.147722224213574 ], [ -101.614083219021495, 21.143555111590587 ], [ -101.618655692729774, 21.143555111590587 ], [ -101.618655692729774, 21.147722224213577 ] ] ] } },
{ "type": "Feature", "properties": { "difference_1990_2000": 1.0, "difference_1990_2010": 106.0, "difference_1990_2020": 980.0 }, "geometry": { "type": "Polygon", "coordinates": [ [ [ -101.618655692729774, 21.131054468661937 ], [ -101.614083219021495, 21.131054468661937 ], [ -101.614083219021495, 21.126887819227338 ], [ -101.618655692729774, 21.12688781922736 ], [ -101.618655692729774, 21.131054468661937 ] ] ] } },
{ "type": "Feature", "properties": { "difference_1990_2000": 510.0, "difference_1990_2010": 901.0, "difference_1990_2020": 1899.0 }, "geometry": { "type": "Polygon", "coordinates": [ [ [ -101.618655692729774, 21.06440194625139 ], [ -101.614083219021495, 21.064401946251373 ], [ -101.614083219021495, 21.060237144528678 ], [ -101.618655692729774, 21.060237144528681 ], [ -101.618655692729774, 21.06440194625139 ] ] ] } },
{ "type": "Feature", "properties": { "difference_1990_2000": 0.0, "difference_1990_2010": 476.0, "difference_1990_2020": 1048.0 }, "geometry": { "type": "Polygon", "coordinates": [ [ [ -101.618655692729774, 21.156056797119035 ], [ -101.614083219021495, 21.156056797119032 ], [ -101.614083219021495, 21.151889452712481 ], [ -101.618655692729774, 21.151889452712499 ], [ -101.618655692729774, 21.156056797119035 ] ] ] } },
{ "type": "Feature", "properties": { "difference_1990_2000": 0.0, "difference_1990_2010": 12.0, "difference_1990_2020": 61.0 }, "geometry": { "type": "Polygon", "coordinates": [ [ [ -101.618655692729774, 21.122721285510931 ], [ -101.614083219021495, 21.122721285510934 ], [ -101.614083219021495, 21.118554867481297 ], [ -101.618655692729774, 21.118554867481265 ], [ -101.618655692729774, 21.122721285510931 ] ] ] } },
{ "type": "Feature", "properties": { "difference_1990_2000": 79.0, "difference_1990_2010": 1349.0, "difference_1990_2020": 2544.0 }, "geometry": { "type": "Polygon", "coordinates": [ [ [ -101.618655692729774, 21.151889452712499 ], [ -101.614083219021495, 21.151889452712481 ], [ -101.614083219021495, 21.147722224213574 ], [ -101.618655692729774, 21.147722224213577 ], [ -101.618655692729774, 21.151889452712499 ] ] ] } },
{ "type": "Feature", "properties": { "difference_1990_2000": 337.0, "difference_1990_2010": 442.0, "difference_1990_2020": 511.0 }, "geometry": { "type": "Polygon", "coordinates": [ [ [ -101.609510745313216, 21.093558786959015 ], [ -101.604938271604937, 21.093558786959015 ], [ -101.604938271604937, 21.089393177853978 ], [ -101.609510745313216, 21.089393177853985 ], [ -101.609510745313216, 21.093558786959015 ] ] ] } },
{ "type": "Feature", "properties": { "difference_1990_2000": 243.0, "difference_1990_2010": 398.0, "difference_1990_2020": 482.0 }, "geometry": { "type": "Polygon", "coordinates": [ [ [ -101.609510745313216, 21.118554867481265 ], [ -101.604938271604937, 21.118554867481262 ], [ -101.604938271604937, 21.114388565106722 ], [ -101.609510745313216, 21.114388565106719 ], [ -101.609510745313216, 21.118554867481265 ] ] ] } },
{ "type": "Feature", "properties": { "difference_1990_2000": 267.0, "difference_1990_2010": 761.0, "difference_1990_2020": 1035.0 }, "geometry": { "type": "Polygon", "coordinates": [ [ [ -101.609510745313216, 21.09772451153027 ], [ -101.604938271604937, 21.09772451153027 ], [ -101.604938271604937, 21.093558786959015 ], [ -101.609510745313216, 21.093558786959015 ], [ -101.609510745313216, 21.09772451153027 ] ] ] } },
{ "type": "Feature", "properties": { "difference_1990_2000": 0.0, "difference_1990_2010": 0.0, "difference_1990_2020": 518.0 }, "geometry": { "type": "Polygon", "coordinates": [ [ [ -101.609510745313216, 21.135221233846348 ], [ -101.604938271604937, 21.135221233846352 ], [ -101.604938271604937, 21.131054468661933 ], [ -101.609510745313216, 21.131054468661922 ], [ -101.609510745313216, 21.135221233846348 ] ] ] } },
{ "type": "Feature", "properties": { "difference_1990_2000": 216.0, "difference_1990_2010": 710.0, "difference_1990_2020": 1422.0 }, "geometry": { "type": "Polygon", "coordinates": [ [ [ -101.609510745313216, 21.072731895466223 ], [ -101.604938271604937, 21.072731895466219 ], [ -101.604938271604937, 21.068566863220099 ], [ -101.609510745313216, 21.068566863220099 ], [ -101.609510745313216, 21.072731895466223 ] ] ] } },
{ "type": "Feature", "properties": { "difference_1990_2000": 323.0, "difference_1990_2010": 402.0, "difference_1990_2020": 471.0 }, "geometry": { "type": "Polygon", "coordinates": [ [ [ -101.609510745313216, 21.085227684183611 ], [ -101.604938271604937, 21.085227684183607 ], [ -101.604938271604937, 21.081062305916539 ], [ -101.609510745313216, 21.081062305916539 ], [ -101.609510745313216, 21.085227684183611 ] ] ] } },
{ "type": "Feature", "properties": { "difference_1990_2000": 340.0, "difference_1990_2010": 424.0, "difference_1990_2020": 455.0 }, "geometry": { "type": "Polygon", "coordinates": [ [ [ -101.609510745313216, 21.089393177853985 ], [ -101.604938271604937, 21.089393177853978 ], [ -101.604938271604937, 21.085227684183607 ], [ -101.609510745313216, 21.085227684183611 ], [ -101.609510745313216, 21.089393177853985 ] ] ] } },
{ "type": "Feature", "properties": { "difference_1990_2000": 82.0, "difference_1990_2010": 3041.0, "difference_1990_2020": 3524.0 }, "geometry": { "type": "Polygon", "coordinates": [ [ [ -101.609510745313216, 21.106056307197225 ], [ -101.604938271604937, 21.106056307197182 ], [ -101.604938271604937, 21.101890351599181 ], [ -101.609510745313216, 21.101890351599181 ], [ -101.609510745313216, 21.106056307197225 ] ] ] } },
{ "type": "Feature", "properties": { "difference_1990_2000": 195.0, "difference_1990_2010": 721.0, "difference_1990_2020": 844.0 }, "geometry": { "type": "Polygon", "coordinates": [ [ [ -101.609510745313216, 21.110222378355893 ], [ -101.604938271604937, 21.110222378355896 ], [ -101.604938271604937, 21.106056307197182 ], [ -101.609510745313216, 21.106056307197225 ], [ -101.609510745313216, 21.110222378355893 ] ] ] } },
{ "type": "Feature", "properties": { "difference_1990_2000": 361.0, "difference_1990_2010": 896.0, "difference_1990_2020": 1370.0 }, "geometry": { "type": "Polygon", "coordinates": [ [ [ -101.609510745313216, 21.07689704302123 ], [ -101.604938271604937, 21.07689704302123 ], [ -101.604938271604937, 21.072731895466219 ], [ -101.609510745313216, 21.072731895466223 ], [ -101.609510745313216, 21.07689704302123 ] ] ] } },
{ "type": "Feature", "properties": { "difference_1990_2000": 225.0, "difference_1990_2010": 431.0, "difference_1990_2020": 515.0 }, "geometry": { "type": "Polygon", "coordinates": [ [ [ -101.609510745313216, 21.114388565106719 ], [ -101.604938271604937, 21.114388565106722 ], [ -101.604938271604937, 21.110222378355896 ], [ -101.609510745313216, 21.110222378355893 ], [ -101.609510745313216, 21.114388565106719 ] ] ] } },
{ "type": "Feature", "properties": { "difference_1990_2000": 7.0, "difference_1990_2010": 3467.0, "difference_1990_2020": 4154.0 }, "geometry": { "type": "Polygon", "coordinates": [ [ [ -101.609510745313216, 21.101890351599181 ], [ -101.604938271604937, 21.101890351599181 ], [ -101.604938271604937, 21.09772451153027 ], [ -101.609510745313216, 21.09772451153027 ], [ -101.609510745313216, 21.101890351599181 ] ] ] } },
{ "type": "Feature", "properties": { "difference_1990_2000": 0.0, "difference_1990_2010": 0.0, "difference_1990_2020": 15.0 }, "geometry": { "type": "Polygon", "coordinates": [ [ [ -101.609510745313216, 21.143555111590551 ], [ -101.604938271604937, 21.143555111590608 ], [ -101.604938271604937, 21.139388114812025 ], [ -101.609510745313216, 21.139388114812029 ], [ -101.609510745313216, 21.143555111590551 ] ] ] } },
{ "type": "Feature", "properties": { "difference_1990_2000": 271.0, "difference_1990_2010": 607.0, "difference_1990_2020": 1079.0 }, "geometry": { "type": "Polygon", "coordinates": [ [ [ -101.609510745313216, 21.081062305916539 ], [ -101.604938271604937, 21.081062305916539 ], [ -101.604938271604937, 21.07689704302123 ], [ -101.609510745313216, 21.07689704302123 ], [ -101.609510745313216, 21.081062305916539 ] ] ] } },
{ "type": "Feature", "properties": { "difference_1990_2000": 7.0, "difference_1990_2010": 53.0, "difference_1990_2020": 558.0 }, "geometry": { "type": "Polygon", "coordinates": [ [ [ -101.609510745313216, 21.126887819227345 ], [ -101.604938271604937, 21.126887819227345 ], [ -101.604938271604937, 21.122721285510931 ], [ -101.609510745313216, 21.122721285510934 ], [ -101.609510745313216, 21.126887819227345 ] ] ] } },
{ "type": "Feature", "properties": { "difference_1990_2000": 0.0, "difference_1990_2010": 420.0, "difference_1990_2020": 1463.0 }, "geometry": { "type": "Polygon", "coordinates": [ [ [ -101.609510745313216, 21.068566863220099 ], [ -101.604938271604937, 21.068566863220099 ], [ -101.604938271604937, 21.064401946251373 ], [ -101.609510745313216, 21.064401946251373 ], [ -101.609510745313216, 21.068566863220099 ] ] ] } },
{ "type": "Feature", "properties": { "difference_1990_2000": 0.0, "difference_1990_2010": 0.0, "difference_1990_2020": 792.0 }, "geometry": { "type": "Polygon", "coordinates": [ [ [ -101.609510745313216, 21.147722224213577 ], [ -101.604938271604937, 21.147722224213577 ], [ -101.604938271604937, 21.143555111590608 ], [ -101.609510745313216, 21.143555111590551 ], [ -101.609510745313216, 21.147722224213577 ] ] ] } },
{ "type": "Feature", "properties": { "difference_1990_2000": 0.0, "difference_1990_2010": 8.0, "difference_1990_2020": 1135.0 }, "geometry": { "type": "Polygon", "coordinates": [ [ [ -101.609510745313216, 21.131054468661922 ], [ -101.604938271604937, 21.131054468661933 ], [ -101.604938271604937, 21.126887819227345 ], [ -101.609510745313216, 21.126887819227345 ], [ -101.609510745313216, 21.131054468661922 ] ] ] } },
{ "type": "Feature", "properties": { "difference_1990_2000": 0.0, "difference_1990_2010": 58.0, "difference_1990_2020": 392.0 }, "geometry": { "type": "Polygon", "coordinates": [ [ [ -101.609510745313216, 21.064401946251373 ], [ -101.604938271604937, 21.064401946251373 ], [ -101.604938271604937, 21.060237144528678 ], [ -101.609510745313216, 21.060237144528653 ], [ -101.609510745313216, 21.064401946251373 ] ] ] } },
{ "type": "Feature", "properties": { "difference_1990_2000": 216.0, "difference_1990_2010": 434.0, "difference_1990_2020": 586.0 }, "geometry": { "type": "Polygon", "coordinates": [ [ [ -101.609510745313216, 21.122721285510934 ], [ -101.604938271604937, 21.122721285510931 ], [ -101.604938271604937, 21.118554867481262 ], [ -101.609510745313216, 21.118554867481265 ], [ -101.609510745313216, 21.122721285510934 ] ] ] } },
{ "type": "Feature", "properties": { "difference_1990_2000": 0.0, "difference_1990_2010": 0.0, "difference_1990_2020": 353.0 }, "geometry": { "type": "Polygon", "coordinates": [ [ [ -101.609510745313216, 21.156056797119071 ], [ -101.604938271604937, 21.156056797119032 ], [ -101.604938271604937, 21.151889452712478 ], [ -101.609510745313216, 21.151889452712499 ], [ -101.609510745313216, 21.156056797119071 ] ] ] } },
{ "type": "Feature", "properties": { "difference_1990_2000": 0.0, "difference_1990_2010": 0.0, "difference_1990_2020": 1112.0 }, "geometry": { "type": "Polygon", "coordinates": [ [ [ -101.609510745313216, 21.151889452712499 ], [ -101.604938271604937, 21.151889452712478 ], [ -101.604938271604937, 21.147722224213577 ], [ -101.609510745313216, 21.147722224213577 ], [ -101.609510745313216, 21.151889452712499 ] ] ] } },
{ "type": "Feature", "properties": { "difference_1990_2000": 417.0, "difference_1990_2010": 842.0, "difference_1990_2020": 1340.0 }, "geometry": { "type": "Polygon", "coordinates": [ [ [ -101.600365797896686, 21.093558786959015 ], [ -101.595793324188421, 21.093558786959019 ], [ -101.595793324188421, 21.089393177853985 ], [ -101.600365797896686, 21.089393177853946 ], [ -101.600365797896686, 21.093558786959015 ] ] ] } },
{ "type": "Feature", "properties": { "difference_1990_2000": 322.0, "difference_1990_2010": 2243.0, "difference_1990_2020": 3245.0 }, "geometry": { "type": "Polygon", "coordinates": [ [ [ -101.600365797896686, 21.118554867481262 ], [ -101.595793324188421, 21.118554867481297 ], [ -101.595793324188421, 21.114388565106722 ], [ -101.600365797896686, 21.114388565106719 ], [ -101.600365797896686, 21.118554867481262 ] ] ] } },
{ "type": "Feature", "properties": { "difference_1990_2000": 1524.0, "difference_1990_2010": 2857.0, "difference_1990_2020": 3233.0 }, "geometry": { "type": "Polygon", "coordinates": [ [ [ -101.600365797896686, 21.097724511530267 ], [ -101.595793324188421, 21.097724511530267 ], [ -101.595793324188421, 21.093558786959019 ], [ -101.600365797896686, 21.093558786959015 ], [ -101.600365797896686, 21.097724511530267 ] ] ] } },
{ "type": "Feature", "properties": { "difference_1990_2000": 7.0, "difference_1990_2010": 29.0, "difference_1990_2020": 663.0 }, "geometry": { "type": "Polygon", "coordinates": [ [ [ -101.600365797896686, 21.089393177853946 ], [ -101.595793324188421, 21.089393177853985 ], [ -101.595793324188421, 21.085227684183611 ], [ -101.600365797896686, 21.085227684183614 ], [ -101.600365797896686, 21.089393177853946 ] ] ] } },
{ "type": "Feature", "properties": { "difference_1990_2000": 0.0, "difference_1990_2010": 0.0, "difference_1990_2020": 247.0 }, "geometry": { "type": "Polygon", "coordinates": [ [ [ -101.600365797896686, 21.135221233846352 ], [ -101.595793324188421, 21.135221233846352 ], [ -101.595793324188421, 21.131054468661933 ], [ -101.600365797896686, 21.131054468661933 ], [ -101.600365797896686, 21.135221233846352 ] ] ] } },
{ "type": "Feature", "properties": { "difference_1990_2000": 91.0, "difference_1990_2010": 106.0, "difference_1990_2020": 345.0 }, "geometry": { "type": "Polygon", "coordinates": [ [ [ -101.600365797896686, 21.072731895466202 ], [ -101.595793324188421, 21.072731895466219 ], [ -101.595793324188421, 21.068566863220095 ], [ -101.600365797896686, 21.068566863220092 ], [ -101.600365797896686, 21.072731895466202 ] ] ] } },
{ "type": "Feature", "properties": { "difference_1990_2000": 251.0, "difference_1990_2010": 1310.0, "difference_1990_2020": 2171.0 }, "geometry": { "type": "Polygon", "coordinates": [ [ [ -101.600365797896686, 21.106056307197189 ], [ -101.595793324188421, 21.106056307197186 ], [ -101.595793324188421, 21.101890351599202 ], [ -101.600365797896686, 21.101890351599184 ], [ -101.600365797896686, 21.106056307197189 ] ] ] } },
{ "type": "Feature", "properties": { "difference_1990_2000": 1.0, "difference_1990_2010": 9.0, "difference_1990_2020": 2021.0 }, "geometry": { "type": "Polygon", "coordinates": [ [ [ -101.600365797896686, 21.085227684183614 ], [ -101.595793324188421, 21.085227684183611 ], [ -101.595793324188421, 21.081062305916539 ], [ -101.600365797896686, 21.081062305916539 ], [ -101.600365797896686, 21.085227684183614 ] ] ] } },
{ "type": "Feature", "properties": { "difference_1990_2000": 59.0, "difference_1990_2010": 59.0, "difference_1990_2020": 314.0 }, "geometry": { "type": "Polygon", "coordinates": [ [ [ -101.600365797896686, 21.060237144528678 ], [ -101.595793324188421, 21.060237144528681 ], [ -101.595793324188421, 21.056072458020573 ], [ -101.600365797896686, 21.056072458020569 ], [ -101.600365797896686, 21.060237144528678 ] ] ] } },
{ "type": "Feature", "properties": { "difference_1990_2000": 0.0, "difference_1990_2010": 1026.0, "difference_1990_2020": 1822.0 }, "geometry": { "type": "Polygon", "coordinates": [ [ [ -101.600365797896686, 21.110222378355864 ], [ -101.595793324188421, 21.110222378355893 ], [ -101.595793324188421, 21.106056307197186 ], [ -101.600365797896686, 21.106056307197189 ], [ -101.600365797896686, 21.110222378355864 ] ] ] } },
{ "type": "Feature", "properties": { "difference_1990_2000": 176.0, "difference_1990_2010": 243.0, "difference_1990_2020": 449.0 }, "geometry": { "type": "Polygon", "coordinates": [ [ [ -101.600365797896686, 21.076897043021226 ], [ -101.595793324188421, 21.07689704302123 ], [ -101.595793324188421, 21.072731895466219 ], [ -101.600365797896686, 21.072731895466202 ], [ -101.600365797896686, 21.076897043021226 ] ] ] } },
{ "type": "Feature", "properties": { "difference_1990_2000": 0.0, "difference_1990_2010": 869.0, "difference_1990_2020": 1003.0 }, "geometry": { "type": "Polygon", "coordinates": [ [ [ -101.600365797896686, 21.114388565106719 ], [ -101.595793324188421, 21.114388565106722 ], [ -101.595793324188421, 21.110222378355893 ], [ -101.600365797896686, 21.110222378355864 ], [ -101.600365797896686, 21.114388565106719 ] ] ] } },
{ "type": "Feature", "properties": { "difference_1990_2000": 1013.0, "difference_1990_2010": 2257.0, "difference_1990_2020": 2924.0 }, "geometry": { "type": "Polygon", "coordinates": [ [ [ -101.600365797896686, 21.101890351599184 ], [ -101.595793324188421, 21.101890351599202 ], [ -101.595793324188421, 21.097724511530267 ], [ -101.600365797896686, 21.097724511530267 ], [ -101.600365797896686, 21.101890351599184 ] ] ] } },
{ "type": "Feature", "properties": { "difference_1990_2000": 110.0, "difference_1990_2010": 428.0, "difference_1990_2020": 852.0 }, "geometry": { "type": "Polygon", "coordinates": [ [ [ -101.600365797896686, 21.126887819227314 ], [ -101.595793324188421, 21.126887819227356 ], [ -101.595793324188421, 21.122721285510938 ], [ -101.600365797896686, 21.122721285510934 ], [ -101.600365797896686, 21.126887819227314 ] ] ] } },
{ "type": "Feature", "properties": { "difference_1990_2000": 57.0, "difference_1990_2010": 221.0, "difference_1990_2020": 1342.0 }, "geometry": { "type": "Polygon", "coordinates": [ [ [ -101.600365797896686, 21.081062305916539 ], [ -101.595793324188421, 21.081062305916539 ], [ -101.595793324188421, 21.07689704302123 ], [ -101.600365797896686, 21.076897043021226 ], [ -101.600365797896686, 21.081062305916539 ] ] ] } },
{ "type": "Feature", "properties": { "difference_1990_2000": 7.0, "difference_1990_2010": 23.0, "difference_1990_2020": 163.0 }, "geometry": { "type": "Polygon", "coordinates": [ [ [ -101.600365797896686, 21.056072458020569 ], [ -101.595793324188421, 21.056072458020573 ], [ -101.595793324188421, 21.051907886695616 ], [ -101.600365797896686, 21.051907886695599 ], [ -101.600365797896686, 21.056072458020569 ] ] ] } },
{ "type": "Feature", "properties": { "difference_1990_2000": 0.0, "difference_1990_2010": 0.0, "difference_1990_2020": 52.0 }, "geometry": { "type": "Polygon", "coordinates": [ [ [ -101.600365797896686, 21.139388114812025 ], [ -101.595793324188421, 21.139388114812029 ], [ -101.595793324188421, 21.135221233846352 ], [ -101.600365797896686, 21.135221233846352 ], [ -101.600365797896686, 21.139388114812025 ] ] ] } },
{ "type": "Feature", "properties": { "difference_1990_2000": 62.0, "difference_1990_2010": 59.0, "difference_1990_2020": 325.0 }, "geometry": { "type": "Polygon", "coordinates": [ [ [ -101.600365797896686, 21.068566863220092 ], [ -101.595793324188421, 21.068566863220095 ], [ -101.595793324188421, 21.064401946251373 ], [ -101.600365797896686, 21.06440194625139 ], [ -101.600365797896686, 21.068566863220092 ] ] ] } },
{ "type": "Feature", "properties": { "difference_1990_2000": 0.0, "difference_1990_2010": 0.0, "difference_1990_2020": 82.0 }, "geometry": { "type": "Polygon", "coordinates": [ [ [ -101.600365797896686, 21.131054468661933 ], [ -101.595793324188421, 21.131054468661933 ], [ -101.595793324188421, 21.126887819227356 ], [ -101.600365797896686, 21.126887819227314 ], [ -101.600365797896686, 21.131054468661933 ] ] ] } },
{ "type": "Feature", "properties": { "difference_1990_2000": 62.0, "difference_1990_2010": 59.0, "difference_1990_2020": 325.0 }, "geometry": { "type": "Polygon", "coordinates": [ [ [ -101.600365797896686, 21.06440194625139 ], [ -101.595793324188421, 21.064401946251373 ], [ -101.595793324188421, 21.060237144528681 ], [ -101.600365797896686, 21.060237144528678 ], [ -101.600365797896686, 21.06440194625139 ] ] ] } },
{ "type": "Feature", "properties": { "difference_1990_2000": 227.0, "difference_1990_2010": 789.0, "difference_1990_2020": 1658.0 }, "geometry": { "type": "Polygon", "coordinates": [ [ [ -101.600365797896686, 21.122721285510934 ], [ -101.595793324188421, 21.122721285510938 ], [ -101.595793324188421, 21.118554867481297 ], [ -101.600365797896686, 21.118554867481262 ], [ -101.600365797896686, 21.122721285510934 ] ] ] } },
{ "type": "Feature", "properties": { "difference_1990_2000": 0.0, "difference_1990_2010": 0.0, "difference_1990_2020": 237.0 }, "geometry": { "type": "Polygon", "coordinates": [ [ [ -101.778692272519464, 21.135221233846352 ], [ -101.774119798811185, 21.135221233846359 ], [ -101.774119798811185, 21.131054468661933 ], [ -101.778692272519464, 21.131054468661929 ], [ -101.778692272519464, 21.135221233846352 ] ] ] } },
{ "type": "Feature", "properties": { "difference_1990_2000": 0.0, "difference_1990_2010": 0.0, "difference_1990_2020": 1038.0 }, "geometry": { "type": "Polygon", "coordinates": [ [ [ -101.778692272519464, 21.139388114812029 ], [ -101.774119798811185, 21.139388114812025 ], [ -101.774119798811185, 21.135221233846359 ], [ -101.778692272519464, 21.135221233846352 ], [ -101.778692272519464, 21.139388114812029 ] ] ] } },
{ "type": "Feature", "properties": { "difference_1990_2000": 0.0, "difference_1990_2010": 1076.0, "difference_1990_2020": 2338.0 }, "geometry": { "type": "Polygon", "coordinates": [ [ [ -101.591220850480127, 21.093558786958987 ], [ -101.586648376771834, 21.093558786959019 ], [ -101.586648376771834, 21.089393177854003 ], [ -101.591220850480127, 21.089393177853985 ], [ -101.591220850480127, 21.093558786958987 ] ] ] } },
{ "type": "Feature", "properties": { "difference_1990_2000": 0.0, "difference_1990_2010": 1646.0, "difference_1990_2020": 2289.0 }, "geometry": { "type": "Polygon", "coordinates": [ [ [ -101.591220850480127, 21.118554867481251 ], [ -101.586648376771834, 21.118554867481262 ], [ -101.586648376771834, 21.114388565106722 ], [ -101.591220850480127, 21.114388565106722 ], [ -101.591220850480127, 21.118554867481251 ] ] ] } },
{ "type": "Feature", "properties": { "difference_1990_2000": 12.0, "difference_1990_2010": 23.0, "difference_1990_2020": 32.0 }, "geometry": { "type": "Polygon", "coordinates": [ [ [ -101.591220850480127, 21.051907886695595 ], [ -101.586648376771834, 21.051907886695613 ], [ -101.586648376771834, 21.047743430522338 ], [ -101.591220850480127, 21.047743430522338 ], [ -101.591220850480127, 21.051907886695595 ] ] ] } },
{ "type": "Feature", "properties": { "difference_1990_2000": 0.0, "difference_1990_2010": 3791.0, "difference_1990_2020": 4314.0 }, "geometry": { "type": "Polygon", "coordinates": [ [ [ -101.591220850480127, 21.09772451153027 ], [ -101.586648376771834, 21.097724511530263 ], [ -101.586648376771834, 21.093558786959019 ], [ -101.591220850480127, 21.093558786958987 ], [ -101.591220850480127, 21.09772451153027 ] ] ] } },
{ "type": "Feature", "properties": { "difference_1990_2000": 0.0, "difference_1990_2010": 512.0, "difference_1990_2020": 1177.0 }, "geometry": { "type": "Polygon", "coordinates": [ [ [ -101.591220850480127, 21.106056307197186 ], [ -101.586648376771834, 21.106056307197189 ], [ -101.586648376771834, 21.101890351599181 ], [ -101.591220850480127, 21.101890351599184 ], [ -101.591220850480127, 21.106056307197186 ] ] ] } },
{ "type": "Feature", "properties": { "difference_1990_2000": 200.0, "difference_1990_2010": 283.0, "difference_1990_2020": 422.0 }, "geometry": { "type": "Polygon", "coordinates": [ [ [ -101.591220850480127, 21.072731895466219 ], [ -101.586648376771834, 21.072731895466219 ], [ -101.586648376771834, 21.068566863220095 ], [ -101.591220850480127, 21.068566863220092 ], [ -101.591220850480127, 21.072731895466219 ] ] ] } },
{ "type": "Feature", "properties": { "difference_1990_2000": 0.0, "difference_1990_2010": 0.0, "difference_1990_2020": 2107.0 }, "geometry": { "type": "Polygon", "coordinates": [ [ [ -101.591220850480127, 21.085227684183611 ], [ -101.586648376771834, 21.085227684183607 ], [ -101.586648376771834, 21.081062305916536 ], [ -101.591220850480127, 21.081062305916539 ], [ -101.591220850480127, 21.085227684183611 ] ] ] } },
{ "type": "Feature", "properties": { "difference_1990_2000": 0.0, "difference_1990_2010": 0.0, "difference_1990_2020": 963.0 }, "geometry": { "type": "Polygon", "coordinates": [ [ [ -101.591220850480127, 21.089393177853985 ], [ -101.586648376771834, 21.089393177854003 ], [ -101.586648376771834, 21.085227684183607 ], [ -101.591220850480127, 21.085227684183611 ], [ -101.591220850480127, 21.089393177853985 ] ] ] } },
{ "type": "Feature", "properties": { "difference_1990_2000": 49.0, "difference_1990_2010": 98.0, "difference_1990_2020": 105.0 }, "geometry": { "type": "Polygon", "coordinates": [ [ [ -101.591220850480127, 21.060237144528678 ], [ -101.586648376771834, 21.060237144528678 ], [ -101.586648376771834, 21.056072458020573 ], [ -101.591220850480127, 21.056072458020566 ], [ -101.591220850480127, 21.060237144528678 ] ] ] } },
{ "type": "Feature", "properties": { "difference_1990_2000": 0.0, "difference_1990_2010": 497.0, "difference_1990_2020": 1340.0 }, "geometry": { "type": "Polygon", "coordinates": [ [ [ -101.591220850480127, 21.110222378355893 ], [ -101.586648376771834, 21.110222378355896 ], [ -101.586648376771834, 21.106056307197189 ], [ -101.591220850480127, 21.106056307197186 ], [ -101.591220850480127, 21.110222378355893 ] ] ] } },
{ "type": "Feature", "properties": { "difference_1990_2000": 199.0, "difference_1990_2010": 283.0, "difference_1990_2020": 422.0 }, "geometry": { "type": "Polygon", "coordinates": [ [ [ -101.591220850480127, 21.07689704302123 ], [ -101.586648376771834, 21.07689704302123 ], [ -101.586648376771834, 21.072731895466219 ], [ -101.591220850480127, 21.072731895466219 ], [ -101.591220850480127, 21.07689704302123 ] ] ] } },
{ "type": "Feature", "properties": { "difference_1990_2000": 0.0, "difference_1990_2010": 143.0, "difference_1990_2020": 707.0 }, "geometry": { "type": "Polygon", "coordinates": [ [ [ -101.591220850480127, 21.114388565106722 ], [ -101.586648376771834, 21.114388565106722 ], [ -101.586648376771834, 21.110222378355896 ], [ -101.591220850480127, 21.110222378355893 ], [ -101.591220850480127, 21.114388565106722 ] ] ] } },
{ "type": "Feature", "properties": { "difference_1990_2000": 7.0, "difference_1990_2010": 3862.0, "difference_1990_2020": 4561.0 }, "geometry": { "type": "Polygon", "coordinates": [ [ [ -101.591220850480127, 21.101890351599184 ], [ -101.586648376771834, 21.101890351599181 ], [ -101.586648376771834, 21.097724511530263 ], [ -101.591220850480127, 21.09772451153027 ], [ -101.591220850480127, 21.101890351599184 ] ] ] } },
{ "type": "Feature", "properties": { "difference_1990_2000": 43.0, "difference_1990_2010": 42.0, "difference_1990_2020": 805.0 }, "geometry": { "type": "Polygon", "coordinates": [ [ [ -101.591220850480127, 21.081062305916539 ], [ -101.586648376771834, 21.081062305916536 ], [ -101.586648376771834, 21.07689704302123 ], [ -101.591220850480127, 21.07689704302123 ], [ -101.591220850480127, 21.081062305916539 ] ] ] } },
{ "type": "Feature", "properties": { "difference_1990_2000": 49.0, "difference_1990_2010": 97.0, "difference_1990_2020": 105.0 }, "geometry": { "type": "Polygon", "coordinates": [ [ [ -101.591220850480127, 21.056072458020566 ], [ -101.586648376771834, 21.056072458020573 ], [ -101.586648376771834, 21.051907886695613 ], [ -101.591220850480127, 21.051907886695616 ], [ -101.591220850480127, 21.056072458020566 ] ] ] } },
{ "type": "Feature", "properties": { "difference_1990_2000": 0.0, "difference_1990_2010": 781.0, "difference_1990_2020": 1152.0 }, "geometry": { "type": "Polygon", "coordinates": [ [ [ -101.591220850480127, 21.126887819227335 ], [ -101.586648376771834, 21.126887819227342 ], [ -101.586648376771834, 21.122721285510938 ], [ -101.591220850480127, 21.122721285510931 ], [ -101.591220850480127, 21.126887819227335 ] ] ] } },
{ "type": "Feature", "properties": { "difference_1990_2000": 178.0, "difference_1990_2010": 249.0, "difference_1990_2020": 406.0 }, "geometry": { "type": "Polygon", "coordinates": [ [ [ -101.591220850480127, 21.068566863220092 ], [ -101.586648376771834, 21.068566863220095 ], [ -101.586648376771834, 21.06440194625139 ], [ -101.591220850480127, 21.064401946251376 ], [ -101.591220850480127, 21.068566863220092 ] ] ] } },
{ "type": "Feature", "properties": { "difference_1990_2000": 59.0, "difference_1990_2010": 85.0, "difference_1990_2020": 209.0 }, "geometry": { "type": "Polygon", "coordinates": [ [ [ -101.591220850480127, 21.064401946251376 ], [ -101.586648376771834, 21.06440194625139 ], [ -101.586648376771834, 21.060237144528678 ], [ -101.591220850480127, 21.060237144528678 ], [ -101.591220850480127, 21.064401946251376 ] ] ] } },
{ "type": "Feature", "properties": { "difference_1990_2000": 0.0, "difference_1990_2010": 2086.0, "difference_1990_2020": 2982.0 }, "geometry": { "type": "Polygon", "coordinates": [ [ [ -101.591220850480127, 21.122721285510931 ], [ -101.586648376771834, 21.122721285510938 ], [ -101.586648376771834, 21.118554867481262 ], [ -101.591220850480127, 21.118554867481251 ], [ -101.591220850480127, 21.122721285510931 ] ] ] } },
{ "type": "Feature", "properties": { "difference_1990_2000": 0.0, "difference_1990_2010": 1010.0, "difference_1990_2020": 2120.0 }, "geometry": { "type": "Polygon", "coordinates": [ [ [ -101.769547325102906, 21.093558786959019 ], [ -101.764974851394641, 21.093558786959015 ], [ -101.764974851394641, 21.089393177853989 ], [ -101.769547325102906, 21.089393177853985 ], [ -101.769547325102906, 21.093558786959019 ] ] ] } },
{ "type": "Feature", "properties": { "difference_1990_2000": 0.0, "difference_1990_2010": 0.0, "difference_1990_2020": 556.0 }, "geometry": { "type": "Polygon", "coordinates": [ [ [ -101.769547325102906, 21.168559526099731 ], [ -101.764974851394641, 21.168559526099727 ], [ -101.764974851394641, 21.164391833781075 ], [ -101.769547325102906, 21.164391833781078 ], [ -101.769547325102906, 21.168559526099731 ] ] ] } },
{ "type": "Feature", "properties": { "difference_1990_2000": 0.0, "difference_1990_2010": 0.0, "difference_1990_2020": 1360.0 }, "geometry": { "type": "Polygon", "coordinates": [ [ [ -101.769547325102906, 21.181063299385713 ], [ -101.764974851394641, 21.181063299385727 ], [ -101.764974851394641, 21.176895258870449 ], [ -101.769547325102906, 21.176895258870449 ], [ -101.769547325102906, 21.181063299385713 ] ] ] } },
{ "type": "Feature", "properties": { "difference_1990_2000": 0.0, "difference_1990_2010": 0.0, "difference_1990_2020": 1400.0 }, "geometry": { "type": "Polygon", "coordinates": [ [ [ -101.769547325102906, 21.172727334452347 ], [ -101.764974851394641, 21.172727334452343 ], [ -101.764974851394641, 21.168559526099727 ], [ -101.769547325102906, 21.168559526099731 ], [ -101.769547325102906, 21.172727334452347 ] ] ] } },
{ "type": "Feature", "properties": { "difference_1990_2000": 0.0, "difference_1990_2010": 0.0, "difference_1990_2020": 1093.0 }, "geometry": { "type": "Polygon", "coordinates": [ [ [ -101.769547325102906, 21.193568117830381 ], [ -101.764974851394641, 21.193568117830377 ], [ -101.764974851394641, 21.189399728834015 ], [ -101.769547325102906, 21.189399728834001 ], [ -101.769547325102906, 21.193568117830381 ] ] ] } },
{ "type": "Feature", "properties": { "difference_1990_2000": 0.0, "difference_1990_2010": 111.0, "difference_1990_2020": 315.0 }, "geometry": { "type": "Polygon", "coordinates": [ [ [ -101.769547325102906, 21.09772451153027 ], [ -101.764974851394641, 21.097724511530263 ], [ -101.764974851394641, 21.093558786959015 ], [ -101.769547325102906, 21.093558786959019 ], [ -101.769547325102906, 21.09772451153027 ] ] ] } },
{ "type": "Feature", "properties": { "difference_1990_2000": 0.0, "difference_1990_2010": 0.0, "difference_1990_2020": 2151.0 }, "geometry": { "type": "Polygon", "coordinates": [ [ [ -101.769547325102906, 21.135221233846352 ], [ -101.764974851394641, 21.135221233846345 ], [ -101.764974851394641, 21.131054468661926 ], [ -101.769547325102906, 21.131054468661933 ], [ -101.769547325102906, 21.135221233846352 ] ] ] } },
{ "type": "Feature", "properties": { "difference_1990_2000": 0.0, "difference_1990_2010": 39.0, "difference_1990_2020": 36.0 }, "geometry": { "type": "Polygon", "coordinates": [ [ [ -101.769547325102906, 21.089393177853985 ], [ -101.764974851394641, 21.089393177853989 ], [ -101.764974851394641, 21.085227684183611 ], [ -101.769547325102906, 21.085227684183607 ], [ -101.769547325102906, 21.089393177853985 ] ] ] } },
{ "type": "Feature", "properties": { "difference_1990_2000": 0.0, "difference_1990_2010": 0.0, "difference_1990_2020": 2295.0 }, "geometry": { "type": "Polygon", "coordinates": [ [ [ -101.769547325102906, 21.18523145602968 ], [ -101.764974851394641, 21.185231456029676 ], [ -101.764974851394641, 21.181063299385727 ], [ -101.769547325102906, 21.181063299385713 ], [ -101.769547325102906, 21.18523145602968 ] ] ] } },
{ "type": "Feature", "properties": { "difference_1990_2000": 0.0, "difference_1990_2010": 0.0, "difference_1990_2020": 430.0 }, "geometry": { "type": "Polygon", "coordinates": [ [ [ -101.769547325102906, 21.176895258870449 ], [ -101.764974851394641, 21.176895258870449 ], [ -101.764974851394641, 21.172727334452343 ], [ -101.769547325102906, 21.172727334452347 ], [ -101.769547325102906, 21.176895258870449 ] ] ] } },
{ "type": "Feature", "properties": { "difference_1990_2000": 0.0, "difference_1990_2010": 0.0, "difference_1990_2020": 3038.0 }, "geometry": { "type": "Polygon", "coordinates": [ [ [ -101.769547325102906, 21.143555111590587 ], [ -101.764974851394641, 21.143555111590587 ], [ -101.764974851394641, 21.139388114812025 ], [ -101.769547325102906, 21.139388114812029 ], [ -101.769547325102906, 21.143555111590587 ] ] ] } },
{ "type": "Feature", "properties": { "difference_1990_2000": 0.0, "difference_1990_2010": 0.0, "difference_1990_2020": 3905.0 }, "geometry": { "type": "Polygon", "coordinates": [ [ [ -101.769547325102906, 21.139388114812029 ], [ -101.764974851394641, 21.139388114812025 ], [ -101.764974851394641, 21.135221233846345 ], [ -101.769547325102906, 21.135221233846352 ], [ -101.769547325102906, 21.139388114812029 ] ] ] } },
{ "type": "Feature", "properties": { "difference_1990_2000": 0.0, "difference_1990_2010": 0.0, "difference_1990_2020": 3217.0 }, "geometry": { "type": "Polygon", "coordinates": [ [ [ -101.769547325102906, 21.189399728834001 ], [ -101.764974851394641, 21.189399728834015 ], [ -101.764974851394641, 21.185231456029676 ], [ -101.769547325102906, 21.18523145602968 ], [ -101.769547325102906, 21.189399728834001 ] ] ] } },
{ "type": "Feature", "properties": { "difference_1990_2000": 0.0, "difference_1990_2010": 164.0, "difference_1990_2020": 288.0 }, "geometry": { "type": "Polygon", "coordinates": [ [ [ -101.769547325102906, 21.147722224213574 ], [ -101.764974851394641, 21.147722224213577 ], [ -101.764974851394641, 21.143555111590587 ], [ -101.769547325102906, 21.143555111590587 ], [ -101.769547325102906, 21.147722224213574 ] ] ] } },
{ "type": "Feature", "properties": { "difference_1990_2000": 0.0, "difference_1990_2010": 0.0, "difference_1990_2020": 219.0 }, "geometry": { "type": "Polygon", "coordinates": [ [ [ -101.769547325102906, 21.131054468661933 ], [ -101.764974851394641, 21.131054468661926 ], [ -101.764974851394641, 21.126887819227342 ], [ -101.769547325102906, 21.126887819227356 ], [ -101.769547325102906, 21.131054468661933 ] ] ] } },
{ "type": "Feature", "properties": { "difference_1990_2000": 0.0, "difference_1990_2010": 13.0, "difference_1990_2020": 18.0 }, "geometry": { "type": "Polygon", "coordinates": [ [ [ -101.769547325102906, 21.156056797119071 ], [ -101.764974851394641, 21.156056797119035 ], [ -101.764974851394641, 21.151889452712481 ], [ -101.769547325102906, 21.151889452712499 ], [ -101.769547325102906, 21.156056797119071 ] ] ] } },
{ "type": "Feature", "properties": { "difference_1990_2000": 0.0, "difference_1990_2010": 368.0, "difference_1990_2020": 509.0 }, "geometry": { "type": "Polygon", "coordinates": [ [ [ -101.769547325102906, 21.151889452712499 ], [ -101.764974851394641, 21.151889452712481 ], [ -101.764974851394641, 21.147722224213577 ], [ -101.769547325102906, 21.147722224213574 ], [ -101.769547325102906, 21.151889452712499 ] ] ] } },
{ "type": "Feature", "properties": { "difference_1990_2000": 0.0, "difference_1990_2010": 330.0, "difference_1990_2020": 527.0 }, "geometry": { "type": "Polygon", "coordinates": [ [ [ -101.582075903063554, 21.118554867481208 ], [ -101.577503429355275, 21.118554867481247 ], [ -101.577503429355275, 21.114388565106722 ], [ -101.582075903063554, 21.114388565106719 ], [ -101.582075903063554, 21.118554867481208 ] ] ] } },
{ "type": "Feature", "properties": { "difference_1990_2000": 120.0, "difference_1990_2010": 175.0, "difference_1990_2020": 203.0 }, "geometry": { "type": "Polygon", "coordinates": [ [ [ -101.582075903063554, 21.051907886695599 ], [ -101.577503429355275, 21.051907886695599 ], [ -101.577503429355275, 21.047743430522342 ], [ -101.582075903063554, 21.047743430522335 ], [ -101.582075903063554, 21.051907886695599 ] ] ] } },
{ "type": "Feature", "properties": { "difference_1990_2000": 0.0, "difference_1990_2010": 1294.0, "difference_1990_2020": 3379.0 }, "geometry": { "type": "Polygon", "coordinates": [ [ [ -101.582075903063554, 21.093558786959054 ], [ -101.577503429355275, 21.093558786959019 ], [ -101.577503429355275, 21.089393177853985 ], [ -101.582075903063554, 21.089393177853996 ], [ -101.582075903063554, 21.093558786959054 ] ] ] } },
{ "type": "Feature", "properties": { "difference_1990_2000": 36.0, "difference_1990_2010": 64.0, "difference_1990_2020": 77.0 }, "geometry": { "type": "Polygon", "coordinates": [ [ [ -101.582075903063554, 21.047743430522335 ], [ -101.577503429355275, 21.047743430522342 ], [ -101.577503429355275, 21.043579089469457 ], [ -101.582075903063554, 21.043579089469457 ], [ -101.582075903063554, 21.047743430522335 ] ] ] } },
{ "type": "Feature", "properties": { "difference_1990_2000": 0.0, "difference_1990_2010": 2548.0, "difference_1990_2020": 5770.0 }, "geometry": { "type": "Polygon", "coordinates": [ [ [ -101.582075903063554, 21.097724511530263 ], [ -101.577503429355275, 21.097724511530263 ], [ -101.577503429355275, 21.093558786959019 ], [ -101.582075903063554, 21.093558786959054 ], [ -101.582075903063554, 21.097724511530263 ] ] ] } },
{ "type": "Feature", "properties": { "difference_1990_2000": 0.0, "difference_1990_2010": 1094.0, "difference_1990_2020": 2729.0 }, "geometry": { "type": "Polygon", "coordinates": [ [ [ -101.582075903063554, 21.106056307197186 ], [ -101.577503429355275, 21.106056307197186 ], [ -101.577503429355275, 21.101890351599145 ], [ -101.582075903063554, 21.101890351599177 ], [ -101.582075903063554, 21.106056307197186 ] ] ] } },
{ "type": "Feature", "properties": { "difference_1990_2000": 21.0, "difference_1990_2010": 38.0, "difference_1990_2020": 42.0 }, "geometry": { "type": "Polygon", "coordinates": [ [ [ -101.582075903063554, 21.072731895466219 ], [ -101.577503429355275, 21.072731895466216 ], [ -101.577503429355275, 21.068566863220095 ], [ -101.582075903063554, 21.068566863220095 ], [ -101.582075903063554, 21.072731895466219 ] ] ] } },
{ "type": "Feature", "properties": { "difference_1990_2000": 0.0, "difference_1990_2010": 0.0, "difference_1990_2020": 8.0 }, "geometry": { "type": "Polygon", "coordinates": [ [ [ -101.582075903063554, 21.085227684183604 ], [ -101.577503429355275, 21.085227684183597 ], [ -101.577503429355275, 21.081062305916518 ], [ -101.582075903063554, 21.081062305916536 ], [ -101.582075903063554, 21.085227684183604 ] ] ] } },
{ "type": "Feature", "properties": { "difference_1990_2000": 66.0, "difference_1990_2010": 84.0, "difference_1990_2020": 97.0 }, "geometry": { "type": "Polygon", "coordinates": [ [ [ -101.582075903063554, 21.060237144528706 ], [ -101.577503429355275, 21.060237144528678 ], [ -101.577503429355275, 21.056072458020576 ], [ -101.582075903063554, 21.056072458020587 ], [ -101.582075903063554, 21.060237144528706 ] ] ] } },
{ "type": "Feature", "properties": { "difference_1990_2000": 0.0, "difference_1990_2010": 234.0, "difference_1990_2020": 799.0 }, "geometry": { "type": "Polygon", "coordinates": [ [ [ -101.582075903063554, 21.110222378355893 ], [ -101.577503429355275, 21.110222378355861 ], [ -101.577503429355275, 21.106056307197186 ], [ -101.582075903063554, 21.106056307197186 ], [ -101.582075903063554, 21.110222378355893 ] ] ] } },
{ "type": "Feature", "properties": { "difference_1990_2000": 22.0, "difference_1990_2010": 46.0, "difference_1990_2020": 58.0 }, "geometry": { "type": "Polygon", "coordinates": [ [ [ -101.582075903063554, 21.07689704302123 ], [ -101.577503429355275, 21.07689704302123 ], [ -101.577503429355275, 21.072731895466216 ], [ -101.582075903063554, 21.072731895466219 ], [ -101.582075903063554, 21.07689704302123 ] ] ] } },
{ "type": "Feature", "properties": { "difference_1990_2000": 0.0, "difference_1990_2010": 0.0, "difference_1990_2020": 583.0 }, "geometry": { "type": "Polygon", "coordinates": [ [ [ -101.582075903063554, 21.114388565106719 ], [ -101.577503429355275, 21.114388565106722 ], [ -101.577503429355275, 21.110222378355861 ], [ -101.582075903063554, 21.110222378355893 ], [ -101.582075903063554, 21.114388565106719 ] ] ] } },
{ "type": "Feature", "properties": { "difference_1990_2000": 0.0, "difference_1990_2010": 1158.0, "difference_1990_2020": 3950.0 }, "geometry": { "type": "Polygon", "coordinates": [ [ [ -101.582075903063554, 21.101890351599177 ], [ -101.577503429355275, 21.101890351599145 ], [ -101.577503429355275, 21.097724511530263 ], [ -101.582075903063554, 21.097724511530263 ], [ -101.582075903063554, 21.101890351599177 ] ] ] } },
{ "type": "Feature", "properties": { "difference_1990_2000": 39.0, "difference_1990_2010": 42.0, "difference_1990_2020": 44.0 }, "geometry": { "type": "Polygon", "coordinates": [ [ [ -101.582075903063554, 21.035250752599026 ], [ -101.577503429355275, 21.035250752599044 ], [ -101.577503429355275, 21.031086756718757 ], [ -101.582075903063554, 21.031086756718757 ], [ -101.582075903063554, 21.035250752599026 ] ] ] } },
{ "type": "Feature", "properties": { "difference_1990_2000": 127.0, "difference_1990_2010": 149.0, "difference_1990_2020": 146.0 }, "geometry": { "type": "Polygon", "coordinates": [ [ [ -101.582075903063554, 21.039414863505506 ], [ -101.577503429355275, 21.039414863505506 ], [ -101.577503429355275, 21.035250752599044 ], [ -101.582075903063554, 21.035250752599026 ], [ -101.582075903063554, 21.039414863505506 ] ] ] } },
{ "type": "Feature", "properties": { "difference_1990_2000": 36.0, "difference_1990_2010": 42.0, "difference_1990_2020": 42.0 }, "geometry": { "type": "Polygon", "coordinates": [ [ [ -101.582075903063554, 21.043579089469457 ], [ -101.577503429355275, 21.043579089469457 ], [ -101.577503429355275, 21.039414863505506 ], [ -101.582075903063554, 21.039414863505506 ], [ -101.582075903063554, 21.043579089469457 ] ] ] } },
{ "type": "Feature", "properties": { "difference_1990_2000": 0.0, "difference_1990_2010": 0.0, "difference_1990_2020": 54.0 }, "geometry": { "type": "Polygon", "coordinates": [ [ [ -101.582075903063554, 21.081062305916536 ], [ -101.577503429355275, 21.081062305916518 ], [ -101.577503429355275, 21.07689704302123 ], [ -101.582075903063554, 21.07689704302123 ], [ -101.582075903063554, 21.081062305916536 ] ] ] } },
{ "type": "Feature", "properties": { "difference_1990_2000": 0.0, "difference_1990_2010": 4.0, "difference_1990_2020": 8.0 }, "geometry": { "type": "Polygon", "coordinates": [ [ [ -101.582075903063554, 21.126887819227345 ], [ -101.577503429355275, 21.12688781922731 ], [ -101.577503429355275, 21.122721285510934 ], [ -101.582075903063554, 21.122721285510931 ], [ -101.582075903063554, 21.126887819227345 ] ] ] } },
{ "type": "Feature", "properties": { "difference_1990_2000": 82.0, "difference_1990_2010": 133.0, "difference_1990_2020": 150.0 }, "geometry": { "type": "Polygon", "coordinates": [ [ [ -101.582075903063554, 21.056072458020587 ], [ -101.577503429355275, 21.056072458020576 ], [ -101.577503429355275, 21.051907886695599 ], [ -101.582075903063554, 21.051907886695599 ], [ -101.582075903063554, 21.056072458020587 ] ] ] } },
{ "type": "Feature", "properties": { "difference_1990_2000": 28.0, "difference_1990_2010": 44.0, "difference_1990_2020": 49.0 }, "geometry": { "type": "Polygon", "coordinates": [ [ [ -101.582075903063554, 21.068566863220095 ], [ -101.577503429355275, 21.068566863220095 ], [ -101.577503429355275, 21.06440194625139 ], [ -101.582075903063554, 21.06440194625139 ], [ -101.582075903063554, 21.068566863220095 ] ] ] } },
{ "type": "Feature", "properties": { "difference_1990_2000": 76.0, "difference_1990_2010": 82.0, "difference_1990_2020": 98.0 }, "geometry": { "type": "Polygon", "coordinates": [ [ [ -101.582075903063554, 21.06440194625139 ], [ -101.577503429355275, 21.06440194625139 ], [ -101.577503429355275, 21.060237144528678 ], [ -101.582075903063554, 21.060237144528706 ], [ -101.582075903063554, 21.06440194625139 ] ] ] } },
{ "type": "Feature", "properties": { "difference_1990_2000": 0.0, "difference_1990_2010": 444.0, "difference_1990_2020": 433.0 }, "geometry": { "type": "Polygon", "coordinates": [ [ [ -101.582075903063554, 21.122721285510931 ], [ -101.577503429355275, 21.122721285510934 ], [ -101.577503429355275, 21.118554867481247 ], [ -101.582075903063554, 21.118554867481208 ], [ -101.582075903063554, 21.122721285510931 ] ] ] } },
{ "type": "Feature", "properties": { "difference_1990_2000": 803.0, "difference_1990_2010": 1226.0, "difference_1990_2020": 1591.0 }, "geometry": { "type": "Polygon", "coordinates": [ [ [ -101.760402377686333, 21.093558786959022 ], [ -101.755829903978054, 21.093558786959012 ], [ -101.755829903978054, 21.089393177853996 ], [ -101.760402377686333, 21.089393177853982 ], [ -101.760402377686333, 21.093558786959022 ] ] ] } },
{ "type": "Feature", "properties": { "difference_1990_2000": 0.0, "difference_1990_2010": 0.0, "difference_1990_2020": 2361.0 }, "geometry": { "type": "Polygon", "coordinates": [ [ [ -101.760402377686333, 21.168559526099731 ], [ -101.755829903978054, 21.168559526099713 ], [ -101.755829903978054, 21.164391833781071 ], [ -101.760402377686333, 21.164391833781075 ], [ -101.760402377686333, 21.168559526099731 ] ] ] } },
{ "type": "Feature", "properties": { "difference_1990_2000": 0.0, "difference_1990_2010": 0.0, "difference_1990_2020": 543.0 }, "geometry": { "type": "Polygon", "coordinates": [ [ [ -101.760402377686333, 21.181063299385706 ], [ -101.755829903978054, 21.181063299385713 ], [ -101.755829903978054, 21.176895258870452 ], [ -101.760402377686333, 21.176895258870456 ], [ -101.760402377686333, 21.181063299385706 ] ] ] } },
{ "type": "Feature", "properties": { "difference_1990_2000": 0.0, "difference_1990_2010": 0.0, "difference_1990_2020": 2622.0 }, "geometry": { "type": "Polygon", "coordinates": [ [ [ -101.760402377686333, 21.172727334452347 ], [ -101.755829903978054, 21.172727334452315 ], [ -101.755829903978054, 21.168559526099713 ], [ -101.760402377686333, 21.168559526099731 ], [ -101.760402377686333, 21.172727334452347 ] ] ] } },
{ "type": "Feature", "properties": { "difference_1990_2000": 0.0, "difference_1990_2010": 0.0, "difference_1990_2020": 132.0 }, "geometry": { "type": "Polygon", "coordinates": [ [ [ -101.760402377686333, 21.160224257464705 ], [ -101.755829903978054, 21.160224257464701 ], [ -101.755829903978054, 21.156056797119035 ], [ -101.760402377686333, 21.156056797119032 ], [ -101.760402377686333, 21.160224257464705 ] ] ] } },
{ "type": "Feature", "properties": { "difference_1990_2000": 420.0, "difference_1990_2010": 977.0, "difference_1990_2020": 1238.0 }, "geometry": { "type": "Polygon", "coordinates": [ [ [ -101.760402377686333, 21.09772451153027 ], [ -101.755829903978054, 21.09772451153027 ], [ -101.755829903978054, 21.093558786959012 ], [ -101.760402377686333, 21.093558786959022 ], [ -101.760402377686333, 21.09772451153027 ] ] ] } },
{ "type": "Feature", "properties": { "difference_1990_2000": 23.0, "difference_1990_2010": 1462.0, "difference_1990_2020": 3439.0 }, "geometry": { "type": "Polygon", "coordinates": [ [ [ -101.760402377686333, 21.135221233846352 ], [ -101.755829903978054, 21.135221233846352 ], [ -101.755829903978054, 21.131054468661933 ], [ -101.760402377686333, 21.131054468661933 ], [ -101.760402377686333, 21.135221233846352 ] ] ] } },
{ "type": "Feature", "properties": { "difference_1990_2000": 328.0, "difference_1990_2010": 408.0, "difference_1990_2020": 690.0 }, "geometry": { "type": "Polygon", "coordinates": [ [ [ -101.760402377686333, 21.089393177853982 ], [ -101.755829903978054, 21.089393177853996 ], [ -101.755829903978054, 21.085227684183607 ], [ -101.760402377686333, 21.085227684183611 ], [ -101.760402377686333, 21.089393177853982 ] ] ] } },
{ "type": "Feature", "properties": { "difference_1990_2000": 0.0, "difference_1990_2010": 0.0, "difference_1990_2020": 101.0 }, "geometry": { "type": "Polygon", "coordinates": [ [ [ -101.760402377686333, 21.185231456029658 ], [ -101.755829903978054, 21.185231456029658 ], [ -101.755829903978054, 21.181063299385713 ], [ -101.760402377686333, 21.181063299385706 ], [ -101.760402377686333, 21.185231456029658 ] ] ] } },
{ "type": "Feature", "properties": { "difference_1990_2000": 0.0, "difference_1990_2010": 5.0, "difference_1990_2020": 7.0 }, "geometry": { "type": "Polygon", "coordinates": [ [ [ -101.760402377686333, 21.101890351599181 ], [ -101.755829903978054, 21.101890351599184 ], [ -101.755829903978054, 21.09772451153027 ], [ -101.760402377686333, 21.09772451153027 ], [ -101.760402377686333, 21.101890351599181 ] ] ] } },
{ "type": "Feature", "properties": { "difference_1990_2000": 0.0, "difference_1990_2010": 0.0, "difference_1990_2020": 1.0 }, "geometry": { "type": "Polygon", "coordinates": [ [ [ -101.760402377686333, 21.176895258870456 ], [ -101.755829903978054, 21.176895258870452 ], [ -101.755829903978054, 21.172727334452315 ], [ -101.760402377686333, 21.172727334452347 ], [ -101.760402377686333, 21.176895258870456 ] ] ] } },
{ "type": "Feature", "properties": { "difference_1990_2000": 902.0, "difference_1990_2010": 1348.0, "difference_1990_2020": 1632.0 }, "geometry": { "type": "Polygon", "coordinates": [ [ [ -101.760402377686333, 21.143555111590587 ], [ -101.755829903978054, 21.143555111590548 ], [ -101.755829903978054, 21.139388114812029 ], [ -101.760402377686333, 21.139388114812022 ], [ -101.760402377686333, 21.143555111590587 ] ] ] } },
{ "type": "Feature", "properties": { "difference_1990_2000": 373.0, "difference_1990_2010": 1587.0, "difference_1990_2020": 1753.0 }, "geometry": { "type": "Polygon", "coordinates": [ [ [ -101.760402377686333, 21.139388114812022 ], [ -101.755829903978054, 21.139388114812029 ], [ -101.755829903978054, 21.135221233846352 ], [ -101.760402377686333, 21.135221233846352 ], [ -101.760402377686333, 21.139388114812022 ] ] ] } },
{ "type": "Feature", "properties": { "difference_1990_2000": 0.0, "difference_1990_2010": 0.0, "difference_1990_2020": 61.0 }, "geometry": { "type": "Polygon", "coordinates": [ [ [ -101.760402377686333, 21.189399728834019 ], [ -101.755829903978054, 21.189399728834005 ], [ -101.755829903978054, 21.185231456029658 ], [ -101.760402377686333, 21.185231456029658 ], [ -101.760402377686333, 21.189399728834019 ] ] ] } },
{ "type": "Feature", "properties": { "difference_1990_2000": 0.0, "difference_1990_2010": 0.0, "difference_1990_2020": 270.0 }, "geometry": { "type": "Polygon", "coordinates": [ [ [ -101.760402377686333, 21.164391833781075 ], [ -101.755829903978054, 21.164391833781071 ], [ -101.755829903978054, 21.160224257464737 ], [ -101.760402377686333, 21.160224257464733 ], [ -101.760402377686333, 21.164391833781075 ] ] ] } },
{ "type": "Feature", "properties": { "difference_1990_2000": 224.0, "difference_1990_2010": 526.0, "difference_1990_2020": 1035.0 }, "geometry": { "type": "Polygon", "coordinates": [ [ [ -101.760402377686333, 21.147722224213577 ], [ -101.755829903978054, 21.147722224213577 ], [ -101.755829903978054, 21.143555111590548 ], [ -101.760402377686333, 21.143555111590587 ], [ -101.760402377686333, 21.147722224213577 ] ] ] } },
{ "type": "Feature", "properties": { "difference_1990_2000": 1.0, "difference_1990_2010": 1177.0, "difference_1990_2020": 1854.0 }, "geometry": { "type": "Polygon", "coordinates": [ [ [ -101.760402377686333, 21.131054468661933 ], [ -101.755829903978054, 21.131054468661933 ], [ -101.755829903978054, 21.126887819227342 ], [ -101.760402377686333, 21.126887819227345 ], [ -101.760402377686333, 21.131054468661933 ] ] ] } },
{ "type": "Feature", "properties": { "difference_1990_2000": 0.0, "difference_1990_2010": 0.0, "difference_1990_2020": 548.0 }, "geometry": { "type": "Polygon", "coordinates": [ [ [ -101.760402377686333, 21.156056797119032 ], [ -101.755829903978054, 21.156056797119035 ], [ -101.755829903978054, 21.151889452712496 ], [ -101.760402377686333, 21.151889452712481 ], [ -101.760402377686333, 21.156056797119032 ] ] ] } },
{ "type": "Feature", "properties": { "difference_1990_2000": 0.0, "difference_1990_2010": 723.0, "difference_1990_2020": 1092.0 }, "geometry": { "type": "Polygon", "coordinates": [ [ [ -101.760402377686333, 21.151889452712481 ], [ -101.755829903978054, 21.151889452712496 ], [ -101.755829903978054, 21.147722224213577 ], [ -101.760402377686333, 21.147722224213577 ], [ -101.760402377686333, 21.151889452712481 ] ] ] } },
{ "type": "Feature", "properties": { "difference_1990_2000": 91.0, "difference_1990_2010": 104.0, "difference_1990_2020": 120.0 }, "geometry": { "type": "Polygon", "coordinates": [ [ [ -101.572930955646996, 21.051907886695613 ], [ -101.568358481938759, 21.051907886695616 ], [ -101.568358481938759, 21.047743430522338 ], [ -101.572930955646996, 21.047743430522331 ], [ -101.572930955646996, 21.051907886695613 ] ] ] } },
{ "type": "Feature", "properties": { "difference_1990_2000": 3.0, "difference_1990_2010": 3.0, "difference_1990_2020": 3.0 }, "geometry": { "type": "Polygon", "coordinates": [ [ [ -101.572930955646996, 21.031086756718757 ], [ -101.568358481938759, 21.031086756718757 ], [ -101.568358481938759, 21.026922875833289 ], [ -101.572930955646996, 21.026922875833286 ], [ -101.572930955646996, 21.031086756718757 ] ] ] } },
{ "type": "Feature", "properties": { "difference_1990_2000": 159.0, "difference_1990_2010": 189.0, "difference_1990_2020": 183.0 }, "geometry": { "type": "Polygon", "coordinates": [ [ [ -101.572930955646996, 21.047743430522331 ], [ -101.568358481938759, 21.047743430522338 ], [ -101.568358481938759, 21.043579089469461 ], [ -101.572930955646996, 21.043579089469457 ], [ -101.572930955646996, 21.047743430522331 ] ] ] } },
{ "type": "Feature", "properties": { "difference_1990_2000": 0.0, "difference_1990_2010": 0.0, "difference_1990_2020": 500.0 }, "geometry": { "type": "Polygon", "coordinates": [ [ [ -101.572930955646996, 21.072731895466219 ], [ -101.568358481938759, 21.072731895466219 ], [ -101.568358481938759, 21.068566863220092 ], [ -101.572930955646996, 21.068566863220092 ], [ -101.572930955646996, 21.072731895466219 ] ] ] } },
{ "type": "Feature", "properties": { "difference_1990_2000": 21.0, "difference_1990_2010": 24.0, "difference_1990_2020": 28.0 }, "geometry": { "type": "Polygon", "coordinates": [ [ [ -101.572930955646996, 21.060237144528703 ], [ -101.568358481938759, 21.060237144528674 ], [ -101.568358481938759, 21.056072458020569 ], [ -101.572930955646996, 21.056072458020566 ], [ -101.572930955646996, 21.060237144528703 ] ] ] } },
{ "type": "Feature", "properties": { "difference_1990_2000": 72.0, "difference_1990_2010": 86.0, "difference_1990_2020": 83.0 }, "geometry": { "type": "Polygon", "coordinates": [ [ [ -101.572930955646996, 21.035250752599044 ], [ -101.568358481938759, 21.035250752599048 ], [ -101.568358481938759, 21.031086756718757 ], [ -101.572930955646996, 21.031086756718757 ], [ -101.572930955646996, 21.035250752599044 ] ] ] } },
{ "type": "Feature", "properties": { "difference_1990_2000": 159.0, "difference_1990_2010": 188.0, "difference_1990_2020": 183.0 }, "geometry": { "type": "Polygon", "coordinates": [ [ [ -101.572930955646996, 21.039414863505506 ], [ -101.568358481938759, 21.039414863505506 ], [ -101.568358481938759, 21.035250752599048 ], [ -101.572930955646996, 21.035250752599044 ], [ -101.572930955646996, 21.039414863505506 ] ] ] } },
{ "type": "Feature", "properties": { "difference_1990_2000": 159.0, "difference_1990_2010": 189.0, "difference_1990_2020": 183.0 }, "geometry": { "type": "Polygon", "coordinates": [ [ [ -101.572930955646996, 21.043579089469457 ], [ -101.568358481938759, 21.043579089469461 ], [ -101.568358481938759, 21.039414863505506 ], [ -101.572930955646996, 21.039414863505506 ], [ -101.572930955646996, 21.043579089469457 ] ] ] } },
{ "type": "Feature", "properties": { "difference_1990_2000": 13.0, "difference_1990_2010": 9.0, "difference_1990_2020": 44.0 }, "geometry": { "type": "Polygon", "coordinates": [ [ [ -101.572930955646996, 21.056072458020566 ], [ -101.568358481938759, 21.056072458020569 ], [ -101.568358481938759, 21.051907886695616 ], [ -101.572930955646996, 21.051907886695613 ], [ -101.572930955646996, 21.056072458020566 ] ] ] } },
{ "type": "Feature", "properties": { "difference_1990_2000": 0.0, "difference_1990_2010": 0.0, "difference_1990_2020": 732.0 }, "geometry": { "type": "Polygon", "coordinates": [ [ [ -101.572930955646996, 21.068566863220092 ], [ -101.568358481938759, 21.068566863220092 ], [ -101.568358481938759, 21.06440194625139 ], [ -101.572930955646996, 21.06440194625139 ], [ -101.572930955646996, 21.068566863220092 ] ] ] } },
{ "type": "Feature", "properties": { "difference_1990_2000": 26.0, "difference_1990_2010": 30.0, "difference_1990_2020": 517.0 }, "geometry": { "type": "Polygon", "coordinates": [ [ [ -101.572930955646996, 21.06440194625139 ], [ -101.568358481938759, 21.06440194625139 ], [ -101.568358481938759, 21.060237144528674 ], [ -101.572930955646996, 21.060237144528703 ], [ -101.572930955646996, 21.06440194625139 ] ] ] } },
{ "type": "Feature", "properties": { "difference_1990_2000": 0.0, "difference_1990_2010": 0.0, "difference_1990_2020": 429.0 }, "geometry": { "type": "Polygon", "coordinates": [ [ [ -101.751257430269774, 21.168559526099735 ], [ -101.746684956561495, 21.168559526099735 ], [ -101.746684956561495, 21.164391833781078 ], [ -101.751257430269774, 21.164391833781078 ], [ -101.751257430269774, 21.168559526099735 ] ] ] } },
{ "type": "Feature", "properties": { "difference_1990_2000": 0.0, "difference_1990_2010": 0.0, "difference_1990_2020": 525.0 }, "geometry": { "type": "Polygon", "coordinates": [ [ [ -101.751257430269774, 21.181063299385709 ], [ -101.746684956561495, 21.181063299385713 ], [ -101.746684956561495, 21.176895258870449 ], [ -101.751257430269774, 21.176895258870452 ], [ -101.751257430269774, 21.181063299385709 ] ] ] } },
{ "type": "Feature", "properties": { "difference_1990_2000": 604.0, "difference_1990_2010": 798.0, "difference_1990_2020": 965.0 }, "geometry": { "type": "Polygon", "coordinates": [ [ [ -101.751257430269774, 21.093558786959054 ], [ -101.746684956561495, 21.093558786959022 ], [ -101.746684956561495, 21.089393177854006 ], [ -101.751257430269774, 21.089393177853985 ], [ -101.751257430269774, 21.093558786959054 ] ] ] } },
{ "type": "Feature", "properties": { "difference_1990_2000": 0.0, "difference_1990_2010": 0.0, "difference_1990_2020": 251.0 }, "geometry": { "type": "Polygon", "coordinates": [ [ [ -101.751257430269774, 21.172727334452347 ], [ -101.746684956561495, 21.172727334452315 ], [ -101.746684956561495, 21.168559526099735 ], [ -101.751257430269774, 21.168559526099735 ], [ -101.751257430269774, 21.172727334452347 ] ] ] } },
{ "type": "Feature", "properties": { "difference_1990_2000": 0.0, "difference_1990_2010": 0.0, "difference_1990_2020": 1.0 }, "geometry": { "type": "Polygon", "coordinates": [ [ [ -101.751257430269774, 21.193568117830377 ], [ -101.746684956561495, 21.193568117830377 ], [ -101.746684956561495, 21.189399728834001 ], [ -101.751257430269774, 21.189399728834019 ], [ -101.751257430269774, 21.193568117830377 ] ] ] } },
{ "type": "Feature", "properties": { "difference_1990_2000": 0.0, "difference_1990_2010": 0.0, "difference_1990_2020": 3019.0 }, "geometry": { "type": "Polygon", "coordinates": [ [ [ -101.751257430269774, 21.160224257464733 ], [ -101.746684956561495, 21.160224257464684 ], [ -101.746684956561495, 21.15605679711901 ], [ -101.751257430269774, 21.156056797119035 ], [ -101.751257430269774, 21.160224257464733 ] ] ] } },
{ "type": "Feature", "properties": { "difference_1990_2000": 829.0, "difference_1990_2010": 1064.0, "difference_1990_2020": 1199.0 }, "geometry": { "type": "Polygon", "coordinates": [ [ [ -101.751257430269774, 21.097724511530267 ], [ -101.746684956561495, 21.097724511530263 ], [ -101.746684956561495, 21.093558786959022 ], [ -101.751257430269774, 21.093558786959054 ], [ -101.751257430269774, 21.097724511530267 ] ] ] } },
{ "type": "Feature", "properties": { "difference_1990_2000": 912.0, "difference_1990_2010": 1452.0, "difference_1990_2020": 1471.0 }, "geometry": { "type": "Polygon", "coordinates": [ [ [ -101.751257430269774, 21.135221233846348 ], [ -101.746684956561495, 21.135221233846352 ], [ -101.746684956561495, 21.131054468661933 ], [ -101.751257430269774, 21.131054468661951 ], [ -101.751257430269774, 21.135221233846348 ] ] ] } },
{ "type": "Feature", "properties": { "difference_1990_2000": -1.0, "difference_1990_2010": 0.0, "difference_1990_2020": 0.0 }, "geometry": { "type": "Polygon", "coordinates": [ [ [ -101.751257430269774, 21.085227684183607 ], [ -101.746684956561495, 21.085227684183607 ], [ -101.746684956561495, 21.081062305916539 ], [ -101.751257430269774, 21.081062305916571 ], [ -101.751257430269774, 21.085227684183607 ] ] ] } },
{ "type": "Feature", "properties": { "difference_1990_2000": 116.0, "difference_1990_2010": 148.0, "difference_1990_2020": 189.0 }, "geometry": { "type": "Polygon", "coordinates": [ [ [ -101.751257430269774, 21.089393177853985 ], [ -101.746684956561495, 21.089393177854006 ], [ -101.746684956561495, 21.085227684183607 ], [ -101.751257430269774, 21.085227684183607 ], [ -101.751257430269774, 21.089393177853985 ] ] ] } },
{ "type": "Feature", "properties": { "difference_1990_2000": 560.0, "difference_1990_2010": 717.0, "difference_1990_2020": 804.0 }, "geometry": { "type": "Polygon", "coordinates": [ [ [ -101.751257430269774, 21.101890351599177 ], [ -101.746684956561495, 21.101890351599184 ], [ -101.746684956561495, 21.097724511530263 ], [ -101.751257430269774, 21.097724511530267 ], [ -101.751257430269774, 21.101890351599177 ] ] ] } },
{ "type": "Feature", "properties": { "difference_1990_2000": 0.0, "difference_1990_2010": 0.0, "difference_1990_2020": 604.0 }, "geometry": { "type": "Polygon", "coordinates": [ [ [ -101.751257430269774, 21.18523145602968 ], [ -101.746684956561495, 21.185231456029676 ], [ -101.746684956561495, 21.181063299385713 ], [ -101.751257430269774, 21.181063299385709 ], [ -101.751257430269774, 21.18523145602968 ] ] ] } },
{ "type": "Feature", "properties": { "difference_1990_2000": 495.0, "difference_1990_2010": 1958.0, "difference_1990_2020": 2191.0 }, "geometry": { "type": "Polygon", "coordinates": [ [ [ -101.751257430269774, 21.143555111590587 ], [ -101.746684956561495, 21.14355511159059 ], [ -101.746684956561495, 21.139388114812025 ], [ -101.751257430269774, 21.139388114812029 ], [ -101.751257430269774, 21.143555111590587 ] ] ] } },
{ "type": "Feature", "properties": { "difference_1990_2000": 789.0, "difference_1990_2010": 1192.0, "difference_1990_2020": 1246.0 }, "geometry": { "type": "Polygon", "coordinates": [ [ [ -101.751257430269774, 21.139388114812029 ], [ -101.746684956561495, 21.139388114812025 ], [ -101.746684956561495, 21.135221233846352 ], [ -101.751257430269774, 21.135221233846348 ], [ -101.751257430269774, 21.139388114812029 ] ] ] } },
{ "type": "Feature", "properties": { "difference_1990_2000": 580.0, "difference_1990_2010": -103.0, "difference_1990_2020": 440.0 }, "geometry": { "type": "Polygon", "coordinates": [ [ [ -101.751257430269774, 21.126887819227356 ], [ -101.746684956561495, 21.126887819227342 ], [ -101.746684956561495, 21.122721285510934 ], [ -101.751257430269774, 21.122721285510938 ], [ -101.751257430269774, 21.126887819227356 ] ] ] } },
{ "type": "Feature", "properties": { "difference_1990_2000": 0.0, "difference_1990_2010": 0.0, "difference_1990_2020": 603.0 }, "geometry": { "type": "Polygon", "coordinates": [ [ [ -101.751257430269774, 21.189399728834019 ], [ -101.746684956561495, 21.189399728834001 ], [ -101.746684956561495, 21.185231456029676 ], [ -101.751257430269774, 21.18523145602968 ], [ -101.751257430269774, 21.189399728834019 ] ] ] } },
{ "type": "Feature", "properties": { "difference_1990_2000": 0.0, "difference_1990_2010": 0.0, "difference_1990_2020": 81.0 }, "geometry": { "type": "Polygon", "coordinates": [ [ [ -101.751257430269774, 21.164391833781078 ], [ -101.746684956561495, 21.164391833781078 ], [ -101.746684956561495, 21.160224257464701 ], [ -101.751257430269774, 21.160224257464751 ], [ -101.751257430269774, 21.164391833781078 ] ] ] } },
{ "type": "Feature", "properties": { "difference_1990_2000": 234.0, "difference_1990_2010": 736.0, "difference_1990_2020": 1727.0 }, "geometry": { "type": "Polygon", "coordinates": [ [ [ -101.751257430269774, 21.147722224213588 ], [ -101.746684956561495, 21.147722224213577 ], [ -101.746684956561495, 21.14355511159059 ], [ -101.751257430269774, 21.143555111590587 ], [ -101.751257430269774, 21.147722224213588 ] ] ] } },
{ "type": "Feature", "properties": { "difference_1990_2000": 953.0, "difference_1990_2010": 1233.0, "difference_1990_2020": 1369.0 }, "geometry": { "type": "Polygon", "coordinates": [ [ [ -101.751257430269774, 21.131054468661951 ], [ -101.746684956561495, 21.131054468661933 ], [ -101.746684956561495, 21.126887819227342 ], [ -101.751257430269774, 21.126887819227356 ], [ -101.751257430269774, 21.131054468661951 ] ] ] } },
{ "type": "Feature", "properties": { "difference_1990_2000": 0.0, "difference_1990_2010": 332.0, "difference_1990_2020": 3202.0 }, "geometry": { "type": "Polygon", "coordinates": [ [ [ -101.751257430269774, 21.156056797119035 ], [ -101.746684956561495, 21.15605679711901 ], [ -101.746684956561495, 21.151889452712499 ], [ -101.751257430269774, 21.151889452712496 ], [ -101.751257430269774, 21.156056797119035 ] ] ] } },
{ "type": "Feature", "properties": { "difference_1990_2000": 0.0, "difference_1990_2010": 487.0, "difference_1990_2020": 1072.0 }, "geometry": { "type": "Polygon", "coordinates": [ [ [ -101.751257430269774, 21.151889452712496 ], [ -101.746684956561495, 21.151889452712499 ], [ -101.746684956561495, 21.147722224213577 ], [ -101.751257430269774, 21.147722224213588 ], [ -101.751257430269774, 21.151889452712496 ] ] ] } },
{ "type": "Feature", "properties": { "difference_1990_2000": 4.0, "difference_1990_2010": 5.0, "difference_1990_2020": 5.0 }, "geometry": { "type": "Polygon", "coordinates": [ [ [ -101.563786008230466, 21.047743430522338 ], [ -101.559213534522186, 21.047743430522331 ], [ -101.559213534522186, 21.043579089469457 ], [ -101.563786008230466, 21.043579089469464 ], [ -101.563786008230466, 21.047743430522338 ] ] ] } },
{ "type": "Feature", "properties": { "difference_1990_2000": 0.0, "difference_1990_2010": 0.0, "difference_1990_2020": 3124.0 }, "geometry": { "type": "Polygon", "coordinates": [ [ [ -101.563786008230466, 21.072731895466216 ], [ -101.559213534522186, 21.072731895466223 ], [ -101.559213534522186, 21.068566863220092 ], [ -101.563786008230466, 21.068566863220134 ], [ -101.563786008230466, 21.072731895466216 ] ] ] } },
{ "type": "Feature", "properties": { "difference_1990_2000": 4.0, "difference_1990_2010": 4.0, "difference_1990_2020": 5.0 }, "geometry": { "type": "Polygon", "coordinates": [ [ [ -101.563786008230466, 21.060237144528674 ], [ -101.559213534522186, 21.060237144528678 ], [ -101.559213534522186, 21.056072458020573 ], [ -101.563786008230466, 21.056072458020569 ], [ -101.563786008230466, 21.060237144528674 ] ] ] } },
{ "type": "Feature", "properties": { "difference_1990_2000": 0.0, "difference_1990_2010": 0.0, "difference_1990_2020": 108.0 }, "geometry": { "type": "Polygon", "coordinates": [ [ [ -101.563786008230466, 21.07689704302123 ], [ -101.559213534522186, 21.07689704302123 ], [ -101.559213534522186, 21.072731895466223 ], [ -101.563786008230466, 21.072731895466216 ], [ -101.563786008230466, 21.07689704302123 ] ] ] } },
{ "type": "Feature", "properties": { "difference_1990_2000": 55.0, "difference_1990_2010": 46.0, "difference_1990_2020": 63.0 }, "geometry": { "type": "Polygon", "coordinates": [ [ [ -101.563786008230466, 21.043579089469464 ], [ -101.559213534522186, 21.043579089469457 ], [ -101.559213534522186, 21.039414863505506 ], [ -101.563786008230466, 21.039414863505502 ], [ -101.563786008230466, 21.043579089469464 ] ] ] } },
{ "type": "Feature", "properties": { "difference_1990_2000": 0.0, "difference_1990_2010": 0.0, "difference_1990_2020": 74.0 }, "geometry": { "type": "Polygon", "coordinates": [ [ [ -101.563786008230466, 21.081062305916532 ], [ -101.559213534522186, 21.081062305916539 ], [ -101.559213534522186, 21.07689704302123 ], [ -101.563786008230466, 21.07689704302123 ], [ -101.563786008230466, 21.081062305916532 ] ] ] } },
{ "type": "Feature", "properties": { "difference_1990_2000": 0.0, "difference_1990_2010": 0.0, "difference_1990_2020": 1633.0 }, "geometry": { "type": "Polygon", "coordinates": [ [ [ -101.563786008230466, 21.068566863220134 ], [ -101.559213534522186, 21.068566863220092 ], [ -101.559213534522186, 21.06440194625139 ], [ -101.563786008230466, 21.064401946251369 ], [ -101.563786008230466, 21.068566863220134 ] ] ] } },
{ "type": "Feature", "properties": { "difference_1990_2000": 0.0, "difference_1990_2010": 0.0, "difference_1990_2020": 1389.0 }, "geometry": { "type": "Polygon", "coordinates": [ [ [ -101.563786008230466, 21.064401946251369 ], [ -101.559213534522186, 21.06440194625139 ], [ -101.559213534522186, 21.060237144528678 ], [ -101.563786008230466, 21.060237144528674 ], [ -101.563786008230466, 21.064401946251369 ] ] ] } },
{ "type": "Feature", "properties": { "difference_1990_2000": -35.0, "difference_1990_2010": -37.0, "difference_1990_2020": -9.0 }, "geometry": { "type": "Polygon", "coordinates": [ [ [ -101.742112482853216, 21.093558786959019 ], [ -101.737540009144979, 21.093558786958994 ], [ -101.737540009144979, 21.089393177854003 ], [ -101.742112482853216, 21.089393177853982 ], [ -101.742112482853216, 21.093558786959019 ] ] ] } },
{ "type": "Feature", "properties": { "difference_1990_2000": 0.0, "difference_1990_2010": 0.0, "difference_1990_2020": 323.0 }, "geometry": { "type": "Polygon", "coordinates": [ [ [ -101.742112482853216, 21.168559526099727 ], [ -101.737540009144979, 21.168559526099731 ], [ -101.737540009144979, 21.164391833781096 ], [ -101.742112482853216, 21.164391833781078 ], [ -101.742112482853216, 21.168559526099727 ] ] ] } },
{ "type": "Feature", "properties": { "difference_1990_2000": 0.0, "difference_1990_2010": 0.0, "difference_1990_2020": 394.0 }, "geometry": { "type": "Polygon", "coordinates": [ [ [ -101.742112482853216, 21.172727334452347 ], [ -101.737540009144979, 21.17272733445235 ], [ -101.737540009144979, 21.168559526099731 ], [ -101.742112482853216, 21.168559526099727 ], [ -101.742112482853216, 21.172727334452347 ] ] ] } },
{ "type": "Feature", "properties": { "difference_1990_2000": 0.0, "difference_1990_2010": 0.0, "difference_1990_2020": 300.0 }, "geometry": { "type": "Polygon", "coordinates": [ [ [ -101.742112482853216, 21.197736623050453 ], [ -101.737540009144979, 21.197736623050396 ], [ -101.737540009144979, 21.193568117830349 ], [ -101.742112482853216, 21.193568117830377 ], [ -101.742112482853216, 21.197736623050453 ] ] ] } },
{ "type": "Feature", "properties": { "difference_1990_2000": 0.0, "difference_1990_2010": 954.0, "difference_1990_2020": 3480.0 }, "geometry": { "type": "Polygon", "coordinates": [ [ [ -101.742112482853216, 21.160224257464698 ], [ -101.737540009144979, 21.160224257464701 ], [ -101.737540009144979, 21.156056797119032 ], [ -101.742112482853216, 21.156056797119035 ], [ -101.742112482853216, 21.160224257464698 ] ] ] } },
{ "type": "Feature", "properties": { "difference_1990_2000": 0.0, "difference_1990_2010": 0.0, "difference_1990_2020": 300.0 }, "geometry": { "type": "Polygon", "coordinates": [ [ [ -101.742112482853216, 21.193568117830377 ], [ -101.737540009144979, 21.193568117830349 ], [ -101.737540009144979, 21.189399728833997 ], [ -101.742112482853216, 21.189399728834058 ], [ -101.742112482853216, 21.193568117830377 ] ] ] } },
{ "type": "Feature", "properties": { "difference_1990_2000": -34.0, "difference_1990_2010": -36.0, "difference_1990_2020": -8.0 }, "geometry": { "type": "Polygon", "coordinates": [ [ [ -101.742112482853216, 21.09772451153027 ], [ -101.737540009144979, 21.09772451153027 ], [ -101.737540009144979, 21.093558786958994 ], [ -101.742112482853216, 21.093558786959019 ], [ -101.742112482853216, 21.09772451153027 ] ] ] } },
{ "type": "Feature", "properties": { "difference_1990_2000": 0.0, "difference_1990_2010": 72.0, "difference_1990_2020": 151.0 }, "geometry": { "type": "Polygon", "coordinates": [ [ [ -101.742112482853216, 21.135221233846352 ], [ -101.737540009144979, 21.135221233846359 ], [ -101.737540009144979, 21.131054468661929 ], [ -101.742112482853216, 21.131054468661919 ], [ -101.742112482853216, 21.135221233846352 ] ] ] } },
{ "type": "Feature", "properties": { "difference_1990_2000": -25.0, "difference_1990_2010": -28.0, "difference_1990_2020": -33.0 }, "geometry": { "type": "Polygon", "coordinates": [ [ [ -101.742112482853216, 21.0852276841836 ], [ -101.737540009144979, 21.085227684183607 ], [ -101.737540009144979, 21.081062305916539 ], [ -101.742112482853216, 21.081062305916539 ], [ -101.742112482853216, 21.0852276841836 ] ] ] } },
{ "type": "Feature", "properties": { "difference_1990_2000": -26.0, "difference_1990_2010": -29.0, "difference_1990_2020": -30.0 }, "geometry": { "type": "Polygon", "coordinates": [ [ [ -101.742112482853216, 21.089393177853982 ], [ -101.737540009144979, 21.089393177854003 ], [ -101.737540009144979, 21.085227684183607 ], [ -101.742112482853216, 21.0852276841836 ], [ -101.742112482853216, 21.089393177853982 ] ] ] } },
{ "type": "Feature", "properties": { "difference_1990_2000": -17.0, "difference_1990_2010": -18.0, "difference_1990_2020": -4.0 }, "geometry": { "type": "Polygon", "coordinates": [ [ [ -101.742112482853216, 21.101890351599152 ], [ -101.737540009144979, 21.101890351599184 ], [ -101.737540009144979, 21.09772451153027 ], [ -101.742112482853216, 21.09772451153027 ], [ -101.742112482853216, 21.101890351599152 ] ] ] } },
{ "type": "Feature", "properties": { "difference_1990_2000": 0.0, "difference_1990_2010": 55.0, "difference_1990_2020": 629.0 }, "geometry": { "type": "Polygon", "coordinates": [ [ [ -101.742112482853216, 21.143555111590548 ], [ -101.737540009144979, 21.143555111590587 ], [ -101.737540009144979, 21.139388114812025 ], [ -101.742112482853216, 21.139388114812032 ], [ -101.742112482853216, 21.143555111590548 ] ] ] } },
{ "type": "Feature", "properties": { "difference_1990_2000": 0.0, "difference_1990_2010": 0.0, "difference_1990_2020": 190.0 }, "geometry": { "type": "Polygon", "coordinates": [ [ [ -101.742112482853216, 21.176895258870456 ], [ -101.737540009144979, 21.176895258870456 ], [ -101.737540009144979, 21.17272733445235 ], [ -101.742112482853216, 21.172727334452347 ], [ -101.742112482853216, 21.176895258870456 ] ] ] } },
{ "type": "Feature", "properties": { "difference_1990_2000": -6.0, "difference_1990_2010": -7.0, "difference_1990_2020": -8.0 }, "geometry": { "type": "Polygon", "coordinates": [ [ [ -101.742112482853216, 21.081062305916539 ], [ -101.737540009144979, 21.081062305916539 ], [ -101.737540009144979, 21.076897043021233 ], [ -101.742112482853216, 21.07689704302123 ], [ -101.742112482853216, 21.081062305916539 ] ] ] } },
{ "type": "Feature", "properties": { "difference_1990_2000": 0.0, "difference_1990_2010": 177.0, "difference_1990_2020": 321.0 }, "geometry": { "type": "Polygon", "coordinates": [ [ [ -101.742112482853216, 21.139388114812032 ], [ -101.737540009144979, 21.139388114812025 ], [ -101.737540009144979, 21.135221233846359 ], [ -101.742112482853216, 21.135221233846352 ], [ -101.742112482853216, 21.139388114812032 ] ] ] } },
{ "type": "Feature", "properties": { "difference_1990_2000": 1052.0, "difference_1990_2010": 154.0, "difference_1990_2020": 153.0 }, "geometry": { "type": "Polygon", "coordinates": [ [ [ -101.742112482853216, 21.12688781922736 ], [ -101.737540009144979, 21.126887819227342 ], [ -101.737540009144979, 21.122721285510934 ], [ -101.742112482853216, 21.122721285510952 ], [ -101.742112482853216, 21.12688781922736 ] ] ] } },
{ "type": "Feature", "properties": { "difference_1990_2000": 0.0, "difference_1990_2010": 0.0, "difference_1990_2020": 180.0 }, "geometry": { "type": "Polygon", "coordinates": [ [ [ -101.742112482853216, 21.189399728834058 ], [ -101.737540009144979, 21.189399728833997 ], [ -101.737540009144979, 21.185231456029626 ], [ -101.742112482853216, 21.185231456029673 ], [ -101.742112482853216, 21.189399728834058 ] ] ] } },
{ "type": "Feature", "properties": { "difference_1990_2000": 0.0, "difference_1990_2010": 0.0, "difference_1990_2020": 659.0 }, "geometry": { "type": "Polygon", "coordinates": [ [ [ -101.742112482853216, 21.164391833781078 ], [ -101.737540009144979, 21.164391833781096 ], [ -101.737540009144979, 21.160224257464733 ], [ -101.742112482853216, 21.160224257464733 ], [ -101.742112482853216, 21.164391833781078 ] ] ] } },
{ "type": "Feature", "properties": { "difference_1990_2000": 40.0, "difference_1990_2010": 0.0, "difference_1990_2020": 714.0 }, "geometry": { "type": "Polygon", "coordinates": [ [ [ -101.742112482853216, 21.147722224213577 ], [ -101.737540009144979, 21.147722224213577 ], [ -101.737540009144979, 21.143555111590587 ], [ -101.742112482853216, 21.143555111590548 ], [ -101.742112482853216, 21.147722224213577 ] ] ] } },
{ "type": "Feature", "properties": { "difference_1990_2000": 313.0, "difference_1990_2010": 270.0, "difference_1990_2020": 626.0 }, "geometry": { "type": "Polygon", "coordinates": [ [ [ -101.742112482853216, 21.131054468661919 ], [ -101.737540009144979, 21.131054468661929 ], [ -101.737540009144979, 21.126887819227342 ], [ -101.742112482853216, 21.12688781922736 ], [ -101.742112482853216, 21.131054468661919 ] ] ] } },
{ "type": "Feature", "properties": { "difference_1990_2000": 0.0, "difference_1990_2010": 2006.0, "difference_1990_2020": 2893.0 }, "geometry": { "type": "Polygon", "coordinates": [ [ [ -101.742112482853216, 21.156056797119035 ], [ -101.737540009144979, 21.156056797119032 ], [ -101.737540009144979, 21.151889452712499 ], [ -101.742112482853216, 21.151889452712499 ], [ -101.742112482853216, 21.156056797119035 ] ] ] } },
{ "type": "Feature", "properties": { "difference_1990_2000": 93.0, "difference_1990_2010": 15.0, "difference_1990_2020": 14.0 }, "geometry": { "type": "Polygon", "coordinates": [ [ [ -101.742112482853216, 21.122721285510952 ], [ -101.737540009144979, 21.122721285510934 ], [ -101.737540009144979, 21.118554867481262 ], [ -101.742112482853216, 21.118554867481247 ], [ -101.742112482853216, 21.122721285510952 ] ] ] } },
{ "type": "Feature", "properties": { "difference_1990_2000": 238.0, "difference_1990_2010": 793.0, "difference_1990_2020": 1273.0 }, "geometry": { "type": "Polygon", "coordinates": [ [ [ -101.742112482853216, 21.151889452712499 ], [ -101.737540009144979, 21.151889452712499 ], [ -101.737540009144979, 21.147722224213577 ], [ -101.742112482853216, 21.147722224213577 ], [ -101.742112482853216, 21.151889452712499 ] ] ] } },
{ "type": "Feature", "properties": { "difference_1990_2000": 0.0, "difference_1990_2010": 0.0, "difference_1990_2020": 213.0 }, "geometry": { "type": "Polygon", "coordinates": [ [ [ -101.742112482853216, 21.201905244525687 ], [ -101.737540009144979, 21.201905244525697 ], [ -101.737540009144979, 21.197736623050396 ], [ -101.742112482853216, 21.197736623050453 ], [ -101.742112482853216, 21.201905244525687 ] ] ] } },
{ "type": "Feature", "properties": { "difference_1990_2000": 33.0, "difference_1990_2010": 45.0, "difference_1990_2020": 43.0 }, "geometry": { "type": "Polygon", "coordinates": [ [ [ -101.554641060813921, 21.072731895466219 ], [ -101.550068587105613, 21.072731895466219 ], [ -101.550068587105613, 21.068566863220092 ], [ -101.554641060813921, 21.068566863220092 ], [ -101.554641060813921, 21.072731895466219 ] ] ] } },
{ "type": "Feature", "properties": { "difference_1990_2000": 96.0, "difference_1990_2010": 81.0, "difference_1990_2020": 128.0 }, "geometry": { "type": "Polygon", "coordinates": [ [ [ -101.554641060813921, 21.068566863220092 ], [ -101.550068587105613, 21.068566863220092 ], [ -101.550068587105613, 21.06440194625139 ], [ -101.554641060813921, 21.06440194625139 ], [ -101.554641060813921, 21.068566863220092 ] ] ] } },
{ "type": "Feature", "properties": { "difference_1990_2000": 0.0, "difference_1990_2010": 0.0, "difference_1990_2020": 24.0 }, "geometry": { "type": "Polygon", "coordinates": [ [ [ -101.732967535436686, 21.214411806799973 ], [ -101.728395061728406, 21.214411806799976 ], [ -101.728395061728406, 21.210242836368852 ], [ -101.732967535436686, 21.21024283636882 ], [ -101.732967535436686, 21.214411806799973 ] ] ] } },
{ "type": "Feature", "properties": { "difference_1990_2000": -24.0, "difference_1990_2010": -21.0, "difference_1990_2020": -29.0 }, "geometry": { "type": "Polygon", "coordinates": [ [ [ -101.732967535436686, 21.093558786959012 ], [ -101.728395061728406, 21.093558786959015 ], [ -101.728395061728406, 21.089393177853985 ], [ -101.732967535436686, 21.089393177853999 ], [ -101.732967535436686, 21.093558786959012 ] ] ] } },
{ "type": "Feature", "properties": { "difference_1990_2000": 0.0, "difference_1990_2010": 0.0, "difference_1990_2020": 666.0 }, "geometry": { "type": "Polygon", "coordinates": [ [ [ -101.732967535436686, 21.168559526099727 ], [ -101.728395061728406, 21.168559526099763 ], [ -101.728395061728406, 21.164391833781071 ], [ -101.732967535436686, 21.164391833781071 ], [ -101.732967535436686, 21.168559526099727 ] ] ] } },
{ "type": "Feature", "properties": { "difference_1990_2000": 2035.0, "difference_1990_2010": 3689.0, "difference_1990_2020": 3693.0 }, "geometry": { "type": "Polygon", "coordinates": [ [ [ -101.732967535436686, 21.118554867481262 ], [ -101.728395061728406, 21.118554867481244 ], [ -101.728395061728406, 21.114388565106722 ], [ -101.732967535436686, 21.114388565106761 ], [ -101.732967535436686, 21.118554867481262 ] ] ] } },
{ "type": "Feature", "properties": { "difference_1990_2000": 1.0, "difference_1990_2010": 4.0, "difference_1990_2020": 132.0 }, "geometry": { "type": "Polygon", "coordinates": [ [ [ -101.732967535436686, 21.17272733445235 ], [ -101.728395061728406, 21.172727334452354 ], [ -101.728395061728406, 21.168559526099763 ], [ -101.732967535436686, 21.168559526099727 ], [ -101.732967535436686, 21.17272733445235 ] ] ] } },
{ "type": "Feature", "properties": { "difference_1990_2000": 0.0, "difference_1990_2010": 0.0, "difference_1990_2020": 49.0 }, "geometry": { "type": "Polygon", "coordinates": [ [ [ -101.732967535436686, 21.21024283636882 ], [ -101.728395061728406, 21.210242836368852 ], [ -101.728395061728406, 21.20607398228794 ], [ -101.732967535436686, 21.20607398228794 ], [ -101.732967535436686, 21.21024283636882 ] ] ] } },
{ "type": "Feature", "properties": { "difference_1990_2000": 0.0, "difference_1990_2010": 0.0, "difference_1990_2020": 90.0 }, "geometry": { "type": "Polygon", "coordinates": [ [ [ -101.732967535436686, 21.197736623050453 ], [ -101.728395061728406, 21.197736623050453 ], [ -101.728395061728406, 21.193568117830385 ], [ -101.732967535436686, 21.193568117830381 ], [ -101.732967535436686, 21.197736623050453 ] ] ] } },
{ "type": "Feature", "properties": { "difference_1990_2000": 0.0, "difference_1990_2010": 620.0, "difference_1990_2020": 1212.0 }, "geometry": { "type": "Polygon", "coordinates": [ [ [ -101.732967535436686, 21.160224257464709 ], [ -101.728395061728406, 21.160224257464701 ], [ -101.728395061728406, 21.156056797119032 ], [ -101.732967535436686, 21.156056797119067 ], [ -101.732967535436686, 21.160224257464709 ] ] ] } },
{ "type": "Feature", "properties": { "difference_1990_2000": 0.0, "difference_1990_2010": 0.0, "difference_1990_2020": 29.0 }, "geometry": { "type": "Polygon", "coordinates": [ [ [ -101.732967535436686, 21.193568117830381 ], [ -101.728395061728406, 21.193568117830385 ], [ -101.728395061728406, 21.189399728834051 ], [ -101.732967535436686, 21.189399728834051 ], [ -101.732967535436686, 21.193568117830381 ] ] ] } },
{ "type": "Feature", "properties": { "difference_1990_2000": 326.0, "difference_1990_2010": 333.0, "difference_1990_2020": 326.0 }, "geometry": { "type": "Polygon", "coordinates": [ [ [ -101.732967535436686, 21.097724511530263 ], [ -101.728395061728406, 21.09772451153027 ], [ -101.728395061728406, 21.093558786959015 ], [ -101.732967535436686, 21.093558786959012 ], [ -101.732967535436686, 21.097724511530263 ] ] ] } },
{ "type": "Feature", "properties": { "difference_1990_2000": 0.0, "difference_1990_2010": 738.0, "difference_1990_2020": 1159.0 }, "geometry": { "type": "Polygon", "coordinates": [ [ [ -101.732967535436686, 21.135221233846352 ], [ -101.728395061728406, 21.135221233846352 ], [ -101.728395061728406, 21.131054468661937 ], [ -101.732967535436686, 21.131054468661929 ], [ -101.732967535436686, 21.135221233846352 ] ] ] } },
{ "type": "Feature", "properties": { "difference_1990_2000": -3.0, "difference_1990_2010": -3.0, "difference_1990_2020": -4.0 }, "geometry": { "type": "Polygon", "coordinates": [ [ [ -101.732967535436686, 21.085227684183604 ], [ -101.728395061728406, 21.085227684183607 ], [ -101.728395061728406, 21.081062305916539 ], [ -101.732967535436686, 21.081062305916539 ], [ -101.732967535436686, 21.085227684183604 ] ] ] } },
{ "type": "Feature", "properties": { "difference_1990_2000": -24.0, "difference_1990_2010": -27.0, "difference_1990_2020": -32.0 }, "geometry": { "type": "Polygon", "coordinates": [ [ [ -101.732967535436686, 21.089393177853999 ], [ -101.728395061728406, 21.089393177853985 ], [ -101.728395061728406, 21.085227684183607 ], [ -101.732967535436686, 21.085227684183604 ], [ -101.732967535436686, 21.089393177853999 ] ] ] } },
{ "type": "Feature", "properties": { "difference_1990_2000": 3992.0, "difference_1990_2010": 4491.0, "difference_1990_2020": 4345.0 }, "geometry": { "type": "Polygon", "coordinates": [ [ [ -101.732967535436686, 21.106056307197225 ], [ -101.728395061728406, 21.106056307197179 ], [ -101.728395061728406, 21.101890351599181 ], [ -101.732967535436686, 21.101890351599188 ], [ -101.732967535436686, 21.106056307197225 ] ] ] } },
{ "type": "Feature", "properties": { "difference_1990_2000": 3277.0, "difference_1990_2010": 3598.0, "difference_1990_2020": 3448.0 }, "geometry": { "type": "Polygon", "coordinates": [ [ [ -101.732967535436686, 21.110222378355896 ], [ -101.728395061728406, 21.110222378355893 ], [ -101.728395061728406, 21.106056307197179 ], [ -101.732967535436686, 21.106056307197225 ], [ -101.732967535436686, 21.110222378355896 ] ] ] } },
{ "type": "Feature", "properties": { "difference_1990_2000": 1391.0, "difference_1990_2010": 1475.0, "difference_1990_2020": 1404.0 }, "geometry": { "type": "Polygon", "coordinates": [ [ [ -101.732967535436686, 21.101890351599188 ], [ -101.728395061728406, 21.101890351599181 ], [ -101.728395061728406, 21.09772451153027 ], [ -101.732967535436686, 21.097724511530263 ], [ -101.732967535436686, 21.101890351599188 ] ] ] } },
{ "type": "Feature", "properties": { "difference_1990_2000": 2872.0, "difference_1990_2010": 3322.0, "difference_1990_2020": 3215.0 }, "geometry": { "type": "Polygon", "coordinates": [ [ [ -101.732967535436686, 21.114388565106761 ], [ -101.728395061728406, 21.114388565106722 ], [ -101.728395061728406, 21.110222378355893 ], [ -101.732967535436686, 21.110222378355896 ], [ -101.732967535436686, 21.114388565106761 ] ] ] } },
{ "type": "Feature", "properties": { "difference_1990_2000": 0.0, "difference_1990_2010": 0.0, "difference_1990_2020": 22.0 }, "geometry": { "type": "Polygon", "coordinates": [ [ [ -101.732967535436686, 21.176895258870452 ], [ -101.728395061728406, 21.176895258870452 ], [ -101.728395061728406, 21.172727334452354 ], [ -101.732967535436686, 21.17272733445235 ], [ -101.732967535436686, 21.176895258870452 ] ] ] } },
{ "type": "Feature", "properties": { "difference_1990_2000": 2.0, "difference_1990_2010": 1985.0, "difference_1990_2020": 2732.0 }, "geometry": { "type": "Polygon", "coordinates": [ [ [ -101.732967535436686, 21.143555111590583 ], [ -101.728395061728406, 21.143555111590587 ], [ -101.728395061728406, 21.139388114812025 ], [ -101.732967535436686, 21.139388114812025 ], [ -101.732967535436686, 21.143555111590583 ] ] ] } },
{ "type": "Feature", "properties": { "difference_1990_2000": 0.0, "difference_1990_2010": 1058.0, "difference_1990_2020": 1547.0 }, "geometry": { "type": "Polygon", "coordinates": [ [ [ -101.732967535436686, 21.139388114812025 ], [ -101.728395061728406, 21.139388114812025 ], [ -101.728395061728406, 21.135221233846352 ], [ -101.732967535436686, 21.135221233846352 ], [ -101.732967535436686, 21.139388114812025 ] ] ] } },
{ "type": "Feature", "properties": { "difference_1990_2000": 129.0, "difference_1990_2010": 2413.0, "difference_1990_2020": 2772.0 }, "geometry": { "type": "Polygon", "coordinates": [ [ [ -101.732967535436686, 21.126887819227338 ], [ -101.728395061728406, 21.12688781922736 ], [ -101.728395061728406, 21.122721285510949 ], [ -101.732967535436686, 21.122721285510931 ], [ -101.732967535436686, 21.126887819227338 ] ] ] } },
{ "type": "Feature", "properties": { "difference_1990_2000": 0.0, "difference_1990_2010": 0.0, "difference_1990_2020": 69.0 }, "geometry": { "type": "Polygon", "coordinates": [ [ [ -101.732967535436686, 21.20607398228794 ], [ -101.728395061728406, 21.20607398228794 ], [ -101.728395061728406, 21.201905244525744 ], [ -101.732967535436686, 21.201905244525737 ], [ -101.732967535436686, 21.20607398228794 ] ] ] } },
{ "type": "Feature", "properties": { "difference_1990_2000": 0.0, "difference_1990_2010": 225.0, "difference_1990_2020": 834.0 }, "geometry": { "type": "Polygon", "coordinates": [ [ [ -101.732967535436686, 21.164391833781071 ], [ -101.728395061728406, 21.164391833781071 ], [ -101.728395061728406, 21.160224257464733 ], [ -101.732967535436686, 21.160224257464737 ], [ -101.732967535436686, 21.164391833781071 ] ] ] } },
{ "type": "Feature", "properties": { "difference_1990_2000": 624.0, "difference_1990_2010": 2424.0, "difference_1990_2020": 2871.0 }, "geometry": { "type": "Polygon", "coordinates": [ [ [ -101.732967535436686, 21.147722224213577 ], [ -101.728395061728406, 21.147722224213581 ], [ -101.728395061728406, 21.143555111590587 ], [ -101.732967535436686, 21.143555111590583 ], [ -101.732967535436686, 21.147722224213577 ] ] ] } },
{ "type": "Feature", "properties": { "difference_1990_2000": 0.0, "difference_1990_2010": 266.0, "difference_1990_2020": 673.0 }, "geometry": { "type": "Polygon", "coordinates": [ [ [ -101.732967535436686, 21.131054468661929 ], [ -101.728395061728406, 21.131054468661937 ], [ -101.728395061728406, 21.12688781922736 ], [ -101.732967535436686, 21.126887819227338 ], [ -101.732967535436686, 21.131054468661929 ] ] ] } },
{ "type": "Feature", "properties": { "difference_1990_2000": 2070.0, "difference_1990_2010": 3641.0, "difference_1990_2020": 3735.0 }, "geometry": { "type": "Polygon", "coordinates": [ [ [ -101.732967535436686, 21.122721285510931 ], [ -101.728395061728406, 21.122721285510949 ], [ -101.728395061728406, 21.118554867481244 ], [ -101.732967535436686, 21.118554867481262 ], [ -101.732967535436686, 21.122721285510931 ] ] ] } },
{ "type": "Feature", "properties": { "difference_1990_2000": 46.0, "difference_1990_2010": 2310.0, "difference_1990_2020": 2201.0 }, "geometry": { "type": "Polygon", "coordinates": [ [ [ -101.732967535436686, 21.156056797119067 ], [ -101.728395061728406, 21.156056797119032 ], [ -101.728395061728406, 21.151889452712503 ], [ -101.732967535436686, 21.151889452712499 ], [ -101.732967535436686, 21.156056797119067 ] ] ] } },
{ "type": "Feature", "properties": { "difference_1990_2000": 1176.0, "difference_1990_2010": 2257.0, "difference_1990_2020": 2519.0 }, "geometry": { "type": "Polygon", "coordinates": [ [ [ -101.732967535436686, 21.151889452712499 ], [ -101.728395061728406, 21.151889452712503 ], [ -101.728395061728406, 21.147722224213581 ], [ -101.732967535436686, 21.147722224213577 ], [ -101.732967535436686, 21.151889452712499 ] ] ] } },
{ "type": "Feature", "properties": { "difference_1990_2000": 0.0, "difference_1990_2010": 0.0, "difference_1990_2020": 89.0 }, "geometry": { "type": "Polygon", "coordinates": [ [ [ -101.732967535436686, 21.201905244525697 ], [ -101.728395061728406, 21.201905244525701 ], [ -101.728395061728406, 21.197736623050453 ], [ -101.732967535436686, 21.197736623050453 ], [ -101.732967535436686, 21.201905244525697 ] ] ] } },
{ "type": "Feature", "properties": { "difference_1990_2000": 0.0, "difference_1990_2010": 0.0, "difference_1990_2020": 6.0 }, "geometry": { "type": "Polygon", "coordinates": [ [ [ -101.723822588020127, 21.214411806799976 ], [ -101.719250114311833, 21.214411806799969 ], [ -101.719250114311833, 21.210242836368824 ], [ -101.723822588020127, 21.21024283636882 ], [ -101.723822588020127, 21.214411806799976 ] ] ] } },
{ "type": "Feature", "properties": { "difference_1990_2000": 0.0, "difference_1990_2010": 0.0, "difference_1990_2020": 5.0 }, "geometry": { "type": "Polygon", "coordinates": [ [ [ -101.723822588020127, 21.181063299385674 ], [ -101.719250114311833, 21.181063299385713 ], [ -101.719250114311833, 21.176895258870452 ], [ -101.723822588020127, 21.176895258870424 ], [ -101.723822588020127, 21.181063299385674 ] ] ] } },
{ "type": "Feature", "properties": { "difference_1990_2000": 45.0, "difference_1990_2010": -1.0, "difference_1990_2020": 22.0 }, "geometry": { "type": "Polygon", "coordinates": [ [ [ -101.723822588020127, 21.093558786959019 ], [ -101.719250114311833, 21.093558786959019 ], [ -101.719250114311833, 21.089393177853982 ], [ -101.723822588020127, 21.089393177853985 ], [ -101.723822588020127, 21.093558786959019 ] ] ] } },
{ "type": "Feature", "properties": { "difference_1990_2000": 60.0, "difference_1990_2010": 175.0, "difference_1990_2020": 230.0 }, "geometry": { "type": "Polygon", "coordinates": [ [ [ -101.723822588020127, 21.168559526099731 ], [ -101.719250114311833, 21.168559526099731 ], [ -101.719250114311833, 21.164391833781078 ], [ -101.723822588020127, 21.164391833781075 ], [ -101.723822588020127, 21.168559526099731 ] ] ] } },
{ "type": "Feature", "properties": { "difference_1990_2000": 406.0, "difference_1990_2010": 850.0, "difference_1990_2020": 834.0 }, "geometry": { "type": "Polygon", "coordinates": [ [ [ -101.723822588020127, 21.118554867481247 ], [ -101.719250114311833, 21.118554867481247 ], [ -101.719250114311833, 21.114388565106726 ], [ -101.723822588020127, 21.114388565106719 ], [ -101.723822588020127, 21.118554867481247 ] ] ] } },
{ "type": "Feature", "properties": { "difference_1990_2000": 58.0, "difference_1990_2010": 167.0, "difference_1990_2020": 223.0 }, "geometry": { "type": "Polygon", "coordinates": [ [ [ -101.723822588020127, 21.17272733445235 ], [ -101.719250114311833, 21.172727334452347 ], [ -101.719250114311833, 21.168559526099731 ], [ -101.723822588020127, 21.168559526099731 ], [ -101.723822588020127, 21.17272733445235 ] ] ] } },
{ "type": "Feature", "properties": { "difference_1990_2000": 0.0, "difference_1990_2010": 0.0, "difference_1990_2020": 69.0 }, "geometry": { "type": "Polygon", "coordinates": [ [ [ -101.723822588020127, 21.21024283636882 ], [ -101.719250114311833, 21.210242836368824 ], [ -101.719250114311833, 21.206073982287943 ], [ -101.723822588020127, 21.206073982287961 ], [ -101.723822588020127, 21.21024283636882 ] ] ] } },
{ "type": "Feature", "properties": { "difference_1990_2000": 0.0, "difference_1990_2010": 583.0, "difference_1990_2020": 1002.0 }, "geometry": { "type": "Polygon", "coordinates": [ [ [ -101.723822588020127, 21.197736623050449 ], [ -101.719250114311833, 21.19773662305041 ], [ -101.719250114311833, 21.193568117830381 ], [ -101.723822588020127, 21.193568117830385 ], [ -101.723822588020127, 21.197736623050449 ] ] ] } },
{ "type": "Feature", "properties": { "difference_1990_2000": 0.0, "difference_1990_2010": 799.0, "difference_1990_2020": 1185.0 }, "geometry": { "type": "Polygon", "coordinates": [ [ [ -101.723822588020127, 21.193568117830385 ], [ -101.719250114311833, 21.193568117830381 ], [ -101.719250114311833, 21.189399728833997 ], [ -101.723822588020127, 21.189399728834051 ], [ -101.723822588020127, 21.193568117830385 ] ] ] } },
{ "type": "Feature", "properties": { "difference_1990_2000": 78.0, "difference_1990_2010": 254.0, "difference_1990_2020": 343.0 }, "geometry": { "type": "Polygon", "coordinates": [ [ [ -101.723822588020127, 21.160224257464733 ], [ -101.719250114311833, 21.160224257464733 ], [ -101.719250114311833, 21.156056797119032 ], [ -101.723822588020127, 21.156056797119064 ], [ -101.723822588020127, 21.160224257464733 ] ] ] } },
{ "type": "Feature", "properties": { "difference_1990_2000": 134.0, "difference_1990_2010": 18.0, "difference_1990_2020": 91.0 }, "geometry": { "type": "Polygon", "coordinates": [ [ [ -101.723822588020127, 21.097724511530267 ], [ -101.719250114311833, 21.097724511530267 ], [ -101.719250114311833, 21.093558786959019 ], [ -101.723822588020127, 21.093558786959019 ], [ -101.723822588020127, 21.097724511530267 ] ] ] } },
{ "type": "Feature", "properties": { "difference_1990_2000": 0.0, "difference_1990_2010": 1278.0, "difference_1990_2020": 2064.0 }, "geometry": { "type": "Polygon", "coordinates": [ [ [ -101.723822588020127, 21.135221233846352 ], [ -101.719250114311833, 21.135221233846352 ], [ -101.719250114311833, 21.131054468661926 ], [ -101.723822588020127, 21.131054468661933 ], [ -101.723822588020127, 21.135221233846352 ] ] ] } },
{ "type": "Feature", "properties": { "difference_1990_2000": 51.0, "difference_1990_2010": 1673.0, "difference_1990_2020": 2661.0 }, "geometry": { "type": "Polygon", "coordinates": [ [ [ -101.723822588020127, 21.106056307197186 ], [ -101.719250114311833, 21.106056307197182 ], [ -101.719250114311833, 21.101890351599177 ], [ -101.723822588020127, 21.101890351599181 ], [ -101.723822588020127, 21.106056307197186 ] ] ] } },
{ "type": "Feature", "properties": { "difference_1990_2000": 54.0, "difference_1990_2010": 10.0, "difference_1990_2020": 39.0 }, "geometry": { "type": "Polygon", "coordinates": [ [ [ -101.723822588020127, 21.089393177853985 ], [ -101.719250114311833, 21.089393177853982 ], [ -101.719250114311833, 21.085227684183611 ], [ -101.723822588020127, 21.085227684183597 ], [ -101.723822588020127, 21.089393177853985 ] ] ] } },
{ "type": "Feature", "properties": { "difference_1990_2000": 1459.0, "difference_1990_2010": 2475.0, "difference_1990_2020": 3873.0 }, "geometry": { "type": "Polygon", "coordinates": [ [ [ -101.723822588020127, 21.110222378355893 ], [ -101.719250114311833, 21.110222378355893 ], [ -101.719250114311833, 21.106056307197182 ], [ -101.723822588020127, 21.106056307197186 ], [ -101.723822588020127, 21.110222378355893 ] ] ] } },
{ "type": "Feature", "properties": { "difference_1990_2000": 1291.0, "difference_1990_2010": 1393.0, "difference_1990_2020": 1921.0 }, "geometry": { "type": "Polygon", "coordinates": [ [ [ -101.723822588020127, 21.114388565106719 ], [ -101.719250114311833, 21.114388565106726 ], [ -101.719250114311833, 21.110222378355893 ], [ -101.723822588020127, 21.110222378355893 ], [ -101.723822588020127, 21.114388565106719 ] ] ] } },
{ "type": "Feature", "properties": { "difference_1990_2000": 8.0, "difference_1990_2010": 24.0, "difference_1990_2020": 46.0 }, "geometry": { "type": "Polygon", "coordinates": [ [ [ -101.723822588020127, 21.176895258870424 ], [ -101.719250114311833, 21.176895258870452 ], [ -101.719250114311833, 21.172727334452347 ], [ -101.723822588020127, 21.17272733445235 ], [ -101.723822588020127, 21.176895258870424 ] ] ] } },
{ "type": "Feature", "properties": { "difference_1990_2000": -68.0, "difference_1990_2010": -74.0, "difference_1990_2020": 61.0 }, "geometry": { "type": "Polygon", "coordinates": [ [ [ -101.723822588020127, 21.101890351599181 ], [ -101.719250114311833, 21.101890351599177 ], [ -101.719250114311833, 21.097724511530267 ], [ -101.723822588020127, 21.097724511530267 ], [ -101.723822588020127, 21.101890351599181 ] ] ] } },
{ "type": "Feature", "properties": { "difference_1990_2000": 6.0, "difference_1990_2010": 132.0, "difference_1990_2020": 348.0 }, "geometry": { "type": "Polygon", "coordinates": [ [ [ -101.723822588020127, 21.143555111590587 ], [ -101.719250114311833, 21.143555111590587 ], [ -101.719250114311833, 21.139388114812029 ], [ -101.723822588020127, 21.139388114812025 ], [ -101.723822588020127, 21.143555111590587 ] ] ] } },
{ "type": "Feature", "properties": { "difference_1990_2000": 950.0, "difference_1990_2010": 1916.0, "difference_1990_2020": 2052.0 }, "geometry": { "type": "Polygon", "coordinates": [ [ [ -101.723822588020127, 21.12688781922731 ], [ -101.719250114311833, 21.12688781922736 ], [ -101.719250114311833, 21.122721285510931 ], [ -101.723822588020127, 21.122721285510949 ], [ -101.723822588020127, 21.12688781922731 ] ] ] } },
{ "type": "Feature", "properties": { "difference_1990_2000": 59.0, "difference_1990_2010": 300.0, "difference_1990_2020": 477.0 }, "geometry": { "type": "Polygon", "coordinates": [ [ [ -101.723822588020127, 21.139388114812025 ], [ -101.719250114311833, 21.139388114812029 ], [ -101.719250114311833, 21.135221233846352 ], [ -101.723822588020127, 21.135221233846352 ], [ -101.723822588020127, 21.139388114812025 ] ] ] } },
{ "type": "Feature", "properties": { "difference_1990_2000": 0.0, "difference_1990_2010": 52.0, "difference_1990_2020": 110.0 }, "geometry": { "type": "Polygon", "coordinates": [ [ [ -101.723822588020127, 21.189399728834051 ], [ -101.719250114311833, 21.189399728833997 ], [ -101.719250114311833, 21.185231456029658 ], [ -101.723822588020127, 21.185231456029673 ], [ -101.723822588020127, 21.189399728834051 ] ] ] } },
{ "type": "Feature", "properties": { "difference_1990_2000": 6.0, "difference_1990_2010": 21.0, "difference_1990_2020": 51.0 }, "geometry": { "type": "Polygon", "coordinates": [ [ [ -101.723822588020127, 21.164391833781075 ], [ -101.719250114311833, 21.164391833781078 ], [ -101.719250114311833, 21.160224257464733 ], [ -101.723822588020127, 21.160224257464751 ], [ -101.723822588020127, 21.164391833781075 ] ] ] } },
{ "type": "Feature", "properties": { "difference_1990_2000": 0.0, "difference_1990_2010": 0.0, "difference_1990_2020": 99.0 }, "geometry": { "type": "Polygon", "coordinates": [ [ [ -101.723822588020127, 21.206073982287961 ], [ -101.719250114311833, 21.206073982287943 ], [ -101.719250114311833, 21.20190524452574 ], [ -101.723822588020127, 21.201905244525733 ], [ -101.723822588020127, 21.206073982287961 ] ] ] } },
{ "type": "Feature", "properties": { "difference_1990_2000": 1.0, "difference_1990_2010": 107.0, "difference_1990_2020": 261.0 }, "geometry": { "type": "Polygon", "coordinates": [ [ [ -101.723822588020127, 21.147722224213577 ], [ -101.719250114311833, 21.147722224213577 ], [ -101.719250114311833, 21.143555111590587 ], [ -101.723822588020127, 21.143555111590587 ], [ -101.723822588020127, 21.147722224213577 ] ] ] } },
{ "type": "Feature", "properties": { "difference_1990_2000": 250.0, "difference_1990_2010": 1680.0, "difference_1990_2020": 2193.0 }, "geometry": { "type": "Polygon", "coordinates": [ [ [ -101.723822588020127, 21.131054468661933 ], [ -101.719250114311833, 21.131054468661926 ], [ -101.719250114311833, 21.12688781922736 ], [ -101.723822588020127, 21.12688781922731 ], [ -101.723822588020127, 21.131054468661933 ] ] ] } },
{ "type": "Feature", "properties": { "difference_1990_2000": 30.0, "difference_1990_2010": 145.0, "difference_1990_2020": 279.0 }, "geometry": { "type": "Polygon", "coordinates": [ [ [ -101.723822588020127, 21.156056797119064 ], [ -101.719250114311833, 21.156056797119032 ], [ -101.719250114311833, 21.151889452712503 ], [ -101.723822588020127, 21.151889452712496 ], [ -101.723822588020127, 21.156056797119064 ] ] ] } },
{ "type": "Feature", "properties": { "difference_1990_2000": 797.0, "difference_1990_2010": 1389.0, "difference_1990_2020": 1416.0 }, "geometry": { "type": "Polygon", "coordinates": [ [ [ -101.723822588020127, 21.122721285510949 ], [ -101.719250114311833, 21.122721285510931 ], [ -101.719250114311833, 21.118554867481247 ], [ -101.723822588020127, 21.118554867481247 ], [ -101.723822588020127, 21.122721285510949 ] ] ] } },
{ "type": "Feature", "properties": { "difference_1990_2000": 30.0, "difference_1990_2010": 116.0, "difference_1990_2020": 203.0 }, "geometry": { "type": "Polygon", "coordinates": [ [ [ -101.723822588020127, 21.151889452712496 ], [ -101.719250114311833, 21.151889452712503 ], [ -101.719250114311833, 21.147722224213577 ], [ -101.723822588020127, 21.147722224213577 ], [ -101.723822588020127, 21.151889452712496 ] ] ] } },
{ "type": "Feature", "properties": { "difference_1990_2000": 0.0, "difference_1990_2010": 49.0, "difference_1990_2020": 224.0 }, "geometry": { "type": "Polygon", "coordinates": [ [ [ -101.723822588020127, 21.201905244525697 ], [ -101.719250114311833, 21.201905244525687 ], [ -101.719250114311833, 21.19773662305041 ], [ -101.723822588020127, 21.197736623050449 ], [ -101.723822588020127, 21.201905244525697 ] ] ] } },
{ "type": "Feature", "properties": { "difference_1990_2000": 2.0, "difference_1990_2010": 0.0, "difference_1990_2020": 2.0 }, "geometry": { "type": "Polygon", "coordinates": [ [ [ -101.714677640603554, 21.093558786958994 ], [ -101.710105166895275, 21.093558786959019 ], [ -101.710105166895275, 21.089393177853946 ], [ -101.714677640603554, 21.089393177853985 ], [ -101.714677640603554, 21.093558786958994 ] ] ] } },
{ "type": "Feature", "properties": { "difference_1990_2000": 60.0, "difference_1990_2010": 144.0, "difference_1990_2020": 215.0 }, "geometry": { "type": "Polygon", "coordinates": [ [ [ -101.714677640603554, 21.168559526099735 ], [ -101.710105166895275, 21.168559526099731 ], [ -101.710105166895275, 21.164391833781078 ], [ -101.714677640603554, 21.164391833781043 ], [ -101.714677640603554, 21.168559526099735 ] ] ] } },
{ "type": "Feature", "properties": { "difference_1990_2000": 0.0, "difference_1990_2010": 1.0, "difference_1990_2020": 75.0 }, "geometry": { "type": "Polygon", "coordinates": [ [ [ -101.714677640603554, 21.1977366230504 ], [ -101.710105166895275, 21.1977366230504 ], [ -101.710105166895275, 21.193568117830349 ], [ -101.714677640603554, 21.193568117830381 ], [ -101.714677640603554, 21.1977366230504 ] ] ] } },
{ "type": "Feature", "properties": { "difference_1990_2000": 63.0, "difference_1990_2010": 183.0, "difference_1990_2020": 244.0 }, "geometry": { "type": "Polygon", "coordinates": [ [ [ -101.714677640603554, 21.172727334452318 ], [ -101.710105166895275, 21.172727334452347 ], [ -101.710105166895275, 21.168559526099731 ], [ -101.714677640603554, 21.168559526099735 ], [ -101.714677640603554, 21.172727334452318 ] ] ] } },
{ "type": "Feature", "properties": { "difference_1990_2000": -503.0, "difference_1990_2010": -1095.0, "difference_1990_2020": -1331.0 }, "geometry": { "type": "Polygon", "coordinates": [ [ [ -101.714677640603554, 21.118554867481244 ], [ -101.710105166895275, 21.118554867481244 ], [ -101.710105166895275, 21.114388565106719 ], [ -101.714677640603554, 21.114388565106719 ], [ -101.714677640603554, 21.118554867481244 ] ] ] } },
{ "type": "Feature", "properties": { "difference_1990_2000": 240.0, "difference_1990_2010": 494.0, "difference_1990_2020": 545.0 }, "geometry": { "type": "Polygon", "coordinates": [ [ [ -101.714677640603554, 21.181063299385709 ], [ -101.710105166895275, 21.181063299385709 ], [ -101.710105166895275, 21.176895258870456 ], [ -101.714677640603554, 21.176895258870449 ], [ -101.714677640603554, 21.181063299385709 ] ] ] } },
{ "type": "Feature", "properties": { "difference_1990_2000": 5.0, "difference_1990_2010": 21.0, "difference_1990_2020": 59.0 }, "geometry": { "type": "Polygon", "coordinates": [ [ [ -101.714677640603554, 21.160224257464701 ], [ -101.710105166895275, 21.160224257464701 ], [ -101.710105166895275, 21.156056797119028 ], [ -101.714677640603554, 21.156056797119035 ], [ -101.714677640603554, 21.160224257464701 ] ] ] } },
{ "type": "Feature", "properties": { "difference_1990_2000": 0.0, "difference_1990_2010": 42.0, "difference_1990_2020": 101.0 }, "geometry": { "type": "Polygon", "coordinates": [ [ [ -101.714677640603554, 21.193568117830381 ], [ -101.710105166895275, 21.193568117830349 ], [ -101.710105166895275, 21.189399728834001 ], [ -101.714677640603554, 21.189399728834019 ], [ -101.714677640603554, 21.193568117830381 ] ] ] } },
{ "type": "Feature", "properties": { "difference_1990_2000": 62.0, "difference_1990_2010": 121.0, "difference_1990_2020": 146.0 }, "geometry": { "type": "Polygon", "coordinates": [ [ [ -101.714677640603554, 21.097724511530267 ], [ -101.710105166895275, 21.097724511530263 ], [ -101.710105166895275, 21.093558786959019 ], [ -101.714677640603554, 21.093558786958994 ], [ -101.714677640603554, 21.097724511530267 ] ] ] } },
{ "type": "Feature", "properties": { "difference_1990_2000": -183.0, "difference_1990_2010": -887.0, "difference_1990_2020": -1195.0 }, "geometry": { "type": "Polygon", "coordinates": [ [ [ -101.714677640603554, 21.135221233846345 ], [ -101.710105166895275, 21.135221233846352 ], [ -101.710105166895275, 21.131054468661929 ], [ -101.714677640603554, 21.131054468661933 ], [ -101.714677640603554, 21.135221233846345 ] ] ] } },
{ "type": "Feature", "properties": { "difference_1990_2000": 517.0, "difference_1990_2010": 553.0, "difference_1990_2020": 508.0 }, "geometry": { "type": "Polygon", "coordinates": [ [ [ -101.714677640603554, 21.106056307197186 ], [ -101.710105166895275, 21.106056307197186 ], [ -101.710105166895275, 21.101890351599181 ], [ -101.714677640603554, 21.101890351599181 ], [ -101.714677640603554, 21.106056307197186 ] ] ] } },
{ "type": "Feature", "properties": { "difference_1990_2000": 695.0, "difference_1990_2010": 1011.0, "difference_1990_2020": 1039.0 }, "geometry": { "type": "Polygon", "coordinates": [ [ [ -101.714677640603554, 21.110222378355896 ], [ -101.710105166895275, 21.110222378355864 ], [ -101.710105166895275, 21.106056307197186 ], [ -101.714677640603554, 21.106056307197186 ], [ -101.714677640603554, 21.110222378355896 ] ] ] } },
{ "type": "Feature", "properties": { "difference_1990_2000": 547.0, "difference_1990_2010": 559.0, "difference_1990_2020": 531.0 }, "geometry": { "type": "Polygon", "coordinates": [ [ [ -101.714677640603554, 21.114388565106719 ], [ -101.710105166895275, 21.114388565106719 ], [ -101.710105166895275, 21.110222378355864 ], [ -101.714677640603554, 21.110222378355896 ], [ -101.714677640603554, 21.114388565106719 ] ] ] } },
{ "type": "Feature", "properties": { "difference_1990_2000": 2.0, "difference_1990_2010": 579.0, "difference_1990_2020": 752.0 }, "geometry": { "type": "Polygon", "coordinates": [ [ [ -101.714677640603554, 21.185231456029658 ], [ -101.710105166895275, 21.185231456029662 ], [ -101.710105166895275, 21.181063299385709 ], [ -101.714677640603554, 21.181063299385709 ], [ -101.714677640603554, 21.185231456029658 ] ] ] } },
{ "type": "Feature", "properties": { "difference_1990_2000": 133.0, "difference_1990_2010": 237.0, "difference_1990_2020": 280.0 }, "geometry": { "type": "Polygon", "coordinates": [ [ [ -101.714677640603554, 21.101890351599181 ], [ -101.710105166895275, 21.101890351599181 ], [ -101.710105166895275, 21.097724511530263 ], [ -101.714677640603554, 21.097724511530267 ], [ -101.714677640603554, 21.101890351599181 ] ] ] } },
{ "type": "Feature", "properties": { "difference_1990_2000": 345.0, "difference_1990_2010": 631.0, "difference_1990_2020": 500.0 }, "geometry": { "type": "Polygon", "coordinates": [ [ [ -101.714677640603554, 21.143555111590555 ], [ -101.710105166895275, 21.143555111590587 ], [ -101.710105166895275, 21.139388114812025 ], [ -101.714677640603554, 21.139388114812029 ], [ -101.714677640603554, 21.143555111590555 ] ] ] } },
{ "type": "Feature", "properties": { "difference_1990_2000": 196.0, "difference_1990_2010": 300.0, "difference_1990_2020": 310.0 }, "geometry": { "type": "Polygon", "coordinates": [ [ [ -101.714677640603554, 21.176895258870449 ], [ -101.710105166895275, 21.176895258870456 ], [ -101.710105166895275, 21.172727334452347 ], [ -101.714677640603554, 21.172727334452318 ], [ -101.714677640603554, 21.176895258870449 ] ] ] } },
{ "type": "Feature", "properties": { "difference_1990_2000": 6.0, "difference_1990_2010": -268.0, "difference_1990_2020": -588.0 }, "geometry": { "type": "Polygon", "coordinates": [ [ [ -101.714677640603554, 21.139388114812029 ], [ -101.710105166895275, 21.139388114812025 ], [ -101.710105166895275, 21.135221233846352 ], [ -101.714677640603554, 21.135221233846345 ], [ -101.714677640603554, 21.139388114812029 ] ] ] } },
{ "type": "Feature", "properties": { "difference_1990_2000": 585.0, "difference_1990_2010": 95.0, "difference_1990_2020": 36.0 }, "geometry": { "type": "Polygon", "coordinates": [ [ [ -101.714677640603554, 21.126887819227356 ], [ -101.710105166895275, 21.126887819227353 ], [ -101.710105166895275, 21.122721285510934 ], [ -101.714677640603554, 21.122721285510934 ], [ -101.714677640603554, 21.126887819227356 ] ] ] } },
{ "type": "Feature", "properties": { "difference_1990_2000": 0.0, "difference_1990_2010": 272.0, "difference_1990_2020": 508.0 }, "geometry": { "type": "Polygon", "coordinates": [ [ [ -101.714677640603554, 21.189399728834019 ], [ -101.710105166895275, 21.189399728834001 ], [ -101.710105166895275, 21.185231456029662 ], [ -101.714677640603554, 21.185231456029658 ], [ -101.714677640603554, 21.189399728834019 ] ] ] } },
{ "type": "Feature", "properties": { "difference_1990_2000": 1.0, "difference_1990_2010": 1.0, "difference_1990_2020": 40.0 }, "geometry": { "type": "Polygon", "coordinates": [ [ [ -101.714677640603554, 21.164391833781043 ], [ -101.710105166895275, 21.164391833781078 ], [ -101.710105166895275, 21.160224257464701 ], [ -101.714677640603554, 21.160224257464737 ], [ -101.714677640603554, 21.164391833781043 ] ] ] } },
{ "type": "Feature", "properties": { "difference_1990_2000": 50.0, "difference_1990_2010": 119.0, "difference_1990_2020": 144.0 }, "geometry": { "type": "Polygon", "coordinates": [ [ [ -101.714677640603554, 21.147722224213577 ], [ -101.710105166895275, 21.147722224213577 ], [ -101.710105166895275, 21.143555111590587 ], [ -101.714677640603554, 21.143555111590555 ], [ -101.714677640603554, 21.147722224213577 ] ] ] } },
{ "type": "Feature", "properties": { "difference_1990_2000": -61.0, "difference_1990_2010": -439.0, "difference_1990_2020": -711.0 }, "geometry": { "type": "Polygon", "coordinates": [ [ [ -101.714677640603554, 21.131054468661933 ], [ -101.710105166895275, 21.131054468661929 ], [ -101.710105166895275, 21.126887819227353 ], [ -101.714677640603554, 21.126887819227356 ], [ -101.714677640603554, 21.131054468661933 ] ] ] } },
{ "type": "Feature", "properties": { "difference_1990_2000": 119.0, "difference_1990_2010": 114.0, "difference_1990_2020": 158.0 }, "geometry": { "type": "Polygon", "coordinates": [ [ [ -101.714677640603554, 21.156056797119035 ], [ -101.710105166895275, 21.156056797119028 ], [ -101.710105166895275, 21.151889452712481 ], [ -101.714677640603554, 21.151889452712499 ], [ -101.714677640603554, 21.156056797119035 ] ] ] } },
{ "type": "Feature", "properties": { "difference_1990_2000": -503.0, "difference_1990_2010": -902.0, "difference_1990_2020": -1169.0 }, "geometry": { "type": "Polygon", "coordinates": [ [ [ -101.714677640603554, 21.122721285510934 ], [ -101.710105166895275, 21.122721285510934 ], [ -101.710105166895275, 21.118554867481244 ], [ -101.714677640603554, 21.118554867481244 ], [ -101.714677640603554, 21.122721285510934 ] ] ] } },
{ "type": "Feature", "properties": { "difference_1990_2000": 150.0, "difference_1990_2010": 188.0, "difference_1990_2020": 222.0 }, "geometry": { "type": "Polygon", "coordinates": [ [ [ -101.714677640603554, 21.151889452712499 ], [ -101.710105166895275, 21.151889452712481 ], [ -101.710105166895275, 21.147722224213577 ], [ -101.714677640603554, 21.147722224213577 ], [ -101.714677640603554, 21.151889452712499 ] ] ] } },
{ "type": "Feature", "properties": { "difference_1990_2000": 1.0, "difference_1990_2010": 2.0, "difference_1990_2020": 2.0 }, "geometry": { "type": "Polygon", "coordinates": [ [ [ -101.705532693187024, 21.093558786959019 ], [ -101.700960219478745, 21.093558786959012 ], [ -101.700960219478745, 21.089393177853982 ], [ -101.705532693187024, 21.089393177853996 ], [ -101.705532693187024, 21.093558786959019 ] ] ] } },
{ "type": "Feature", "properties": { "difference_1990_2000": 76.0, "difference_1990_2010": 195.0, "difference_1990_2020": 253.0 }, "geometry": { "type": "Polygon", "coordinates": [ [ [ -101.705532693187024, 21.168559526099731 ], [ -101.700960219478745, 21.168559526099727 ], [ -101.700960219478745, 21.164391833781096 ], [ -101.705532693187024, 21.164391833781075 ], [ -101.705532693187024, 21.168559526099731 ] ] ] } },
{ "type": "Feature", "properties": { "difference_1990_2000": 281.0, "difference_1990_2010": 222.0, "difference_1990_2020": 205.0 }, "geometry": { "type": "Polygon", "coordinates": [ [ [ -101.705532693187024, 21.118554867481247 ], [ -101.700960219478745, 21.118554867481265 ], [ -101.700960219478745, 21.114388565106722 ], [ -101.705532693187024, 21.114388565106719 ], [ -101.705532693187024, 21.118554867481247 ] ] ] } },
{ "type": "Feature", "properties": { "difference_1990_2000": 171.0, "difference_1990_2010": 252.0, "difference_1990_2020": 343.0 }, "geometry": { "type": "Polygon", "coordinates": [ [ [ -101.705532693187024, 21.181063299385723 ], [ -101.700960219478745, 21.181063299385713 ], [ -101.700960219478745, 21.176895258870456 ], [ -101.705532693187024, 21.176895258870449 ], [ -101.705532693187024, 21.181063299385723 ] ] ] } },
{ "type": "Feature", "properties": { "difference_1990_2000": 86.0, "difference_1990_2010": 204.0, "difference_1990_2020": 256.0 }, "geometry": { "type": "Polygon", "coordinates": [ [ [ -101.705532693187024, 21.17272733445235 ], [ -101.700960219478745, 21.172727334452347 ], [ -101.700960219478745, 21.168559526099727 ], [ -101.705532693187024, 21.168559526099731 ], [ -101.705532693187024, 21.17272733445235 ] ] ] } },
{ "type": "Feature", "properties": { "difference_1990_2000": 173.0, "difference_1990_2010": 261.0, "difference_1990_2020": 298.0 }, "geometry": { "type": "Polygon", "coordinates": [ [ [ -101.705532693187024, 21.160224257464698 ], [ -101.700960219478745, 21.160224257464705 ], [ -101.700960219478745, 21.156056797119071 ], [ -101.705532693187024, 21.156056797119035 ], [ -101.705532693187024, 21.160224257464698 ] ] ] } },
{ "type": "Feature", "properties": { "difference_1990_2000": 50.0, "difference_1990_2010": 101.0, "difference_1990_2020": 132.0 }, "geometry": { "type": "Polygon", "coordinates": [ [ [ -101.705532693187024, 21.097724511530267 ], [ -101.700960219478745, 21.09772451153027 ], [ -101.700960219478745, 21.093558786959012 ], [ -101.705532693187024, 21.093558786959019 ], [ -101.705532693187024, 21.097724511530267 ] ] ] } },
{ "type": "Feature", "properties": { "difference_1990_2000": -826.0, "difference_1990_2010": -1751.0, "difference_1990_2020": -2431.0 }, "geometry": { "type": "Polygon", "coordinates": [ [ [ -101.705532693187024, 21.135221233846348 ], [ -101.700960219478745, 21.135221233846362 ], [ -101.700960219478745, 21.131054468661933 ], [ -101.705532693187024, 21.131054468661929 ], [ -101.705532693187024, 21.135221233846348 ] ] ] } },
{ "type": "Feature", "properties": { "difference_1990_2000": 45.0, "difference_1990_2010": -262.0, "difference_1990_2020": -459.0 }, "geometry": { "type": "Polygon", "coordinates": [ [ [ -101.705532693187024, 21.106056307197179 ], [ -101.700960219478745, 21.106056307197186 ], [ -101.700960219478745, 21.101890351599184 ], [ -101.705532693187024, 21.101890351599184 ], [ -101.705532693187024, 21.106056307197179 ] ] ] } },
{ "type": "Feature", "properties": { "difference_1990_2000": 0.0, "difference_1990_2010": 0.0, "difference_1990_2020": 3.0 }, "geometry": { "type": "Polygon", "coordinates": [ [ [ -101.705532693187024, 21.089393177853996 ], [ -101.700960219478745, 21.089393177853982 ], [ -101.700960219478745, 21.085227684183614 ], [ -101.705532693187024, 21.085227684183611 ], [ -101.705532693187024, 21.089393177853996 ] ] ] } },
{ "type": "Feature", "properties": { "difference_1990_2000": -1153.0, "difference_1990_2010": -1973.0, "difference_1990_2020": -2438.0 }, "geometry": { "type": "Polygon", "coordinates": [ [ [ -101.705532693187024, 21.110222378355864 ], [ -101.700960219478745, 21.110222378355918 ], [ -101.700960219478745, 21.106056307197186 ], [ -101.705532693187024, 21.106056307197179 ], [ -101.705532693187024, 21.110222378355864 ] ] ] } },
{ "type": "Feature", "properties": { "difference_1990_2000": -811.0, "difference_1990_2010": -1636.0, "difference_1990_2020": -2055.0 }, "geometry": { "type": "Polygon", "coordinates": [ [ [ -101.705532693187024, 21.114388565106719 ], [ -101.700960219478745, 21.114388565106722 ], [ -101.700960219478745, 21.110222378355918 ], [ -101.705532693187024, 21.110222378355864 ], [ -101.705532693187024, 21.114388565106719 ] ] ] } },
{ "type": "Feature", "properties": { "difference_1990_2000": 104.0, "difference_1990_2010": 181.0, "difference_1990_2020": 250.0 }, "geometry": { "type": "Polygon", "coordinates": [ [ [ -101.705532693187024, 21.185231456029658 ], [ -101.700960219478745, 21.185231456029662 ], [ -101.700960219478745, 21.181063299385713 ], [ -101.705532693187024, 21.181063299385723 ], [ -101.705532693187024, 21.185231456029658 ] ] ] } },
{ "type": "Feature", "properties": { "difference_1990_2000": 1274.0, "difference_1990_2010": 1302.0, "difference_1990_2020": 1103.0 }, "geometry": { "type": "Polygon", "coordinates": [ [ [ -101.705532693187024, 21.101890351599184 ], [ -101.700960219478745, 21.101890351599184 ], [ -101.700960219478745, 21.09772451153027 ], [ -101.705532693187024, 21.097724511530267 ], [ -101.705532693187024, 21.101890351599184 ] ] ] } },
{ "type": "Feature", "properties": { "difference_1990_2000": 296.0, "difference_1990_2010": 393.0, "difference_1990_2020": 359.0 }, "geometry": { "type": "Polygon", "coordinates": [ [ [ -101.705532693187024, 21.176895258870449 ], [ -101.700960219478745, 21.176895258870456 ], [ -101.700960219478745, 21.172727334452347 ], [ -101.705532693187024, 21.17272733445235 ], [ -101.705532693187024, 21.176895258870449 ] ] ] } },
{ "type": "Feature", "properties": { "difference_1990_2000": 709.0, "difference_1990_2010": -136.0, "difference_1990_2020": -348.0 }, "geometry": { "type": "Polygon", "coordinates": [ [ [ -101.705532693187024, 21.14355511159059 ], [ -101.700960219478745, 21.143555111590608 ], [ -101.700960219478745, 21.139388114812029 ], [ -101.705532693187024, 21.139388114812025 ], [ -101.705532693187024, 21.14355511159059 ] ] ] } },
{ "type": "Feature", "properties": { "difference_1990_2000": -802.0, "difference_1990_2010": -1687.0, "difference_1990_2020": -2163.0 }, "geometry": { "type": "Polygon", "coordinates": [ [ [ -101.705532693187024, 21.139388114812025 ], [ -101.700960219478745, 21.139388114812029 ], [ -101.700960219478745, 21.135221233846362 ], [ -101.705532693187024, 21.135221233846348 ], [ -101.705532693187024, 21.139388114812025 ] ] ] } },
{ "type": "Feature", "properties": { "difference_1990_2000": 487.0, "difference_1990_2010": 420.0, "difference_1990_2020": 329.0 }, "geometry": { "type": "Polygon", "coordinates": [ [ [ -101.705532693187024, 21.126887819227338 ], [ -101.700960219478745, 21.126887819227345 ], [ -101.700960219478745, 21.122721285510934 ], [ -101.705532693187024, 21.122721285510949 ], [ -101.705532693187024, 21.126887819227338 ] ] ] } },
{ "type": "Feature", "properties": { "difference_1990_2000": 2.0, "difference_1990_2010": 8.0, "difference_1990_2020": 11.0 }, "geometry": { "type": "Polygon", "coordinates": [ [ [ -101.705532693187024, 21.189399728834015 ], [ -101.700960219478745, 21.189399728834019 ], [ -101.700960219478745, 21.185231456029662 ], [ -101.705532693187024, 21.185231456029658 ], [ -101.705532693187024, 21.189399728834015 ] ] ] } },
{ "type": "Feature", "properties": { "difference_1990_2000": 136.0, "difference_1990_2010": 252.0, "difference_1990_2020": 297.0 }, "geometry": { "type": "Polygon", "coordinates": [ [ [ -101.705532693187024, 21.164391833781075 ], [ -101.700960219478745, 21.164391833781096 ], [ -101.700960219478745, 21.160224257464737 ], [ -101.705532693187024, 21.160224257464748 ], [ -101.705532693187024, 21.164391833781075 ] ] ] } },
{ "type": "Feature", "properties": { "difference_1990_2000": -154.0, "difference_1990_2010": -456.0, "difference_1990_2020": -589.0 }, "geometry": { "type": "Polygon", "coordinates": [ [ [ -101.705532693187024, 21.147722224213577 ], [ -101.700960219478745, 21.147722224213577 ], [ -101.700960219478745, 21.143555111590608 ], [ -101.705532693187024, 21.14355511159059 ], [ -101.705532693187024, 21.147722224213577 ] ] ] } },
{ "type": "Feature", "properties": { "difference_1990_2000": -683.0, "difference_1990_2010": -1594.0, "difference_1990_2020": -1992.0 }, "geometry": { "type": "Polygon", "coordinates": [ [ [ -101.705532693187024, 21.131054468661929 ], [ -101.700960219478745, 21.131054468661933 ], [ -101.700960219478745, 21.126887819227345 ], [ -101.705532693187024, 21.126887819227338 ], [ -101.705532693187024, 21.131054468661929 ] ] ] } },
{ "type": "Feature", "properties": { "difference_1990_2000": 184.0, "difference_1990_2010": 63.0, "difference_1990_2020": 37.0 }, "geometry": { "type": "Polygon", "coordinates": [ [ [ -101.705532693187024, 21.156056797119035 ], [ -101.700960219478745, 21.156056797119071 ], [ -101.700960219478745, 21.151889452712499 ], [ -101.705532693187024, 21.151889452712503 ], [ -101.705532693187024, 21.156056797119035 ] ] ] } },
{ "type": "Feature", "properties": { "difference_1990_2000": 310.0, "difference_1990_2010": 242.0, "difference_1990_2020": 172.0 }, "geometry": { "type": "Polygon", "coordinates": [ [ [ -101.705532693187024, 21.122721285510949 ], [ -101.700960219478745, 21.122721285510934 ], [ -101.700960219478745, 21.118554867481265 ], [ -101.705532693187024, 21.118554867481247 ], [ -101.705532693187024, 21.122721285510949 ] ] ] } },
{ "type": "Feature", "properties": { "difference_1990_2000": -64.0, "difference_1990_2010": -363.0, "difference_1990_2020": -518.0 }, "geometry": { "type": "Polygon", "coordinates": [ [ [ -101.705532693187024, 21.151889452712503 ], [ -101.700960219478745, 21.151889452712499 ], [ -101.700960219478745, 21.147722224213577 ], [ -101.705532693187024, 21.147722224213577 ], [ -101.705532693187024, 21.151889452712503 ] ] ] } },
{ "type": "Feature", "properties": { "difference_1990_2000": -13.0, "difference_1990_2010": 13.0, "difference_1990_2020": -6.0 }, "geometry": { "type": "Polygon", "coordinates": [ [ [ -101.696387745770465, 21.093558786958994 ], [ -101.691815272062186, 21.093558786958994 ], [ -101.691815272062186, 21.089393177853985 ], [ -101.696387745770465, 21.089393177853985 ], [ -101.696387745770465, 21.093558786958994 ] ] ] } },
{ "type": "Feature", "properties": { "difference_1990_2000": 196.0, "difference_1990_2010": 130.0, "difference_1990_2020": 166.0 }, "geometry": { "type": "Polygon", "coordinates": [ [ [ -101.696387745770465, 21.168559526099727 ], [ -101.691815272062186, 21.168559526099731 ], [ -101.691815272062186, 21.164391833781078 ], [ -101.696387745770465, 21.164391833781075 ], [ -101.696387745770465, 21.168559526099727 ] ] ] } },
{ "type": "Feature", "properties": { "difference_1990_2000": -711.0, "difference_1990_2010": -1235.0, "difference_1990_2020": -1649.0 }, "geometry": { "type": "Polygon", "coordinates": [ [ [ -101.696387745770465, 21.118554867481244 ], [ -101.691815272062186, 21.118554867481244 ], [ -101.691815272062186, 21.114388565106719 ], [ -101.696387745770465, 21.114388565106719 ], [ -101.696387745770465, 21.118554867481244 ] ] ] } },
{ "type": "Feature", "properties": { "difference_1990_2000": 0.0, "difference_1990_2010": 0.0, "difference_1990_2020": 120.0 }, "geometry": { "type": "Polygon", "coordinates": [ [ [ -101.696387745770465, 21.19773662305041 ], [ -101.691815272062186, 21.19773662305041 ], [ -101.691815272062186, 21.193568117830381 ], [ -101.696387745770465, 21.193568117830385 ], [ -101.696387745770465, 21.19773662305041 ] ] ] } },
{ "type": "Feature", "properties": { "difference_1990_2000": 210.0, "difference_1990_2010": 86.0, "difference_1990_2020": 96.0 }, "geometry": { "type": "Polygon", "coordinates": [ [ [ -101.696387745770465, 21.172727334452347 ], [ -101.691815272062186, 21.172727334452315 ], [ -101.691815272062186, 21.168559526099731 ], [ -101.696387745770465, 21.168559526099727 ], [ -101.696387745770465, 21.172727334452347 ] ] ] } },
{ "type": "Feature", "properties": { "difference_1990_2000": 268.0, "difference_1990_2010": 73.0, "difference_1990_2020": 94.0 }, "geometry": { "type": "Polygon", "coordinates": [ [ [ -101.696387745770465, 21.160224257464705 ], [ -101.691815272062186, 21.160224257464684 ], [ -101.691815272062186, 21.156056797119035 ], [ -101.696387745770465, 21.156056797119035 ], [ -101.696387745770465, 21.160224257464705 ] ] ] } },
{ "type": "Feature", "properties": { "difference_1990_2000": 0.0, "difference_1990_2010": 0.0, "difference_1990_2020": 150.0 }, "geometry": { "type": "Polygon", "coordinates": [ [ [ -101.696387745770465, 21.193568117830385 ], [ -101.691815272062186, 21.193568117830381 ], [ -101.691815272062186, 21.189399728834019 ], [ -101.696387745770465, 21.189399728833994 ], [ -101.696387745770465, 21.193568117830385 ] ] ] } },
{ "type": "Feature", "properties": { "difference_1990_2000": -756.0, "difference_1990_2010": -757.0, "difference_1990_2020": -846.0 }, "geometry": { "type": "Polygon", "coordinates": [ [ [ -101.696387745770465, 21.097724511530267 ], [ -101.691815272062186, 21.097724511530274 ], [ -101.691815272062186, 21.093558786958994 ], [ -101.696387745770465, 21.093558786958994 ], [ -101.696387745770465, 21.097724511530267 ] ] ] } },
{ "type": "Feature", "properties": { "difference_1990_2000": -671.0, "difference_1990_2010": -1278.0, "difference_1990_2020": -1570.0 }, "geometry": { "type": "Polygon", "coordinates": [ [ [ -101.696387745770465, 21.135221233846352 ], [ -101.691815272062186, 21.135221233846362 ], [ -101.691815272062186, 21.131054468661929 ], [ -101.696387745770465, 21.131054468661929 ], [ -101.696387745770465, 21.135221233846352 ] ] ] } },
{ "type": "Feature", "properties": { "difference_1990_2000": -40.0, "difference_1990_2010": -458.0, "difference_1990_2020": -748.0 }, "geometry": { "type": "Polygon", "coordinates": [ [ [ -101.696387745770465, 21.106056307197189 ], [ -101.691815272062186, 21.106056307197179 ], [ -101.691815272062186, 21.101890351599181 ], [ -101.696387745770465, 21.101890351599181 ], [ -101.696387745770465, 21.106056307197189 ] ] ] } },
{ "type": "Feature", "properties": { "difference_1990_2000": 0.0, "difference_1990_2010": 2.0, "difference_1990_2020": 2.0 }, "geometry": { "type": "Polygon", "coordinates": [ [ [ -101.696387745770465, 21.072731895466223 ], [ -101.691815272062186, 21.072731895466198 ], [ -101.691815272062186, 21.068566863220095 ], [ -101.696387745770465, 21.068566863220099 ], [ -101.696387745770465, 21.072731895466223 ] ] ] } },
{ "type": "Feature", "properties": { "difference_1990_2000": 0.0, "difference_1990_2010": 2.0, "difference_1990_2020": 4.0 }, "geometry": { "type": "Polygon", "coordinates": [ [ [ -101.696387745770465, 21.089393177853985 ], [ -101.691815272062186, 21.089393177853985 ], [ -101.691815272062186, 21.085227684183597 ], [ -101.696387745770465, 21.085227684183611 ], [ -101.696387745770465, 21.089393177853985 ] ] ] } },
{ "type": "Feature", "properties": { "difference_1990_2000": -537.0, "difference_1990_2010": -1136.0, "difference_1990_2020": -1381.0 }, "geometry": { "type": "Polygon", "coordinates": [ [ [ -101.696387745770465, 21.110222378355864 ], [ -101.691815272062186, 21.110222378355896 ], [ -101.691815272062186, 21.106056307197179 ], [ -101.696387745770465, 21.106056307197189 ], [ -101.696387745770465, 21.110222378355864 ] ] ] } },
{ "type": "Feature", "properties": { "difference_1990_2000": -847.0, "difference_1990_2010": -1552.0, "difference_1990_2020": -1855.0 }, "geometry": { "type": "Polygon", "coordinates": [ [ [ -101.696387745770465, 21.114388565106719 ], [ -101.691815272062186, 21.114388565106719 ], [ -101.691815272062186, 21.110222378355896 ], [ -101.696387745770465, 21.110222378355864 ], [ -101.696387745770465, 21.114388565106719 ] ] ] } },
{ "type": "Feature", "properties": { "difference_1990_2000": -1460.0, "difference_1990_2010": -1326.0, "difference_1990_2020": -1460.0 }, "geometry": { "type": "Polygon", "coordinates": [ [ [ -101.696387745770465, 21.101890351599181 ], [ -101.691815272062186, 21.101890351599181 ], [ -101.691815272062186, 21.097724511530274 ], [ -101.696387745770465, 21.097724511530267 ], [ -101.696387745770465, 21.101890351599181 ] ] ] } },
{ "type": "Feature", "properties": { "difference_1990_2000": -61.0, "difference_1990_2010": -590.0, "difference_1990_2020": -794.0 }, "geometry": { "type": "Polygon", "coordinates": [ [ [ -101.696387745770465, 21.143555111590587 ], [ -101.691815272062186, 21.14355511159059 ], [ -101.691815272062186, 21.139388114812029 ], [ -101.696387745770465, 21.139388114812029 ], [ -101.696387745770465, 21.143555111590587 ] ] ] } },
{ "type": "Feature", "properties": { "difference_1990_2000": -392.0, "difference_1990_2010": -1143.0, "difference_1990_2020": -1383.0 }, "geometry": { "type": "Polygon", "coordinates": [ [ [ -101.696387745770465, 21.139388114812029 ], [ -101.691815272062186, 21.139388114812029 ], [ -101.691815272062186, 21.135221233846362 ], [ -101.696387745770465, 21.135221233846352 ], [ -101.696387745770465, 21.139388114812029 ] ] ] } },
{ "type": "Feature", "properties": { "difference_1990_2000": -663.0, "difference_1990_2010": -1350.0, "difference_1990_2020": -1593.0 }, "geometry": { "type": "Polygon", "coordinates": [ [ [ -101.696387745770465, 21.126887819227345 ], [ -101.691815272062186, 21.126887819227342 ], [ -101.691815272062186, 21.122721285510934 ], [ -101.696387745770465, 21.122721285510934 ], [ -101.696387745770465, 21.126887819227345 ] ] ] } },
{ "type": "Feature", "properties": { "difference_1990_2000": 0.0, "difference_1990_2010": 0.0, "difference_1990_2020": 68.0 }, "geometry": { "type": "Polygon", "coordinates": [ [ [ -101.696387745770465, 21.189399728833994 ], [ -101.691815272062186, 21.189399728834019 ], [ -101.691815272062186, 21.185231456029655 ], [ -101.696387745770465, 21.185231456029658 ], [ -101.696387745770465, 21.189399728833994 ] ] ] } },
{ "type": "Feature", "properties": { "difference_1990_2000": 0.0, "difference_1990_2010": 3.0, "difference_1990_2020": 3.0 }, "geometry": { "type": "Polygon", "coordinates": [ [ [ -101.696387745770465, 21.068566863220099 ], [ -101.691815272062186, 21.068566863220095 ], [ -101.691815272062186, 21.06440194625139 ], [ -101.696387745770465, 21.06440194625139 ], [ -101.696387745770465, 21.068566863220099 ] ] ] } },
{ "type": "Feature", "properties": { "difference_1990_2000": 0.0, "difference_1990_2010": 0.0, "difference_1990_2020": 10.0 }, "geometry": { "type": "Polygon", "coordinates": [ [ [ -101.696387745770465, 21.206073982287911 ], [ -101.691815272062186, 21.206073982287943 ], [ -101.691815272062186, 21.201905244525697 ], [ -101.696387745770465, 21.201905244525737 ], [ -101.696387745770465, 21.206073982287911 ] ] ] } },
{ "type": "Feature", "properties": { "difference_1990_2000": 229.0, "difference_1990_2010": 117.0, "difference_1990_2020": 147.0 }, "geometry": { "type": "Polygon", "coordinates": [ [ [ -101.696387745770465, 21.164391833781075 ], [ -101.691815272062186, 21.164391833781078 ], [ -101.691815272062186, 21.160224257464737 ], [ -101.696387745770465, 21.160224257464755 ], [ -101.696387745770465, 21.164391833781075 ] ] ] } },
{ "type": "Feature", "properties": { "difference_1990_2000": -30.0, "difference_1990_2010": -516.0, "difference_1990_2020": -674.0 }, "geometry": { "type": "Polygon", "coordinates": [ [ [ -101.696387745770465, 21.147722224213574 ], [ -101.691815272062186, 21.147722224213577 ], [ -101.691815272062186, 21.14355511159059 ], [ -101.696387745770465, 21.143555111590587 ], [ -101.696387745770465, 21.147722224213574 ] ] ] } },
{ "type": "Feature", "properties": { "difference_1990_2000": -776.0, "difference_1990_2010": -1827.0, "difference_1990_2020": -2092.0 }, "geometry": { "type": "Polygon", "coordinates": [ [ [ -101.696387745770465, 21.131054468661929 ], [ -101.691815272062186, 21.131054468661929 ], [ -101.691815272062186, 21.126887819227342 ], [ -101.696387745770465, 21.126887819227345 ], [ -101.696387745770465, 21.131054468661929 ] ] ] } },
{ "type": "Feature", "properties": { "difference_1990_2000": 0.0, "difference_1990_2010": 2.0, "difference_1990_2020": 1.0 }, "geometry": { "type": "Polygon", "coordinates": [ [ [ -101.696387745770465, 21.06440194625139 ], [ -101.691815272062186, 21.06440194625139 ], [ -101.691815272062186, 21.060237144528681 ], [ -101.696387745770465, 21.060237144528678 ], [ -101.696387745770465, 21.06440194625139 ] ] ] } },
{ "type": "Feature", "properties": { "difference_1990_2000": -24.0, "difference_1990_2010": -288.0, "difference_1990_2020": -249.0 }, "geometry": { "type": "Polygon", "coordinates": [ [ [ -101.696387745770465, 21.156056797119035 ], [ -101.691815272062186, 21.156056797119035 ], [ -101.691815272062186, 21.151889452712481 ], [ -101.696387745770465, 21.151889452712496 ], [ -101.696387745770465, 21.156056797119035 ] ] ] } },
{ "type": "Feature", "properties": { "difference_1990_2000": -668.0, "difference_1990_2010": -1124.0, "difference_1990_2020": -1303.0 }, "geometry": { "type": "Polygon", "coordinates": [ [ [ -101.696387745770465, 21.122721285510934 ], [ -101.691815272062186, 21.122721285510934 ], [ -101.691815272062186, 21.118554867481244 ], [ -101.696387745770465, 21.118554867481244 ], [ -101.696387745770465, 21.122721285510934 ] ] ] } },
{ "type": "Feature", "properties": { "difference_1990_2000": -38.0, "difference_1990_2010": -495.0, "difference_1990_2020": -673.0 }, "geometry": { "type": "Polygon", "coordinates": [ [ [ -101.696387745770465, 21.151889452712496 ], [ -101.691815272062186, 21.151889452712481 ], [ -101.691815272062186, 21.147722224213577 ], [ -101.696387745770465, 21.147722224213574 ], [ -101.696387745770465, 21.151889452712496 ] ] ] } },
{ "type": "Feature", "properties": { "difference_1990_2000": 0.0, "difference_1990_2010": 0.0, "difference_1990_2020": 14.0 }, "geometry": { "type": "Polygon", "coordinates": [ [ [ -101.696387745770465, 21.201905244525697 ], [ -101.691815272062186, 21.201905244525687 ], [ -101.691815272062186, 21.19773662305041 ], [ -101.696387745770465, 21.19773662305041 ], [ -101.696387745770465, 21.201905244525697 ] ] ] } },
{ "type": "Feature", "properties": { "difference_1990_2000": 48.0, "difference_1990_2010": 99.0, "difference_1990_2020": 139.0 }, "geometry": { "type": "Polygon", "coordinates": [ [ [ -101.687242798353921, 21.214411806799973 ], [ -101.682670324645656, 21.214411806799969 ], [ -101.682670324645656, 21.21024283636882 ], [ -101.687242798353921, 21.210242836368824 ], [ -101.687242798353921, 21.214411806799973 ] ] ] } },
{ "type": "Feature", "properties": { "difference_1990_2000": 294.0, "difference_1990_2010": 400.0, "difference_1990_2020": 397.0 }, "geometry": { "type": "Polygon", "coordinates": [ [ [ -101.687242798353921, 21.168559526099731 ], [ -101.682670324645656, 21.168559526099713 ], [ -101.682670324645656, 21.164391833781075 ], [ -101.687242798353921, 21.164391833781039 ], [ -101.687242798353921, 21.168559526099731 ] ] ] } },
{ "type": "Feature", "properties": { "difference_1990_2000": -632.0, "difference_1990_2010": -1056.0, "difference_1990_2020": -1293.0 }, "geometry": { "type": "Polygon", "coordinates": [ [ [ -101.687242798353921, 21.118554867481247 ], [ -101.682670324645656, 21.118554867481265 ], [ -101.682670324645656, 21.114388565106719 ], [ -101.687242798353921, 21.114388565106719 ], [ -101.687242798353921, 21.118554867481247 ] ] ] } },
{ "type": "Feature", "properties": { "difference_1990_2000": 16.0, "difference_1990_2010": 42.0, "difference_1990_2020": 197.0 }, "geometry": { "type": "Polygon", "coordinates": [ [ [ -101.687242798353921, 21.197736623050407 ], [ -101.682670324645656, 21.19773662305041 ], [ -101.682670324645656, 21.193568117830385 ], [ -101.687242798353921, 21.193568117830377 ], [ -101.687242798353921, 21.197736623050407 ] ] ] } },
{ "type": "Feature", "properties": { "difference_1990_2000": -176.0, "difference_1990_2010": -443.0, "difference_1990_2020": -539.0 }, "geometry": { "type": "Polygon", "coordinates": [ [ [ -101.687242798353921, 21.093558786959054 ], [ -101.682670324645656, 21.093558786959019 ], [ -101.682670324645656, 21.089393177853999 ], [ -101.687242798353921, 21.089393177853985 ], [ -101.687242798353921, 21.093558786959054 ] ] ] } },
{ "type": "Feature", "properties": { "difference_1990_2000": 293.0, "difference_1990_2010": 472.0, "difference_1990_2020": 456.0 }, "geometry": { "type": "Polygon", "coordinates": [ [ [ -101.687242798353921, 21.17272733445235 ], [ -101.682670324645656, 21.172727334452347 ], [ -101.682670324645656, 21.168559526099713 ], [ -101.687242798353921, 21.168559526099731 ], [ -101.687242798353921, 21.17272733445235 ] ] ] } },
{ "type": "Feature", "properties": { "difference_1990_2000": 144.0, "difference_1990_2010": 481.0, "difference_1990_2020": 816.0 }, "geometry": { "type": "Polygon", "coordinates": [ [ [ -101.687242798353921, 21.210242836368824 ], [ -101.682670324645656, 21.21024283636882 ], [ -101.682670324645656, 21.206073982287947 ], [ -101.687242798353921, 21.206073982287947 ], [ -101.687242798353921, 21.210242836368824 ] ] ] } },
{ "type": "Feature", "properties": { "difference_1990_2000": 161.0, "difference_1990_2010": 536.0, "difference_1990_2020": 585.0 }, "geometry": { "type": "Polygon", "coordinates": [ [ [ -101.687242798353921, 21.160224257464705 ], [ -101.682670324645656, 21.160224257464701 ], [ -101.682670324645656, 21.156056797119032 ], [ -101.687242798353921, 21.156056797119032 ], [ -101.687242798353921, 21.160224257464705 ] ] ] } },
{ "type": "Feature", "properties": { "difference_1990_2000": 0.0, "difference_1990_2010": 0.0, "difference_1990_2020": 2.0 }, "geometry": { "type": "Polygon", "coordinates": [ [ [ -101.687242798353921, 21.193568117830377 ], [ -101.682670324645656, 21.193568117830385 ], [ -101.682670324645656, 21.189399728834019 ], [ -101.687242798353921, 21.189399728834001 ], [ -101.687242798353921, 21.193568117830377 ] ] ] } },
{ "type": "Feature", "properties": { "difference_1990_2000": -375.0, "difference_1990_2010": -922.0, "difference_1990_2020": -1140.0 }, "geometry": { "type": "Polygon", "coordinates": [ [ [ -101.687242798353921, 21.097724511530267 ], [ -101.682670324645656, 21.09772451153027 ], [ -101.682670324645656, 21.093558786959019 ], [ -101.687242798353921, 21.093558786959054 ], [ -101.687242798353921, 21.097724511530267 ] ] ] } },
{ "type": "Feature", "properties": { "difference_1990_2000": -432.0, "difference_1990_2010": -928.0, "difference_1990_2020": -1181.0 }, "geometry": { "type": "Polygon", "coordinates": [ [ [ -101.687242798353921, 21.135221233846348 ], [ -101.682670324645656, 21.135221233846352 ], [ -101.682670324645656, 21.131054468661919 ], [ -101.687242798353921, 21.131054468661929 ], [ -101.687242798353921, 21.135221233846348 ] ] ] } },
{ "type": "Feature", "properties": { "difference_1990_2000": 0.0, "difference_1990_2010": 21.0, "difference_1990_2020": 23.0 }, "geometry": { "type": "Polygon", "coordinates": [ [ [ -101.687242798353921, 21.072731895466198 ], [ -101.682670324645656, 21.072731895466219 ], [ -101.682670324645656, 21.068566863220099 ], [ -101.687242798353921, 21.068566863220099 ], [ -101.687242798353921, 21.072731895466198 ] ] ] } },
{ "type": "Feature", "properties": { "difference_1990_2000": -556.0, "difference_1990_2010": -1198.0, "difference_1990_2020": -1497.0 }, "geometry": { "type": "Polygon", "coordinates": [ [ [ -101.687242798353921, 21.106056307197186 ], [ -101.682670324645656, 21.106056307197186 ], [ -101.682670324645656, 21.101890351599184 ], [ -101.687242798353921, 21.101890351599181 ], [ -101.687242798353921, 21.106056307197186 ] ] ] } },
{ "type": "Feature", "properties": { "difference_1990_2000": 1.0, "difference_1990_2010": 1.0, "difference_1990_2020": 2.0 }, "geometry": { "type": "Polygon", "coordinates": [ [ [ -101.687242798353921, 21.085227684183611 ], [ -101.682670324645656, 21.085227684183607 ], [ -101.682670324645656, 21.081062305916536 ], [ -101.687242798353921, 21.081062305916571 ], [ -101.687242798353921, 21.085227684183611 ] ] ] } },
{ "type": "Feature", "properties": { "difference_1990_2000": 31.0, "difference_1990_2010": 76.0, "difference_1990_2020": 101.0 }, "geometry": { "type": "Polygon", "coordinates": [ [ [ -101.687242798353921, 21.089393177853985 ], [ -101.682670324645656, 21.089393177853999 ], [ -101.682670324645656, 21.085227684183607 ], [ -101.687242798353921, 21.085227684183611 ], [ -101.687242798353921, 21.089393177853985 ] ] ] } },
{ "type": "Feature", "properties": { "difference_1990_2000": 0.0, "difference_1990_2010": 11.0, "difference_1990_2020": 12.0 }, "geometry": { "type": "Polygon", "coordinates": [ [ [ -101.687242798353921, 21.060237144528706 ], [ -101.682670324645656, 21.060237144528681 ], [ -101.682670324645656, 21.056072458020587 ], [ -101.687242798353921, 21.056072458020573 ], [ -101.687242798353921, 21.060237144528706 ] ] ] } },
{ "type": "Feature", "properties": { "difference_1990_2000": -684.0, "difference_1990_2010": -1327.0, "difference_1990_2020": -1631.0 }, "geometry": { "type": "Polygon", "coordinates": [ [ [ -101.687242798353921, 21.110222378355893 ], [ -101.682670324645656, 21.110222378355893 ], [ -101.682670324645656, 21.106056307197186 ], [ -101.687242798353921, 21.106056307197186 ], [ -101.687242798353921, 21.110222378355893 ] ] ] } },
{ "type": "Feature", "properties": { "difference_1990_2000": 0.0, "difference_1990_2010": 21.0, "difference_1990_2020": 23.0 }, "geometry": { "type": "Polygon", "coordinates": [ [ [ -101.687242798353921, 21.076897043021233 ], [ -101.682670324645656, 21.076897043021233 ], [ -101.682670324645656, 21.072731895466219 ], [ -101.687242798353921, 21.072731895466198 ], [ -101.687242798353921, 21.076897043021233 ] ] ] } },
{ "type": "Feature", "properties": { "difference_1990_2000": -676.0, "difference_1990_2010": -1224.0, "difference_1990_2020": -1500.0 }, "geometry": { "type": "Polygon", "coordinates": [ [ [ -101.687242798353921, 21.114388565106719 ], [ -101.682670324645656, 21.114388565106719 ], [ -101.682670324645656, 21.110222378355893 ], [ -101.687242798353921, 21.110222378355893 ], [ -101.687242798353921, 21.114388565106719 ] ] ] } },
{ "type": "Feature", "properties": { "difference_1990_2000": -482.0, "difference_1990_2010": -1104.0, "difference_1990_2020": -1382.0 }, "geometry": { "type": "Polygon", "coordinates": [ [ [ -101.687242798353921, 21.101890351599181 ], [ -101.682670324645656, 21.101890351599184 ], [ -101.682670324645656, 21.09772451153027 ], [ -101.687242798353921, 21.097724511530267 ], [ -101.687242798353921, 21.101890351599181 ] ] ] } },
{ "type": "Feature", "properties": { "difference_1990_2000": -393.0, "difference_1990_2010": -772.0, "difference_1990_2020": -977.0 }, "geometry": { "type": "Polygon", "coordinates": [ [ [ -101.687242798353921, 21.143555111590544 ], [ -101.682670324645656, 21.143555111590587 ], [ -101.682670324645656, 21.139388114812029 ], [ -101.687242798353921, 21.139388114812029 ], [ -101.687242798353921, 21.143555111590544 ] ] ] } },
{ "type": "Feature", "properties": { "difference_1990_2000": -673.0, "difference_1990_2010": -1161.0, "difference_1990_2020": -1436.0 }, "geometry": { "type": "Polygon", "coordinates": [ [ [ -101.687242798353921, 21.139388114812029 ], [ -101.682670324645656, 21.139388114812029 ], [ -101.682670324645656, 21.135221233846352 ], [ -101.687242798353921, 21.135221233846348 ], [ -101.687242798353921, 21.139388114812029 ] ] ] } },
{ "type": "Feature", "properties": { "difference_1990_2000": -754.0, "difference_1990_2010": -1089.0, "difference_1990_2020": -1202.0 }, "geometry": { "type": "Polygon", "coordinates": [ [ [ -101.687242798353921, 21.126887819227342 ], [ -101.682670324645656, 21.126887819227342 ], [ -101.682670324645656, 21.122721285510931 ], [ -101.687242798353921, 21.122721285510931 ], [ -101.687242798353921, 21.126887819227342 ] ] ] } },
{ "type": "Feature", "properties": { "difference_1990_2000": 0.0, "difference_1990_2010": 4.0, "difference_1990_2020": 5.0 }, "geometry": { "type": "Polygon", "coordinates": [ [ [ -101.687242798353921, 21.081062305916571 ], [ -101.682670324645656, 21.081062305916536 ], [ -101.682670324645656, 21.076897043021233 ], [ -101.687242798353921, 21.076897043021233 ], [ -101.687242798353921, 21.081062305916571 ] ] ] } },
{ "type": "Feature", "properties": { "difference_1990_2000": 0.0, "difference_1990_2010": 21.0, "difference_1990_2020": 23.0 }, "geometry": { "type": "Polygon", "coordinates": [ [ [ -101.687242798353921, 21.068566863220099 ], [ -101.682670324645656, 21.068566863220099 ], [ -101.682670324645656, 21.06440194625139 ], [ -101.687242798353921, 21.064401946251429 ], [ -101.687242798353921, 21.068566863220099 ] ] ] } },
{ "type": "Feature", "properties": { "difference_1990_2000": 158.0, "difference_1990_2010": 537.0, "difference_1990_2020": 569.0 }, "geometry": { "type": "Polygon", "coordinates": [ [ [ -101.687242798353921, 21.164391833781039 ], [ -101.682670324645656, 21.164391833781075 ], [ -101.682670324645656, 21.160224257464737 ], [ -101.687242798353921, 21.160224257464705 ], [ -101.687242798353921, 21.164391833781039 ] ] ] } },
{ "type": "Feature", "properties": { "difference_1990_2000": 32.0, "difference_1990_2010": 106.0, "difference_1990_2020": 206.0 }, "geometry": { "type": "Polygon", "coordinates": [ [ [ -101.687242798353921, 21.206073982287947 ], [ -101.682670324645656, 21.206073982287947 ], [ -101.682670324645656, 21.201905244525737 ], [ -101.687242798353921, 21.201905244525697 ], [ -101.687242798353921, 21.206073982287947 ] ] ] } },
{ "type": "Feature", "properties": { "difference_1990_2000": -219.0, "difference_1990_2010": -584.0, "difference_1990_2020": -751.0 }, "geometry": { "type": "Polygon", "coordinates": [ [ [ -101.687242798353921, 21.147722224213577 ], [ -101.682670324645656, 21.147722224213577 ], [ -101.682670324645656, 21.143555111590587 ], [ -101.687242798353921, 21.143555111590544 ], [ -101.687242798353921, 21.147722224213577 ] ] ] } },
{ "type": "Feature", "properties": { "difference_1990_2000": -471.0, "difference_1990_2010": -948.0, "difference_1990_2020": -1151.0 }, "geometry": { "type": "Polygon", "coordinates": [ [ [ -101.687242798353921, 21.131054468661929 ], [ -101.682670324645656, 21.131054468661919 ], [ -101.682670324645656, 21.126887819227342 ], [ -101.687242798353921, 21.126887819227342 ], [ -101.687242798353921, 21.131054468661929 ] ] ] } },
{ "type": "Feature", "properties": { "difference_1990_2000": 0.0, "difference_1990_2010": 21.0, "difference_1990_2020": 23.0 }, "geometry": { "type": "Polygon", "coordinates": [ [ [ -101.687242798353921, 21.064401946251429 ], [ -101.682670324645656, 21.06440194625139 ], [ -101.682670324645656, 21.060237144528681 ], [ -101.687242798353921, 21.060237144528706 ], [ -101.687242798353921, 21.064401946251429 ] ] ] } },
{ "type": "Feature", "properties": { "difference_1990_2000": 535.0, "difference_1990_2010": 286.0, "difference_1990_2020": 331.0 }, "geometry": { "type": "Polygon", "coordinates": [ [ [ -101.687242798353921, 21.156056797119032 ], [ -101.682670324645656, 21.156056797119032 ], [ -101.682670324645656, 21.151889452712499 ], [ -101.687242798353921, 21.151889452712538 ], [ -101.687242798353921, 21.156056797119032 ] ] ] } },
{ "type": "Feature", "properties": { "difference_1990_2000": -563.0, "difference_1990_2010": -885.0, "difference_1990_2020": -1070.0 }, "geometry": { "type": "Polygon", "coordinates": [ [ [ -101.687242798353921, 21.122721285510931 ], [ -101.682670324645656, 21.122721285510931 ], [ -101.682670324645656, 21.118554867481265 ], [ -101.687242798353921, 21.118554867481247 ], [ -101.687242798353921, 21.122721285510931 ] ] ] } },
{ "type": "Feature", "properties": { "difference_1990_2000": 0.0, "difference_1990_2010": 0.0, "difference_1990_2020": 88.0 }, "geometry": { "type": "Polygon", "coordinates": [ [ [ -101.687242798353921, 21.201905244525683 ], [ -101.682670324645656, 21.201905244525697 ], [ -101.682670324645656, 21.19773662305041 ], [ -101.687242798353921, 21.197736623050407 ], [ -101.687242798353921, 21.201905244525683 ] ] ] } },
{ "type": "Feature", "properties": { "difference_1990_2000": -89.0, "difference_1990_2010": -573.0, "difference_1990_2020": -763.0 }, "geometry": { "type": "Polygon", "coordinates": [ [ [ -101.687242798353921, 21.151889452712538 ], [ -101.682670324645656, 21.151889452712499 ], [ -101.682670324645656, 21.147722224213577 ], [ -101.687242798353921, 21.147722224213577 ], [ -101.687242798353921, 21.151889452712538 ] ] ] } },
{ "type": "Feature", "properties": { "difference_1990_2000": 0.0, "difference_1990_2010": 304.0, "difference_1990_2020": 677.0 }, "geometry": { "type": "Polygon", "coordinates": [ [ [ -101.678097850937363, 21.214411806799973 ], [ -101.673525377229083, 21.214411806799969 ], [ -101.673525377229083, 21.210242836368817 ], [ -101.678097850937363, 21.210242836368817 ], [ -101.678097850937363, 21.214411806799973 ] ] ] } },
{ "type": "Feature", "properties": { "difference_1990_2000": 685.0, "difference_1990_2010": 195.0, "difference_1990_2020": 189.0 }, "geometry": { "type": "Polygon", "coordinates": [ [ [ -101.678097850937363, 21.093558786959019 ], [ -101.673525377229083, 21.093558786959015 ], [ -101.673525377229083, 21.089393177853985 ], [ -101.678097850937363, 21.089393177853946 ], [ -101.678097850937363, 21.093558786959019 ] ] ] } },
{ "type": "Feature", "properties": { "difference_1990_2000": 562.0, "difference_1990_2010": 1318.0, "difference_1990_2020": 1325.0 }, "geometry": { "type": "Polygon", "coordinates": [ [ [ -101.678097850937363, 21.168559526099735 ], [ -101.673525377229083, 21.168559526099731 ], [ -101.673525377229083, 21.164391833781071 ], [ -101.678097850937363, 21.164391833781078 ], [ -101.678097850937363, 21.168559526099735 ] ] ] } },
{ "type": "Feature", "properties": { "difference_1990_2000": 927.0, "difference_1990_2010": 1251.0, "difference_1990_2020": 1213.0 }, "geometry": { "type": "Polygon", "coordinates": [ [ [ -101.678097850937363, 21.181063299385709 ], [ -101.673525377229083, 21.181063299385713 ], [ -101.673525377229083, 21.176895258870449 ], [ -101.678097850937363, 21.176895258870449 ], [ -101.678097850937363, 21.181063299385709 ] ] ] } },
{ "type": "Feature", "properties": { "difference_1990_2000": 495.0, "difference_1990_2010": 1272.0, "difference_1990_2020": 2055.0 }, "geometry": { "type": "Polygon", "coordinates": [ [ [ -101.678097850937363, 21.197736623050407 ], [ -101.673525377229083, 21.197736623050407 ], [ -101.673525377229083, 21.193568117830399 ], [ -101.678097850937363, 21.193568117830381 ], [ -101.678097850937363, 21.197736623050407 ] ] ] } },
{ "type": "Feature", "properties": { "difference_1990_2000": -317.0, "difference_1990_2010": -764.0, "difference_1990_2020": -954.0 }, "geometry": { "type": "Polygon", "coordinates": [ [ [ -101.678097850937363, 21.118554867481269 ], [ -101.673525377229083, 21.118554867481262 ], [ -101.673525377229083, 21.114388565106719 ], [ -101.678097850937363, 21.114388565106719 ], [ -101.678097850937363, 21.118554867481269 ] ] ] } },
{ "type": "Feature", "properties": { "difference_1990_2000": 385.0, "difference_1990_2010": 1294.0, "difference_1990_2020": 1250.0 }, "geometry": { "type": "Polygon", "coordinates": [ [ [ -101.678097850937363, 21.172727334452347 ], [ -101.673525377229083, 21.17272733445235 ], [ -101.673525377229083, 21.168559526099731 ], [ -101.678097850937363, 21.168559526099735 ], [ -101.678097850937363, 21.172727334452347 ] ] ] } },
{ "type": "Feature", "properties": { "difference_1990_2000": 637.0, "difference_1990_2010": 1127.0, "difference_1990_2020": 1674.0 }, "geometry": { "type": "Polygon", "coordinates": [ [ [ -101.678097850937363, 21.210242836368817 ], [ -101.673525377229083, 21.210242836368817 ], [ -101.673525377229083, 21.206073982287943 ], [ -101.678097850937363, 21.206073982287904 ], [ -101.678097850937363, 21.210242836368817 ] ] ] } },
{ "type": "Feature", "properties": { "difference_1990_2000": 622.0, "difference_1990_2010": 1161.0, "difference_1990_2020": 1238.0 }, "geometry": { "type": "Polygon", "coordinates": [ [ [ -101.678097850937363, 21.160224257464701 ], [ -101.673525377229083, 21.160224257464701 ], [ -101.673525377229083, 21.156056797119032 ], [ -101.678097850937363, 21.156056797119035 ], [ -101.678097850937363, 21.160224257464701 ] ] ] } },
{ "type": "Feature", "properties": { "difference_1990_2000": 357.0, "difference_1990_2010": 2071.0, "difference_1990_2020": 2620.0 }, "geometry": { "type": "Polygon", "coordinates": [ [ [ -101.678097850937363, 21.193568117830381 ], [ -101.673525377229083, 21.193568117830399 ], [ -101.673525377229083, 21.189399728834051 ], [ -101.678097850937363, 21.189399728834015 ], [ -101.678097850937363, 21.193568117830381 ] ] ] } },
{ "type": "Feature", "properties": { "difference_1990_2000": 1185.0, "difference_1990_2010": 478.0, "difference_1990_2020": 358.0 }, "geometry": { "type": "Polygon", "coordinates": [ [ [ -101.678097850937363, 21.097724511530263 ], [ -101.673525377229083, 21.097724511530263 ], [ -101.673525377229083, 21.093558786959015 ], [ -101.678097850937363, 21.093558786959019 ], [ -101.678097850937363, 21.097724511530263 ] ] ] } },
{ "type": "Feature", "properties": { "difference_1990_2000": 96.0, "difference_1990_2010": 55.0, "difference_1990_2020": 97.0 }, "geometry": { "type": "Polygon", "coordinates": [ [ [ -101.678097850937363, 21.089393177853946 ], [ -101.673525377229083, 21.089393177853985 ], [ -101.673525377229083, 21.085227684183611 ], [ -101.678097850937363, 21.085227684183611 ], [ -101.678097850937363, 21.089393177853946 ] ] ] } },
{ "type": "Feature", "properties": { "difference_1990_2000": 0.0, "difference_1990_2010": 0.0, "difference_1990_2020": 2001.0 }, "geometry": { "type": "Polygon", "coordinates": [ [ [ -101.678097850937363, 21.060237144528642 ], [ -101.673525377229083, 21.060237144528678 ], [ -101.673525377229083, 21.056072458020569 ], [ -101.678097850937363, 21.056072458020569 ], [ -101.678097850937363, 21.060237144528642 ] ] ] } },
{ "type": "Feature", "properties": { "difference_1990_2000": -1015.0, "difference_1990_2010": -1804.0, "difference_1990_2020": -2261.0 }, "geometry": { "type": "Polygon", "coordinates": [ [ [ -101.678097850937363, 21.135221233846352 ], [ -101.673525377229083, 21.135221233846362 ], [ -101.673525377229083, 21.131054468661929 ], [ -101.678097850937363, 21.131054468661937 ], [ -101.678097850937363, 21.135221233846352 ] ] ] } },
{ "type": "Feature", "properties": { "difference_1990_2000": -143.0, "difference_1990_2010": -526.0, "difference_1990_2020": -676.0 }, "geometry": { "type": "Polygon", "coordinates": [ [ [ -101.678097850937363, 21.106056307197186 ], [ -101.673525377229083, 21.106056307197182 ], [ -101.673525377229083, 21.101890351599181 ], [ -101.678097850937363, 21.101890351599181 ], [ -101.678097850937363, 21.106056307197186 ] ] ] } },
{ "type": "Feature", "properties": { "difference_1990_2000": 0.0, "difference_1990_2010": 21.0, "difference_1990_2020": 23.0 }, "geometry": { "type": "Polygon", "coordinates": [ [ [ -101.678097850937363, 21.072731895466219 ], [ -101.673525377229083, 21.072731895466216 ], [ -101.673525377229083, 21.068566863220095 ], [ -101.678097850937363, 21.068566863220095 ], [ -101.678097850937363, 21.072731895466219 ] ] ] } },
{ "type": "Feature", "properties": { "difference_1990_2000": 69.0, "difference_1990_2010": -12.0, "difference_1990_2020": 22.0 }, "geometry": { "type": "Polygon", "coordinates": [ [ [ -101.678097850937363, 21.085227684183611 ], [ -101.673525377229083, 21.085227684183611 ], [ -101.673525377229083, 21.081062305916536 ], [ -101.678097850937363, 21.081062305916518 ], [ -101.678097850937363, 21.085227684183611 ] ] ] } },
{ "type": "Feature", "properties": { "difference_1990_2000": 0.0, "difference_1990_2010": 21.0, "difference_1990_2020": 23.0 }, "geometry": { "type": "Polygon", "coordinates": [ [ [ -101.678097850937363, 21.076897043021201 ], [ -101.673525377229083, 21.076897043021201 ], [ -101.673525377229083, 21.072731895466216 ], [ -101.678097850937363, 21.072731895466219 ], [ -101.678097850937363, 21.076897043021201 ] ] ] } },
{ "type": "Feature", "properties": { "difference_1990_2000": -728.0, "difference_1990_2010": -1351.0, "difference_1990_2020": -1441.0 }, "geometry": { "type": "Polygon", "coordinates": [ [ [ -101.678097850937363, 21.110222378355896 ], [ -101.673525377229083, 21.110222378355893 ], [ -101.673525377229083, 21.106056307197182 ], [ -101.678097850937363, 21.106056307197186 ], [ -101.678097850937363, 21.110222378355896 ] ] ] } },
{ "type": "Feature", "properties": { "difference_1990_2000": -416.0, "difference_1990_2010": -896.0, "difference_1990_2020": -1062.0 }, "geometry": { "type": "Polygon", "coordinates": [ [ [ -101.678097850937363, 21.114388565106719 ], [ -101.673525377229083, 21.114388565106719 ], [ -101.673525377229083, 21.110222378355893 ], [ -101.678097850937363, 21.110222378355896 ], [ -101.678097850937363, 21.114388565106719 ] ] ] } },
{ "type": "Feature", "properties": { "difference_1990_2000": 1168.0, "difference_1990_2010": 1690.0, "difference_1990_2020": 1829.0 }, "geometry": { "type": "Polygon", "coordinates": [ [ [ -101.678097850937363, 21.185231456029626 ], [ -101.673525377229083, 21.185231456029658 ], [ -101.673525377229083, 21.181063299385713 ], [ -101.678097850937363, 21.181063299385709 ], [ -101.678097850937363, 21.185231456029626 ] ] ] } },
{ "type": "Feature", "properties": { "difference_1990_2000": 784.0, "difference_1990_2010": 37.0, "difference_1990_2020": -138.0 }, "geometry": { "type": "Polygon", "coordinates": [ [ [ -101.678097850937363, 21.101890351599181 ], [ -101.673525377229083, 21.101890351599181 ], [ -101.673525377229083, 21.097724511530263 ], [ -101.678097850937363, 21.097724511530263 ], [ -101.678097850937363, 21.101890351599181 ] ] ] } },
{ "type": "Feature", "properties": { "difference_1990_2000": 416.0, "difference_1990_2010": 1289.0, "difference_1990_2020": 1244.0 }, "geometry": { "type": "Polygon", "coordinates": [ [ [ -101.678097850937363, 21.176895258870449 ], [ -101.673525377229083, 21.176895258870449 ], [ -101.673525377229083, 21.17272733445235 ], [ -101.678097850937363, 21.172727334452347 ], [ -101.678097850937363, 21.176895258870449 ] ] ] } },
{ "type": "Feature", "properties": { "difference_1990_2000": -361.0, "difference_1990_2010": -872.0, "difference_1990_2020": -1297.0 }, "geometry": { "type": "Polygon", "coordinates": [ [ [ -101.678097850937363, 21.143555111590587 ], [ -101.673525377229083, 21.14355511159059 ], [ -101.673525377229083, 21.139388114812025 ], [ -101.678097850937363, 21.139388114812029 ], [ -101.678097850937363, 21.143555111590587 ] ] ] } },
{ "type": "Feature", "properties": { "difference_1990_2000": 13.0, "difference_1990_2010": 14.0, "difference_1990_2020": 22.0 }, "geometry": { "type": "Polygon", "coordinates": [ [ [ -101.678097850937363, 21.081062305916518 ], [ -101.673525377229083, 21.081062305916536 ], [ -101.673525377229083, 21.076897043021201 ], [ -101.678097850937363, 21.076897043021201 ], [ -101.678097850937363, 21.081062305916518 ] ] ] } },
{ "type": "Feature", "properties": { "difference_1990_2000": -950.0, "difference_1990_2010": -1650.0, "difference_1990_2020": -2091.0 }, "geometry": { "type": "Polygon", "coordinates": [ [ [ -101.678097850937363, 21.139388114812029 ], [ -101.673525377229083, 21.139388114812025 ], [ -101.673525377229083, 21.135221233846362 ], [ -101.678097850937363, 21.135221233846352 ], [ -101.678097850937363, 21.139388114812029 ] ] ] } },
{ "type": "Feature", "properties": { "difference_1990_2000": -563.0, "difference_1990_2010": -1090.0, "difference_1990_2020": -1422.0 }, "geometry": { "type": "Polygon", "coordinates": [ [ [ -101.678097850937363, 21.126887819227338 ], [ -101.673525377229083, 21.126887819227342 ], [ -101.673525377229083, 21.122721285510931 ], [ -101.678097850937363, 21.122721285510934 ], [ -101.678097850937363, 21.126887819227338 ] ] ] } },
{ "type": "Feature", "properties": { "difference_1990_2000": 0.0, "difference_1990_2010": 14.0, "difference_1990_2020": 15.0 }, "geometry": { "type": "Polygon", "coordinates": [ [ [ -101.678097850937363, 21.068566863220095 ], [ -101.673525377229083, 21.068566863220095 ], [ -101.673525377229083, 21.064401946251373 ], [ -101.678097850937363, 21.064401946251376 ], [ -101.678097850937363, 21.068566863220095 ] ] ] } },
{ "type": "Feature", "properties": { "difference_1990_2000": 910.0, "difference_1990_2010": 2564.0, "difference_1990_2020": 3011.0 }, "geometry": { "type": "Polygon", "coordinates": [ [ [ -101.678097850937363, 21.189399728834015 ], [ -101.673525377229083, 21.189399728834051 ], [ -101.673525377229083, 21.185231456029658 ], [ -101.678097850937363, 21.185231456029626 ], [ -101.678097850937363, 21.189399728834015 ] ] ] } },
{ "type": "Feature", "properties": { "difference_1990_2000": 483.0, "difference_1990_2010": 803.0, "difference_1990_2020": 1229.0 }, "geometry": { "type": "Polygon", "coordinates": [ [ [ -101.678097850937363, 21.206073982287904 ], [ -101.673525377229083, 21.206073982287943 ], [ -101.673525377229083, 21.201905244525697 ], [ -101.678097850937363, 21.201905244525737 ], [ -101.678097850937363, 21.206073982287904 ] ] ] } },
{ "type": "Feature", "properties": { "difference_1990_2000": 612.0, "difference_1990_2010": 1473.0, "difference_1990_2020": 1817.0 }, "geometry": { "type": "Polygon", "coordinates": [ [ [ -101.678097850937363, 21.164391833781078 ], [ -101.673525377229083, 21.164391833781071 ], [ -101.673525377229083, 21.160224257464733 ], [ -101.678097850937363, 21.160224257464737 ], [ -101.678097850937363, 21.164391833781078 ] ] ] } },
{ "type": "Feature", "properties": { "difference_1990_2000": -257.0, "difference_1990_2010": -416.0, "difference_1990_2020": -518.0 }, "geometry": { "type": "Polygon", "coordinates": [ [ [ -101.678097850937363, 21.147722224213577 ], [ -101.673525377229083, 21.147722224213577 ], [ -101.673525377229083, 21.14355511159059 ], [ -101.678097850937363, 21.143555111590587 ], [ -101.678097850937363, 21.147722224213577 ] ] ] } },
{ "type": "Feature", "properties": { "difference_1990_2000": 0.0, "difference_1990_2010": 1.0, "difference_1990_2020": 98.0 }, "geometry": { "type": "Polygon", "coordinates": [ [ [ -101.678097850937363, 21.064401946251376 ], [ -101.673525377229083, 21.064401946251373 ], [ -101.673525377229083, 21.060237144528678 ], [ -101.678097850937363, 21.060237144528642 ], [ -101.678097850937363, 21.064401946251376 ] ] ] } },
{ "type": "Feature", "properties": { "difference_1990_2000": -795.0, "difference_1990_2010": -1548.0, "difference_1990_2020": -1898.0 }, "geometry": { "type": "Polygon", "coordinates": [ [ [ -101.678097850937363, 21.131054468661937 ], [ -101.673525377229083, 21.131054468661929 ], [ -101.673525377229083, 21.126887819227342 ], [ -101.678097850937363, 21.126887819227338 ], [ -101.678097850937363, 21.131054468661937 ] ] ] } },
{ "type": "Feature", "properties": { "difference_1990_2000": 631.0, "difference_1990_2010": 908.0, "difference_1990_2020": 751.0 }, "geometry": { "type": "Polygon", "coordinates": [ [ [ -101.678097850937363, 21.156056797119035 ], [ -101.673525377229083, 21.156056797119032 ], [ -101.673525377229083, 21.151889452712481 ], [ -101.678097850937363, 21.151889452712499 ], [ -101.678097850937363, 21.156056797119035 ] ] ] } },
{ "type": "Feature", "properties": { "difference_1990_2000": -262.0, "difference_1990_2010": -571.0, "difference_1990_2020": -751.0 }, "geometry": { "type": "Polygon", "coordinates": [ [ [ -101.678097850937363, 21.122721285510934 ], [ -101.673525377229083, 21.122721285510931 ], [ -101.673525377229083, 21.118554867481262 ], [ -101.678097850937363, 21.118554867481269 ], [ -101.678097850937363, 21.122721285510934 ] ] ] } },
{ "type": "Feature", "properties": { "difference_1990_2000": -16.0, "difference_1990_2010": -79.0, "difference_1990_2020": -161.0 }, "geometry": { "type": "Polygon", "coordinates": [ [ [ -101.678097850937363, 21.151889452712499 ], [ -101.673525377229083, 21.151889452712481 ], [ -101.673525377229083, 21.147722224213577 ], [ -101.678097850937363, 21.147722224213577 ], [ -101.678097850937363, 21.151889452712499 ] ] ] } },
{ "type": "Feature", "properties": { "difference_1990_2000": 490.0, "difference_1990_2010": 1254.0, "difference_1990_2020": 2025.0 }, "geometry": { "type": "Polygon", "coordinates": [ [ [ -101.678097850937363, 21.201905244525683 ], [ -101.673525377229083, 21.201905244525683 ], [ -101.673525377229083, 21.197736623050407 ], [ -101.678097850937363, 21.197736623050407 ], [ -101.678097850937363, 21.201905244525683 ] ] ] } },
{ "type": "Feature", "properties": { "difference_1990_2000": 423.0, "difference_1990_2010": 2539.0, "difference_1990_2020": 2946.0 }, "geometry": { "type": "Polygon", "coordinates": [ [ [ -101.668952903520818, 21.093558786958994 ], [ -101.664380429812539, 21.093558786959012 ], [ -101.664380429812539, 21.08939317785395 ], [ -101.668952903520818, 21.08939317785395 ], [ -101.668952903520818, 21.093558786958994 ] ] ] } },
{ "type": "Feature", "properties": { "difference_1990_2000": 717.0, "difference_1990_2010": 433.0, "difference_1990_2020": 237.0 }, "geometry": { "type": "Polygon", "coordinates": [ [ [ -101.668952903520818, 21.168559526099731 ], [ -101.664380429812539, 21.168559526099735 ], [ -101.664380429812539, 21.164391833781078 ], [ -101.668952903520818, 21.164391833781075 ], [ -101.668952903520818, 21.168559526099731 ] ] ] } },
{ "type": "Feature", "properties": { "difference_1990_2000": -163.0, "difference_1990_2010": -657.0, "difference_1990_2020": -919.0 }, "geometry": { "type": "Polygon", "coordinates": [ [ [ -101.668952903520818, 21.181063299385713 ], [ -101.664380429812539, 21.181063299385709 ], [ -101.664380429812539, 21.176895258870452 ], [ -101.668952903520818, 21.176895258870452 ], [ -101.668952903520818, 21.181063299385713 ] ] ] } },
{ "type": "Feature", "properties": { "difference_1990_2000": 484.0, "difference_1990_2010": 999.0, "difference_1990_2020": 1226.0 }, "geometry": { "type": "Polygon", "coordinates": [ [ [ -101.668952903520818, 21.19773662305041 ], [ -101.664380429812539, 21.19773662305041 ], [ -101.664380429812539, 21.193568117830381 ], [ -101.668952903520818, 21.193568117830385 ], [ -101.668952903520818, 21.19773662305041 ] ] ] } },
{ "type": "Feature", "properties": { "difference_1990_2000": -106.0, "difference_1990_2010": -271.0, "difference_1990_2020": -372.0 }, "geometry": { "type": "Polygon", "coordinates": [ [ [ -101.668952903520818, 21.118554867481262 ], [ -101.664380429812539, 21.118554867481258 ], [ -101.664380429812539, 21.114388565106722 ], [ -101.668952903520818, 21.114388565106722 ], [ -101.668952903520818, 21.118554867481262 ] ] ] } },
{ "type": "Feature", "properties": { "difference_1990_2000": 141.0, "difference_1990_2010": -87.0, "difference_1990_2020": -176.0 }, "geometry": { "type": "Polygon", "coordinates": [ [ [ -101.668952903520818, 21.17272733445235 ], [ -101.664380429812539, 21.17272733445235 ], [ -101.664380429812539, 21.168559526099735 ], [ -101.668952903520818, 21.168559526099731 ], [ -101.668952903520818, 21.17272733445235 ] ] ] } },
{ "type": "Feature", "properties": { "difference_1990_2000": 179.0, "difference_1990_2010": 87.0, "difference_1990_2020": -20.0 }, "geometry": { "type": "Polygon", "coordinates": [ [ [ -101.668952903520818, 21.160224257464705 ], [ -101.664380429812539, 21.160224257464705 ], [ -101.664380429812539, 21.156056797119064 ], [ -101.668952903520818, 21.156056797119035 ], [ -101.668952903520818, 21.160224257464705 ] ] ] } },
{ "type": "Feature", "properties": { "difference_1990_2000": 564.0, "difference_1990_2010": 1840.0, "difference_1990_2020": 2078.0 }, "geometry": { "type": "Polygon", "coordinates": [ [ [ -101.668952903520818, 21.193568117830385 ], [ -101.664380429812539, 21.193568117830381 ], [ -101.664380429812539, 21.189399728834019 ], [ -101.668952903520818, 21.189399728834019 ], [ -101.668952903520818, 21.193568117830385 ] ] ] } },
{ "type": "Feature", "properties": { "difference_1990_2000": -147.0, "difference_1990_2010": 820.0, "difference_1990_2020": 993.0 }, "geometry": { "type": "Polygon", "coordinates": [ [ [ -101.668952903520818, 21.097724511530263 ], [ -101.664380429812539, 21.097724511530263 ], [ -101.664380429812539, 21.093558786959012 ], [ -101.668952903520818, 21.093558786958994 ], [ -101.668952903520818, 21.097724511530263 ] ] ] } },
{ "type": "Feature", "properties": { "difference_1990_2000": 399.0, "difference_1990_2010": 1714.0, "difference_1990_2020": 2070.0 }, "geometry": { "type": "Polygon", "coordinates": [ [ [ -101.668952903520818, 21.08939317785395 ], [ -101.664380429812539, 21.08939317785395 ], [ -101.664380429812539, 21.085227684183611 ], [ -101.668952903520818, 21.085227684183607 ], [ -101.668952903520818, 21.08939317785395 ] ] ] } },
{ "type": "Feature", "properties": { "difference_1990_2000": -172.0, "difference_1990_2010": -708.0, "difference_1990_2020": -1055.0 }, "geometry": { "type": "Polygon", "coordinates": [ [ [ -101.668952903520818, 21.135221233846348 ], [ -101.664380429812539, 21.135221233846352 ], [ -101.664380429812539, 21.131054468661922 ], [ -101.668952903520818, 21.131054468661937 ], [ -101.668952903520818, 21.135221233846348 ] ] ] } },
{ "type": "Feature", "properties": { "difference_1990_2000": -402.0, "difference_1990_2010": -1332.0, "difference_1990_2020": -1729.0 }, "geometry": { "type": "Polygon", "coordinates": [ [ [ -101.668952903520818, 21.106056307197189 ], [ -101.664380429812539, 21.106056307197182 ], [ -101.664380429812539, 21.101890351599181 ], [ -101.668952903520818, 21.101890351599181 ], [ -101.668952903520818, 21.106056307197189 ] ] ] } },
{ "type": "Feature", "properties": { "difference_1990_2000": 0.0, "difference_1990_2010": 0.0, "difference_1990_2020": 2.0 }, "geometry": { "type": "Polygon", "coordinates": [ [ [ -101.668952903520818, 21.072731895466219 ], [ -101.664380429812539, 21.072731895466195 ], [ -101.664380429812539, 21.068566863220077 ], [ -101.668952903520818, 21.068566863220095 ], [ -101.668952903520818, 21.072731895466219 ] ] ] } },
{ "type": "Feature", "properties": { "difference_1990_2000": 150.0, "difference_1990_2010": 260.0, "difference_1990_2020": 339.0 }, "geometry": { "type": "Polygon", "coordinates": [ [ [ -101.668952903520818, 21.085227684183607 ], [ -101.664380429812539, 21.085227684183611 ], [ -101.664380429812539, 21.081062305916522 ], [ -101.668952903520818, 21.081062305916539 ], [ -101.668952903520818, 21.085227684183607 ] ] ] } },
{ "type": "Feature", "properties": { "difference_1990_2000": -105.0, "difference_1990_2010": -411.0, "difference_1990_2020": -620.0 }, "geometry": { "type": "Polygon", "coordinates": [ [ [ -101.668952903520818, 21.110222378355864 ], [ -101.664380429812539, 21.110222378355893 ], [ -101.664380429812539, 21.106056307197182 ], [ -101.668952903520818, 21.106056307197189 ], [ -101.668952903520818, 21.110222378355864 ] ] ] } },
{ "type": "Feature", "properties": { "difference_1990_2000": -146.0, "difference_1990_2010": -404.0, "difference_1990_2020": -435.0 }, "geometry": { "type": "Polygon", "coordinates": [ [ [ -101.668952903520818, 21.114388565106722 ], [ -101.664380429812539, 21.114388565106722 ], [ -101.664380429812539, 21.110222378355893 ], [ -101.668952903520818, 21.110222378355864 ], [ -101.668952903520818, 21.114388565106722 ] ] ] } },
{ "type": "Feature", "properties": { "difference_1990_2000": 907.0, "difference_1990_2010": 571.0, "difference_1990_2020": 331.0 }, "geometry": { "type": "Polygon", "coordinates": [ [ [ -101.668952903520818, 21.185231456029658 ], [ -101.664380429812539, 21.185231456029626 ], [ -101.664380429812539, 21.181063299385709 ], [ -101.668952903520818, 21.181063299385713 ], [ -101.668952903520818, 21.185231456029658 ] ] ] } },
{ "type": "Feature", "properties": { "difference_1990_2000": -1811.0, "difference_1990_2010": -2500.0, "difference_1990_2020": -2686.0 }, "geometry": { "type": "Polygon", "coordinates": [ [ [ -101.668952903520818, 21.101890351599181 ], [ -101.664380429812539, 21.101890351599181 ], [ -101.664380429812539, 21.097724511530263 ], [ -101.668952903520818, 21.097724511530263 ], [ -101.668952903520818, 21.101890351599181 ] ] ] } },
{ "type": "Feature", "properties": { "difference_1990_2000": 9.0, "difference_1990_2010": -328.0, "difference_1990_2020": -399.0 }, "geometry": { "type": "Polygon", "coordinates": [ [ [ -101.668952903520818, 21.176895258870452 ], [ -101.664380429812539, 21.176895258870452 ], [ -101.664380429812539, 21.17272733445235 ], [ -101.668952903520818, 21.17272733445235 ], [ -101.668952903520818, 21.176895258870452 ] ] ] } },
{ "type": "Feature", "properties": { "difference_1990_2000": 4.0, "difference_1990_2010": -567.0, "difference_1990_2020": -927.0 }, "geometry": { "type": "Polygon", "coordinates": [ [ [ -101.668952903520818, 21.143555111590587 ], [ -101.664380429812539, 21.143555111590548 ], [ -101.664380429812539, 21.139388114812007 ], [ -101.668952903520818, 21.139388114812025 ], [ -101.668952903520818, 21.143555111590587 ] ] ] } },
{ "type": "Feature", "properties": { "difference_1990_2000": -1.0, "difference_1990_2010": -408.0, "difference_1990_2020": -764.0 }, "geometry": { "type": "Polygon", "coordinates": [ [ [ -101.668952903520818, 21.139388114812025 ], [ -101.664380429812539, 21.139388114812007 ], [ -101.664380429812539, 21.135221233846352 ], [ -101.668952903520818, 21.135221233846348 ], [ -101.668952903520818, 21.139388114812025 ] ] ] } },
{ "type": "Feature", "properties": { "difference_1990_2000": -1243.0, "difference_1990_2010": -2099.0, "difference_1990_2020": -2446.0 }, "geometry": { "type": "Polygon", "coordinates": [ [ [ -101.668952903520818, 21.126887819227345 ], [ -101.664380429812539, 21.126887819227335 ], [ -101.664380429812539, 21.122721285510949 ], [ -101.668952903520818, 21.122721285510927 ], [ -101.668952903520818, 21.126887819227345 ] ] ] } },
{ "type": "Feature", "properties": { "difference_1990_2000": 0.0, "difference_1990_2010": 0.0, "difference_1990_2020": 2.0 }, "geometry": { "type": "Polygon", "coordinates": [ [ [ -101.668952903520818, 21.068566863220095 ], [ -101.664380429812539, 21.068566863220077 ], [ -101.664380429812539, 21.064401946251376 ], [ -101.668952903520818, 21.064401946251376 ], [ -101.668952903520818, 21.068566863220095 ] ] ] } },
{ "type": "Feature", "properties": { "difference_1990_2000": 760.0, "difference_1990_2010": 1248.0, "difference_1990_2020": 1231.0 }, "geometry": { "type": "Polygon", "coordinates": [ [ [ -101.668952903520818, 21.189399728834019 ], [ -101.664380429812539, 21.189399728834019 ], [ -101.664380429812539, 21.185231456029626 ], [ -101.668952903520818, 21.185231456029658 ], [ -101.668952903520818, 21.189399728834019 ] ] ] } },
{ "type": "Feature", "properties": { "difference_1990_2000": 733.0, "difference_1990_2010": 624.0, "difference_1990_2020": 491.0 }, "geometry": { "type": "Polygon", "coordinates": [ [ [ -101.668952903520818, 21.164391833781075 ], [ -101.664380429812539, 21.164391833781078 ], [ -101.664380429812539, 21.160224257464737 ], [ -101.668952903520818, 21.160224257464705 ], [ -101.668952903520818, 21.164391833781075 ] ] ] } },
{ "type": "Feature", "properties": { "difference_1990_2000": -306.0, "difference_1990_2010": -850.0, "difference_1990_2020": -1170.0 }, "geometry": { "type": "Polygon", "coordinates": [ [ [ -101.668952903520818, 21.147722224213577 ], [ -101.664380429812539, 21.147722224213577 ], [ -101.664380429812539, 21.143555111590548 ], [ -101.668952903520818, 21.143555111590587 ], [ -101.668952903520818, 21.147722224213577 ] ] ] } },
{ "type": "Feature", "properties": { "difference_1990_2000": -1177.0, "difference_1990_2010": -2019.0, "difference_1990_2020": -2362.0 }, "geometry": { "type": "Polygon", "coordinates": [ [ [ -101.668952903520818, 21.131054468661937 ], [ -101.664380429812539, 21.131054468661922 ], [ -101.664380429812539, 21.126887819227335 ], [ -101.668952903520818, 21.126887819227345 ], [ -101.668952903520818, 21.131054468661937 ] ] ] } },
{ "type": "Feature", "properties": { "difference_1990_2000": -251.0, "difference_1990_2010": -337.0, "difference_1990_2020": -417.0 }, "geometry": { "type": "Polygon", "coordinates": [ [ [ -101.668952903520818, 21.156056797119035 ], [ -101.664380429812539, 21.156056797119064 ], [ -101.664380429812539, 21.151889452712496 ], [ -101.668952903520818, 21.151889452712503 ], [ -101.668952903520818, 21.156056797119035 ] ] ] } },
{ "type": "Feature", "properties": { "difference_1990_2000": -334.0, "difference_1990_2010": -613.0, "difference_1990_2020": -781.0 }, "geometry": { "type": "Polygon", "coordinates": [ [ [ -101.668952903520818, 21.122721285510927 ], [ -101.664380429812539, 21.122721285510949 ], [ -101.664380429812539, 21.118554867481258 ], [ -101.668952903520818, 21.118554867481262 ], [ -101.668952903520818, 21.122721285510927 ] ] ] } },
{ "type": "Feature", "properties": { "difference_1990_2000": -42.0, "difference_1990_2010": -307.0, "difference_1990_2020": -522.0 }, "geometry": { "type": "Polygon", "coordinates": [ [ [ -101.668952903520818, 21.151889452712503 ], [ -101.664380429812539, 21.151889452712496 ], [ -101.664380429812539, 21.147722224213577 ], [ -101.668952903520818, 21.147722224213577 ], [ -101.668952903520818, 21.151889452712503 ] ] ] } },
{ "type": "Feature", "properties": { "difference_1990_2000": 157.0, "difference_1990_2010": 266.0, "difference_1990_2020": 343.0 }, "geometry": { "type": "Polygon", "coordinates": [ [ [ -101.668952903520818, 21.201905244525697 ], [ -101.664380429812539, 21.201905244525697 ], [ -101.664380429812539, 21.19773662305041 ], [ -101.668952903520818, 21.19773662305041 ], [ -101.668952903520818, 21.201905244525697 ] ] ] } },
{ "type": "Feature", "properties": { "difference_1990_2000": 609.0, "difference_1990_2010": 898.0, "difference_1990_2020": 1783.0 }, "geometry": { "type": "Polygon", "coordinates": [ [ [ -101.65980795610426, 21.09355878695899 ], [ -101.655235482395994, 21.093558786959019 ], [ -101.655235482395994, 21.089393177853999 ], [ -101.65980795610426, 21.089393177853982 ], [ -101.65980795610426, 21.09355878695899 ] ] ] } },
{ "type": "Feature", "properties": { "difference_1990_2000": 571.0, "difference_1990_2010": 1797.0, "difference_1990_2020": 2823.0 }, "geometry": { "type": "Polygon", "coordinates": [ [ [ -101.65980795610426, 21.168559526099713 ], [ -101.655235482395994, 21.168559526099731 ], [ -101.655235482395994, 21.164391833781078 ], [ -101.65980795610426, 21.164391833781078 ], [ -101.65980795610426, 21.168559526099713 ] ] ] } },
{ "type": "Feature", "properties": { "difference_1990_2000": 4352.0, "difference_1990_2010": 3354.0, "difference_1990_2020": 2236.0 }, "geometry": { "type": "Polygon", "coordinates": [ [ [ -101.65980795610426, 21.181063299385709 ], [ -101.655235482395994, 21.181063299385727 ], [ -101.655235482395994, 21.176895258870452 ], [ -101.65980795610426, 21.176895258870452 ], [ -101.65980795610426, 21.181063299385709 ] ] ] } },
{ "type": "Feature", "properties": { "difference_1990_2000": -59.0, "difference_1990_2010": -133.0, "difference_1990_2020": -224.0 }, "geometry": { "type": "Polygon", "coordinates": [ [ [ -101.65980795610426, 21.118554867481262 ], [ -101.655235482395994, 21.118554867481262 ], [ -101.655235482395994, 21.114388565106761 ], [ -101.65980795610426, 21.114388565106719 ], [ -101.65980795610426, 21.118554867481262 ] ] ] } },
{ "type": "Feature", "properties": { "difference_1990_2000": 31.0, "difference_1990_2010": 822.0, "difference_1990_2020": 890.0 }, "geometry": { "type": "Polygon", "coordinates": [ [ [ -101.65980795610426, 21.172727334452343 ], [ -101.655235482395994, 21.172727334452347 ], [ -101.655235482395994, 21.168559526099731 ], [ -101.65980795610426, 21.168559526099713 ], [ -101.65980795610426, 21.172727334452343 ] ] ] } },
{ "type": "Feature", "properties": { "difference_1990_2000": 436.0, "difference_1990_2010": 855.0, "difference_1990_2020": 1227.0 }, "geometry": { "type": "Polygon", "coordinates": [ [ [ -101.65980795610426, 21.197736623050453 ], [ -101.655235482395994, 21.197736623050407 ], [ -101.655235482395994, 21.193568117830385 ], [ -101.65980795610426, 21.193568117830385 ], [ -101.65980795610426, 21.197736623050453 ] ] ] } },
{ "type": "Feature", "properties": { "difference_1990_2000": 1831.0, "difference_1990_2010": 2426.0, "difference_1990_2020": 2635.0 }, "geometry": { "type": "Polygon", "coordinates": [ [ [ -101.65980795610426, 21.193568117830385 ], [ -101.655235482395994, 21.193568117830385 ], [ -101.655235482395994, 21.189399728834015 ], [ -101.65980795610426, 21.189399728834051 ], [ -101.65980795610426, 21.193568117830385 ] ] ] } },
{ "type": "Feature", "properties": { "difference_1990_2000": 176.0, "difference_1990_2010": -235.0, "difference_1990_2020": -339.0 }, "geometry": { "type": "Polygon", "coordinates": [ [ [ -101.65980795610426, 21.135221233846305 ], [ -101.655235482395994, 21.135221233846362 ], [ -101.655235482395994, 21.131054468661933 ], [ -101.65980795610426, 21.131054468661919 ], [ -101.65980795610426, 21.135221233846305 ] ] ] } },
{ "type": "Feature", "properties": { "difference_1990_2000": 2923.0, "difference_1990_2010": 2164.0, "difference_1990_2020": 1927.0 }, "geometry": { "type": "Polygon", "coordinates": [ [ [ -101.65980795610426, 21.160224257464737 ], [ -101.655235482395994, 21.160224257464701 ], [ -101.655235482395994, 21.156056797119071 ], [ -101.65980795610426, 21.156056797119067 ], [ -101.65980795610426, 21.160224257464737 ] ] ] } },
{ "type": "Feature", "properties": { "difference_1990_2000": 376.0, "difference_1990_2010": 61.0, "difference_1990_2020": -54.0 }, "geometry": { "type": "Polygon", "coordinates": [ [ [ -101.65980795610426, 21.097724511530263 ], [ -101.655235482395994, 21.09772451153027 ], [ -101.655235482395994, 21.093558786959019 ], [ -101.65980795610426, 21.09355878695899 ], [ -101.65980795610426, 21.097724511530263 ] ] ] } },
{ "type": "Feature", "properties": { "difference_1990_2000": -15.0, "difference_1990_2010": -11.0, "difference_1990_2020": 70.0 }, "geometry": { "type": "Polygon", "coordinates": [ [ [ -101.65980795610426, 21.106056307197182 ], [ -101.655235482395994, 21.106056307197182 ], [ -101.655235482395994, 21.101890351599181 ], [ -101.65980795610426, 21.101890351599188 ], [ -101.65980795610426, 21.106056307197182 ] ] ] } },
{ "type": "Feature", "properties": { "difference_1990_2000": 822.0, "difference_1990_2010": 1993.0, "difference_1990_2020": 2451.0 }, "geometry": { "type": "Polygon", "coordinates": [ [ [ -101.65980795610426, 21.085227684183611 ], [ -101.655235482395994, 21.085227684183657 ], [ -101.655235482395994, 21.081062305916539 ], [ -101.65980795610426, 21.081062305916539 ], [ -101.65980795610426, 21.085227684183611 ] ] ] } },
{ "type": "Feature", "properties": { "difference_1990_2000": 104.0, "difference_1990_2010": 828.0, "difference_1990_2020": 2104.0 }, "geometry": { "type": "Polygon", "coordinates": [ [ [ -101.65980795610426, 21.089393177853982 ], [ -101.655235482395994, 21.089393177853999 ], [ -101.655235482395994, 21.085227684183657 ], [ -101.65980795610426, 21.085227684183611 ], [ -101.65980795610426, 21.089393177853982 ] ] ] } },
{ "type": "Feature", "properties": { "difference_1990_2000": -41.0, "difference_1990_2010": -127.0, "difference_1990_2020": -193.0 }, "geometry": { "type": "Polygon", "coordinates": [ [ [ -101.65980795610426, 21.114388565106719 ], [ -101.655235482395994, 21.114388565106761 ], [ -101.655235482395994, 21.110222378355896 ], [ -101.65980795610426, 21.11022237835591 ], [ -101.65980795610426, 21.114388565106719 ] ] ] } },
{ "type": "Feature", "properties": { "difference_1990_2000": -8.0, "difference_1990_2010": -173.0, "difference_1990_2020": -205.0 }, "geometry": { "type": "Polygon", "coordinates": [ [ [ -101.65980795610426, 21.11022237835591 ], [ -101.655235482395994, 21.110222378355896 ], [ -101.655235482395994, 21.106056307197182 ], [ -101.65980795610426, 21.106056307197182 ], [ -101.65980795610426, 21.11022237835591 ] ] ] } },
{ "type": "Feature", "properties": { "difference_1990_2000": -2.0, "difference_1990_2010": -53.0, "difference_1990_2020": -29.0 }, "geometry": { "type": "Polygon", "coordinates": [ [ [ -101.65980795610426, 21.101890351599188 ], [ -101.655235482395994, 21.101890351599181 ], [ -101.655235482395994, 21.09772451153027 ], [ -101.65980795610426, 21.097724511530263 ], [ -101.65980795610426, 21.101890351599188 ] ] ] } },
{ "type": "Feature", "properties": { "difference_1990_2000": 2.0, "difference_1990_2010": 0.0, "difference_1990_2020": 330.0 }, "geometry": { "type": "Polygon", "coordinates": [ [ [ -101.65980795610426, 21.185231456029669 ], [ -101.655235482395994, 21.185231456029658 ], [ -101.655235482395994, 21.181063299385727 ], [ -101.65980795610426, 21.181063299385709 ], [ -101.65980795610426, 21.185231456029669 ] ] ] } },
{ "type": "Feature", "properties": { "difference_1990_2000": 444.0, "difference_1990_2010": 1123.0, "difference_1990_2020": 1106.0 }, "geometry": { "type": "Polygon", "coordinates": [ [ [ -101.65980795610426, 21.176895258870452 ], [ -101.655235482395994, 21.176895258870452 ], [ -101.655235482395994, 21.172727334452347 ], [ -101.65980795610426, 21.172727334452343 ], [ -101.65980795610426, 21.176895258870452 ] ] ] } },
{ "type": "Feature", "properties": { "difference_1990_2000": 538.0, "difference_1990_2010": 278.0, "difference_1990_2020": 7.0 }, "geometry": { "type": "Polygon", "coordinates": [ [ [ -101.65980795610426, 21.143555111590587 ], [ -101.655235482395994, 21.143555111590604 ], [ -101.655235482395994, 21.139388114812064 ], [ -101.65980795610426, 21.139388114812025 ], [ -101.65980795610426, 21.143555111590587 ] ] ] } },
{ "type": "Feature", "properties": { "difference_1990_2000": 347.0, "difference_1990_2010": 841.0, "difference_1990_2020": 1034.0 }, "geometry": { "type": "Polygon", "coordinates": [ [ [ -101.65980795610426, 21.081062305916539 ], [ -101.655235482395994, 21.081062305916539 ], [ -101.655235482395994, 21.076897043021233 ], [ -101.65980795610426, 21.076897043021237 ], [ -101.65980795610426, 21.081062305916539 ] ] ] } },
{ "type": "Feature", "properties": { "difference_1990_2000": 1345.0, "difference_1990_2010": 1196.0, "difference_1990_2020": 916.0 }, "geometry": { "type": "Polygon", "coordinates": [ [ [ -101.65980795610426, 21.139388114812025 ], [ -101.655235482395994, 21.139388114812064 ], [ -101.655235482395994, 21.135221233846362 ], [ -101.65980795610426, 21.135221233846305 ], [ -101.65980795610426, 21.139388114812025 ] ] ] } },
{ "type": "Feature", "properties": { "difference_1990_2000": 173.0, "difference_1990_2010": -126.0, "difference_1990_2020": -230.0 }, "geometry": { "type": "Polygon", "coordinates": [ [ [ -101.65980795610426, 21.126887819227342 ], [ -101.655235482395994, 21.126887819227342 ], [ -101.655235482395994, 21.122721285510931 ], [ -101.65980795610426, 21.122721285510949 ], [ -101.65980795610426, 21.126887819227342 ] ] ] } },
{ "type": "Feature", "properties": { "difference_1990_2000": 1505.0, "difference_1990_2010": 1829.0, "difference_1990_2020": 2065.0 }, "geometry": { "type": "Polygon", "coordinates": [ [ [ -101.65980795610426, 21.189399728834051 ], [ -101.655235482395994, 21.189399728834015 ], [ -101.655235482395994, 21.185231456029658 ], [ -101.65980795610426, 21.185231456029669 ], [ -101.65980795610426, 21.189399728834051 ] ] ] } },
{ "type": "Feature", "properties": { "difference_1990_2000": 647.0, "difference_1990_2010": 579.0, "difference_1990_2020": 610.0 }, "geometry": { "type": "Polygon", "coordinates": [ [ [ -101.65980795610426, 21.164391833781078 ], [ -101.655235482395994, 21.164391833781078 ], [ -101.655235482395994, 21.160224257464737 ], [ -101.65980795610426, 21.160224257464748 ], [ -101.65980795610426, 21.164391833781078 ] ] ] } },
{ "type": "Feature", "properties": { "difference_1990_2000": 55.0, "difference_1990_2010": -348.0, "difference_1990_2020": -546.0 }, "geometry": { "type": "Polygon", "coordinates": [ [ [ -101.65980795610426, 21.147722224213577 ], [ -101.655235482395994, 21.147722224213574 ], [ -101.655235482395994, 21.143555111590604 ], [ -101.65980795610426, 21.143555111590587 ], [ -101.65980795610426, 21.147722224213577 ] ] ] } },
{ "type": "Feature", "properties": { "difference_1990_2000": 528.0, "difference_1990_2010": 428.0, "difference_1990_2020": 246.0 }, "geometry": { "type": "Polygon", "coordinates": [ [ [ -101.65980795610426, 21.131054468661919 ], [ -101.655235482395994, 21.131054468661933 ], [ -101.655235482395994, 21.126887819227342 ], [ -101.65980795610426, 21.126887819227342 ], [ -101.65980795610426, 21.131054468661919 ] ] ] } },
{ "type": "Feature", "properties": { "difference_1990_2000": 987.0, "difference_1990_2010": 1303.0, "difference_1990_2020": 2383.0 }, "geometry": { "type": "Polygon", "coordinates": [ [ [ -101.65980795610426, 21.156056797119067 ], [ -101.655235482395994, 21.156056797119071 ], [ -101.655235482395994, 21.151889452712496 ], [ -101.65980795610426, 21.151889452712474 ], [ -101.65980795610426, 21.156056797119067 ] ] ] } },
{ "type": "Feature", "properties": { "difference_1990_2000": 974.0, "difference_1990_2010": 1875.0, "difference_1990_2020": 1875.0 }, "geometry": { "type": "Polygon", "coordinates": [ [ [ -101.65980795610426, 21.151889452712474 ], [ -101.655235482395994, 21.151889452712496 ], [ -101.655235482395994, 21.147722224213574 ], [ -101.65980795610426, 21.147722224213577 ], [ -101.65980795610426, 21.151889452712474 ] ] ] } },
{ "type": "Feature", "properties": { "difference_1990_2000": 6.0, "difference_1990_2010": -114.0, "difference_1990_2020": -239.0 }, "geometry": { "type": "Polygon", "coordinates": [ [ [ -101.65980795610426, 21.122721285510949 ], [ -101.655235482395994, 21.122721285510931 ], [ -101.655235482395994, 21.118554867481262 ], [ -101.65980795610426, 21.118554867481262 ], [ -101.65980795610426, 21.122721285510949 ] ] ] } },
{ "type": "Feature", "properties": { "difference_1990_2000": 0.0, "difference_1990_2010": 0.0, "difference_1990_2020": 12.0 }, "geometry": { "type": "Polygon", "coordinates": [ [ [ -101.650663008687715, 21.20190524452574 ], [ -101.646090534979422, 21.201905244525697 ], [ -101.646090534979422, 21.197736623050407 ], [ -101.650663008687715, 21.197736623050407 ], [ -101.650663008687715, 21.20190524452574 ] ] ] } },
{ "type": "Feature", "properties": { "difference_1990_2000": 12.0, "difference_1990_2010": 33.0, "difference_1990_2020": -59.0 }, "geometry": { "type": "Polygon", "coordinates": [ [ [ -101.650663008687715, 21.118554867481205 ], [ -101.646090534979422, 21.118554867481262 ], [ -101.646090534979422, 21.114388565106704 ], [ -101.650663008687715, 21.114388565106719 ], [ -101.650663008687715, 21.118554867481205 ] ] ] } },
{ "type": "Feature", "properties": { "difference_1990_2000": 1342.0, "difference_1990_2010": 958.0, "difference_1990_2020": 603.0 }, "geometry": { "type": "Polygon", "coordinates": [ [ [ -101.650663008687715, 21.093558786959019 ], [ -101.646090534979422, 21.093558786958994 ], [ -101.646090534979422, 21.089393177853985 ], [ -101.650663008687715, 21.089393177853982 ], [ -101.650663008687715, 21.093558786959019 ] ] ] } },
{ "type": "Feature", "properties": { "difference_1990_2000": 517.0, "difference_1990_2010": 1672.0, "difference_1990_2020": 2085.0 }, "geometry": { "type": "Polygon", "coordinates": [ [ [ -101.650663008687715, 21.168559526099731 ], [ -101.646090534979422, 21.168559526099735 ], [ -101.646090534979422, 21.164391833781039 ], [ -101.650663008687715, 21.164391833781078 ], [ -101.650663008687715, 21.168559526099731 ] ] ] } },
{ "type": "Feature", "properties": { "difference_1990_2000": 86.0, "difference_1990_2010": 173.0, "difference_1990_2020": 207.0 }, "geometry": { "type": "Polygon", "coordinates": [ [ [ -101.650663008687715, 21.197736623050407 ], [ -101.646090534979422, 21.197736623050407 ], [ -101.646090534979422, 21.193568117830377 ], [ -101.650663008687715, 21.193568117830385 ], [ -101.650663008687715, 21.197736623050407 ] ] ] } },
{ "type": "Feature", "properties": { "difference_1990_2000": 15.0, "difference_1990_2010": 789.0, "difference_1990_2020": 1093.0 }, "geometry": { "type": "Polygon", "coordinates": [ [ [ -101.650663008687715, 21.181063299385723 ], [ -101.646090534979422, 21.181063299385674 ], [ -101.646090534979422, 21.176895258870456 ], [ -101.650663008687715, 21.176895258870452 ], [ -101.650663008687715, 21.181063299385723 ] ] ] } },
{ "type": "Feature", "properties": { "difference_1990_2000": 624.0, "difference_1990_2010": 1894.0, "difference_1990_2020": 2313.0 }, "geometry": { "type": "Polygon", "coordinates": [ [ [ -101.650663008687715, 21.172727334452347 ], [ -101.646090534979422, 21.172727334452311 ], [ -101.646090534979422, 21.168559526099735 ], [ -101.650663008687715, 21.168559526099731 ], [ -101.650663008687715, 21.172727334452347 ] ] ] } },
{ "type": "Feature", "properties": { "difference_1990_2000": 2294.0, "difference_1990_2010": 2714.0, "difference_1990_2020": 2604.0 }, "geometry": { "type": "Polygon", "coordinates": [ [ [ -101.650663008687715, 21.160224257464701 ], [ -101.646090534979422, 21.160224257464701 ], [ -101.646090534979422, 21.156056797119028 ], [ -101.650663008687715, 21.156056797119032 ], [ -101.650663008687715, 21.160224257464701 ] ] ] } },
{ "type": "Feature", "properties": { "difference_1990_2000": 169.0, "difference_1990_2010": 364.0, "difference_1990_2020": 421.0 }, "geometry": { "type": "Polygon", "coordinates": [ [ [ -101.650663008687715, 21.193568117830385 ], [ -101.646090534979422, 21.193568117830377 ], [ -101.646090534979422, 21.189399728833994 ], [ -101.650663008687715, 21.189399728834019 ], [ -101.650663008687715, 21.193568117830385 ] ] ] } },
{ "type": "Feature", "properties": { "difference_1990_2000": 1066.0, "difference_1990_2010": 757.0, "difference_1990_2020": 622.0 }, "geometry": { "type": "Polygon", "coordinates": [ [ [ -101.650663008687715, 21.097724511530267 ], [ -101.646090534979422, 21.097724511530263 ], [ -101.646090534979422, 21.093558786958994 ], [ -101.650663008687715, 21.093558786959019 ], [ -101.650663008687715, 21.097724511530267 ] ] ] } },
{ "type": "Feature", "properties": { "difference_1990_2000": 22.0, "difference_1990_2010": -535.0, "difference_1990_2020": -1367.0 }, "geometry": { "type": "Polygon", "coordinates": [ [ [ -101.650663008687715, 21.135221233846348 ], [ -101.646090534979422, 21.135221233846352 ], [ -101.646090534979422, 21.131054468661933 ], [ -101.650663008687715, 21.131054468661929 ], [ -101.650663008687715, 21.135221233846348 ] ] ] } },
{ "type": "Feature", "properties": { "difference_1990_2000": 0.0, "difference_1990_2010": 0.0, "difference_1990_2020": 1.0 }, "geometry": { "type": "Polygon", "coordinates": [ [ [ -101.650663008687715, 21.072731895466216 ], [ -101.646090534979422, 21.072731895466216 ], [ -101.646090534979422, 21.068566863220095 ], [ -101.650663008687715, 21.068566863220095 ], [ -101.650663008687715, 21.072731895466216 ] ] ] } },
{ "type": "Feature", "properties": { "difference_1990_2000": 1572.0, "difference_1990_2010": 3007.0, "difference_1990_2020": 2950.0 }, "geometry": { "type": "Polygon", "coordinates": [ [ [ -101.650663008687715, 21.085227684183611 ], [ -101.646090534979422, 21.085227684183611 ], [ -101.646090534979422, 21.081062305916539 ], [ -101.650663008687715, 21.081062305916532 ], [ -101.650663008687715, 21.085227684183611 ] ] ] } },
{ "type": "Feature", "properties": { "difference_1990_2000": 1194.0, "difference_1990_2010": 1396.0, "difference_1990_2020": 1476.0 }, "geometry": { "type": "Polygon", "coordinates": [ [ [ -101.650663008687715, 21.089393177853982 ], [ -101.646090534979422, 21.089393177853985 ], [ -101.646090534979422, 21.085227684183611 ], [ -101.650663008687715, 21.085227684183611 ], [ -101.650663008687715, 21.089393177853982 ] ] ] } },
{ "type": "Feature", "properties": { "difference_1990_2000": 109.0, "difference_1990_2010": -343.0, "difference_1990_2020": -487.0 }, "geometry": { "type": "Polygon", "coordinates": [ [ [ -101.650663008687715, 21.106056307197225 ], [ -101.646090534979422, 21.106056307197186 ], [ -101.646090534979422, 21.101890351599184 ], [ -101.650663008687715, 21.101890351599177 ], [ -101.650663008687715, 21.106056307197225 ] ] ] } },
{ "type": "Feature", "properties": { "difference_1990_2000": 252.0, "difference_1990_2010": -114.0, "difference_1990_2020": -238.0 }, "geometry": { "type": "Polygon", "coordinates": [ [ [ -101.650663008687715, 21.1102223783559 ], [ -101.646090534979422, 21.110222378355861 ], [ -101.646090534979422, 21.106056307197186 ], [ -101.650663008687715, 21.106056307197225 ], [ -101.650663008687715, 21.1102223783559 ] ] ] } },
{ "type": "Feature", "properties": { "difference_1990_2000": 1875.0, "difference_1990_2010": 2519.0, "difference_1990_2020": 2634.0 }, "geometry": { "type": "Polygon", "coordinates": [ [ [ -101.650663008687715, 21.076897043021233 ], [ -101.646090534979422, 21.076897043021233 ], [ -101.646090534979422, 21.072731895466216 ], [ -101.650663008687715, 21.072731895466216 ], [ -101.650663008687715, 21.076897043021233 ] ] ] } },
{ "type": "Feature", "properties": { "difference_1990_2000": 7.0, "difference_1990_2010": -114.0, "difference_1990_2020": -200.0 }, "geometry": { "type": "Polygon", "coordinates": [ [ [ -101.650663008687715, 21.114388565106719 ], [ -101.646090534979422, 21.114388565106704 ], [ -101.646090534979422, 21.110222378355861 ], [ -101.650663008687715, 21.1102223783559 ], [ -101.650663008687715, 21.114388565106719 ] ] ] } },
{ "type": "Feature", "properties": { "difference_1990_2000": 35.0, "difference_1990_2010": -302.0, "difference_1990_2020": -456.0 }, "geometry": { "type": "Polygon", "coordinates": [ [ [ -101.650663008687715, 21.101890351599177 ], [ -101.646090534979422, 21.101890351599184 ], [ -101.646090534979422, 21.097724511530263 ], [ -101.650663008687715, 21.097724511530267 ], [ -101.650663008687715, 21.101890351599177 ] ] ] } },
{ "type": "Feature", "properties": { "difference_1990_2000": 2.0, "difference_1990_2010": 17.0, "difference_1990_2020": 180.0 }, "geometry": { "type": "Polygon", "coordinates": [ [ [ -101.650663008687715, 21.185231456029676 ], [ -101.646090534979422, 21.185231456029658 ], [ -101.646090534979422, 21.181063299385674 ], [ -101.650663008687715, 21.181063299385723 ], [ -101.650663008687715, 21.185231456029676 ] ] ] } },
{ "type": "Feature", "properties": { "difference_1990_2000": 133.0, "difference_1990_2010": 1655.0, "difference_1990_2020": 2232.0 }, "geometry": { "type": "Polygon", "coordinates": [ [ [ -101.650663008687715, 21.176895258870452 ], [ -101.646090534979422, 21.176895258870456 ], [ -101.646090534979422, 21.172727334452311 ], [ -101.650663008687715, 21.172727334452347 ], [ -101.650663008687715, 21.176895258870452 ] ] ] } },
{ "type": "Feature", "properties": { "difference_1990_2000": 791.0, "difference_1990_2010": 579.0, "difference_1990_2020": 237.0 }, "geometry": { "type": "Polygon", "coordinates": [ [ [ -101.650663008687715, 21.143555111590604 ], [ -101.646090534979422, 21.143555111590587 ], [ -101.646090534979422, 21.139388114812029 ], [ -101.650663008687715, 21.139388114812025 ], [ -101.650663008687715, 21.143555111590604 ] ] ] } },
{ "type": "Feature", "properties": { "difference_1990_2000": 2377.0, "difference_1990_2010": 4043.0, "difference_1990_2020": 3795.0 }, "geometry": { "type": "Polygon", "coordinates": [ [ [ -101.650663008687715, 21.081062305916532 ], [ -101.646090534979422, 21.081062305916539 ], [ -101.646090534979422, 21.076897043021233 ], [ -101.650663008687715, 21.076897043021233 ], [ -101.650663008687715, 21.081062305916532 ] ] ] } },
{ "type": "Feature", "properties": { "difference_1990_2000": 1059.0, "difference_1990_2010": 849.0, "difference_1990_2020": 248.0 }, "geometry": { "type": "Polygon", "coordinates": [ [ [ -101.650663008687715, 21.139388114812025 ], [ -101.646090534979422, 21.139388114812029 ], [ -101.646090534979422, 21.135221233846352 ], [ -101.650663008687715, 21.135221233846348 ], [ -101.650663008687715, 21.139388114812025 ] ] ] } },
{ "type": "Feature", "properties": { "difference_1990_2000": 1427.0, "difference_1990_2010": 1348.0, "difference_1990_2020": 1200.0 }, "geometry": { "type": "Polygon", "coordinates": [ [ [ -101.650663008687715, 21.126887819227345 ], [ -101.646090534979422, 21.126887819227342 ], [ -101.646090534979422, 21.122721285510931 ], [ -101.650663008687715, 21.122721285510956 ], [ -101.650663008687715, 21.126887819227345 ] ] ] } },
{ "type": "Feature", "properties": { "difference_1990_2000": 0.0, "difference_1990_2010": 0.0, "difference_1990_2020": 176.0 }, "geometry": { "type": "Polygon", "coordinates": [ [ [ -101.650663008687715, 21.189399728834019 ], [ -101.646090534979422, 21.189399728833994 ], [ -101.646090534979422, 21.185231456029658 ], [ -101.650663008687715, 21.185231456029676 ], [ -101.650663008687715, 21.189399728834019 ] ] ] } },
{ "type": "Feature", "properties": { "difference_1990_2000": 1451.0, "difference_1990_2010": 2133.0, "difference_1990_2020": 2236.0 }, "geometry": { "type": "Polygon", "coordinates": [ [ [ -101.650663008687715, 21.164391833781078 ], [ -101.646090534979422, 21.164391833781039 ], [ -101.646090534979422, 21.160224257464737 ], [ -101.650663008687715, 21.160224257464737 ], [ -101.650663008687715, 21.164391833781078 ] ] ] } },
{ "type": "Feature", "properties": { "difference_1990_2000": 302.0, "difference_1990_2010": -62.0, "difference_1990_2020": -363.0 }, "geometry": { "type": "Polygon", "coordinates": [ [ [ -101.650663008687715, 21.147722224213577 ], [ -101.646090534979422, 21.147722224213577 ], [ -101.646090534979422, 21.143555111590587 ], [ -101.650663008687715, 21.143555111590604 ], [ -101.650663008687715, 21.147722224213577 ] ] ] } },
{ "type": "Feature", "properties": { "difference_1990_2000": 868.0, "difference_1990_2010": 113.0, "difference_1990_2020": -350.0 }, "geometry": { "type": "Polygon", "coordinates": [ [ [ -101.650663008687715, 21.131054468661929 ], [ -101.646090534979422, 21.131054468661933 ], [ -101.646090534979422, 21.126887819227342 ], [ -101.650663008687715, 21.126887819227345 ], [ -101.650663008687715, 21.131054468661929 ] ] ] } },
{ "type": "Feature", "properties": { "difference_1990_2000": 1321.0, "difference_1990_2010": 2344.0, "difference_1990_2020": 2282.0 }, "geometry": { "type": "Polygon", "coordinates": [ [ [ -101.650663008687715, 21.156056797119032 ], [ -101.646090534979422, 21.156056797119028 ], [ -101.646090534979422, 21.151889452712478 ], [ -101.650663008687715, 21.151889452712503 ], [ -101.650663008687715, 21.156056797119032 ] ] ] } },
{ "type": "Feature", "properties": { "difference_1990_2000": 1145.0, "difference_1990_2010": 1269.0, "difference_1990_2020": 1159.0 }, "geometry": { "type": "Polygon", "coordinates": [ [ [ -101.650663008687715, 21.122721285510956 ], [ -101.646090534979422, 21.122721285510931 ], [ -101.646090534979422, 21.118554867481262 ], [ -101.650663008687715, 21.118554867481205 ], [ -101.650663008687715, 21.122721285510956 ] ] ] } },
{ "type": "Feature", "properties": { "difference_1990_2000": 621.0, "difference_1990_2010": 333.0, "difference_1990_2020": 281.0 }, "geometry": { "type": "Polygon", "coordinates": [ [ [ -101.650663008687715, 21.151889452712503 ], [ -101.646090534979422, 21.151889452712478 ], [ -101.646090534979422, 21.147722224213577 ], [ -101.650663008687715, 21.147722224213577 ], [ -101.650663008687715, 21.151889452712503 ] ] ] } },
{ "type": "Feature", "properties": { "difference_1990_2000": 358.0, "difference_1990_2010": 524.0, "difference_1990_2020": 573.0 }, "geometry": { "type": "Polygon", "coordinates": [ [ [ -101.641518061271157, 21.093558786959015 ], [ -101.636945587562877, 21.093558786959012 ], [ -101.636945587562877, 21.089393177853982 ], [ -101.641518061271157, 21.089393177853985 ], [ -101.641518061271157, 21.093558786959015 ] ] ] } },
{ "type": "Feature", "properties": { "difference_1990_2000": 334.0, "difference_1990_2010": 1260.0, "difference_1990_2020": 1792.0 }, "geometry": { "type": "Polygon", "coordinates": [ [ [ -101.641518061271157, 21.168559526099727 ], [ -101.636945587562877, 21.168559526099731 ], [ -101.636945587562877, 21.164391833781078 ], [ -101.641518061271157, 21.164391833781092 ], [ -101.641518061271157, 21.168559526099727 ] ] ] } },
{ "type": "Feature", "properties": { "difference_1990_2000": 286.0, "difference_1990_2010": 699.0, "difference_1990_2020": 1189.0 }, "geometry": { "type": "Polygon", "coordinates": [ [ [ -101.641518061271157, 21.181063299385727 ], [ -101.636945587562877, 21.181063299385709 ], [ -101.636945587562877, 21.176895258870452 ], [ -101.641518061271157, 21.17689525887047 ], [ -101.641518061271157, 21.181063299385727 ] ] ] } },
{ "type": "Feature", "properties": { "difference_1990_2000": 144.0, "difference_1990_2010": 388.0, "difference_1990_2020": 630.0 }, "geometry": { "type": "Polygon", "coordinates": [ [ [ -101.641518061271157, 21.118554867481265 ], [ -101.636945587562877, 21.118554867481258 ], [ -101.636945587562877, 21.114388565106722 ], [ -101.641518061271157, 21.114388565106719 ], [ -101.641518061271157, 21.118554867481265 ] ] ] } },
{ "type": "Feature", "properties": { "difference_1990_2000": 727.0, "difference_1990_2010": 2338.0, "difference_1990_2020": 2770.0 }, "geometry": { "type": "Polygon", "coordinates": [ [ [ -101.641518061271157, 21.172727334452347 ], [ -101.636945587562877, 21.172727334452347 ], [ -101.636945587562877, 21.168559526099731 ], [ -101.641518061271157, 21.168559526099727 ], [ -101.641518061271157, 21.172727334452347 ] ] ] } },
{ "type": "Feature", "properties": { "difference_1990_2000": 655.0, "difference_1990_2010": 918.0, "difference_1990_2020": 964.0 }, "geometry": { "type": "Polygon", "coordinates": [ [ [ -101.641518061271157, 21.160224257464698 ], [ -101.636945587562877, 21.160224257464701 ], [ -101.636945587562877, 21.156056797119064 ], [ -101.641518061271157, 21.156056797119032 ], [ -101.641518061271157, 21.160224257464698 ] ] ] } },
{ "type": "Feature", "properties": { "difference_1990_2000": 1357.0, "difference_1990_2010": 865.0, "difference_1990_2020": 725.0 }, "geometry": { "type": "Polygon", "coordinates": [ [ [ -101.641518061271157, 21.097724511530267 ], [ -101.636945587562877, 21.097724511530259 ], [ -101.636945587562877, 21.093558786959012 ], [ -101.641518061271157, 21.093558786959015 ], [ -101.641518061271157, 21.097724511530267 ] ] ] } },
{ "type": "Feature", "properties": { "difference_1990_2000": 46.0, "difference_1990_2010": 262.0, "difference_1990_2020": 320.0 }, "geometry": { "type": "Polygon", "coordinates": [ [ [ -101.641518061271157, 21.135221233846352 ], [ -101.636945587562877, 21.135221233846362 ], [ -101.636945587562877, 21.131054468661929 ], [ -101.641518061271157, 21.131054468661954 ], [ -101.641518061271157, 21.135221233846352 ] ] ] } },
{ "type": "Feature", "properties": { "difference_1990_2000": -492.0, "difference_1990_2010": -604.0, "difference_1990_2020": -718.0 }, "geometry": { "type": "Polygon", "coordinates": [ [ [ -101.641518061271157, 21.106056307197182 ], [ -101.636945587562877, 21.106056307197225 ], [ -101.636945587562877, 21.101890351599184 ], [ -101.641518061271157, 21.101890351599181 ], [ -101.641518061271157, 21.106056307197182 ] ] ] } },
{ "type": "Feature", "properties": { "difference_1990_2000": 719.0, "difference_1990_2010": 2184.0, "difference_1990_2020": 2422.0 }, "geometry": { "type": "Polygon", "coordinates": [ [ [ -101.641518061271157, 21.085227684183611 ], [ -101.636945587562877, 21.085227684183611 ], [ -101.636945587562877, 21.081062305916568 ], [ -101.641518061271157, 21.081062305916568 ], [ -101.641518061271157, 21.085227684183611 ] ] ] } },
{ "type": "Feature", "properties": { "difference_1990_2000": 430.0, "difference_1990_2010": 963.0, "difference_1990_2020": 1017.0 }, "geometry": { "type": "Polygon", "coordinates": [ [ [ -101.641518061271157, 21.089393177853985 ], [ -101.636945587562877, 21.089393177853982 ], [ -101.636945587562877, 21.085227684183611 ], [ -101.641518061271157, 21.085227684183611 ], [ -101.641518061271157, 21.089393177853985 ] ] ] } },
{ "type": "Feature", "properties": { "difference_1990_2000": 1303.0, "difference_1990_2010": 4539.0, "difference_1990_2020": 4531.0 }, "geometry": { "type": "Polygon", "coordinates": [ [ [ -101.641518061271157, 21.072731895466255 ], [ -101.636945587562877, 21.072731895466219 ], [ -101.636945587562877, 21.068566863220092 ], [ -101.641518061271157, 21.068566863220095 ], [ -101.641518061271157, 21.072731895466255 ] ] ] } },
{ "type": "Feature", "properties": { "difference_1990_2000": 206.0, "difference_1990_2010": 344.0, "difference_1990_2020": 453.0 }, "geometry": { "type": "Polygon", "coordinates": [ [ [ -101.641518061271157, 21.110222378355893 ], [ -101.636945587562877, 21.110222378355896 ], [ -101.636945587562877, 21.106056307197225 ], [ -101.641518061271157, 21.106056307197182 ], [ -101.641518061271157, 21.110222378355893 ] ] ] } },
{ "type": "Feature", "properties": { "difference_1990_2000": 2351.0, "difference_1990_2010": 5797.0, "difference_1990_2020": 5745.0 }, "geometry": { "type": "Polygon", "coordinates": [ [ [ -101.641518061271157, 21.07689704302123 ], [ -101.636945587562877, 21.07689704302123 ], [ -101.636945587562877, 21.072731895466219 ], [ -101.641518061271157, 21.072731895466255 ], [ -101.641518061271157, 21.07689704302123 ] ] ] } },
{ "type": "Feature", "properties": { "difference_1990_2000": 246.0, "difference_1990_2010": 493.0, "difference_1990_2020": 712.0 }, "geometry": { "type": "Polygon", "coordinates": [ [ [ -101.641518061271157, 21.114388565106719 ], [ -101.636945587562877, 21.114388565106722 ], [ -101.636945587562877, 21.110222378355896 ], [ -101.641518061271157, 21.110222378355893 ], [ -101.641518061271157, 21.114388565106719 ] ] ] } },
{ "type": "Feature", "properties": { "difference_1990_2000": -230.0, "difference_1990_2010": -327.0, "difference_1990_2020": -433.0 }, "geometry": { "type": "Polygon", "coordinates": [ [ [ -101.641518061271157, 21.101890351599181 ], [ -101.636945587562877, 21.101890351599184 ], [ -101.636945587562877, 21.097724511530259 ], [ -101.641518061271157, 21.097724511530267 ], [ -101.641518061271157, 21.101890351599181 ] ] ] } },
{ "type": "Feature", "properties": { "difference_1990_2000": 0.0, "difference_1990_2010": 75.0, "difference_1990_2020": 152.0 }, "geometry": { "type": "Polygon", "coordinates": [ [ [ -101.641518061271157, 21.185231456029676 ], [ -101.636945587562877, 21.185231456029658 ], [ -101.636945587562877, 21.181063299385709 ], [ -101.641518061271157, 21.181063299385727 ], [ -101.641518061271157, 21.185231456029676 ] ] ] } },
{ "type": "Feature", "properties": { "difference_1990_2000": 1614.0, "difference_1990_2010": 2325.0, "difference_1990_2020": 2607.0 }, "geometry": { "type": "Polygon", "coordinates": [ [ [ -101.641518061271157, 21.17689525887047 ], [ -101.636945587562877, 21.176895258870452 ], [ -101.636945587562877, 21.172727334452347 ], [ -101.641518061271157, 21.172727334452347 ], [ -101.641518061271157, 21.17689525887047 ] ] ] } },
{ "type": "Feature", "properties": { "difference_1990_2000": 2139.0, "difference_1990_2010": 2562.0, "difference_1990_2020": 2510.0 }, "geometry": { "type": "Polygon", "coordinates": [ [ [ -101.641518061271157, 21.143555111590604 ], [ -101.636945587562877, 21.143555111590612 ], [ -101.636945587562877, 21.139388114812029 ], [ -101.641518061271157, 21.139388114812022 ], [ -101.641518061271157, 21.143555111590604 ] ] ] } },
{ "type": "Feature", "properties": { "difference_1990_2000": 1060.0, "difference_1990_2010": 1506.0, "difference_1990_2020": 1611.0 }, "geometry": { "type": "Polygon", "coordinates": [ [ [ -101.641518061271157, 21.139388114812022 ], [ -101.636945587562877, 21.139388114812029 ], [ -101.636945587562877, 21.135221233846362 ], [ -101.641518061271157, 21.135221233846352 ], [ -101.641518061271157, 21.139388114812022 ] ] ] } },
{ "type": "Feature", "properties": { "difference_1990_2000": 1128.0, "difference_1990_2010": 1564.0, "difference_1990_2020": 1913.0 }, "geometry": { "type": "Polygon", "coordinates": [ [ [ -101.641518061271157, 21.126887819227342 ], [ -101.636945587562877, 21.126887819227353 ], [ -101.636945587562877, 21.122721285510934 ], [ -101.641518061271157, 21.122721285510934 ], [ -101.641518061271157, 21.126887819227342 ] ] ] } },
{ "type": "Feature", "properties": { "difference_1990_2000": 1450.0, "difference_1990_2010": 4419.0, "difference_1990_2020": 4650.0 }, "geometry": { "type": "Polygon", "coordinates": [ [ [ -101.641518061271157, 21.081062305916568 ], [ -101.636945587562877, 21.081062305916568 ], [ -101.636945587562877, 21.07689704302123 ], [ -101.641518061271157, 21.07689704302123 ], [ -101.641518061271157, 21.081062305916568 ] ] ] } },
{ "type": "Feature", "properties": { "difference_1990_2000": 62.0, "difference_1990_2010": 74.0, "difference_1990_2020": 230.0 }, "geometry": { "type": "Polygon", "coordinates": [ [ [ -101.641518061271157, 21.068566863220095 ], [ -101.636945587562877, 21.068566863220092 ], [ -101.636945587562877, 21.06440194625139 ], [ -101.641518061271157, 21.064401946251426 ], [ -101.641518061271157, 21.068566863220095 ] ] ] } },
{ "type": "Feature", "properties": { "difference_1990_2000": 560.0, "difference_1990_2010": 1235.0, "difference_1990_2020": 1489.0 }, "geometry": { "type": "Polygon", "coordinates": [ [ [ -101.641518061271157, 21.164391833781092 ], [ -101.636945587562877, 21.164391833781078 ], [ -101.636945587562877, 21.160224257464737 ], [ -101.641518061271157, 21.160224257464733 ], [ -101.641518061271157, 21.164391833781092 ] ] ] } },
{ "type": "Feature", "properties": { "difference_1990_2000": 2860.0, "difference_1990_2010": 3032.0, "difference_1990_2020": 2807.0 }, "geometry": { "type": "Polygon", "coordinates": [ [ [ -101.641518061271157, 21.147722224213577 ], [ -101.636945587562877, 21.147722224213584 ], [ -101.636945587562877, 21.143555111590612 ], [ -101.641518061271157, 21.143555111590604 ], [ -101.641518061271157, 21.147722224213577 ] ] ] } },
{ "type": "Feature", "properties": { "difference_1990_2000": 537.0, "difference_1990_2010": 53.0, "difference_1990_2020": -194.0 }, "geometry": { "type": "Polygon", "coordinates": [ [ [ -101.641518061271157, 21.131054468661954 ], [ -101.636945587562877, 21.131054468661929 ], [ -101.636945587562877, 21.126887819227353 ], [ -101.641518061271157, 21.126887819227342 ], [ -101.641518061271157, 21.131054468661954 ] ] ] } },
{ "type": "Feature", "properties": { "difference_1990_2000": 659.0, "difference_1990_2010": 934.0, "difference_1990_2020": 992.0 }, "geometry": { "type": "Polygon", "coordinates": [ [ [ -101.641518061271157, 21.156056797119032 ], [ -101.636945587562877, 21.156056797119064 ], [ -101.636945587562877, 21.151889452712538 ], [ -101.641518061271157, 21.151889452712499 ], [ -101.641518061271157, 21.156056797119032 ] ] ] } },
{ "type": "Feature", "properties": { "difference_1990_2000": 261.0, "difference_1990_2010": 149.0, "difference_1990_2020": 155.0 }, "geometry": { "type": "Polygon", "coordinates": [ [ [ -101.641518061271157, 21.122721285510934 ], [ -101.636945587562877, 21.122721285510934 ], [ -101.636945587562877, 21.118554867481258 ], [ -101.641518061271157, 21.118554867481265 ], [ -101.641518061271157, 21.122721285510934 ] ] ] } },
{ "type": "Feature", "properties": { "difference_1990_2000": 2328.0, "difference_1990_2010": 2567.0, "difference_1990_2020": 2570.0 }, "geometry": { "type": "Polygon", "coordinates": [ [ [ -101.641518061271157, 21.151889452712499 ], [ -101.636945587562877, 21.151889452712538 ], [ -101.636945587562877, 21.147722224213584 ], [ -101.641518061271157, 21.147722224213577 ], [ -101.641518061271157, 21.151889452712499 ] ] ] } }
]
}
